"Step","DDPG_EQL_Pendulum-v1_19 - eval/avg_reward","DDPG_EQL_Pendulum-v1_19 - eval/avg_reward__MIN","DDPG_EQL_Pendulum-v1_19 - eval/avg_reward__MAX","DDPG_EQL_Pendulum-v1_18 - eval/avg_reward","DDPG_EQL_Pendulum-v1_18 - eval/avg_reward__MIN","DDPG_EQL_Pendulum-v1_18 - eval/avg_reward__MAX","DDPG_EQL_Pendulum-v1_17 - eval/avg_reward","DDPG_EQL_Pendulum-v1_17 - eval/avg_reward__MIN","DDPG_EQL_Pendulum-v1_17 - eval/avg_reward__MAX","DDPG_EQL_Pendulum-v1_16 - eval/avg_reward","DDPG_EQL_Pendulum-v1_16 - eval/avg_reward__MIN","DDPG_EQL_Pendulum-v1_16 - eval/avg_reward__MAX","DDPG_EQL_Pendulum-v1_15 - eval/avg_reward","DDPG_EQL_Pendulum-v1_15 - eval/avg_reward__MIN","DDPG_EQL_Pendulum-v1_15 - eval/avg_reward__MAX","DDPG_EQL_Pendulum-v1_14 - eval/avg_reward","DDPG_EQL_Pendulum-v1_14 - eval/avg_reward__MIN","DDPG_EQL_Pendulum-v1_14 - eval/avg_reward__MAX","DDPG_EQL_Pendulum-v1_13 - eval/avg_reward","DDPG_EQL_Pendulum-v1_13 - eval/avg_reward__MIN","DDPG_EQL_Pendulum-v1_13 - eval/avg_reward__MAX","DDPG_EQL_Pendulum-v1_12 - eval/avg_reward","DDPG_EQL_Pendulum-v1_12 - eval/avg_reward__MIN","DDPG_EQL_Pendulum-v1_12 - eval/avg_reward__MAX","DDPG_EQL_Pendulum-v1_11 - eval/avg_reward","DDPG_EQL_Pendulum-v1_11 - eval/avg_reward__MIN","DDPG_EQL_Pendulum-v1_11 - eval/avg_reward__MAX","DDPG_EQL_Pendulum-v1_10 - eval/avg_reward","DDPG_EQL_Pendulum-v1_10 - eval/avg_reward__MIN","DDPG_EQL_Pendulum-v1_10 - eval/avg_reward__MAX","DDPG_EQL_Pendulum-v1_9 - eval/avg_reward","DDPG_EQL_Pendulum-v1_9 - eval/avg_reward__MIN","DDPG_EQL_Pendulum-v1_9 - eval/avg_reward__MAX","DDPG_EQL_Pendulum-v1_8 - eval/avg_reward","DDPG_EQL_Pendulum-v1_8 - eval/avg_reward__MIN","DDPG_EQL_Pendulum-v1_8 - eval/avg_reward__MAX","DDPG_EQL_Pendulum-v1_7 - eval/avg_reward","DDPG_EQL_Pendulum-v1_7 - eval/avg_reward__MIN","DDPG_EQL_Pendulum-v1_7 - eval/avg_reward__MAX","DDPG_EQL_Pendulum-v1_6 - eval/avg_reward","DDPG_EQL_Pendulum-v1_6 - eval/avg_reward__MIN","DDPG_EQL_Pendulum-v1_6 - eval/avg_reward__MAX","DDPG_EQL_Pendulum-v1_5 - eval/avg_reward","DDPG_EQL_Pendulum-v1_5 - eval/avg_reward__MIN","DDPG_EQL_Pendulum-v1_5 - eval/avg_reward__MAX","DDPG_EQL_Pendulum-v1_4 - eval/avg_reward","DDPG_EQL_Pendulum-v1_4 - eval/avg_reward__MIN","DDPG_EQL_Pendulum-v1_4 - eval/avg_reward__MAX","DDPG_EQL_Pendulum-v1_3 - eval/avg_reward","DDPG_EQL_Pendulum-v1_3 - eval/avg_reward__MIN","DDPG_EQL_Pendulum-v1_3 - eval/avg_reward__MAX","DDPG_EQL_Pendulum-v1_2 - eval/avg_reward","DDPG_EQL_Pendulum-v1_2 - eval/avg_reward__MIN","DDPG_EQL_Pendulum-v1_2 - eval/avg_reward__MAX","DDPG_EQL_Pendulum-v1_1 - eval/avg_reward","DDPG_EQL_Pendulum-v1_1 - eval/avg_reward__MIN","DDPG_EQL_Pendulum-v1_1 - eval/avg_reward__MAX","DDPG_EQL_Pendulum-v1_0 - eval/avg_reward","DDPG_EQL_Pendulum-v1_0 - eval/avg_reward__MIN","DDPG_EQL_Pendulum-v1_0 - eval/avg_reward__MAX"
"0","-1401.6226261599954","-1401.6226261599954","-1401.6226261599954","-1435.930552650268","-1435.930552650268","-1435.930552650268","-1448.9737364488112","-1448.9737364488112","-1448.9737364488112","-1568.9914164926765","-1568.9914164926765","-1568.9914164926765","-1209.5689572761542","-1209.5689572761542","-1209.5689572761542","-1248.506786966152","-1248.506786966152","-1248.506786966152","-1551.8436031626215","-1551.8436031626215","-1551.8436031626215","-1076.9632882264573","-1076.9632882264573","-1076.9632882264573","-1275.2165836417412","-1275.2165836417412","-1275.2165836417412","-1452.7631073899386","-1452.7631073899386","-1452.7631073899386","-1231.4761808535611","-1231.4761808535611","-1231.4761808535611","-1227.1472525562713","-1227.1472525562713","-1227.1472525562713","-1287.533745727514","-1287.533745727514","-1287.533745727514","-1448.4177689706441","-1448.4177689706441","-1448.4177689706441","-1436.4946402293442","-1436.4946402293442","-1436.4946402293442","-1494.0380537227197","-1494.0380537227197","-1494.0380537227197","-1149.8804169778966","-1149.8804169778966","-1149.8804169778966","-1251.0188341915482","-1251.0188341915482","-1251.0188341915482","-1489.5534472957415","-1489.5534472957415","-1489.5534472957415","-1062.5954729358295","-1062.5954729358295","-1062.5954729358295"
"300","-1401.6226261599954","-1401.6226261599954","-1401.6226261599954","-1435.930552650268","-1435.930552650268","-1435.930552650268","-1448.9737364488112","-1448.9737364488112","-1448.9737364488112","-1568.9914164926765","-1568.9914164926765","-1568.9914164926765","-1209.5689572761542","-1209.5689572761542","-1209.5689572761542","-1248.506786966152","-1248.506786966152","-1248.506786966152","-1551.8436031626215","-1551.8436031626215","-1551.8436031626215","-1076.9632882264573","-1076.9632882264573","-1076.9632882264573","-1275.2165836417412","-1275.2165836417412","-1275.2165836417412","-1452.7631073899386","-1452.7631073899386","-1452.7631073899386","-1231.4761808535611","-1231.4761808535611","-1231.4761808535611","-1227.1472525562713","-1227.1472525562713","-1227.1472525562713","-1287.533745727514","-1287.533745727514","-1287.533745727514","-1448.4177689706441","-1448.4177689706441","-1448.4177689706441","-1436.4946402293442","-1436.4946402293442","-1436.4946402293442","-1494.0380537227197","-1494.0380537227197","-1494.0380537227197","-1149.8804169778966","-1149.8804169778966","-1149.8804169778966","-1251.0188341915482","-1251.0188341915482","-1251.0188341915482","-1489.5534472957415","-1489.5534472957415","-1489.5534472957415","-1062.5954729358295","-1062.5954729358295","-1062.5954729358295"
"600","-1401.6226261599954","-1401.6226261599954","-1401.6226261599954","-1435.930552650268","-1435.930552650268","-1435.930552650268","-1448.9737364488112","-1448.9737364488112","-1448.9737364488112","-1568.9914164926765","-1568.9914164926765","-1568.9914164926765","-1209.5689572761542","-1209.5689572761542","-1209.5689572761542","-1248.506786966152","-1248.506786966152","-1248.506786966152","-1551.8436031626215","-1551.8436031626215","-1551.8436031626215","-1076.9632882264573","-1076.9632882264573","-1076.9632882264573","-1275.2165836417412","-1275.2165836417412","-1275.2165836417412","-1452.7631073899386","-1452.7631073899386","-1452.7631073899386","-1231.4761808535611","-1231.4761808535611","-1231.4761808535611","-1227.1472525562713","-1227.1472525562713","-1227.1472525562713","-1287.533745727514","-1287.533745727514","-1287.533745727514","-1448.4177689706441","-1448.4177689706441","-1448.4177689706441","-1436.4946402293442","-1436.4946402293442","-1436.4946402293442","-1494.0380537227197","-1494.0380537227197","-1494.0380537227197","-1149.8804169778966","-1149.8804169778966","-1149.8804169778966","-1251.0188341915482","-1251.0188341915482","-1251.0188341915482","-1489.5534472957415","-1489.5534472957415","-1489.5534472957415","-1062.5954729358295","-1062.5954729358295","-1062.5954729358295"
"900","-1401.6226261599954","-1401.6226261599954","-1401.6226261599954","-1435.930552650268","-1435.930552650268","-1435.930552650268","-1448.9737364488112","-1448.9737364488112","-1448.9737364488112","-1568.9914164926765","-1568.9914164926765","-1568.9914164926765","-1209.5689572761542","-1209.5689572761542","-1209.5689572761542","-1248.506786966152","-1248.506786966152","-1248.506786966152","-1551.8436031626215","-1551.8436031626215","-1551.8436031626215","-1076.9632882264573","-1076.9632882264573","-1076.9632882264573","-1275.2165836417412","-1275.2165836417412","-1275.2165836417412","-1452.7631073899386","-1452.7631073899386","-1452.7631073899386","-1231.4761808535611","-1231.4761808535611","-1231.4761808535611","-1227.1472525562713","-1227.1472525562713","-1227.1472525562713","-1287.533745727514","-1287.533745727514","-1287.533745727514","-1448.4177689706441","-1448.4177689706441","-1448.4177689706441","-1436.4946402293442","-1436.4946402293442","-1436.4946402293442","-1494.0380537227197","-1494.0380537227197","-1494.0380537227197","-1149.8804169778966","-1149.8804169778966","-1149.8804169778966","-1251.0188341915482","-1251.0188341915482","-1251.0188341915482","-1489.5534472957415","-1489.5534472957415","-1489.5534472957415","-1062.5954729358295","-1062.5954729358295","-1062.5954729358295"
"1200","-1620.3310577856978","-1620.3310577856978","-1620.3310577856978","-1431.2213852736127","-1431.2213852736127","-1431.2213852736127","-1819.8859301944453","-1819.8859301944453","-1819.8859301944453","-1765.6658868272311","-1765.6658868272311","-1765.6658868272311","-1370.536664852733","-1370.536664852733","-1370.536664852733","-1717.6130638039576","-1717.6130638039576","-1717.6130638039576","-1468.4868769079033","-1468.4868769079033","-1468.4868769079033","-1612.9758523806922","-1612.9758523806922","-1612.9758523806922","-1730.179933875415","-1730.179933875415","-1730.179933875415","-1643.061736279053","-1643.061736279053","-1643.061736279053","-1625.5808325429098","-1625.5808325429098","-1625.5808325429098","-1465.431944060879","-1465.431944060879","-1465.431944060879","-1805.0574386129306","-1805.0574386129306","-1805.0574386129306","-1788.0576521252738","-1788.0576521252738","-1788.0576521252738","-1261.7144334316006","-1261.7144334316006","-1261.7144334316006","-1568.5291383032397","-1568.5291383032397","-1568.5291383032397","-1610.7454136460835","-1610.7454136460835","-1610.7454136460835","-1433.097538490751","-1433.097538490751","-1433.097538490751","-1503.0019725340976","-1503.0019725340976","-1503.0019725340976","-1565.155879133686","-1565.155879133686","-1565.155879133686"
"1500","-1465.1848877569514","-1465.1848877569514","-1465.1848877569514","-1517.8677833522934","-1517.8677833522934","-1517.8677833522934","-1579.9864046451978","-1579.9864046451978","-1579.9864046451978","-1673.1695475870742","-1673.1695475870742","-1673.1695475870742","-1435.2690495788877","-1435.2690495788877","-1435.2690495788877","-1776.6876581814226","-1776.6876581814226","-1776.6876581814226","-1532.3585060696512","-1532.3585060696512","-1532.3585060696512","-1600.7567612164542","-1600.7567612164542","-1600.7567612164542","-1553.127071965046","-1553.127071965046","-1553.127071965046","-1519.2957229105223","-1519.2957229105223","-1519.2957229105223","-1493.118570749761","-1493.118570749761","-1493.118570749761","-1481.7263129775988","-1481.7263129775988","-1481.7263129775988","-1530.7566933693731","-1530.7566933693731","-1530.7566933693731","-1547.5163170737344","-1547.5163170737344","-1547.5163170737344","-1610.4641361612378","-1610.4641361612378","-1610.4641361612378","-1492.5930303693024","-1492.5930303693024","-1492.5930303693024","-1467.3165863964427","-1467.3165863964427","-1467.3165863964427","-1690.570679891832","-1690.570679891832","-1690.570679891832","-1454.3262881611304","-1454.3262881611304","-1454.3262881611304","-1532.7871292286186","-1532.7871292286186","-1532.7871292286186"
"1800","-1470.4191287286242","-1470.4191287286242","-1470.4191287286242","-1611.9794665384773","-1611.9794665384773","-1611.9794665384773","-1516.7673891498562","-1516.7673891498562","-1516.7673891498562","-1493.167294184536","-1493.167294184536","-1493.167294184536","-1490.9966990511298","-1490.9966990511298","-1490.9966990511298","-1483.463135045874","-1483.463135045874","-1483.463135045874","-1505.839961821392","-1505.839961821392","-1505.839961821392","-1462.5936237541314","-1462.5936237541314","-1462.5936237541314","-1523.0975111494784","-1523.0975111494784","-1523.0975111494784","-1479.7347241195307","-1479.7347241195307","-1479.7347241195307","-1473.4235936140258","-1473.4235936140258","-1473.4235936140258","-1471.9999107001222","-1471.9999107001222","-1471.9999107001222","-1461.0584723081954","-1461.0584723081954","-1461.0584723081954","-1499.6505881847618","-1499.6505881847618","-1499.6505881847618","-1494.8648642460844","-1494.8648642460844","-1494.8648642460844","-1483.854935847838","-1483.854935847838","-1483.854935847838","-1484.844878579604","-1484.844878579604","-1484.844878579604","-1430.1621401148957","-1430.1621401148957","-1430.1621401148957","-1441.4168426657523","-1441.4168426657523","-1441.4168426657523","-1480.3624712549504","-1480.3624712549504","-1480.3624712549504"
"2100","-1423.3315998545033","-1423.3315998545033","-1423.3315998545033","-1491.4948239339778","-1491.4948239339778","-1491.4948239339778","-1496.8950403712813","-1496.8950403712813","-1496.8950403712813","-1480.5398324307826","-1480.5398324307826","-1480.5398324307826","-1470.2957566013522","-1470.2957566013522","-1470.2957566013522","-1471.9409166766159","-1471.9409166766159","-1471.9409166766159","-1481.092279000129","-1481.092279000129","-1481.092279000129","-1393.22067415841","-1393.22067415841","-1393.22067415841","-1489.1272246856051","-1489.1272246856051","-1489.1272246856051","-1448.655228566019","-1448.655228566019","-1448.655228566019","-1454.7774412406113","-1454.7774412406113","-1454.7774412406113","-1464.1134250386922","-1464.1134250386922","-1464.1134250386922","-1451.4694339267187","-1451.4694339267187","-1451.4694339267187","-1457.0580077508014","-1457.0580077508014","-1457.0580077508014","-1468.4573250926337","-1468.4573250926337","-1468.4573250926337","-1438.8580358267209","-1438.8580358267209","-1438.8580358267209","-1553.987817250157","-1553.987817250157","-1553.987817250157","-1436.1904420811634","-1436.1904420811634","-1436.1904420811634","-1407.8213692574589","-1407.8213692574589","-1407.8213692574589","-1473.1051996755396","-1473.1051996755396","-1473.1051996755396"
"2400","-1303.6696779066826","-1303.6696779066826","-1303.6696779066826","-1460.3738998591296","-1460.3738998591296","-1460.3738998591296","-1445.4853658414659","-1445.4853658414659","-1445.4853658414659","-1421.5619627779583","-1421.5619627779583","-1421.5619627779583","-1332.2982415338743","-1332.2982415338743","-1332.2982415338743","-1411.651110589943","-1411.651110589943","-1411.651110589943","-1393.5771523688722","-1393.5771523688722","-1393.5771523688722","-1149.3973764485963","-1149.3973764485963","-1149.3973764485963","-1307.138042848282","-1307.138042848282","-1307.138042848282","-1287.4429319291062","-1287.4429319291062","-1287.4429319291062","-1287.3016475132633","-1287.3016475132633","-1287.3016475132633","-1399.3076207665079","-1399.3076207665079","-1399.3076207665079","-1313.035839909006","-1313.035839909006","-1313.035839909006","-1331.6823405120529","-1331.6823405120529","-1331.6823405120529","-1307.559232145512","-1307.559232145512","-1307.559232145512","-1400.3103434333548","-1400.3103434333548","-1400.3103434333548","-1302.1361634933455","-1302.1361634933455","-1302.1361634933455","-1207.3257922335451","-1207.3257922335451","-1207.3257922335451","-1388.5641848952012","-1388.5641848952012","-1388.5641848952012","-1260.5658288589402","-1260.5658288589402","-1260.5658288589402"
"2700","-1207.6034213577936","-1207.6034213577936","-1207.6034213577936","-1331.6087466563908","-1331.6087466563908","-1331.6087466563908","-1295.6977181634952","-1295.6977181634952","-1295.6977181634952","-1226.0467263035675","-1226.0467263035675","-1226.0467263035675","-1128.7002796483214","-1128.7002796483214","-1128.7002796483214","-1252.704912084005","-1252.704912084005","-1252.704912084005","-1281.7374287947862","-1281.7374287947862","-1281.7374287947862","-586.4631873340232","-586.4631873340232","-586.4631873340232","-1109.6747463282777","-1109.6747463282777","-1109.6747463282777","-1196.0343958858678","-1196.0343958858678","-1196.0343958858678","-1196.5012428119167","-1196.5012428119167","-1196.5012428119167","-1129.2163607021646","-1129.2163607021646","-1129.2163607021646","-1157.238359610266","-1157.238359610266","-1157.238359610266","-1306.0561289655086","-1306.0561289655086","-1306.0561289655086","-1207.0518410385182","-1207.0518410385182","-1207.0518410385182","-1157.5879301439454","-1157.5879301439454","-1157.5879301439454","-1211.9385862925524","-1211.9385862925524","-1211.9385862925524","-1125.7349408252862","-1125.7349408252862","-1125.7349408252862","-1249.5758640371064","-1249.5758640371064","-1249.5758640371064","-1135.2895063208148","-1135.2895063208148","-1135.2895063208148"
"3000","-1146.6575427530936","-1146.6575427530936","-1146.6575427530936","-1296.9895045148508","-1296.9895045148508","-1296.9895045148508","-1222.5211196384232","-1222.5211196384232","-1222.5211196384232","-1077.4067611996013","-1077.4067611996013","-1077.4067611996013","-973.0254201031215","-973.0254201031215","-973.0254201031215","-1214.138464368815","-1214.138464368815","-1214.138464368815","-1170.6084801126083","-1170.6084801126083","-1170.6084801126083","-677.8379913318756","-677.8379913318756","-677.8379913318756","-1000.5087182161362","-1000.5087182161362","-1000.5087182161362","-1053.9278524683355","-1053.9278524683355","-1053.9278524683355","-1085.0733473025516","-1085.0733473025516","-1085.0733473025516","-1243.6046899642747","-1243.6046899642747","-1243.6046899642747","-1020.3612362839176","-1020.3612362839176","-1020.3612362839176","-1247.7140668757975","-1247.7140668757975","-1247.7140668757975","-1133.2883399598495","-1133.2883399598495","-1133.2883399598495","-944.6273942437329","-944.6273942437329","-944.6273942437329","-1159.3103514657282","-1159.3103514657282","-1159.3103514657282","-912.9971559147094","-912.9971559147094","-912.9971559147094","-1152.7204690143076","-1152.7204690143076","-1152.7204690143076","-943.6373509042587","-943.6373509042587","-943.6373509042587"
"3300","-760.3965970359237","-760.3965970359237","-760.3965970359237","-1098.0977492063084","-1098.0977492063084","-1098.0977492063084","-1080.4382659878925","-1080.4382659878925","-1080.4382659878925","-963.7690220670102","-963.7690220670102","-963.7690220670102","-681.5204877332664","-681.5204877332664","-681.5204877332664","-1080.4929625656937","-1080.4929625656937","-1080.4929625656937","-940.835066555426","-940.835066555426","-940.835066555426","-622.1008571827172","-622.1008571827172","-622.1008571827172","-508.98089004336487","-508.98089004336487","-508.98089004336487","-782.8342090398545","-782.8342090398545","-782.8342090398545","-1057.5235400484837","-1057.5235400484837","-1057.5235400484837","-1375.5981071122983","-1375.5981071122983","-1375.5981071122983","-901.6099829010616","-901.6099829010616","-901.6099829010616","-1067.430003058859","-1067.430003058859","-1067.430003058859","-1047.0326120503848","-1047.0326120503848","-1047.0326120503848","-771.3008939392765","-771.3008939392765","-771.3008939392765","-1034.6426076770983","-1034.6426076770983","-1034.6426076770983","-612.7413449358118","-612.7413449358118","-612.7413449358118","-931.0968860975752","-931.0968860975752","-931.0968860975752","-909.3099288016729","-909.3099288016729","-909.3099288016729"
"3600","-483.42412166239967","-483.42412166239967","-483.42412166239967","-893.3147311996745","-893.3147311996745","-893.3147311996745","-752.0855939475637","-752.0855939475637","-752.0855939475637","-700.7038828748352","-700.7038828748352","-700.7038828748352","-425.42492550865774","-425.42492550865774","-425.42492550865774","-1027.0921397717593","-1027.0921397717593","-1027.0921397717593","-755.8613518446552","-755.8613518446552","-755.8613518446552","-301.6267628753649","-301.6267628753649","-301.6267628753649","-273.6974537619681","-273.6974537619681","-273.6974537619681","-652.4115967012524","-652.4115967012524","-652.4115967012524","-724.8377881137824","-724.8377881137824","-724.8377881137824","-1417.1059646732294","-1417.1059646732294","-1417.1059646732294","-811.3827788983211","-811.3827788983211","-811.3827788983211","-1280.3987915489593","-1280.3987915489593","-1280.3987915489593","-790.0258297987718","-790.0258297987718","-790.0258297987718","-770.1521348145146","-770.1521348145146","-770.1521348145146","-930.7847259457725","-930.7847259457725","-930.7847259457725","-639.3586638590343","-639.3586638590343","-639.3586638590343","-807.9182955641056","-807.9182955641056","-807.9182955641056","-648.3337413849612","-648.3337413849612","-648.3337413849612"
"3900","-472.5231130310925","-472.5231130310925","-472.5231130310925","-862.7870627896793","-862.7870627896793","-862.7870627896793","-310.5421027045728","-310.5421027045728","-310.5421027045728","-292.72435239944525","-292.72435239944525","-292.72435239944525","-218.33553985236625","-218.33553985236625","-218.33553985236625","-1196.9744789521885","-1196.9744789521885","-1196.9744789521885","-1446.754396370069","-1446.754396370069","-1446.754396370069","-163.6228230704541","-163.6228230704541","-163.6228230704541","-266.8134400783655","-266.8134400783655","-266.8134400783655","-688.6311628532588","-688.6311628532588","-688.6311628532588","-245.12452838523782","-245.12452838523782","-245.12452838523782","-816.5641070892946","-816.5641070892946","-816.5641070892946","-832.3156273507351","-832.3156273507351","-832.3156273507351","-1277.1389278600839","-1277.1389278600839","-1277.1389278600839","-413.3068304464841","-413.3068304464841","-413.3068304464841","-697.1623060158155","-697.1623060158155","-697.1623060158155","-782.2989519656785","-782.2989519656785","-782.2989519656785","-221.5502297397473","-221.5502297397473","-221.5502297397473","-608.2691819932732","-608.2691819932732","-608.2691819932732","-372.750942837015","-372.750942837015","-372.750942837015"
"4200","-175.3283787199583","-175.3283787199583","-175.3283787199583","-857.1886428378708","-857.1886428378708","-857.1886428378708","-292.04390393198855","-292.04390393198855","-292.04390393198855","-284.0632431261188","-284.0632431261188","-284.0632431261188","-162.6904212996181","-162.6904212996181","-162.6904212996181","-435.0099797757525","-435.0099797757525","-435.0099797757525","-491.6105793375567","-491.6105793375567","-491.6105793375567","-160.9494688077538","-160.9494688077538","-160.9494688077538","-208.41443739489173","-208.41443739489173","-208.41443739489173","-634.7926972140876","-634.7926972140876","-634.7926972140876","-152.90002861605325","-152.90002861605325","-152.90002861605325","-180.56267552961592","-180.56267552961592","-180.56267552961592","-548.7621089470796","-548.7621089470796","-548.7621089470796","-441.24182903945757","-441.24182903945757","-441.24182903945757","-247.6074356156133","-247.6074356156133","-247.6074356156133","-515.1082354464058","-515.1082354464058","-515.1082354464058","-469.92244115083656","-469.92244115083656","-469.92244115083656","-156.94634700711117","-156.94634700711117","-156.94634700711117","-206.99913985055235","-206.99913985055235","-206.99913985055235","-420.1531822021275","-420.1531822021275","-420.1531822021275"
"4500","-147.14838631208872","-147.14838631208872","-147.14838631208872","-886.5126785066899","-886.5126785066899","-886.5126785066899","-258.1713528483088","-258.1713528483088","-258.1713528483088","-280.5549139571807","-280.5549139571807","-280.5549139571807","-157.98801911571658","-157.98801911571658","-157.98801911571658","-152.17590217271425","-152.17590217271425","-152.17590217271425","-205.2203652104043","-205.2203652104043","-205.2203652104043","-105.1494450448129","-105.1494450448129","-105.1494450448129","-177.59896036947353","-177.59896036947353","-177.59896036947353","-398.14302677346717","-398.14302677346717","-398.14302677346717","-158.31823977804336","-158.31823977804336","-158.31823977804336","-178.45338192757904","-178.45338192757904","-178.45338192757904","-522.848651402403","-522.848651402403","-522.848651402403","-382.00303145165645","-382.00303145165645","-382.00303145165645","-191.88313988046875","-191.88313988046875","-191.88313988046875","-700.0924985521774","-700.0924985521774","-700.0924985521774","-156.2325276270147","-156.2325276270147","-156.2325276270147","-126.60204324003698","-126.60204324003698","-126.60204324003698","-196.20514347007023","-196.20514347007023","-196.20514347007023","-153.13403685670167","-153.13403685670167","-153.13403685670167"
"4800","-145.23340373308173","-145.23340373308173","-145.23340373308173","-950.3396968360536","-950.3396968360536","-950.3396968360536","-257.3266152687176","-257.3266152687176","-257.3266152687176","-356.7887968317799","-356.7887968317799","-356.7887968317799","-154.80727788401109","-154.80727788401109","-154.80727788401109","-147.24390018354794","-147.24390018354794","-147.24390018354794","-220.6510717382577","-220.6510717382577","-220.6510717382577","-103.67263603817142","-103.67263603817142","-103.67263603817142","-174.79703521916957","-174.79703521916957","-174.79703521916957","-204.99914524647897","-204.99914524647897","-204.99914524647897","-151.8856395955602","-151.8856395955602","-151.8856395955602","-179.31077567431618","-179.31077567431618","-179.31077567431618","-471.3469605014443","-471.3469605014443","-471.3469605014443","-218.54638282162568","-218.54638282162568","-218.54638282162568","-213.6514924918672","-213.6514924918672","-213.6514924918672","-431.17651686373495","-431.17651686373495","-431.17651686373495","-147.68868300503954","-147.68868300503954","-147.68868300503954","-125.46824892467632","-125.46824892467632","-125.46824892467632","-187.991828136793","-187.991828136793","-187.991828136793","-125.39642721071456","-125.39642721071456","-125.39642721071456"
"5100","-144.07614513522543","-144.07614513522543","-144.07614513522543","-745.0680197300829","-745.0680197300829","-745.0680197300829","-223.81454760033506","-223.81454760033506","-223.81454760033506","-710.6409657459089","-710.6409657459089","-710.6409657459089","-153.30067867831787","-153.30067867831787","-153.30067867831787","-144.69418412998183","-144.69418412998183","-144.69418412998183","-193.07492127764326","-193.07492127764326","-193.07492127764326","-102.70191542703132","-102.70191542703132","-102.70191542703132","-175.75938768711708","-175.75938768711708","-175.75938768711708","-144.2215921402579","-144.2215921402579","-144.2215921402579","-148.65691458505415","-148.65691458505415","-148.65691458505415","-177.24505798213355","-177.24505798213355","-177.24505798213355","-157.42973499925688","-157.42973499925688","-157.42973499925688","-212.36196720994022","-212.36196720994022","-212.36196720994022","-184.86133445080293","-184.86133445080293","-184.86133445080293","-180.46742682911844","-180.46742682911844","-180.46742682911844","-149.12635488556057","-149.12635488556057","-149.12635488556057","-126.03640246661834","-126.03640246661834","-126.03640246661834","-241.90500745842255","-241.90500745842255","-241.90500745842255","-123.84566349495802","-123.84566349495802","-123.84566349495802"
"5400","-142.8719734004113","-142.8719734004113","-142.8719734004113","-779.7145524010036","-779.7145524010036","-779.7145524010036","-248.9565660777843","-248.9565660777843","-248.9565660777843","-493.1874682456475","-493.1874682456475","-493.1874682456475","-150.2403985882449","-150.2403985882449","-150.2403985882449","-143.79643561755728","-143.79643561755728","-143.79643561755728","-194.5803636137345","-194.5803636137345","-194.5803636137345","-101.44317001184677","-101.44317001184677","-101.44317001184677","-174.64222188746515","-174.64222188746515","-174.64222188746515","-140.37932269595757","-140.37932269595757","-140.37932269595757","-147.6398969071186","-147.6398969071186","-147.6398969071186","-180.20906693163116","-180.20906693163116","-180.20906693163116","-153.63116557643218","-153.63116557643218","-153.63116557643218","-212.47153122560138","-212.47153122560138","-212.47153122560138","-182.8266852365876","-182.8266852365876","-182.8266852365876","-151.3737077073877","-151.3737077073877","-151.3737077073877","-147.95371269700527","-147.95371269700527","-147.95371269700527","-126.57479613434971","-126.57479613434971","-126.57479613434971","-173.7496425270208","-173.7496425270208","-173.7496425270208","-123.84650209543767","-123.84650209543767","-123.84650209543767"
"5700","-141.94160377046106","-141.94160377046106","-141.94160377046106","-221.9558770399964","-221.9558770399964","-221.9558770399964","-221.95021447451717","-221.95021447451717","-221.95021447451717","-214.25878518865835","-214.25878518865835","-214.25878518865835","-145.85197399692873","-145.85197399692873","-145.85197399692873","-144.1113513387644","-144.1113513387644","-144.1113513387644","-191.08265839980317","-191.08265839980317","-191.08265839980317","-99.63914704441609","-99.63914704441609","-99.63914704441609","-172.28245238369732","-172.28245238369732","-172.28245238369732","-137.9526863950004","-137.9526863950004","-137.9526863950004","-200.41934836838482","-200.41934836838482","-200.41934836838482","-179.91529131175838","-179.91529131175838","-179.91529131175838","-154.4513729201252","-154.4513729201252","-154.4513729201252","-206.96511351262862","-206.96511351262862","-206.96511351262862","-177.78810485266393","-177.78810485266393","-177.78810485266393","-124.71320676639884","-124.71320676639884","-124.71320676639884","-146.86653400447156","-146.86653400447156","-146.86653400447156","-268.46534362769063","-268.46534362769063","-268.46534362769063","-252.2282573075334","-252.2282573075334","-252.2282573075334","-123.99995313146515","-123.99995313146515","-123.99995313146515"
"6000","-167.34551731478223","-167.34551731478223","-167.34551731478223","-222.45107525741872","-222.45107525741872","-222.45107525741872","-220.16877813673818","-220.16877813673818","-220.16877813673818","-213.7324314578862","-213.7324314578862","-213.7324314578862","-149.65891760241263","-149.65891760241263","-149.65891760241263","-145.68238263733434","-145.68238263733434","-145.68238263733434","-191.22673497031494","-191.22673497031494","-191.22673497031494","-100.61736792538277","-100.61736792538277","-100.61736792538277","-171.54058293940074","-171.54058293940074","-171.54058293940074","-134.03157112160457","-134.03157112160457","-134.03157112160457","-148.22055865888439","-148.22055865888439","-148.22055865888439","-174.32720975131156","-174.32720975131156","-174.32720975131156","-126.74704318499168","-126.74704318499168","-126.74704318499168","-205.27551399450522","-205.27551399450522","-205.27551399450522","-178.5403672398178","-178.5403672398178","-178.5403672398178","-125.50545652153679","-125.50545652153679","-125.50545652153679","-145.790921386898","-145.790921386898","-145.790921386898","-126.22175578972015","-126.22175578972015","-126.22175578972015","-640.4628763429856","-640.4628763429856","-640.4628763429856","-123.40533151987056","-123.40533151987056","-123.40533151987056"
"6300","-167.7804890950783","-167.7804890950783","-167.7804890950783","-198.09825518764939","-198.09825518764939","-198.09825518764939","-218.59682331337035","-218.59682331337035","-218.59682331337035","-211.57705769229113","-211.57705769229113","-211.57705769229113","-146.67182133193802","-146.67182133193802","-146.67182133193802","-143.9365434756483","-143.9365434756483","-143.9365434756483","-212.47529435701372","-212.47529435701372","-212.47529435701372","-254.38661068638802","-254.38661068638802","-254.38661068638802","-172.0732735046194","-172.0732735046194","-172.0732735046194","-125.8500179883717","-125.8500179883717","-125.8500179883717","-147.85198956199784","-147.85198956199784","-147.85198956199784","-174.5716807550541","-174.5716807550541","-174.5716807550541","-124.14689390745312","-124.14689390745312","-124.14689390745312","-203.29417035925417","-203.29417035925417","-203.29417035925417","-177.0830852114558","-177.0830852114558","-177.0830852114558","-315.45975448431966","-315.45975448431966","-315.45975448431966","-198.13085510776304","-198.13085510776304","-198.13085510776304","-126.44491127759034","-126.44491127759034","-126.44491127759034","-169.8573148725497","-169.8573148725497","-169.8573148725497","-124.17053187604188","-124.17053187604188","-124.17053187604188"
"6600","-167.35097643693592","-167.35097643693592","-167.35097643693592","-196.28376305463087","-196.28376305463087","-196.28376305463087","-219.36346267841623","-219.36346267841623","-219.36346267841623","-213.6036058245017","-213.6036058245017","-213.6036058245017","-147.84768774057773","-147.84768774057773","-147.84768774057773","-146.16072426304828","-146.16072426304828","-146.16072426304828","-214.97887034042523","-214.97887034042523","-214.97887034042523","-101.36661103087917","-101.36661103087917","-101.36661103087917","-170.96616156352962","-170.96616156352962","-170.96616156352962","-120.01465790838029","-120.01465790838029","-120.01465790838029","-148.29861302253966","-148.29861302253966","-148.29861302253966","-171.43013309090085","-171.43013309090085","-171.43013309090085","-123.51191330296395","-123.51191330296395","-123.51191330296395","-203.69676335505437","-203.69676335505437","-203.69676335505437","-353.47870331562495","-353.47870331562495","-353.47870331562495","-602.1467277209968","-602.1467277209968","-602.1467277209968","-146.85888423177505","-146.85888423177505","-146.85888423177505","-150.7703884911319","-150.7703884911319","-150.7703884911319","-169.39616068928012","-169.39616068928012","-169.39616068928012","-123.97406202859827","-123.97406202859827","-123.97406202859827"
"6900","-166.4602531822499","-166.4602531822499","-166.4602531822499","-196.3341188264413","-196.3341188264413","-196.3341188264413","-222.67261277480424","-222.67261277480424","-222.67261277480424","-212.9962741782445","-212.9962741782445","-212.9962741782445","-145.64409611053637","-145.64409611053637","-145.64409611053637","-143.93761034181338","-143.93761034181338","-143.93761034181338","-311.91052614258064","-311.91052614258064","-311.91052614258064","-99.99978926780554","-99.99978926780554","-99.99978926780554","-171.01545297902265","-171.01545297902265","-171.01545297902265","-122.37224000414714","-122.37224000414714","-122.37224000414714","-147.4237150521969","-147.4237150521969","-147.4237150521969","-172.22799596999084","-172.22799596999084","-172.22799596999084","-124.1084973585752","-124.1084973585752","-124.1084973585752","-205.20922559850789","-205.20922559850789","-205.20922559850789","-179.1629905242152","-179.1629905242152","-179.1629905242152","-124.01195479134897","-124.01195479134897","-124.01195479134897","-145.91009083087312","-145.91009083087312","-145.91009083087312","-123.80770011968302","-123.80770011968302","-123.80770011968302","-168.80078084475454","-168.80078084475454","-168.80078084475454","-124.56210716416294","-124.56210716416294","-124.56210716416294"
"7200","-143.25031707239583","-143.25031707239583","-143.25031707239583","-195.4504377065842","-195.4504377065842","-195.4504377065842","-251.5872616211198","-251.5872616211198","-251.5872616211198","-214.96565114634404","-214.96565114634404","-214.96565114634404","-145.84985930211457","-145.84985930211457","-145.84985930211457","-142.9425367839806","-142.9425367839806","-142.9425367839806","-341.8268060409111","-341.8268060409111","-341.8268060409111","-98.87296549072752","-98.87296549072752","-98.87296549072752","-171.1083484813554","-171.1083484813554","-171.1083484813554","-147.36689483894378","-147.36689483894378","-147.36689483894378","-146.93482766672275","-146.93482766672275","-146.93482766672275","-170.1862796055932","-170.1862796055932","-170.1862796055932","-640.5947479627704","-640.5947479627704","-640.5947479627704","-204.38510458480272","-204.38510458480272","-204.38510458480272","-175.7746401946286","-175.7746401946286","-175.7746401946286","-123.4048977914927","-123.4048977914927","-123.4048977914927","-331.65717835427097","-331.65717835427097","-331.65717835427097","-229.35188356551544","-229.35188356551544","-229.35188356551544","-167.75596485225614","-167.75596485225614","-167.75596485225614","-390.6146881849553","-390.6146881849553","-390.6146881849553"
"7500","-143.68626690545673","-143.68626690545673","-143.68626690545673","-196.846700827172","-196.846700827172","-196.846700827172","-227.20904498719656","-227.20904498719656","-227.20904498719656","-215.30050468603866","-215.30050468603866","-215.30050468603866","-145.48350737986942","-145.48350737986942","-145.48350737986942","-142.28749839603097","-142.28749839603097","-142.28749839603097","-201.01093653075503","-201.01093653075503","-201.01093653075503","-125.27415755442387","-125.27415755442387","-125.27415755442387","-170.6210822994314","-170.6210822994314","-170.6210822994314","-124.09180552073501","-124.09180552073501","-124.09180552073501","-146.99917945753333","-146.99917945753333","-146.99917945753333","-170.8001441912162","-170.8001441912162","-170.8001441912162","-685.9288528129539","-685.9288528129539","-685.9288528129539","-205.81193005779284","-205.81193005779284","-205.81193005779284","-175.6580313011533","-175.6580313011533","-175.6580313011533","-123.11014067451963","-123.11014067451963","-123.11014067451963","-144.4774695518544","-144.4774695518544","-144.4774695518544","-177.01402499234433","-177.01402499234433","-177.01402499234433","-169.10195380747984","-169.10195380747984","-169.10195380747984","-124.35473872724405","-124.35473872724405","-124.35473872724405"
"7800","-143.91983620466925","-143.91983620466925","-143.91983620466925","-192.60785382292835","-192.60785382292835","-192.60785382292835","-227.88041627442618","-227.88041627442618","-227.88041627442618","-216.39611381843642","-216.39611381843642","-216.39611381843642","-144.75564072533848","-144.75564072533848","-144.75564072533848","-143.35675463619407","-143.35675463619407","-143.35675463619407","-243.7744351020488","-243.7744351020488","-243.7744351020488","-99.00435676184844","-99.00435676184844","-99.00435676184844","-170.92880560502292","-170.92880560502292","-170.92880560502292","-124.6048651647877","-124.6048651647877","-124.6048651647877","-147.4990465400658","-147.4990465400658","-147.4990465400658","-170.87464381683148","-170.87464381683148","-170.87464381683148","-685.3387377729897","-685.3387377729897","-685.3387377729897","-203.42342083567667","-203.42342083567667","-203.42342083567667","-175.17478930440456","-175.17478930440456","-175.17478930440456","-145.81207817045123","-145.81207817045123","-145.81207817045123","-354.3716042322709","-354.3716042322709","-354.3716042322709","-176.0340361720817","-176.0340361720817","-176.0340361720817","-273.4303861362476","-273.4303861362476","-273.4303861362476","-124.4229722728107","-124.4229722728107","-124.4229722728107"
"8100","-144.44246053170437","-144.44246053170437","-144.44246053170437","-194.0771730784768","-194.0771730784768","-194.0771730784768","-228.81170075889554","-228.81170075889554","-228.81170075889554","-216.86748241210609","-216.86748241210609","-216.86748241210609","-145.10443407160432","-145.10443407160432","-145.10443407160432","-143.13176273991132","-143.13176273991132","-143.13176273991132","-191.00073927709403","-191.00073927709403","-191.00073927709403","-98.72879474099648","-98.72879474099648","-98.72879474099648","-171.02815488245074","-171.02815488245074","-171.02815488245074","-123.88689080592812","-123.88689080592812","-123.88689080592812","-147.6859928842532","-147.6859928842532","-147.6859928842532","-171.15412835256976","-171.15412835256976","-171.15412835256976","-638.9102908810343","-638.9102908810343","-638.9102908810343","-205.16673882428495","-205.16673882428495","-205.16673882428495","-172.9205784299126","-172.9205784299126","-172.9205784299126","-146.21439239418305","-146.21439239418305","-146.21439239418305","-396.74825669018105","-396.74825669018105","-396.74825669018105","-123.1106096610832","-123.1106096610832","-123.1106096610832","-332.4374476024492","-332.4374476024492","-332.4374476024492","-282.1909699289175","-282.1909699289175","-282.1909699289175"
"8400","-144.18071700159098","-144.18071700159098","-144.18071700159098","-195.76358373399293","-195.76358373399293","-195.76358373399293","-231.5181470848816","-231.5181470848816","-231.5181470848816","-218.65343826934196","-218.65343826934196","-218.65343826934196","-145.20518056879342","-145.20518056879342","-145.20518056879342","-143.99032638730526","-143.99032638730526","-143.99032638730526","-192.2351436142148","-192.2351436142148","-192.2351436142148","-98.74784301105447","-98.74784301105447","-98.74784301105447","-170.81788936727781","-170.81788936727781","-170.81788936727781","-125.7427944714645","-125.7427944714645","-125.7427944714645","-148.5433104222681","-148.5433104222681","-148.5433104222681","-172.14256130135357","-172.14256130135357","-172.14256130135357","-638.6116472807806","-638.6116472807806","-638.6116472807806","-281.9944619391721","-281.9944619391721","-281.9944619391721","-173.7956402435022","-173.7956402435022","-173.7956402435022","-120.69610060643853","-120.69610060643853","-120.69610060643853","-144.42604790977992","-144.42604790977992","-144.42604790977992","-148.97550117989513","-148.97550117989513","-148.97550117989513","-171.31778670238123","-171.31778670238123","-171.31778670238123","-202.2381204138094","-202.2381204138094","-202.2381204138094"
"8700","-143.7528736099991","-143.7528736099991","-143.7528736099991","-192.55941737958878","-192.55941737958878","-192.55941737958878","-232.23917418090355","-232.23917418090355","-232.23917418090355","-218.72024666231414","-218.72024666231414","-218.72024666231414","-146.58815850045812","-146.58815850045812","-146.58815850045812","-145.5711228312868","-145.5711228312868","-145.5711228312868","-191.8338666963518","-191.8338666963518","-191.8338666963518","-99.32147676716292","-99.32147676716292","-99.32147676716292","-170.11101394555573","-170.11101394555573","-170.11101394555573","-122.76660910117604","-122.76660910117604","-122.76660910117604","-147.31548183867798","-147.31548183867798","-147.31548183867798","-172.3093314490851","-172.3093314490851","-172.3093314490851","-124.05697408943315","-124.05697408943315","-124.05697408943315","-233.34348237799162","-233.34348237799162","-233.34348237799162","-176.12885666463487","-176.12885666463487","-176.12885666463487","-121.46291618043094","-121.46291618043094","-121.46291618043094","-144.62423760697922","-144.62423760697922","-144.62423760697922","-553.9247082673282","-553.9247082673282","-553.9247082673282","-172.02044662822078","-172.02044662822078","-172.02044662822078","-124.50475011333876","-124.50475011333876","-124.50475011333876"
"9000","-143.3795168982404","-143.3795168982404","-143.3795168982404","-191.8347357769456","-191.8347357769456","-191.8347357769456","-233.04780827483037","-233.04780827483037","-233.04780827483037","-218.46008078491076","-218.46008078491076","-218.46008078491076","-146.3713894790541","-146.3713894790541","-146.3713894790541","-145.04048252571707","-145.04048252571707","-145.04048252571707","-192.30683585272666","-192.30683585272666","-192.30683585272666","-98.13459621980458","-98.13459621980458","-98.13459621980458","-169.89767393702033","-169.89767393702033","-169.89767393702033","-122.70531167192738","-122.70531167192738","-122.70531167192738","-146.9924712798327","-146.9924712798327","-146.9924712798327","-170.1545692509968","-170.1545692509968","-170.1545692509968","-123.83454832747111","-123.83454832747111","-123.83454832747111","-208.10678534160706","-208.10678534160706","-208.10678534160706","-174.82825165928688","-174.82825165928688","-174.82825165928688","-121.41570493825486","-121.41570493825486","-121.41570493825486","-143.1109621882518","-143.1109621882518","-143.1109621882518","-174.3739423849403","-174.3739423849403","-174.3739423849403","-389.4515113397794","-389.4515113397794","-389.4515113397794","-123.95310393385782","-123.95310393385782","-123.95310393385782"
"9300","-144.4554638571977","-144.4554638571977","-144.4554638571977","-191.77073617386844","-191.77073617386844","-191.77073617386844","-226.3317778910511","-226.3317778910511","-226.3317778910511","-217.6423114785693","-217.6423114785693","-217.6423114785693","-149.06751601606828","-149.06751601606828","-149.06751601606828","-143.48938695859903","-143.48938695859903","-143.48938695859903","-193.7473289758406","-193.7473289758406","-193.7473289758406","-98.00029407278552","-98.00029407278552","-98.00029407278552","-169.77333455571502","-169.77333455571502","-169.77333455571502","-124.89439677341272","-124.89439677341272","-124.89439677341272","-146.8670394872242","-146.8670394872242","-146.8670394872242","-170.57819630162354","-170.57819630162354","-170.57819630162354","-124.83443079925803","-124.83443079925803","-124.83443079925803","-289.6780789317244","-289.6780789317244","-289.6780789317244","-174.85322236955363","-174.85322236955363","-174.85322236955363","-121.22713956012296","-121.22713956012296","-121.22713956012296","-143.01813000838212","-143.01813000838212","-143.01813000838212","-120.62433416869405","-120.62433416869405","-120.62433416869405","-490.4995965659574","-490.4995965659574","-490.4995965659574","-124.27240027051084","-124.27240027051084","-124.27240027051084"
"9600","-144.1187040351636","-144.1187040351636","-144.1187040351636","-216.092305577657","-216.092305577657","-216.092305577657","-227.08850278333998","-227.08850278333998","-227.08850278333998","-218.27486000350578","-218.27486000350578","-218.27486000350578","-149.64608902385436","-149.64608902385436","-149.64608902385436","-143.38234957233118","-143.38234957233118","-143.38234957233118","-191.0748314792416","-191.0748314792416","-191.0748314792416","-97.82410445222115","-97.82410445222115","-97.82410445222115","-169.92249422631548","-169.92249422631548","-169.92249422631548","-131.17752311704953","-131.17752311704953","-131.17752311704953","-146.68731247366856","-146.68731247366856","-146.68731247366856","-170.23284819587334","-170.23284819587334","-170.23284819587334","-123.76973165338279","-123.76973165338279","-123.76973165338279","-255.15892938119936","-255.15892938119936","-255.15892938119936","-174.43494846698164","-174.43494846698164","-174.43494846698164","-121.7706993032983","-121.7706993032983","-121.7706993032983","-143.21235995205666","-143.21235995205666","-143.21235995205666","-120.3107563989744","-120.3107563989744","-120.3107563989744","-496.53940707771596","-496.53940707771596","-496.53940707771596","-125.09810586977457","-125.09810586977457","-125.09810586977457"
"9900","-143.2616722252882","-143.2616722252882","-143.2616722252882","-216.11926058512458","-216.11926058512458","-216.11926058512458","-356.7550256668366","-356.7550256668366","-356.7550256668366","-218.09923920127972","-218.09923920127972","-218.09923920127972","-148.01649070000093","-148.01649070000093","-148.01649070000093","-145.5954697965479","-145.5954697965479","-145.5954697965479","-189.99712349386047","-189.99712349386047","-189.99712349386047","-97.33873968585313","-97.33873968585313","-97.33873968585313","-170.58186093397774","-170.58186093397774","-170.58186093397774","-127.52146566177638","-127.52146566177638","-127.52146566177638","-146.61051109344714","-146.61051109344714","-146.61051109344714","-170.46520488133604","-170.46520488133604","-170.46520488133604","-124.50002055860423","-124.50002055860423","-124.50002055860423","-207.68651033034172","-207.68651033034172","-207.68651033034172","-176.83517650302826","-176.83517650302826","-176.83517650302826","-120.67554299772033","-120.67554299772033","-120.67554299772033","-142.51139497014464","-142.51139497014464","-142.51139497014464","-120.19053411733253","-120.19053411733253","-120.19053411733253","-408.9865749314929","-408.9865749314929","-408.9865749314929","-122.84154130504855","-122.84154130504855","-122.84154130504855"
"10200","-141.79284171358933","-141.79284171358933","-141.79284171358933","-214.12240372516754","-214.12240372516754","-214.12240372516754","-324.89254967104546","-324.89254967104546","-324.89254967104546","-215.42401809841235","-215.42401809841235","-215.42401809841235","-151.41268262246197","-151.41268262246197","-151.41268262246197","-142.50819663468465","-142.50819663468465","-142.50819663468465","-189.72971925516498","-189.72971925516498","-189.72971925516498","-97.31594170046375","-97.31594170046375","-97.31594170046375","-170.05509261201732","-170.05509261201732","-170.05509261201732","-130.31780440759798","-130.31780440759798","-130.31780440759798","-145.8765664725812","-145.8765664725812","-145.8765664725812","-170.40278519924405","-170.40278519924405","-170.40278519924405","-124.25711198218748","-124.25711198218748","-124.25711198218748","-208.85616096123545","-208.85616096123545","-208.85616096123545","-176.3186155954602","-176.3186155954602","-176.3186155954602","-121.34618579114547","-121.34618579114547","-121.34618579114547","-143.24697457098097","-143.24697457098097","-143.24697457098097","-119.69947170107801","-119.69947170107801","-119.69947170107801","-302.7489303369354","-302.7489303369354","-302.7489303369354","-123.72120802876657","-123.72120802876657","-123.72120802876657"
"10500","-141.82071888972774","-141.82071888972774","-141.82071888972774","-192.533780952369","-192.533780952369","-192.533780952369","-221.58737058028677","-221.58737058028677","-221.58737058028677","-214.61062561342948","-214.61062561342948","-214.61062561342948","-150.4943551502637","-150.4943551502637","-150.4943551502637","-142.09783616687056","-142.09783616687056","-142.09783616687056","-190.2783628601439","-190.2783628601439","-190.2783628601439","-96.75186538562305","-96.75186538562305","-96.75186538562305","-170.27502463059454","-170.27502463059454","-170.27502463059454","-131.01032929503248","-131.01032929503248","-131.01032929503248","-146.1058763879418","-146.1058763879418","-146.1058763879418","-169.91694591070004","-169.91694591070004","-169.91694591070004","-123.8231346709845","-123.8231346709845","-123.8231346709845","-209.8201181176476","-209.8201181176476","-209.8201181176476","-176.15367902267855","-176.15367902267855","-176.15367902267855","-120.83853733253522","-120.83853733253522","-120.83853733253522","-142.61663366395436","-142.61663366395436","-142.61663366395436","-119.34397397549147","-119.34397397549147","-119.34397397549147","-172.78264502497572","-172.78264502497572","-172.78264502497572","-124.16842484373907","-124.16842484373907","-124.16842484373907"
"10800","-141.18569870992582","-141.18569870992582","-141.18569870992582","-192.38090340125976","-192.38090340125976","-192.38090340125976","-300.0824467247855","-300.0824467247855","-300.0824467247855","-214.5297358210709","-214.5297358210709","-214.5297358210709","-151.29010347357053","-151.29010347357053","-151.29010347357053","-141.7957459088497","-141.7957459088497","-141.7957459088497","-190.58329295034272","-190.58329295034272","-190.58329295034272","-97.06245752307244","-97.06245752307244","-97.06245752307244","-170.99547160986643","-170.99547160986643","-170.99547160986643","-131.6415714684541","-131.6415714684541","-131.6415714684541","-146.58423342902864","-146.58423342902864","-146.58423342902864","-169.34558713236316","-169.34558713236316","-169.34558713236316","-123.55205905416726","-123.55205905416726","-123.55205905416726","-208.3134914178501","-208.3134914178501","-208.3134914178501","-173.94864590450712","-173.94864590450712","-173.94864590450712","-124.20148627241932","-124.20148627241932","-124.20148627241932","-142.6832191072753","-142.6832191072753","-142.6832191072753","-119.44323183724575","-119.44323183724575","-119.44323183724575","-170.24224807138918","-170.24224807138918","-170.24224807138918","-123.88442713406808","-123.88442713406808","-123.88442713406808"
"11100","-141.48186870826777","-141.48186870826777","-141.48186870826777","-217.16145383638786","-217.16145383638786","-217.16145383638786","-278.2718104568265","-278.2718104568265","-278.2718104568265","-215.12044173159106","-215.12044173159106","-215.12044173159106","-149.2086149056995","-149.2086149056995","-149.2086149056995","-141.19294270555883","-141.19294270555883","-141.19294270555883","-189.89071944966923","-189.89071944966923","-189.89071944966923","-97.41241097396792","-97.41241097396792","-97.41241097396792","-171.56570186535217","-171.56570186535217","-171.56570186535217","-133.01459727935918","-133.01459727935918","-133.01459727935918","-146.53376271455502","-146.53376271455502","-146.53376271455502","-169.50289308959842","-169.50289308959842","-169.50289308959842","-123.06648350197602","-123.06648350197602","-123.06648350197602","-210.68526982502448","-210.68526982502448","-210.68526982502448","-172.42155584097625","-172.42155584097625","-172.42155584097625","-125.46267229462333","-125.46267229462333","-125.46267229462333","-142.83458281692177","-142.83458281692177","-142.83458281692177","-119.25857262632545","-119.25857262632545","-119.25857262632545","-170.18181857267905","-170.18181857267905","-170.18181857267905","-205.24045161910516","-205.24045161910516","-205.24045161910516"
"11400","-140.31440067317868","-140.31440067317868","-140.31440067317868","-191.67311006324462","-191.67311006324462","-191.67311006324462","-331.29325272209957","-331.29325272209957","-331.29325272209957","-213.90511281104827","-213.90511281104827","-213.90511281104827","-149.02604118446897","-149.02604118446897","-149.02604118446897","-141.16678535578689","-141.16678535578689","-141.16678535578689","-189.33428236411604","-189.33428236411604","-189.33428236411604","-96.62016164611585","-96.62016164611585","-96.62016164611585","-171.34481746476848","-171.34481746476848","-171.34481746476848","-132.93740147988726","-132.93740147988726","-132.93740147988726","-146.05410920689965","-146.05410920689965","-146.05410920689965","-170.89331622629817","-170.89331622629817","-170.89331622629817","-123.35805495518301","-123.35805495518301","-123.35805495518301","-207.4618737637721","-207.4618737637721","-207.4618737637721","-169.73679191541473","-169.73679191541473","-169.73679191541473","-124.1566730868105","-124.1566730868105","-124.1566730868105","-142.48256511158127","-142.48256511158127","-142.48256511158127","-119.14867439896497","-119.14867439896497","-119.14867439896497","-169.11996664762245","-169.11996664762245","-169.11996664762245","-123.68800216514971","-123.68800216514971","-123.68800216514971"
"11700","-141.1248135222295","-141.1248135222295","-141.1248135222295","-191.0638225731288","-191.0638225731288","-191.0638225731288","-251.7546404917604","-251.7546404917604","-251.7546404917604","-214.60323332123508","-214.60323332123508","-214.60323332123508","-151.30251265999547","-151.30251265999547","-151.30251265999547","-142.5915772732024","-142.5915772732024","-142.5915772732024","-190.22568995375795","-190.22568995375795","-190.22568995375795","-97.41305036177283","-97.41305036177283","-97.41305036177283","-170.88600701772953","-170.88600701772953","-170.88600701772953","-132.0847817285118","-132.0847817285118","-132.0847817285118","-146.50059064699778","-146.50059064699778","-146.50059064699778","-170.55691886691693","-170.55691886691693","-170.55691886691693","-123.0795369639814","-123.0795369639814","-123.0795369639814","-210.51585704948002","-210.51585704948002","-210.51585704948002","-171.77446076193218","-171.77446076193218","-171.77446076193218","-349.1194686996176","-349.1194686996176","-349.1194686996176","-142.06375532491523","-142.06375532491523","-142.06375532491523","-118.67597450087442","-118.67597450087442","-118.67597450087442","-168.33923548019348","-168.33923548019348","-168.33923548019348","-336.2299152179697","-336.2299152179697","-336.2299152179697"
"12000","-141.6023886044735","-141.6023886044735","-141.6023886044735","-191.7698854909345","-191.7698854909345","-191.7698854909345","-334.4435946139938","-334.4435946139938","-334.4435946139938","-214.63821476054122","-214.63821476054122","-214.63821476054122","-149.50456696768617","-149.50456696768617","-149.50456696768617","-141.43029535053506","-141.43029535053506","-141.43029535053506","-190.31051034247062","-190.31051034247062","-190.31051034247062","-97.33821775894633","-97.33821775894633","-97.33821775894633","-171.1298141810061","-171.1298141810061","-171.1298141810061","-133.9067132161749","-133.9067132161749","-133.9067132161749","-146.33089334744744","-146.33089334744744","-146.33089334744744","-169.24402277415248","-169.24402277415248","-169.24402277415248","-124.15236621235874","-124.15236621235874","-124.15236621235874","-206.6020625171097","-206.6020625171097","-206.6020625171097","-169.2833071957735","-169.2833071957735","-169.2833071957735","-124.01822370555776","-124.01822370555776","-124.01822370555776","-141.9848486503997","-141.9848486503997","-141.9848486503997","-118.7911193006513","-118.7911193006513","-118.7911193006513","-170.03404088477777","-170.03404088477777","-170.03404088477777","-123.1089587727973","-123.1089587727973","-123.1089587727973"
"12300","-140.65569567774133","-140.65569567774133","-140.65569567774133","-191.81969866492398","-191.81969866492398","-191.81969866492398","-452.0794030395793","-452.0794030395793","-452.0794030395793","-214.14801878410444","-214.14801878410444","-214.14801878410444","-148.06979123480602","-148.06979123480602","-148.06979123480602","-141.90512024175516","-141.90512024175516","-141.90512024175516","-189.96584564844713","-189.96584564844713","-189.96584564844713","-97.5816757660547","-97.5816757660547","-97.5816757660547","-171.0044287239612","-171.0044287239612","-171.0044287239612","-131.6845949698239","-131.6845949698239","-131.6845949698239","-145.70411170267786","-145.70411170267786","-145.70411170267786","-169.7595537767474","-169.7595537767474","-169.7595537767474","-122.826751481889","-122.826751481889","-122.826751481889","-206.1506232205404","-206.1506232205404","-206.1506232205404","-170.38869183227183","-170.38869183227183","-170.38869183227183","-123.31692939735099","-123.31692939735099","-123.31692939735099","-141.53516844120477","-141.53516844120477","-141.53516844120477","-119.39321258409161","-119.39321258409161","-119.39321258409161","-170.26959462184453","-170.26959462184453","-170.26959462184453","-149.6786809511607","-149.6786809511607","-149.6786809511607"
"12600","-140.66159109832205","-140.66159109832205","-140.66159109832205","-191.7712798386787","-191.7712798386787","-191.7712798386787","-250.55314016758575","-250.55314016758575","-250.55314016758575","-214.185806296542","-214.185806296542","-214.185806296542","-148.02771777391112","-148.02771777391112","-148.02771777391112","-144.21920731279164","-144.21920731279164","-144.21920731279164","-189.3606271135806","-189.3606271135806","-189.3606271135806","-97.96643767594642","-97.96643767594642","-97.96643767594642","-171.25183651870142","-171.25183651870142","-171.25183651870142","-130.81648218402157","-130.81648218402157","-130.81648218402157","-145.83232909778445","-145.83232909778445","-145.83232909778445","-169.76761148589668","-169.76761148589668","-169.76761148589668","-122.43813238378134","-122.43813238378134","-122.43813238378134","-208.21735006880172","-208.21735006880172","-208.21735006880172","-171.2293571774645","-171.2293571774645","-171.2293571774645","-124.14500896854172","-124.14500896854172","-124.14500896854172","-141.58461271643844","-141.58461271643844","-141.58461271643844","-118.63073174064819","-118.63073174064819","-118.63073174064819","-170.85356711903586","-170.85356711903586","-170.85356711903586","-122.72078324640889","-122.72078324640889","-122.72078324640889"
"12900","-140.86160724490932","-140.86160724490932","-140.86160724490932","-191.39965614587453","-191.39965614587453","-191.39965614587453","-225.28329740235137","-225.28329740235137","-225.28329740235137","-214.09867477006418","-214.09867477006418","-214.09867477006418","-148.07328776367586","-148.07328776367586","-148.07328776367586","-144.3237962939228","-144.3237962939228","-144.3237962939228","-189.2635032299929","-189.2635032299929","-189.2635032299929","-97.98792630929215","-97.98792630929215","-97.98792630929215","-170.17376058934502","-170.17376058934502","-170.17376058934502","-132.3426556860884","-132.3426556860884","-132.3426556860884","-145.81949408443884","-145.81949408443884","-145.81949408443884","-169.70358177515413","-169.70358177515413","-169.70358177515413","-122.48640502337132","-122.48640502337132","-122.48640502337132","-208.74021920295672","-208.74021920295672","-208.74021920295672","-169.48078277193264","-169.48078277193264","-169.48078277193264","-396.6089522971495","-396.6089522971495","-396.6089522971495","-141.6777563777404","-141.6777563777404","-141.6777563777404","-118.81041423892059","-118.81041423892059","-118.81041423892059","-171.723369778365","-171.723369778365","-171.723369778365","-122.13885459713427","-122.13885459713427","-122.13885459713427"
"13200","-141.2257503937338","-141.2257503937338","-141.2257503937338","-216.2871108587035","-216.2871108587035","-216.2871108587035","-221.01859975314392","-221.01859975314392","-221.01859975314392","-213.80418409692643","-213.80418409692643","-213.80418409692643","-148.8947297995825","-148.8947297995825","-148.8947297995825","-143.92612231893804","-143.92612231893804","-143.92612231893804","-189.76129195219687","-189.76129195219687","-189.76129195219687","-98.64441796058132","-98.64441796058132","-98.64441796058132","-170.9047345078492","-170.9047345078492","-170.9047345078492","-131.9250739077752","-131.9250739077752","-131.9250739077752","-145.91766973041533","-145.91766973041533","-145.91766973041533","-169.18555936442618","-169.18555936442618","-169.18555936442618","-122.20674362777223","-122.20674362777223","-122.20674362777223","-207.95907230402054","-207.95907230402054","-207.95907230402054","-169.81818804818198","-169.81818804818198","-169.81818804818198","-128.49942996769724","-128.49942996769724","-128.49942996769724","-141.2518248320292","-141.2518248320292","-141.2518248320292","-118.8092852050122","-118.8092852050122","-118.8092852050122","-171.23476025736107","-171.23476025736107","-171.23476025736107","-121.47965277205851","-121.47965277205851","-121.47965277205851"
"13500","-141.65724420302269","-141.65724420302269","-141.65724420302269","-191.7829052224402","-191.7829052224402","-191.7829052224402","-222.6986166377952","-222.6986166377952","-222.6986166377952","-214.00005271759582","-214.00005271759582","-214.00005271759582","-150.4137138236438","-150.4137138236438","-150.4137138236438","-143.5515655226047","-143.5515655226047","-143.5515655226047","-190.39506155999365","-190.39506155999365","-190.39506155999365","-98.03057633971582","-98.03057633971582","-98.03057633971582","-174.9308995647394","-174.9308995647394","-174.9308995647394","-131.9903955968829","-131.9903955968829","-131.9903955968829","-145.98891661534878","-145.98891661534878","-145.98891661534878","-169.8057620933367","-169.8057620933367","-169.8057620933367","-122.60307062059492","-122.60307062059492","-122.60307062059492","-208.88512207708226","-208.88512207708226","-208.88512207708226","-169.47309366531937","-169.47309366531937","-169.47309366531937","-399.0995213853813","-399.0995213853813","-399.0995213853813","-141.4334666521917","-141.4334666521917","-141.4334666521917","-118.39093053635717","-118.39093053635717","-118.39093053635717","-170.84143567476087","-170.84143567476087","-170.84143567476087","-122.74571637094724","-122.74571637094724","-122.74571637094724"
"13800","-141.14845323630743","-141.14845323630743","-141.14845323630743","-190.88194196821934","-190.88194196821934","-190.88194196821934","-224.1364588344226","-224.1364588344226","-224.1364588344226","-213.80071504782595","-213.80071504782595","-213.80071504782595","-153.42238422321353","-153.42238422321353","-153.42238422321353","-143.8216408877709","-143.8216408877709","-143.8216408877709","-242.22288994927604","-242.22288994927604","-242.22288994927604","-97.81097121035472","-97.81097121035472","-97.81097121035472","-176.08579957960796","-176.08579957960796","-176.08579957960796","-131.49636248345465","-131.49636248345465","-131.49636248345465","-145.3060365284677","-145.3060365284677","-145.3060365284677","-171.2364754698473","-171.2364754698473","-171.2364754698473","-122.87524796997714","-122.87524796997714","-122.87524796997714","-207.23852003374253","-207.23852003374253","-207.23852003374253","-171.3101400512005","-171.3101400512005","-171.3101400512005","-498.37979727405417","-498.37979727405417","-498.37979727405417","-141.63434998340057","-141.63434998340057","-141.63434998340057","-118.50015987297827","-118.50015987297827","-118.50015987297827","-171.11841816798898","-171.11841816798898","-171.11841816798898","-148.24006820476447","-148.24006820476447","-148.24006820476447"
"14100","-141.51900543632328","-141.51900543632328","-141.51900543632328","-190.8318966956759","-190.8318966956759","-190.8318966956759","-220.58368372921854","-220.58368372921854","-220.58368372921854","-214.4106057489953","-214.4106057489953","-214.4106057489953","-155.256567937443","-155.256567937443","-155.256567937443","-143.4231523066325","-143.4231523066325","-143.4231523066325","-257.7707201585294","-257.7707201585294","-257.7707201585294","-97.69417571065279","-97.69417571065279","-97.69417571065279","-175.80454496235734","-175.80454496235734","-175.80454496235734","-132.8924835286484","-132.8924835286484","-132.8924835286484","-145.48193758838653","-145.48193758838653","-145.48193758838653","-170.3817289876163","-170.3817289876163","-170.3817289876163","-122.68234100482798","-122.68234100482798","-122.68234100482798","-209.26742618083972","-209.26742618083972","-209.26742618083972","-169.6688545149945","-169.6688545149945","-169.6688545149945","-122.57012742331108","-122.57012742331108","-122.57012742331108","-141.31258969794564","-141.31258969794564","-141.31258969794564","-118.77905478917975","-118.77905478917975","-118.77905478917975","-173.4027345581002","-173.4027345581002","-173.4027345581002","-148.7020642948677","-148.7020642948677","-148.7020642948677"
"14400","-142.67966413225673","-142.67966413225673","-142.67966413225673","-192.29398271571625","-192.29398271571625","-192.29398271571625","-221.99148248835257","-221.99148248835257","-221.99148248835257","-213.79573414072473","-213.79573414072473","-213.79573414072473","-153.83596560009966","-153.83596560009966","-153.83596560009966","-143.3020524419232","-143.3020524419232","-143.3020524419232","-218.40647782857127","-218.40647782857127","-218.40647782857127","-98.02025073810583","-98.02025073810583","-98.02025073810583","-175.44022342298155","-175.44022342298155","-175.44022342298155","-131.1777581935473","-131.1777581935473","-131.1777581935473","-145.54690245812284","-145.54690245812284","-145.54690245812284","-169.34873675545188","-169.34873675545188","-169.34873675545188","-122.46413678551399","-122.46413678551399","-122.46413678551399","-208.0003428976645","-208.0003428976645","-208.0003428976645","-170.1583131771243","-170.1583131771243","-170.1583131771243","-322.19517253716947","-322.19517253716947","-322.19517253716947","-141.173242923776","-141.173242923776","-141.173242923776","-118.73934527824038","-118.73934527824038","-118.73934527824038","-172.2588056121629","-172.2588056121629","-172.2588056121629","-122.33662779546725","-122.33662779546725","-122.33662779546725"
"14700","-141.12710221431468","-141.12710221431468","-141.12710221431468","-191.10682427880693","-191.10682427880693","-191.10682427880693","-224.6988231284553","-224.6988231284553","-224.6988231284553","-213.94410409079237","-213.94410409079237","-213.94410409079237","-155.2513851946454","-155.2513851946454","-155.2513851946454","-142.2652459799891","-142.2652459799891","-142.2652459799891","-208.91057277885403","-208.91057277885403","-208.91057277885403","-98.61908885448192","-98.61908885448192","-98.61908885448192","-174.77702128375776","-174.77702128375776","-174.77702128375776","-133.30517894653823","-133.30517894653823","-133.30517894653823","-145.43425158615938","-145.43425158615938","-145.43425158615938","-169.29795936657789","-169.29795936657789","-169.29795936657789","-122.97008066828478","-122.97008066828478","-122.97008066828478","-206.90839619074814","-206.90839619074814","-206.90839619074814","-169.8004717853035","-169.8004717853035","-169.8004717853035","-523.5110315623632","-523.5110315623632","-523.5110315623632","-140.6137252346105","-140.6137252346105","-140.6137252346105","-119.59767246593108","-119.59767246593108","-119.59767246593108","-192.98710824478695","-192.98710824478695","-192.98710824478695","-122.1123380418433","-122.1123380418433","-122.1123380418433"
"15000","-142.3593332500397","-142.3593332500397","-142.3593332500397","-192.035900779793","-192.035900779793","-192.035900779793","-222.43191067757112","-222.43191067757112","-222.43191067757112","-214.217962969932","-214.217962969932","-214.217962969932","-157.67029924443196","-157.67029924443196","-157.67029924443196","-142.22213748527074","-142.22213748527074","-142.22213748527074","-219.65171590593295","-219.65171590593295","-219.65171590593295","-98.2469989588847","-98.2469989588847","-98.2469989588847","-175.30520057802215","-175.30520057802215","-175.30520057802215","-133.61507806357037","-133.61507806357037","-133.61507806357037","-145.55901302105238","-145.55901302105238","-145.55901302105238","-169.77161146319702","-169.77161146319702","-169.77161146319702","-123.22304886307509","-123.22304886307509","-123.22304886307509","-207.43272373028907","-207.43272373028907","-207.43272373028907","-170.7800404786082","-170.7800404786082","-170.7800404786082","-247.46500989718365","-247.46500989718365","-247.46500989718365","-140.6921876373046","-140.6921876373046","-140.6921876373046","-119.55284016480934","-119.55284016480934","-119.55284016480934","-172.51528723768766","-172.51528723768766","-172.51528723768766","-148.50507299576378","-148.50507299576378","-148.50507299576378"
"15300","-141.92725216244486","-141.92725216244486","-141.92725216244486","-191.45713987215612","-191.45713987215612","-191.45713987215612","-223.36888218925105","-223.36888218925105","-223.36888218925105","-214.95379797922587","-214.95379797922587","-214.95379797922587","-153.10255727778207","-153.10255727778207","-153.10255727778207","-141.66831997838975","-141.66831997838975","-141.66831997838975","-191.3982411248722","-191.3982411248722","-191.3982411248722","-98.31673905076319","-98.31673905076319","-98.31673905076319","-174.35655799514308","-174.35655799514308","-174.35655799514308","-132.9530068845799","-132.9530068845799","-132.9530068845799","-146.0936627918308","-146.0936627918308","-146.0936627918308","-168.41011279942018","-168.41011279942018","-168.41011279942018","-123.25544098756157","-123.25544098756157","-123.25544098756157","-210.62874215387927","-210.62874215387927","-210.62874215387927","-171.58582074870307","-171.58582074870307","-171.58582074870307","-272.1067531576854","-272.1067531576854","-272.1067531576854","-140.600048813256","-140.600048813256","-140.600048813256","-231.40822898009478","-231.40822898009478","-231.40822898009478","-171.21292576674415","-171.21292576674415","-171.21292576674415","-121.41909376476094","-121.41909376476094","-121.41909376476094"
"15600","-143.00191187565392","-143.00191187565392","-143.00191187565392","-190.9830820540848","-190.9830820540848","-190.9830820540848","-223.59273352841092","-223.59273352841092","-223.59273352841092","-215.45279605286973","-215.45279605286973","-215.45279605286973","-151.56084977061727","-151.56084977061727","-151.56084977061727","-141.82116197160502","-141.82116197160502","-141.82116197160502","-212.72074089726766","-212.72074089726766","-212.72074089726766","-97.58501894084706","-97.58501894084706","-97.58501894084706","-174.1764695439427","-174.1764695439427","-174.1764695439427","-132.75731011307874","-132.75731011307874","-132.75731011307874","-147.39688852977662","-147.39688852977662","-147.39688852977662","-169.00432310622674","-169.00432310622674","-169.00432310622674","-122.94502144123707","-122.94502144123707","-122.94502144123707","-210.27460064561646","-210.27460064561646","-210.27460064561646","-171.3668452590924","-171.3668452590924","-171.3668452590924","-272.99047358261566","-272.99047358261566","-272.99047358261566","-140.67988226410847","-140.67988226410847","-140.67988226410847","-119.70428721692106","-119.70428721692106","-119.70428721692106","-172.3386726858601","-172.3386726858601","-172.3386726858601","-121.75533769594817","-121.75533769594817","-121.75533769594817"
"15900","-143.21711616605353","-143.21711616605353","-143.21711616605353","-190.76628732142282","-190.76628732142282","-190.76628732142282","-223.71861384666786","-223.71861384666786","-223.71861384666786","-216.35730816603035","-216.35730816603035","-216.35730816603035","-151.69117151219825","-151.69117151219825","-151.69117151219825","-141.69373417184218","-141.69373417184218","-141.69373417184218","-191.51545950106862","-191.51545950106862","-191.51545950106862","-97.93147667261724","-97.93147667261724","-97.93147667261724","-173.4843874832214","-173.4843874832214","-173.4843874832214","-131.9529038797129","-131.9529038797129","-131.9529038797129","-147.21048796131214","-147.21048796131214","-147.21048796131214","-170.09393608724287","-170.09393608724287","-170.09393608724287","-122.89898141593635","-122.89898141593635","-122.89898141593635","-208.7213392764088","-208.7213392764088","-208.7213392764088","-172.23744556780017","-172.23744556780017","-172.23744556780017","-147.42985373204746","-147.42985373204746","-147.42985373204746","-140.66622417031468","-140.66622417031468","-140.66622417031468","-119.491659658959","-119.491659658959","-119.491659658959","-171.68774705826164","-171.68774705826164","-171.68774705826164","-121.38815626126286","-121.38815626126286","-121.38815626126286"
"16200","-143.2808186928308","-143.2808186928308","-143.2808186928308","-191.19875560627355","-191.19875560627355","-191.19875560627355","-223.74376813884228","-223.74376813884228","-223.74376813884228","-215.45685683761832","-215.45685683761832","-215.45685683761832","-150.8151662901624","-150.8151662901624","-150.8151662901624","-141.38337843882022","-141.38337843882022","-141.38337843882022","-192.18370938891007","-192.18370938891007","-192.18370938891007","-99.23733248802931","-99.23733248802931","-99.23733248802931","-175.3354246801074","-175.3354246801074","-175.3354246801074","-131.29046995422198","-131.29046995422198","-131.29046995422198","-147.52883671502266","-147.52883671502266","-147.52883671502266","-170.27002273847657","-170.27002273847657","-170.27002273847657","-122.89504610309989","-122.89504610309989","-122.89504610309989","-211.68961007662392","-211.68961007662392","-211.68961007662392","-169.85971793661332","-169.85971793661332","-169.85971793661332","-123.06452438517515","-123.06452438517515","-123.06452438517515","-141.2360031275943","-141.2360031275943","-141.2360031275943","-119.41291537001212","-119.41291537001212","-119.41291537001212","-172.06993471797438","-172.06993471797438","-172.06993471797438","-121.61965052369248","-121.61965052369248","-121.61965052369248"
"16500","-142.45507840097224","-142.45507840097224","-142.45507840097224","-191.67068254775242","-191.67068254775242","-191.67068254775242","-223.47454595922073","-223.47454595922073","-223.47454595922073","-215.24082759260273","-215.24082759260273","-215.24082759260273","-151.76407859347745","-151.76407859347745","-151.76407859347745","-141.15685565891513","-141.15685565891513","-141.15685565891513","-192.31562979814893","-192.31562979814893","-192.31562979814893","-98.39986234847427","-98.39986234847427","-98.39986234847427","-176.7084109593177","-176.7084109593177","-176.7084109593177","-131.1882366195868","-131.1882366195868","-131.1882366195868","-148.48731517573944","-148.48731517573944","-148.48731517573944","-170.07773541019242","-170.07773541019242","-170.07773541019242","-123.81177624748356","-123.81177624748356","-123.81177624748356","-213.2178222966134","-213.2178222966134","-213.2178222966134","-169.42762026692876","-169.42762026692876","-169.42762026692876","-123.25975728136339","-123.25975728136339","-123.25975728136339","-141.53166454757718","-141.53166454757718","-141.53166454757718","-121.29028848875404","-121.29028848875404","-121.29028848875404","-171.53673127842637","-171.53673127842637","-171.53673127842637","-121.52311868079656","-121.52311868079656","-121.52311868079656"
"16800","-144.03209461592454","-144.03209461592454","-144.03209461592454","-215.6681329627751","-215.6681329627751","-215.6681329627751","-222.33331379642203","-222.33331379642203","-222.33331379642203","-216.3902303321842","-216.3902303321842","-216.3902303321842","-153.09727205761106","-153.09727205761106","-153.09727205761106","-140.99807741388761","-140.99807741388761","-140.99807741388761","-191.52579875453588","-191.52579875453588","-191.52579875453588","-99.16324121638918","-99.16324121638918","-99.16324121638918","-175.62399188260346","-175.62399188260346","-175.62399188260346","-130.35420999763286","-130.35420999763286","-130.35420999763286","-147.20068713119255","-147.20068713119255","-147.20068713119255","-170.72257556171547","-170.72257556171547","-170.72257556171547","-123.96581643292748","-123.96581643292748","-123.96581643292748","-211.39396800756126","-211.39396800756126","-211.39396800756126","-174.0265848497747","-174.0265848497747","-174.0265848497747","-223.62900789171408","-223.62900789171408","-223.62900789171408","-141.91011584664187","-141.91011584664187","-141.91011584664187","-120.25202760198495","-120.25202760198495","-120.25202760198495","-172.26688973037426","-172.26688973037426","-172.26688973037426","-121.71228390966742","-121.71228390966742","-121.71228390966742"
"17100","-142.98362683172553","-142.98362683172553","-142.98362683172553","-191.4459642582894","-191.4459642582894","-191.4459642582894","-222.1887619665972","-222.1887619665972","-222.1887619665972","-215.690676640582","-215.690676640582","-215.690676640582","-154.69984967150023","-154.69984967150023","-154.69984967150023","-141.13817872120802","-141.13817872120802","-141.13817872120802","-191.94536803592882","-191.94536803592882","-191.94536803592882","-98.74766111392411","-98.74766111392411","-98.74766111392411","-175.07195180736738","-175.07195180736738","-175.07195180736738","-130.70851200973118","-130.70851200973118","-130.70851200973118","-147.45039732756442","-147.45039732756442","-147.45039732756442","-169.49882744910022","-169.49882744910022","-169.49882744910022","-122.66287169903721","-122.66287169903721","-122.66287169903721","-208.06325955742486","-208.06325955742486","-208.06325955742486","-171.95499700768752","-171.95499700768752","-171.95499700768752","-124.27684612404838","-124.27684612404838","-124.27684612404838","-142.77677556851702","-142.77677556851702","-142.77677556851702","-120.25349013970018","-120.25349013970018","-120.25349013970018","-171.85132164491958","-171.85132164491958","-171.85132164491958","-121.61547090969154","-121.61547090969154","-121.61547090969154"
"17400","-144.16875055978807","-144.16875055978807","-144.16875055978807","-192.2103001345459","-192.2103001345459","-192.2103001345459","-246.88801599087606","-246.88801599087606","-246.88801599087606","-216.13134881854108","-216.13134881854108","-216.13134881854108","-153.45653671883235","-153.45653671883235","-153.45653671883235","-140.9332506215138","-140.9332506215138","-140.9332506215138","-192.36861078588345","-192.36861078588345","-192.36861078588345","-99.04259989562836","-99.04259989562836","-99.04259989562836","-175.7565772559728","-175.7565772559728","-175.7565772559728","-131.32396661512837","-131.32396661512837","-131.32396661512837","-146.6767053395661","-146.6767053395661","-146.6767053395661","-169.79634089776792","-169.79634089776792","-169.79634089776792","-123.65106765682837","-123.65106765682837","-123.65106765682837","-211.38428899206846","-211.38428899206846","-211.38428899206846","-172.32137527058887","-172.32137527058887","-172.32137527058887","-123.82815100905108","-123.82815100905108","-123.82815100905108","-142.24804641212106","-142.24804641212106","-142.24804641212106","-118.92430430884198","-118.92430430884198","-118.92430430884198","-191.23012414325825","-191.23012414325825","-191.23012414325825","-121.77753936257076","-121.77753936257076","-121.77753936257076"
"17700","-143.09404245888226","-143.09404245888226","-143.09404245888226","-192.37489604958154","-192.37489604958154","-192.37489604958154","-221.59069995972604","-221.59069995972604","-221.59069995972604","-216.03147875803612","-216.03147875803612","-216.03147875803612","-152.42493184034646","-152.42493184034646","-152.42493184034646","-141.3779961298231","-141.3779961298231","-141.3779961298231","-191.97102073565696","-191.97102073565696","-191.97102073565696","-99.70165976999797","-99.70165976999797","-99.70165976999797","-175.4821590020378","-175.4821590020378","-175.4821590020378","-131.02133563520107","-131.02133563520107","-131.02133563520107","-146.3025601965868","-146.3025601965868","-146.3025601965868","-170.39464416103834","-170.39464416103834","-170.39464416103834","-123.53338309971805","-123.53338309971805","-123.53338309971805","-211.07843463093667","-211.07843463093667","-211.07843463093667","-171.6491017684153","-171.6491017684153","-171.6491017684153","-125.18548836897412","-125.18548836897412","-125.18548836897412","-142.85968097304016","-142.85968097304016","-142.85968097304016","-118.42692765058953","-118.42692765058953","-118.42692765058953","-171.30785634104396","-171.30785634104396","-171.30785634104396","-121.75690080879535","-121.75690080879535","-121.75690080879535"
"18000","-144.60371844623901","-144.60371844623901","-144.60371844623901","-192.41796024383373","-192.41796024383373","-192.41796024383373","-221.73805938935828","-221.73805938935828","-221.73805938935828","-217.0661125148421","-217.0661125148421","-217.0661125148421","-153.35692047235696","-153.35692047235696","-153.35692047235696","-141.29575853654362","-141.29575853654362","-141.29575853654362","-192.1948450005653","-192.1948450005653","-192.1948450005653","-98.74439162716808","-98.74439162716808","-98.74439162716808","-174.87626730320181","-174.87626730320181","-174.87626730320181","-132.26969473058006","-132.26969473058006","-132.26969473058006","-146.27263222413654","-146.27263222413654","-146.27263222413654","-170.1918457824053","-170.1918457824053","-170.1918457824053","-122.77910557440832","-122.77910557440832","-122.77910557440832","-212.55162740823204","-212.55162740823204","-212.55162740823204","-173.131265524761","-173.131265524761","-173.131265524761","-125.22957922850671","-125.22957922850671","-125.22957922850671","-141.91265337980826","-141.91265337980826","-141.91265337980826","-118.5120112533104","-118.5120112533104","-118.5120112533104","-170.30270528021484","-170.30270528021484","-170.30270528021484","-121.51141592583285","-121.51141592583285","-121.51141592583285"
"18300","-144.39875297887244","-144.39875297887244","-144.39875297887244","-193.07078195283614","-193.07078195283614","-193.07078195283614","-247.92846787192434","-247.92846787192434","-247.92846787192434","-216.01652587958242","-216.01652587958242","-216.01652587958242","-153.3491382506779","-153.3491382506779","-153.3491382506779","-141.04773712028793","-141.04773712028793","-141.04773712028793","-190.58581607867262","-190.58581607867262","-190.58581607867262","-99.94735214801878","-99.94735214801878","-99.94735214801878","-174.29599103642335","-174.29599103642335","-174.29599103642335","-129.48926845735656","-129.48926845735656","-129.48926845735656","-145.96350832304466","-145.96350832304466","-145.96350832304466","-169.65387446127835","-169.65387446127835","-169.65387446127835","-124.2561767039673","-124.2561767039673","-124.2561767039673","-211.6494518476499","-211.6494518476499","-211.6494518476499","-171.88071606871466","-171.88071606871466","-171.88071606871466","-125.4860612560321","-125.4860612560321","-125.4860612560321","-143.62478505896567","-143.62478505896567","-143.62478505896567","-118.29572000005678","-118.29572000005678","-118.29572000005678","-171.04385290919453","-171.04385290919453","-171.04385290919453","-121.30016932241733","-121.30016932241733","-121.30016932241733"
"18600","-144.21707896747967","-144.21707896747967","-144.21707896747967","-191.9196428869518","-191.9196428869518","-191.9196428869518","-224.12893352331253","-224.12893352331253","-224.12893352331253","-216.17805345413527","-216.17805345413527","-216.17805345413527","-153.16452046905636","-153.16452046905636","-153.16452046905636","-141.99442526775337","-141.99442526775337","-141.99442526775337","-191.0214432043735","-191.0214432043735","-191.0214432043735","-99.80372261656973","-99.80372261656973","-99.80372261656973","-174.07607588686463","-174.07607588686463","-174.07607588686463","-130.44286824729824","-130.44286824729824","-130.44286824729824","-146.14904540504682","-146.14904540504682","-146.14904540504682","-170.34702748220064","-170.34702748220064","-170.34702748220064","-124.70869874439775","-124.70869874439775","-124.70869874439775","-211.05603595806332","-211.05603595806332","-211.05603595806332","-171.23914104311888","-171.23914104311888","-171.23914104311888","-126.51025679130471","-126.51025679130471","-126.51025679130471","-143.57259662162272","-143.57259662162272","-143.57259662162272","-118.57448887051669","-118.57448887051669","-118.57448887051669","-170.58304243568486","-170.58304243568486","-170.58304243568486","-121.25433655709955","-121.25433655709955","-121.25433655709955"
"18900","-144.12793043120945","-144.12793043120945","-144.12793043120945","-191.48607363030567","-191.48607363030567","-191.48607363030567","-224.2230028607752","-224.2230028607752","-224.2230028607752","-216.32248288941318","-216.32248288941318","-216.32248288941318","-152.8254015110774","-152.8254015110774","-152.8254015110774","-141.31031423091605","-141.31031423091605","-141.31031423091605","-213.83047336319996","-213.83047336319996","-213.83047336319996","-100.34846833311921","-100.34846833311921","-100.34846833311921","-173.51181801941675","-173.51181801941675","-173.51181801941675","-130.6123227406985","-130.6123227406985","-130.6123227406985","-146.29208235753487","-146.29208235753487","-146.29208235753487","-169.25425004136054","-169.25425004136054","-169.25425004136054","-124.04937556546786","-124.04937556546786","-124.04937556546786","-212.49176739890748","-212.49176739890748","-212.49176739890748","-171.4658851862727","-171.4658851862727","-171.4658851862727","-126.39825399223307","-126.39825399223307","-126.39825399223307","-144.20265031755042","-144.20265031755042","-144.20265031755042","-118.6350731877188","-118.6350731877188","-118.6350731877188","-171.15102506269312","-171.15102506269312","-171.15102506269312","-121.6989824123722","-121.6989824123722","-121.6989824123722"
"19200","-143.66952359077573","-143.66952359077573","-143.66952359077573","-191.54921338238347","-191.54921338238347","-191.54921338238347","-248.73877589811846","-248.73877589811846","-248.73877589811846","-216.4973473057284","-216.4973473057284","-216.4973473057284","-152.05913881354735","-152.05913881354735","-152.05913881354735","-141.81738489935483","-141.81738489935483","-141.81738489935483","-419.19325260096275","-419.19325260096275","-419.19325260096275","-99.96520103004941","-99.96520103004941","-99.96520103004941","-173.39733918253825","-173.39733918253825","-173.39733918253825","-131.8217924271106","-131.8217924271106","-131.8217924271106","-146.85398552300944","-146.85398552300944","-146.85398552300944","-169.81436326171578","-169.81436326171578","-169.81436326171578","-124.4336437095262","-124.4336437095262","-124.4336437095262","-212.3502007048658","-212.3502007048658","-212.3502007048658","-173.61433421480757","-173.61433421480757","-173.61433421480757","-127.44072941563127","-127.44072941563127","-127.44072941563127","-143.30605169513896","-143.30605169513896","-143.30605169513896","-118.44486558120909","-118.44486558120909","-118.44486558120909","-171.13230266803475","-171.13230266803475","-171.13230266803475","-124.86229592149178","-124.86229592149178","-124.86229592149178"
"19500","-144.68068276806716","-144.68068276806716","-144.68068276806716","-191.59718090029463","-191.59718090029463","-191.59718090029463","-224.3970767514461","-224.3970767514461","-224.3970767514461","-215.6354893370501","-215.6354893370501","-215.6354893370501","-153.11440326953806","-153.11440326953806","-153.11440326953806","-141.99714669148392","-141.99714669148392","-141.99714669148392","-410.5455790002422","-410.5455790002422","-410.5455790002422","-99.95792679129956","-99.95792679129956","-99.95792679129956","-172.6113168954047","-172.6113168954047","-172.6113168954047","-131.89076709857198","-131.89076709857198","-131.89076709857198","-147.26087017183414","-147.26087017183414","-147.26087017183414","-170.3301659557229","-170.3301659557229","-170.3301659557229","-204.1727862365743","-204.1727862365743","-204.1727862365743","-211.63436950866898","-211.63436950866898","-211.63436950866898","-174.385450330501","-174.385450330501","-174.385450330501","-127.34270141844699","-127.34270141844699","-127.34270141844699","-144.20722106909037","-144.20722106909037","-144.20722106909037","-118.67254478705834","-118.67254478705834","-118.67254478705834","-170.71685128417514","-170.71685128417514","-170.71685128417514","-123.91675059565493","-123.91675059565493","-123.91675059565493"
"19800","-144.3407692303089","-144.3407692303089","-144.3407692303089","-191.5191786527244","-191.5191786527244","-191.5191786527244","-223.26348485280354","-223.26348485280354","-223.26348485280354","-216.15769797993343","-216.15769797993343","-216.15769797993343","-152.36560720124476","-152.36560720124476","-152.36560720124476","-142.04607955323007","-142.04607955323007","-142.04607955323007","-452.05671348690475","-452.05671348690475","-452.05671348690475","-99.08643518324425","-99.08643518324425","-99.08643518324425","-171.8217172550456","-171.8217172550456","-171.8217172550456","-129.7422376081676","-129.7422376081676","-129.7422376081676","-147.2341116801446","-147.2341116801446","-147.2341116801446","-170.6894889607358","-170.6894889607358","-170.6894889607358","-124.61795971298947","-124.61795971298947","-124.61795971298947","-213.59309526097906","-213.59309526097906","-213.59309526097906","-174.37209098737816","-174.37209098737816","-174.37209098737816","-127.39850939059207","-127.39850939059207","-127.39850939059207","-144.74185448841894","-144.74185448841894","-144.74185448841894","-118.64517413540469","-118.64517413540469","-118.64517413540469","-171.43248457669984","-171.43248457669984","-171.43248457669984","-124.21416107663818","-124.21416107663818","-124.21416107663818"
"20100","-145.60109178450108","-145.60109178450108","-145.60109178450108","-190.65235143402214","-190.65235143402214","-190.65235143402214","-224.7598834834436","-224.7598834834436","-224.7598834834436","-216.40508213340408","-216.40508213340408","-216.40508213340408","-153.53558912736227","-153.53558912736227","-153.53558912736227","-142.11271181622317","-142.11271181622317","-142.11271181622317","-483.08503393297224","-483.08503393297224","-483.08503393297224","-98.1513261342923","-98.1513261342923","-98.1513261342923","-171.7544622149157","-171.7544622149157","-171.7544622149157","-133.33709554590706","-133.33709554590706","-133.33709554590706","-147.49882927227867","-147.49882927227867","-147.49882927227867","-170.47818084613215","-170.47818084613215","-170.47818084613215","-278.15354460113133","-278.15354460113133","-278.15354460113133","-213.66945597842374","-213.66945597842374","-213.66945597842374","-175.18890020157193","-175.18890020157193","-175.18890020157193","-127.84595379197654","-127.84595379197654","-127.84595379197654","-144.0918724945534","-144.0918724945534","-144.0918724945534","-118.67304166511526","-118.67304166511526","-118.67304166511526","-172.14474809630997","-172.14474809630997","-172.14474809630997","-124.3663085307636","-124.3663085307636","-124.3663085307636"
"20400","-146.2748569969194","-146.2748569969194","-146.2748569969194","-193.07448648190507","-193.07448648190507","-193.07448648190507","-250.5442616160032","-250.5442616160032","-250.5442616160032","-215.81486054860937","-215.81486054860937","-215.81486054860937","-153.06430001471116","-153.06430001471116","-153.06430001471116","-141.83535414219477","-141.83535414219477","-141.83535414219477","-444.0117944610562","-444.0117944610562","-444.0117944610562","-98.9988894196291","-98.9988894196291","-98.9988894196291","-171.28306923452476","-171.28306923452476","-171.28306923452476","-132.9782983924468","-132.9782983924468","-132.9782983924468","-147.0098508658719","-147.0098508658719","-147.0098508658719","-170.53889351894188","-170.53889351894188","-170.53889351894188","-150.538819206791","-150.538819206791","-150.538819206791","-214.88307731145701","-214.88307731145701","-214.88307731145701","-174.00166010057086","-174.00166010057086","-174.00166010057086","-127.97056722147995","-127.97056722147995","-127.97056722147995","-144.17973158522724","-144.17973158522724","-144.17973158522724","-118.78244703746641","-118.78244703746641","-118.78244703746641","-172.134744504764","-172.134744504764","-172.134744504764","-125.05876036101549","-125.05876036101549","-125.05876036101549"
"20700","-145.22217538891468","-145.22217538891468","-145.22217538891468","-193.2219777112261","-193.2219777112261","-193.2219777112261","-251.27571897613058","-251.27571897613058","-251.27571897613058","-216.79592167414967","-216.79592167414967","-216.79592167414967","-152.79322238505614","-152.79322238505614","-152.79322238505614","-141.8944037736596","-141.8944037736596","-141.8944037736596","-483.5004581129002","-483.5004581129002","-483.5004581129002","-99.99046961956137","-99.99046961956137","-99.99046961956137","-170.91131088851773","-170.91131088851773","-170.91131088851773","-130.88945546484837","-130.88945546484837","-130.88945546484837","-146.4392467652454","-146.4392467652454","-146.4392467652454","-169.98147848350885","-169.98147848350885","-169.98147848350885","-126.34820785354471","-126.34820785354471","-126.34820785354471","-215.50959379307488","-215.50959379307488","-215.50959379307488","-174.0863812452969","-174.0863812452969","-174.0863812452969","-128.76185032492026","-128.76185032492026","-128.76185032492026","-144.077979628755","-144.077979628755","-144.077979628755","-118.85834534280939","-118.85834534280939","-118.85834534280939","-176.19804357727182","-176.19804357727182","-176.19804357727182","-123.8344551388229","-123.8344551388229","-123.8344551388229"
"21000","-143.8041568533528","-143.8041568533528","-143.8041568533528","-192.64094881959508","-192.64094881959508","-192.64094881959508","-252.44488639850093","-252.44488639850093","-252.44488639850093","-216.23524771831512","-216.23524771831512","-216.23524771831512","-152.91912332841156","-152.91912332841156","-152.91912332841156","-141.8605239321545","-141.8605239321545","-141.8605239321545","-516.0949717992637","-516.0949717992637","-516.0949717992637","-99.79016515883679","-99.79016515883679","-99.79016515883679","-170.40620031550387","-170.40620031550387","-170.40620031550387","-132.9050434931688","-132.9050434931688","-132.9050434931688","-147.18505900255138","-147.18505900255138","-147.18505900255138","-169.97957807551177","-169.97957807551177","-169.97957807551177","-125.60814915506815","-125.60814915506815","-125.60814915506815","-213.1494627028922","-213.1494627028922","-213.1494627028922","-173.97511166712937","-173.97511166712937","-173.97511166712937","-128.82784036365666","-128.82784036365666","-128.82784036365666","-143.93288684545524","-143.93288684545524","-143.93288684545524","-118.9035719384423","-118.9035719384423","-118.9035719384423","-175.6938483914693","-175.6938483914693","-175.6938483914693","-123.92114122008654","-123.92114122008654","-123.92114122008654"
"21300","-144.2225362240344","-144.2225362240344","-144.2225362240344","-192.67331835802244","-192.67331835802244","-192.67331835802244","-252.63674437452042","-252.63674437452042","-252.63674437452042","-215.6522402096554","-215.6522402096554","-215.6522402096554","-152.79976773754257","-152.79976773754257","-152.79976773754257","-141.91714058597077","-141.91714058597077","-141.91714058597077","-499.3260897075026","-499.3260897075026","-499.3260897075026","-99.49432496662853","-99.49432496662853","-99.49432496662853","-170.04953468563704","-170.04953468563704","-170.04953468563704","-131.63384421862196","-131.63384421862196","-131.63384421862196","-146.782344969289","-146.782344969289","-146.782344969289","-170.76327297201965","-170.76327297201965","-170.76327297201965","-212.84865136056783","-212.84865136056783","-212.84865136056783","-214.14401427510333","-214.14401427510333","-214.14401427510333","-174.14406676057834","-174.14406676057834","-174.14406676057834","-130.18343732267263","-130.18343732267263","-130.18343732267263","-144.90074624446262","-144.90074624446262","-144.90074624446262","-119.28929420244924","-119.28929420244924","-119.28929420244924","-175.43016872120597","-175.43016872120597","-175.43016872120597","-121.97244300575275","-121.97244300575275","-121.97244300575275"
"21600","-144.3999167743951","-144.3999167743951","-144.3999167743951","-192.65371414690043","-192.65371414690043","-192.65371414690043","-228.7233794771286","-228.7233794771286","-228.7233794771286","-216.25213581981666","-216.25213581981666","-216.25213581981666","-152.93227745853483","-152.93227745853483","-152.93227745853483","-141.99912266381023","-141.99912266381023","-141.99912266381023","-466.03171346188066","-466.03171346188066","-466.03171346188066","-100.65867952219563","-100.65867952219563","-100.65867952219563","-169.83843123323805","-169.83843123323805","-169.83843123323805","-131.3777731351215","-131.3777731351215","-131.3777731351215","-146.456059330219","-146.456059330219","-146.456059330219","-170.550870226383","-170.550870226383","-170.550870226383","-127.16755266568359","-127.16755266568359","-127.16755266568359","-214.33259890488148","-214.33259890488148","-214.33259890488148","-174.47745682516464","-174.47745682516464","-174.47745682516464","-130.0092628295646","-130.0092628295646","-130.0092628295646","-145.63771608108692","-145.63771608108692","-145.63771608108692","-119.47115389707281","-119.47115389707281","-119.47115389707281","-174.55779436036013","-174.55779436036013","-174.55779436036013","-123.48720157005377","-123.48720157005377","-123.48720157005377"
"21900","-145.2842653319502","-145.2842653319502","-145.2842653319502","-216.88468821803127","-216.88468821803127","-216.88468821803127","-254.15110032678504","-254.15110032678504","-254.15110032678504","-216.5118554358467","-216.5118554358467","-216.5118554358467","-154.46743088548664","-154.46743088548664","-154.46743088548664","-142.51790489316193","-142.51790489316193","-142.51790489316193","-464.39368130445416","-464.39368130445416","-464.39368130445416","-99.46630480850332","-99.46630480850332","-99.46630480850332","-169.9482557199301","-169.9482557199301","-169.9482557199301","-131.94434835447672","-131.94434835447672","-131.94434835447672","-146.50757853214708","-146.50757853214708","-146.50757853214708","-169.65707343839156","-169.65707343839156","-169.65707343839156","-130.96143085681703","-130.96143085681703","-130.96143085681703","-240.8302067987157","-240.8302067987157","-240.8302067987157","-174.6254572183218","-174.6254572183218","-174.6254572183218","-130.0634982251311","-130.0634982251311","-130.0634982251311","-145.19992565056205","-145.19992565056205","-145.19992565056205","-119.5138881819473","-119.5138881819473","-119.5138881819473","-174.97273142234906","-174.97273142234906","-174.97273142234906","-123.63661558434333","-123.63661558434333","-123.63661558434333"
"22200","-144.841926058137","-144.841926058137","-144.841926058137","-191.79079423306734","-191.79079423306734","-191.79079423306734","-228.772278169789","-228.772278169789","-228.772278169789","-216.42931777071377","-216.42931777071377","-216.42931777071377","-153.21364679343176","-153.21364679343176","-153.21364679343176","-141.9853962373449","-141.9853962373449","-141.9853962373449","-435.19301282355735","-435.19301282355735","-435.19301282355735","-100.05675267522318","-100.05675267522318","-100.05675267522318","-169.75111795212013","-169.75111795212013","-169.75111795212013","-133.27538841624462","-133.27538841624462","-133.27538841624462","-146.38478605872163","-146.38478605872163","-146.38478605872163","-170.22911883005045","-170.22911883005045","-170.22911883005045","-128.43197033706014","-128.43197033706014","-128.43197033706014","-240.96906593566914","-240.96906593566914","-240.96906593566914","-174.57633461618826","-174.57633461618826","-174.57633461618826","-130.85438531734704","-130.85438531734704","-130.85438531734704","-145.66720456762405","-145.66720456762405","-145.66720456762405","-119.37741520162726","-119.37741520162726","-119.37741520162726","-174.72643310978805","-174.72643310978805","-174.72643310978805","-122.50776406105729","-122.50776406105729","-122.50776406105729"
"22500","-144.66054170992294","-144.66054170992294","-144.66054170992294","-192.01208698526554","-192.01208698526554","-192.01208698526554","-253.28331215505105","-253.28331215505105","-253.28331215505105","-217.0277316228469","-217.0277316228469","-217.0277316228469","-153.1566961567204","-153.1566961567204","-153.1566961567204","-142.411658983981","-142.411658983981","-142.411658983981","-317.4345662201506","-317.4345662201506","-317.4345662201506","-99.94324292964829","-99.94324292964829","-99.94324292964829","-169.71441269874407","-169.71441269874407","-169.71441269874407","-133.25061898892727","-133.25061898892727","-133.25061898892727","-146.4504673429787","-146.4504673429787","-146.4504673429787","-170.6931175683075","-170.6931175683075","-170.6931175683075","-127.53520071212029","-127.53520071212029","-127.53520071212029","-241.15838456542036","-241.15838456542036","-241.15838456542036","-174.27601919184667","-174.27601919184667","-174.27601919184667","-130.95216420228525","-130.95216420228525","-130.95216420228525","-145.74252240853102","-145.74252240853102","-145.74252240853102","-119.42755452307321","-119.42755452307321","-119.42755452307321","-175.89823825250022","-175.89823825250022","-175.89823825250022","-122.31742578503254","-122.31742578503254","-122.31742578503254"
"22800","-144.89250409573054","-144.89250409573054","-144.89250409573054","-191.9650085245267","-191.9650085245267","-191.9650085245267","-228.4741433955457","-228.4741433955457","-228.4741433955457","-217.56884848603485","-217.56884848603485","-217.56884848603485","-151.8229510767978","-151.8229510767978","-151.8229510767978","-142.64659362341985","-142.64659362341985","-142.64659362341985","-316.1068586402863","-316.1068586402863","-316.1068586402863","-100.255995991448","-100.255995991448","-100.255995991448","-170.03376610828357","-170.03376610828357","-170.03376610828357","-132.27435114031036","-132.27435114031036","-132.27435114031036","-146.4475420083953","-146.4475420083953","-146.4475420083953","-169.90738786099342","-169.90738786099342","-169.90738786099342","-128.643811399271","-128.643811399271","-128.643811399271","-214.2000920863692","-214.2000920863692","-214.2000920863692","-174.0270744680875","-174.0270744680875","-174.0270744680875","-130.62389413536164","-130.62389413536164","-130.62389413536164","-145.53807181679173","-145.53807181679173","-145.53807181679173","-119.79684526055867","-119.79684526055867","-119.79684526055867","-174.91193241394473","-174.91193241394473","-174.91193241394473","-122.17119810355882","-122.17119810355882","-122.17119810355882"
"23100","-145.08622000130845","-145.08622000130845","-145.08622000130845","-190.70580084204954","-190.70580084204954","-190.70580084204954","-229.79838610986585","-229.79838610986585","-229.79838610986585","-217.54888915552183","-217.54888915552183","-217.54888915552183","-152.16795062167904","-152.16795062167904","-152.16795062167904","-142.5952901038386","-142.5952901038386","-142.5952901038386","-192.75597288181046","-192.75597288181046","-192.75597288181046","-99.58341798123199","-99.58341798123199","-99.58341798123199","-169.99891011321034","-169.99891011321034","-169.99891011321034","-132.33813414241362","-132.33813414241362","-132.33813414241362","-146.4488114457582","-146.4488114457582","-146.4488114457582","-170.48722268453315","-170.48722268453315","-170.48722268453315","-129.31481436163457","-129.31481436163457","-129.31481436163457","-215.70776394054988","-215.70776394054988","-215.70776394054988","-174.53371953478782","-174.53371953478782","-174.53371953478782","-130.55002296227042","-130.55002296227042","-130.55002296227042","-145.7728742144857","-145.7728742144857","-145.7728742144857","-119.6364804043194","-119.6364804043194","-119.6364804043194","-174.81581955572508","-174.81581955572508","-174.81581955572508","-123.03418597848422","-123.03418597848422","-123.03418597848422"
"23400","-144.96842092954188","-144.96842092954188","-144.96842092954188","-193.3253664501011","-193.3253664501011","-193.3253664501011","-228.3011210568287","-228.3011210568287","-228.3011210568287","-217.38354850986744","-217.38354850986744","-217.38354850986744","-151.77855590273157","-151.77855590273157","-151.77855590273157","-142.78873289102813","-142.78873289102813","-142.78873289102813","-193.4431575837486","-193.4431575837486","-193.4431575837486","-99.8726270583212","-99.8726270583212","-99.8726270583212","-170.16705948882037","-170.16705948882037","-170.16705948882037","-132.25032115897199","-132.25032115897199","-132.25032115897199","-146.65964313282208","-146.65964313282208","-146.65964313282208","-171.10355160734974","-171.10355160734974","-171.10355160734974","-128.4364609083414","-128.4364609083414","-128.4364609083414","-215.69175202269213","-215.69175202269213","-215.69175202269213","-174.9593050464267","-174.9593050464267","-174.9593050464267","-130.39569259230524","-130.39569259230524","-130.39569259230524","-145.4457256048712","-145.4457256048712","-145.4457256048712","-119.4123121494029","-119.4123121494029","-119.4123121494029","-176.05176055596465","-176.05176055596465","-176.05176055596465","-123.14171056950245","-123.14171056950245","-123.14171056950245"
"23700","-145.10003933879392","-145.10003933879392","-145.10003933879392","-189.20530496278258","-189.20530496278258","-189.20530496278258","-227.83879568350252","-227.83879568350252","-227.83879568350252","-216.59530890982901","-216.59530890982901","-216.59530890982901","-150.37391294759135","-150.37391294759135","-150.37391294759135","-143.27650235628474","-143.27650235628474","-143.27650235628474","-193.34279480417888","-193.34279480417888","-193.34279480417888","-100.44389568499172","-100.44389568499172","-100.44389568499172","-170.05228515676322","-170.05228515676322","-170.05228515676322","-132.33614676608448","-132.33614676608448","-132.33614676608448","-146.85167295398588","-146.85167295398588","-146.85167295398588","-170.20881871300153","-170.20881871300153","-170.20881871300153","-128.9150820061986","-128.9150820061986","-128.9150820061986","-216.37679457052963","-216.37679457052963","-216.37679457052963","-173.90475221808532","-173.90475221808532","-173.90475221808532","-131.6391186774262","-131.6391186774262","-131.6391186774262","-145.5637649582844","-145.5637649582844","-145.5637649582844","-119.8358520676604","-119.8358520676604","-119.8358520676604","-175.1430094724451","-175.1430094724451","-175.1430094724451","-123.24509415322348","-123.24509415322348","-123.24509415322348"
"24000","-145.04755825384262","-145.04755825384262","-145.04755825384262","-188.69898033909527","-188.69898033909527","-188.69898033909527","-228.01756270299205","-228.01756270299205","-228.01756270299205","-217.8276848443501","-217.8276848443501","-217.8276848443501","-148.6490842840793","-148.6490842840793","-148.6490842840793","-142.6496546845334","-142.6496546845334","-142.6496546845334","-192.84079624128472","-192.84079624128472","-192.84079624128472","-101.13559403389749","-101.13559403389749","-101.13559403389749","-170.34217356432282","-170.34217356432282","-170.34217356432282","-132.85322389465722","-132.85322389465722","-132.85322389465722","-146.98462928813186","-146.98462928813186","-146.98462928813186","-170.8463503836382","-170.8463503836382","-170.8463503836382","-129.92777433263728","-129.92777433263728","-129.92777433263728","-215.85476070586424","-215.85476070586424","-215.85476070586424","-174.63448654609473","-174.63448654609473","-174.63448654609473","-131.37465735248128","-131.37465735248128","-131.37465735248128","-145.78485826154045","-145.78485826154045","-145.78485826154045","-119.94273018379813","-119.94273018379813","-119.94273018379813","-176.40707571546767","-176.40707571546767","-176.40707571546767","-123.13887944605203","-123.13887944605203","-123.13887944605203"
"24300","-145.089493851192","-145.089493851192","-145.089493851192","-189.38623954574945","-189.38623954574945","-189.38623954574945","-227.0694169151465","-227.0694169151465","-227.0694169151465","-217.67223687797772","-217.67223687797772","-217.67223687797772","-148.59069842523587","-148.59069842523587","-148.59069842523587","-143.02753466144117","-143.02753466144117","-143.02753466144117","-193.39597655093564","-193.39597655093564","-193.39597655093564","-100.42033580205829","-100.42033580205829","-100.42033580205829","-170.27498668906682","-170.27498668906682","-170.27498668906682","-130.85134975937945","-130.85134975937945","-130.85134975937945","-146.6346645843831","-146.6346645843831","-146.6346645843831","-170.65297709546684","-170.65297709546684","-170.65297709546684","-128.93920341073976","-128.93920341073976","-128.93920341073976","-215.30992417125185","-215.30992417125185","-215.30992417125185","-174.42436815575314","-174.42436815575314","-174.42436815575314","-131.70427584856134","-131.70427584856134","-131.70427584856134","-145.30032604858246","-145.30032604858246","-145.30032604858246","-119.81756354355238","-119.81756354355238","-119.81756354355238","-174.85670907576363","-174.85670907576363","-174.85670907576363","-122.66019921859102","-122.66019921859102","-122.66019921859102"
"24600","-145.2012223293912","-145.2012223293912","-145.2012223293912","-188.72748519299427","-188.72748519299427","-188.72748519299427","-228.27632764422142","-228.27632764422142","-228.27632764422142","-218.27318356462547","-218.27318356462547","-218.27318356462547","-148.19815015964488","-148.19815015964488","-148.19815015964488","-142.4794328247538","-142.4794328247538","-142.4794328247538","-192.36245164197362","-192.36245164197362","-192.36245164197362","-101.19426703123561","-101.19426703123561","-101.19426703123561","-170.4987264264477","-170.4987264264477","-170.4987264264477","-129.85487198483082","-129.85487198483082","-129.85487198483082","-146.73858145582744","-146.73858145582744","-146.73858145582744","-169.61554606435385","-169.61554606435385","-169.61554606435385","-129.7407792626463","-129.7407792626463","-129.7407792626463","-266.5468442266864","-266.5468442266864","-266.5468442266864","-172.39762515050057","-172.39762515050057","-172.39762515050057","-131.98242769410118","-131.98242769410118","-131.98242769410118","-145.66905584733647","-145.66905584733647","-145.66905584733647","-119.8738109128554","-119.8738109128554","-119.8738109128554","-175.64889201767645","-175.64889201767645","-175.64889201767645","-121.9899351062721","-121.9899351062721","-121.9899351062721"
"24900","-144.8769032950774","-144.8769032950774","-144.8769032950774","-188.55420074830124","-188.55420074830124","-188.55420074830124","-226.72968708474463","-226.72968708474463","-226.72968708474463","-218.6921757228566","-218.6921757228566","-218.6921757228566","-148.40093632567695","-148.40093632567695","-148.40093632567695","-142.69030959719296","-142.69030959719296","-142.69030959719296","-192.90145851383994","-192.90145851383994","-192.90145851383994","-101.21063709759154","-101.21063709759154","-101.21063709759154","-170.85704302680057","-170.85704302680057","-170.85704302680057","-130.20142011986502","-130.20142011986502","-130.20142011986502","-146.95545072302417","-146.95545072302417","-146.95545072302417","-170.53057421725367","-170.53057421725367","-170.53057421725367","-130.16901908020319","-130.16901908020319","-130.16901908020319","-216.93016310777813","-216.93016310777813","-216.93016310777813","-172.74700069841393","-172.74700069841393","-172.74700069841393","-132.26964785565477","-132.26964785565477","-132.26964785565477","-145.87496588055063","-145.87496588055063","-145.87496588055063","-120.13172720681268","-120.13172720681268","-120.13172720681268","-174.46528048100407","-174.46528048100407","-174.46528048100407","-122.05464792597134","-122.05464792597134","-122.05464792597134"
"25200","-145.08297340870007","-145.08297340870007","-145.08297340870007","-188.7576340244953","-188.7576340244953","-188.7576340244953","-226.37421892068534","-226.37421892068534","-226.37421892068534","-217.88650870978964","-217.88650870978964","-217.88650870978964","-149.64117399370966","-149.64117399370966","-149.64117399370966","-142.2777857547427","-142.2777857547427","-142.2777857547427","-192.3125890725246","-192.3125890725246","-192.3125890725246","-101.77187053180587","-101.77187053180587","-101.77187053180587","-170.65108369759076","-170.65108369759076","-170.65108369759076","-130.53132077343471","-130.53132077343471","-130.53132077343471","-146.85848527174443","-146.85848527174443","-146.85848527174443","-170.49621967752216","-170.49621967752216","-170.49621967752216","-130.12932730365134","-130.12932730365134","-130.12932730365134","-216.0557701880197","-216.0557701880197","-216.0557701880197","-172.89617476604653","-172.89617476604653","-172.89617476604653","-132.62459939073827","-132.62459939073827","-132.62459939073827","-145.40100145134687","-145.40100145134687","-145.40100145134687","-119.95236902944478","-119.95236902944478","-119.95236902944478","-174.91015365279296","-174.91015365279296","-174.91015365279296","-122.73819080259443","-122.73819080259443","-122.73819080259443"
"25500","-145.23913991422694","-145.23913991422694","-145.23913991422694","-188.7341260273916","-188.7341260273916","-188.7341260273916","-225.35486683968847","-225.35486683968847","-225.35486683968847","-217.92406348151326","-217.92406348151326","-217.92406348151326","-149.9359948431402","-149.9359948431402","-149.9359948431402","-142.34033312565904","-142.34033312565904","-142.34033312565904","-191.72804927166098","-191.72804927166098","-191.72804927166098","-101.5249036328805","-101.5249036328805","-101.5249036328805","-171.0279835634107","-171.0279835634107","-171.0279835634107","-130.25609781246732","-130.25609781246732","-130.25609781246732","-146.95249673211111","-146.95249673211111","-146.95249673211111","-170.37313165141254","-170.37313165141254","-170.37313165141254","-129.54457298597157","-129.54457298597157","-129.54457298597157","-217.3182812454332","-217.3182812454332","-217.3182812454332","-172.86736443409706","-172.86736443409706","-172.86736443409706","-132.57259583565533","-132.57259583565533","-132.57259583565533","-145.181385154324","-145.181385154324","-145.181385154324","-120.07743371123983","-120.07743371123983","-120.07743371123983","-174.70293703111645","-174.70293703111645","-174.70293703111645","-122.10708875270412","-122.10708875270412","-122.10708875270412"
"25800","-145.19556510295425","-145.19556510295425","-145.19556510295425","-188.7315105711193","-188.7315105711193","-188.7315105711193","-226.75531347691884","-226.75531347691884","-226.75531347691884","-217.36325616025277","-217.36325616025277","-217.36325616025277","-150.617828682235","-150.617828682235","-150.617828682235","-142.31230794706767","-142.31230794706767","-142.31230794706767","-191.41628638787515","-191.41628638787515","-191.41628638787515","-101.89243756198663","-101.89243756198663","-101.89243756198663","-171.30541731824061","-171.30541731824061","-171.30541731824061","-130.65096251741946","-130.65096251741946","-130.65096251741946","-147.11482339213174","-147.11482339213174","-147.11482339213174","-170.89228751556516","-170.89228751556516","-170.89228751556516","-130.36950676129692","-130.36950676129692","-130.36950676129692","-216.10987539912168","-216.10987539912168","-216.10987539912168","-173.85605994093467","-173.85605994093467","-173.85605994093467","-133.2226454156144","-133.2226454156144","-133.2226454156144","-145.19344000235756","-145.19344000235756","-145.19344000235756","-120.08261239171695","-120.08261239171695","-120.08261239171695","-174.7102859450879","-174.7102859450879","-174.7102859450879","-121.69460955602248","-121.69460955602248","-121.69460955602248"
"26100","-145.26777375531884","-145.26777375531884","-145.26777375531884","-188.4620669402836","-188.4620669402836","-188.4620669402836","-225.95634628988873","-225.95634628988873","-225.95634628988873","-217.27419580803985","-217.27419580803985","-217.27419580803985","-149.82296357690566","-149.82296357690566","-149.82296357690566","-141.92202955791728","-141.92202955791728","-141.92202955791728","-191.3958109870194","-191.3958109870194","-191.3958109870194","-101.68878798693922","-101.68878798693922","-101.68878798693922","-172.6991249088031","-172.6991249088031","-172.6991249088031","-130.1767989427168","-130.1767989427168","-130.1767989427168","-147.63416926709965","-147.63416926709965","-147.63416926709965","-169.88914111220743","-169.88914111220743","-169.88914111220743","-130.84698700291943","-130.84698700291943","-130.84698700291943","-216.77016578080037","-216.77016578080037","-216.77016578080037","-173.02846017507653","-173.02846017507653","-173.02846017507653","-133.3803287192517","-133.3803287192517","-133.3803287192517","-144.6599205626936","-144.6599205626936","-144.6599205626936","-120.13146599828983","-120.13146599828983","-120.13146599828983","-174.85855310743688","-174.85855310743688","-174.85855310743688","-121.58604935850312","-121.58604935850312","-121.58604935850312"
"26400","-145.1382486589543","-145.1382486589543","-145.1382486589543","-189.5298814666555","-189.5298814666555","-189.5298814666555","-226.64194845097754","-226.64194845097754","-226.64194845097754","-217.23843555084605","-217.23843555084605","-217.23843555084605","-149.62672939878547","-149.62672939878547","-149.62672939878547","-141.6527847365963","-141.6527847365963","-141.6527847365963","-191.30581593738026","-191.30581593738026","-191.30581593738026","-102.6576590763323","-102.6576590763323","-102.6576590763323","-173.30204464584386","-173.30204464584386","-173.30204464584386","-130.0424873708261","-130.0424873708261","-130.0424873708261","-147.26122985171355","-147.26122985171355","-147.26122985171355","-170.3390464574112","-170.3390464574112","-170.3390464574112","-131.18120563842083","-131.18120563842083","-131.18120563842083","-216.5113505307564","-216.5113505307564","-216.5113505307564","-172.56196162456163","-172.56196162456163","-172.56196162456163","-131.93160997391792","-131.93160997391792","-131.93160997391792","-144.85011422407342","-144.85011422407342","-144.85011422407342","-120.13657387546027","-120.13657387546027","-120.13657387546027","-174.9513490606375","-174.9513490606375","-174.9513490606375","-121.6107974515658","-121.6107974515658","-121.6107974515658"
"26700","-144.9338377502235","-144.9338377502235","-144.9338377502235","-189.62550430952666","-189.62550430952666","-189.62550430952666","-227.2332467409589","-227.2332467409589","-227.2332467409589","-217.05553162374264","-217.05553162374264","-217.05553162374264","-148.9138580263164","-148.9138580263164","-148.9138580263164","-142.0454217228973","-142.0454217228973","-142.0454217228973","-191.27647176595428","-191.27647176595428","-191.27647176595428","-103.09025881241641","-103.09025881241641","-103.09025881241641","-173.27996420787244","-173.27996420787244","-173.27996420787244","-129.49139329133146","-129.49139329133146","-129.49139329133146","-147.70916672859104","-147.70916672859104","-147.70916672859104","-171.00115618849145","-171.00115618849145","-171.00115618849145","-130.73641515320662","-130.73641515320662","-130.73641515320662","-216.21044755666685","-216.21044755666685","-216.21044755666685","-172.60025490797366","-172.60025490797366","-172.60025490797366","-131.487164952657","-131.487164952657","-131.487164952657","-144.74255948687082","-144.74255948687082","-144.74255948687082","-120.14198749685079","-120.14198749685079","-120.14198749685079","-174.1681446640706","-174.1681446640706","-174.1681446640706","-121.4956416176248","-121.4956416176248","-121.4956416176248"
"27000","-144.12794786139648","-144.12794786139648","-144.12794786139648","-188.49706026430047","-188.49706026430047","-188.49706026430047","-226.24587826358348","-226.24587826358348","-226.24587826358348","-217.63720586294613","-217.63720586294613","-217.63720586294613","-148.32946946591923","-148.32946946591923","-148.32946946591923","-142.26990361759914","-142.26990361759914","-142.26990361759914","-191.35678863138278","-191.35678863138278","-191.35678863138278","-102.32307327544417","-102.32307327544417","-102.32307327544417","-172.9208291604266","-172.9208291604266","-172.9208291604266","-129.6810649936832","-129.6810649936832","-129.6810649936832","-147.66784647722181","-147.66784647722181","-147.66784647722181","-170.03380963182585","-170.03380963182585","-170.03380963182585","-130.95065488001265","-130.95065488001265","-130.95065488001265","-216.22173372153776","-216.22173372153776","-216.22173372153776","-172.74789093343225","-172.74789093343225","-172.74789093343225","-132.01797233954113","-132.01797233954113","-132.01797233954113","-144.03369858265347","-144.03369858265347","-144.03369858265347","-120.44186060893631","-120.44186060893631","-120.44186060893631","-174.51329630671336","-174.51329630671336","-174.51329630671336","-121.71984804487253","-121.71984804487253","-121.71984804487253"
"27300","-143.79320807857576","-143.79320807857576","-143.79320807857576","-188.92568097019983","-188.92568097019983","-188.92568097019983","-227.34818895256134","-227.34818895256134","-227.34818895256134","-217.33426134438906","-217.33426134438906","-217.33426134438906","-148.1108892682696","-148.1108892682696","-148.1108892682696","-141.94491482672862","-141.94491482672862","-141.94491482672862","-191.1155958693355","-191.1155958693355","-191.1155958693355","-102.17485216475973","-102.17485216475973","-102.17485216475973","-173.12450169134476","-173.12450169134476","-173.12450169134476","-130.055324057304","-130.055324057304","-130.055324057304","-147.82746624635465","-147.82746624635465","-147.82746624635465","-170.69161067755562","-170.69161067755562","-170.69161067755562","-130.71051838097247","-130.71051838097247","-130.71051838097247","-216.45602223510932","-216.45602223510932","-216.45602223510932","-172.73072652627434","-172.73072652627434","-172.73072652627434","-131.24188605445573","-131.24188605445573","-131.24188605445573","-144.5251078705721","-144.5251078705721","-144.5251078705721","-120.39032110716369","-120.39032110716369","-120.39032110716369","-174.60185529389946","-174.60185529389946","-174.60185529389946","-121.68647228482784","-121.68647228482784","-121.68647228482784"
"27600","-143.53737295513727","-143.53737295513727","-143.53737295513727","-188.738050039092","-188.738050039092","-188.738050039092","-226.7676013988765","-226.7676013988765","-226.7676013988765","-217.85449172505932","-217.85449172505932","-217.85449172505932","-148.18908327404648","-148.18908327404648","-148.18908327404648","-141.70821053541027","-141.70821053541027","-141.70821053541027","-190.81526886700243","-190.81526886700243","-190.81526886700243","-102.80125856820055","-102.80125856820055","-102.80125856820055","-173.08499092360452","-173.08499092360452","-173.08499092360452","-129.96966702005813","-129.96966702005813","-129.96966702005813","-148.1710966163608","-148.1710966163608","-148.1710966163608","-170.57730569023153","-170.57730569023153","-170.57730569023153","-131.5486199982775","-131.5486199982775","-131.5486199982775","-215.02515647771534","-215.02515647771534","-215.02515647771534","-172.82239972329424","-172.82239972329424","-172.82239972329424","-130.29266376835636","-130.29266376835636","-130.29266376835636","-144.25894338823244","-144.25894338823244","-144.25894338823244","-120.51807640911939","-120.51807640911939","-120.51807640911939","-175.47870406678663","-175.47870406678663","-175.47870406678663","-121.72181675732824","-121.72181675732824","-121.72181675732824"
"27900","-143.6627937039022","-143.6627937039022","-143.6627937039022","-189.19576318302342","-189.19576318302342","-189.19576318302342","-227.32168854365267","-227.32168854365267","-227.32168854365267","-218.08548890267585","-218.08548890267585","-218.08548890267585","-148.91434770717726","-148.91434770717726","-148.91434770717726","-141.83223625213105","-141.83223625213105","-141.83223625213105","-191.1009946255242","-191.1009946255242","-191.1009946255242","-102.49241155758253","-102.49241155758253","-102.49241155758253","-173.3649438957109","-173.3649438957109","-173.3649438957109","-130.62397754571515","-130.62397754571515","-130.62397754571515","-147.7459623475028","-147.7459623475028","-147.7459623475028","-171.21499646618744","-171.21499646618744","-171.21499646618744","-131.7653416814803","-131.7653416814803","-131.7653416814803","-216.1419773513838","-216.1419773513838","-216.1419773513838","-172.6731690802138","-172.6731690802138","-172.6731690802138","-130.3396456380638","-130.3396456380638","-130.3396456380638","-144.1149199451773","-144.1149199451773","-144.1149199451773","-120.25540040787216","-120.25540040787216","-120.25540040787216","-176.12632083196587","-176.12632083196587","-176.12632083196587","-121.82582920046703","-121.82582920046703","-121.82582920046703"
"28200","-143.76949444353002","-143.76949444353002","-143.76949444353002","-188.76308675513317","-188.76308675513317","-188.76308675513317","-226.7887045873702","-226.7887045873702","-226.7887045873702","-217.68947729526036","-217.68947729526036","-217.68947729526036","-148.97528153743673","-148.97528153743673","-148.97528153743673","-141.85468375844897","-141.85468375844897","-141.85468375844897","-191.0184643129448","-191.0184643129448","-191.0184643129448","-102.8748239837724","-102.8748239837724","-102.8748239837724","-173.8197193079978","-173.8197193079978","-173.8197193079978","-129.19241408320036","-129.19241408320036","-129.19241408320036","-147.56969504329507","-147.56969504329507","-147.56969504329507","-170.44324229406828","-170.44324229406828","-170.44324229406828","-132.02409194055502","-132.02409194055502","-132.02409194055502","-215.6990791336262","-215.6990791336262","-215.6990791336262","-173.12445695742048","-173.12445695742048","-173.12445695742048","-129.7968102438868","-129.7968102438868","-129.7968102438868","-144.65462543125653","-144.65462543125653","-144.65462543125653","-120.25919812942709","-120.25919812942709","-120.25919812942709","-174.03549914630813","-174.03549914630813","-174.03549914630813","-121.52996585533295","-121.52996585533295","-121.52996585533295"
"28500","-143.98187218060633","-143.98187218060633","-143.98187218060633","-188.64341731620954","-188.64341731620954","-188.64341731620954","-226.20651657904608","-226.20651657904608","-226.20651657904608","-218.69951905930256","-218.69951905930256","-218.69951905930256","-148.66798239653568","-148.66798239653568","-148.66798239653568","-141.89448397160615","-141.89448397160615","-141.89448397160615","-190.91194847556486","-190.91194847556486","-190.91194847556486","-101.8050282587073","-101.8050282587073","-101.8050282587073","-174.53178486688458","-174.53178486688458","-174.53178486688458","-130.15060913578762","-130.15060913578762","-130.15060913578762","-147.84496620610557","-147.84496620610557","-147.84496620610557","-170.84488778151356","-170.84488778151356","-170.84488778151356","-131.9751594282048","-131.9751594282048","-131.9751594282048","-215.8842269102159","-215.8842269102159","-215.8842269102159","-173.7706610584111","-173.7706610584111","-173.7706610584111","-130.33383625196288","-130.33383625196288","-130.33383625196288","-143.85397861419415","-143.85397861419415","-143.85397861419415","-120.54620885775228","-120.54620885775228","-120.54620885775228","-175.42804601154594","-175.42804601154594","-175.42804601154594","-121.60105420777606","-121.60105420777606","-121.60105420777606"
"28800","-144.19435293117172","-144.19435293117172","-144.19435293117172","-188.56267554468","-188.56267554468","-188.56267554468","-224.9791717922456","-224.9791717922456","-224.9791717922456","-217.9138739816166","-217.9138739816166","-217.9138739816166","-149.100972588223","-149.100972588223","-149.100972588223","-141.87631750871031","-141.87631750871031","-141.87631750871031","-191.07056239536274","-191.07056239536274","-191.07056239536274","-100.43637431022928","-100.43637431022928","-100.43637431022928","-174.82846577625259","-174.82846577625259","-174.82846577625259","-129.3672750306357","-129.3672750306357","-129.3672750306357","-147.86846855976455","-147.86846855976455","-147.86846855976455","-170.02787815897648","-170.02787815897648","-170.02787815897648","-131.24835606619848","-131.24835606619848","-131.24835606619848","-215.73853803101082","-215.73853803101082","-215.73853803101082","-174.75198785945065","-174.75198785945065","-174.75198785945065","-129.78679873356091","-129.78679873356091","-129.78679873356091","-144.35339238712186","-144.35339238712186","-144.35339238712186","-120.89715698586345","-120.89715698586345","-120.89715698586345","-174.24705831782822","-174.24705831782822","-174.24705831782822","-121.50023621867362","-121.50023621867362","-121.50023621867362"
"29100","-143.6799589389807","-143.6799589389807","-143.6799589389807","-188.51078558584214","-188.51078558584214","-188.51078558584214","-224.12817771689274","-224.12817771689274","-224.12817771689274","-217.91135784295565","-217.91135784295565","-217.91135784295565","-149.51186791675914","-149.51186791675914","-149.51186791675914","-141.69023514016038","-141.69023514016038","-141.69023514016038","-190.34936711080732","-190.34936711080732","-190.34936711080732","-99.96841178628743","-99.96841178628743","-99.96841178628743","-175.24138664144698","-175.24138664144698","-175.24138664144698","-129.6666134622884","-129.6666134622884","-129.6666134622884","-147.63747242163043","-147.63747242163043","-147.63747242163043","-170.36627009482396","-170.36627009482396","-170.36627009482396","-131.80060075712157","-131.80060075712157","-131.80060075712157","-214.93742027598486","-214.93742027598486","-214.93742027598486","-175.1262159723035","-175.1262159723035","-175.1262159723035","-129.16448826104792","-129.16448826104792","-129.16448826104792","-144.06417205715007","-144.06417205715007","-144.06417205715007","-120.90051779951457","-120.90051779951457","-120.90051779951457","-174.0101946640971","-174.0101946640971","-174.0101946640971","-121.46954607492589","-121.46954607492589","-121.46954607492589"
"29400","-143.85988550306786","-143.85988550306786","-143.85988550306786","-188.3945450410007","-188.3945450410007","-188.3945450410007","-223.16991698915885","-223.16991698915885","-223.16991698915885","-217.160347150978","-217.160347150978","-217.160347150978","-149.49372062818557","-149.49372062818557","-149.49372062818557","-141.76042546727464","-141.76042546727464","-141.76042546727464","-190.79243766603088","-190.79243766603088","-190.79243766603088","-97.71053557929665","-97.71053557929665","-97.71053557929665","-176.1520488578939","-176.1520488578939","-176.1520488578939","-129.25052610613983","-129.25052610613983","-129.25052610613983","-147.77365792968322","-147.77365792968322","-147.77365792968322","-170.02051498403088","-170.02051498403088","-170.02051498403088","-132.06806465999952","-132.06806465999952","-132.06806465999952","-214.69764698145417","-214.69764698145417","-214.69764698145417","-175.23366673660598","-175.23366673660598","-175.23366673660598","-129.44512064121437","-129.44512064121437","-129.44512064121437","-144.0704612628821","-144.0704612628821","-144.0704612628821","-120.58473055200325","-120.58473055200325","-120.58473055200325","-173.50704692014443","-173.50704692014443","-173.50704692014443","-121.48996497839423","-121.48996497839423","-121.48996497839423"
"29700","-143.9091816045022","-143.9091816045022","-143.9091816045022","-188.32955364294568","-188.32955364294568","-188.32955364294568","-223.58842733858864","-223.58842733858864","-223.58842733858864","-217.8161172707271","-217.8161172707271","-217.8161172707271","-149.93682424371556","-149.93682424371556","-149.93682424371556","-141.84533427649606","-141.84533427649606","-141.84533427649606","-190.58393856749757","-190.58393856749757","-190.58393856749757","-97.42543431446629","-97.42543431446629","-97.42543431446629","-176.4356643543244","-176.4356643543244","-176.4356643543244","-129.32176310787622","-129.32176310787622","-129.32176310787622","-147.7801537397806","-147.7801537397806","-147.7801537397806","-169.77528705326074","-169.77528705326074","-169.77528705326074","-132.25028780211417","-132.25028780211417","-132.25028780211417","-216.307443043289","-216.307443043289","-216.307443043289","-175.22820199219484","-175.22820199219484","-175.22820199219484","-129.45087844935864","-129.45087844935864","-129.45087844935864","-144.10996710759258","-144.10996710759258","-144.10996710759258","-120.76753466466604","-120.76753466466604","-120.76753466466604","-174.04267191149526","-174.04267191149526","-174.04267191149526","-121.53583112558519","-121.53583112558519","-121.53583112558519"
"30000","-143.88504680709386","-143.88504680709386","-143.88504680709386","-188.3181438061375","-188.3181438061375","-188.3181438061375","-224.18698643944828","-224.18698643944828","-224.18698643944828","-217.89835390848822","-217.89835390848822","-217.89835390848822","-149.85947698818154","-149.85947698818154","-149.85947698818154","-141.43555361216994","-141.43555361216994","-141.43555361216994","-190.52871124627245","-190.52871124627245","-190.52871124627245","-97.65951110560492","-97.65951110560492","-97.65951110560492","-176.32277352488296","-176.32277352488296","-176.32277352488296","-129.3180234382341","-129.3180234382341","-129.3180234382341","-148.10234482438025","-148.10234482438025","-148.10234482438025","-170.5266591433852","-170.5266591433852","-170.5266591433852","-132.12261810134632","-132.12261810134632","-132.12261810134632","-215.85007195200714","-215.85007195200714","-215.85007195200714","-175.06544742209","-175.06544742209","-175.06544742209","-128.80450700810167","-128.80450700810167","-128.80450700810167","-144.19788402803394","-144.19788402803394","-144.19788402803394","-120.72181610988359","-120.72181610988359","-120.72181610988359","-173.61946292598208","-173.61946292598208","-173.61946292598208","-121.5463853954814","-121.5463853954814","-121.5463853954814"