"Step","DDPG_UTE_Pendulum-v1_19 - eval/avg_reward","DDPG_UTE_Pendulum-v1_19 - eval/avg_reward__MIN","DDPG_UTE_Pendulum-v1_19 - eval/avg_reward__MAX","DDPG_UTE_Pendulum-v1_18 - eval/avg_reward","DDPG_UTE_Pendulum-v1_18 - eval/avg_reward__MIN","DDPG_UTE_Pendulum-v1_18 - eval/avg_reward__MAX","DDPG_UTE_Pendulum-v1_17 - eval/avg_reward","DDPG_UTE_Pendulum-v1_17 - eval/avg_reward__MIN","DDPG_UTE_Pendulum-v1_17 - eval/avg_reward__MAX","DDPG_UTE_Pendulum-v1_16 - eval/avg_reward","DDPG_UTE_Pendulum-v1_16 - eval/avg_reward__MIN","DDPG_UTE_Pendulum-v1_16 - eval/avg_reward__MAX","DDPG_UTE_Pendulum-v1_15 - eval/avg_reward","DDPG_UTE_Pendulum-v1_15 - eval/avg_reward__MIN","DDPG_UTE_Pendulum-v1_15 - eval/avg_reward__MAX","DDPG_UTE_Pendulum-v1_14 - eval/avg_reward","DDPG_UTE_Pendulum-v1_14 - eval/avg_reward__MIN","DDPG_UTE_Pendulum-v1_14 - eval/avg_reward__MAX","DDPG_UTE_Pendulum-v1_13 - eval/avg_reward","DDPG_UTE_Pendulum-v1_13 - eval/avg_reward__MIN","DDPG_UTE_Pendulum-v1_13 - eval/avg_reward__MAX","DDPG_UTE_Pendulum-v1_12 - eval/avg_reward","DDPG_UTE_Pendulum-v1_12 - eval/avg_reward__MIN","DDPG_UTE_Pendulum-v1_12 - eval/avg_reward__MAX","DDPG_UTE_Pendulum-v1_11 - eval/avg_reward","DDPG_UTE_Pendulum-v1_11 - eval/avg_reward__MIN","DDPG_UTE_Pendulum-v1_11 - eval/avg_reward__MAX","DDPG_UTE_Pendulum-v1_10 - eval/avg_reward","DDPG_UTE_Pendulum-v1_10 - eval/avg_reward__MIN","DDPG_UTE_Pendulum-v1_10 - eval/avg_reward__MAX","DDPG_UTE_Pendulum-v1_9 - eval/avg_reward","DDPG_UTE_Pendulum-v1_9 - eval/avg_reward__MIN","DDPG_UTE_Pendulum-v1_9 - eval/avg_reward__MAX","DDPG_UTE_Pendulum-v1_8 - eval/avg_reward","DDPG_UTE_Pendulum-v1_8 - eval/avg_reward__MIN","DDPG_UTE_Pendulum-v1_8 - eval/avg_reward__MAX","DDPG_UTE_Pendulum-v1_7 - eval/avg_reward","DDPG_UTE_Pendulum-v1_7 - eval/avg_reward__MIN","DDPG_UTE_Pendulum-v1_7 - eval/avg_reward__MAX","DDPG_UTE_Pendulum-v1_6 - eval/avg_reward","DDPG_UTE_Pendulum-v1_6 - eval/avg_reward__MIN","DDPG_UTE_Pendulum-v1_6 - eval/avg_reward__MAX","DDPG_UTE_Pendulum-v1_5 - eval/avg_reward","DDPG_UTE_Pendulum-v1_5 - eval/avg_reward__MIN","DDPG_UTE_Pendulum-v1_5 - eval/avg_reward__MAX","DDPG_UTE_Pendulum-v1_4 - eval/avg_reward","DDPG_UTE_Pendulum-v1_4 - eval/avg_reward__MIN","DDPG_UTE_Pendulum-v1_4 - eval/avg_reward__MAX","DDPG_UTE_Pendulum-v1_3 - eval/avg_reward","DDPG_UTE_Pendulum-v1_3 - eval/avg_reward__MIN","DDPG_UTE_Pendulum-v1_3 - eval/avg_reward__MAX","DDPG_UTE_Pendulum-v1_2 - eval/avg_reward","DDPG_UTE_Pendulum-v1_2 - eval/avg_reward__MIN","DDPG_UTE_Pendulum-v1_2 - eval/avg_reward__MAX","DDPG_UTE_Pendulum-v1_1 - eval/avg_reward","DDPG_UTE_Pendulum-v1_1 - eval/avg_reward__MIN","DDPG_UTE_Pendulum-v1_1 - eval/avg_reward__MAX","DDPG_UTE_Pendulum-v1_0 - eval/avg_reward","DDPG_UTE_Pendulum-v1_0 - eval/avg_reward__MIN","DDPG_UTE_Pendulum-v1_0 - eval/avg_reward__MAX"
"0","-1401.944625912864","-1401.944625912864","-1401.944625912864","-1374.684217284805","-1374.684217284805","-1374.684217284805","-1455.243993637554","-1455.243993637554","-1455.243993637554","-1582.1022037263144","-1582.1022037263144","-1582.1022037263144","-1206.7924271025965","-1206.7924271025965","-1206.7924271025965","-1198.9736131002705","-1198.9736131002705","-1198.9736131002705","-1515.998203085948","-1515.998203085948","-1515.998203085948","-1094.2746704979395","-1094.2746704979395","-1094.2746704979395","-1283.69932079856","-1283.69932079856","-1283.69932079856","-1482.3900080720032","-1482.3900080720032","-1482.3900080720032","-1213.725790290341","-1213.725790290341","-1213.725790290341","-1235.3243271172232","-1235.3243271172232","-1235.3243271172232","-1263.2593582176273","-1263.2593582176273","-1263.2593582176273","-1444.174137551196","-1444.174137551196","-1444.174137551196","-1489.7367707305043","-1489.7367707305043","-1489.7367707305043","-1444.0453343368458","-1444.0453343368458","-1444.0453343368458","-1233.9910276929802","-1233.9910276929802","-1233.9910276929802","-1265.5428782157455","-1265.5428782157455","-1265.5428782157455","-1494.0673254293633","-1494.0673254293633","-1494.0673254293633","-1076.9281651670208","-1076.9281651670208","-1076.9281651670208"
"300","-1399.7938295927672","-1399.7938295927672","-1399.7938295927672","-1377.2428905792376","-1377.2428905792376","-1377.2428905792376","-1449.0744595517428","-1449.0744595517428","-1449.0744595517428","-1579.6930366093661","-1579.6930366093661","-1579.6930366093661","-1221.517859325511","-1221.517859325511","-1221.517859325511","-1184.3014542307276","-1184.3014542307276","-1184.3014542307276","-1495.67380051118","-1495.67380051118","-1495.67380051118","-1089.079773365179","-1089.079773365179","-1089.079773365179","-1291.7480416506519","-1291.7480416506519","-1291.7480416506519","-1482.3900080720032","-1482.3900080720032","-1482.3900080720032","-1212.6302777320475","-1212.6302777320475","-1212.6302777320475","-1239.1192314841394","-1239.1192314841394","-1239.1192314841394","-1252.0121549302005","-1252.0121549302005","-1252.0121549302005","-1442.22832405721","-1442.22832405721","-1442.22832405721","-1497.7460232826638","-1497.7460232826638","-1497.7460232826638","-1444.4709360285174","-1444.4709360285174","-1444.4709360285174","-1207.678837414177","-1207.678837414177","-1207.678837414177","-1263.1837232581463","-1263.1837232581463","-1263.1837232581463","-1495.5070226255466","-1495.5070226255466","-1495.5070226255466","-1069.2383852021426","-1069.2383852021426","-1069.2383852021426"
"600","-1400.3071673686018","-1400.3071673686018","-1400.3071673686018","-1419.3075592831785","-1419.3075592831785","-1419.3075592831785","-1445.7487251345776","-1445.7487251345776","-1445.7487251345776","-1578.5313769190989","-1578.5313769190989","-1578.5313769190989","-1219.03940462952","-1219.03940462952","-1219.03940462952","-1186.2543363928146","-1186.2543363928146","-1186.2543363928146","-1506.035888231389","-1506.035888231389","-1506.035888231389","-1089.079773365179","-1089.079773365179","-1089.079773365179","-1276.8073974025367","-1276.8073974025367","-1276.8073974025367","-1482.3900080720032","-1482.3900080720032","-1482.3900080720032","-1219.9997406369475","-1219.9997406369475","-1219.9997406369475","-1238.0518408093099","-1238.0518408093099","-1238.0518408093099","-1259.0535876985548","-1259.0535876985548","-1259.0535876985548","-1453.318139932287","-1453.318139932287","-1453.318139932287","-1500.7760771053283","-1500.7760771053283","-1500.7760771053283","-1424.3081341802758","-1424.3081341802758","-1424.3081341802758","-1129.8702736657779","-1129.8702736657779","-1129.8702736657779","-1275.0533714033998","-1275.0533714033998","-1275.0533714033998","-1491.319149061604","-1491.319149061604","-1491.319149061604","-1042.7200197980283","-1042.7200197980283","-1042.7200197980283"
"900","-1401.904795868133","-1401.904795868133","-1401.904795868133","-1418.3042995873361","-1418.3042995873361","-1418.3042995873361","-1447.8055139730263","-1447.8055139730263","-1447.8055139730263","-1577.1790426848147","-1577.1790426848147","-1577.1790426848147","-1191.8077215217822","-1191.8077215217822","-1191.8077215217822","-1201.1134298990305","-1201.1134298990305","-1201.1134298990305","-1506.035888231389","-1506.035888231389","-1506.035888231389","-1088.0018619317357","-1088.0018619317357","-1088.0018619317357","-1282.7908939148735","-1282.7908939148735","-1282.7908939148735","-1482.3900080720032","-1482.3900080720032","-1482.3900080720032","-1210.6771921930563","-1210.6771921930563","-1210.6771921930563","-1235.332726283037","-1235.332726283037","-1235.332726283037","-1261.432975711647","-1261.432975711647","-1261.432975711647","-1449.0745834339984","-1449.0745834339984","-1449.0745834339984","-1500.7760771053283","-1500.7760771053283","-1500.7760771053283","-1429.2979685741159","-1429.2979685741159","-1429.2979685741159","-1213.0864766134719","-1213.0864766134719","-1213.0864766134719","-1273.0362603405752","-1273.0362603405752","-1273.0362603405752","-1491.319149061604","-1491.319149061604","-1491.319149061604","-1042.6405518297954","-1042.6405518297954","-1042.6405518297954"
"1200","-1377.217257699337","-1377.217257699337","-1377.217257699337","-1757.2131210850985","-1757.2131210850985","-1757.2131210850985","-1769.4826565799601","-1769.4826565799601","-1769.4826565799601","-1866.0476437538625","-1866.0476437538625","-1866.0476437538625","-1277.816762079548","-1277.816762079548","-1277.816762079548","-1614.9727278844111","-1614.9727278844111","-1614.9727278844111","-1357.153838616949","-1357.153838616949","-1357.153838616949","-1587.715830623045","-1587.715830623045","-1587.715830623045","-1789.245521228114","-1789.245521228114","-1789.245521228114","-1713.4319016261666","-1713.4319016261666","-1713.4319016261666","-1600.0525510519146","-1600.0525510519146","-1600.0525510519146","-1489.0629926284653","-1489.0629926284653","-1489.0629926284653","-1362.2250281723987","-1362.2250281723987","-1362.2250281723987","-1688.2058706746916","-1688.2058706746916","-1688.2058706746916","-1358.4233960671759","-1358.4233960671759","-1358.4233960671759","-1724.3367840597525","-1724.3367840597525","-1724.3367840597525","-1712.2991010812482","-1712.2991010812482","-1712.2991010812482","-1666.0719301118559","-1666.0719301118559","-1666.0719301118559","-1628.1986735095563","-1628.1986735095563","-1628.1986735095563","-1485.1236616600956","-1485.1236616600956","-1485.1236616600956"
"1500","-1847.235606490262","-1847.235606490262","-1847.235606490262","-1624.4080973353541","-1624.4080973353541","-1624.4080973353541","-1499.840375368716","-1499.840375368716","-1499.840375368716","-1504.9894215228808","-1504.9894215228808","-1504.9894215228808","-1546.64388445445","-1546.64388445445","-1546.64388445445","-1566.36613381261","-1566.36613381261","-1566.36613381261","-1492.7409193212002","-1492.7409193212002","-1492.7409193212002","-1460.5344292346088","-1460.5344292346088","-1460.5344292346088","-1751.4101934647747","-1751.4101934647747","-1751.4101934647747","-1581.898952585766","-1581.898952585766","-1581.898952585766","-1501.192023318549","-1501.192023318549","-1501.192023318549","-1486.3635050483122","-1486.3635050483122","-1486.3635050483122","-1578.3788528918508","-1578.3788528918508","-1578.3788528918508","-1510.1361861227826","-1510.1361861227826","-1510.1361861227826","-1659.2330178443372","-1659.2330178443372","-1659.2330178443372","-1591.2878503313648","-1591.2878503313648","-1591.2878503313648","-1791.6486411976662","-1791.6486411976662","-1791.6486411976662","-1417.465549600087","-1417.465549600087","-1417.465549600087","-1463.2069705923077","-1463.2069705923077","-1463.2069705923077","-1593.9931921767154","-1593.9931921767154","-1593.9931921767154"
"1800","-1462.3525989982631","-1462.3525989982631","-1462.3525989982631","-1481.0994697596525","-1481.0994697596525","-1481.0994697596525","-1490.4447187022706","-1490.4447187022706","-1490.4447187022706","-1490.156627520811","-1490.156627520811","-1490.156627520811","-1526.2421079821731","-1526.2421079821731","-1526.2421079821731","-1511.0519507327692","-1511.0519507327692","-1511.0519507327692","-1495.9556797137118","-1495.9556797137118","-1495.9556797137118","-1480.0566491355505","-1480.0566491355505","-1480.0566491355505","-1533.990031062014","-1533.990031062014","-1533.990031062014","-1457.6368233781982","-1457.6368233781982","-1457.6368233781982","-1478.1275054687708","-1478.1275054687708","-1478.1275054687708","-1469.6413487244108","-1469.6413487244108","-1469.6413487244108","-1480.5116511848032","-1480.5116511848032","-1480.5116511848032","-1503.4747486791844","-1503.4747486791844","-1503.4747486791844","-1510.74876852249","-1510.74876852249","-1510.74876852249","-1455.3708061354523","-1455.3708061354523","-1455.3708061354523","-1503.443021218822","-1503.443021218822","-1503.443021218822","-1491.5440168637347","-1491.5440168637347","-1491.5440168637347","-1455.832773544103","-1455.832773544103","-1455.832773544103","-1477.1212732465708","-1477.1212732465708","-1477.1212732465708"
"2100","-1399.768220803269","-1399.768220803269","-1399.768220803269","-1466.8354421233626","-1466.8354421233626","-1466.8354421233626","-1471.01507501887","-1471.01507501887","-1471.01507501887","-1463.6171458819879","-1463.6171458819879","-1463.6171458819879","-1465.5186227477163","-1465.5186227477163","-1465.5186227477163","-1487.006980974024","-1487.006980974024","-1487.006980974024","-1481.8748757399128","-1481.8748757399128","-1481.8748757399128","-1473.9189532153664","-1473.9189532153664","-1473.9189532153664","-1473.6282254830535","-1473.6282254830535","-1473.6282254830535","-1435.9414956634832","-1435.9414956634832","-1435.9414956634832","-1464.14196182614","-1464.14196182614","-1464.14196182614","-1485.9669640875436","-1485.9669640875436","-1485.9669640875436","-1447.5218241675047","-1447.5218241675047","-1447.5218241675047","-1521.75558897173","-1521.75558897173","-1521.75558897173","-1487.8825683577884","-1487.8825683577884","-1487.8825683577884","-1474.6167537217684","-1474.6167537217684","-1474.6167537217684","-1480.3729931043413","-1480.3729931043413","-1480.3729931043413","-1474.732807633379","-1474.732807633379","-1474.732807633379","-1425.5546028000813","-1425.5546028000813","-1425.5546028000813","-1458.2134211158711","-1458.2134211158711","-1458.2134211158711"
"2400","-1306.963604258496","-1306.963604258496","-1306.963604258496","-1452.469826704813","-1452.469826704813","-1452.469826704813","-1349.5919150442073","-1349.5919150442073","-1349.5919150442073","-1256.5016614994129","-1256.5016614994129","-1256.5016614994129","-1337.0743966563864","-1337.0743966563864","-1337.0743966563864","-1383.981351465393","-1383.981351465393","-1383.981351465393","-1457.5635695968529","-1457.5635695968529","-1457.5635695968529","-1312.9642488223649","-1312.9642488223649","-1312.9642488223649","-1470.4811332863987","-1470.4811332863987","-1470.4811332863987","-1302.8745042703458","-1302.8745042703458","-1302.8745042703458","-1445.3135148380813","-1445.3135148380813","-1445.3135148380813","-1439.016129381134","-1439.016129381134","-1439.016129381134","-1427.686651830941","-1427.686651830941","-1427.686651830941","-1500.4095310077562","-1500.4095310077562","-1500.4095310077562","-1264.7237750826546","-1264.7237750826546","-1264.7237750826546","-1420.38070278839","-1420.38070278839","-1420.38070278839","-1332.8866318688824","-1332.8866318688824","-1332.8866318688824","-1493.149746081575","-1493.149746081575","-1493.149746081575","-1276.3328558186042","-1276.3328558186042","-1276.3328558186042","-1418.9528698388358","-1418.9528698388358","-1418.9528698388358"
"2700","-1214.32585724517","-1214.32585724517","-1214.32585724517","-1369.936116553601","-1369.936116553601","-1369.936116553601","-1240.7700740398047","-1240.7700740398047","-1240.7700740398047","-1207.0910952182414","-1207.0910952182414","-1207.0910952182414","-1169.5125475778411","-1169.5125475778411","-1169.5125475778411","-1229.8054440663877","-1229.8054440663877","-1229.8054440663877","-1410.6322365121982","-1410.6322365121982","-1410.6322365121982","-701.607403107927","-701.607403107927","-701.607403107927","-1189.769619878185","-1189.769619878185","-1189.769619878185","-1252.3291333627092","-1252.3291333627092","-1252.3291333627092","-1242.3693656317332","-1242.3693656317332","-1242.3693656317332","-1283.3090337985464","-1283.3090337985464","-1283.3090337985464","-1251.3968953370568","-1251.3968953370568","-1251.3968953370568","-1445.1558794783587","-1445.1558794783587","-1445.1558794783587","-1227.9778294691507","-1227.9778294691507","-1227.9778294691507","-1337.1151080720942","-1337.1151080720942","-1337.1151080720942","-1240.2771614556937","-1240.2771614556937","-1240.2771614556937","-1335.9562285296838","-1335.9562285296838","-1335.9562285296838","-1104.9642655355206","-1104.9642655355206","-1104.9642655355206","-1240.4533779039632","-1240.4533779039632","-1240.4533779039632"
"3000","-1058.4770846152455","-1058.4770846152455","-1058.4770846152455","-1266.077583112465","-1266.077583112465","-1266.077583112465","-1177.64152967197","-1177.64152967197","-1177.64152967197","-1165.9764289441969","-1165.9764289441969","-1165.9764289441969","-814.9605738554952","-814.9605738554952","-814.9605738554952","-1239.54377618435","-1239.54377618435","-1239.54377618435","-1304.953779465253","-1304.953779465253","-1304.953779465253","-543.9095253556543","-543.9095253556543","-543.9095253556543","-1040.5896524609655","-1040.5896524609655","-1040.5896524609655","-1185.0100713460806","-1185.0100713460806","-1185.0100713460806","-936.2937626066101","-936.2937626066101","-936.2937626066101","-1204.3031081366862","-1204.3031081366862","-1204.3031081366862","-1108.1282244345057","-1108.1282244345057","-1108.1282244345057","-1257.9164865589821","-1257.9164865589821","-1257.9164865589821","-1102.9274260223533","-1102.9274260223533","-1102.9274260223533","-935.4546763584225","-935.4546763584225","-935.4546763584225","-1209.4541342471855","-1209.4541342471855","-1209.4541342471855","-1064.490506052485","-1064.490506052485","-1064.490506052485","-951.0722435114669","-951.0722435114669","-951.0722435114669","-1128.0293372434146","-1128.0293372434146","-1128.0293372434146"
"3300","-805.3509501387174","-805.3509501387174","-805.3509501387174","-520.8644238945972","-520.8644238945972","-520.8644238945972","-1139.7154265531676","-1139.7154265531676","-1139.7154265531676","-1105.1497805686681","-1105.1497805686681","-1105.1497805686681","-579.6189325469984","-579.6189325469984","-579.6189325469984","-1194.014321609125","-1194.014321609125","-1194.014321609125","-1033.3046715093453","-1033.3046715093453","-1033.3046715093453","-198.1276086294643","-198.1276086294643","-198.1276086294643","-886.3895805744648","-886.3895805744648","-886.3895805744648","-1043.5229439769785","-1043.5229439769785","-1043.5229439769785","-606.2750420276551","-606.2750420276551","-606.2750420276551","-1072.8586323120885","-1072.8586323120885","-1072.8586323120885","-1047.0759736200746","-1047.0759736200746","-1047.0759736200746","-1100.1148482438962","-1100.1148482438962","-1100.1148482438962","-686.4635653732879","-686.4635653732879","-686.4635653732879","-933.7502246735121","-933.7502246735121","-933.7502246735121","-1139.7317458644764","-1139.7317458644764","-1139.7317458644764","-792.9360211763114","-792.9360211763114","-792.9360211763114","-890.582739567116","-890.582739567116","-890.582739567116","-1038.3561110771284","-1038.3561110771284","-1038.3561110771284"
"3600","-288.3916750246943","-288.3916750246943","-288.3916750246943","-461.1748745229378","-461.1748745229378","-461.1748745229378","-1003.3267383281187","-1003.3267383281187","-1003.3267383281187","-945.712229072146","-945.712229072146","-945.712229072146","-362.82375000532966","-362.82375000532966","-362.82375000532966","-984.7019747032024","-984.7019747032024","-984.7019747032024","-751.2499702190469","-751.2499702190469","-751.2499702190469","-112.74736805798014","-112.74736805798014","-112.74736805798014","-659.232633334189","-659.232633334189","-659.232633334189","-713.6178935882715","-713.6178935882715","-713.6178935882715","-806.7353982087159","-806.7353982087159","-806.7353982087159","-1042.5464221251425","-1042.5464221251425","-1042.5464221251425","-918.3789507774206","-918.3789507774206","-918.3789507774206","-1025.5503725135525","-1025.5503725135525","-1025.5503725135525","-411.7399947574846","-411.7399947574846","-411.7399947574846","-456.86089979863027","-456.86089979863027","-456.86089979863027","-928.071844853593","-928.071844853593","-928.071844853593","-625.9584393923578","-625.9584393923578","-625.9584393923578","-819.2108651736953","-819.2108651736953","-819.2108651736953","-829.7553228213516","-829.7553228213516","-829.7553228213516"
"3900","-232.943087867548","-232.943087867548","-232.943087867548","-321.847214210157","-321.847214210157","-321.847214210157","-714.6363169671897","-714.6363169671897","-714.6363169671897","-763.0298637675357","-763.0298637675357","-763.0298637675357","-218.44953284440788","-218.44953284440788","-218.44953284440788","-588.3055703136529","-588.3055703136529","-588.3055703136529","-726.2285521142727","-726.2285521142727","-726.2285521142727","-111.03629644519819","-111.03629644519819","-111.03629644519819","-581.2850236473388","-581.2850236473388","-581.2850236473388","-914.5787581830233","-914.5787581830233","-914.5787581830233","-832.1406028958634","-832.1406028958634","-832.1406028958634","-559.3595596905028","-559.3595596905028","-559.3595596905028","-847.9536229305511","-847.9536229305511","-847.9536229305511","-770.3484570654309","-770.3484570654309","-770.3484570654309","-407.37918086708953","-407.37918086708953","-407.37918086708953","-403.4908423302833","-403.4908423302833","-403.4908423302833","-919.2128897486297","-919.2128897486297","-919.2128897486297","-208.63155023177114","-208.63155023177114","-208.63155023177114","-321.606989130647","-321.606989130647","-321.606989130647","-672.4181618550381","-672.4181618550381","-672.4181618550381"
"4200","-151.21181250782584","-151.21181250782584","-151.21181250782584","-281.5481624835333","-281.5481624835333","-281.5481624835333","-619.5436314391017","-619.5436314391017","-619.5436314391017","-664.4620114767673","-664.4620114767673","-664.4620114767673","-644.9816162458934","-644.9816162458934","-644.9816162458934","-374.84664368529343","-374.84664368529343","-374.84664368529343","-816.2694332865148","-816.2694332865148","-816.2694332865148","-136.00695950812315","-136.00695950812315","-136.00695950812315","-290.6508162170386","-290.6508162170386","-290.6508162170386","-616.9564063847364","-616.9564063847364","-616.9564063847364","-920.748566116067","-920.748566116067","-920.748566116067","-257.6650757884405","-257.6650757884405","-257.6650757884405","-420.3895640002835","-420.3895640002835","-420.3895640002835","-918.2346629139427","-918.2346629139427","-918.2346629139427","-247.00309641077843","-247.00309641077843","-247.00309641077843","-399.213808952669","-399.213808952669","-399.213808952669","-458.6534528351194","-458.6534528351194","-458.6534528351194","-155.0136406747519","-155.0136406747519","-155.0136406747519","-235.1020607390335","-235.1020607390335","-235.1020607390335","-669.3622381140575","-669.3622381140575","-669.3622381140575"
"4500","-150.26806229816324","-150.26806229816324","-150.26806229816324","-235.21981370236318","-235.21981370236318","-235.21981370236318","-366.0110361604986","-366.0110361604986","-366.0110361604986","-522.4302558350666","-522.4302558350666","-522.4302558350666","-610.8467255148151","-610.8467255148151","-610.8467255148151","-361.9582885231413","-361.9582885231413","-361.9582885231413","-224.77131157112717","-224.77131157112717","-224.77131157112717","-109.40120873143974","-109.40120873143974","-109.40120873143974","-178.62760237977923","-178.62760237977923","-178.62760237977923","-425.431921442232","-425.431921442232","-425.431921442232","-1299.7791302549317","-1299.7791302549317","-1299.7791302549317","-201.57802150046427","-201.57802150046427","-201.57802150046427","-1057.6552877182253","-1057.6552877182253","-1057.6552877182253","-1540.4173779654598","-1540.4173779654598","-1540.4173779654598","-190.23010935597154","-190.23010935597154","-190.23010935597154","-189.44112592229763","-189.44112592229763","-189.44112592229763","-203.26164401073362","-203.26164401073362","-203.26164401073362","-151.41860791517823","-151.41860791517823","-151.41860791517823","-207.51067060166537","-207.51067060166537","-207.51067060166537","-668.4567786999445","-668.4567786999445","-668.4567786999445"
"4800","-146.76495637230218","-146.76495637230218","-146.76495637230218","-196.804195758866","-196.804195758866","-196.804195758866","-295.3690797518019","-295.3690797518019","-295.3690797518019","-383.6929265794937","-383.6929265794937","-383.6929265794937","-403.14474213030707","-403.14474213030707","-403.14474213030707","-225.64743442467474","-225.64743442467474","-225.64743442467474","-218.49259412036113","-218.49259412036113","-218.49259412036113","-109.20803632826824","-109.20803632826824","-109.20803632826824","-173.42607626116134","-173.42607626116134","-173.42607626116134","-389.7450741631169","-389.7450741631169","-389.7450741631169","-1461.0869332013385","-1461.0869332013385","-1461.0869332013385","-175.09182603149173","-175.09182603149173","-175.09182603149173","-916.5509182405358","-916.5509182405358","-916.5509182405358","-896.4007258695705","-896.4007258695705","-896.4007258695705","-181.66305101048368","-181.66305101048368","-181.66305101048368","-376.64563318782587","-376.64563318782587","-376.64563318782587","-149.8216841152096","-149.8216841152096","-149.8216841152096","-149.78981538200645","-149.78981538200645","-149.78981538200645","-196.32229519659535","-196.32229519659535","-196.32229519659535","-617.0564495067264","-617.0564495067264","-617.0564495067264"
"5100","-145.00662042525147","-145.00662042525147","-145.00662042525147","-378.113643574564","-378.113643574564","-378.113643574564","-267.9282215531498","-267.9282215531498","-267.9282215531498","-428.3105935392811","-428.3105935392811","-428.3105935392811","-156.45313269266367","-156.45313269266367","-156.45313269266367","-224.65127435533455","-224.65127435533455","-224.65127435533455","-194.11432243608093","-194.11432243608093","-194.11432243608093","-131.2261546469926","-131.2261546469926","-131.2261546469926","-171.6172131711","-171.6172131711","-171.6172131711","-210.3128601782863","-210.3128601782863","-210.3128601782863","-148.57311093315636","-148.57311093315636","-148.57311093315636","-173.72266751256996","-173.72266751256996","-173.72266751256996","-1155.1590040815922","-1155.1590040815922","-1155.1590040815922","-979.0377430584109","-979.0377430584109","-979.0377430584109","-175.4072688054453","-175.4072688054453","-175.4072688054453","-122.1366282009124","-122.1366282009124","-122.1366282009124","-145.85345114398098","-145.85345114398098","-145.85345114398098","-121.980770892492","-121.980770892492","-121.980770892492","-189.696233415214","-189.696233415214","-189.696233415214","-135.30423830103126","-135.30423830103126","-135.30423830103126"
"5400","-144.05395370030269","-144.05395370030269","-144.05395370030269","-842.3146373109554","-842.3146373109554","-842.3146373109554","-264.315084196029","-264.315084196029","-264.315084196029","-218.3977700646786","-218.3977700646786","-218.3977700646786","-662.729451846154","-662.729451846154","-662.729451846154","-221.829897361539","-221.829897361539","-221.829897361539","-192.70371825945722","-192.70371825945722","-192.70371825945722","-104.36994503923742","-104.36994503923742","-104.36994503923742","-171.01043757954534","-171.01043757954534","-171.01043757954534","-151.98398585075785","-151.98398585075785","-151.98398585075785","-147.69640729819713","-147.69640729819713","-147.69640729819713","-572.8634672087294","-572.8634672087294","-572.8634672087294","-803.2136753509155","-803.2136753509155","-803.2136753509155","-674.2187036157771","-674.2187036157771","-674.2187036157771","-172.8108854498778","-172.8108854498778","-172.8108854498778","-123.02449416828233","-123.02449416828233","-123.02449416828233","-146.35243290173966","-146.35243290173966","-146.35243290173966","-121.75740197920739","-121.75740197920739","-121.75740197920739","-179.40966833992587","-179.40966833992587","-179.40966833992587","-123.47010366859533","-123.47010366859533","-123.47010366859533"
"5700","-142.05764825399336","-142.05764825399336","-142.05764825399336","-215.90233926053216","-215.90233926053216","-215.90233926053216","-259.5053790163462","-259.5053790163462","-259.5053790163462","-213.59753563017702","-213.59753563017702","-213.59753563017702","-560.9132937188554","-560.9132937188554","-560.9132937188554","-172.9268025860945","-172.9268025860945","-172.9268025860945","-215.46305537477582","-215.46305537477582","-215.46305537477582","-102.27145155013132","-102.27145155013132","-102.27145155013132","-171.1589105840659","-171.1589105840659","-171.1589105840659","-141.3563445157946","-141.3563445157946","-141.3563445157946","-148.9190657153832","-148.9190657153832","-148.9190657153832","-174.38869165426667","-174.38869165426667","-174.38869165426667","-154.10605278910361","-154.10605278910361","-154.10605278910361","-209.34406071233963","-209.34406071233963","-209.34406071233963","-173.91269927268618","-173.91269927268618","-173.91269927268618","-122.47263867749118","-122.47263867749118","-122.47263867749118","-145.70292174954028","-145.70292174954028","-145.70292174954028","-121.32191075365718","-121.32191075365718","-121.32191075365718","-312.25906999728426","-312.25906999728426","-312.25906999728426","-124.74898203805046","-124.74898203805046","-124.74898203805046"
"6000","-140.90752829557817","-140.90752829557817","-140.90752829557817","-212.07679820122024","-212.07679820122024","-212.07679820122024","-258.93825805139056","-258.93825805139056","-258.93825805139056","-218.71543677992798","-218.71543677992798","-218.71543677992798","-839.70488799994","-839.70488799994","-839.70488799994","-168.56532026990766","-168.56532026990766","-168.56532026990766","-215.90715396446018","-215.90715396446018","-215.90715396446018","-101.23481970528842","-101.23481970528842","-101.23481970528842","-170.53333085457538","-170.53333085457538","-170.53333085457538","-140.34221348434008","-140.34221348434008","-140.34221348434008","-149.04553778525957","-149.04553778525957","-149.04553778525957","-173.0880779771504","-173.0880779771504","-173.0880779771504","-154.2791574430766","-154.2791574430766","-154.2791574430766","-419.4446666843739","-419.4446666843739","-419.4446666843739","-173.25499609767326","-173.25499609767326","-173.25499609767326","-123.63399043836857","-123.63399043836857","-123.63399043836857","-310.7856923509026","-310.7856923509026","-310.7856923509026","-121.49328968779211","-121.49328968779211","-121.49328968779211","-178.63125928567996","-178.63125928567996","-178.63125928567996","-122.0465892691036","-122.0465892691036","-122.0465892691036"
"6300","-141.34218384319857","-141.34218384319857","-141.34218384319857","-211.4126873881734","-211.4126873881734","-211.4126873881734","-229.17565568842048","-229.17565568842048","-229.17565568842048","-213.59092830323408","-213.59092830323408","-213.59092830323408","-149.24586596421173","-149.24586596421173","-149.24586596421173","-168.61980755902908","-168.61980755902908","-168.61980755902908","-216.3923289107899","-216.3923289107899","-216.3923289107899","-101.63098791546375","-101.63098791546375","-101.63098791546375","-170.61282124895456","-170.61282124895456","-170.61282124895456","-136.24201896036385","-136.24201896036385","-136.24201896036385","-147.83985989385414","-147.83985989385414","-147.83985989385414","-173.20198884716152","-173.20198884716152","-173.20198884716152","-155.57147494712893","-155.57147494712893","-155.57147494712893","-430.8706618159305","-430.8706618159305","-430.8706618159305","-173.09229763057388","-173.09229763057388","-173.09229763057388","-122.24340225581295","-122.24340225581295","-122.24340225581295","-147.61019816127427","-147.61019816127427","-147.61019816127427","-121.43488556120569","-121.43488556120569","-121.43488556120569","-694.9760040234808","-694.9760040234808","-694.9760040234808","-121.84678185209964","-121.84678185209964","-121.84678185209964"
"6600","-141.08629186436238","-141.08629186436238","-141.08629186436238","-213.46138730716575","-213.46138730716575","-213.46138730716575","-229.5599585607753","-229.5599585607753","-229.5599585607753","-450.97436492379177","-450.97436492379177","-450.97436492379177","-568.7945627506612","-568.7945627506612","-568.7945627506612","-169.12005604508295","-169.12005604508295","-169.12005604508295","-215.02293496842518","-215.02293496842518","-215.02293496842518","-101.2155524187715","-101.2155524187715","-101.2155524187715","-170.72276708575902","-170.72276708575902","-170.72276708575902","-137.94594414391065","-137.94594414391065","-137.94594414391065","-148.3532912330822","-148.3532912330822","-148.3532912330822","-543.0694058352158","-543.0694058352158","-543.0694058352158","-153.8686048320094","-153.8686048320094","-153.8686048320094","-209.3013170663572","-209.3013170663572","-209.3013170663572","-199.33499668991973","-199.33499668991973","-199.33499668991973","-123.08893104313518","-123.08893104313518","-123.08893104313518","-147.02869897283463","-147.02869897283463","-147.02869897283463","-120.40243924840145","-120.40243924840145","-120.40243924840145","-439.18433532278266","-439.18433532278266","-439.18433532278266","-121.6995951098263","-121.6995951098263","-121.6995951098263"
"6900","-141.51645490103638","-141.51645490103638","-141.51645490103638","-212.27451027052143","-212.27451027052143","-212.27451027052143","-235.0714732482881","-235.0714732482881","-235.0714732482881","-216.5927478476662","-216.5927478476662","-216.5927478476662","-366.0853692753632","-366.0853692753632","-366.0853692753632","-169.6539310938528","-169.6539310938528","-169.6539310938528","-212.92674717122458","-212.92674717122458","-212.92674717122458","-101.14975204131898","-101.14975204131898","-101.14975204131898","-170.88702461492545","-170.88702461492545","-170.88702461492545","-135.37041776280438","-135.37041776280438","-135.37041776280438","-147.07065056504834","-147.07065056504834","-147.07065056504834","-307.4174157433694","-307.4174157433694","-307.4174157433694","-125.43581065519848","-125.43581065519848","-125.43581065519848","-205.69842194208854","-205.69842194208854","-205.69842194208854","-172.36694793169937","-172.36694793169937","-172.36694793169937","-123.30871918111124","-123.30871918111124","-123.30871918111124","-147.84274526533332","-147.84274526533332","-147.84274526533332","-121.36893342048924","-121.36893342048924","-121.36893342048924","-229.26475382597602","-229.26475382597602","-229.26475382597602","-121.81470610414377","-121.81470610414377","-121.81470610414377"
"7200","-141.51949388487031","-141.51949388487031","-141.51949388487031","-212.5517728114318","-212.5517728114318","-212.5517728114318","-393.05402154295643","-393.05402154295643","-393.05402154295643","-291.75988602080673","-291.75988602080673","-291.75988602080673","-146.72549980270384","-146.72549980270384","-146.72549980270384","-171.98422740704137","-171.98422740704137","-171.98422740704137","-213.08901167822341","-213.08901167822341","-213.08901167822341","-449.1941905185011","-449.1941905185011","-449.1941905185011","-170.82418240627513","-170.82418240627513","-170.82418240627513","-134.35256724016435","-134.35256724016435","-134.35256724016435","-146.42966614078767","-146.42966614078767","-146.42966614078767","-226.75109060413106","-226.75109060413106","-226.75109060413106","-125.4927394113724","-125.4927394113724","-125.4927394113724","-209.2015854572499","-209.2015854572499","-209.2015854572499","-173.32456293700548","-173.32456293700548","-173.32456293700548","-123.10644729154714","-123.10644729154714","-123.10644729154714","-147.879834376434","-147.879834376434","-147.879834376434","-120.63390613841034","-120.63390613841034","-120.63390613841034","-285.8373228644485","-285.8373228644485","-285.8373228644485","-121.99978173183092","-121.99978173183092","-121.99978173183092"
"7500","-141.3042905432075","-141.3042905432075","-141.3042905432075","-214.04289475599398","-214.04289475599398","-214.04289475599398","-265.58483241494093","-265.58483241494093","-265.58483241494093","-214.91282716641913","-214.91282716641913","-214.91282716641913","-146.43117680995007","-146.43117680995007","-146.43117680995007","-171.61407994393605","-171.61407994393605","-171.61407994393605","-188.88353232097862","-188.88353232097862","-188.88353232097862","-669.9582024301483","-669.9582024301483","-669.9582024301483","-170.8019403174795","-170.8019403174795","-170.8019403174795","-135.202832891012","-135.202832891012","-135.202832891012","-147.16589931775354","-147.16589931775354","-147.16589931775354","-652.5118162812287","-652.5118162812287","-652.5118162812287","-125.78475228931718","-125.78475228931718","-125.78475228931718","-211.0681291749185","-211.0681291749185","-211.0681291749185","-172.4865362937226","-172.4865362937226","-172.4865362937226","-123.31709097274552","-123.31709097274552","-123.31709097274552","-147.51709976669758","-147.51709976669758","-147.51709976669758","-120.49457814330674","-120.49457814330674","-120.49457814330674","-255.86283326010545","-255.86283326010545","-255.86283326010545","-122.04939316945081","-122.04939316945081","-122.04939316945081"
"7800","-141.35258792897454","-141.35258792897454","-141.35258792897454","-239.709924148055","-239.709924148055","-239.709924148055","-867.9688090155047","-867.9688090155047","-867.9688090155047","-210.01390738512137","-210.01390738512137","-210.01390738512137","-172.32436518651915","-172.32436518651915","-172.32436518651915","-171.8509512881207","-171.8509512881207","-171.8509512881207","-191.54220739596104","-191.54220739596104","-191.54220739596104","-669.6576183666133","-669.6576183666133","-669.6576183666133","-170.84898602502773","-170.84898602502773","-170.84898602502773","-135.14802024695604","-135.14802024695604","-135.14802024695604","-146.1386016653979","-146.1386016653979","-146.1386016653979","-173.23856197279093","-173.23856197279093","-173.23856197279093","-124.66409039087144","-124.66409039087144","-124.66409039087144","-212.56404252433805","-212.56404252433805","-212.56404252433805","-171.53164716425812","-171.53164716425812","-171.53164716425812","-123.12556106634209","-123.12556106634209","-123.12556106634209","-147.73582286844916","-147.73582286844916","-147.73582286844916","-120.64482753941641","-120.64482753941641","-120.64482753941641","-556.8324139470319","-556.8324139470319","-556.8324139470319","-121.47803366403927","-121.47803366403927","-121.47803366403927"
"8100","-194.7988240796438","-194.7988240796438","-194.7988240796438","-214.5962179871386","-214.5962179871386","-214.5962179871386","-912.1234742466255","-912.1234742466255","-912.1234742466255","-214.94199687177965","-214.94199687177965","-214.94199687177965","-199.6974016896159","-199.6974016896159","-199.6974016896159","-172.0422531506911","-172.0422531506911","-172.0422531506911","-192.72837468462106","-192.72837468462106","-192.72837468462106","-99.54843366108057","-99.54843366108057","-99.54843366108057","-170.98240453421363","-170.98240453421363","-170.98240453421363","-134.14761801539834","-134.14761801539834","-134.14761801539834","-146.77541222433555","-146.77541222433555","-146.77541222433555","-173.04077288240802","-173.04077288240802","-173.04077288240802","-124.57622711139936","-124.57622711139936","-124.57622711139936","-263.51616780370495","-263.51616780370495","-263.51616780370495","-172.98419978764912","-172.98419978764912","-172.98419978764912","-123.08017704209979","-123.08017704209979","-123.08017704209979","-146.1671263348541","-146.1671263348541","-146.1671263348541","-120.27306794648652","-120.27306794648652","-120.27306794648652","-439.0731906848372","-439.0731906848372","-439.0731906848372","-122.07752173409551","-122.07752173409551","-122.07752173409551"
"8400","-251.68366319665648","-251.68366319665648","-251.68366319665648","-215.06878477835886","-215.06878477835886","-215.06878477835886","-915.5772096612749","-915.5772096612749","-915.5772096612749","-561.1046059916976","-561.1046059916976","-561.1046059916976","-146.65469175537095","-146.65469175537095","-146.65469175537095","-147.05942382338048","-147.05942382338048","-147.05942382338048","-192.01028752695373","-192.01028752695373","-192.01028752695373","-98.05337802106708","-98.05337802106708","-98.05337802106708","-170.55679630471175","-170.55679630471175","-170.55679630471175","-133.6918682864985","-133.6918682864985","-133.6918682864985","-147.02688304175996","-147.02688304175996","-147.02688304175996","-173.3342166436052","-173.3342166436052","-173.3342166436052","-124.08066249374767","-124.08066249374767","-124.08066249374767","-212.9013713658676","-212.9013713658676","-212.9013713658676","-171.41921500287714","-171.41921500287714","-171.41921500287714","-123.18543861391508","-123.18543861391508","-123.18543861391508","-147.95741939310307","-147.95741939310307","-147.95741939310307","-120.20896344900277","-120.20896344900277","-120.20896344900277","-559.4777276426296","-559.4777276426296","-559.4777276426296","-122.43255262565503","-122.43255262565503","-122.43255262565503"
"8700","-141.91311487001335","-141.91311487001335","-141.91311487001335","-215.52720108236025","-215.52720108236025","-215.52720108236025","-903.1674265733014","-903.1674265733014","-903.1674265733014","-212.29889166946123","-212.29889166946123","-212.29889166946123","-149.28197028342782","-149.28197028342782","-149.28197028342782","-171.83057620672923","-171.83057620672923","-171.83057620672923","-192.68097762040503","-192.68097762040503","-192.68097762040503","-99.80835913277369","-99.80835913277369","-99.80835913277369","-170.30539487477682","-170.30539487477682","-170.30539487477682","-135.59873166470916","-135.59873166470916","-135.59873166470916","-146.5816015751372","-146.5816015751372","-146.5816015751372","-172.11767406749055","-172.11767406749055","-172.11767406749055","-225.91260146024723","-225.91260146024723","-225.91260146024723","-212.17842604805628","-212.17842604805628","-212.17842604805628","-277.07038912998706","-277.07038912998706","-277.07038912998706","-122.30425693745735","-122.30425693745735","-122.30425693745735","-147.10988866295907","-147.10988866295907","-147.10988866295907","-119.80970863143986","-119.80970863143986","-119.80970863143986","-556.2354171342153","-556.2354171342153","-556.2354171342153","-122.22702183542431","-122.22702183542431","-122.22702183542431"
"9000","-169.24596231120117","-169.24596231120117","-169.24596231120117","-215.86509616031475","-215.86509616031475","-215.86509616031475","-925.580021233343","-925.580021233343","-925.580021233343","-214.87061238342713","-214.87061238342713","-214.87061238342713","-150.30899719592887","-150.30899719592887","-150.30899719592887","-146.23721700738398","-146.23721700738398","-146.23721700738398","-193.89346167097585","-193.89346167097585","-193.89346167097585","-99.61766772360404","-99.61766772360404","-99.61766772360404","-170.29163013382305","-170.29163013382305","-170.29163013382305","-134.29575538005093","-134.29575538005093","-134.29575538005093","-146.89097715429028","-146.89097715429028","-146.89097715429028","-170.83479627121466","-170.83479627121466","-170.83479627121466","-123.95700668585555","-123.95700668585555","-123.95700668585555","-214.50754148788351","-214.50754148788351","-214.50754148788351","-172.2289977223602","-172.2289977223602","-172.2289977223602","-121.93558601397565","-121.93558601397565","-121.93558601397565","-147.19826954857643","-147.19826954857643","-147.19826954857643","-119.20715832499414","-119.20715832499414","-119.20715832499414","-176.02611645829853","-176.02611645829853","-176.02611645829853","-121.80562019341603","-121.80562019341603","-121.80562019341603"
"9300","-142.0564452971135","-142.0564452971135","-142.0564452971135","-215.1477314079093","-215.1477314079093","-215.1477314079093","-1203.107474729372","-1203.107474729372","-1203.107474729372","-212.94200499301778","-212.94200499301778","-212.94200499301778","-149.84264690207814","-149.84264690207814","-149.84264690207814","-146.03595157078257","-146.03595157078257","-146.03595157078257","-191.9995457302557","-191.9995457302557","-191.9995457302557","-99.10640974010407","-99.10640974010407","-99.10640974010407","-170.3042845513397","-170.3042845513397","-170.3042845513397","-135.06301949928613","-135.06301949928613","-135.06301949928613","-146.3714578607591","-146.3714578607591","-146.3714578607591","-170.5036653125086","-170.5036653125086","-170.5036653125086","-122.38477977411257","-122.38477977411257","-122.38477977411257","-211.93405921881384","-211.93405921881384","-211.93405921881384","-172.68954119129052","-172.68954119129052","-172.68954119129052","-121.71766434908803","-121.71766434908803","-121.71766434908803","-148.44746898112035","-148.44746898112035","-148.44746898112035","-119.10212907660794","-119.10212907660794","-119.10212907660794","-172.13926614160385","-172.13926614160385","-172.13926614160385","-121.91215825035188","-121.91215825035188","-121.91215825035188"
"9600","-142.36297547861963","-142.36297547861963","-142.36297547861963","-191.29879405394658","-191.29879405394658","-191.29879405394658","-1264.5937901091131","-1264.5937901091131","-1264.5937901091131","-213.34610248844632","-213.34610248844632","-213.34610248844632","-150.50944660885938","-150.50944660885938","-150.50944660885938","-145.08276477369498","-145.08276477369498","-145.08276477369498","-192.45911209670618","-192.45911209670618","-192.45911209670618","-100.0985515277337","-100.0985515277337","-100.0985515277337","-171.23870367783223","-171.23870367783223","-171.23870367783223","-135.66762680530178","-135.66762680530178","-135.66762680530178","-146.8158275292076","-146.8158275292076","-146.8158275292076","-171.01993922018767","-171.01993922018767","-171.01993922018767","-122.06729808725416","-122.06729808725416","-122.06729808725416","-212.51606743579367","-212.51606743579367","-212.51606743579367","-196.87798232495172","-196.87798232495172","-196.87798232495172","-121.34543175682764","-121.34543175682764","-121.34543175682764","-145.74459609419097","-145.74459609419097","-145.74459609419097","-119.34784612135388","-119.34784612135388","-119.34784612135388","-171.9944854265345","-171.9944854265345","-171.9944854265345","-121.52867587010697","-121.52867587010697","-121.52867587010697"
"9900","-141.35907950588327","-141.35907950588327","-141.35907950588327","-215.41489540085027","-215.41489540085027","-215.41489540085027","-1421.8730688235796","-1421.8730688235796","-1421.8730688235796","-212.2550807840983","-212.2550807840983","-212.2550807840983","-149.57298414581214","-149.57298414581214","-149.57298414581214","-143.58223274921843","-143.58223274921843","-143.58223274921843","-192.2993590892534","-192.2993590892534","-192.2993590892534","-100.9033943832299","-100.9033943832299","-100.9033943832299","-170.2733780338644","-170.2733780338644","-170.2733780338644","-135.8803010073815","-135.8803010073815","-135.8803010073815","-146.48097834749652","-146.48097834749652","-146.48097834749652","-171.7595784624714","-171.7595784624714","-171.7595784624714","-123.1210402331158","-123.1210402331158","-123.1210402331158","-211.58337558924055","-211.58337558924055","-211.58337558924055","-170.16929933745126","-170.16929933745126","-170.16929933745126","-121.23486192331272","-121.23486192331272","-121.23486192331272","-148.6233479339473","-148.6233479339473","-148.6233479339473","-119.30085415037911","-119.30085415037911","-119.30085415037911","-178.82293723153032","-178.82293723153032","-178.82293723153032","-121.43175432512655","-121.43175432512655","-121.43175432512655"
"10200","-142.00023881965117","-142.00023881965117","-142.00023881965117","-215.67462277965365","-215.67462277965365","-215.67462277965365","-1173.2562887951792","-1173.2562887951792","-1173.2562887951792","-212.48637631581636","-212.48637631581636","-212.48637631581636","-148.85853808340957","-148.85853808340957","-148.85853808340957","-143.42479762270233","-143.42479762270233","-143.42479762270233","-192.19036286536988","-192.19036286536988","-192.19036286536988","-99.73806765826878","-99.73806765826878","-99.73806765826878","-170.44962146643576","-170.44962146643576","-170.44962146643576","-136.44870996875073","-136.44870996875073","-136.44870996875073","-146.48296095554886","-146.48296095554886","-146.48296095554886","-171.3356625408559","-171.3356625408559","-171.3356625408559","-121.41889279680973","-121.41889279680973","-121.41889279680973","-211.69838077843661","-211.69838077843661","-211.69838077843661","-196.2913286950101","-196.2913286950101","-196.2913286950101","-121.0929626468813","-121.0929626468813","-121.0929626468813","-148.49333304092562","-148.49333304092562","-148.49333304092562","-119.38158303482089","-119.38158303482089","-119.38158303482089","-173.0450439186061","-173.0450439186061","-173.0450439186061","-121.48887201140329","-121.48887201140329","-121.48887201140329"
"10500","-223.89058001030548","-223.89058001030548","-223.89058001030548","-215.89112857641686","-215.89112857641686","-215.89112857641686","-1186.3073482936784","-1186.3073482936784","-1186.3073482936784","-212.83292839959896","-212.83292839959896","-212.83292839959896","-147.59391952839036","-147.59391952839036","-147.59391952839036","-143.53218822131402","-143.53218822131402","-143.53218822131402","-191.79862087045439","-191.79862087045439","-191.79862087045439","-99.36162948230142","-99.36162948230142","-99.36162948230142","-169.94612191438372","-169.94612191438372","-169.94612191438372","-137.14960690479447","-137.14960690479447","-137.14960690479447","-145.58348078574886","-145.58348078574886","-145.58348078574886","-171.25036236371443","-171.25036236371443","-171.25036236371443","-122.24955930480967","-122.24955930480967","-122.24955930480967","-211.13957921762523","-211.13957921762523","-211.13957921762523","-169.50601785176482","-169.50601785176482","-169.50601785176482","-121.35594051466767","-121.35594051466767","-121.35594051466767","-145.94036999546609","-145.94036999546609","-145.94036999546609","-120.03695606585306","-120.03695606585306","-120.03695606585306","-173.21071344084154","-173.21071344084154","-173.21071344084154","-122.28760176652767","-122.28760176652767","-122.28760176652767"
"10800","-142.2496681526781","-142.2496681526781","-142.2496681526781","-214.6783801847967","-214.6783801847967","-214.6783801847967","-1067.4291660784977","-1067.4291660784977","-1067.4291660784977","-213.91138450011448","-213.91138450011448","-213.91138450011448","-148.19148880153313","-148.19148880153313","-148.19148880153313","-145.85878491873834","-145.85878491873834","-145.85878491873834","-190.8777319466481","-190.8777319466481","-190.8777319466481","-100.24818324811358","-100.24818324811358","-100.24818324811358","-170.18158813228365","-170.18158813228365","-170.18158813228365","-137.29941664233996","-137.29941664233996","-137.29941664233996","-145.43552793649218","-145.43552793649218","-145.43552793649218","-170.60753533597335","-170.60753533597335","-170.60753533597335","-122.40199156813296","-122.40199156813296","-122.40199156813296","-237.68311657896302","-237.68311657896302","-237.68311657896302","-169.07758102041043","-169.07758102041043","-169.07758102041043","-120.39637772613276","-120.39637772613276","-120.39637772613276","-147.8251218694447","-147.8251218694447","-147.8251218694447","-120.33910548536122","-120.33910548536122","-120.33910548536122","-184.4123813958737","-184.4123813958737","-184.4123813958737","-121.81369602989221","-121.81369602989221","-121.81369602989221"
"11100","-141.81882899144048","-141.81882899144048","-141.81882899144048","-191.4146323919668","-191.4146323919668","-191.4146323919668","-618.3548059895375","-618.3548059895375","-618.3548059895375","-212.62559126198144","-212.62559126198144","-212.62559126198144","-147.8458509685342","-147.8458509685342","-147.8458509685342","-144.30563734149436","-144.30563734149436","-144.30563734149436","-191.959469413352","-191.959469413352","-191.959469413352","-98.68180036031387","-98.68180036031387","-98.68180036031387","-170.83459049346146","-170.83459049346146","-170.83459049346146","-137.04807840072243","-137.04807840072243","-137.04807840072243","-144.75039589105592","-144.75039589105592","-144.75039589105592","-171.482925896956","-171.482925896956","-171.482925896956","-123.44507680279996","-123.44507680279996","-123.44507680279996","-237.40927371316843","-237.40927371316843","-237.40927371316843","-168.19814748690752","-168.19814748690752","-168.19814748690752","-120.68465741149203","-120.68465741149203","-120.68465741149203","-148.41824652057","-148.41824652057","-148.41824652057","-120.41898717335366","-120.41898717335366","-120.41898717335366","-173.77405895609783","-173.77405895609783","-173.77405895609783","-122.8479152214388","-122.8479152214388","-122.8479152214388"
"11400","-141.95451310342","-141.95451310342","-141.95451310342","-192.2226051599765","-192.2226051599765","-192.2226051599765","-254.8558845252358","-254.8558845252358","-254.8558845252358","-214.1401993397913","-214.1401993397913","-214.1401993397913","-146.78470056896975","-146.78470056896975","-146.78470056896975","-144.38837997941272","-144.38837997941272","-144.38837997941272","-191.98530481849465","-191.98530481849465","-191.98530481849465","-100.17054041345254","-100.17054041345254","-100.17054041345254","-170.52371620534868","-170.52371620534868","-170.52371620534868","-138.72272891058284","-138.72272891058284","-138.72272891058284","-144.32316127186772","-144.32316127186772","-144.32316127186772","-170.5803148032556","-170.5803148032556","-170.5803148032556","-122.57605000708809","-122.57605000708809","-122.57605000708809","-237.55400070001642","-237.55400070001642","-237.55400070001642","-220.0175119437431","-220.0175119437431","-220.0175119437431","-120.07936480067391","-120.07936480067391","-120.07936480067391","-146.42210211563926","-146.42210211563926","-146.42210211563926","-120.32021149639763","-120.32021149639763","-120.32021149639763","-178.59325463553537","-178.59325463553537","-178.59325463553537","-121.65365544267831","-121.65365544267831","-121.65365544267831"
"11700","-141.57833633275877","-141.57833633275877","-141.57833633275877","-215.18652463850754","-215.18652463850754","-215.18652463850754","-251.83322253209863","-251.83322253209863","-251.83322253209863","-214.11194539849754","-214.11194539849754","-214.11194539849754","-145.982345138694","-145.982345138694","-145.982345138694","-145.29507127076766","-145.29507127076766","-145.29507127076766","-191.5663957259861","-191.5663957259861","-191.5663957259861","-98.64213439825173","-98.64213439825173","-98.64213439825173","-170.65586577807636","-170.65586577807636","-170.65586577807636","-139.98134145698486","-139.98134145698486","-139.98134145698486","-144.30988983242509","-144.30988983242509","-144.30988983242509","-171.45115828517515","-171.45115828517515","-171.45115828517515","-123.5105694543875","-123.5105694543875","-123.5105694543875","-261.87646882889374","-261.87646882889374","-261.87646882889374","-168.29986455335137","-168.29986455335137","-168.29986455335137","-120.441827303343","-120.441827303343","-120.441827303343","-149.53239295101952","-149.53239295101952","-149.53239295101952","-120.74330797135558","-120.74330797135558","-120.74330797135558","-172.39522317231268","-172.39522317231268","-172.39522317231268","-122.21672237042208","-122.21672237042208","-122.21672237042208"
"12000","-141.90434268486803","-141.90434268486803","-141.90434268486803","-217.27259662590882","-217.27259662590882","-217.27259662590882","-252.99435546501954","-252.99435546501954","-252.99435546501954","-242.78905164488515","-242.78905164488515","-242.78905164488515","-143.9949371737746","-143.9949371737746","-143.9949371737746","-144.4133375321212","-144.4133375321212","-144.4133375321212","-192.57944527733625","-192.57944527733625","-192.57944527733625","-99.06735118524696","-99.06735118524696","-99.06735118524696","-169.74625317988836","-169.74625317988836","-169.74625317988836","-139.9052380188848","-139.9052380188848","-139.9052380188848","-144.62384300021677","-144.62384300021677","-144.62384300021677","-172.46342188445453","-172.46342188445453","-172.46342188445453","-122.1173364577594","-122.1173364577594","-122.1173364577594","-368.1083789510017","-368.1083789510017","-368.1083789510017","-168.39155816806573","-168.39155816806573","-168.39155816806573","-120.38903850678278","-120.38903850678278","-120.38903850678278","-146.47793166615165","-146.47793166615165","-146.47793166615165","-120.74707152930466","-120.74707152930466","-120.74707152930466","-172.32046284211782","-172.32046284211782","-172.32046284211782","-123.04380558252112","-123.04380558252112","-123.04380558252112"
"12300","-141.07084022767035","-141.07084022767035","-141.07084022767035","-191.89775458456432","-191.89775458456432","-191.89775458456432","-232.46810938888007","-232.46810938888007","-232.46810938888007","-213.73923938366752","-213.73923938366752","-213.73923938366752","-144.26408949590956","-144.26408949590956","-144.26408949590956","-144.26443572549493","-144.26443572549493","-144.26443572549493","-191.554859824193","-191.554859824193","-191.554859824193","-98.63104279447582","-98.63104279447582","-98.63104279447582","-170.09462624255383","-170.09462624255383","-170.09462624255383","-138.94754104816792","-138.94754104816792","-138.94754104816792","-143.9561485881929","-143.9561485881929","-143.9561485881929","-172.5552652661334","-172.5552652661334","-172.5552652661334","-122.27686397127593","-122.27686397127593","-122.27686397127593","-236.7229918663416","-236.7229918663416","-236.7229918663416","-167.85453283907833","-167.85453283907833","-167.85453283907833","-120.4582374843583","-120.4582374843583","-120.4582374843583","-147.86226225449968","-147.86226225449968","-147.86226225449968","-120.68312773819328","-120.68312773819328","-120.68312773819328","-171.62650628528857","-171.62650628528857","-171.62650628528857","-121.62839144083401","-121.62839144083401","-121.62839144083401"
"12600","-140.90212986614188","-140.90212986614188","-140.90212986614188","-214.57210505197912","-214.57210505197912","-214.57210505197912","-232.5050174789529","-232.5050174789529","-232.5050174789529","-214.4590660561201","-214.4590660561201","-214.4590660561201","-144.43460050662569","-144.43460050662569","-144.43460050662569","-142.8201602241324","-142.8201602241324","-142.8201602241324","-193.4253765948352","-193.4253765948352","-193.4253765948352","-97.81137845782087","-97.81137845782087","-97.81137845782087","-169.65753920958727","-169.65753920958727","-169.65753920958727","-138.60526065758577","-138.60526065758577","-138.60526065758577","-144.03415641772324","-144.03415641772324","-144.03415641772324","-171.35859400901535","-171.35859400901535","-171.35859400901535","-122.26924830101738","-122.26924830101738","-122.26924830101738","-208.8768420364201","-208.8768420364201","-208.8768420364201","-168.52649183867223","-168.52649183867223","-168.52649183867223","-120.58700486369621","-120.58700486369621","-120.58700486369621","-147.37819897503834","-147.37819897503834","-147.37819897503834","-121.09326059180508","-121.09326059180508","-121.09326059180508","-170.58588447302083","-170.58588447302083","-170.58588447302083","-122.01963836802778","-122.01963836802778","-122.01963836802778"
"12900","-141.82165163048433","-141.82165163048433","-141.82165163048433","-191.00669849540597","-191.00669849540597","-191.00669849540597","-229.57419225639669","-229.57419225639669","-229.57419225639669","-214.10820625102482","-214.10820625102482","-214.10820625102482","-143.78492796256583","-143.78492796256583","-143.78492796256583","-143.55599399286316","-143.55599399286316","-143.55599399286316","-192.95258755267773","-192.95258755267773","-192.95258755267773","-97.42297790560154","-97.42297790560154","-97.42297790560154","-170.442853920936","-170.442853920936","-170.442853920936","-137.75008779888657","-137.75008779888657","-137.75008779888657","-144.32481197899335","-144.32481197899335","-144.32481197899335","-170.70553095699378","-170.70553095699378","-170.70553095699378","-121.65648997415137","-121.65648997415137","-121.65648997415137","-263.3226939422022","-263.3226939422022","-263.3226939422022","-168.1400589738498","-168.1400589738498","-168.1400589738498","-121.29979412348105","-121.29979412348105","-121.29979412348105","-146.68455047700357","-146.68455047700357","-146.68455047700357","-120.64146005077814","-120.64146005077814","-120.64146005077814","-170.39990489340596","-170.39990489340596","-170.39990489340596","-122.26439148030663","-122.26439148030663","-122.26439148030663"
"13200","-141.4807274133118","-141.4807274133118","-141.4807274133118","-192.0191777818068","-192.0191777818068","-192.0191777818068","-255.47703202583338","-255.47703202583338","-255.47703202583338","-265.6002792821432","-265.6002792821432","-265.6002792821432","-144.24804489819837","-144.24804489819837","-144.24804489819837","-141.659114675205","-141.659114675205","-141.659114675205","-191.04800357371525","-191.04800357371525","-191.04800357371525","-97.43737171536849","-97.43737171536849","-97.43737171536849","-170.84303467190185","-170.84303467190185","-170.84303467190185","-136.6201451705267","-136.6201451705267","-136.6201451705267","-144.01372580864057","-144.01372580864057","-144.01372580864057","-170.33480215103043","-170.33480215103043","-170.33480215103043","-122.466628233568","-122.466628233568","-122.466628233568","-211.1498369412283","-211.1498369412283","-211.1498369412283","-168.32179783172924","-168.32179783172924","-168.32179783172924","-120.90116572145853","-120.90116572145853","-120.90116572145853","-145.28643761058504","-145.28643761058504","-145.28643761058504","-121.37072234722491","-121.37072234722491","-121.37072234722491","-168.97558320990066","-168.97558320990066","-168.97558320990066","-123.31923612114979","-123.31923612114979","-123.31923612114979"
"13500","-142.09810242828354","-142.09810242828354","-142.09810242828354","-191.8148963736958","-191.8148963736958","-191.8148963736958","-229.36075710823525","-229.36075710823525","-229.36075710823525","-237.57622574586898","-237.57622574586898","-237.57622574586898","-143.39595308047635","-143.39595308047635","-143.39595308047635","-140.95370138685394","-140.95370138685394","-140.95370138685394","-190.99039487154892","-190.99039487154892","-190.99039487154892","-97.6650705636943","-97.6650705636943","-97.6650705636943","-170.73045739549858","-170.73045739549858","-170.73045739549858","-135.62583503458376","-135.62583503458376","-135.62583503458376","-143.75808418675703","-143.75808418675703","-143.75808418675703","-171.0907322819816","-171.0907322819816","-171.0907322819816","-122.18045136463027","-122.18045136463027","-122.18045136463027","-211.26465335485318","-211.26465335485318","-211.26465335485318","-167.19069111173275","-167.19069111173275","-167.19069111173275","-121.23551454075837","-121.23551454075837","-121.23551454075837","-143.95595835568315","-143.95595835568315","-143.95595835568315","-121.53609646102446","-121.53609646102446","-121.53609646102446","-169.80591154555833","-169.80591154555833","-169.80591154555833","-123.01500296158842","-123.01500296158842","-123.01500296158842"
"13800","-143.012373583695","-143.012373583695","-143.012373583695","-215.1083454255545","-215.1083454255545","-215.1083454255545","-229.13654322254934","-229.13654322254934","-229.13654322254934","-239.05065329603158","-239.05065329603158","-239.05065329603158","-143.81503280019965","-143.81503280019965","-143.81503280019965","-141.34869348759824","-141.34869348759824","-141.34869348759824","-191.16550064776203","-191.16550064776203","-191.16550064776203","-99.35380038395274","-99.35380038395274","-99.35380038395274","-169.2612825599498","-169.2612825599498","-169.2612825599498","-136.5989205252111","-136.5989205252111","-136.5989205252111","-143.7262453537701","-143.7262453537701","-143.7262453537701","-170.61222462759963","-170.61222462759963","-170.61222462759963","-122.65811422246543","-122.65811422246543","-122.65811422246543","-209.55294373526257","-209.55294373526257","-209.55294373526257","-167.1518542552064","-167.1518542552064","-167.1518542552064","-121.31531769502416","-121.31531769502416","-121.31531769502416","-143.74527370006254","-143.74527370006254","-143.74527370006254","-121.07484868818558","-121.07484868818558","-121.07484868818558","-170.7731366631362","-170.7731366631362","-170.7731366631362","-123.17641342108182","-123.17641342108182","-123.17641342108182"
"14100","-143.44216756836576","-143.44216756836576","-143.44216756836576","-192.75654296211607","-192.75654296211607","-192.75654296211607","-230.0939839225442","-230.0939839225442","-230.0939839225442","-210.51971847011546","-210.51971847011546","-210.51971847011546","-144.19602942210403","-144.19602942210403","-144.19602942210403","-142.00335722502408","-142.00335722502408","-142.00335722502408","-191.23263262854522","-191.23263262854522","-191.23263262854522","-99.23164333406204","-99.23164333406204","-99.23164333406204","-169.0536948359742","-169.0536948359742","-169.0536948359742","-136.3631538242127","-136.3631538242127","-136.3631538242127","-143.78820381541934","-143.78820381541934","-143.78820381541934","-170.64046268117684","-170.64046268117684","-170.64046268117684","-122.62406026439221","-122.62406026439221","-122.62406026439221","-209.59629808278996","-209.59629808278996","-209.59629808278996","-167.27978477239975","-167.27978477239975","-167.27978477239975","-121.50277524028888","-121.50277524028888","-121.50277524028888","-144.0651457222859","-144.0651457222859","-144.0651457222859","-121.83485538714078","-121.83485538714078","-121.83485538714078","-170.47910506894158","-170.47910506894158","-170.47910506894158","-123.18998255181896","-123.18998255181896","-123.18998255181896"
"14400","-142.57121989449024","-142.57121989449024","-142.57121989449024","-192.76872174197922","-192.76872174197922","-192.76872174197922","-251.75276481568372","-251.75276481568372","-251.75276481568372","-212.36256491653313","-212.36256491653313","-212.36256491653313","-143.56304064310112","-143.56304064310112","-143.56304064310112","-142.87483087971307","-142.87483087971307","-142.87483087971307","-189.88986606431496","-189.88986606431496","-189.88986606431496","-101.14176492168232","-101.14176492168232","-101.14176492168232","-169.10715669738764","-169.10715669738764","-169.10715669738764","-127.35431416575784","-127.35431416575784","-127.35431416575784","-143.90879568588647","-143.90879568588647","-143.90879568588647","-171.22853784042422","-171.22853784042422","-171.22853784042422","-121.67248182575493","-121.67248182575493","-121.67248182575493","-210.20558357213923","-210.20558357213923","-210.20558357213923","-166.450642898853","-166.450642898853","-166.450642898853","-121.5871668645143","-121.5871668645143","-121.5871668645143","-143.74381479815298","-143.74381479815298","-143.74381479815298","-121.38957531382376","-121.38957531382376","-121.38957531382376","-169.31944307139452","-169.31944307139452","-169.31944307139452","-122.42246104818847","-122.42246104818847","-122.42246104818847"
"14700","-142.15317270976712","-142.15317270976712","-142.15317270976712","-213.88558645642382","-213.88558645642382","-213.88558645642382","-224.59846766657498","-224.59846766657498","-224.59846766657498","-211.12599340644184","-211.12599340644184","-211.12599340644184","-143.7230415458116","-143.7230415458116","-143.7230415458116","-140.41972240487377","-140.41972240487377","-140.41972240487377","-189.4480122334362","-189.4480122334362","-189.4480122334362","-100.86479721340862","-100.86479721340862","-100.86479721340862","-169.54516143364353","-169.54516143364353","-169.54516143364353","-126.27612258212969","-126.27612258212969","-126.27612258212969","-144.18839234517986","-144.18839234517986","-144.18839234517986","-171.32103360973875","-171.32103360973875","-171.32103360973875","-124.43983830773591","-124.43983830773591","-124.43983830773591","-209.42572688932668","-209.42572688932668","-209.42572688932668","-166.6439291461025","-166.6439291461025","-166.6439291461025","-122.1145858478094","-122.1145858478094","-122.1145858478094","-143.10951321336935","-143.10951321336935","-143.10951321336935","-122.26047586792451","-122.26047586792451","-122.26047586792451","-171.5426771729357","-171.5426771729357","-171.5426771729357","-122.67190687380366","-122.67190687380366","-122.67190687380366"
"15000","-143.15473278839028","-143.15473278839028","-143.15473278839028","-215.18801796400675","-215.18801796400675","-215.18801796400675","-224.7433715612338","-224.7433715612338","-224.7433715612338","-210.87440510771913","-210.87440510771913","-210.87440510771913","-143.41262455995064","-143.41262455995064","-143.41262455995064","-141.87690121527933","-141.87690121527933","-141.87690121527933","-190.03448663567488","-190.03448663567488","-190.03448663567488","-100.56211289833968","-100.56211289833968","-100.56211289833968","-170.1522670711049","-170.1522670711049","-170.1522670711049","-125.2612480710452","-125.2612480710452","-125.2612480710452","-144.589892644732","-144.589892644732","-144.589892644732","-171.91065339908454","-171.91065339908454","-171.91065339908454","-122.37652880260396","-122.37652880260396","-122.37652880260396","-209.35583933526112","-209.35583933526112","-209.35583933526112","-167.44554610588386","-167.44554610588386","-167.44554610588386","-123.21848166684399","-123.21848166684399","-123.21848166684399","-143.04125086579617","-143.04125086579617","-143.04125086579617","-122.22116947788145","-122.22116947788145","-122.22116947788145","-169.37961947635395","-169.37961947635395","-169.37961947635395","-123.00483081234772","-123.00483081234772","-123.00483081234772"
"15300","-143.23496361889624","-143.23496361889624","-143.23496361889624","-192.89987945624","-192.89987945624","-192.89987945624","-223.41684488605125","-223.41684488605125","-223.41684488605125","-211.3390969723182","-211.3390969723182","-211.3390969723182","-143.20848715269298","-143.20848715269298","-143.20848715269298","-141.31638475719757","-141.31638475719757","-141.31638475719757","-189.8338919663708","-189.8338919663708","-189.8338919663708","-101.81135639579084","-101.81135639579084","-101.81135639579084","-170.2945913340189","-170.2945913340189","-170.2945913340189","-126.09956712851715","-126.09956712851715","-126.09956712851715","-144.80148357096112","-144.80148357096112","-144.80148357096112","-172.4703310419431","-172.4703310419431","-172.4703310419431","-122.6482043448091","-122.6482043448091","-122.6482043448091","-209.4408792837287","-209.4408792837287","-209.4408792837287","-168.12299065355575","-168.12299065355575","-168.12299065355575","-123.17687200902587","-123.17687200902587","-123.17687200902587","-142.49349226472856","-142.49349226472856","-142.49349226472856","-122.07934736498494","-122.07934736498494","-122.07934736498494","-169.44789846530816","-169.44789846530816","-169.44789846530816","-122.83068467950936","-122.83068467950936","-122.83068467950936"
"15600","-142.26958905741452","-142.26958905741452","-142.26958905741452","-217.072267076445","-217.072267076445","-217.072267076445","-245.8846255177185","-245.8846255177185","-245.8846255177185","-211.01976436892278","-211.01976436892278","-211.01976436892278","-143.84941859232094","-143.84941859232094","-143.84941859232094","-141.16305346645777","-141.16305346645777","-141.16305346645777","-190.7789997929364","-190.7789997929364","-190.7789997929364","-100.46371733744789","-100.46371733744789","-100.46371733744789","-171.2290442658908","-171.2290442658908","-171.2290442658908","-126.3127577191699","-126.3127577191699","-126.3127577191699","-144.44336417436463","-144.44336417436463","-144.44336417436463","-173.51757522761642","-173.51757522761642","-173.51757522761642","-123.06037622101078","-123.06037622101078","-123.06037622101078","-208.858347971407","-208.858347971407","-208.858347971407","-167.8940492523192","-167.8940492523192","-167.8940492523192","-123.93080603481008","-123.93080603481008","-123.93080603481008","-142.13699514711158","-142.13699514711158","-142.13699514711158","-123.09656299807276","-123.09656299807276","-123.09656299807276","-171.76866908182623","-171.76866908182623","-171.76866908182623","-122.8743091895105","-122.8743091895105","-122.8743091895105"
"15900","-143.22555118450012","-143.22555118450012","-143.22555118450012","-211.98506180770227","-211.98506180770227","-211.98506180770227","-247.0380500397677","-247.0380500397677","-247.0380500397677","-211.72267415968744","-211.72267415968744","-211.72267415968744","-143.20448818874837","-143.20448818874837","-143.20448818874837","-141.3210994261049","-141.3210994261049","-141.3210994261049","-190.27705266220656","-190.27705266220656","-190.27705266220656","-100.28419581044952","-100.28419581044952","-100.28419581044952","-171.37766391395076","-171.37766391395076","-171.37766391395076","-124.73523947372853","-124.73523947372853","-124.73523947372853","-144.36626104723638","-144.36626104723638","-144.36626104723638","-174.43010025999027","-174.43010025999027","-174.43010025999027","-562.2903547033309","-562.2903547033309","-562.2903547033309","-207.74771517269966","-207.74771517269966","-207.74771517269966","-167.30709918420817","-167.30709918420817","-167.30709918420817","-124.45565998281374","-124.45565998281374","-124.45565998281374","-141.35654671240712","-141.35654671240712","-141.35654671240712","-123.79606286350534","-123.79606286350534","-123.79606286350534","-170.88786607873521","-170.88786607873521","-170.88786607873521","-122.64860325488084","-122.64860325488084","-122.64860325488084"
"16200","-143.27316608832646","-143.27316608832646","-143.27316608832646","-188.70183777587258","-188.70183777587258","-188.70183777587258","-246.2003329630095","-246.2003329630095","-246.2003329630095","-211.67683634396562","-211.67683634396562","-211.67683634396562","-143.42529693891566","-143.42529693891566","-143.42529693891566","-141.81138828662247","-141.81138828662247","-141.81138828662247","-191.27741159555583","-191.27741159555583","-191.27741159555583","-100.91991041866763","-100.91991041866763","-100.91991041866763","-171.9228934409442","-171.9228934409442","-171.9228934409442","-126.52188583454638","-126.52188583454638","-126.52188583454638","-144.30456045198542","-144.30456045198542","-144.30456045198542","-174.45452401530457","-174.45452401530457","-174.45452401530457","-122.76585542915052","-122.76585542915052","-122.76585542915052","-210.42476831777503","-210.42476831777503","-210.42476831777503","-166.7260121343342","-166.7260121343342","-166.7260121343342","-123.5519521986652","-123.5519521986652","-123.5519521986652","-141.55909977947724","-141.55909977947724","-141.55909977947724","-124.73894991500507","-124.73894991500507","-124.73894991500507","-172.13273464887465","-172.13273464887465","-172.13273464887465","-122.50664927256","-122.50664927256","-122.50664927256"
"16500","-142.8448227788289","-142.8448227788289","-142.8448227788289","-213.13833074250118","-213.13833074250118","-213.13833074250118","-248.24924478840563","-248.24924478840563","-248.24924478840563","-210.51718380248963","-210.51718380248963","-210.51718380248963","-142.55872646375298","-142.55872646375298","-142.55872646375298","-140.7696672087892","-140.7696672087892","-140.7696672087892","-189.25029253707","-189.25029253707","-189.25029253707","-100.86068891432137","-100.86068891432137","-100.86068891432137","-172.7329137050336","-172.7329137050336","-172.7329137050336","-136.1146618870155","-136.1146618870155","-136.1146618870155","-144.05354890447006","-144.05354890447006","-144.05354890447006","-174.31806967525628","-174.31806967525628","-174.31806967525628","-121.91676443724012","-121.91676443724012","-121.91676443724012","-208.25044559689408","-208.25044559689408","-208.25044559689408","-167.1047176383027","-167.1047176383027","-167.1047176383027","-125.0700360200116","-125.0700360200116","-125.0700360200116","-141.30696727028806","-141.30696727028806","-141.30696727028806","-124.97903326457197","-124.97903326457197","-124.97903326457197","-170.70900227938915","-170.70900227938915","-170.70900227938915","-122.02759809216607","-122.02759809216607","-122.02759809216607"
"16800","-142.37357576408635","-142.37357576408635","-142.37357576408635","-190.95542732458338","-190.95542732458338","-190.95542732458338","-251.59889348597343","-251.59889348597343","-251.59889348597343","-212.24768620234698","-212.24768620234698","-212.24768620234698","-143.49987057899367","-143.49987057899367","-143.49987057899367","-141.95777967689236","-141.95777967689236","-141.95777967689236","-189.4705492898027","-189.4705492898027","-189.4705492898027","-101.39565359607175","-101.39565359607175","-101.39565359607175","-174.05951880595615","-174.05951880595615","-174.05951880595615","-127.82364145696658","-127.82364145696658","-127.82364145696658","-144.0016853800228","-144.0016853800228","-144.0016853800228","-174.30421609784918","-174.30421609784918","-174.30421609784918","-121.58411187560827","-121.58411187560827","-121.58411187560827","-209.86102409715008","-209.86102409715008","-209.86102409715008","-167.23912177223468","-167.23912177223468","-167.23912177223468","-124.365853483301","-124.365853483301","-124.365853483301","-142.01631384596016","-142.01631384596016","-142.01631384596016","-123.70894847284592","-123.70894847284592","-123.70894847284592","-171.72561791264872","-171.72561791264872","-171.72561791264872","-121.68873647520302","-121.68873647520302","-121.68873647520302"
"17100","-142.92388702586598","-142.92388702586598","-142.92388702586598","-190.248057472191","-190.248057472191","-190.248057472191","-249.23416371433783","-249.23416371433783","-249.23416371433783","-211.10745292596522","-211.10745292596522","-211.10745292596522","-143.05151444325173","-143.05151444325173","-143.05151444325173","-141.84197222258297","-141.84197222258297","-141.84197222258297","-194.04570606213605","-194.04570606213605","-194.04570606213605","-101.08966684647893","-101.08966684647893","-101.08966684647893","-174.46674156769777","-174.46674156769777","-174.46674156769777","-133.56722862486467","-133.56722862486467","-133.56722862486467","-143.63290262465745","-143.63290262465745","-143.63290262465745","-174.8780266061945","-174.8780266061945","-174.8780266061945","-121.347896752114","-121.347896752114","-121.347896752114","-210.26573306269475","-210.26573306269475","-210.26573306269475","-166.47979371010896","-166.47979371010896","-166.47979371010896","-122.71002953134636","-122.71002953134636","-122.71002953134636","-141.1893346868143","-141.1893346868143","-141.1893346868143","-124.19743629869185","-124.19743629869185","-124.19743629869185","-171.97991145256816","-171.97991145256816","-171.97991145256816","-121.32616224837048","-121.32616224837048","-121.32616224837048"
"17400","-142.4090269859985","-142.4090269859985","-142.4090269859985","-191.97762336397847","-191.97762336397847","-191.97762336397847","-247.40780064871933","-247.40780064871933","-247.40780064871933","-212.1129031181581","-212.1129031181581","-212.1129031181581","-142.95064189760117","-142.95064189760117","-142.95064189760117","-142.59051493578303","-142.59051493578303","-142.59051493578303","-192.8148169974843","-192.8148169974843","-192.8148169974843","-100.35606712800084","-100.35606712800084","-100.35606712800084","-173.76158115868435","-173.76158115868435","-173.76158115868435","-134.6313271683067","-134.6313271683067","-134.6313271683067","-143.3958332550605","-143.3958332550605","-143.3958332550605","-175.0904041526726","-175.0904041526726","-175.0904041526726","-146.90799834728827","-146.90799834728827","-146.90799834728827","-209.06394697785703","-209.06394697785703","-209.06394697785703","-167.0869404442492","-167.0869404442492","-167.0869404442492","-121.21327645619199","-121.21327645619199","-121.21327645619199","-141.80293664122118","-141.80293664122118","-141.80293664122118","-124.54897285139018","-124.54897285139018","-124.54897285139018","-171.79767617925847","-171.79767617925847","-171.79767617925847","-121.52363017384576","-121.52363017384576","-121.52363017384576"
"17700","-142.39811852551716","-142.39811852551716","-142.39811852551716","-218.3510267752838","-218.3510267752838","-218.3510267752838","-246.8599987308255","-246.8599987308255","-246.8599987308255","-210.72504132237464","-210.72504132237464","-210.72504132237464","-142.69314943822044","-142.69314943822044","-142.69314943822044","-142.55216448634562","-142.55216448634562","-142.55216448634562","-192.579570742157","-192.579570742157","-192.579570742157","-100.17138351347293","-100.17138351347293","-100.17138351347293","-173.2878964112166","-173.2878964112166","-173.2878964112166","-133.78648675934434","-133.78648675934434","-133.78648675934434","-143.45803595796843","-143.45803595796843","-143.45803595796843","-175.91172038196703","-175.91172038196703","-175.91172038196703","-121.02732578216857","-121.02732578216857","-121.02732578216857","-210.06132788019346","-210.06132788019346","-210.06132788019346","-168.02187908491538","-168.02187908491538","-168.02187908491538","-120.77497276585927","-120.77497276585927","-120.77497276585927","-142.2150967325103","-142.2150967325103","-142.2150967325103","-126.5539424222491","-126.5539424222491","-126.5539424222491","-171.76483903233984","-171.76483903233984","-171.76483903233984","-125.54995012451805","-125.54995012451805","-125.54995012451805"
"18000","-142.12526299305594","-142.12526299305594","-142.12526299305594","-195.4309893191547","-195.4309893191547","-195.4309893191547","-246.56352271166224","-246.56352271166224","-246.56352271166224","-211.02315113735693","-211.02315113735693","-211.02315113735693","-143.51347454148186","-143.51347454148186","-143.51347454148186","-142.32800147499893","-142.32800147499893","-142.32800147499893","-192.97113673486874","-192.97113673486874","-192.97113673486874","-99.75608426518004","-99.75608426518004","-99.75608426518004","-172.86563863416131","-172.86563863416131","-172.86563863416131","-133.5235942023236","-133.5235942023236","-133.5235942023236","-143.84434255966974","-143.84434255966974","-143.84434255966974","-175.77720029767892","-175.77720029767892","-175.77720029767892","-121.27211272217698","-121.27211272217698","-121.27211272217698","-210.28633498538767","-210.28633498538767","-210.28633498538767","-167.2273592798309","-167.2273592798309","-167.2273592798309","-121.13818418089397","-121.13818418089397","-121.13818418089397","-142.74698063833347","-142.74698063833347","-142.74698063833347","-126.76098690720964","-126.76098690720964","-126.76098690720964","-170.18839511485422","-170.18839511485422","-170.18839511485422","-126.77769086103743","-126.77769086103743","-126.77769086103743"
"18300","-143.4159836749913","-143.4159836749913","-143.4159836749913","-195.94481198141924","-195.94481198141924","-195.94481198141924","-248.57806985262715","-248.57806985262715","-248.57806985262715","-210.41608311097025","-210.41608311097025","-210.41608311097025","-142.92643922413694","-142.92643922413694","-142.92643922413694","-142.85923090807358","-142.85923090807358","-142.85923090807358","-194.02242479120224","-194.02242479120224","-194.02242479120224","-99.11618172623055","-99.11618172623055","-99.11618172623055","-175.09782039139","-175.09782039139","-175.09782039139","-132.53804996757805","-132.53804996757805","-132.53804996757805","-143.52691014412562","-143.52691014412562","-143.52691014412562","-175.314748189778","-175.314748189778","-175.314748189778","-150.0267138111749","-150.0267138111749","-150.0267138111749","-208.7010203661825","-208.7010203661825","-208.7010203661825","-168.03800475937945","-168.03800475937945","-168.03800475937945","-121.32981010911507","-121.32981010911507","-121.32981010911507","-143.1628511197906","-143.1628511197906","-143.1628511197906","-126.86821371943718","-126.86821371943718","-126.86821371943718","-170.54409136557905","-170.54409136557905","-170.54409136557905","-126.84619832933986","-126.84619832933986","-126.84619832933986"
"18600","-145.88758614922187","-145.88758614922187","-145.88758614922187","-195.70890419893735","-195.70890419893735","-195.70890419893735","-246.94563762368534","-246.94563762368534","-246.94563762368534","-211.06707019377103","-211.06707019377103","-211.06707019377103","-143.1189790776234","-143.1189790776234","-143.1189790776234","-146.00914212929084","-146.00914212929084","-146.00914212929084","-193.810042271444","-193.810042271444","-193.810042271444","-99.19087865271817","-99.19087865271817","-99.19087865271817","-173.81671197905456","-173.81671197905456","-173.81671197905456","-132.90653200107562","-132.90653200107562","-132.90653200107562","-143.65656216730855","-143.65656216730855","-143.65656216730855","-171.78863367501103","-171.78863367501103","-171.78863367501103","-121.52473431957064","-121.52473431957064","-121.52473431957064","-208.86832399123836","-208.86832399123836","-208.86832399123836","-167.31791985447984","-167.31791985447984","-167.31791985447984","-121.34280529122813","-121.34280529122813","-121.34280529122813","-144.46541037479716","-144.46541037479716","-144.46541037479716","-126.60887033792719","-126.60887033792719","-126.60887033792719","-171.32680719162266","-171.32680719162266","-171.32680719162266","-125.92295620230588","-125.92295620230588","-125.92295620230588"
"18900","-145.07381927321137","-145.07381927321137","-145.07381927321137","-194.68252799121484","-194.68252799121484","-194.68252799121484","-248.36927333498517","-248.36927333498517","-248.36927333498517","-209.55466666919125","-209.55466666919125","-209.55466666919125","-143.54017922622614","-143.54017922622614","-143.54017922622614","-148.04588036024234","-148.04588036024234","-148.04588036024234","-194.06991523355714","-194.06991523355714","-194.06991523355714","-98.51669351329345","-98.51669351329345","-98.51669351329345","-177.16790116717024","-177.16790116717024","-177.16790116717024","-126.86704764613569","-126.86704764613569","-126.86704764613569","-143.52919965364774","-143.52919965364774","-143.52919965364774","-170.95176386664792","-170.95176386664792","-170.95176386664792","-121.42229594794985","-121.42229594794985","-121.42229594794985","-208.90303495203722","-208.90303495203722","-208.90303495203722","-167.71688229053095","-167.71688229053095","-167.71688229053095","-120.03384593555555","-120.03384593555555","-120.03384593555555","-144.06487196425138","-144.06487196425138","-144.06487196425138","-127.79723558790572","-127.79723558790572","-127.79723558790572","-170.31498766880173","-170.31498766880173","-170.31498766880173","-125.3523990221402","-125.3523990221402","-125.3523990221402"
"19200","-144.30021746969217","-144.30021746969217","-144.30021746969217","-195.15178662649126","-195.15178662649126","-195.15178662649126","-247.85220639639118","-247.85220639639118","-247.85220639639118","-209.3468555056172","-209.3468555056172","-209.3468555056172","-142.9465858884169","-142.9465858884169","-142.9465858884169","-147.47256578964726","-147.47256578964726","-147.47256578964726","-193.36373746699564","-193.36373746699564","-193.36373746699564","-98.34467462152301","-98.34467462152301","-98.34467462152301","-176.1039477314665","-176.1039477314665","-176.1039477314665","-131.9442877033269","-131.9442877033269","-131.9442877033269","-143.7780297034821","-143.7780297034821","-143.7780297034821","-171.12348843397234","-171.12348843397234","-171.12348843397234","-121.21848518533989","-121.21848518533989","-121.21848518533989","-208.68760582998993","-208.68760582998993","-208.68760582998993","-167.82406164996104","-167.82406164996104","-167.82406164996104","-119.98222835765596","-119.98222835765596","-119.98222835765596","-144.59896354084884","-144.59896354084884","-144.59896354084884","-128.4658809263691","-128.4658809263691","-128.4658809263691","-170.07226566899703","-170.07226566899703","-170.07226566899703","-124.94738156538438","-124.94738156538438","-124.94738156538438"
"19500","-144.93318985929957","-144.93318985929957","-144.93318985929957","-218.58172198424208","-218.58172198424208","-218.58172198424208","-249.3655201375374","-249.3655201375374","-249.3655201375374","-209.37296721932617","-209.37296721932617","-209.37296721932617","-142.66487913395048","-142.66487913395048","-142.66487913395048","-147.5982927115993","-147.5982927115993","-147.5982927115993","-194.33959264608205","-194.33959264608205","-194.33959264608205","-98.56417190106725","-98.56417190106725","-98.56417190106725","-176.45451436660534","-176.45451436660534","-176.45451436660534","-132.04114012035242","-132.04114012035242","-132.04114012035242","-144.08253044946196","-144.08253044946196","-144.08253044946196","-170.52397709074907","-170.52397709074907","-170.52397709074907","-121.13351263681008","-121.13351263681008","-121.13351263681008","-206.78728338425861","-206.78728338425861","-206.78728338425861","-167.7243654178099","-167.7243654178099","-167.7243654178099","-120.88820183741993","-120.88820183741993","-120.88820183741993","-145.00638979290326","-145.00638979290326","-145.00638979290326","-128.18853653226645","-128.18853653226645","-128.18853653226645","-170.9676043312474","-170.9676043312474","-170.9676043312474","-124.07086209384617","-124.07086209384617","-124.07086209384617"
"19800","-145.5914240770456","-145.5914240770456","-145.5914240770456","-193.78719184642756","-193.78719184642756","-193.78719184642756","-247.40748625576379","-247.40748625576379","-247.40748625576379","-210.05469507766423","-210.05469507766423","-210.05469507766423","-142.76887558219255","-142.76887558219255","-142.76887558219255","-145.87427354943605","-145.87427354943605","-145.87427354943605","-192.82476439515872","-192.82476439515872","-192.82476439515872","-98.28754957665613","-98.28754957665613","-98.28754957665613","-176.40369022526363","-176.40369022526363","-176.40369022526363","-132.46173534058295","-132.46173534058295","-132.46173534058295","-143.73335711616951","-143.73335711616951","-143.73335711616951","-171.15233688244498","-171.15233688244498","-171.15233688244498","-121.10090851319892","-121.10090851319892","-121.10090851319892","-209.6237108091902","-209.6237108091902","-209.6237108091902","-167.7331753709839","-167.7331753709839","-167.7331753709839","-120.7931332584916","-120.7931332584916","-120.7931332584916","-145.44717050957624","-145.44717050957624","-145.44717050957624","-128.1466783138364","-128.1466783138364","-128.1466783138364","-170.69525292949933","-170.69525292949933","-170.69525292949933","-122.63264059046637","-122.63264059046637","-122.63264059046637"
"20100","-144.76431353984637","-144.76431353984637","-144.76431353984637","-194.6533130174501","-194.6533130174501","-194.6533130174501","-250.4417313974621","-250.4417313974621","-250.4417313974621","-209.7894079730532","-209.7894079730532","-209.7894079730532","-142.73233748143628","-142.73233748143628","-142.73233748143628","-146.43723763078907","-146.43723763078907","-146.43723763078907","-192.24430063646204","-192.24430063646204","-192.24430063646204","-98.22176368750789","-98.22176368750789","-98.22176368750789","-176.81351047619594","-176.81351047619594","-176.81351047619594","-131.99103374134415","-131.99103374134415","-131.99103374134415","-144.1417567205396","-144.1417567205396","-144.1417567205396","-171.61113523374968","-171.61113523374968","-171.61113523374968","-121.08439339144263","-121.08439339144263","-121.08439339144263","-209.0884533706177","-209.0884533706177","-209.0884533706177","-167.65535262520416","-167.65535262520416","-167.65535262520416","-121.20137410628999","-121.20137410628999","-121.20137410628999","-146.93037746526463","-146.93037746526463","-146.93037746526463","-127.7691511039025","-127.7691511039025","-127.7691511039025","-169.93583326761834","-169.93583326761834","-169.93583326761834","-122.33325322241399","-122.33325322241399","-122.33325322241399"
"20400","-144.64998698649737","-144.64998698649737","-144.64998698649737","-215.72196909479504","-215.72196909479504","-215.72196909479504","-247.38877997714636","-247.38877997714636","-247.38877997714636","-210.41515858351787","-210.41515858351787","-210.41515858351787","-142.66278380930945","-142.66278380930945","-142.66278380930945","-144.7753607052878","-144.7753607052878","-144.7753607052878","-191.40710602868936","-191.40710602868936","-191.40710602868936","-98.15275246608704","-98.15275246608704","-98.15275246608704","-178.40602175390347","-178.40602175390347","-178.40602175390347","-131.8908008208081","-131.8908008208081","-131.8908008208081","-144.1097812287487","-144.1097812287487","-144.1097812287487","-171.59248340757247","-171.59248340757247","-171.59248340757247","-121.18663478822376","-121.18663478822376","-121.18663478822376","-207.77179032272238","-207.77179032272238","-207.77179032272238","-167.66437901496178","-167.66437901496178","-167.66437901496178","-119.67488295192656","-119.67488295192656","-119.67488295192656","-145.65927493180715","-145.65927493180715","-145.65927493180715","-129.1633900322554","-129.1633900322554","-129.1633900322554","-169.72570879833611","-169.72570879833611","-169.72570879833611","-122.44976000703828","-122.44976000703828","-122.44976000703828"
"20700","-144.58721512570847","-144.58721512570847","-144.58721512570847","-193.12081049678676","-193.12081049678676","-193.12081049678676","-373.3342668872924","-373.3342668872924","-373.3342668872924","-209.49040795960497","-209.49040795960497","-209.49040795960497","-142.5105444284678","-142.5105444284678","-142.5105444284678","-144.37673588287595","-144.37673588287595","-144.37673588287595","-193.860089017018","-193.860089017018","-193.860089017018","-97.47626427540624","-97.47626427540624","-97.47626427540624","-177.68202465348364","-177.68202465348364","-177.68202465348364","-125.71916486597695","-125.71916486597695","-125.71916486597695","-143.94490821198556","-143.94490821198556","-143.94490821198556","-171.5994981142333","-171.5994981142333","-171.5994981142333","-121.28284307876956","-121.28284307876956","-121.28284307876956","-209.20296546777405","-209.20296546777405","-209.20296546777405","-168.68942955692899","-168.68942955692899","-168.68942955692899","-121.46044629928929","-121.46044629928929","-121.46044629928929","-146.0009856662633","-146.0009856662633","-146.0009856662633","-129.01570779291288","-129.01570779291288","-129.01570779291288","-170.17666750327467","-170.17666750327467","-170.17666750327467","-122.62568743609881","-122.62568743609881","-122.62568743609881"
"21000","-144.630487008712","-144.630487008712","-144.630487008712","-192.80687244064558","-192.80687244064558","-192.80687244064558","-249.06552985890895","-249.06552985890895","-249.06552985890895","-210.2447825967282","-210.2447825967282","-210.2447825967282","-143.26261681394527","-143.26261681394527","-143.26261681394527","-144.99721542320975","-144.99721542320975","-144.99721542320975","-191.98233701620777","-191.98233701620777","-191.98233701620777","-97.74652529836636","-97.74652529836636","-97.74652529836636","-176.91618289753112","-176.91618289753112","-176.91618289753112","-122.90195229567102","-122.90195229567102","-122.90195229567102","-144.2446403194245","-144.2446403194245","-144.2446403194245","-172.05629963121226","-172.05629963121226","-172.05629963121226","-121.20663964259954","-121.20663964259954","-121.20663964259954","-207.6676024976342","-207.6676024976342","-207.6676024976342","-168.0159489407866","-168.0159489407866","-168.0159489407866","-121.79348622286082","-121.79348622286082","-121.79348622286082","-146.62993645889355","-146.62993645889355","-146.62993645889355","-129.36534274753748","-129.36534274753748","-129.36534274753748","-169.55267481487152","-169.55267481487152","-169.55267481487152","-122.64079166902381","-122.64079166902381","-122.64079166902381"
"21300","-144.95673805209427","-144.95673805209427","-144.95673805209427","-192.31067745882285","-192.31067745882285","-192.31067745882285","-247.31108449660414","-247.31108449660414","-247.31108449660414","-210.0313803853465","-210.0313803853465","-210.0313803853465","-142.66731565783292","-142.66731565783292","-142.66731565783292","-145.23393956372135","-145.23393956372135","-145.23393956372135","-190.10759254747487","-190.10759254747487","-190.10759254747487","-97.6714009229565","-97.6714009229565","-97.6714009229565","-175.34331004069554","-175.34331004069554","-175.34331004069554","-131.26839752271457","-131.26839752271457","-131.26839752271457","-144.01293803732634","-144.01293803732634","-144.01293803732634","-174.2730311358538","-174.2730311358538","-174.2730311358538","-120.96433967092923","-120.96433967092923","-120.96433967092923","-206.87228170349258","-206.87228170349258","-206.87228170349258","-168.4285913718673","-168.4285913718673","-168.4285913718673","-120.34046241351878","-120.34046241351878","-120.34046241351878","-146.42062839722635","-146.42062839722635","-146.42062839722635","-129.0261321861513","-129.0261321861513","-129.0261321861513","-170.7384038826014","-170.7384038826014","-170.7384038826014","-122.41406092995874","-122.41406092995874","-122.41406092995874"
"21600","-143.89718721393427","-143.89718721393427","-143.89718721393427","-190.52001605912093","-190.52001605912093","-190.52001605912093","-247.33470086500475","-247.33470086500475","-247.33470086500475","-209.7518655192401","-209.7518655192401","-209.7518655192401","-142.84749413862642","-142.84749413862642","-142.84749413862642","-145.53119559246213","-145.53119559246213","-145.53119559246213","-190.51133102942364","-190.51133102942364","-190.51133102942364","-97.51120480974926","-97.51120480974926","-97.51120480974926","-176.1551697323511","-176.1551697323511","-176.1551697323511","-122.73321639294264","-122.73321639294264","-122.73321639294264","-144.9559042103572","-144.9559042103572","-144.9559042103572","-176.15073539093274","-176.15073539093274","-176.15073539093274","-121.25001048832166","-121.25001048832166","-121.25001048832166","-209.34582457701435","-209.34582457701435","-209.34582457701435","-167.56437629432565","-167.56437629432565","-167.56437629432565","-121.2742818351833","-121.2742818351833","-121.2742818351833","-146.8516365967213","-146.8516365967213","-146.8516365967213","-129.09972716358476","-129.09972716358476","-129.09972716358476","-170.42194397183135","-170.42194397183135","-170.42194397183135","-122.78823500175557","-122.78823500175557","-122.78823500175557"
"21900","-142.9344567677964","-142.9344567677964","-142.9344567677964","-189.8385765916857","-189.8385765916857","-189.8385765916857","-246.18241260798223","-246.18241260798223","-246.18241260798223","-208.7770923988448","-208.7770923988448","-208.7770923988448","-142.96516732114486","-142.96516732114486","-142.96516732114486","-144.91938222928795","-144.91938222928795","-144.91938222928795","-189.77906941866928","-189.77906941866928","-189.77906941866928","-97.62057877713353","-97.62057877713353","-97.62057877713353","-176.37375907104663","-176.37375907104663","-176.37375907104663","-121.89451059892205","-121.89451059892205","-121.89451059892205","-144.26902387518416","-144.26902387518416","-144.26902387518416","-176.58229309525018","-176.58229309525018","-176.58229309525018","-120.70429248205157","-120.70429248205157","-120.70429248205157","-207.43331644300275","-207.43331644300275","-207.43331644300275","-168.92902337436678","-168.92902337436678","-168.92902337436678","-122.4424884993779","-122.4424884993779","-122.4424884993779","-145.59690761174653","-145.59690761174653","-145.59690761174653","-128.6326311908763","-128.6326311908763","-128.6326311908763","-170.04677398838592","-170.04677398838592","-170.04677398838592","-123.80936816794915","-123.80936816794915","-123.80936816794915"
"22200","-143.59418511612634","-143.59418511612634","-143.59418511612634","-212.42171900347566","-212.42171900347566","-212.42171900347566","-245.6787158698452","-245.6787158698452","-245.6787158698452","-210.67522724061263","-210.67522724061263","-210.67522724061263","-143.6318325246766","-143.6318325246766","-143.6318325246766","-144.49979056062622","-144.49979056062622","-144.49979056062622","-189.5990195934276","-189.5990195934276","-189.5990195934276","-97.57675832201228","-97.57675832201228","-97.57675832201228","-175.14190382960123","-175.14190382960123","-175.14190382960123","-122.1660297279705","-122.1660297279705","-122.1660297279705","-144.31138705488013","-144.31138705488013","-144.31138705488013","-177.4018246813111","-177.4018246813111","-177.4018246813111","-120.86479036031349","-120.86479036031349","-120.86479036031349","-206.73535639169427","-206.73535639169427","-206.73535639169427","-169.77548070831506","-169.77548070831506","-169.77548070831506","-120.32487081815331","-120.32487081815331","-120.32487081815331","-146.12909202033","-146.12909202033","-146.12909202033","-129.03103062248059","-129.03103062248059","-129.03103062248059","-169.90389476253503","-169.90389476253503","-169.90389476253503","-123.3000334844968","-123.3000334844968","-123.3000334844968"
"22500","-142.5320130511761","-142.5320130511761","-142.5320130511761","-213.07938033672949","-213.07938033672949","-213.07938033672949","-244.962120534088","-244.962120534088","-244.962120534088","-210.50984166553707","-210.50984166553707","-210.50984166553707","-143.03283432358305","-143.03283432358305","-143.03283432358305","-144.522752274071","-144.522752274071","-144.522752274071","-190.76737451889667","-190.76737451889667","-190.76737451889667","-97.4294356042508","-97.4294356042508","-97.4294356042508","-175.88853917007665","-175.88853917007665","-175.88853917007665","-130.55241348475207","-130.55241348475207","-130.55241348475207","-144.6904207872621","-144.6904207872621","-144.6904207872621","-176.7310005736807","-176.7310005736807","-176.7310005736807","-121.49936009869286","-121.49936009869286","-121.49936009869286","-208.21315221436438","-208.21315221436438","-208.21315221436438","-169.0009691059553","-169.0009691059553","-169.0009691059553","-121.68202297259499","-121.68202297259499","-121.68202297259499","-145.57269799078088","-145.57269799078088","-145.57269799078088","-129.25400816951012","-129.25400816951012","-129.25400816951012","-169.94691701616094","-169.94691701616094","-169.94691701616094","-123.16453205791417","-123.16453205791417","-123.16453205791417"
"22800","-143.20253665172652","-143.20253665172652","-143.20253665172652","-189.7899690291138","-189.7899690291138","-189.7899690291138","-245.84958197699035","-245.84958197699035","-245.84958197699035","-211.68558197368367","-211.68558197368367","-211.68558197368367","-142.73806941417462","-142.73806941417462","-142.73806941417462","-145.10990884165915","-145.10990884165915","-145.10990884165915","-189.84067518688394","-189.84067518688394","-189.84067518688394","-97.48602181728711","-97.48602181728711","-97.48602181728711","-175.55304110954162","-175.55304110954162","-175.55304110954162","-130.6934641951892","-130.6934641951892","-130.6934641951892","-144.95217257476403","-144.95217257476403","-144.95217257476403","-177.47326529463638","-177.47326529463638","-177.47326529463638","-124.53151147702575","-124.53151147702575","-124.53151147702575","-207.03308278594196","-207.03308278594196","-207.03308278594196","-169.50515966787006","-169.50515966787006","-169.50515966787006","-121.69473590581102","-121.69473590581102","-121.69473590581102","-144.6138664701258","-144.6138664701258","-144.6138664701258","-129.14491413406753","-129.14491413406753","-129.14491413406753","-169.05020999341565","-169.05020999341565","-169.05020999341565","-122.6963908998908","-122.6963908998908","-122.6963908998908"
"23100","-143.15733182767576","-143.15733182767576","-143.15733182767576","-214.39741933942022","-214.39741933942022","-214.39741933942022","-244.3759000419388","-244.3759000419388","-244.3759000419388","-211.30213064250248","-211.30213064250248","-211.30213064250248","-142.78168553874107","-142.78168553874107","-142.78168553874107","-143.9846168219282","-143.9846168219282","-143.9846168219282","-190.30602306515135","-190.30602306515135","-190.30602306515135","-97.40704475425589","-97.40704475425589","-97.40704475425589","-176.78845361817662","-176.78845361817662","-176.78845361817662","-129.56967013080333","-129.56967013080333","-129.56967013080333","-144.5527807254569","-144.5527807254569","-144.5527807254569","-178.35313435704666","-178.35313435704666","-178.35313435704666","-125.75946075719655","-125.75946075719655","-125.75946075719655","-206.52414114016838","-206.52414114016838","-206.52414114016838","-168.55134496833165","-168.55134496833165","-168.55134496833165","-119.9290599381521","-119.9290599381521","-119.9290599381521","-144.42395060285986","-144.42395060285986","-144.42395060285986","-129.36300517870092","-129.36300517870092","-129.36300517870092","-170.14107560385713","-170.14107560385713","-170.14107560385713","-122.78180384642137","-122.78180384642137","-122.78180384642137"
"23400","-142.99835002332478","-142.99835002332478","-142.99835002332478","-190.6728652923639","-190.6728652923639","-190.6728652923639","-244.02139920795798","-244.02139920795798","-244.02139920795798","-210.816416963315","-210.816416963315","-210.816416963315","-142.58626728077346","-142.58626728077346","-142.58626728077346","-143.98303172453","-143.98303172453","-143.98303172453","-189.41318780081946","-189.41318780081946","-189.41318780081946","-97.58710697022707","-97.58710697022707","-97.58710697022707","-176.5716329939035","-176.5716329939035","-176.5716329939035","-127.33965668721905","-127.33965668721905","-127.33965668721905","-144.83170394269317","-144.83170394269317","-144.83170394269317","-177.48597833095909","-177.48597833095909","-177.48597833095909","-125.66237796413546","-125.66237796413546","-125.66237796413546","-207.34543099005236","-207.34543099005236","-207.34543099005236","-169.16088635459946","-169.16088635459946","-169.16088635459946","-120.50801371385425","-120.50801371385425","-120.50801371385425","-143.15012984021","-143.15012984021","-143.15012984021","-129.03857296979305","-129.03857296979305","-129.03857296979305","-169.29528602462193","-169.29528602462193","-169.29528602462193","-121.9786176859061","-121.9786176859061","-121.9786176859061"
"23700","-143.5074421407947","-143.5074421407947","-143.5074421407947","-190.81845424785584","-190.81845424785584","-190.81845424785584","-219.27850756156164","-219.27850756156164","-219.27850756156164","-211.40058548233247","-211.40058548233247","-211.40058548233247","-142.74072452112156","-142.74072452112156","-142.74072452112156","-144.16867802039897","-144.16867802039897","-144.16867802039897","-189.82305618089362","-189.82305618089362","-189.82305618089362","-97.57927591065875","-97.57927591065875","-97.57927591065875","-177.30591142261574","-177.30591142261574","-177.30591142261574","-123.62217871306682","-123.62217871306682","-123.62217871306682","-145.17343178018288","-145.17343178018288","-145.17343178018288","-177.67015292043567","-177.67015292043567","-177.67015292043567","-124.97723998038857","-124.97723998038857","-124.97723998038857","-206.63534567022708","-206.63534567022708","-206.63534567022708","-169.41500113122885","-169.41500113122885","-169.41500113122885","-121.9913346605219","-121.9913346605219","-121.9913346605219","-143.63411685458868","-143.63411685458868","-143.63411685458868","-129.49613837566108","-129.49613837566108","-129.49613837566108","-169.75306255063998","-169.75306255063998","-169.75306255063998","-121.82346238648961","-121.82346238648961","-121.82346238648961"
"24000","-143.94591482394688","-143.94591482394688","-143.94591482394688","-191.92141761470276","-191.92141761470276","-191.92141761470276","-219.2223440085762","-219.2223440085762","-219.2223440085762","-210.2085293353724","-210.2085293353724","-210.2085293353724","-142.60087576437414","-142.60087576437414","-142.60087576437414","-143.46306025516577","-143.46306025516577","-143.46306025516577","-190.63727046832634","-190.63727046832634","-190.63727046832634","-97.52655270143075","-97.52655270143075","-97.52655270143075","-178.03220458713008","-178.03220458713008","-178.03220458713008","-123.2459980578089","-123.2459980578089","-123.2459980578089","-146.90963936046438","-146.90963936046438","-146.90963936046438","-178.08440501732008","-178.08440501732008","-178.08440501732008","-124.0220998176172","-124.0220998176172","-124.0220998176172","-206.86267784011093","-206.86267784011093","-206.86267784011093","-169.20775658232355","-169.20775658232355","-169.20775658232355","-120.16030095412484","-120.16030095412484","-120.16030095412484","-143.58445968390043","-143.58445968390043","-143.58445968390043","-129.03308278423088","-129.03308278423088","-129.03308278423088","-169.97035045588626","-169.97035045588626","-169.97035045588626","-121.84315766186357","-121.84315766186357","-121.84315766186357"
"24300","-143.5053903674056","-143.5053903674056","-143.5053903674056","-190.54014866525972","-190.54014866525972","-190.54014866525972","-219.48993980558697","-219.48993980558697","-219.48993980558697","-211.86984138764433","-211.86984138764433","-211.86984138764433","-142.82598729697636","-142.82598729697636","-142.82598729697636","-143.10267893312823","-143.10267893312823","-143.10267893312823","-189.17295661199222","-189.17295661199222","-189.17295661199222","-97.60037418666096","-97.60037418666096","-97.60037418666096","-177.86802507306652","-177.86802507306652","-177.86802507306652","-124.68873518503926","-124.68873518503926","-124.68873518503926","-146.70171522414097","-146.70171522414097","-146.70171522414097","-178.0893471360586","-178.0893471360586","-178.0893471360586","-123.79205145789683","-123.79205145789683","-123.79205145789683","-206.96670225198363","-206.96670225198363","-206.96670225198363","-168.68928940035653","-168.68928940035653","-168.68928940035653","-120.82245958885699","-120.82245958885699","-120.82245958885699","-144.01678404561662","-144.01678404561662","-144.01678404561662","-129.36871938024063","-129.36871938024063","-129.36871938024063","-170.01436909221925","-170.01436909221925","-170.01436909221925","-121.8240480298798","-121.8240480298798","-121.8240480298798"
"24600","-143.79630062687949","-143.79630062687949","-143.79630062687949","-214.49411450038664","-214.49411450038664","-214.49411450038664","-244.93669700023457","-244.93669700023457","-244.93669700023457","-211.04382743532034","-211.04382743532034","-211.04382743532034","-143.05252120915202","-143.05252120915202","-143.05252120915202","-143.96183886745467","-143.96183886745467","-143.96183886745467","-189.85565235878065","-189.85565235878065","-189.85565235878065","-97.62319722333532","-97.62319722333532","-97.62319722333532","-177.68829962659555","-177.68829962659555","-177.68829962659555","-124.99149301132964","-124.99149301132964","-124.99149301132964","-146.0734721096328","-146.0734721096328","-146.0734721096328","-178.91762892835237","-178.91762892835237","-178.91762892835237","-123.32542176445315","-123.32542176445315","-123.32542176445315","-205.75120359490407","-205.75120359490407","-205.75120359490407","-168.49835627536362","-168.49835627536362","-168.49835627536362","-120.60349878505761","-120.60349878505761","-120.60349878505761","-143.97955115460576","-143.97955115460576","-143.97955115460576","-129.50220866230094","-129.50220866230094","-129.50220866230094","-169.8515824827651","-169.8515824827651","-169.8515824827651","-121.63123384510159","-121.63123384510159","-121.63123384510159"
"24900","-143.7670915599504","-143.7670915599504","-143.7670915599504","-190.6042786007966","-190.6042786007966","-190.6042786007966","-245.61417079217122","-245.61417079217122","-245.61417079217122","-211.71081266904685","-211.71081266904685","-211.71081266904685","-143.65160112701443","-143.65160112701443","-143.65160112701443","-142.5718241803409","-142.5718241803409","-142.5718241803409","-189.72900649943875","-189.72900649943875","-189.72900649943875","-97.60562378230809","-97.60562378230809","-97.60562378230809","-178.27719564447548","-178.27719564447548","-178.27719564447548","-127.16798839805946","-127.16798839805946","-127.16798839805946","-146.2046606856457","-146.2046606856457","-146.2046606856457","-179.0534867730212","-179.0534867730212","-179.0534867730212","-123.01927629644425","-123.01927629644425","-123.01927629644425","-206.47420090819213","-206.47420090819213","-206.47420090819213","-169.04988494828885","-169.04988494828885","-169.04988494828885","-120.81928616228087","-120.81928616228087","-120.81928616228087","-144.86723993694352","-144.86723993694352","-144.86723993694352","-129.62160999454346","-129.62160999454346","-129.62160999454346","-169.72798928468478","-169.72798928468478","-169.72798928468478","-121.90349179880752","-121.90349179880752","-121.90349179880752"
"25200","-143.46879068038754","-143.46879068038754","-143.46879068038754","-191.7119598457687","-191.7119598457687","-191.7119598457687","-245.25951332287394","-245.25951332287394","-245.25951332287394","-212.205862943072","-212.205862943072","-212.205862943072","-143.30202598538563","-143.30202598538563","-143.30202598538563","-143.3114359737629","-143.3114359737629","-143.3114359737629","-189.5185941909786","-189.5185941909786","-189.5185941909786","-97.64133928883913","-97.64133928883913","-97.64133928883913","-177.00686631360767","-177.00686631360767","-177.00686631360767","-128.19452894297663","-128.19452894297663","-128.19452894297663","-146.2247228149637","-146.2247228149637","-146.2247228149637","-179.34485255744042","-179.34485255744042","-179.34485255744042","-123.0475063258436","-123.0475063258436","-123.0475063258436","-206.34103531171553","-206.34103531171553","-206.34103531171553","-168.92096561298803","-168.92096561298803","-168.92096561298803","-120.89412574880058","-120.89412574880058","-120.89412574880058","-143.64005689467768","-143.64005689467768","-143.64005689467768","-129.4907319869006","-129.4907319869006","-129.4907319869006","-169.01869095261696","-169.01869095261696","-169.01869095261696","-121.90821876611753","-121.90821876611753","-121.90821876611753"
"25500","-143.33416642922413","-143.33416642922413","-143.33416642922413","-191.90673507421263","-191.90673507421263","-191.90673507421263","-244.4431332722983","-244.4431332722983","-244.4431332722983","-210.96069397067905","-210.96069397067905","-210.96069397067905","-142.62286831884708","-142.62286831884708","-142.62286831884708","-141.9614665777152","-141.9614665777152","-141.9614665777152","-189.96711904058532","-189.96711904058532","-189.96711904058532","-97.65997406374079","-97.65997406374079","-97.65997406374079","-176.6526523314276","-176.6526523314276","-176.6526523314276","-128.58661830583455","-128.58661830583455","-128.58661830583455","-147.02234955349144","-147.02234955349144","-147.02234955349144","-179.4634441828544","-179.4634441828544","-179.4634441828544","-121.86222240954316","-121.86222240954316","-121.86222240954316","-206.26658788685322","-206.26658788685322","-206.26658788685322","-169.33031383125257","-169.33031383125257","-169.33031383125257","-119.85639999280139","-119.85639999280139","-119.85639999280139","-143.88949650018805","-143.88949650018805","-143.88949650018805","-129.57914152461223","-129.57914152461223","-129.57914152461223","-170.58210157710332","-170.58210157710332","-170.58210157710332","-121.5297103013731","-121.5297103013731","-121.5297103013731"
"25800","-143.59583755623112","-143.59583755623112","-143.59583755623112","-191.61200728706862","-191.61200728706862","-191.61200728706862","-244.65683519937892","-244.65683519937892","-244.65683519937892","-212.8350199552364","-212.8350199552364","-212.8350199552364","-142.6356241621906","-142.6356241621906","-142.6356241621906","-142.74935953483921","-142.74935953483921","-142.74935953483921","-189.59400619246543","-189.59400619246543","-189.59400619246543","-97.52872344188249","-97.52872344188249","-97.52872344188249","-176.50534194337567","-176.50534194337567","-176.50534194337567","-133.09639216946715","-133.09639216946715","-133.09639216946715","-146.69954763558283","-146.69954763558283","-146.69954763558283","-179.71782757877025","-179.71782757877025","-179.71782757877025","-121.7891039611754","-121.7891039611754","-121.7891039611754","-207.25952198266276","-207.25952198266276","-207.25952198266276","-169.1906589143794","-169.1906589143794","-169.1906589143794","-120.5878254113391","-120.5878254113391","-120.5878254113391","-143.61631976571093","-143.61631976571093","-143.61631976571093","-129.12823843322917","-129.12823843322917","-129.12823843322917","-170.1031999152784","-170.1031999152784","-170.1031999152784","-121.59784503441972","-121.59784503441972","-121.59784503441972"
"26100","-143.12135605782402","-143.12135605782402","-143.12135605782402","-191.94949249917","-191.94949249917","-191.94949249917","-243.83641119657696","-243.83641119657696","-243.83641119657696","-212.08408417284886","-212.08408417284886","-212.08408417284886","-142.89595340544432","-142.89595340544432","-142.89595340544432","-143.2113517317362","-143.2113517317362","-143.2113517317362","-189.04524808822399","-189.04524808822399","-189.04524808822399","-97.53255741161315","-97.53255741161315","-97.53255741161315","-176.80375520005109","-176.80375520005109","-176.80375520005109","-128.37592349312104","-128.37592349312104","-128.37592349312104","-146.9563358853654","-146.9563358853654","-146.9563358853654","-179.90345019282893","-179.90345019282893","-179.90345019282893","-121.88894747939085","-121.88894747939085","-121.88894747939085","-207.00612416832556","-207.00612416832556","-207.00612416832556","-168.6075948195835","-168.6075948195835","-168.6075948195835","-120.7368632134273","-120.7368632134273","-120.7368632134273","-144.0581182284779","-144.0581182284779","-144.0581182284779","-129.40040548041617","-129.40040548041617","-129.40040548041617","-169.03659003705144","-169.03659003705144","-169.03659003705144","-121.80518160582986","-121.80518160582986","-121.80518160582986"
"26400","-143.9234591850361","-143.9234591850361","-143.9234591850361","-192.20602258528925","-192.20602258528925","-192.20602258528925","-244.05131571814223","-244.05131571814223","-244.05131571814223","-213.21222961411013","-213.21222961411013","-213.21222961411013","-143.498731653411","-143.498731653411","-143.498731653411","-141.5746492894637","-141.5746492894637","-141.5746492894637","-189.0491879339796","-189.0491879339796","-189.0491879339796","-97.43869395499144","-97.43869395499144","-97.43869395499144","-176.8294619920379","-176.8294619920379","-176.8294619920379","-128.70351111191061","-128.70351111191061","-128.70351111191061","-146.79358124759787","-146.79358124759787","-146.79358124759787","-180.33709365190458","-180.33709365190458","-180.33709365190458","-121.9481291433641","-121.9481291433641","-121.9481291433641","-207.27594882385702","-207.27594882385702","-207.27594882385702","-168.80473062409203","-168.80473062409203","-168.80473062409203","-120.08559130726421","-120.08559130726421","-120.08559130726421","-144.34551925437833","-144.34551925437833","-144.34551925437833","-129.65108144581373","-129.65108144581373","-129.65108144581373","-169.40251584988238","-169.40251584988238","-169.40251584988238","-121.64967618113846","-121.64967618113846","-121.64967618113846"
"26700","-143.3997544309389","-143.3997544309389","-143.3997544309389","-193.89208019691506","-193.89208019691506","-193.89208019691506","-243.8220609259487","-243.8220609259487","-243.8220609259487","-211.74509956045208","-211.74509956045208","-211.74509956045208","-143.19398251776866","-143.19398251776866","-143.19398251776866","-142.76831734800166","-142.76831734800166","-142.76831734800166","-189.67533991139277","-189.67533991139277","-189.67533991139277","-97.34666088348209","-97.34666088348209","-97.34666088348209","-178.07213673273904","-178.07213673273904","-178.07213673273904","-128.6925066937552","-128.6925066937552","-128.6925066937552","-146.53761391640464","-146.53761391640464","-146.53761391640464","-180.86909628257314","-180.86909628257314","-180.86909628257314","-121.81237411092802","-121.81237411092802","-121.81237411092802","-207.4622018530214","-207.4622018530214","-207.4622018530214","-168.90873768364818","-168.90873768364818","-168.90873768364818","-120.08308405639472","-120.08308405639472","-120.08308405639472","-144.12474981614642","-144.12474981614642","-144.12474981614642","-129.15811204250627","-129.15811204250627","-129.15811204250627","-170.8759918272556","-170.8759918272556","-170.8759918272556","-121.73590094349231","-121.73590094349231","-121.73590094349231"
"27000","-142.644997665905","-142.644997665905","-142.644997665905","-192.88579414423177","-192.88579414423177","-192.88579414423177","-243.48756222045586","-243.48756222045586","-243.48756222045586","-211.66748528724793","-211.66748528724793","-211.66748528724793","-143.0439223581506","-143.0439223581506","-143.0439223581506","-142.6821533594306","-142.6821533594306","-142.6821533594306","-189.23319544206333","-189.23319544206333","-189.23319544206333","-97.31553661948377","-97.31553661948377","-97.31553661948377","-177.42165816087112","-177.42165816087112","-177.42165816087112","-130.14494392372777","-130.14494392372777","-130.14494392372777","-146.90135230150116","-146.90135230150116","-146.90135230150116","-180.805491958561","-180.805491958561","-180.805491958561","-121.50783547917786","-121.50783547917786","-121.50783547917786","-206.6205095982138","-206.6205095982138","-206.6205095982138","-168.76146688472778","-168.76146688472778","-168.76146688472778","-120.14362418583633","-120.14362418583633","-120.14362418583633","-144.5737908213144","-144.5737908213144","-144.5737908213144","-129.29513491240107","-129.29513491240107","-129.29513491240107","-169.77484313516123","-169.77484313516123","-169.77484313516123","-121.63276171492308","-121.63276171492308","-121.63276171492308"
"27300","-142.79449544533153","-142.79449544533153","-142.79449544533153","-217.19917161872254","-217.19917161872254","-217.19917161872254","-244.3020188480698","-244.3020188480698","-244.3020188480698","-211.99698568298157","-211.99698568298157","-211.99698568298157","-142.62527850367616","-142.62527850367616","-142.62527850367616","-140.62462114595277","-140.62462114595277","-140.62462114595277","-189.47971131595278","-189.47971131595278","-189.47971131595278","-97.27432531965493","-97.27432531965493","-97.27432531965493","-177.16531444089568","-177.16531444089568","-177.16531444089568","-134.4100698511893","-134.4100698511893","-134.4100698511893","-146.52809302578808","-146.52809302578808","-146.52809302578808","-180.70018020030062","-180.70018020030062","-180.70018020030062","-121.49461227181246","-121.49461227181246","-121.49461227181246","-207.1820387027163","-207.1820387027163","-207.1820387027163","-169.3086745169755","-169.3086745169755","-169.3086745169755","-120.37136259399779","-120.37136259399779","-120.37136259399779","-143.96720874608988","-143.96720874608988","-143.96720874608988","-129.34434573347545","-129.34434573347545","-129.34434573347545","-169.307561391997","-169.307561391997","-169.307561391997","-121.67368973281586","-121.67368973281586","-121.67368973281586"
"27600","-142.74259041563394","-142.74259041563394","-142.74259041563394","-219.75466775619174","-219.75466775619174","-219.75466775619174","-243.36040746410535","-243.36040746410535","-243.36040746410535","-211.7824885279761","-211.7824885279761","-211.7824885279761","-142.95764833825493","-142.95764833825493","-142.95764833825493","-141.90329747269794","-141.90329747269794","-141.90329747269794","-189.3853764312758","-189.3853764312758","-189.3853764312758","-97.19779332784938","-97.19779332784938","-97.19779332784938","-177.84082077579532","-177.84082077579532","-177.84082077579532","-135.71334144193335","-135.71334144193335","-135.71334144193335","-146.27459547519155","-146.27459547519155","-146.27459547519155","-181.49552513453972","-181.49552513453972","-181.49552513453972","-121.25889206135466","-121.25889206135466","-121.25889206135466","-207.4279404127918","-207.4279404127918","-207.4279404127918","-168.9231663274621","-168.9231663274621","-168.9231663274621","-120.4220876203045","-120.4220876203045","-120.4220876203045","-144.00512951386497","-144.00512951386497","-144.00512951386497","-129.33084881036376","-129.33084881036376","-129.33084881036376","-169.2979294508013","-169.2979294508013","-169.2979294508013","-121.77782715454778","-121.77782715454778","-121.77782715454778"
"27900","-142.68653362005242","-142.68653362005242","-142.68653362005242","-215.94493082556738","-215.94493082556738","-215.94493082556738","-218.4240947681807","-218.4240947681807","-218.4240947681807","-212.53118275267238","-212.53118275267238","-212.53118275267238","-142.96633116346317","-142.96633116346317","-142.96633116346317","-141.12140679031558","-141.12140679031558","-141.12140679031558","-188.9436248754149","-188.9436248754149","-188.9436248754149","-97.17903878990026","-97.17903878990026","-97.17903878990026","-178.76479456647309","-178.76479456647309","-178.76479456647309","-132.30291834118108","-132.30291834118108","-132.30291834118108","-146.25471187194975","-146.25471187194975","-146.25471187194975","-181.60688069705293","-181.60688069705293","-181.60688069705293","-120.90506385571064","-120.90506385571064","-120.90506385571064","-207.21282896394922","-207.21282896394922","-207.21282896394922","-169.33018594439676","-169.33018594439676","-169.33018594439676","-120.02791074460693","-120.02791074460693","-120.02791074460693","-142.66137284555103","-142.66137284555103","-142.66137284555103","-129.3867190775679","-129.3867190775679","-129.3867190775679","-170.44183436942143","-170.44183436942143","-170.44183436942143","-121.88721276021775","-121.88721276021775","-121.88721276021775"
"28200","-142.7563658375341","-142.7563658375341","-142.7563658375341","-192.89890784755048","-192.89890784755048","-192.89890784755048","-243.74774117713122","-243.74774117713122","-243.74774117713122","-211.60262708951132","-211.60262708951132","-211.60262708951132","-142.86090595683388","-142.86090595683388","-142.86090595683388","-141.21062058728472","-141.21062058728472","-141.21062058728472","-190.33728970318984","-190.33728970318984","-190.33728970318984","-97.15073001106686","-97.15073001106686","-97.15073001106686","-178.8338936985503","-178.8338936985503","-178.8338936985503","-129.78684067956186","-129.78684067956186","-129.78684067956186","-146.14076174220793","-146.14076174220793","-146.14076174220793","-181.63203952659566","-181.63203952659566","-181.63203952659566","-120.96608491319508","-120.96608491319508","-120.96608491319508","-206.7428709649783","-206.7428709649783","-206.7428709649783","-169.28649061142724","-169.28649061142724","-169.28649061142724","-120.66063272868408","-120.66063272868408","-120.66063272868408","-141.5995763345651","-141.5995763345651","-141.5995763345651","-129.28823967748139","-129.28823967748139","-129.28823967748139","-168.74751522660722","-168.74751522660722","-168.74751522660722","-276.32786518286736","-276.32786518286736","-276.32786518286736"
"28500","-142.19982238301267","-142.19982238301267","-142.19982238301267","-193.06303294872575","-193.06303294872575","-193.06303294872575","-243.56388823971935","-243.56388823971935","-243.56388823971935","-212.2122011539483","-212.2122011539483","-212.2122011539483","-142.42634128530682","-142.42634128530682","-142.42634128530682","-141.18555787212568","-141.18555787212568","-141.18555787212568","-190.5806502392827","-190.5806502392827","-190.5806502392827","-97.129893765373","-97.129893765373","-97.129893765373","-179.65023553680692","-179.65023553680692","-179.65023553680692","-129.69901258733003","-129.69901258733003","-129.69901258733003","-146.01648510733304","-146.01648510733304","-146.01648510733304","-181.64092558475846","-181.64092558475846","-181.64092558475846","-665.183209731833","-665.183209731833","-665.183209731833","-206.92032210415746","-206.92032210415746","-206.92032210415746","-169.11016779918774","-169.11016779918774","-169.11016779918774","-120.2961319400948","-120.2961319400948","-120.2961319400948","-142.13343926928118","-142.13343926928118","-142.13343926928118","-129.3855688010189","-129.3855688010189","-129.3855688010189","-168.67039105652594","-168.67039105652594","-168.67039105652594","-121.92377641234108","-121.92377641234108","-121.92377641234108"
"28800","-142.497819812841","-142.497819812841","-142.497819812841","-217.5247274535031","-217.5247274535031","-217.5247274535031","-243.68116416381426","-243.68116416381426","-243.68116416381426","-211.187200733182","-211.187200733182","-211.187200733182","-142.70193503215017","-142.70193503215017","-142.70193503215017","-140.54922452696854","-140.54922452696854","-140.54922452696854","-191.57875453482475","-191.57875453482475","-191.57875453482475","-97.11291447257595","-97.11291447257595","-97.11291447257595","-179.2173588418911","-179.2173588418911","-179.2173588418911","-130.1393833554794","-130.1393833554794","-130.1393833554794","-145.92902357059438","-145.92902357059438","-145.92902357059438","-181.58203227782764","-181.58203227782764","-181.58203227782764","-120.65900772864033","-120.65900772864033","-120.65900772864033","-207.16622493265035","-207.16622493265035","-207.16622493265035","-169.29641382031255","-169.29641382031255","-169.29641382031255","-120.17807346728227","-120.17807346728227","-120.17807346728227","-141.69040689050158","-141.69040689050158","-141.69040689050158","-129.24051943381897","-129.24051943381897","-129.24051943381897","-169.51676021329232","-169.51676021329232","-169.51676021329232","-121.75507636607036","-121.75507636607036","-121.75507636607036"
"29100","-142.3051615197398","-142.3051615197398","-142.3051615197398","-195.65912100648808","-195.65912100648808","-195.65912100648808","-244.90526851098608","-244.90526851098608","-244.90526851098608","-210.84918881813823","-210.84918881813823","-210.84918881813823","-142.55735759558803","-142.55735759558803","-142.55735759558803","-141.03351494061388","-141.03351494061388","-141.03351494061388","-190.58457213087075","-190.58457213087075","-190.58457213087075","-97.12545354123922","-97.12545354123922","-97.12545354123922","-179.05878745840974","-179.05878745840974","-179.05878745840974","-129.951145606626","-129.951145606626","-129.951145606626","-145.88259212531983","-145.88259212531983","-145.88259212531983","-181.5106526332959","-181.5106526332959","-181.5106526332959","-120.7090807298151","-120.7090807298151","-120.7090807298151","-207.1752204273042","-207.1752204273042","-207.1752204273042","-168.77865216729384","-168.77865216729384","-168.77865216729384","-119.84434458731066","-119.84434458731066","-119.84434458731066","-142.2108149017601","-142.2108149017601","-142.2108149017601","-128.93554037296894","-128.93554037296894","-128.93554037296894","-169.40416702245457","-169.40416702245457","-169.40416702245457","-121.83328304858048","-121.83328304858048","-121.83328304858048"
"29400","-142.43967660759992","-142.43967660759992","-142.43967660759992","-194.89043118764135","-194.89043118764135","-194.89043118764135","-219.83521391361478","-219.83521391361478","-219.83521391361478","-211.09266292542844","-211.09266292542844","-211.09266292542844","-142.4650755414833","-142.4650755414833","-142.4650755414833","-141.93493434372164","-141.93493434372164","-141.93493434372164","-190.17671164275663","-190.17671164275663","-190.17671164275663","-97.10420252584132","-97.10420252584132","-97.10420252584132","-179.45251707459062","-179.45251707459062","-179.45251707459062","-134.3707416040109","-134.3707416040109","-134.3707416040109","-145.79253606166262","-145.79253606166262","-145.79253606166262","-180.7396860556243","-180.7396860556243","-180.7396860556243","-120.8029779549136","-120.8029779549136","-120.8029779549136","-206.94060304083033","-206.94060304083033","-206.94060304083033","-168.63217607973317","-168.63217607973317","-168.63217607973317","-120.48224580915603","-120.48224580915603","-120.48224580915603","-142.6865632981127","-142.6865632981127","-142.6865632981127","-129.3932499284374","-129.3932499284374","-129.3932499284374","-169.04269379287607","-169.04269379287607","-169.04269379287607","-121.97381934720424","-121.97381934720424","-121.97381934720424"
"29700","-142.78913316633725","-142.78913316633725","-142.78913316633725","-217.79806597059869","-217.79806597059869","-217.79806597059869","-219.34759732300668","-219.34759732300668","-219.34759732300668","-211.0521458940184","-211.0521458940184","-211.0521458940184","-142.6969497539689","-142.6969497539689","-142.6969497539689","-141.0426588126382","-141.0426588126382","-141.0426588126382","-191.21654036912554","-191.21654036912554","-191.21654036912554","-97.1031631921388","-97.1031631921388","-97.1031631921388","-178.85301793717827","-178.85301793717827","-178.85301793717827","-130.74663758291092","-130.74663758291092","-130.74663758291092","-145.73833937910643","-145.73833937910643","-145.73833937910643","-180.68719246357935","-180.68719246357935","-180.68719246357935","-120.66709357190268","-120.66709357190268","-120.66709357190268","-207.90623663537863","-207.90623663537863","-207.90623663537863","-168.18138349412806","-168.18138349412806","-168.18138349412806","-120.51939992678736","-120.51939992678736","-120.51939992678736","-143.01722334785546","-143.01722334785546","-143.01722334785546","-129.66733927357035","-129.66733927357035","-129.66733927357035","-169.4831333270945","-169.4831333270945","-169.4831333270945","-122.03869842680373","-122.03869842680373","-122.03869842680373"
"30000","-142.23081858094181","-142.23081858094181","-142.23081858094181","-194.29404254261505","-194.29404254261505","-194.29404254261505","-245.26910302625083","-245.26910302625083","-245.26910302625083","-210.84994262514465","-210.84994262514465","-210.84994262514465","-142.67206745002454","-142.67206745002454","-142.67206745002454","-141.81446156310184","-141.81446156310184","-141.81446156310184","-191.3308649472712","-191.3308649472712","-191.3308649472712","-97.07897781441554","-97.07897781441554","-97.07897781441554","-178.66690641651923","-178.66690641651923","-178.66690641651923","-131.46321699372254","-131.46321699372254","-131.46321699372254","-145.5997439043467","-145.5997439043467","-145.5997439043467","-180.72114241828945","-180.72114241828945","-180.72114241828945","-120.63616217950425","-120.63616217950425","-120.63616217950425","-207.6926754197691","-207.6926754197691","-207.6926754197691","-168.09186109702773","-168.09186109702773","-168.09186109702773","-119.78116153300437","-119.78116153300437","-119.78116153300437","-143.2265143422971","-143.2265143422971","-143.2265143422971","-129.34821573525346","-129.34821573525346","-129.34821573525346","-169.19243623460702","-169.19243623460702","-169.19243623460702","-122.12459192625667","-122.12459192625667","-122.12459192625667"