"Step","DDPG_None_FetchReachDense-v4_19 - eval/avg_reward","DDPG_None_FetchReachDense-v4_19 - eval/avg_reward__MIN","DDPG_None_FetchReachDense-v4_19 - eval/avg_reward__MAX","DDPG_None_FetchReachDense-v4_18 - eval/avg_reward","DDPG_None_FetchReachDense-v4_18 - eval/avg_reward__MIN","DDPG_None_FetchReachDense-v4_18 - eval/avg_reward__MAX","DDPG_None_FetchReachDense-v4_17 - eval/avg_reward","DDPG_None_FetchReachDense-v4_17 - eval/avg_reward__MIN","DDPG_None_FetchReachDense-v4_17 - eval/avg_reward__MAX","DDPG_None_FetchReachDense-v4_16 - eval/avg_reward","DDPG_None_FetchReachDense-v4_16 - eval/avg_reward__MIN","DDPG_None_FetchReachDense-v4_16 - eval/avg_reward__MAX","DDPG_None_FetchReachDense-v4_15 - eval/avg_reward","DDPG_None_FetchReachDense-v4_15 - eval/avg_reward__MIN","DDPG_None_FetchReachDense-v4_15 - eval/avg_reward__MAX","DDPG_None_FetchReachDense-v4_14 - eval/avg_reward","DDPG_None_FetchReachDense-v4_14 - eval/avg_reward__MIN","DDPG_None_FetchReachDense-v4_14 - eval/avg_reward__MAX","DDPG_None_FetchReachDense-v4_13 - eval/avg_reward","DDPG_None_FetchReachDense-v4_13 - eval/avg_reward__MIN","DDPG_None_FetchReachDense-v4_13 - eval/avg_reward__MAX","DDPG_None_FetchReachDense-v4_12 - eval/avg_reward","DDPG_None_FetchReachDense-v4_12 - eval/avg_reward__MIN","DDPG_None_FetchReachDense-v4_12 - eval/avg_reward__MAX","DDPG_None_FetchReachDense-v4_11 - eval/avg_reward","DDPG_None_FetchReachDense-v4_11 - eval/avg_reward__MIN","DDPG_None_FetchReachDense-v4_11 - eval/avg_reward__MAX","DDPG_None_FetchReachDense-v4_10 - eval/avg_reward","DDPG_None_FetchReachDense-v4_10 - eval/avg_reward__MIN","DDPG_None_FetchReachDense-v4_10 - eval/avg_reward__MAX","DDPG_None_FetchReachDense-v4_9 - eval/avg_reward","DDPG_None_FetchReachDense-v4_9 - eval/avg_reward__MIN","DDPG_None_FetchReachDense-v4_9 - eval/avg_reward__MAX","DDPG_None_FetchReachDense-v4_8 - eval/avg_reward","DDPG_None_FetchReachDense-v4_8 - eval/avg_reward__MIN","DDPG_None_FetchReachDense-v4_8 - eval/avg_reward__MAX","DDPG_None_FetchReachDense-v4_7 - eval/avg_reward","DDPG_None_FetchReachDense-v4_7 - eval/avg_reward__MIN","DDPG_None_FetchReachDense-v4_7 - eval/avg_reward__MAX","DDPG_None_FetchReachDense-v4_6 - eval/avg_reward","DDPG_None_FetchReachDense-v4_6 - eval/avg_reward__MIN","DDPG_None_FetchReachDense-v4_6 - eval/avg_reward__MAX","DDPG_None_FetchReachDense-v4_5 - eval/avg_reward","DDPG_None_FetchReachDense-v4_5 - eval/avg_reward__MIN","DDPG_None_FetchReachDense-v4_5 - eval/avg_reward__MAX","DDPG_None_FetchReachDense-v4_4 - eval/avg_reward","DDPG_None_FetchReachDense-v4_4 - eval/avg_reward__MIN","DDPG_None_FetchReachDense-v4_4 - eval/avg_reward__MAX","DDPG_None_FetchReachDense-v4_3 - eval/avg_reward","DDPG_None_FetchReachDense-v4_3 - eval/avg_reward__MIN","DDPG_None_FetchReachDense-v4_3 - eval/avg_reward__MAX","DDPG_None_FetchReachDense-v4_2 - eval/avg_reward","DDPG_None_FetchReachDense-v4_2 - eval/avg_reward__MIN","DDPG_None_FetchReachDense-v4_2 - eval/avg_reward__MAX","DDPG_None_FetchReachDense-v4_1 - eval/avg_reward","DDPG_None_FetchReachDense-v4_1 - eval/avg_reward__MIN","DDPG_None_FetchReachDense-v4_1 - eval/avg_reward__MAX","DDPG_None_FetchReachDense-v4_0 - eval/avg_reward","DDPG_None_FetchReachDense-v4_0 - eval/avg_reward__MIN","DDPG_None_FetchReachDense-v4_0 - eval/avg_reward__MAX"
"0","-10.037791322225644","-10.037791322225644","-10.037791322225644","-10.161423808351515","-10.161423808351515","-10.161423808351515","-11.58369543285833","-11.58369543285833","-11.58369543285833","-10.06507437196603","-10.06507437196603","-10.06507437196603","-8.191991191740826","-8.191991191740826","-8.191991191740826","-6.954734687917676","-6.954734687917676","-6.954734687917676","-10.122734456865887","-10.122734456865887","-10.122734456865887","-7.236430258809298","-7.236430258809298","-7.236430258809298","-13.554713624503254","-13.554713624503254","-13.554713624503254","-14.89514957268906","-14.89514957268906","-14.89514957268906","-7.68111776208538","-7.68111776208538","-7.68111776208538","-9.181913295389142","-9.181913295389142","-9.181913295389142","-9.141734188559669","-9.141734188559669","-9.141734188559669","-12.403093904713952","-12.403093904713952","-12.403093904713952","-7.987727605256043","-7.987727605256043","-7.987727605256043","-8.624134736627568","-8.624134736627568","-8.624134736627568","-10.507606427254775","-10.507606427254775","-10.507606427254775","-9.774099428452626","-9.774099428452626","-9.774099428452626","-11.514277637819642","-11.514277637819642","-11.514277637819642","-9.655805524824595","-9.655805524824595","-9.655805524824595"
"500","-10.037791322225644","-10.037791322225644","-10.037791322225644","-10.161423808351515","-10.161423808351515","-10.161423808351515","-11.58369543285833","-11.58369543285833","-11.58369543285833","-10.06507437196603","-10.06507437196603","-10.06507437196603","-8.191991191740826","-8.191991191740826","-8.191991191740826","-6.954734687917676","-6.954734687917676","-6.954734687917676","-10.122734456865887","-10.122734456865887","-10.122734456865887","-7.236430258809298","-7.236430258809298","-7.236430258809298","-13.554713624503254","-13.554713624503254","-13.554713624503254","-14.89514957268906","-14.89514957268906","-14.89514957268906","-7.68111776208538","-7.68111776208538","-7.68111776208538","-9.181913295389142","-9.181913295389142","-9.181913295389142","-9.141734188559669","-9.141734188559669","-9.141734188559669","-12.403093904713952","-12.403093904713952","-12.403093904713952","-7.987727605256043","-7.987727605256043","-7.987727605256043","-8.624134736627568","-8.624134736627568","-8.624134736627568","-10.507606427254775","-10.507606427254775","-10.507606427254775","-9.774099428452626","-9.774099428452626","-9.774099428452626","-11.514277637819642","-11.514277637819642","-11.514277637819642","-9.655805524824595","-9.655805524824595","-9.655805524824595"
"1000","-11.65971491305783","-11.65971491305783","-11.65971491305783","-9.53181624523325","-9.53181624523325","-9.53181624523325","-13.444602484074116","-13.444602484074116","-13.444602484074116","-9.301970897472877","-9.301970897472877","-9.301970897472877","-7.5378188400009565","-7.5378188400009565","-7.5378188400009565","-6.821242474693176","-6.821242474693176","-6.821242474693176","-12.175053835864322","-12.175053835864322","-12.175053835864322","-8.403289587992308","-8.403289587992308","-8.403289587992308","-10.600748233612133","-10.600748233612133","-10.600748233612133","-15.847195425394696","-15.847195425394696","-15.847195425394696","-7.210353856770544","-7.210353856770544","-7.210353856770544","-8.68390942934639","-8.68390942934639","-8.68390942934639","-10.051896161686084","-10.051896161686084","-10.051896161686084","-11.240506594855505","-11.240506594855505","-11.240506594855505","-8.287935003953653","-8.287935003953653","-8.287935003953653","-11.461826217888113","-11.461826217888113","-11.461826217888113","-11.13016938169854","-11.13016938169854","-11.13016938169854","-8.46077849755017","-8.46077849755017","-8.46077849755017","-10.681106350391516","-10.681106350391516","-10.681106350391516","-9.004850338360683","-9.004850338360683","-9.004850338360683"
"1500","-36.6173908943591","-36.6173908943591","-36.6173908943591","-17.618923470625656","-17.618923470625656","-17.618923470625656","-31.831386600777478","-31.831386600777478","-31.831386600777478","-27.383710124311914","-27.383710124311914","-27.383710124311914","-19.808071065076145","-19.808071065076145","-19.808071065076145","-9.537650773196361","-9.537650773196361","-9.537650773196361","-35.263235414704155","-35.263235414704155","-35.263235414704155","-20.49687743334062","-20.49687743334062","-20.49687743334062","-11.635199436237922","-11.635199436237922","-11.635199436237922","-21.387067218933307","-21.387067218933307","-21.387067218933307","-27.876710539020632","-27.876710539020632","-27.876710539020632","-17.824769684211986","-17.824769684211986","-17.824769684211986","-11.81659382660149","-11.81659382660149","-11.81659382660149","-15.063730152884187","-15.063730152884187","-15.063730152884187","-15.73915397703486","-15.73915397703486","-15.73915397703486","-21.16745662215003","-21.16745662215003","-21.16745662215003","-19.336668003527354","-19.336668003527354","-19.336668003527354","-12.422616208764596","-12.422616208764596","-12.422616208764596","-21.971546549502307","-21.971546549502307","-21.971546549502307","-24.0839556797719","-24.0839556797719","-24.0839556797719"
"2000","-17.444803774866898","-17.444803774866898","-17.444803774866898","-17.669872419253206","-17.669872419253206","-17.669872419253206","-34.6632983428328","-34.6632983428328","-34.6632983428328","-11.685492347406287","-11.685492347406287","-11.685492347406287","-29.895025219405518","-29.895025219405518","-29.895025219405518","-5.676914924852088","-5.676914924852088","-5.676914924852088","-19.438906965117415","-19.438906965117415","-19.438906965117415","-29.891602565999875","-29.891602565999875","-29.891602565999875","-14.10483767840393","-14.10483767840393","-14.10483767840393","-8.149149210388064","-8.149149210388064","-8.149149210388064","-14.764480082651474","-14.764480082651474","-14.764480082651474","-12.932067285207111","-12.932067285207111","-12.932067285207111","-24.959269136419323","-24.959269136419323","-24.959269136419323","-8.085631718226614","-8.085631718226614","-8.085631718226614","-10.93776487197527","-10.93776487197527","-10.93776487197527","-14.63477642524498","-14.63477642524498","-14.63477642524498","-20.37141219060112","-20.37141219060112","-20.37141219060112","-20.02315684161975","-20.02315684161975","-20.02315684161975","-7.91861247698445","-7.91861247698445","-7.91861247698445","-24.083270629976575","-24.083270629976575","-24.083270629976575"
"2500","-11.044819468422265","-11.044819468422265","-11.044819468422265","-9.298506928754296","-9.298506928754296","-9.298506928754296","-34.663300797797774","-34.663300797797774","-34.663300797797774","-7.003935635119393","-7.003935635119393","-7.003935635119393","-7.359420569414295","-7.359420569414295","-7.359420569414295","-9.81240461549784","-9.81240461549784","-9.81240461549784","-21.948586054454562","-21.948586054454562","-21.948586054454562","-9.567087741932408","-9.567087741932408","-9.567087741932408","-9.877241936635333","-9.877241936635333","-9.877241936635333","-8.103885044082784","-8.103885044082784","-8.103885044082784","-14.551190398960717","-14.551190398960717","-14.551190398960717","-5.593243983513191","-5.593243983513191","-5.593243983513191","-15.776083495871017","-15.776083495871017","-15.776083495871017","-7.801729224313085","-7.801729224313085","-7.801729224313085","-8.322214746858268","-8.322214746858268","-8.322214746858268","-9.039124158582712","-9.039124158582712","-9.039124158582712","-11.375152030504697","-11.375152030504697","-11.375152030504697","-12.352697570771312","-12.352697570771312","-12.352697570771312","-10.163350083446783","-10.163350083446783","-10.163350083446783","-24.083243797345407","-24.083243797345407","-24.083243797345407"
"3000","-13.17042180673431","-13.17042180673431","-13.17042180673431","-5.330639470075841","-5.330639470075841","-5.330639470075841","-34.66330064543682","-34.66330064543682","-34.66330064543682","-7.025581335730523","-7.025581335730523","-7.025581335730523","-10.042325382905641","-10.042325382905641","-10.042325382905641","-10.76246871467456","-10.76246871467456","-10.76246871467456","-11.83174559864949","-11.83174559864949","-11.83174559864949","-10.659723717579","-10.659723717579","-10.659723717579","-7.724111386976529","-7.724111386976529","-7.724111386976529","-6.2011457447021225","-6.2011457447021225","-6.2011457447021225","-6.463756436096814","-6.463756436096814","-6.463756436096814","-9.56849959908525","-9.56849959908525","-9.56849959908525","-10.783865451561505","-10.783865451561505","-10.783865451561505","-9.684845375096085","-9.684845375096085","-9.684845375096085","-10.962920630717752","-10.962920630717752","-10.962920630717752","-21.517368250755194","-21.517368250755194","-21.517368250755194","-6.463961686943556","-6.463961686943556","-6.463961686943556","-7.377220965835855","-7.377220965835855","-7.377220965835855","-16.030926821886872","-16.030926821886872","-16.030926821886872","-21.479458008230118","-21.479458008230118","-21.479458008230118"
"3500","-10.116918601421656","-10.116918601421656","-10.116918601421656","-6.092722843383069","-6.092722843383069","-6.092722843383069","-34.663300581117355","-34.663300581117355","-34.663300581117355","-8.176139086665845","-8.176139086665845","-8.176139086665845","-8.109924094996089","-8.109924094996089","-8.109924094996089","-12.312221085847515","-12.312221085847515","-12.312221085847515","-8.820730805226493","-8.820730805226493","-8.820730805226493","-7.016890510526588","-7.016890510526588","-7.016890510526588","-7.186419638133364","-7.186419638133364","-7.186419638133364","-5.669065118980923","-5.669065118980923","-5.669065118980923","-8.717075568079116","-8.717075568079116","-8.717075568079116","-5.290012019178986","-5.290012019178986","-5.290012019178986","-11.939853445586326","-11.939853445586326","-11.939853445586326","-6.642137649576443","-6.642137649576443","-6.642137649576443","-9.553224284614933","-9.553224284614933","-9.553224284614933","-9.115995067103437","-9.115995067103437","-9.115995067103437","-6.060261969087479","-6.060261969087479","-6.060261969087479","-4.69492546084136","-4.69492546084136","-4.69492546084136","-9.288395954423898","-9.288395954423898","-9.288395954423898","-8.134508405401697","-8.134508405401697","-8.134508405401697"
"4000","-5.160992684466821","-5.160992684466821","-5.160992684466821","-3.418711933240666","-3.418711933240666","-3.418711933240666","-34.66329503217374","-34.66329503217374","-34.66329503217374","-5.235424594666881","-5.235424594666881","-5.235424594666881","-5.725775929193312","-5.725775929193312","-5.725775929193312","-10.408875447949903","-10.408875447949903","-10.408875447949903","-4.617292512833343","-4.617292512833343","-4.617292512833343","-5.756422811011108","-5.756422811011108","-5.756422811011108","-4.370478289705231","-4.370478289705231","-4.370478289705231","-7.344472600008534","-7.344472600008534","-7.344472600008534","-6.7604071104831345","-6.7604071104831345","-6.7604071104831345","-7.390263154428704","-7.390263154428704","-7.390263154428704","-9.292858313868178","-9.292858313868178","-9.292858313868178","-6.407377671951304","-6.407377671951304","-6.407377671951304","-11.091551204907","-11.091551204907","-11.091551204907","-5.1618599488952075","-5.1618599488952075","-5.1618599488952075","-7.1923849352938145","-7.1923849352938145","-7.1923849352938145","-10.172608347121628","-10.172608347121628","-10.172608347121628","-3.8263183322003345","-3.8263183322003345","-3.8263183322003345","-7.017186477991977","-7.017186477991977","-7.017186477991977"
"4500","-5.361755752154529","-5.361755752154529","-5.361755752154529","-3.02896510588119","-3.02896510588119","-3.02896510588119","-29.241789947172016","-29.241789947172016","-29.241789947172016","-5.46223356019877","-5.46223356019877","-5.46223356019877","-8.398541126497268","-8.398541126497268","-8.398541126497268","-10.145798987890794","-10.145798987890794","-10.145798987890794","-4.133253403944533","-4.133253403944533","-4.133253403944533","-6.437306558773204","-6.437306558773204","-6.437306558773204","-4.65591961069304","-4.65591961069304","-4.65591961069304","-6.9397315275661615","-6.9397315275661615","-6.9397315275661615","-5.024954783927347","-5.024954783927347","-5.024954783927347","-6.308464231728806","-6.308464231728806","-6.308464231728806","-8.142343334060397","-8.142343334060397","-8.142343334060397","-7.140693038703008","-7.140693038703008","-7.140693038703008","-7.8738142172386585","-7.8738142172386585","-7.8738142172386585","-6.0915358768074","-6.0915358768074","-6.0915358768074","-7.182057604133668","-7.182057604133668","-7.182057604133668","-6.206898214643665","-6.206898214643665","-6.206898214643665","-4.40468601127033","-4.40468601127033","-4.40468601127033","-10.01542778636588","-10.01542778636588","-10.01542778636588"
"5000","-6.330550865140468","-6.330550865140468","-6.330550865140468","-2.9931901103960024","-2.9931901103960024","-2.9931901103960024","-17.791467425590604","-17.791467425590604","-17.791467425590604","-4.912998862658059","-4.912998862658059","-4.912998862658059","-5.49368233184221","-5.49368233184221","-5.49368233184221","-4.5732006533993195","-4.5732006533993195","-4.5732006533993195","-5.028244645661468","-5.028244645661468","-5.028244645661468","-5.587712234813015","-5.587712234813015","-5.587712234813015","-5.5138279508094525","-5.5138279508094525","-5.5138279508094525","-5.197481132638437","-5.197481132638437","-5.197481132638437","-4.4355982491183426","-4.4355982491183426","-4.4355982491183426","-8.448801798664606","-8.448801798664606","-8.448801798664606","-8.373205408158414","-8.373205408158414","-8.373205408158414","-7.659591206291262","-7.659591206291262","-7.659591206291262","-9.189646010305704","-9.189646010305704","-9.189646010305704","-4.521899302793552","-4.521899302793552","-4.521899302793552","-6.0778630906375914","-6.0778630906375914","-6.0778630906375914","-4.917709901732319","-4.917709901732319","-4.917709901732319","-3.7131989500705025","-3.7131989500705025","-3.7131989500705025","-7.13987437810223","-7.13987437810223","-7.13987437810223"
"5500","-10.411756403791161","-10.411756403791161","-10.411756403791161","-2.9222683178991655","-2.9222683178991655","-2.9222683178991655","-12.898443903844107","-12.898443903844107","-12.898443903844107","-4.9458308570141485","-4.9458308570141485","-4.9458308570141485","-6.107110310236123","-6.107110310236123","-6.107110310236123","-5.179589570320132","-5.179589570320132","-5.179589570320132","-8.25432113388279","-8.25432113388279","-8.25432113388279","-4.3328848098819135","-4.3328848098819135","-4.3328848098819135","-3.7981173608790173","-3.7981173608790173","-3.7981173608790173","-9.280774331863956","-9.280774331863956","-9.280774331863956","-5.806945448526736","-5.806945448526736","-5.806945448526736","-4.9385956534026265","-4.9385956534026265","-4.9385956534026265","-6.013188468620321","-6.013188468620321","-6.013188468620321","-5.421263079787272","-5.421263079787272","-5.421263079787272","-9.19000441831016","-9.19000441831016","-9.19000441831016","-4.570061260758169","-4.570061260758169","-4.570061260758169","-4.86240972763651","-4.86240972763651","-4.86240972763651","-4.028932059068676","-4.028932059068676","-4.028932059068676","-4.860428719862417","-4.860428719862417","-4.860428719862417","-7.800966289046132","-7.800966289046132","-7.800966289046132"
"6000","-6.338295058698674","-6.338295058698674","-6.338295058698674","-3.51773875319691","-3.51773875319691","-3.51773875319691","-12.449557875215476","-12.449557875215476","-12.449557875215476","-5.035609019542497","-5.035609019542497","-5.035609019542497","-4.770530420557821","-4.770530420557821","-4.770530420557821","-5.373648227563365","-5.373648227563365","-5.373648227563365","-6.333242505357852","-6.333242505357852","-6.333242505357852","-4.022928617204364","-4.022928617204364","-4.022928617204364","-2.9546775172017923","-2.9546775172017923","-2.9546775172017923","-4.168057832564729","-4.168057832564729","-4.168057832564729","-5.186020739977227","-5.186020739977227","-5.186020739977227","-5.983442605915906","-5.983442605915906","-5.983442605915906","-7.285219472691179","-7.285219472691179","-7.285219472691179","-5.3322769636045315","-5.3322769636045315","-5.3322769636045315","-7.01578561740431","-7.01578561740431","-7.01578561740431","-3.6725106310053364","-3.6725106310053364","-3.6725106310053364","-4.752547935756856","-4.752547935756856","-4.752547935756856","-3.2814205853770995","-3.2814205853770995","-3.2814205853770995","-5.733908288050303","-5.733908288050303","-5.733908288050303","-9.686371922974894","-9.686371922974894","-9.686371922974894"
"6500","-5.70581493257076","-5.70581493257076","-5.70581493257076","-4.1536142536404705","-4.1536142536404705","-4.1536142536404705","-8.028771498018077","-8.028771498018077","-8.028771498018077","-4.046097747003916","-4.046097747003916","-4.046097747003916","-4.481472748641162","-4.481472748641162","-4.481472748641162","-3.4035270947678535","-3.4035270947678535","-3.4035270947678535","-5.57103991877713","-5.57103991877713","-5.57103991877713","-4.224767362956632","-4.224767362956632","-4.224767362956632","-3.959782011152219","-3.959782011152219","-3.959782011152219","-4.294280507918931","-4.294280507918931","-4.294280507918931","-4.226365027423323","-4.226365027423323","-4.226365027423323","-4.496134117599285","-4.496134117599285","-4.496134117599285","-7.289694985482609","-7.289694985482609","-7.289694985482609","-5.646398831798848","-5.646398831798848","-5.646398831798848","-5.453118732654319","-5.453118732654319","-5.453118732654319","-4.652452804110867","-4.652452804110867","-4.652452804110867","-3.5775192793726673","-3.5775192793726673","-3.5775192793726673","-3.9680384523542487","-3.9680384523542487","-3.9680384523542487","-6.07593753650311","-6.07593753650311","-6.07593753650311","-5.03148354602156","-5.03148354602156","-5.03148354602156"
"7000","-4.84721960498703","-4.84721960498703","-4.84721960498703","-6.868497466752979","-6.868497466752979","-6.868497466752979","-8.074050385544146","-8.074050385544146","-8.074050385544146","-2.964482792674125","-2.964482792674125","-2.964482792674125","-2.3962990261937036","-2.3962990261937036","-2.3962990261937036","-4.433071479483783","-4.433071479483783","-4.433071479483783","-1.9938419404907801","-1.9938419404907801","-1.9938419404907801","-4.339405191323289","-4.339405191323289","-4.339405191323289","-2.876445292726763","-2.876445292726763","-2.876445292726763","-3.5806914069411007","-3.5806914069411007","-3.5806914069411007","-5.0388702388376","-5.0388702388376","-5.0388702388376","-5.39809054606312","-5.39809054606312","-5.39809054606312","-7.313013231800357","-7.313013231800357","-7.313013231800357","-5.25103650735511","-5.25103650735511","-5.25103650735511","-5.2349919680814665","-5.2349919680814665","-5.2349919680814665","-4.720077641083173","-4.720077641083173","-4.720077641083173","-3.40015315837834","-3.40015315837834","-3.40015315837834","-3.61447082527861","-3.61447082527861","-3.61447082527861","-3.9681858421016516","-3.9681858421016516","-3.9681858421016516","-4.713162830624145","-4.713162830624145","-4.713162830624145"
"7500","-3.9893367551138845","-3.9893367551138845","-3.9893367551138845","-2.342292967778817","-2.342292967778817","-2.342292967778817","-4.847535109654175","-4.847535109654175","-4.847535109654175","-2.7255150745025802","-2.7255150745025802","-2.7255150745025802","-4.097127643023381","-4.097127643023381","-4.097127643023381","-4.582294811120795","-4.582294811120795","-4.582294811120795","-2.6529167745849462","-2.6529167745849462","-2.6529167745849462","-3.2666248266670346","-3.2666248266670346","-3.2666248266670346","-3.28910490920786","-3.28910490920786","-3.28910490920786","-1.9636838168045885","-1.9636838168045885","-1.9636838168045885","-3.8084431689932337","-3.8084431689932337","-3.8084431689932337","-3.3440541743861525","-3.3440541743861525","-3.3440541743861525","-3.59984807185531","-3.59984807185531","-3.59984807185531","-3.4824633651899886","-3.4824633651899886","-3.4824633651899886","-5.8724512299505065","-5.8724512299505065","-5.8724512299505065","-4.9768138766191665","-4.9768138766191665","-4.9768138766191665","-4.1180258960178024","-4.1180258960178024","-4.1180258960178024","-3.8098137388248823","-3.8098137388248823","-3.8098137388248823","-3.678064461583176","-3.678064461583176","-3.678064461583176","-4.313369965423119","-4.313369965423119","-4.313369965423119"
"8000","-4.937434718396368","-4.937434718396368","-4.937434718396368","-3.2258897775756425","-3.2258897775756425","-3.2258897775756425","-8.120790511817631","-8.120790511817631","-8.120790511817631","-3.010990350554888","-3.010990350554888","-3.010990350554888","-3.83256212574486","-3.83256212574486","-3.83256212574486","-3.1289810858716622","-3.1289810858716622","-3.1289810858716622","-2.836471814599863","-2.836471814599863","-2.836471814599863","-3.839266112462687","-3.839266112462687","-3.839266112462687","-2.786306574761224","-2.786306574761224","-2.786306574761224","-2.067537730391016","-2.067537730391016","-2.067537730391016","-3.2603035252456762","-3.2603035252456762","-3.2603035252456762","-4.313723168751721","-4.313723168751721","-4.313723168751721","-4.483725667643436","-4.483725667643436","-4.483725667643436","-2.697855806151934","-2.697855806151934","-2.697855806151934","-4.959159784777283","-4.959159784777283","-4.959159784777283","-3.14857658030914","-3.14857658030914","-3.14857658030914","-5.027692358001661","-5.027692358001661","-5.027692358001661","-3.36513522650961","-3.36513522650961","-3.36513522650961","-3.1338972548945976","-3.1338972548945976","-3.1338972548945976","-6.249099179557037","-6.249099179557037","-6.249099179557037"
"8500","-4.831529805974059","-4.831529805974059","-4.831529805974059","-2.022950459882603","-2.022950459882603","-2.022950459882603","-9.801565342099966","-9.801565342099966","-9.801565342099966","-2.432777128197094","-2.432777128197094","-2.432777128197094","-2.0964967232516534","-2.0964967232516534","-2.0964967232516534","-3.6285754307603257","-3.6285754307603257","-3.6285754307603257","-3.294888885726936","-3.294888885726936","-3.294888885726936","-3.9656531661224284","-3.9656531661224284","-3.9656531661224284","-3.1580729034687254","-3.1580729034687254","-3.1580729034687254","-3.2368382279165386","-3.2368382279165386","-3.2368382279165386","-2.976196525759327","-2.976196525759327","-2.976196525759327","-3.4623256790043984","-3.4623256790043984","-3.4623256790043984","-2.002897480782641","-2.002897480782641","-2.002897480782641","-2.965178598602813","-2.965178598602813","-2.965178598602813","-3.290122090985848","-3.290122090985848","-3.290122090985848","-2.354495389318961","-2.354495389318961","-2.354495389318961","-2.804593728093759","-2.804593728093759","-2.804593728093759","-2.408712617023617","-2.408712617023617","-2.408712617023617","-4.704653279033637","-4.704653279033637","-4.704653279033637","-5.011793078441587","-5.011793078441587","-5.011793078441587"
"9000","-2.987754502757812","-2.987754502757812","-2.987754502757812","-2.269756666852305","-2.269756666852305","-2.269756666852305","-5.556639437204091","-5.556639437204091","-5.556639437204091","-2.466870636585662","-2.466870636585662","-2.466870636585662","-4.323995832033823","-4.323995832033823","-4.323995832033823","-2.740524443609699","-2.740524443609699","-2.740524443609699","-3.12404071646115","-3.12404071646115","-3.12404071646115","-3.1463368109339678","-3.1463368109339678","-3.1463368109339678","-3.8510844742250043","-3.8510844742250043","-3.8510844742250043","-4.53395052011866","-4.53395052011866","-4.53395052011866","-3.0374205029347365","-3.0374205029347365","-3.0374205029347365","-3.603394411494498","-3.603394411494498","-3.603394411494498","-2.2005387296172074","-2.2005387296172074","-2.2005387296172074","-3.44133119653947","-3.44133119653947","-3.44133119653947","-2.7010605696039627","-2.7010605696039627","-2.7010605696039627","-3.025186977173813","-3.025186977173813","-3.025186977173813","-4.9699226314459874","-4.9699226314459874","-4.9699226314459874","-3.116294908956191","-3.116294908956191","-3.116294908956191","-2.142378336596352","-2.142378336596352","-2.142378336596352","-6.390911604228131","-6.390911604228131","-6.390911604228131"
"9500","-4.1145772508722995","-4.1145772508722995","-4.1145772508722995","-3.035819678353627","-3.035819678353627","-3.035819678353627","-8.011573204339951","-8.011573204339951","-8.011573204339951","-2.478002411030382","-2.478002411030382","-2.478002411030382","-1.347476112157459","-1.347476112157459","-1.347476112157459","-3.6531733533898914","-3.6531733533898914","-3.6531733533898914","-2.8508853577062956","-2.8508853577062956","-2.8508853577062956","-2.5509255738499697","-2.5509255738499697","-2.5509255738499697","-2.6361554703236227","-2.6361554703236227","-2.6361554703236227","-3.22225622605617","-3.22225622605617","-3.22225622605617","-2.108906116480521","-2.108906116480521","-2.108906116480521","-3.2141593212384443","-3.2141593212384443","-3.2141593212384443","-2.8195964939496534","-2.8195964939496534","-2.8195964939496534","-2.658118916279021","-2.658118916279021","-2.658118916279021","-3.892713995399422","-3.892713995399422","-3.892713995399422","-3.4810341115974444","-3.4810341115974444","-3.4810341115974444","-3.2259044448980716","-3.2259044448980716","-3.2259044448980716","-2.404681969584389","-2.404681969584389","-2.404681969584389","-6.092438009593029","-6.092438009593029","-6.092438009593029","-4.526107417111097","-4.526107417111097","-4.526107417111097"
"10000","-4.455129870208707","-4.455129870208707","-4.455129870208707","-2.6194505075860226","-2.6194505075860226","-2.6194505075860226","-3.629584729975021","-3.629584729975021","-3.629584729975021","-2.5754519277860206","-2.5754519277860206","-2.5754519277860206","-1.9855535573813299","-1.9855535573813299","-1.9855535573813299","-3.1763264569480336","-3.1763264569480336","-3.1763264569480336","-3.0146779222622433","-3.0146779222622433","-3.0146779222622433","-2.988195334825905","-2.988195334825905","-2.988195334825905","-2.400478222673228","-2.400478222673228","-2.400478222673228","-2.447890895952102","-2.447890895952102","-2.447890895952102","-2.6069589985107773","-2.6069589985107773","-2.6069589985107773","-2.337567116676694","-2.337567116676694","-2.337567116676694","-3.499089921134872","-3.499089921134872","-3.499089921134872","-2.2898995198693344","-2.2898995198693344","-2.2898995198693344","-4.368085459787686","-4.368085459787686","-4.368085459787686","-3.0166887131514146","-3.0166887131514146","-3.0166887131514146","-4.702124817940485","-4.702124817940485","-4.702124817940485","-3.345403207629346","-3.345403207629346","-3.345403207629346","-3.2713764990683587","-3.2713764990683587","-3.2713764990683587","-3.7273694505217714","-3.7273694505217714","-3.7273694505217714"
"10500","-4.391449152576747","-4.391449152576747","-4.391449152576747","-1.7408950000803856","-1.7408950000803856","-1.7408950000803856","-5.224452008672249","-5.224452008672249","-5.224452008672249","-1.8985378175585637","-1.8985378175585637","-1.8985378175585637","-2.1274612663599797","-2.1274612663599797","-2.1274612663599797","-2.1872891943312687","-2.1872891943312687","-2.1872891943312687","-2.381737103439629","-2.381737103439629","-2.381737103439629","-2.55520835845472","-2.55520835845472","-2.55520835845472","-2.196260388597031","-2.196260388597031","-2.196260388597031","-3.1583532055539942","-3.1583532055539942","-3.1583532055539942","-2.2134509571175074","-2.2134509571175074","-2.2134509571175074","-1.9528780231653866","-1.9528780231653866","-1.9528780231653866","-2.1617705890937957","-2.1617705890937957","-2.1617705890937957","-3.3589936038820425","-3.3589936038820425","-3.3589936038820425","-4.011532075246025","-4.011532075246025","-4.011532075246025","-2.134856587679683","-2.134856587679683","-2.134856587679683","-2.3440368100830207","-2.3440368100830207","-2.3440368100830207","-3.1244389782989095","-3.1244389782989095","-3.1244389782989095","-4.56608309370146","-4.56608309370146","-4.56608309370146","-5.334282182618146","-5.334282182618146","-5.334282182618146"
"11000","-2.9349031047058363","-2.9349031047058363","-2.9349031047058363","-2.187845372253167","-2.187845372253167","-2.187845372253167","-3.942570613089682","-3.942570613089682","-3.942570613089682","-1.7241858158301948","-1.7241858158301948","-1.7241858158301948","-3.901679961927587","-3.901679961927587","-3.901679961927587","-4.113221356714595","-4.113221356714595","-4.113221356714595","-2.5979109662457383","-2.5979109662457383","-2.5979109662457383","-1.8391085340465132","-1.8391085340465132","-1.8391085340465132","-1.7841407076279476","-1.7841407076279476","-1.7841407076279476","-3.0872233616578173","-3.0872233616578173","-3.0872233616578173","-3.2716748475437356","-3.2716748475437356","-3.2716748475437356","-3.0584258160382367","-3.0584258160382367","-3.0584258160382367","-3.8806271569184245","-3.8806271569184245","-3.8806271569184245","-2.693182510131563","-2.693182510131563","-2.693182510131563","-2.936527692935366","-2.936527692935366","-2.936527692935366","-2.1681295823882936","-2.1681295823882936","-2.1681295823882936","-4.182752273593907","-4.182752273593907","-4.182752273593907","-2.2839306750990187","-2.2839306750990187","-2.2839306750990187","-3.4271187808595136","-3.4271187808595136","-3.4271187808595136","-4.290046363388928","-4.290046363388928","-4.290046363388928"
"11500","-3.8966553022506503","-3.8966553022506503","-3.8966553022506503","-2.0792547208136836","-2.0792547208136836","-2.0792547208136836","-5.927189579191439","-5.927189579191439","-5.927189579191439","-2.9486137010341733","-2.9486137010341733","-2.9486137010341733","-1.8261160911833259","-1.8261160911833259","-1.8261160911833259","-1.7625914019056281","-1.7625914019056281","-1.7625914019056281","-2.178765988007009","-2.178765988007009","-2.178765988007009","-2.0569318223062276","-2.0569318223062276","-2.0569318223062276","-1.8344995946736027","-1.8344995946736027","-1.8344995946736027","-1.6821627357358793","-1.6821627357358793","-1.6821627357358793","-2.376722091832861","-2.376722091832861","-2.376722091832861","-2.429047937940998","-2.429047937940998","-2.429047937940998","-2.430412406422021","-2.430412406422021","-2.430412406422021","-2.2645714492704347","-2.2645714492704347","-2.2645714492704347","-2.969807741656255","-2.969807741656255","-2.969807741656255","-2.7148297611401104","-2.7148297611401104","-2.7148297611401104","-3.6909786657801176","-3.6909786657801176","-3.6909786657801176","-3.5983569928886086","-3.5983569928886086","-3.5983569928886086","-4.200615985699141","-4.200615985699141","-4.200615985699141","-5.243426953341013","-5.243426953341013","-5.243426953341013"
"12000","-4.874161871589434","-4.874161871589434","-4.874161871589434","-3.1070062332945847","-3.1070062332945847","-3.1070062332945847","-5.351361253482888","-5.351361253482888","-5.351361253482888","-3.2938861682571043","-3.2938861682571043","-3.2938861682571043","-5.50975334632264","-5.50975334632264","-5.50975334632264","-2.3367786461867857","-2.3367786461867857","-2.3367786461867857","-2.1609427051119012","-2.1609427051119012","-2.1609427051119012","-3.760886050775004","-3.760886050775004","-3.760886050775004","-2.9442480814068155","-2.9442480814068155","-2.9442480814068155","-2.311315379312708","-2.311315379312708","-2.311315379312708","-4.006783919791077","-4.006783919791077","-4.006783919791077","-4.719035253119799","-4.719035253119799","-4.719035253119799","-1.718780577345554","-1.718780577345554","-1.718780577345554","-2.3540525915986237","-2.3540525915986237","-2.3540525915986237","-4.505060184794024","-4.505060184794024","-4.505060184794024","-2.4950013304532144","-2.4950013304532144","-2.4950013304532144","-2.4642870829199284","-2.4642870829199284","-2.4642870829199284","-2.7864438324361895","-2.7864438324361895","-2.7864438324361895","-3.9736776565319416","-3.9736776565319416","-3.9736776565319416","-6.440737258453249","-6.440737258453249","-6.440737258453249"
"12500","-6.248527656399172","-6.248527656399172","-6.248527656399172","-2.8477082287346556","-2.8477082287346556","-2.8477082287346556","-3.321464528409648","-3.321464528409648","-3.321464528409648","-2.889875810695936","-2.889875810695936","-2.889875810695936","-3.241665480796003","-3.241665480796003","-3.241665480796003","-2.7422839518364537","-2.7422839518364537","-2.7422839518364537","-2.545722273592508","-2.545722273592508","-2.545722273592508","-3.3116183859134587","-3.3116183859134587","-3.3116183859134587","-5.818775661221967","-5.818775661221967","-5.818775661221967","-1.6813580492617444","-1.6813580492617444","-1.6813580492617444","-2.0012118666180037","-2.0012118666180037","-2.0012118666180037","-2.3613015624199276","-2.3613015624199276","-2.3613015624199276","-1.9496619710106646","-1.9496619710106646","-1.9496619710106646","-1.9339694191908983","-1.9339694191908983","-1.9339694191908983","-2.5337028371145274","-2.5337028371145274","-2.5337028371145274","-2.7215817743834223","-2.7215817743834223","-2.7215817743834223","-2.1903416852638005","-2.1903416852638005","-2.1903416852638005","-3.2962143882557626","-3.2962143882557626","-3.2962143882557626","-2.654340435447911","-2.654340435447911","-2.654340435447911","-3.206758869836559","-3.206758869836559","-3.206758869836559"
"13000","-4.84082792260511","-4.84082792260511","-4.84082792260511","-1.4016000077305022","-1.4016000077305022","-1.4016000077305022","-5.279054027565749","-5.279054027565749","-5.279054027565749","-3.407648744189","-3.407648744189","-3.407648744189","-3.9402119039640255","-3.9402119039640255","-3.9402119039640255","-2.5305415419701576","-2.5305415419701576","-2.5305415419701576","-3.46498675764668","-3.46498675764668","-3.46498675764668","-2.953034405420911","-2.953034405420911","-2.953034405420911","-1.8591103169099288","-1.8591103169099288","-1.8591103169099288","-1.2863399057782767","-1.2863399057782767","-1.2863399057782767","-2.2141802471692533","-2.2141802471692533","-2.2141802471692533","-1.6761452363968021","-1.6761452363968021","-1.6761452363968021","-1.55882593857238","-1.55882593857238","-1.55882593857238","-2.3969722502625523","-2.3969722502625523","-2.3969722502625523","-4.13661186389676","-4.13661186389676","-4.13661186389676","-2.6412633248011668","-2.6412633248011668","-2.6412633248011668","-2.7458012370646645","-2.7458012370646645","-2.7458012370646645","-2.6125351639850747","-2.6125351639850747","-2.6125351639850747","-2.6821751556927693","-2.6821751556927693","-2.6821751556927693","-2.5971893987106798","-2.5971893987106798","-2.5971893987106798"
"13500","-2.7310599615644446","-2.7310599615644446","-2.7310599615644446","-1.6013055587274097","-1.6013055587274097","-1.6013055587274097","-2.7791866374637566","-2.7791866374637566","-2.7791866374637566","-4.005049398595983","-4.005049398595983","-4.005049398595983","-1.602059885887503","-1.602059885887503","-1.602059885887503","-2.2967983385716453","-2.2967983385716453","-2.2967983385716453","-3.5604435108410932","-3.5604435108410932","-3.5604435108410932","-3.0407844505362633","-3.0407844505362633","-3.0407844505362633","-1.647859517664473","-1.647859517664473","-1.647859517664473","-2.024788429345954","-2.024788429345954","-2.024788429345954","-2.1593694769826537","-2.1593694769826537","-2.1593694769826537","-2.0202408848331523","-2.0202408848331523","-2.0202408848331523","-2.438541153093453","-2.438541153093453","-2.438541153093453","-2.4685529632486594","-2.4685529632486594","-2.4685529632486594","-3.200392855005712","-3.200392855005712","-3.200392855005712","-2.378405884186177","-2.378405884186177","-2.378405884186177","-2.431324298653595","-2.431324298653595","-2.431324298653595","-3.8390648368021045","-3.8390648368021045","-3.8390648368021045","-2.802294940080906","-2.802294940080906","-2.802294940080906","-1.5489530686052304","-1.5489530686052304","-1.5489530686052304"
"14000","-2.391210923899137","-2.391210923899137","-2.391210923899137","-1.9149261197492233","-1.9149261197492233","-1.9149261197492233","-2.836853341309975","-2.836853341309975","-2.836853341309975","-5.7710011663731215","-5.7710011663731215","-5.7710011663731215","-1.9780662764531922","-1.9780662764531922","-1.9780662764531922","-2.16660445983793","-2.16660445983793","-2.16660445983793","-1.6663998002762923","-1.6663998002762923","-1.6663998002762923","-2.039739203206819","-2.039739203206819","-2.039739203206819","-1.7167239903000755","-1.7167239903000755","-1.7167239903000755","-2.061378021202982","-2.061378021202982","-2.061378021202982","-1.5661833806356587","-1.5661833806356587","-1.5661833806356587","-2.2267327611000427","-2.2267327611000427","-2.2267327611000427","-1.7535213707840445","-1.7535213707840445","-1.7535213707840445","-2.203588521095063","-2.203588521095063","-2.203588521095063","-1.7751641267411329","-1.7751641267411329","-1.7751641267411329","-1.9899075348831758","-1.9899075348831758","-1.9899075348831758","-3.20866846382195","-3.20866846382195","-3.20866846382195","-5.331791570181732","-5.331791570181732","-5.331791570181732","-1.6933278277291315","-1.6933278277291315","-1.6933278277291315","-2.17686494781445","-2.17686494781445","-2.17686494781445"
"14500","-3.2697568144169153","-3.2697568144169153","-3.2697568144169153","-1.553192340884459","-1.553192340884459","-1.553192340884459","-3.2911598435127445","-3.2911598435127445","-3.2911598435127445","-2.7151802510595426","-2.7151802510595426","-2.7151802510595426","-2.248338059478491","-2.248338059478491","-2.248338059478491","-2.1650215696659876","-2.1650215696659876","-2.1650215696659876","-2.1440983810441074","-2.1440983810441074","-2.1440983810441074","-1.5606975042539397","-1.5606975042539397","-1.5606975042539397","-3.049432273133365","-3.049432273133365","-3.049432273133365","-4.39934848636483","-4.39934848636483","-4.39934848636483","-1.6142016146550133","-1.6142016146550133","-1.6142016146550133","-2.9859495315275235","-2.9859495315275235","-2.9859495315275235","-1.726524123589454","-1.726524123589454","-1.726524123589454","-2.0186760184814134","-2.0186760184814134","-2.0186760184814134","-1.54894611140713","-1.54894611140713","-1.54894611140713","-2.0985200031078994","-2.0985200031078994","-2.0985200031078994","-3.0258297042954254","-3.0258297042954254","-3.0258297042954254","-3.184613981687466","-3.184613981687466","-3.184613981687466","-2.562532341292933","-2.562532341292933","-2.562532341292933","-1.542641417968769","-1.542641417968769","-1.542641417968769"
"15000","-3.2110911832252027","-3.2110911832252027","-3.2110911832252027","-1.5837600284719502","-1.5837600284719502","-1.5837600284719502","-5.321555298732411","-5.321555298732411","-5.321555298732411","-2.4700318332450464","-2.4700318332450464","-2.4700318332450464","-1.9065271306636453","-1.9065271306636453","-1.9065271306636453","-3.850264473496774","-3.850264473496774","-3.850264473496774","-2.097279774516477","-2.097279774516477","-2.097279774516477","-1.5309509934415189","-1.5309509934415189","-1.5309509934415189","-1.5450851971303545","-1.5450851971303545","-1.5450851971303545","-4.1208045469196755","-4.1208045469196755","-4.1208045469196755","-1.5176296506368223","-1.5176296506368223","-1.5176296506368223","-2.2109789444308636","-2.2109789444308636","-2.2109789444308636","-1.860559057009355","-1.860559057009355","-1.860559057009355","-1.8492219607888654","-1.8492219607888654","-1.8492219607888654","-1.8421271267838826","-1.8421271267838826","-1.8421271267838826","-1.8271796315671949","-1.8271796315671949","-1.8271796315671949","-3.035285131525182","-3.035285131525182","-3.035285131525182","-3.6383237557309607","-3.6383237557309607","-3.6383237557309607","-2.928782806363051","-2.928782806363051","-2.928782806363051","-1.5423399282227845","-1.5423399282227845","-1.5423399282227845"
"15500","-2.662929777574244","-2.662929777574244","-2.662929777574244","-1.2839642547113304","-1.2839642547113304","-1.2839642547113304","-4.204313498305019","-4.204313498305019","-4.204313498305019","-3.663437693962772","-3.663437693962772","-3.663437693962772","-2.6501809605062605","-2.6501809605062605","-2.6501809605062605","-2.241911158041342","-2.241911158041342","-2.241911158041342","-2.035805278316328","-2.035805278316328","-2.035805278316328","-2.7032112025669943","-2.7032112025669943","-2.7032112025669943","-2.31060520168717","-2.31060520168717","-2.31060520168717","-1.4605914936049291","-1.4605914936049291","-1.4605914936049291","-2.509144517123099","-2.509144517123099","-2.509144517123099","-2.0861883551911786","-2.0861883551911786","-2.0861883551911786","-1.5918293513334025","-1.5918293513334025","-1.5918293513334025","-3.3374426630891754","-3.3374426630891754","-3.3374426630891754","-2.7203640948999537","-2.7203640948999537","-2.7203640948999537","-2.384446610143706","-2.384446610143706","-2.384446610143706","-2.416260063274252","-2.416260063274252","-2.416260063274252","-5.012481915866405","-5.012481915866405","-5.012481915866405","-1.9927791446092413","-1.9927791446092413","-1.9927791446092413","-3.79504987398107","-3.79504987398107","-3.79504987398107"
"16000","-1.9610636530821939","-1.9610636530821939","-1.9610636530821939","-1.446562633317281","-1.446562633317281","-1.446562633317281","-3.1505844840517137","-3.1505844840517137","-3.1505844840517137","-2.8690344809162207","-2.8690344809162207","-2.8690344809162207","-1.9810198570605286","-1.9810198570605286","-1.9810198570605286","-2.55355767724163","-2.55355767724163","-2.55355767724163","-1.3869493025470607","-1.3869493025470607","-1.3869493025470607","-4.009172950695385","-4.009172950695385","-4.009172950695385","-1.7350666143582525","-1.7350666143582525","-1.7350666143582525","-1.7407575482048625","-1.7407575482048625","-1.7407575482048625","-1.9678704781115641","-1.9678704781115641","-1.9678704781115641","-2.6350093557540415","-2.6350093557540415","-2.6350093557540415","-2.275146160364493","-2.275146160364493","-2.275146160364493","-1.732804353744926","-1.732804353744926","-1.732804353744926","-2.838324953761945","-2.838324953761945","-2.838324953761945","-4.008854085582493","-4.008854085582493","-4.008854085582493","-2.2468574021195074","-2.2468574021195074","-2.2468574021195074","-2.4677096938173255","-2.4677096938173255","-2.4677096938173255","-1.974962764403744","-1.974962764403744","-1.974962764403744","-1.5252438255136511","-1.5252438255136511","-1.5252438255136511"
"16500","-4.484730075770495","-4.484730075770495","-4.484730075770495","-1.6344059685160268","-1.6344059685160268","-1.6344059685160268","-3.6210443055684296","-3.6210443055684296","-3.6210443055684296","-1.9307998855159685","-1.9307998855159685","-1.9307998855159685","-1.4181244720985837","-1.4181244720985837","-1.4181244720985837","-3.990617687193256","-3.990617687193256","-3.990617687193256","-2.250454739612979","-2.250454739612979","-2.250454739612979","-2.820554510622243","-2.820554510622243","-2.820554510622243","-2.678137028089316","-2.678137028089316","-2.678137028089316","-1.8976433318999106","-1.8976433318999106","-1.8976433318999106","-2.0078288821724586","-2.0078288821724586","-2.0078288821724586","-1.4849267734103897","-1.4849267734103897","-1.4849267734103897","-2.779524956106215","-2.779524956106215","-2.779524956106215","-1.566127657744236","-1.566127657744236","-1.566127657744236","-3.2494939759875523","-3.2494939759875523","-3.2494939759875523","-2.332274862919492","-2.332274862919492","-2.332274862919492","-3.2846486204522742","-3.2846486204522742","-3.2846486204522742","-8.055895302590155","-8.055895302590155","-8.055895302590155","-2.277203966983596","-2.277203966983596","-2.277203966983596","-3.0688073139793195","-3.0688073139793195","-3.0688073139793195"
"17000","-2.0343329905359626","-2.0343329905359626","-2.0343329905359626","-1.9315328045793418","-1.9315328045793418","-1.9315328045793418","-3.1500379711939748","-3.1500379711939748","-3.1500379711939748","-2.133886477611877","-2.133886477611877","-2.133886477611877","-3.1734278809476866","-3.1734278809476866","-3.1734278809476866","-3.165186872314723","-3.165186872314723","-3.165186872314723","-1.4707464213845636","-1.4707464213845636","-1.4707464213845636","-3.2234049370723326","-3.2234049370723326","-3.2234049370723326","-3.1307883221354134","-3.1307883221354134","-3.1307883221354134","-1.3606092452898066","-1.3606092452898066","-1.3606092452898066","-1.595859550129478","-1.595859550129478","-1.595859550129478","-1.5568237357950792","-1.5568237357950792","-1.5568237357950792","-3.1190129504963386","-3.1190129504963386","-3.1190129504963386","-1.3162307585267485","-1.3162307585267485","-1.3162307585267485","-1.9036104317655087","-1.9036104317655087","-1.9036104317655087","-1.5203409493159756","-1.5203409493159756","-1.5203409493159756","-1.8152958317875096","-1.8152958317875096","-1.8152958317875096","-2.100973612346537","-2.100973612346537","-2.100973612346537","-1.6509298100081111","-1.6509298100081111","-1.6509298100081111","-2.047835517928772","-2.047835517928772","-2.047835517928772"
"17500","-1.9818087137446714","-1.9818087137446714","-1.9818087137446714","-1.6952435815619917","-1.6952435815619917","-1.6952435815619917","-3.337535157990378","-3.337535157990378","-3.337535157990378","-2.607009737766032","-2.607009737766032","-2.607009737766032","-1.4267802631522764","-1.4267802631522764","-1.4267802631522764","-2.2059327352228317","-2.2059327352228317","-2.2059327352228317","-1.7716495706341662","-1.7716495706341662","-1.7716495706341662","-1.2584297416487422","-1.2584297416487422","-1.2584297416487422","-1.9944224878214976","-1.9944224878214976","-1.9944224878214976","-1.0719961147104682","-1.0719961147104682","-1.0719961147104682","-1.7728208274670567","-1.7728208274670567","-1.7728208274670567","-2.5530921509598645","-2.5530921509598645","-2.5530921509598645","-2.4977212325721494","-2.4977212325721494","-2.4977212325721494","-1.6919487482943452","-1.6919487482943452","-1.6919487482943452","-1.978582777622918","-1.978582777622918","-1.978582777622918","-2.3657479422418235","-2.3657479422418235","-2.3657479422418235","-1.7515512792294146","-1.7515512792294146","-1.7515512792294146","-3.050299036458977","-3.050299036458977","-3.050299036458977","-1.8195147034193149","-1.8195147034193149","-1.8195147034193149","-1.8956900857886183","-1.8956900857886183","-1.8956900857886183"
"18000","-1.9271684966739702","-1.9271684966739702","-1.9271684966739702","-1.4362715968554747","-1.4362715968554747","-1.4362715968554747","-3.6264252164851265","-3.6264252164851265","-3.6264252164851265","-2.1099546675617176","-2.1099546675617176","-2.1099546675617176","-2.868394397373423","-2.868394397373423","-2.868394397373423","-1.8972415896743429","-1.8972415896743429","-1.8972415896743429","-1.5217543087847816","-1.5217543087847816","-1.5217543087847816","-2.0555889390449615","-2.0555889390449615","-2.0555889390449615","-1.2840531199075673","-1.2840531199075673","-1.2840531199075673","-2.423958028548203","-2.423958028548203","-2.423958028548203","-1.338183042431139","-1.338183042431139","-1.338183042431139","-2.6551595730318196","-2.6551595730318196","-2.6551595730318196","-1.939988312864616","-1.939988312864616","-1.939988312864616","-1.3794132129121952","-1.3794132129121952","-1.3794132129121952","-2.4208847201005024","-2.4208847201005024","-2.4208847201005024","-1.871413370156829","-1.871413370156829","-1.871413370156829","-2.2289973533659593","-2.2289973533659593","-2.2289973533659593","-2.290483758287183","-2.290483758287183","-2.290483758287183","-1.738349570286341","-1.738349570286341","-1.738349570286341","-2.91665199037475","-2.91665199037475","-2.91665199037475"
"18500","-3.4194042258586803","-3.4194042258586803","-3.4194042258586803","-1.4885503218033513","-1.4885503218033513","-1.4885503218033513","-1.8423438490438528","-1.8423438490438528","-1.8423438490438528","-2.3033611603031034","-2.3033611603031034","-2.3033611603031034","-1.6725054617230075","-1.6725054617230075","-1.6725054617230075","-1.3094132789785147","-1.3094132789785147","-1.3094132789785147","-1.807620181435599","-1.807620181435599","-1.807620181435599","-1.8687073029102865","-1.8687073029102865","-1.8687073029102865","-2.7489958552615024","-2.7489958552615024","-2.7489958552615024","-1.2740808564642172","-1.2740808564642172","-1.2740808564642172","-1.565543177112105","-1.565543177112105","-1.565543177112105","-2.1394007761785128","-2.1394007761785128","-2.1394007761785128","-3.4821123590332723","-3.4821123590332723","-3.4821123590332723","-1.6563329186360598","-1.6563329186360598","-1.6563329186360598","-1.7731300605825866","-1.7731300605825866","-1.7731300605825866","-2.1962280440274378","-2.1962280440274378","-2.1962280440274378","-2.36536594533593","-2.36536594533593","-2.36536594533593","-2.462438917491573","-2.462438917491573","-2.462438917491573","-2.466018087843837","-2.466018087843837","-2.466018087843837","-2.921730603732942","-2.921730603732942","-2.921730603732942"
"19000","-1.2609611489050774","-1.2609611489050774","-1.2609611489050774","-1.3425310906584265","-1.3425310906584265","-1.3425310906584265","-2.962143810809869","-2.962143810809869","-2.962143810809869","-2.0325177841972537","-2.0325177841972537","-2.0325177841972537","-2.2534974039861497","-2.2534974039861497","-2.2534974039861497","-1.5579337513138336","-1.5579337513138336","-1.5579337513138336","-2.321231342374809","-2.321231342374809","-2.321231342374809","-1.4642303833880268","-1.4642303833880268","-1.4642303833880268","-4.410512706015225","-4.410512706015225","-4.410512706015225","-1.393753381541716","-1.393753381541716","-1.393753381541716","-1.7660890052593925","-1.7660890052593925","-1.7660890052593925","-2.1806871878690908","-2.1806871878690908","-2.1806871878690908","-1.713125336763009","-1.713125336763009","-1.713125336763009","-1.6334637397632974","-1.6334637397632974","-1.6334637397632974","-1.2765461880513946","-1.2765461880513946","-1.2765461880513946","-1.301154079170881","-1.301154079170881","-1.301154079170881","-1.4452353930546569","-1.4452353930546569","-1.4452353930546569","-2.6223662246570902","-2.6223662246570902","-2.6223662246570902","-2.4388412299245443","-2.4388412299245443","-2.4388412299245443","-2.9433844588021008","-2.9433844588021008","-2.9433844588021008"
"19500","-1.8932340641685883","-1.8932340641685883","-1.8932340641685883","-1.7249066611748654","-1.7249066611748654","-1.7249066611748654","-2.0172554343606133","-2.0172554343606133","-2.0172554343606133","-2.4403870060513655","-2.4403870060513655","-2.4403870060513655","-2.1591797491218867","-2.1591797491218867","-2.1591797491218867","-1.6665576670884537","-1.6665576670884537","-1.6665576670884537","-1.3254537857267608","-1.3254537857267608","-1.3254537857267608","-3.797353722369974","-3.797353722369974","-3.797353722369974","-1.455495765548476","-1.455495765548476","-1.455495765548476","-1.4654962312919264","-1.4654962312919264","-1.4654962312919264","-1.380647278598893","-1.380647278598893","-1.380647278598893","-3.000864918614672","-3.000864918614672","-3.000864918614672","-1.8265138531923282","-1.8265138531923282","-1.8265138531923282","-2.009431561037031","-2.009431561037031","-2.009431561037031","-2.4759012633610853","-2.4759012633610853","-2.4759012633610853","-1.344567835923351","-1.344567835923351","-1.344567835923351","-3.1091360991002452","-3.1091360991002452","-3.1091360991002452","-2.8554339371569966","-2.8554339371569966","-2.8554339371569966","-1.3696646106425265","-1.3696646106425265","-1.3696646106425265","-2.1774759066677154","-2.1774759066677154","-2.1774759066677154"
"20000","-1.6363299757464085","-1.6363299757464085","-1.6363299757464085","-2.0140576199538165","-2.0140576199538165","-2.0140576199538165","-1.8003668429362363","-1.8003668429362363","-1.8003668429362363","-1.6046874699111755","-1.6046874699111755","-1.6046874699111755","-2.532507756188857","-2.532507756188857","-2.532507756188857","-1.0355971523556204","-1.0355971523556204","-1.0355971523556204","-2.5949568514535732","-2.5949568514535732","-2.5949568514535732","-1.8851891035402606","-1.8851891035402606","-1.8851891035402606","-2.2785125718502917","-2.2785125718502917","-2.2785125718502917","-1.372411339945656","-1.372411339945656","-1.372411339945656","-1.8416669006356028","-1.8416669006356028","-1.8416669006356028","-2.8343443010380756","-2.8343443010380756","-2.8343443010380756","-2.29487973252006","-2.29487973252006","-2.29487973252006","-1.7809799898969252","-1.7809799898969252","-1.7809799898969252","-1.7300191572099723","-1.7300191572099723","-1.7300191572099723","-2.294970758750492","-2.294970758750492","-2.294970758750492","-1.9749157790737353","-1.9749157790737353","-1.9749157790737353","-2.083364119077987","-2.083364119077987","-2.083364119077987","-2.093238476503863","-2.093238476503863","-2.093238476503863","-2.6590679657967096","-2.6590679657967096","-2.6590679657967096"
"20500","-2.3780723413000024","-2.3780723413000024","-2.3780723413000024","-3.615502774025876","-3.615502774025876","-3.615502774025876","-1.6523509670577927","-1.6523509670577927","-1.6523509670577927","-1.5811956426443015","-1.5811956426443015","-1.5811956426443015","-1.3093476359048493","-1.3093476359048493","-1.3093476359048493","-2.731318449198211","-2.731318449198211","-2.731318449198211","-1.0738331462874935","-1.0738331462874935","-1.0738331462874935","-2.2666818477402115","-2.2666818477402115","-2.2666818477402115","-6.036907686206954","-6.036907686206954","-6.036907686206954","-1.229644650643192","-1.229644650643192","-1.229644650643192","-2.476989901192592","-2.476989901192592","-2.476989901192592","-2.7622101545986664","-2.7622101545986664","-2.7622101545986664","-1.7718832997225706","-1.7718832997225706","-1.7718832997225706","-1.517065001737","-1.517065001737","-1.517065001737","-2.192956316064781","-2.192956316064781","-2.192956316064781","-1.8615412945717265","-1.8615412945717265","-1.8615412945717265","-1.2890694243942102","-1.2890694243942102","-1.2890694243942102","-2.0468125928347654","-2.0468125928347654","-2.0468125928347654","-2.1478992149257223","-2.1478992149257223","-2.1478992149257223","-2.400051693768243","-2.400051693768243","-2.400051693768243"
"21000","-2.227621504536937","-2.227621504536937","-2.227621504536937","-1.3710181301455633","-1.3710181301455633","-1.3710181301455633","-2.1447525441221464","-2.1447525441221464","-2.1447525441221464","-2.3253713421030513","-2.3253713421030513","-2.3253713421030513","-1.3383659257400602","-1.3383659257400602","-1.3383659257400602","-1.4775889430423992","-1.4775889430423992","-1.4775889430423992","-1.6931012880298906","-1.6931012880298906","-1.6931012880298906","-1.6450370219396635","-1.6450370219396635","-1.6450370219396635","-3.122860985215728","-3.122860985215728","-3.122860985215728","-3.6616538725239365","-3.6616538725239365","-3.6616538725239365","-1.8312813461153206","-1.8312813461153206","-1.8312813461153206","-1.5373211785071932","-1.5373211785071932","-1.5373211785071932","-1.386745426961046","-1.386745426961046","-1.386745426961046","-1.4843626938489334","-1.4843626938489334","-1.4843626938489334","-1.6950592603373138","-1.6950592603373138","-1.6950592603373138","-1.9541134409857546","-1.9541134409857546","-1.9541134409857546","-1.7054370624893758","-1.7054370624893758","-1.7054370624893758","-2.775917965673409","-2.775917965673409","-2.775917965673409","-2.494781908952633","-2.494781908952633","-2.494781908952633","-1.976883369357592","-1.976883369357592","-1.976883369357592"
"21500","-1.4361166213699292","-1.4361166213699292","-1.4361166213699292","-1.276292883450918","-1.276292883450918","-1.276292883450918","-2.408646858903964","-2.408646858903964","-2.408646858903964","-1.4330221086579578","-1.4330221086579578","-1.4330221086579578","-1.3591695440304998","-1.3591695440304998","-1.3591695440304998","-2.6668854485959193","-2.6668854485959193","-2.6668854485959193","-1.6722371131673284","-1.6722371131673284","-1.6722371131673284","-1.501870144693401","-1.501870144693401","-1.501870144693401","-1.4343945238744227","-1.4343945238744227","-1.4343945238744227","-1.9750385246107776","-1.9750385246107776","-1.9750385246107776","-2.5160293808036833","-2.5160293808036833","-2.5160293808036833","-1.689009497513633","-1.689009497513633","-1.689009497513633","-2.060298577561959","-2.060298577561959","-2.060298577561959","-1.8755171603935303","-1.8755171603935303","-1.8755171603935303","-1.74274112002477","-1.74274112002477","-1.74274112002477","-3.6052384766894847","-3.6052384766894847","-3.6052384766894847","-2.9301997174232577","-2.9301997174232577","-2.9301997174232577","-2.0237271153441343","-2.0237271153441343","-2.0237271153441343","-5.251928803754568","-5.251928803754568","-5.251928803754568","-2.3097690873178087","-2.3097690873178087","-2.3097690873178087"
"22000","-2.0428197013639275","-2.0428197013639275","-2.0428197013639275","-1.202246694086233","-1.202246694086233","-1.202246694086233","-2.14207754879315","-2.14207754879315","-2.14207754879315","-2.0570752320999524","-2.0570752320999524","-2.0570752320999524","-1.273408047173561","-1.273408047173561","-1.273408047173561","-2.165621013537755","-2.165621013537755","-2.165621013537755","-1.464821466749377","-1.464821466749377","-1.464821466749377","-2.255922882266178","-2.255922882266178","-2.255922882266178","-2.1443697472993883","-2.1443697472993883","-2.1443697472993883","-1.5222058970152568","-1.5222058970152568","-1.5222058970152568","-2.1486128409554075","-2.1486128409554075","-2.1486128409554075","-2.6806330681016544","-2.6806330681016544","-2.6806330681016544","-1.6112573684470655","-1.6112573684470655","-1.6112573684470655","-1.603440493451258","-1.603440493451258","-1.603440493451258","-3.350563158439198","-3.350563158439198","-3.350563158439198","-1.670868498617283","-1.670868498617283","-1.670868498617283","-2.2660074854471035","-2.2660074854471035","-2.2660074854471035","-2.506861324143615","-2.506861324143615","-2.506861324143615","-2.7448988630860347","-2.7448988630860347","-2.7448988630860347","-2.4170033851932815","-2.4170033851932815","-2.4170033851932815"
"22500","-2.2371855277096837","-2.2371855277096837","-2.2371855277096837","-1.8529317532805536","-1.8529317532805536","-1.8529317532805536","-2.131502158860984","-2.131502158860984","-2.131502158860984","-1.5848526145927206","-1.5848526145927206","-1.5848526145927206","-1.8104573437113594","-1.8104573437113594","-1.8104573437113594","-1.5198883530339387","-1.5198883530339387","-1.5198883530339387","-1.1500961461723362","-1.1500961461723362","-1.1500961461723362","-1.5787759484524984","-1.5787759484524984","-1.5787759484524984","-2.5442776876613475","-2.5442776876613475","-2.5442776876613475","-2.088001138391534","-2.088001138391534","-2.088001138391534","-1.4379484164106198","-1.4379484164106198","-1.4379484164106198","-3.269494962909903","-3.269494962909903","-3.269494962909903","-1.28874035965386","-1.28874035965386","-1.28874035965386","-1.5487645132794612","-1.5487645132794612","-1.5487645132794612","-3.309293768133846","-3.309293768133846","-3.309293768133846","-1.8261098117026386","-1.8261098117026386","-1.8261098117026386","-1.5646165489585981","-1.5646165489585981","-1.5646165489585981","-3.6905850642923945","-3.6905850642923945","-3.6905850642923945","-1.844059550232057","-1.844059550232057","-1.844059550232057","-2.764059769612277","-2.764059769612277","-2.764059769612277"
"23000","-2.1864933349388034","-2.1864933349388034","-2.1864933349388034","-2.3846907016318175","-2.3846907016318175","-2.3846907016318175","-2.194803431598326","-2.194803431598326","-2.194803431598326","-1.5576488900956857","-1.5576488900956857","-1.5576488900956857","-1.8794607070252929","-1.8794607070252929","-1.8794607070252929","-1.671803362282794","-1.671803362282794","-1.671803362282794","-1.6643881600824646","-1.6643881600824646","-1.6643881600824646","-1.6406755977768608","-1.6406755977768608","-1.6406755977768608","-1.9428539450185973","-1.9428539450185973","-1.9428539450185973","-1.8452602309381074","-1.8452602309381074","-1.8452602309381074","-1.7952117540489982","-1.7952117540489982","-1.7952117540489982","-3.46604921798381","-3.46604921798381","-3.46604921798381","-1.4340437873015957","-1.4340437873015957","-1.4340437873015957","-1.9457884142506732","-1.9457884142506732","-1.9457884142506732","-2.7934471901255558","-2.7934471901255558","-2.7934471901255558","-1.5482961162212185","-1.5482961162212185","-1.5482961162212185","-2.983171431989782","-2.983171431989782","-2.983171431989782","-2.33658134594664","-2.33658134594664","-2.33658134594664","-2.8872416581389824","-2.8872416581389824","-2.8872416581389824","-3.1235568409869194","-3.1235568409869194","-3.1235568409869194"
"23500","-1.6952794325137166","-1.6952794325137166","-1.6952794325137166","-1.0661491990573206","-1.0661491990573206","-1.0661491990573206","-4.1167912504673385","-4.1167912504673385","-4.1167912504673385","-1.1661895870653909","-1.1661895870653909","-1.1661895870653909","-1.440707930554328","-1.440707930554328","-1.440707930554328","-3.0717478642048954","-3.0717478642048954","-3.0717478642048954","-1.5566731474675441","-1.5566731474675441","-1.5566731474675441","-3.25410464472971","-3.25410464472971","-3.25410464472971","-2.001117567809507","-2.001117567809507","-2.001117567809507","-0.9449922355334944","-0.9449922355334944","-0.9449922355334944","-1.8239684173098507","-1.8239684173098507","-1.8239684173098507","-3.6165091519450243","-3.6165091519450243","-3.6165091519450243","-1.5376929866181588","-1.5376929866181588","-1.5376929866181588","-1.5238961105010727","-1.5238961105010727","-1.5238961105010727","-2.0232366056786786","-2.0232366056786786","-2.0232366056786786","-1.2879977224969654","-1.2879977224969654","-1.2879977224969654","-1.6026194432126442","-1.6026194432126442","-1.6026194432126442","-1.731262094111857","-1.731262094111857","-1.731262094111857","-1.2870450734009906","-1.2870450734009906","-1.2870450734009906","-2.516927583907518","-2.516927583907518","-2.516927583907518"
"24000","-1.8125637549570164","-1.8125637549570164","-1.8125637549570164","-1.1025372968765486","-1.1025372968765486","-1.1025372968765486","-1.8326860095285173","-1.8326860095285173","-1.8326860095285173","-0.9815548991879979","-0.9815548991879979","-0.9815548991879979","-3.353823209891966","-3.353823209891966","-3.353823209891966","-2.5658015543916055","-2.5658015543916055","-2.5658015543916055","-1.6049741382377207","-1.6049741382377207","-1.6049741382377207","-2.068426686492878","-2.068426686492878","-2.068426686492878","-2.4414466565782345","-2.4414466565782345","-2.4414466565782345","-1.362184887458263","-1.362184887458263","-1.362184887458263","-3.7519231230304504","-3.7519231230304504","-3.7519231230304504","-3.0040059112955353","-3.0040059112955353","-3.0040059112955353","-1.6530639767159272","-1.6530639767159272","-1.6530639767159272","-1.3385591763800435","-1.3385591763800435","-1.3385591763800435","-2.071172152406362","-2.071172152406362","-2.071172152406362","-1.715876210245573","-1.715876210245573","-1.715876210245573","-2.0035271626439477","-2.0035271626439477","-2.0035271626439477","-2.2306375147698594","-2.2306375147698594","-2.2306375147698594","-1.128857049676274","-1.128857049676274","-1.128857049676274","-2.622528245958286","-2.622528245958286","-2.622528245958286"
"24500","-1.9819568337187525","-1.9819568337187525","-1.9819568337187525","-2.0662633001929738","-2.0662633001929738","-2.0662633001929738","-6.74685719018093","-6.74685719018093","-6.74685719018093","-0.9570778979782218","-0.9570778979782218","-0.9570778979782218","-1.1561881722693261","-1.1561881722693261","-1.1561881722693261","-1.975084784412773","-1.975084784412773","-1.975084784412773","-1.8666958239714504","-1.8666958239714504","-1.8666958239714504","-1.2357355086460182","-1.2357355086460182","-1.2357355086460182","-1.2797973637978397","-1.2797973637978397","-1.2797973637978397","-1.0126052650314337","-1.0126052650314337","-1.0126052650314337","-2.636542993632476","-2.636542993632476","-2.636542993632476","-1.6908257259990926","-1.6908257259990926","-1.6908257259990926","-1.6919935902392005","-1.6919935902392005","-1.6919935902392005","-1.6213104079188967","-1.6213104079188967","-1.6213104079188967","-2.229403401677828","-2.229403401677828","-2.229403401677828","-2.237889815268328","-2.237889815268328","-2.237889815268328","-1.4716379691132482","-1.4716379691132482","-1.4716379691132482","-2.0055161107451767","-2.0055161107451767","-2.0055161107451767","-1.1599828756721675","-1.1599828756721675","-1.1599828756721675","-2.077925243727511","-2.077925243727511","-2.077925243727511"
"25000","-2.295682799290643","-2.295682799290643","-2.295682799290643","-1.6080072970217074","-1.6080072970217074","-1.6080072970217074","-2.102581296097649","-2.102581296097649","-2.102581296097649","-1.0506128243100608","-1.0506128243100608","-1.0506128243100608","-1.9335440379002367","-1.9335440379002367","-1.9335440379002367","-1.6503484124366357","-1.6503484124366357","-1.6503484124366357","-1.1400293585072672","-1.1400293585072672","-1.1400293585072672","-1.539466938604678","-1.539466938604678","-1.539466938604678","-1.8777344548153643","-1.8777344548153643","-1.8777344548153643","-1.213697475444809","-1.213697475444809","-1.213697475444809","-4.459631702025827","-4.459631702025827","-4.459631702025827","-1.229229096605199","-1.229229096605199","-1.229229096605199","-1.567921957867231","-1.567921957867231","-1.567921957867231","-1.4013920842937473","-1.4013920842937473","-1.4013920842937473","-1.9133539870943832","-1.9133539870943832","-1.9133539870943832","-1.9788754930452732","-1.9788754930452732","-1.9788754930452732","-1.5014122902179323","-1.5014122902179323","-1.5014122902179323","-1.3470397657291677","-1.3470397657291677","-1.3470397657291677","-2.0151368440557853","-2.0151368440557853","-2.0151368440557853","-1.5761375775699773","-1.5761375775699773","-1.5761375775699773"
"25500","-1.9079841304043395","-1.9079841304043395","-1.9079841304043395","-1.0509137206922197","-1.0509137206922197","-1.0509137206922197","-2.1508963862138035","-2.1508963862138035","-2.1508963862138035","-2.194615725924554","-2.194615725924554","-2.194615725924554","-1.171140481775213","-1.171140481775213","-1.171140481775213","-2.252925620550171","-2.252925620550171","-2.252925620550171","-1.6815393392279152","-1.6815393392279152","-1.6815393392279152","-1.7506701698650438","-1.7506701698650438","-1.7506701698650438","-1.6958603409854809","-1.6958603409854809","-1.6958603409854809","-0.8377278226351278","-0.8377278226351278","-0.8377278226351278","-5.549487788125434","-5.549487788125434","-5.549487788125434","-1.3137063506639186","-1.3137063506639186","-1.3137063506639186","-1.2553035873946452","-1.2553035873946452","-1.2553035873946452","-1.3866882998717678","-1.3866882998717678","-1.3866882998717678","-1.8902010053065248","-1.8902010053065248","-1.8902010053065248","-1.312985314522733","-1.312985314522733","-1.312985314522733","-1.650971263396963","-1.650971263396963","-1.650971263396963","-1.0260286314674818","-1.0260286314674818","-1.0260286314674818","-1.2558361320627531","-1.2558361320627531","-1.2558361320627531","-1.709813387709794","-1.709813387709794","-1.709813387709794"
"26000","-1.7196165978716205","-1.7196165978716205","-1.7196165978716205","-1.8789631832801619","-1.8789631832801619","-1.8789631832801619","-2.2048922849192936","-2.2048922849192936","-2.2048922849192936","-1.390462437200663","-1.390462437200663","-1.390462437200663","-1.3810953255343696","-1.3810953255343696","-1.3810953255343696","-1.797291156987118","-1.797291156987118","-1.797291156987118","-1.37936550809856","-1.37936550809856","-1.37936550809856","-0.9298228497487091","-0.9298228497487091","-0.9298228497487091","-2.3719278415688185","-2.3719278415688185","-2.3719278415688185","-1.5988198942156076","-1.5988198942156076","-1.5988198942156076","-1.9575600021600068","-1.9575600021600068","-1.9575600021600068","-1.418420113998779","-1.418420113998779","-1.418420113998779","-0.8591128106246895","-0.8591128106246895","-0.8591128106246895","-1.1841626572239659","-1.1841626572239659","-1.1841626572239659","-3.1131839795784346","-3.1131839795784346","-3.1131839795784346","-1.8401296586515787","-1.8401296586515787","-1.8401296586515787","-1.7759917010600763","-1.7759917010600763","-1.7759917010600763","-1.7897643816357107","-1.7897643816357107","-1.7897643816357107","-1.4635497866685026","-1.4635497866685026","-1.4635497866685026","-1.2280521001741715","-1.2280521001741715","-1.2280521001741715"
"26500","-2.99263055836482","-2.99263055836482","-2.99263055836482","-0.9354821978071495","-0.9354821978071495","-0.9354821978071495","-1.6530107868523438","-1.6530107868523438","-1.6530107868523438","-1.0986536284078503","-1.0986536284078503","-1.0986536284078503","-1.0719282487249275","-1.0719282487249275","-1.0719282487249275","-2.3666273640162165","-2.3666273640162165","-2.3666273640162165","-1.2905581038812755","-1.2905581038812755","-1.2905581038812755","-1.2823097680339028","-1.2823097680339028","-1.2823097680339028","-1.546739048270334","-1.546739048270334","-1.546739048270334","-1.060098274396482","-1.060098274396482","-1.060098274396482","-1.9273521292944","-1.9273521292944","-1.9273521292944","-1.6087604321018805","-1.6087604321018805","-1.6087604321018805","-1.144515954912793","-1.144515954912793","-1.144515954912793","-1.4179672269747292","-1.4179672269747292","-1.4179672269747292","-1.9560304861224096","-1.9560304861224096","-1.9560304861224096","-1.7550378078199116","-1.7550378078199116","-1.7550378078199116","-1.7710449075353907","-1.7710449075353907","-1.7710449075353907","-1.8611013145747974","-1.8611013145747974","-1.8611013145747974","-2.530065484687398","-2.530065484687398","-2.530065484687398","-1.4287111258983507","-1.4287111258983507","-1.4287111258983507"
"27000","-3.3429232128824937","-3.3429232128824937","-3.3429232128824937","-1.3661322625015124","-1.3661322625015124","-1.3661322625015124","-2.874258602457959","-2.874258602457959","-2.874258602457959","-1.5356130879616383","-1.5356130879616383","-1.5356130879616383","-1.0062181218206976","-1.0062181218206976","-1.0062181218206976","-2.1606954308734156","-2.1606954308734156","-2.1606954308734156","-1.247893970417022","-1.247893970417022","-1.247893970417022","-1.5045196076039598","-1.5045196076039598","-1.5045196076039598","-1.5893835657291528","-1.5893835657291528","-1.5893835657291528","-1.1369080663562685","-1.1369080663562685","-1.1369080663562685","-1.4531559424525802","-1.4531559424525802","-1.4531559424525802","-1.64137537004085","-1.64137537004085","-1.64137537004085","-1.0826143233449588","-1.0826143233449588","-1.0826143233449588","-1.204937320936804","-1.204937320936804","-1.204937320936804","-2.0956336612189705","-2.0956336612189705","-2.0956336612189705","-1.932438328259466","-1.932438328259466","-1.932438328259466","-1.6211451911354942","-1.6211451911354942","-1.6211451911354942","-1.3281995936527555","-1.3281995936527555","-1.3281995936527555","-1.1820642627516693","-1.1820642627516693","-1.1820642627516693","-1.6605380713538591","-1.6605380713538591","-1.6605380713538591"
"27500","-1.3334736100309506","-1.3334736100309506","-1.3334736100309506","-1.0228841867348186","-1.0228841867348186","-1.0228841867348186","-2.6905679270220495","-2.6905679270220495","-2.6905679270220495","-1.369223890151328","-1.369223890151328","-1.369223890151328","-0.8466402128011085","-0.8466402128011085","-0.8466402128011085","-2.161276720310573","-2.161276720310573","-2.161276720310573","-1.247750290662339","-1.247750290662339","-1.247750290662339","-1.2172245554172978","-1.2172245554172978","-1.2172245554172978","-1.5848187135510265","-1.5848187135510265","-1.5848187135510265","-1.3349306497057012","-1.3349306497057012","-1.3349306497057012","-2.14038062711299","-2.14038062711299","-2.14038062711299","-1.0719511625771114","-1.0719511625771114","-1.0719511625771114","-2.872409980650976","-2.872409980650976","-2.872409980650976","-1.6646027397353607","-1.6646027397353607","-1.6646027397353607","-2.5856103485351896","-2.5856103485351896","-2.5856103485351896","-1.6104261103184943","-1.6104261103184943","-1.6104261103184943","-1.7650997540575475","-1.7650997540575475","-1.7650997540575475","-2.1981029613387633","-2.1981029613387633","-2.1981029613387633","-1.0106011919752595","-1.0106011919752595","-1.0106011919752595","-1.8599999878668183","-1.8599999878668183","-1.8599999878668183"
"28000","-1.9839737091927954","-1.9839737091927954","-1.9839737091927954","-1.0351162659196573","-1.0351162659196573","-1.0351162659196573","-1.4067221535332366","-1.4067221535332366","-1.4067221535332366","-1.1131032574942148","-1.1131032574942148","-1.1131032574942148","-0.838865835349177","-0.838865835349177","-0.838865835349177","-1.591955708060367","-1.591955708060367","-1.591955708060367","-2.0537137059737547","-2.0537137059737547","-2.0537137059737547","-0.7601971502007486","-0.7601971502007486","-0.7601971502007486","-2.0464206040279573","-2.0464206040279573","-2.0464206040279573","-0.9218398388217572","-0.9218398388217572","-0.9218398388217572","-1.9450914572425737","-1.9450914572425737","-1.9450914572425737","-1.9487853457934396","-1.9487853457934396","-1.9487853457934396","-1.1108836206391888","-1.1108836206391888","-1.1108836206391888","-1.1217693454575808","-1.1217693454575808","-1.1217693454575808","-2.0104018088353057","-2.0104018088353057","-2.0104018088353057","-1.8055771395881408","-1.8055771395881408","-1.8055771395881408","-1.4482088210173873","-1.4482088210173873","-1.4482088210173873","-3.8242534712503207","-3.8242534712503207","-3.8242534712503207","-0.903075239355914","-0.903075239355914","-0.903075239355914","-2.491217105994793","-2.491217105994793","-2.491217105994793"
"28500","-2.8468176321898495","-2.8468176321898495","-2.8468176321898495","-1.1570439062227198","-1.1570439062227198","-1.1570439062227198","-1.924785357450212","-1.924785357450212","-1.924785357450212","-0.9655874265545838","-0.9655874265545838","-0.9655874265545838","-0.628255713424272","-0.628255713424272","-0.628255713424272","-2.6258061971797937","-2.6258061971797937","-2.6258061971797937","-1.2587865889994065","-1.2587865889994065","-1.2587865889994065","-0.9579588389293395","-0.9579588389293395","-0.9579588389293395","-1.4764105113456978","-1.4764105113456978","-1.4764105113456978","-0.8749540845434698","-0.8749540845434698","-0.8749540845434698","-1.4588437485283197","-1.4588437485283197","-1.4588437485283197","-1.5968398326133273","-1.5968398326133273","-1.5968398326133273","-1.0375847640763247","-1.0375847640763247","-1.0375847640763247","-0.964792401057327","-0.964792401057327","-0.964792401057327","-1.7958631176054223","-1.7958631176054223","-1.7958631176054223","-1.6937371470969826","-1.6937371470969826","-1.6937371470969826","-1.5231994526966763","-1.5231994526966763","-1.5231994526966763","-2.0410624630385676","-2.0410624630385676","-2.0410624630385676","-1.5330099510535455","-1.5330099510535455","-1.5330099510535455","-1.1658206818016126","-1.1658206818016126","-1.1658206818016126"
"29000","-2.449819735863597","-2.449819735863597","-2.449819735863597","-1.309463701736242","-1.309463701736242","-1.309463701736242","-1.9224198578079847","-1.9224198578079847","-1.9224198578079847","-1.6596259111344682","-1.6596259111344682","-1.6596259111344682","-1.0324119109237904","-1.0324119109237904","-1.0324119109237904","-2.39681704779009","-2.39681704779009","-2.39681704779009","-1.1640404508381708","-1.1640404508381708","-1.1640404508381708","-1.2989624472568309","-1.2989624472568309","-1.2989624472568309","-1.525569679264966","-1.525569679264966","-1.525569679264966","-0.7087562931725577","-0.7087562931725577","-0.7087562931725577","-1.3638958396750136","-1.3638958396750136","-1.3638958396750136","-1.4605821427896113","-1.4605821427896113","-1.4605821427896113","-1.7577445160245282","-1.7577445160245282","-1.7577445160245282","-1.0576438478740555","-1.0576438478740555","-1.0576438478740555","-1.5191641170512926","-1.5191641170512926","-1.5191641170512926","-1.374786322834008","-1.374786322834008","-1.374786322834008","-1.7726005021362052","-1.7726005021362052","-1.7726005021362052","-1.4979757154835798","-1.4979757154835798","-1.4979757154835798","-1.3985840508736986","-1.3985840508736986","-1.3985840508736986","-2.229105293127077","-2.229105293127077","-2.229105293127077"
"29500","-2.0301333411490554","-2.0301333411490554","-2.0301333411490554","-1.4491968239477846","-1.4491968239477846","-1.4491968239477846","-1.8694857469425383","-1.8694857469425383","-1.8694857469425383","-1.194889810668293","-1.194889810668293","-1.194889810668293","-1.7971841044276213","-1.7971841044276213","-1.7971841044276213","-1.5364653684579528","-1.5364653684579528","-1.5364653684579528","-1.1189168334183437","-1.1189168334183437","-1.1189168334183437","-1.0601813400531035","-1.0601813400531035","-1.0601813400531035","-2.036368821358482","-2.036368821358482","-2.036368821358482","-1.1994143990506678","-1.1994143990506678","-1.1994143990506678","-4.92189009781755","-4.92189009781755","-4.92189009781755","-2.016676318088631","-2.016676318088631","-2.016676318088631","-1.0352763593322052","-1.0352763593322052","-1.0352763593322052","-1.1807140673464682","-1.1807140673464682","-1.1807140673464682","-1.3651109581655416","-1.3651109581655416","-1.3651109581655416","-1.3493119103162245","-1.3493119103162245","-1.3493119103162245","-1.719649197400053","-1.719649197400053","-1.719649197400053","-1.5828212689233037","-1.5828212689233037","-1.5828212689233037","-1.698190258306152","-1.698190258306152","-1.698190258306152","-1.4299042701997546","-1.4299042701997546","-1.4299042701997546"
"30000","-1.7238187591406877","-1.7238187591406877","-1.7238187591406877","-1.0022420353275479","-1.0022420353275479","-1.0022420353275479","-1.5317363086126297","-1.5317363086126297","-1.5317363086126297","-0.9989974972903337","-0.9989974972903337","-0.9989974972903337","-0.8191402283082423","-0.8191402283082423","-0.8191402283082423","-1.6484091708523956","-1.6484091708523956","-1.6484091708523956","-1.5151689521423355","-1.5151689521423355","-1.5151689521423355","-1.9048869245222373","-1.9048869245222373","-1.9048869245222373","-1.726647598924891","-1.726647598924891","-1.726647598924891","-0.7456903244334249","-0.7456903244334249","-0.7456903244334249","-1.456161921795363","-1.456161921795363","-1.456161921795363","-1.5531643086478706","-1.5531643086478706","-1.5531643086478706","-1.0643792772836356","-1.0643792772836356","-1.0643792772836356","-1.1194970187505864","-1.1194970187505864","-1.1194970187505864","-2.0542831807161646","-2.0542831807161646","-2.0542831807161646","-1.671361509446212","-1.671361509446212","-1.671361509446212","-1.6209449376705785","-1.6209449376705785","-1.6209449376705785","-1.7292484442920872","-1.7292484442920872","-1.7292484442920872","-1.6563740957999553","-1.6563740957999553","-1.6563740957999553","-1.999004790505999","-1.999004790505999","-1.999004790505999"
"30500","-1.6758448394967012","-1.6758448394967012","-1.6758448394967012","-0.8916722355548312","-0.8916722355548312","-0.8916722355548312","-1.5633764015228855","-1.5633764015228855","-1.5633764015228855","-1.10810535532206","-1.10810535532206","-1.10810535532206","-0.6679287564304162","-0.6679287564304162","-0.6679287564304162","-1.4885725835197168","-1.4885725835197168","-1.4885725835197168","-1.1275284605806495","-1.1275284605806495","-1.1275284605806495","-1.2451040221551901","-1.2451040221551901","-1.2451040221551901","-1.4440652820539288","-1.4440652820539288","-1.4440652820539288","-0.7806325216342549","-0.7806325216342549","-0.7806325216342549","-1.7968522880584512","-1.7968522880584512","-1.7968522880584512","-1.8503720217795276","-1.8503720217795276","-1.8503720217795276","-1.1162105710785515","-1.1162105710785515","-1.1162105710785515","-1.6278787147799108","-1.6278787147799108","-1.6278787147799108","-1.4379774379942403","-1.4379774379942403","-1.4379774379942403","-1.9496104386891386","-1.9496104386891386","-1.9496104386891386","-1.4777465320706429","-1.4777465320706429","-1.4777465320706429","-1.2466680613777608","-1.2466680613777608","-1.2466680613777608","-1.4968384321757122","-1.4968384321757122","-1.4968384321757122","-2.38750824768099","-2.38750824768099","-2.38750824768099"
"31000","-1.5898232827304786","-1.5898232827304786","-1.5898232827304786","-1.737075340320724","-1.737075340320724","-1.737075340320724","-1.7968161972364605","-1.7968161972364605","-1.7968161972364605","-1.6428094744132362","-1.6428094744132362","-1.6428094744132362","-1.5381498929202277","-1.5381498929202277","-1.5381498929202277","-2.229658578114953","-2.229658578114953","-2.229658578114953","-1.050895138077538","-1.050895138077538","-1.050895138077538","-0.9587560200388772","-0.9587560200388772","-0.9587560200388772","-2.3513534485218477","-2.3513534485218477","-2.3513534485218477","-0.837032694998619","-0.837032694998619","-0.837032694998619","-1.4205914771381603","-1.4205914771381603","-1.4205914771381603","-1.0615223645133476","-1.0615223645133476","-1.0615223645133476","-1.1417661361998062","-1.1417661361998062","-1.1417661361998062","-1.3990342105759304","-1.3990342105759304","-1.3990342105759304","-1.7110109853241393","-1.7110109853241393","-1.7110109853241393","-1.8102619859891629","-1.8102619859891629","-1.8102619859891629","-1.6752038329414531","-1.6752038329414531","-1.6752038329414531","-1.2616489468197785","-1.2616489468197785","-1.2616489468197785","-1.5208577430048056","-1.5208577430048056","-1.5208577430048056","-1.752571850697361","-1.752571850697361","-1.752571850697361"
"31500","-1.5622082328148392","-1.5622082328148392","-1.5622082328148392","-0.8822018279507476","-0.8822018279507476","-0.8822018279507476","-1.9883150434181949","-1.9883150434181949","-1.9883150434181949","-1.3675474587057816","-1.3675474587057816","-1.3675474587057816","-0.8904058047152604","-0.8904058047152604","-0.8904058047152604","-1.4333313131434433","-1.4333313131434433","-1.4333313131434433","-1.0067581211094059","-1.0067581211094059","-1.0067581211094059","-1.5700105734934153","-1.5700105734934153","-1.5700105734934153","-1.814475435585774","-1.814475435585774","-1.814475435585774","-0.7859703838865887","-0.7859703838865887","-0.7859703838865887","-1.8149462622049035","-1.8149462622049035","-1.8149462622049035","-1.31675935468742","-1.31675935468742","-1.31675935468742","-1.3574314540568255","-1.3574314540568255","-1.3574314540568255","-1.509905464327675","-1.509905464327675","-1.509905464327675","-1.4659061574217882","-1.4659061574217882","-1.4659061574217882","-1.5515396676174462","-1.5515396676174462","-1.5515396676174462","-1.564915173247084","-1.564915173247084","-1.564915173247084","-2.101073165446682","-2.101073165446682","-2.101073165446682","-1.024540100503268","-1.024540100503268","-1.024540100503268","-1.7728626500259494","-1.7728626500259494","-1.7728626500259494"
"32000","-1.3887378185155472","-1.3887378185155472","-1.3887378185155472","-1.0184177361245694","-1.0184177361245694","-1.0184177361245694","-2.116918111401572","-2.116918111401572","-2.116918111401572","-1.1951586047447142","-1.1951586047447142","-1.1951586047447142","-0.7307917132580108","-0.7307917132580108","-0.7307917132580108","-1.633927974938493","-1.633927974938493","-1.633927974938493","-1.0771697605752313","-1.0771697605752313","-1.0771697605752313","-0.8759167550220406","-0.8759167550220406","-0.8759167550220406","-1.4940659477915061","-1.4940659477915061","-1.4940659477915061","-0.8405896928925669","-0.8405896928925669","-0.8405896928925669","-1.3831180015807292","-1.3831180015807292","-1.3831180015807292","-1.769396806026607","-1.769396806026607","-1.769396806026607","-0.9661225216312357","-0.9661225216312357","-0.9661225216312357","-1.4550128995122247","-1.4550128995122247","-1.4550128995122247","-1.4089473955211749","-1.4089473955211749","-1.4089473955211749","-0.9163115372943038","-0.9163115372943038","-0.9163115372943038","-1.8200079851970057","-1.8200079851970057","-1.8200079851970057","-1.1211287557435878","-1.1211287557435878","-1.1211287557435878","-1.7590042846199136","-1.7590042846199136","-1.7590042846199136","-1.5874845950586163","-1.5874845950586163","-1.5874845950586163"
"32500","-1.6437677008870584","-1.6437677008870584","-1.6437677008870584","-0.8636859344429911","-0.8636859344429911","-0.8636859344429911","-1.476679640944922","-1.476679640944922","-1.476679640944922","-1.112670134732322","-1.112670134732322","-1.112670134732322","-0.9181692858716598","-0.9181692858716598","-0.9181692858716598","-1.6723626059551442","-1.6723626059551442","-1.6723626059551442","-1.2041077700044822","-1.2041077700044822","-1.2041077700044822","-0.9996186588453","-0.9996186588453","-0.9996186588453","-2.376103171268354","-2.376103171268354","-2.376103171268354","-0.646761819240034","-0.646761819240034","-0.646761819240034","-2.0606192802613723","-2.0606192802613723","-2.0606192802613723","-1.3874083214185542","-1.3874083214185542","-1.3874083214185542","-0.9772952420808434","-0.9772952420808434","-0.9772952420808434","-1.251708584053741","-1.251708584053741","-1.251708584053741","-1.5061944109784222","-1.5061944109784222","-1.5061944109784222","-1.7913811071869628","-1.7913811071869628","-1.7913811071869628","-1.4259958416241851","-1.4259958416241851","-1.4259958416241851","-1.7975915936004963","-1.7975915936004963","-1.7975915936004963","-1.963279903072987","-1.963279903072987","-1.963279903072987","-1.7190650736532784","-1.7190650736532784","-1.7190650736532784"
"33000","-2.299587844184132","-2.299587844184132","-2.299587844184132","-1.1020324535055406","-1.1020324535055406","-1.1020324535055406","-1.3859125433132016","-1.3859125433132016","-1.3859125433132016","-1.8184674937163863","-1.8184674937163863","-1.8184674937163863","-0.8646325362903717","-0.8646325362903717","-0.8646325362903717","-2.2373448702746814","-2.2373448702746814","-2.2373448702746814","-1.4189959143612563","-1.4189959143612563","-1.4189959143612563","-0.827347997153326","-0.827347997153326","-0.827347997153326","-1.8367636023307885","-1.8367636023307885","-1.8367636023307885","-0.9256563946548824","-0.9256563946548824","-0.9256563946548824","-2.03788196661422","-2.03788196661422","-2.03788196661422","-1.1040053712606275","-1.1040053712606275","-1.1040053712606275","-1.0055748895235177","-1.0055748895235177","-1.0055748895235177","-1.4412869594606177","-1.4412869594606177","-1.4412869594606177","-1.5750734449618715","-1.5750734449618715","-1.5750734449618715","-1.119344058804433","-1.119344058804433","-1.119344058804433","-1.627716158227382","-1.627716158227382","-1.627716158227382","-2.05671818188378","-2.05671818188378","-2.05671818188378","-2.2067986842484735","-2.2067986842484735","-2.2067986842484735","-1.3051878999936313","-1.3051878999936313","-1.3051878999936313"
"33500","-1.7732702735113122","-1.7732702735113122","-1.7732702735113122","-0.8422215212236805","-0.8422215212236805","-0.8422215212236805","-1.2472935583047253","-1.2472935583047253","-1.2472935583047253","-1.3503021411097074","-1.3503021411097074","-1.3503021411097074","-0.967565449163939","-0.967565449163939","-0.967565449163939","-1.6703491123991596","-1.6703491123991596","-1.6703491123991596","-1.0844985534409817","-1.0844985534409817","-1.0844985534409817","-0.8095741173930117","-0.8095741173930117","-0.8095741173930117","-1.4378577930081722","-1.4378577930081722","-1.4378577930081722","-0.9594848955575707","-0.9594848955575707","-0.9594848955575707","-3.2756639880925045","-3.2756639880925045","-3.2756639880925045","-0.8025571723269452","-0.8025571723269452","-0.8025571723269452","-1.1816326762382414","-1.1816326762382414","-1.1816326762382414","-1.2429460823180807","-1.2429460823180807","-1.2429460823180807","-2.1865123694183275","-2.1865123694183275","-2.1865123694183275","-1.7182743349158867","-1.7182743349158867","-1.7182743349158867","-1.8333132681590942","-1.8333132681590942","-1.8333132681590942","-1.3720844019029979","-1.3720844019029979","-1.3720844019029979","-1.556113904752415","-1.556113904752415","-1.556113904752415","-2.1320552502710157","-2.1320552502710157","-2.1320552502710157"
"34000","-2.0199454718140952","-2.0199454718140952","-2.0199454718140952","-1.2557484464346707","-1.2557484464346707","-1.2557484464346707","-2.1693328910714063","-2.1693328910714063","-2.1693328910714063","-1.1397860607688894","-1.1397860607688894","-1.1397860607688894","-0.8535369952826833","-0.8535369952826833","-0.8535369952826833","-2.1769973822862716","-2.1769973822862716","-2.1769973822862716","-1.4245799551200053","-1.4245799551200053","-1.4245799551200053","-1.051826374624558","-1.051826374624558","-1.051826374624558","-1.4738337717278243","-1.4738337717278243","-1.4738337717278243","-0.8861315488916812","-0.8861315488916812","-0.8861315488916812","-2.2320786802059325","-2.2320786802059325","-2.2320786802059325","-1.1446664112734057","-1.1446664112734057","-1.1446664112734057","-1.477866773839051","-1.477866773839051","-1.477866773839051","-1.1564871956019762","-1.1564871956019762","-1.1564871956019762","-1.7794343273425988","-1.7794343273425988","-1.7794343273425988","-0.9364482626246893","-0.9364482626246893","-0.9364482626246893","-1.543958241143649","-1.543958241143649","-1.543958241143649","-1.6694541409931933","-1.6694541409931933","-1.6694541409931933","-1.5555412604542629","-1.5555412604542629","-1.5555412604542629","-1.369786525400611","-1.369786525400611","-1.369786525400611"
"34500","-1.5409460971943214","-1.5409460971943214","-1.5409460971943214","-1.0344108732293753","-1.0344108732293753","-1.0344108732293753","-1.4073825298777962","-1.4073825298777962","-1.4073825298777962","-1.550250096572817","-1.550250096572817","-1.550250096572817","-1.003838971535759","-1.003838971535759","-1.003838971535759","-1.619223212586697","-1.619223212586697","-1.619223212586697","-1.4065842894182936","-1.4065842894182936","-1.4065842894182936","-2.649913233944088","-2.649913233944088","-2.649913233944088","-1.2737006584490007","-1.2737006584490007","-1.2737006584490007","-0.8358354282357121","-0.8358354282357121","-0.8358354282357121","-1.6089602267342493","-1.6089602267342493","-1.6089602267342493","-0.9140896799871332","-0.9140896799871332","-0.9140896799871332","-1.4389731484106676","-1.4389731484106676","-1.4389731484106676","-1.317575529871765","-1.317575529871765","-1.317575529871765","-1.3965950227218262","-1.3965950227218262","-1.3965950227218262","-1.2974338051831993","-1.2974338051831993","-1.2974338051831993","-1.8975888651451929","-1.8975888651451929","-1.8975888651451929","-1.3624160997435297","-1.3624160997435297","-1.3624160997435297","-1.5074186054831298","-1.5074186054831298","-1.5074186054831298","-1.5890876422055449","-1.5890876422055449","-1.5890876422055449"
"35000","-2.087597706256946","-2.087597706256946","-2.087597706256946","-1.5287431781802556","-1.5287431781802556","-1.5287431781802556","-1.1236597602926206","-1.1236597602926206","-1.1236597602926206","-1.074262680367201","-1.074262680367201","-1.074262680367201","-1.2679135029529063","-1.2679135029529063","-1.2679135029529063","-1.2188467555011937","-1.2188467555011937","-1.2188467555011937","-1.5385870253920682","-1.5385870253920682","-1.5385870253920682","-0.8829668515054235","-0.8829668515054235","-0.8829668515054235","-1.4976949196914553","-1.4976949196914553","-1.4976949196914553","-0.8059815693705108","-0.8059815693705108","-0.8059815693705108","-1.718325867208091","-1.718325867208091","-1.718325867208091","-1.0918303892820949","-1.0918303892820949","-1.0918303892820949","-1.5921110739244546","-1.5921110739244546","-1.5921110739244546","-1.2848961368448744","-1.2848961368448744","-1.2848961368448744","-1.2566563679481038","-1.2566563679481038","-1.2566563679481038","-1.5865337917286024","-1.5865337917286024","-1.5865337917286024","-1.7054641480243604","-1.7054641480243604","-1.7054641480243604","-1.319824456776176","-1.319824456776176","-1.319824456776176","-1.2202408456284484","-1.2202408456284484","-1.2202408456284484","-1.704582495866081","-1.704582495866081","-1.704582495866081"
"35500","-2.0313245763322234","-2.0313245763322234","-2.0313245763322234","-0.8268366489768703","-0.8268366489768703","-0.8268366489768703","-2.1341511318112003","-2.1341511318112003","-2.1341511318112003","-1.2207228541615087","-1.2207228541615087","-1.2207228541615087","-0.902813070658276","-0.902813070658276","-0.902813070658276","-1.3428742900481976","-1.3428742900481976","-1.3428742900481976","-2.6052832604783562","-2.6052832604783562","-2.6052832604783562","-1.3128532014113004","-1.3128532014113004","-1.3128532014113004","-1.2554983677187268","-1.2554983677187268","-1.2554983677187268","-0.7417975810061582","-0.7417975810061582","-0.7417975810061582","-1.7505565854014198","-1.7505565854014198","-1.7505565854014198","-0.8776743629531175","-0.8776743629531175","-0.8776743629531175","-1.5507955936425741","-1.5507955936425741","-1.5507955936425741","-1.5675474579715218","-1.5675474579715218","-1.5675474579715218","-1.393274991107791","-1.393274991107791","-1.393274991107791","-1.5668147148014946","-1.5668147148014946","-1.5668147148014946","-1.5161827647701887","-1.5161827647701887","-1.5161827647701887","-1.6111001278117023","-1.6111001278117023","-1.6111001278117023","-1.109216278891065","-1.109216278891065","-1.109216278891065","-1.2860428348183657","-1.2860428348183657","-1.2860428348183657"
"36000","-1.4764550972214572","-1.4764550972214572","-1.4764550972214572","-1.0073696293097036","-1.0073696293097036","-1.0073696293097036","-1.2984068073233677","-1.2984068073233677","-1.2984068073233677","-1.174275536744286","-1.174275536744286","-1.174275536744286","-0.788751161905022","-0.788751161905022","-0.788751161905022","-1.2501016548331176","-1.2501016548331176","-1.2501016548331176","-1.468290150263727","-1.468290150263727","-1.468290150263727","-0.852105177868283","-0.852105177868283","-0.852105177868283","-1.1645453723205785","-1.1645453723205785","-1.1645453723205785","-0.7950174243319532","-0.7950174243319532","-0.7950174243319532","-1.5011245770363186","-1.5011245770363186","-1.5011245770363186","-0.9921914438379004","-0.9921914438379004","-0.9921914438379004","-0.9599098924906941","-0.9599098924906941","-0.9599098924906941","-1.128115297708592","-1.128115297708592","-1.128115297708592","-1.35547784541297","-1.35547784541297","-1.35547784541297","-1.0966002360760068","-1.0966002360760068","-1.0966002360760068","-1.4121058980274332","-1.4121058980274332","-1.4121058980274332","-1.3337219609403022","-1.3337219609403022","-1.3337219609403022","-1.3397637424224391","-1.3397637424224391","-1.3397637424224391","-1.638718524291996","-1.638718524291996","-1.638718524291996"
"36500","-1.8788201583229447","-1.8788201583229447","-1.8788201583229447","-0.9945574821859109","-0.9945574821859109","-0.9945574821859109","-1.3327568766047069","-1.3327568766047069","-1.3327568766047069","-1.0806693469585367","-1.0806693469585367","-1.0806693469585367","-1.0986044498981564","-1.0986044498981564","-1.0986044498981564","-1.6992957202752634","-1.6992957202752634","-1.6992957202752634","-1.2674884278024667","-1.2674884278024667","-1.2674884278024667","-1.236175500954141","-1.236175500954141","-1.236175500954141","-1.1408542361670115","-1.1408542361670115","-1.1408542361670115","-0.9938232143335124","-0.9938232143335124","-0.9938232143335124","-1.4239925757284315","-1.4239925757284315","-1.4239925757284315","-1.9041409783101813","-1.9041409783101813","-1.9041409783101813","-1.2232397114593412","-1.2232397114593412","-1.2232397114593412","-1.115483376978065","-1.115483376978065","-1.115483376978065","-1.3841961675105958","-1.3841961675105958","-1.3841961675105958","-1.4511311203523989","-1.4511311203523989","-1.4511311203523989","-1.7881541761459565","-1.7881541761459565","-1.7881541761459565","-1.4078184054371445","-1.4078184054371445","-1.4078184054371445","-1.331288708481546","-1.331288708481546","-1.331288708481546","-1.4596553480795724","-1.4596553480795724","-1.4596553480795724"
"37000","-1.6648284934506439","-1.6648284934506439","-1.6648284934506439","-1.1465593314955544","-1.1465593314955544","-1.1465593314955544","-1.6571668484526048","-1.6571668484526048","-1.6571668484526048","-0.970756009623367","-0.970756009623367","-0.970756009623367","-0.9928698511504415","-0.9928698511504415","-0.9928698511504415","-2.0365051258030804","-2.0365051258030804","-2.0365051258030804","-1.4510088504566085","-1.4510088504566085","-1.4510088504566085","-0.9150987420076102","-0.9150987420076102","-0.9150987420076102","-1.319563127904713","-1.319563127904713","-1.319563127904713","-0.8611055390763737","-0.8611055390763737","-0.8611055390763737","-1.7381800610318223","-1.7381800610318223","-1.7381800610318223","-0.8218254666068392","-0.8218254666068392","-0.8218254666068392","-1.1004092053124914","-1.1004092053124914","-1.1004092053124914","-1.2066442199079916","-1.2066442199079916","-1.2066442199079916","-1.6975730714094464","-1.6975730714094464","-1.6975730714094464","-1.0962139905830859","-1.0962139905830859","-1.0962139905830859","-1.814040607063502","-1.814040607063502","-1.814040607063502","-1.234163383425346","-1.234163383425346","-1.234163383425346","-1.0753382724373848","-1.0753382724373848","-1.0753382724373848","-1.820142719068595","-1.820142719068595","-1.820142719068595"
"37500","-1.1016577933048302","-1.1016577933048302","-1.1016577933048302","-2.004829512701005","-2.004829512701005","-2.004829512701005","-0.9386345442493221","-0.9386345442493221","-0.9386345442493221","-1.2779069511687537","-1.2779069511687537","-1.2779069511687537","-1.2688330119123923","-1.2688330119123923","-1.2688330119123923","-2.1063208062122034","-2.1063208062122034","-2.1063208062122034","-1.5711505537872905","-1.5711505537872905","-1.5711505537872905","-0.95172792338116","-0.95172792338116","-0.95172792338116","-1.4938387322786688","-1.4938387322786688","-1.4938387322786688","-0.9379271068163734","-0.9379271068163734","-0.9379271068163734","-1.9662075320107815","-1.9662075320107815","-1.9662075320107815","-1.240179216568027","-1.240179216568027","-1.240179216568027","-1.2561088920920054","-1.2561088920920054","-1.2561088920920054","-0.9793476986965949","-0.9793476986965949","-0.9793476986965949","-1.6060611015840185","-1.6060611015840185","-1.6060611015840185","-1.3760245382925211","-1.3760245382925211","-1.3760245382925211","-1.5942910375247847","-1.5942910375247847","-1.5942910375247847","-1.579119233396494","-1.579119233396494","-1.579119233396494","-1.7100774742454217","-1.7100774742454217","-1.7100774742454217","-1.4683860732023306","-1.4683860732023306","-1.4683860732023306"
"38000","-1.1771178765396328","-1.1771178765396328","-1.1771178765396328","-0.9024441237415066","-0.9024441237415066","-0.9024441237415066","-1.25745739530501","-1.25745739530501","-1.25745739530501","-0.9696674857695904","-0.9696674857695904","-0.9696674857695904","-1.3731551103411797","-1.3731551103411797","-1.3731551103411797","-1.4493052818530667","-1.4493052818530667","-1.4493052818530667","-1.4776265887092257","-1.4776265887092257","-1.4776265887092257","-0.7204731691711501","-0.7204731691711501","-0.7204731691711501","-1.0913571410905845","-1.0913571410905845","-1.0913571410905845","-0.8303263351018046","-0.8303263351018046","-0.8303263351018046","-2.164540773496804","-2.164540773496804","-2.164540773496804","-1.1909660716182435","-1.1909660716182435","-1.1909660716182435","-1.1101354074949512","-1.1101354074949512","-1.1101354074949512","-0.9642356626376294","-0.9642356626376294","-0.9642356626376294","-1.892394766480172","-1.892394766480172","-1.892394766480172","-1.154162882649118","-1.154162882649118","-1.154162882649118","-1.495669175579507","-1.495669175579507","-1.495669175579507","-1.4839502695100424","-1.4839502695100424","-1.4839502695100424","-1.0734065134672754","-1.0734065134672754","-1.0734065134672754","-1.1985176344935549","-1.1985176344935549","-1.1985176344935549"
"38500","-1.2783382222981818","-1.2783382222981818","-1.2783382222981818","-1.2226881267886112","-1.2226881267886112","-1.2226881267886112","-1.1305213106837027","-1.1305213106837027","-1.1305213106837027","-1.1455094856184966","-1.1455094856184966","-1.1455094856184966","-1.0756905268705153","-1.0756905268705153","-1.0756905268705153","-2.1762383055493926","-2.1762383055493926","-2.1762383055493926","-1.2268255489271365","-1.2268255489271365","-1.2268255489271365","-1.0667745810247562","-1.0667745810247562","-1.0667745810247562","-1.1432573263549282","-1.1432573263549282","-1.1432573263549282","-1.1559969522181874","-1.1559969522181874","-1.1559969522181874","-1.8772654946235545","-1.8772654946235545","-1.8772654946235545","-1.1489487645799887","-1.1489487645799887","-1.1489487645799887","-1.8615144689538154","-1.8615144689538154","-1.8615144689538154","-1.37334557186116","-1.37334557186116","-1.37334557186116","-1.6886568432229727","-1.6886568432229727","-1.6886568432229727","-1.6568115035831845","-1.6568115035831845","-1.6568115035831845","-1.3516761170841167","-1.3516761170841167","-1.3516761170841167","-1.2226955277151896","-1.2226955277151896","-1.2226955277151896","-1.116281815105087","-1.116281815105087","-1.116281815105087","-1.4209964250794593","-1.4209964250794593","-1.4209964250794593"
"39000","-1.3648132315092492","-1.3648132315092492","-1.3648132315092492","-1.2268429312314861","-1.2268429312314861","-1.2268429312314861","-1.047300110339279","-1.047300110339279","-1.047300110339279","-1.020972282211245","-1.020972282211245","-1.020972282211245","-0.731351829918827","-0.731351829918827","-0.731351829918827","-1.4737518081180048","-1.4737518081180048","-1.4737518081180048","-1.1009807299740775","-1.1009807299740775","-1.1009807299740775","-0.9012883703851328","-0.9012883703851328","-0.9012883703851328","-1.119705846579639","-1.119705846579639","-1.119705846579639","-0.840368859025675","-0.840368859025675","-0.840368859025675","-2.00080556652579","-2.00080556652579","-2.00080556652579","-1.3711434083582377","-1.3711434083582377","-1.3711434083582377","-0.9677124975931133","-0.9677124975931133","-0.9677124975931133","-1.0078297890560943","-1.0078297890560943","-1.0078297890560943","-1.4915120791671297","-1.4915120791671297","-1.4915120791671297","-1.4124665987350906","-1.4124665987350906","-1.4124665987350906","-1.4230204648645213","-1.4230204648645213","-1.4230204648645213","-1.4385509946292925","-1.4385509946292925","-1.4385509946292925","-1.414738778514354","-1.414738778514354","-1.414738778514354","-1.1533829801861928","-1.1533829801861928","-1.1533829801861928"
"39500","-1.2055141163896426","-1.2055141163896426","-1.2055141163896426","-0.9618808451593186","-0.9618808451593186","-0.9618808451593186","-1.392590809640089","-1.392590809640089","-1.392590809640089","-1.2250117081792937","-1.2250117081792937","-1.2250117081792937","-1.0332828365878233","-1.0332828365878233","-1.0332828365878233","-1.5115944021204766","-1.5115944021204766","-1.5115944021204766","-1.0292464983808036","-1.0292464983808036","-1.0292464983808036","-0.8636235958723258","-0.8636235958723258","-0.8636235958723258","-1.108182996347033","-1.108182996347033","-1.108182996347033","-1.0645188030857047","-1.0645188030857047","-1.0645188030857047","-1.7735391519594796","-1.7735391519594796","-1.7735391519594796","-1.2348599369354303","-1.2348599369354303","-1.2348599369354303","-1.0167307656062448","-1.0167307656062448","-1.0167307656062448","-0.9173092933387913","-0.9173092933387913","-0.9173092933387913","-1.406957372547291","-1.406957372547291","-1.406957372547291","-1.2683101631713114","-1.2683101631713114","-1.2683101631713114","-1.326848751841344","-1.326848751841344","-1.326848751841344","-1.7395114226457036","-1.7395114226457036","-1.7395114226457036","-1.3892430446229398","-1.3892430446229398","-1.3892430446229398","-1.2903228818276766","-1.2903228818276766","-1.2903228818276766"
"40000","-1.2212842049513868","-1.2212842049513868","-1.2212842049513868","-1.0344374005809045","-1.0344374005809045","-1.0344374005809045","-0.979797641923972","-0.979797641923972","-0.979797641923972","-0.9333107443760038","-0.9333107443760038","-0.9333107443760038","-0.9164773271961384","-0.9164773271961384","-0.9164773271961384","-1.6065133107709717","-1.6065133107709717","-1.6065133107709717","-1.4516236424297826","-1.4516236424297826","-1.4516236424297826","-1.0603931521674739","-1.0603931521674739","-1.0603931521674739","-1.029476007116822","-1.029476007116822","-1.029476007116822","-1.774389874220038","-1.774389874220038","-1.774389874220038","-1.733736432951996","-1.733736432951996","-1.733736432951996","-1.3420397715683534","-1.3420397715683534","-1.3420397715683534","-0.8878713938448352","-0.8878713938448352","-0.8878713938448352","-1.0560067107951085","-1.0560067107951085","-1.0560067107951085","-1.2952304543912523","-1.2952304543912523","-1.2952304543912523","-1.4887922972250227","-1.4887922972250227","-1.4887922972250227","-1.2557751479046295","-1.2557751479046295","-1.2557751479046295","-1.5086311495512308","-1.5086311495512308","-1.5086311495512308","-2.086129944084168","-2.086129944084168","-2.086129944084168","-1.291394035833487","-1.291394035833487","-1.291394035833487"
"40500","-1.2679818170651085","-1.2679818170651085","-1.2679818170651085","-0.9290654382271526","-0.9290654382271526","-0.9290654382271526","-0.8292581613118793","-0.8292581613118793","-0.8292581613118793","-0.9554596593677621","-0.9554596593677621","-0.9554596593677621","-1.0515209361264146","-1.0515209361264146","-1.0515209361264146","-1.2191478619889007","-1.2191478619889007","-1.2191478619889007","-0.8761529257085459","-0.8761529257085459","-0.8761529257085459","-0.8567811700262687","-0.8567811700262687","-0.8567811700262687","-1.074328770458474","-1.074328770458474","-1.074328770458474","-0.9736319845956954","-0.9736319845956954","-0.9736319845956954","-1.5832020854960938","-1.5832020854960938","-1.5832020854960938","-1.4488076326976118","-1.4488076326976118","-1.4488076326976118","-0.8839515160527043","-0.8839515160527043","-0.8839515160527043","-1.0110570440418436","-1.0110570440418436","-1.0110570440418436","-1.7608865445181077","-1.7608865445181077","-1.7608865445181077","-1.1921857293763645","-1.1921857293763645","-1.1921857293763645","-1.3691633530883514","-1.3691633530883514","-1.3691633530883514","-1.9934260886770612","-1.9934260886770612","-1.9934260886770612","-1.1135901163081794","-1.1135901163081794","-1.1135901163081794","-1.3202103227851758","-1.3202103227851758","-1.3202103227851758"
"41000","-1.19715539989553","-1.19715539989553","-1.19715539989553","-0.7592365016063617","-0.7592365016063617","-0.7592365016063617","-1.015895957826731","-1.015895957826731","-1.015895957826731","-0.9401137250271743","-0.9401137250271743","-0.9401137250271743","-0.7929071166870582","-0.7929071166870582","-0.7929071166870582","-1.9721450109694658","-1.9721450109694658","-1.9721450109694658","-1.1660365447191912","-1.1660365447191912","-1.1660365447191912","-0.6418365435525186","-0.6418365435525186","-0.6418365435525186","-1.5319380540616654","-1.5319380540616654","-1.5319380540616654","-1.034468397211669","-1.034468397211669","-1.034468397211669","-1.7615887420202885","-1.7615887420202885","-1.7615887420202885","-1.1936037851253105","-1.1936037851253105","-1.1936037851253105","-1.0248413985749765","-1.0248413985749765","-1.0248413985749765","-0.8102756105453995","-0.8102756105453995","-0.8102756105453995","-1.6749738720265288","-1.6749738720265288","-1.6749738720265288","-1.5122246646896866","-1.5122246646896866","-1.5122246646896866","-1.2444445003949536","-1.2444445003949536","-1.2444445003949536","-1.5078347196884299","-1.5078347196884299","-1.5078347196884299","-1.1371984072442403","-1.1371984072442403","-1.1371984072442403","-1.3335240940099866","-1.3335240940099866","-1.3335240940099866"
"41500","-1.151061357991664","-1.151061357991664","-1.151061357991664","-0.9404066198378433","-0.9404066198378433","-0.9404066198378433","-0.9553798970818559","-0.9553798970818559","-0.9553798970818559","-1.165076272192867","-1.165076272192867","-1.165076272192867","-0.7925808986000138","-0.7925808986000138","-0.7925808986000138","-1.6812234270365665","-1.6812234270365665","-1.6812234270365665","-1.0986684250038952","-1.0986684250038952","-1.0986684250038952","-0.7132397769400869","-0.7132397769400869","-0.7132397769400869","-1.2508243902323675","-1.2508243902323675","-1.2508243902323675","-1.0616561481035531","-1.0616561481035531","-1.0616561481035531","-1.4840110778766284","-1.4840110778766284","-1.4840110778766284","-1.4036719580138826","-1.4036719580138826","-1.4036719580138826","-1.0871268567841803","-1.0871268567841803","-1.0871268567841803","-1.2446991166874524","-1.2446991166874524","-1.2446991166874524","-1.7722750777926108","-1.7722750777926108","-1.7722750777926108","-1.4346488036035416","-1.4346488036035416","-1.4346488036035416","-1.1291727828203177","-1.1291727828203177","-1.1291727828203177","-1.7953451896978543","-1.7953451896978543","-1.7953451896978543","-1.4236898946357586","-1.4236898946357586","-1.4236898946357586","-1.2297453628917618","-1.2297453628917618","-1.2297453628917618"
"42000","-1.2734506215257009","-1.2734506215257009","-1.2734506215257009","-0.8437338038611581","-0.8437338038611581","-0.8437338038611581","-0.8740984405006984","-0.8740984405006984","-0.8740984405006984","-0.9750980523770869","-0.9750980523770869","-0.9750980523770869","-1.068272944370678","-1.068272944370678","-1.068272944370678","-1.7112943095776934","-1.7112943095776934","-1.7112943095776934","-0.8897690561671979","-0.8897690561671979","-0.8897690561671979","-1.1476012675508551","-1.1476012675508551","-1.1476012675508551","-1.2577505491748626","-1.2577505491748626","-1.2577505491748626","-0.9325098002993352","-0.9325098002993352","-0.9325098002993352","-1.5501566450868873","-1.5501566450868873","-1.5501566450868873","-0.8803080942458283","-0.8803080942458283","-0.8803080942458283","-0.9062756258233117","-0.9062756258233117","-0.9062756258233117","-0.834026104320553","-0.834026104320553","-0.834026104320553","-1.665374351434816","-1.665374351434816","-1.665374351434816","-1.5520673442319532","-1.5520673442319532","-1.5520673442319532","-1.1900762349665421","-1.1900762349665421","-1.1900762349665421","-1.9798789993295802","-1.9798789993295802","-1.9798789993295802","-1.171835673055821","-1.171835673055821","-1.171835673055821","-1.3187563273966243","-1.3187563273966243","-1.3187563273966243"
"42500","-1.097568961958031","-1.097568961958031","-1.097568961958031","-0.8391424608512109","-0.8391424608512109","-0.8391424608512109","-0.9013856792395923","-0.9013856792395923","-0.9013856792395923","-0.8308515108217381","-0.8308515108217381","-0.8308515108217381","-0.8067663079314287","-0.8067663079314287","-0.8067663079314287","-1.2623532738430994","-1.2623532738430994","-1.2623532738430994","-1.1441991364309598","-1.1441991364309598","-1.1441991364309598","-0.911582254212788","-0.911582254212788","-0.911582254212788","-1.2823004937078892","-1.2823004937078892","-1.2823004937078892","-1.0709630174188163","-1.0709630174188163","-1.0709630174188163","-1.4865185019149874","-1.4865185019149874","-1.4865185019149874","-1.2209585321106964","-1.2209585321106964","-1.2209585321106964","-1.1097078712737722","-1.1097078712737722","-1.1097078712737722","-0.8424529785123962","-0.8424529785123962","-0.8424529785123962","-1.5343999732632185","-1.5343999732632185","-1.5343999732632185","-1.4520337815586348","-1.4520337815586348","-1.4520337815586348","-1.0933446225132524","-1.0933446225132524","-1.0933446225132524","-2.0130304770005374","-2.0130304770005374","-2.0130304770005374","-1.3343699882351026","-1.3343699882351026","-1.3343699882351026","-1.3222395780630805","-1.3222395780630805","-1.3222395780630805"
"43000","-1.4898525782658318","-1.4898525782658318","-1.4898525782658318","-0.8117491552665417","-0.8117491552665417","-0.8117491552665417","-1.0872804619757395","-1.0872804619757395","-1.0872804619757395","-0.9718773402274576","-0.9718773402274576","-0.9718773402274576","-0.9165981234137188","-0.9165981234137188","-0.9165981234137188","-1.6341135055516438","-1.6341135055516438","-1.6341135055516438","-1.0121113265599049","-1.0121113265599049","-1.0121113265599049","-0.7733818935981384","-0.7733818935981384","-0.7733818935981384","-1.3299813882538531","-1.3299813882538531","-1.3299813882538531","-0.9744212647668775","-0.9744212647668775","-0.9744212647668775","-1.552949035916506","-1.552949035916506","-1.552949035916506","-1.4393830639945848","-1.4393830639945848","-1.4393830639945848","-0.9795115676746106","-0.9795115676746106","-0.9795115676746106","-0.8651240701738618","-0.8651240701738618","-0.8651240701738618","-1.3495323248197528","-1.3495323248197528","-1.3495323248197528","-0.915704192290797","-0.915704192290797","-0.915704192290797","-1.1427102371502973","-1.1427102371502973","-1.1427102371502973","-1.394699117212584","-1.394699117212584","-1.394699117212584","-1.0258179605347908","-1.0258179605347908","-1.0258179605347908","-1.3198680901345223","-1.3198680901345223","-1.3198680901345223"
"43500","-1.2611880256458663","-1.2611880256458663","-1.2611880256458663","-0.9412877811487039","-0.9412877811487039","-0.9412877811487039","-1.0753855959859917","-1.0753855959859917","-1.0753855959859917","-0.9034045231029062","-0.9034045231029062","-0.9034045231029062","-0.9877883048729027","-0.9877883048729027","-0.9877883048729027","-1.483549323480101","-1.483549323480101","-1.483549323480101","-1.1498738478872341","-1.1498738478872341","-1.1498738478872341","-0.7315479773652185","-0.7315479773652185","-0.7315479773652185","-1.31138408176147","-1.31138408176147","-1.31138408176147","-0.9295584039646476","-0.9295584039646476","-0.9295584039646476","-1.4050628069487205","-1.4050628069487205","-1.4050628069487205","-1.5148814969900686","-1.5148814969900686","-1.5148814969900686","-1.0458946080833291","-1.0458946080833291","-1.0458946080833291","-0.8132787297715518","-0.8132787297715518","-0.8132787297715518","-1.5608804350308705","-1.5608804350308705","-1.5608804350308705","-1.1832093042780287","-1.1832093042780287","-1.1832093042780287","-1.3407052937182578","-1.3407052937182578","-1.3407052937182578","-1.7143051466628627","-1.7143051466628627","-1.7143051466628627","-1.204837323527023","-1.204837323527023","-1.204837323527023","-1.3781604242381484","-1.3781604242381484","-1.3781604242381484"
"44000","-1.2733647434063595","-1.2733647434063595","-1.2733647434063595","-0.9890028647924168","-0.9890028647924168","-0.9890028647924168","-0.7940209790620267","-0.7940209790620267","-0.7940209790620267","-1.0438615256021286","-1.0438615256021286","-1.0438615256021286","-0.9126500189284437","-0.9126500189284437","-0.9126500189284437","-1.2537762912130905","-1.2537762912130905","-1.2537762912130905","-1.1695165035004398","-1.1695165035004398","-1.1695165035004398","-0.9502734983146315","-0.9502734983146315","-0.9502734983146315","-1.2333539207564637","-1.2333539207564637","-1.2333539207564637","-0.9215953046737839","-0.9215953046737839","-0.9215953046737839","-1.3568818469812043","-1.3568818469812043","-1.3568818469812043","-1.3924678791178342","-1.3924678791178342","-1.3924678791178342","-0.949882991242729","-0.949882991242729","-0.949882991242729","-0.7678125322898927","-0.7678125322898927","-0.7678125322898927","-1.5218162920578948","-1.5218162920578948","-1.5218162920578948","-1.3831618324121906","-1.3831618324121906","-1.3831618324121906","-1.1312328283170798","-1.1312328283170798","-1.1312328283170798","-1.646138672174617","-1.646138672174617","-1.646138672174617","-1.274404052650252","-1.274404052650252","-1.274404052650252","-1.2511499006518947","-1.2511499006518947","-1.2511499006518947"
"44500","-1.0658636490051112","-1.0658636490051112","-1.0658636490051112","-0.9267846268192497","-0.9267846268192497","-0.9267846268192497","-0.853287199863245","-0.853287199863245","-0.853287199863245","-0.9588162782953779","-0.9588162782953779","-0.9588162782953779","-0.8178454022763461","-0.8178454022763461","-0.8178454022763461","-1.2283236033438567","-1.2283236033438567","-1.2283236033438567","-0.9203361907920791","-0.9203361907920791","-0.9203361907920791","-1.2441766221640929","-1.2441766221640929","-1.2441766221640929","-1.3611138131061673","-1.3611138131061673","-1.3611138131061673","-0.9992294567374923","-0.9992294567374923","-0.9992294567374923","-1.4725386331974835","-1.4725386331974835","-1.4725386331974835","-1.422726438286319","-1.422726438286319","-1.422726438286319","-0.8945590658389753","-0.8945590658389753","-0.8945590658389753","-0.8677578268518829","-0.8677578268518829","-0.8677578268518829","-1.5539539436175573","-1.5539539436175573","-1.5539539436175573","-1.2220419656254364","-1.2220419656254364","-1.2220419656254364","-1.152946990002576","-1.152946990002576","-1.152946990002576","-2.0856091378103203","-2.0856091378103203","-2.0856091378103203","-1.192233076673271","-1.192233076673271","-1.192233076673271","-1.2330569932121356","-1.2330569932121356","-1.2330569932121356"
"45000","-1.4275401371611118","-1.4275401371611118","-1.4275401371611118","-1.0852160052778301","-1.0852160052778301","-1.0852160052778301","-1.1166132731786278","-1.1166132731786278","-1.1166132731786278","-0.8793699436276681","-0.8793699436276681","-0.8793699436276681","-0.8619723309424823","-0.8619723309424823","-0.8619723309424823","-1.2553214230533136","-1.2553214230533136","-1.2553214230533136","-1.0862015348419178","-1.0862015348419178","-1.0862015348419178","-0.8973905587398182","-0.8973905587398182","-0.8973905587398182","-1.6117849596534293","-1.6117849596534293","-1.6117849596534293","-0.9659864432163457","-0.9659864432163457","-0.9659864432163457","-1.5472049134610133","-1.5472049134610133","-1.5472049134610133","-1.3180780240691528","-1.3180780240691528","-1.3180780240691528","-0.8475703403402","-0.8475703403402","-0.8475703403402","-0.8670179234962282","-0.8670179234962282","-0.8670179234962282","-1.5212587004986862","-1.5212587004986862","-1.5212587004986862","-1.4014480619037055","-1.4014480619037055","-1.4014480619037055","-1.2731098512469357","-1.2731098512469357","-1.2731098512469357","-1.8315988074291087","-1.8315988074291087","-1.8315988074291087","-1.1707477846559513","-1.1707477846559513","-1.1707477846559513","-1.2621808561098569","-1.2621808561098569","-1.2621808561098569"
"45500","-1.3357830504029995","-1.3357830504029995","-1.3357830504029995","-0.7470764598742737","-0.7470764598742737","-0.7470764598742737","-1.1744112884372337","-1.1744112884372337","-1.1744112884372337","-1.122397957048951","-1.122397957048951","-1.122397957048951","-0.9182387657634227","-0.9182387657634227","-0.9182387657634227","-1.4332342440120336","-1.4332342440120336","-1.4332342440120336","-0.951569842088609","-0.951569842088609","-0.951569842088609","-0.8397347546295034","-0.8397347546295034","-0.8397347546295034","-1.6618615924334237","-1.6618615924334237","-1.6618615924334237","-1.0506910704905388","-1.0506910704905388","-1.0506910704905388","-1.521384414636581","-1.521384414636581","-1.521384414636581","-1.1469574259444357","-1.1469574259444357","-1.1469574259444357","-1.0019782523775367","-1.0019782523775367","-1.0019782523775367","-0.9102069858043423","-0.9102069858043423","-0.9102069858043423","-1.4975470466344885","-1.4975470466344885","-1.4975470466344885","-1.3839414041084344","-1.3839414041084344","-1.3839414041084344","-1.2416451645243674","-1.2416451645243674","-1.2416451645243674","-1.4133360424776202","-1.4133360424776202","-1.4133360424776202","-1.0589822787565477","-1.0589822787565477","-1.0589822787565477","-1.3162747603344858","-1.3162747603344858","-1.3162747603344858"
"46000","-1.180361415080327","-1.180361415080327","-1.180361415080327","-0.8598669932901327","-0.8598669932901327","-0.8598669932901327","-1.102337213452866","-1.102337213452866","-1.102337213452866","-0.9184893815962643","-0.9184893815962643","-0.9184893815962643","-0.8998471058734788","-0.8998471058734788","-0.8998471058734788","-1.577198992965592","-1.577198992965592","-1.577198992965592","-1.4158342832022415","-1.4158342832022415","-1.4158342832022415","-0.8746776225871002","-0.8746776225871002","-0.8746776225871002","-1.3179319463003494","-1.3179319463003494","-1.3179319463003494","-1.1533564525900648","-1.1533564525900648","-1.1533564525900648","-1.4515550810202467","-1.4515550810202467","-1.4515550810202467","-1.483959793486917","-1.483959793486917","-1.483959793486917","-0.9422796508589375","-0.9422796508589375","-0.9422796508589375","-0.8918202284011002","-0.8918202284011002","-0.8918202284011002","-1.2639179017883455","-1.2639179017883455","-1.2639179017883455","-1.3769941360878328","-1.3769941360878328","-1.3769941360878328","-1.2051591800500652","-1.2051591800500652","-1.2051591800500652","-1.391967775629885","-1.391967775629885","-1.391967775629885","-1.2313434432115917","-1.2313434432115917","-1.2313434432115917","-1.2092245567022204","-1.2092245567022204","-1.2092245567022204"
"46500","-1.2542810160803397","-1.2542810160803397","-1.2542810160803397","-0.8593463971415034","-0.8593463971415034","-0.8593463971415034","-0.9918157511284941","-0.9918157511284941","-0.9918157511284941","-0.9933244302581222","-0.9933244302581222","-0.9933244302581222","-0.9106184476347154","-0.9106184476347154","-0.9106184476347154","-1.5312060515177734","-1.5312060515177734","-1.5312060515177734","-1.0157592896147767","-1.0157592896147767","-1.0157592896147767","-0.7958580904640065","-0.7958580904640065","-0.7958580904640065","-1.2253577063175431","-1.2253577063175431","-1.2253577063175431","-1.091720374954819","-1.091720374954819","-1.091720374954819","-1.457681828791227","-1.457681828791227","-1.457681828791227","-1.1824231235710023","-1.1824231235710023","-1.1824231235710023","-1.1331041763903393","-1.1331041763903393","-1.1331041763903393","-0.8657929550246877","-0.8657929550246877","-0.8657929550246877","-1.3528422277842433","-1.3528422277842433","-1.3528422277842433","-1.2595113154921476","-1.2595113154921476","-1.2595113154921476","-1.1642499459273918","-1.1642499459273918","-1.1642499459273918","-1.373094960446038","-1.373094960446038","-1.373094960446038","-1.1116356816999102","-1.1116356816999102","-1.1116356816999102","-1.143237995908167","-1.143237995908167","-1.143237995908167"
"47000","-1.31043494898178","-1.31043494898178","-1.31043494898178","-0.9747988698213094","-0.9747988698213094","-0.9747988698213094","-0.9723545581725427","-0.9723545581725427","-0.9723545581725427","-0.9740546642892063","-0.9740546642892063","-0.9740546642892063","-0.8267595213827781","-0.8267595213827781","-0.8267595213827781","-1.2933781529532087","-1.2933781529532087","-1.2933781529532087","-1.079929724680738","-1.079929724680738","-1.079929724680738","-0.9303342745920309","-0.9303342745920309","-0.9303342745920309","-1.3415135310222648","-1.3415135310222648","-1.3415135310222648","-1.155941742330557","-1.155941742330557","-1.155941742330557","-1.5037490306061807","-1.5037490306061807","-1.5037490306061807","-1.1616558996799813","-1.1616558996799813","-1.1616558996799813","-0.9937988046163667","-0.9937988046163667","-0.9937988046163667","-0.8557134596296713","-0.8557134596296713","-0.8557134596296713","-1.393860569854934","-1.393860569854934","-1.393860569854934","-1.2124687808459902","-1.2124687808459902","-1.2124687808459902","-1.1876989363329808","-1.1876989363329808","-1.1876989363329808","-1.2856432031280793","-1.2856432031280793","-1.2856432031280793","-0.957967958942807","-0.957967958942807","-0.957967958942807","-1.1840457918836367","-1.1840457918836367","-1.1840457918836367"
"47500","-1.4442783942130086","-1.4442783942130086","-1.4442783942130086","-1.0639508796734334","-1.0639508796734334","-1.0639508796734334","-1.1595812333170528","-1.1595812333170528","-1.1595812333170528","-1.0362346042256807","-1.0362346042256807","-1.0362346042256807","-1.0784447181712373","-1.0784447181712373","-1.0784447181712373","-1.209280828584509","-1.209280828584509","-1.209280828584509","-1.038837997455332","-1.038837997455332","-1.038837997455332","-0.8987726476382992","-0.8987726476382992","-0.8987726476382992","-1.2725902505113587","-1.2725902505113587","-1.2725902505113587","-1.1608947755110974","-1.1608947755110974","-1.1608947755110974","-1.4553071750821938","-1.4553071750821938","-1.4553071750821938","-1.0266646026105275","-1.0266646026105275","-1.0266646026105275","-0.8432688454263882","-0.8432688454263882","-0.8432688454263882","-0.9338345032166222","-0.9338345032166222","-0.9338345032166222","-1.3804474455809477","-1.3804474455809477","-1.3804474455809477","-1.063200523764554","-1.063200523764554","-1.063200523764554","-1.1400681381953717","-1.1400681381953717","-1.1400681381953717","-1.3403787118441863","-1.3403787118441863","-1.3403787118441863","-1.0905721094072776","-1.0905721094072776","-1.0905721094072776","-1.1023493707495668","-1.1023493707495668","-1.1023493707495668"
"48000","-1.387168689491734","-1.387168689491734","-1.387168689491734","-0.7132537182485833","-0.7132537182485833","-0.7132537182485833","-1.3043527006780233","-1.3043527006780233","-1.3043527006780233","-0.9700161252274062","-0.9700161252274062","-0.9700161252274062","-0.8096773318465162","-0.8096773318465162","-0.8096773318465162","-1.7371301843149283","-1.7371301843149283","-1.7371301843149283","-1.086724222108664","-1.086724222108664","-1.086724222108664","-0.8548215156694201","-0.8548215156694201","-0.8548215156694201","-1.3189200670733163","-1.3189200670733163","-1.3189200670733163","-1.100036061799249","-1.100036061799249","-1.100036061799249","-1.798099133044068","-1.798099133044068","-1.798099133044068","-1.0658365653131106","-1.0658365653131106","-1.0658365653131106","-1.0271407305793883","-1.0271407305793883","-1.0271407305793883","-0.9592285807793293","-0.9592285807793293","-0.9592285807793293","-1.7197180637930987","-1.7197180637930987","-1.7197180637930987","-1.145375189659876","-1.145375189659876","-1.145375189659876","-1.1988338153422102","-1.1988338153422102","-1.1988338153422102","-1.1990441210034166","-1.1990441210034166","-1.1990441210034166","-0.8852166707484346","-0.8852166707484346","-0.8852166707484346","-1.2134177448649575","-1.2134177448649575","-1.2134177448649575"
"48500","-1.3327538425917642","-1.3327538425917642","-1.3327538425917642","-0.7279953148431297","-0.7279953148431297","-0.7279953148431297","-1.1466579467832638","-1.1466579467832638","-1.1466579467832638","-1.0629890377850528","-1.0629890377850528","-1.0629890377850528","-1.1424271307666796","-1.1424271307666796","-1.1424271307666796","-1.5725988354096123","-1.5725988354096123","-1.5725988354096123","-0.9646664220924859","-0.9646664220924859","-0.9646664220924859","-0.8209931401568996","-0.8209931401568996","-0.8209931401568996","-1.209842967423291","-1.209842967423291","-1.209842967423291","-1.1148227855836508","-1.1148227855836508","-1.1148227855836508","-1.5376793349892586","-1.5376793349892586","-1.5376793349892586","-1.079585489306228","-1.079585489306228","-1.079585489306228","-0.9009475221337983","-0.9009475221337983","-0.9009475221337983","-0.9015779357335754","-0.9015779357335754","-0.9015779357335754","-1.5172182172743007","-1.5172182172743007","-1.5172182172743007","-1.3134664554251525","-1.3134664554251525","-1.3134664554251525","-1.1461082486706338","-1.1461082486706338","-1.1461082486706338","-1.2284757763027283","-1.2284757763027283","-1.2284757763027283","-0.9120020219539293","-0.9120020219539293","-0.9120020219539293","-1.1920393321507015","-1.1920393321507015","-1.1920393321507015"
"49000","-1.524125833532761","-1.524125833532761","-1.524125833532761","-0.8477955051169502","-0.8477955051169502","-0.8477955051169502","-1.371507503371385","-1.371507503371385","-1.371507503371385","-0.97876059781705","-0.97876059781705","-0.97876059781705","-0.8710890693068768","-0.8710890693068768","-0.8710890693068768","-1.3522724452903072","-1.3522724452903072","-1.3522724452903072","-0.9701920871915313","-0.9701920871915313","-0.9701920871915313","-0.9008843692781412","-0.9008843692781412","-0.9008843692781412","-1.3398515441206498","-1.3398515441206498","-1.3398515441206498","-1.0589112884102874","-1.0589112884102874","-1.0589112884102874","-1.5598989990697845","-1.5598989990697845","-1.5598989990697845","-1.0685487488216998","-1.0685487488216998","-1.0685487488216998","-0.7739450574345342","-0.7739450574345342","-0.7739450574345342","-1.0549526951764343","-1.0549526951764343","-1.0549526951764343","-1.3177301856964339","-1.3177301856964339","-1.3177301856964339","-1.2949881985062301","-1.2949881985062301","-1.2949881985062301","-1.3047997495928114","-1.3047997495928114","-1.3047997495928114","-1.1870039348772656","-1.1870039348772656","-1.1870039348772656","-1.065196854507623","-1.065196854507623","-1.065196854507623","-1.1905663447639083","-1.1905663447639083","-1.1905663447639083"
"49500","-1.2554337077126265","-1.2554337077126265","-1.2554337077126265","-0.8128881724634474","-0.8128881724634474","-0.8128881724634474","-1.4520253591329482","-1.4520253591329482","-1.4520253591329482","-1.035241383130011","-1.035241383130011","-1.035241383130011","-1.0783251954217257","-1.0783251954217257","-1.0783251954217257","-1.2084119090137126","-1.2084119090137126","-1.2084119090137126","-1.0680269743162298","-1.0680269743162298","-1.0680269743162298","-1.0349871220597269","-1.0349871220597269","-1.0349871220597269","-1.226786943288587","-1.226786943288587","-1.226786943288587","-1.0048328225856031","-1.0048328225856031","-1.0048328225856031","-1.4533261444599004","-1.4533261444599004","-1.4533261444599004","-1.059094515248495","-1.059094515248495","-1.059094515248495","-0.8273687766762562","-0.8273687766762562","-0.8273687766762562","-1.0039369265401832","-1.0039369265401832","-1.0039369265401832","-1.4559725146400733","-1.4559725146400733","-1.4559725146400733","-1.1510317656687825","-1.1510317656687825","-1.1510317656687825","-1.2009839136632847","-1.2009839136632847","-1.2009839136632847","-1.1436811178495156","-1.1436811178495156","-1.1436811178495156","-0.9753779529184368","-0.9753779529184368","-0.9753779529184368","-1.1767862231360273","-1.1767862231360273","-1.1767862231360273"
"50000","-1.4505754333232592","-1.4505754333232592","-1.4505754333232592","-0.7829717954512013","-0.7829717954512013","-0.7829717954512013","-0.9746816400786319","-0.9746816400786319","-0.9746816400786319","-0.9071007341483661","-0.9071007341483661","-0.9071007341483661","-1.0708517340644856","-1.0708517340644856","-1.0708517340644856","-1.341097748704426","-1.341097748704426","-1.341097748704426","-0.9160140033763092","-0.9160140033763092","-0.9160140033763092","-1.168258704661309","-1.168258704661309","-1.168258704661309","-1.2263139507206278","-1.2263139507206278","-1.2263139507206278","-1.0228578213339614","-1.0228578213339614","-1.0228578213339614","-1.34657076752602","-1.34657076752602","-1.34657076752602","-0.9843991784456184","-0.9843991784456184","-0.9843991784456184","-0.8461365962256444","-0.8461365962256444","-0.8461365962256444","-0.9704522841762537","-0.9704522841762537","-0.9704522841762537","-1.3892558890607327","-1.3892558890607327","-1.3892558890607327","-1.2924352640376682","-1.2924352640376682","-1.2924352640376682","-1.180718444990179","-1.180718444990179","-1.180718444990179","-1.1444948541318607","-1.1444948541318607","-1.1444948541318607","-1.009010949827534","-1.009010949827534","-1.009010949827534","-1.0556701609669257","-1.0556701609669257","-1.0556701609669257"