"Step","DDPG_EQL_FetchReachDense-v4_19 - eval/avg_reward","DDPG_EQL_FetchReachDense-v4_19 - eval/avg_reward__MIN","DDPG_EQL_FetchReachDense-v4_19 - eval/avg_reward__MAX","DDPG_EQL_FetchReachDense-v4_18 - eval/avg_reward","DDPG_EQL_FetchReachDense-v4_18 - eval/avg_reward__MIN","DDPG_EQL_FetchReachDense-v4_18 - eval/avg_reward__MAX","DDPG_EQL_FetchReachDense-v4_17 - eval/avg_reward","DDPG_EQL_FetchReachDense-v4_17 - eval/avg_reward__MIN","DDPG_EQL_FetchReachDense-v4_17 - eval/avg_reward__MAX","DDPG_EQL_FetchReachDense-v4_16 - eval/avg_reward","DDPG_EQL_FetchReachDense-v4_16 - eval/avg_reward__MIN","DDPG_EQL_FetchReachDense-v4_16 - eval/avg_reward__MAX","DDPG_EQL_FetchReachDense-v4_15 - eval/avg_reward","DDPG_EQL_FetchReachDense-v4_15 - eval/avg_reward__MIN","DDPG_EQL_FetchReachDense-v4_15 - eval/avg_reward__MAX","DDPG_EQL_FetchReachDense-v4_14 - eval/avg_reward","DDPG_EQL_FetchReachDense-v4_14 - eval/avg_reward__MIN","DDPG_EQL_FetchReachDense-v4_14 - eval/avg_reward__MAX","DDPG_EQL_FetchReachDense-v4_13 - eval/avg_reward","DDPG_EQL_FetchReachDense-v4_13 - eval/avg_reward__MIN","DDPG_EQL_FetchReachDense-v4_13 - eval/avg_reward__MAX","DDPG_EQL_FetchReachDense-v4_12 - eval/avg_reward","DDPG_EQL_FetchReachDense-v4_12 - eval/avg_reward__MIN","DDPG_EQL_FetchReachDense-v4_12 - eval/avg_reward__MAX","DDPG_EQL_FetchReachDense-v4_11 - eval/avg_reward","DDPG_EQL_FetchReachDense-v4_11 - eval/avg_reward__MIN","DDPG_EQL_FetchReachDense-v4_11 - eval/avg_reward__MAX","DDPG_EQL_FetchReachDense-v4_10 - eval/avg_reward","DDPG_EQL_FetchReachDense-v4_10 - eval/avg_reward__MIN","DDPG_EQL_FetchReachDense-v4_10 - eval/avg_reward__MAX","DDPG_EQL_FetchReachDense-v4_9 - eval/avg_reward","DDPG_EQL_FetchReachDense-v4_9 - eval/avg_reward__MIN","DDPG_EQL_FetchReachDense-v4_9 - eval/avg_reward__MAX","DDPG_EQL_FetchReachDense-v4_8 - eval/avg_reward","DDPG_EQL_FetchReachDense-v4_8 - eval/avg_reward__MIN","DDPG_EQL_FetchReachDense-v4_8 - eval/avg_reward__MAX","DDPG_EQL_FetchReachDense-v4_7 - eval/avg_reward","DDPG_EQL_FetchReachDense-v4_7 - eval/avg_reward__MIN","DDPG_EQL_FetchReachDense-v4_7 - eval/avg_reward__MAX","DDPG_EQL_FetchReachDense-v4_6 - eval/avg_reward","DDPG_EQL_FetchReachDense-v4_6 - eval/avg_reward__MIN","DDPG_EQL_FetchReachDense-v4_6 - eval/avg_reward__MAX","DDPG_EQL_FetchReachDense-v4_5 - eval/avg_reward","DDPG_EQL_FetchReachDense-v4_5 - eval/avg_reward__MIN","DDPG_EQL_FetchReachDense-v4_5 - eval/avg_reward__MAX","DDPG_EQL_FetchReachDense-v4_4 - eval/avg_reward","DDPG_EQL_FetchReachDense-v4_4 - eval/avg_reward__MIN","DDPG_EQL_FetchReachDense-v4_4 - eval/avg_reward__MAX","DDPG_EQL_FetchReachDense-v4_3 - eval/avg_reward","DDPG_EQL_FetchReachDense-v4_3 - eval/avg_reward__MIN","DDPG_EQL_FetchReachDense-v4_3 - eval/avg_reward__MAX","DDPG_EQL_FetchReachDense-v4_2 - eval/avg_reward","DDPG_EQL_FetchReachDense-v4_2 - eval/avg_reward__MIN","DDPG_EQL_FetchReachDense-v4_2 - eval/avg_reward__MAX","DDPG_EQL_FetchReachDense-v4_1 - eval/avg_reward","DDPG_EQL_FetchReachDense-v4_1 - eval/avg_reward__MIN","DDPG_EQL_FetchReachDense-v4_1 - eval/avg_reward__MAX","DDPG_EQL_FetchReachDense-v4_0 - eval/avg_reward","DDPG_EQL_FetchReachDense-v4_0 - eval/avg_reward__MIN","DDPG_EQL_FetchReachDense-v4_0 - eval/avg_reward__MAX"
"0","-9.998621109771939","-9.998621109771939","-9.998621109771939","-10.161423808351515","-10.161423808351515","-10.161423808351515","-11.597058018911019","-11.597058018911019","-11.597058018911019","-10.071171992594072","-10.071171992594072","-10.071171992594072","-8.173691017796525","-8.173691017796525","-8.173691017796525","-6.93500112096396","-6.93500112096396","-6.93500112096396","-10.07541822367935","-10.07541822367935","-10.07541822367935","-7.22933914428949","-7.22933914428949","-7.22933914428949","-13.557300651531074","-13.557300651531074","-13.557300651531074","-14.909256102851089","-14.909256102851089","-14.909256102851089","-7.671810886359692","-7.671810886359692","-7.671810886359692","-9.139160234667552","-9.139160234667552","-9.139160234667552","-9.137211679887539","-9.137211679887539","-9.137211679887539","-12.403093904713952","-12.403093904713952","-12.403093904713952","-8.001051337587187","-8.001051337587187","-8.001051337587187","-8.631314585276273","-8.631314585276273","-8.631314585276273","-10.465739808313748","-10.465739808313748","-10.465739808313748","-9.796524533825387","-9.796524533825387","-9.796524533825387","-11.51415108380978","-11.51415108380978","-11.51415108380978","-9.652403841391166","-9.652403841391166","-9.652403841391166"
"500","-9.998621109771939","-9.998621109771939","-9.998621109771939","-10.161423808351515","-10.161423808351515","-10.161423808351515","-11.597058018911019","-11.597058018911019","-11.597058018911019","-10.071171992594072","-10.071171992594072","-10.071171992594072","-8.173691017796525","-8.173691017796525","-8.173691017796525","-6.93500112096396","-6.93500112096396","-6.93500112096396","-10.07541822367935","-10.07541822367935","-10.07541822367935","-7.22933914428949","-7.22933914428949","-7.22933914428949","-13.557300651531074","-13.557300651531074","-13.557300651531074","-14.909256102851089","-14.909256102851089","-14.909256102851089","-7.671810886359692","-7.671810886359692","-7.671810886359692","-9.139160234667552","-9.139160234667552","-9.139160234667552","-9.137211679887539","-9.137211679887539","-9.137211679887539","-12.403093904713952","-12.403093904713952","-12.403093904713952","-8.001051337587187","-8.001051337587187","-8.001051337587187","-8.631314585276273","-8.631314585276273","-8.631314585276273","-10.465739808313748","-10.465739808313748","-10.465739808313748","-9.796524533825387","-9.796524533825387","-9.796524533825387","-11.51415108380978","-11.51415108380978","-11.51415108380978","-9.652403841391166","-9.652403841391166","-9.652403841391166"
"1000","-9.998621109771939","-9.998621109771939","-9.998621109771939","-10.161423808351515","-10.161423808351515","-10.161423808351515","-13.472708992559433","-13.472708992559433","-13.472708992559433","-9.282757200583644","-9.282757200583644","-9.282757200583644","-8.173691017796525","-8.173691017796525","-8.173691017796525","-6.93500112096396","-6.93500112096396","-6.93500112096396","-12.100554613706917","-12.100554613706917","-12.100554613706917","-7.22933914428949","-7.22933914428949","-7.22933914428949","-13.557300651531074","-13.557300651531074","-13.557300651531074","-14.909256102851089","-14.909256102851089","-14.909256102851089","-7.671810886359692","-7.671810886359692","-7.671810886359692","-9.139160234667552","-9.139160234667552","-9.139160234667552","-9.137211679887539","-9.137211679887539","-9.137211679887539","-12.403093904713952","-12.403093904713952","-12.403093904713952","-8.001051337587187","-8.001051337587187","-8.001051337587187","-8.631314585276273","-8.631314585276273","-8.631314585276273","-10.465739808313748","-10.465739808313748","-10.465739808313748","-9.796524533825387","-9.796524533825387","-9.796524533825387","-10.64451009383372","-10.64451009383372","-10.64451009383372","-9.652403841391166","-9.652403841391166","-9.652403841391166"
"1500","-31.260024592074423","-31.260024592074423","-31.260024592074423","-16.14344413086216","-16.14344413086216","-16.14344413086216","-37.42797669571489","-37.42797669571489","-37.42797669571489","-13.420492557924769","-13.420492557924769","-13.420492557924769","-9.784974829192402","-9.784974829192402","-9.784974829192402","-14.314331169926897","-14.314331169926897","-14.314331169926897","-10.055033520485171","-10.055033520485171","-10.055033520485171","-25.047260789514905","-25.047260789514905","-25.047260789514905","-7.090922934367879","-7.090922934367879","-7.090922934367879","-14.297931299961615","-14.297931299961615","-14.297931299961615","-14.041593324882914","-14.041593324882914","-14.041593324882914","-8.300915541790346","-8.300915541790346","-8.300915541790346","-7.6438351724890765","-7.6438351724890765","-7.6438351724890765","-15.030781717958376","-15.030781717958376","-15.030781717958376","-13.855014594435735","-13.855014594435735","-13.855014594435735","-12.263483145247495","-12.263483145247495","-12.263483145247495","-18.55530905072662","-18.55530905072662","-18.55530905072662","-10.999885720195591","-10.999885720195591","-10.999885720195591","-38.695796527482116","-38.695796527482116","-38.695796527482116","-16.538783323859285","-16.538783323859285","-16.538783323859285"
"2000","-10.76331271335855","-10.76331271335855","-10.76331271335855","-8.668925102936448","-8.668925102936448","-8.668925102936448","-8.53744318718727","-8.53744318718727","-8.53744318718727","-14.434570867100138","-14.434570867100138","-14.434570867100138","-8.058417823185536","-8.058417823185536","-8.058417823185536","-14.166786468767066","-14.166786468767066","-14.166786468767066","-13.169877684089162","-13.169877684089162","-13.169877684089162","-25.048137409960532","-25.048137409960532","-25.048137409960532","-28.495955924262397","-28.495955924262397","-28.495955924262397","-11.050692173485963","-11.050692173485963","-11.050692173485963","-15.453846124662906","-15.453846124662906","-15.453846124662906","-16.180080034038383","-16.180080034038383","-16.180080034038383","-17.822103878247788","-17.822103878247788","-17.822103878247788","-17.946453121216148","-17.946453121216148","-17.946453121216148","-12.247426971104826","-12.247426971104826","-12.247426971104826","-21.716385848685366","-21.716385848685366","-21.716385848685366","-10.706217219412258","-10.706217219412258","-10.706217219412258","-8.644255488261564","-8.644255488261564","-8.644255488261564","-26.924573674115344","-26.924573674115344","-26.924573674115344","-10.1670928858047","-10.1670928858047","-10.1670928858047"
"2500","-7.138206940476467","-7.138206940476467","-7.138206940476467","-16.86769817915222","-16.86769817915222","-16.86769817915222","-14.346493578142447","-14.346493578142447","-14.346493578142447","-10.253200347732458","-10.253200347732458","-10.253200347732458","-5.326705799825388","-5.326705799825388","-5.326705799825388","-7.1384575148226235","-7.1384575148226235","-7.1384575148226235","-9.07443503674714","-9.07443503674714","-9.07443503674714","-25.048132893786168","-25.048132893786168","-25.048132893786168","-13.260862036700965","-13.260862036700965","-13.260862036700965","-15.113598783740647","-15.113598783740647","-15.113598783740647","-18.65134421335143","-18.65134421335143","-18.65134421335143","-18.5425869836429","-18.5425869836429","-18.5425869836429","-20.38338715507259","-20.38338715507259","-20.38338715507259","-11.932075364197782","-11.932075364197782","-11.932075364197782","-9.204863852292787","-9.204863852292787","-9.204863852292787","-7.611210854817027","-7.611210854817027","-7.611210854817027","-9.51041034949078","-9.51041034949078","-9.51041034949078","-13.042752545906604","-13.042752545906604","-13.042752545906604","-14.996262855614267","-14.996262855614267","-14.996262855614267","-18.312794988751065","-18.312794988751065","-18.312794988751065"
"3000","-6.57250376029099","-6.57250376029099","-6.57250376029099","-13.882311290421196","-13.882311290421196","-13.882311290421196","-7.855153756320253","-7.855153756320253","-7.855153756320253","-8.313457328406528","-8.313457328406528","-8.313457328406528","-6.4788906868757135","-6.4788906868757135","-6.4788906868757135","-17.183601177964402","-17.183601177964402","-17.183601177964402","-8.521557772058852","-8.521557772058852","-8.521557772058852","-19.35576242505286","-19.35576242505286","-19.35576242505286","-4.583313432643865","-4.583313432643865","-4.583313432643865","-13.655402162207718","-13.655402162207718","-13.655402162207718","-10.60658681275524","-10.60658681275524","-10.60658681275524","-9.905789902747026","-9.905789902747026","-9.905789902747026","-20.02007607874878","-20.02007607874878","-20.02007607874878","-6.237089172838571","-6.237089172838571","-6.237089172838571","-6.977205455370521","-6.977205455370521","-6.977205455370521","-18.799709952720224","-18.799709952720224","-18.799709952720224","-14.576090146018993","-14.576090146018993","-14.576090146018993","-15.293270848864534","-15.293270848864534","-15.293270848864534","-6.29330409864985","-6.29330409864985","-6.29330409864985","-8.698015940870043","-8.698015940870043","-8.698015940870043"
"3500","-12.826612099497996","-12.826612099497996","-12.826612099497996","-9.905917643895501","-9.905917643895501","-9.905917643895501","-9.562968898641927","-9.562968898641927","-9.562968898641927","-13.025672741293675","-13.025672741293675","-13.025672741293675","-7.905780937559318","-7.905780937559318","-7.905780937559318","-7.885948910030081","-7.885948910030081","-7.885948910030081","-9.020064367470422","-9.020064367470422","-9.020064367470422","-25.30874738051624","-25.30874738051624","-25.30874738051624","-7.020367008503376","-7.020367008503376","-7.020367008503376","-10.10315428734604","-10.10315428734604","-10.10315428734604","-7.1624159204463","-7.1624159204463","-7.1624159204463","-10.184602120183357","-10.184602120183357","-10.184602120183357","-23.69880587637428","-23.69880587637428","-23.69880587637428","-8.55974734856816","-8.55974734856816","-8.55974734856816","-8.22868354697375","-8.22868354697375","-8.22868354697375","-32.296065757313656","-32.296065757313656","-32.296065757313656","-6.61380594122565","-6.61380594122565","-6.61380594122565","-6.366836285151022","-6.366836285151022","-6.366836285151022","-7.580250297692994","-7.580250297692994","-7.580250297692994","-12.534822837271285","-12.534822837271285","-12.534822837271285"
"4000","-9.202866345755357","-9.202866345755357","-9.202866345755357","-9.02353717920658","-9.02353717920658","-9.02353717920658","-5.148948845920918","-5.148948845920918","-5.148948845920918","-7.805555667715412","-7.805555667715412","-7.805555667715412","-12.007527934906047","-12.007527934906047","-12.007527934906047","-11.032152260125262","-11.032152260125262","-11.032152260125262","-11.158083924980199","-11.158083924980199","-11.158083924980199","-39.17610947035329","-39.17610947035329","-39.17610947035329","-5.77778916414951","-5.77778916414951","-5.77778916414951","-14.077855283139716","-14.077855283139716","-14.077855283139716","-8.503013626514456","-8.503013626514456","-8.503013626514456","-7.876750728789183","-7.876750728789183","-7.876750728789183","-18.856918909922662","-18.856918909922662","-18.856918909922662","-11.645977098024328","-11.645977098024328","-11.645977098024328","-6.138162073370382","-6.138162073370382","-6.138162073370382","-10.870087272135185","-10.870087272135185","-10.870087272135185","-7.194166111670446","-7.194166111670446","-7.194166111670446","-6.9764830640496225","-6.9764830640496225","-6.9764830640496225","-7.398312921764169","-7.398312921764169","-7.398312921764169","-6.938984833853195","-6.938984833853195","-6.938984833853195"
"4500","-8.508075910809051","-8.508075910809051","-8.508075910809051","-4.659383301014735","-4.659383301014735","-4.659383301014735","-6.941810056970629","-6.941810056970629","-6.941810056970629","-11.312666615624904","-11.312666615624904","-11.312666615624904","-4.229157723637477","-4.229157723637477","-4.229157723637477","-6.473789416099788","-6.473789416099788","-6.473789416099788","-6.061736462307625","-6.061736462307625","-6.061736462307625","-32.98046293580232","-32.98046293580232","-32.98046293580232","-3.6950356326534513","-3.6950356326534513","-3.6950356326534513","-7.55238313561177","-7.55238313561177","-7.55238313561177","-6.670058762689433","-6.670058762689433","-6.670058762689433","-4.797637193172232","-4.797637193172232","-4.797637193172232","-11.037770590878717","-11.037770590878717","-11.037770590878717","-6.935030429465923","-6.935030429465923","-6.935030429465923","-5.730398069680431","-5.730398069680431","-5.730398069680431","-7.803889793288559","-7.803889793288559","-7.803889793288559","-5.831974334875038","-5.831974334875038","-5.831974334875038","-6.412272131835178","-6.412272131835178","-6.412272131835178","-5.366705433078228","-5.366705433078228","-5.366705433078228","-6.713761342558629","-6.713761342558629","-6.713761342558629"
"5000","-5.907562612624352","-5.907562612624352","-5.907562612624352","-10.515176007103415","-10.515176007103415","-10.515176007103415","-8.88528391113947","-8.88528391113947","-8.88528391113947","-5.591191309866049","-5.591191309866049","-5.591191309866049","-5.173959872469244","-5.173959872469244","-5.173959872469244","-8.498407871120405","-8.498407871120405","-8.498407871120405","-6.589018261872082","-6.589018261872082","-6.589018261872082","-11.243986286468433","-11.243986286468433","-11.243986286468433","-4.229155936256805","-4.229155936256805","-4.229155936256805","-5.320770532892917","-5.320770532892917","-5.320770532892917","-6.067120269770429","-6.067120269770429","-6.067120269770429","-6.031576777480737","-6.031576777480737","-6.031576777480737","-7.12846469487639","-7.12846469487639","-7.12846469487639","-7.409690690386012","-7.409690690386012","-7.409690690386012","-7.313616081944701","-7.313616081944701","-7.313616081944701","-5.295307033968731","-5.295307033968731","-5.295307033968731","-5.331215946558053","-5.331215946558053","-5.331215946558053","-3.627693551725172","-3.627693551725172","-3.627693551725172","-6.209952181132634","-6.209952181132634","-6.209952181132634","-6.427083743479609","-6.427083743479609","-6.427083743479609"
"5500","-5.93070925423133","-5.93070925423133","-5.93070925423133","-5.508141699479716","-5.508141699479716","-5.508141699479716","-4.857820108190639","-4.857820108190639","-4.857820108190639","-5.745565957671083","-5.745565957671083","-5.745565957671083","-5.025411769115711","-5.025411769115711","-5.025411769115711","-5.467580889822696","-5.467580889822696","-5.467580889822696","-4.030700651382644","-4.030700651382644","-4.030700651382644","-10.127501392746945","-10.127501392746945","-10.127501392746945","-4.463893295904326","-4.463893295904326","-4.463893295904326","-4.318143286717744","-4.318143286717744","-4.318143286717744","-7.539406345629395","-7.539406345629395","-7.539406345629395","-6.533724524041807","-6.533724524041807","-6.533724524041807","-7.5380494040437345","-7.5380494040437345","-7.5380494040437345","-5.584395932233603","-5.584395932233603","-5.584395932233603","-4.702099069081159","-4.702099069081159","-4.702099069081159","-5.557512428718739","-5.557512428718739","-5.557512428718739","-3.924399339509326","-3.924399339509326","-3.924399339509326","-4.5542863192545395","-4.5542863192545395","-4.5542863192545395","-4.4095471631746115","-4.4095471631746115","-4.4095471631746115","-4.733149037277789","-4.733149037277789","-4.733149037277789"
"6000","-6.133109482360671","-6.133109482360671","-6.133109482360671","-4.83165188711993","-4.83165188711993","-4.83165188711993","-5.528408711316368","-5.528408711316368","-5.528408711316368","-4.752855899558384","-4.752855899558384","-4.752855899558384","-3.8529010107405623","-3.8529010107405623","-3.8529010107405623","-4.190764093827317","-4.190764093827317","-4.190764093827317","-3.48685995633486","-3.48685995633486","-3.48685995633486","-15.579031705691524","-15.579031705691524","-15.579031705691524","-3.526166587559419","-3.526166587559419","-3.526166587559419","-4.58628633570935","-4.58628633570935","-4.58628633570935","-8.695751260439645","-8.695751260439645","-8.695751260439645","-5.738788478410225","-5.738788478410225","-5.738788478410225","-9.989620711690131","-9.989620711690131","-9.989620711690131","-8.54980620932074","-8.54980620932074","-8.54980620932074","-6.486857862754344","-6.486857862754344","-6.486857862754344","-6.599643262118532","-6.599643262118532","-6.599643262118532","-5.2677102052229845","-5.2677102052229845","-5.2677102052229845","-5.71602415580327","-5.71602415580327","-5.71602415580327","-4.056775255539802","-4.056775255539802","-4.056775255539802","-6.573955480899201","-6.573955480899201","-6.573955480899201"
"6500","-5.924092661526704","-5.924092661526704","-5.924092661526704","-4.5816942757842725","-4.5816942757842725","-4.5816942757842725","-3.7386963858969686","-3.7386963858969686","-3.7386963858969686","-5.733220579949089","-5.733220579949089","-5.733220579949089","-2.9377386565621633","-2.9377386565621633","-2.9377386565621633","-4.114806584762579","-4.114806584762579","-4.114806584762579","-4.326301650467373","-4.326301650467373","-4.326301650467373","-8.303869853173257","-8.303869853173257","-8.303869853173257","-3.567506000849241","-3.567506000849241","-3.567506000849241","-3.6142129429203265","-3.6142129429203265","-3.6142129429203265","-5.136600471411386","-5.136600471411386","-5.136600471411386","-4.515792497398095","-4.515792497398095","-4.515792497398095","-9.120648337749671","-9.120648337749671","-9.120648337749671","-6.653872636157184","-6.653872636157184","-6.653872636157184","-7.633529964350363","-7.633529964350363","-7.633529964350363","-5.151330116069689","-5.151330116069689","-5.151330116069689","-3.468507195292326","-3.468507195292326","-3.468507195292326","-4.886043063596833","-4.886043063596833","-4.886043063596833","-5.872979938136822","-5.872979938136822","-5.872979938136822","-4.753751655207358","-4.753751655207358","-4.753751655207358"
"7000","-5.743088350972878","-5.743088350972878","-5.743088350972878","-5.628002870674495","-5.628002870674495","-5.628002870674495","-4.057996881540175","-4.057996881540175","-4.057996881540175","-4.0842580342660035","-4.0842580342660035","-4.0842580342660035","-2.97439085431011","-2.97439085431011","-2.97439085431011","-5.047787484812926","-5.047787484812926","-5.047787484812926","-4.4652320157427585","-4.4652320157427585","-4.4652320157427585","-6.734802315028517","-6.734802315028517","-6.734802315028517","-4.736059205513327","-4.736059205513327","-4.736059205513327","-3.9765788233377535","-3.9765788233377535","-3.9765788233377535","-3.7927240618457505","-3.7927240618457505","-3.7927240618457505","-3.6018868211505755","-3.6018868211505755","-3.6018868211505755","-9.452515415517913","-9.452515415517913","-9.452515415517913","-5.48111993705625","-5.48111993705625","-5.48111993705625","-6.815904102086516","-6.815904102086516","-6.815904102086516","-3.7319697747777147","-3.7319697747777147","-3.7319697747777147","-2.901257554515262","-2.901257554515262","-2.901257554515262","-3.85223128162133","-3.85223128162133","-3.85223128162133","-5.256494283665873","-5.256494283665873","-5.256494283665873","-6.276630024999226","-6.276630024999226","-6.276630024999226"
"7500","-4.923453902922025","-4.923453902922025","-4.923453902922025","-3.7578672796739325","-3.7578672796739325","-3.7578672796739325","-3.326098493833755","-3.326098493833755","-3.326098493833755","-3.429712571149653","-3.429712571149653","-3.429712571149653","-2.4651263161596257","-2.4651263161596257","-2.4651263161596257","-3.869815311556058","-3.869815311556058","-3.869815311556058","-4.158883051892918","-4.158883051892918","-4.158883051892918","-7.8541651051919175","-7.8541651051919175","-7.8541651051919175","-2.8637537566361457","-2.8637537566361457","-2.8637537566361457","-4.297085742659106","-4.297085742659106","-4.297085742659106","-3.389508897728244","-3.389508897728244","-3.389508897728244","-3.1552972779857233","-3.1552972779857233","-3.1552972779857233","-9.18965774135172","-9.18965774135172","-9.18965774135172","-5.701063303449103","-5.701063303449103","-5.701063303449103","-4.705505836616409","-4.705505836616409","-4.705505836616409","-5.033601224515172","-5.033601224515172","-5.033601224515172","-3.2613828651877173","-3.2613828651877173","-3.2613828651877173","-2.9946989060572835","-2.9946989060572835","-2.9946989060572835","-4.63799799697693","-4.63799799697693","-4.63799799697693","-7.808462172900076","-7.808462172900076","-7.808462172900076"
"8000","-6.938889702397833","-6.938889702397833","-6.938889702397833","-3.747640237088691","-3.747640237088691","-3.747640237088691","-4.162868965223138","-4.162868965223138","-4.162868965223138","-3.7265202016859353","-3.7265202016859353","-3.7265202016859353","-2.1412456304996756","-2.1412456304996756","-2.1412456304996756","-4.813175397729397","-4.813175397729397","-4.813175397729397","-3.533446271501151","-3.533446271501151","-3.533446271501151","-6.77030059925338","-6.77030059925338","-6.77030059925338","-3.2003850619969385","-3.2003850619969385","-3.2003850619969385","-3.5334376610019986","-3.5334376610019986","-3.5334376610019986","-3.1895202437794032","-3.1895202437794032","-3.1895202437794032","-4.597720758777255","-4.597720758777255","-4.597720758777255","-5.698510127425803","-5.698510127425803","-5.698510127425803","-4.63754853254361","-4.63754853254361","-4.63754853254361","-3.8054738375759896","-3.8054738375759896","-3.8054738375759896","-3.4690350301471113","-3.4690350301471113","-3.4690350301471113","-3.01475309501959","-3.01475309501959","-3.01475309501959","-3.445070785982799","-3.445070785982799","-3.445070785982799","-4.078054122701625","-4.078054122701625","-4.078054122701625","-5.777455320410513","-5.777455320410513","-5.777455320410513"
"8500","-5.862933734222559","-5.862933734222559","-5.862933734222559","-3.22679252868041","-3.22679252868041","-3.22679252868041","-3.7378126256667343","-3.7378126256667343","-3.7378126256667343","-2.917749609790447","-2.917749609790447","-2.917749609790447","-2.8741302158263466","-2.8741302158263466","-2.8741302158263466","-3.9969787092288316","-3.9969787092288316","-3.9969787092288316","-3.8886847972893337","-3.8886847972893337","-3.8886847972893337","-6.193850384223143","-6.193850384223143","-6.193850384223143","-5.522992624341579","-5.522992624341579","-5.522992624341579","-6.676363934996542","-6.676363934996542","-6.676363934996542","-3.4726126498043657","-3.4726126498043657","-3.4726126498043657","-3.2841476382271595","-3.2841476382271595","-3.2841476382271595","-9.976953004113607","-9.976953004113607","-9.976953004113607","-5.5179883482257","-5.5179883482257","-5.5179883482257","-3.5283882143416427","-3.5283882143416427","-3.5283882143416427","-3.1532980530322603","-3.1532980530322603","-3.1532980530322603","-3.477692278208359","-3.477692278208359","-3.477692278208359","-3.8723986472262597","-3.8723986472262597","-3.8723986472262597","-3.45377027760735","-3.45377027760735","-3.45377027760735","-5.454297571326582","-5.454297571326582","-5.454297571326582"
"9000","-4.099472103049355","-4.099472103049355","-4.099472103049355","-3.595211017599124","-3.595211017599124","-3.595211017599124","-3.2965458775202636","-3.2965458775202636","-3.2965458775202636","-3.4647961506511074","-3.4647961506511074","-3.4647961506511074","-1.8299382313214683","-1.8299382313214683","-1.8299382313214683","-3.40399496824888","-3.40399496824888","-3.40399496824888","-4.267906252275184","-4.267906252275184","-4.267906252275184","-8.069625091068442","-8.069625091068442","-8.069625091068442","-4.286041701954552","-4.286041701954552","-4.286041701954552","-3.9900735277369996","-3.9900735277369996","-3.9900735277369996","-3.980218935086458","-3.980218935086458","-3.980218935086458","-5.57557322241899","-5.57557322241899","-5.57557322241899","-7.078588948932795","-7.078588948932795","-7.078588948932795","-3.88599061238061","-3.88599061238061","-3.88599061238061","-3.8978163762531786","-3.8978163762531786","-3.8978163762531786","-4.008934423679294","-4.008934423679294","-4.008934423679294","-2.980197546473578","-2.980197546473578","-2.980197546473578","-3.379098574650894","-3.379098574650894","-3.379098574650894","-3.9184034874638782","-3.9184034874638782","-3.9184034874638782","-4.755383644088904","-4.755383644088904","-4.755383644088904"
"9500","-4.5220580922906235","-4.5220580922906235","-4.5220580922906235","-2.9768879623603146","-2.9768879623603146","-2.9768879623603146","-4.610920556844233","-4.610920556844233","-4.610920556844233","-3.5103091058602742","-3.5103091058602742","-3.5103091058602742","-2.4332446800378618","-2.4332446800378618","-2.4332446800378618","-4.475229893147349","-4.475229893147349","-4.475229893147349","-3.633941572394073","-3.633941572394073","-3.633941572394073","-6.396979848992221","-6.396979848992221","-6.396979848992221","-2.6988619071378417","-2.6988619071378417","-2.6988619071378417","-3.4149572560506103","-3.4149572560506103","-3.4149572560506103","-4.254716424744815","-4.254716424744815","-4.254716424744815","-4.337909325394238","-4.337909325394238","-4.337909325394238","-7.102959625034887","-7.102959625034887","-7.102959625034887","-5.829270545237924","-5.829270545237924","-5.829270545237924","-3.915612602274643","-3.915612602274643","-3.915612602274643","-3.7620260635128133","-3.7620260635128133","-3.7620260635128133","-2.619090974750816","-2.619090974750816","-2.619090974750816","-3.5246168607463444","-3.5246168607463444","-3.5246168607463444","-4.620175139142222","-4.620175139142222","-4.620175139142222","-4.4480795637502775","-4.4480795637502775","-4.4480795637502775"
"10000","-3.1231934253274027","-3.1231934253274027","-3.1231934253274027","-4.583350542945406","-4.583350542945406","-4.583350542945406","-2.5602145461047874","-2.5602145461047874","-2.5602145461047874","-2.657233909058454","-2.657233909058454","-2.657233909058454","-5.255367199954608","-5.255367199954608","-5.255367199954608","-5.146150452144388","-5.146150452144388","-5.146150452144388","-3.4974758658844314","-3.4974758658844314","-3.4974758658844314","-8.453790481908339","-8.453790481908339","-8.453790481908339","-2.8758758708910777","-2.8758758708910777","-2.8758758708910777","-2.9990508158174736","-2.9990508158174736","-2.9990508158174736","-4.1404442024813735","-4.1404442024813735","-4.1404442024813735","-4.808274554752251","-4.808274554752251","-4.808274554752251","-5.240229123684716","-5.240229123684716","-5.240229123684716","-3.917462096951266","-3.917462096951266","-3.917462096951266","-3.31431136124638","-3.31431136124638","-3.31431136124638","-2.8297034233675964","-2.8297034233675964","-2.8297034233675964","-2.4728832428768577","-2.4728832428768577","-2.4728832428768577","-2.4196131951143167","-2.4196131951143167","-2.4196131951143167","-5.065234060074328","-5.065234060074328","-5.065234060074328","-3.02587841420796","-3.02587841420796","-3.02587841420796"
"10500","-2.8318430125064853","-2.8318430125064853","-2.8318430125064853","-4.819662486175045","-4.819662486175045","-4.819662486175045","-3.5343256876038325","-3.5343256876038325","-3.5343256876038325","-3.3539743913830065","-3.3539743913830065","-3.3539743913830065","-2.4320573060490287","-2.4320573060490287","-2.4320573060490287","-5.1042223811605165","-5.1042223811605165","-5.1042223811605165","-2.6625249012385828","-2.6625249012385828","-2.6625249012385828","-5.422189084364795","-5.422189084364795","-5.422189084364795","-1.8731577734462885","-1.8731577734462885","-1.8731577734462885","-3.354353080642828","-3.354353080642828","-3.354353080642828","-4.067823488722378","-4.067823488722378","-4.067823488722378","-3.2086974219422295","-3.2086974219422295","-3.2086974219422295","-6.255484525781644","-6.255484525781644","-6.255484525781644","-3.8337184929475425","-3.8337184929475425","-3.8337184929475425","-5.174931841082364","-5.174931841082364","-5.174931841082364","-3.3602279487190643","-3.3602279487190643","-3.3602279487190643","-2.3179465682773452","-2.3179465682773452","-2.3179465682773452","-3.639572793392341","-3.639572793392341","-3.639572793392341","-4.526401684950996","-4.526401684950996","-4.526401684950996","-3.461971742725423","-3.461971742725423","-3.461971742725423"
"11000","-3.2809938870045934","-3.2809938870045934","-3.2809938870045934","-3.8798217458858573","-3.8798217458858573","-3.8798217458858573","-3.6611345390887857","-3.6611345390887857","-3.6611345390887857","-3.690170471630258","-3.690170471630258","-3.690170471630258","-1.8409175959470698","-1.8409175959470698","-1.8409175959470698","-3.3404679380797604","-3.3404679380797604","-3.3404679380797604","-2.8726773087435094","-2.8726773087435094","-2.8726773087435094","-5.373126722494962","-5.373126722494962","-5.373126722494962","-3.26885826243604","-3.26885826243604","-3.26885826243604","-3.611487477726341","-3.611487477726341","-3.611487477726341","-4.208944825300884","-4.208944825300884","-4.208944825300884","-2.8444461237513585","-2.8444461237513585","-2.8444461237513585","-5.419910401261667","-5.419910401261667","-5.419910401261667","-4.400565638194729","-4.400565638194729","-4.400565638194729","-3.6551202085729857","-3.6551202085729857","-3.6551202085729857","-3.389686998703232","-3.389686998703232","-3.389686998703232","-2.4529074899489465","-2.4529074899489465","-2.4529074899489465","-3.948236235738851","-3.948236235738851","-3.948236235738851","-3.5190328140143805","-3.5190328140143805","-3.5190328140143805","-4.015288427800568","-4.015288427800568","-4.015288427800568"
"11500","-3.180835869525561","-3.180835869525561","-3.180835869525561","-3.067404753840576","-3.067404753840576","-3.067404753840576","-1.795429310595095","-1.795429310595095","-1.795429310595095","-3.5475552804067805","-3.5475552804067805","-3.5475552804067805","-3.0730776808104707","-3.0730776808104707","-3.0730776808104707","-4.372850409250661","-4.372850409250661","-4.372850409250661","-2.0324386437322963","-2.0324386437322963","-2.0324386437322963","-5.619877369102783","-5.619877369102783","-5.619877369102783","-5.188265733800905","-5.188265733800905","-5.188265733800905","-2.623465946714514","-2.623465946714514","-2.623465946714514","-4.397973559537092","-4.397973559537092","-4.397973559537092","-3.419775244315905","-3.419775244315905","-3.419775244315905","-6.031287462657498","-6.031287462657498","-6.031287462657498","-3.9210703243876757","-3.9210703243876757","-3.9210703243876757","-3.2090177372890123","-3.2090177372890123","-3.2090177372890123","-4.140508534134318","-4.140508534134318","-4.140508534134318","-1.6878235848633476","-1.6878235848633476","-1.6878235848633476","-3.9732512559851836","-3.9732512559851836","-3.9732512559851836","-2.927071212965837","-2.927071212965837","-2.927071212965837","-5.750212576950242","-5.750212576950242","-5.750212576950242"
"12000","-2.6698888812695443","-2.6698888812695443","-2.6698888812695443","-2.1417170539055173","-2.1417170539055173","-2.1417170539055173","-3.621435906838891","-3.621435906838891","-3.621435906838891","-2.97909053858234","-2.97909053858234","-2.97909053858234","-4.035219507187131","-4.035219507187131","-4.035219507187131","-2.878680514332448","-2.878680514332448","-2.878680514332448","-4.8550409810628015","-4.8550409810628015","-4.8550409810628015","-4.896361791333712","-4.896361791333712","-4.896361791333712","-2.5261123086910384","-2.5261123086910384","-2.5261123086910384","-3.568172452922924","-3.568172452922924","-3.568172452922924","-3.538751326454753","-3.538751326454753","-3.538751326454753","-3.293471675618707","-3.293471675618707","-3.293471675618707","-3.2385352711412514","-3.2385352711412514","-3.2385352711412514","-3.9041842738859693","-3.9041842738859693","-3.9041842738859693","-3.9762011421971706","-3.9762011421971706","-3.9762011421971706","-2.5556404636868475","-2.5556404636868475","-2.5556404636868475","-1.8373909388816372","-1.8373909388816372","-1.8373909388816372","-3.1088517755102303","-3.1088517755102303","-3.1088517755102303","-3.064432120940888","-3.064432120940888","-3.064432120940888","-3.445765866821442","-3.445765866821442","-3.445765866821442"
"12500","-1.5360486978962993","-1.5360486978962993","-1.5360486978962993","-2.4781092625186094","-2.4781092625186094","-2.4781092625186094","-2.2935162215779563","-2.2935162215779563","-2.2935162215779563","-3.136858614251074","-3.136858614251074","-3.136858614251074","-3.8249483077390494","-3.8249483077390494","-3.8249483077390494","-3.9393648962493812","-3.9393648962493812","-3.9393648962493812","-3.2863102206442107","-3.2863102206442107","-3.2863102206442107","-4.663314622113428","-4.663314622113428","-4.663314622113428","-2.562888381534885","-2.562888381534885","-2.562888381534885","-2.6820139720515357","-2.6820139720515357","-2.6820139720515357","-3.632170023240504","-3.632170023240504","-3.632170023240504","-3.9082928761880416","-3.9082928761880416","-3.9082928761880416","-3.077282621621839","-3.077282621621839","-3.077282621621839","-4.680117461367175","-4.680117461367175","-4.680117461367175","-3.183582217295174","-3.183582217295174","-3.183582217295174","-2.661581741279305","-2.661581741279305","-2.661581741279305","-2.6316279427990636","-2.6316279427990636","-2.6316279427990636","-3.6436508599110304","-3.6436508599110304","-3.6436508599110304","-3.3604459799244197","-3.3604459799244197","-3.3604459799244197","-2.7108237069545273","-2.7108237069545273","-2.7108237069545273"
"13000","-1.8884899831401385","-1.8884899831401385","-1.8884899831401385","-4.0468743204524795","-4.0468743204524795","-4.0468743204524795","-2.27172055965021","-2.27172055965021","-2.27172055965021","-2.461267789495719","-2.461267789495719","-2.461267789495719","-2.5115877453019215","-2.5115877453019215","-2.5115877453019215","-3.416005956856965","-3.416005956856965","-3.416005956856965","-2.3737151595632584","-2.3737151595632584","-2.3737151595632584","-3.9509980514690652","-3.9509980514690652","-3.9509980514690652","-2.1548428640051824","-2.1548428640051824","-2.1548428640051824","-3.8683526446499874","-3.8683526446499874","-3.8683526446499874","-4.285785865847915","-4.285785865847915","-4.285785865847915","-2.8302842439449534","-2.8302842439449534","-2.8302842439449534","-2.5516765758788575","-2.5516765758788575","-2.5516765758788575","-3.589665057065359","-3.589665057065359","-3.589665057065359","-2.7616951983302616","-2.7616951983302616","-2.7616951983302616","-2.4789828518446932","-2.4789828518446932","-2.4789828518446932","-2.0657266991505345","-2.0657266991505345","-2.0657266991505345","-3.347936563299631","-3.347936563299631","-3.347936563299631","-2.924741271406864","-2.924741271406864","-2.924741271406864","-3.479774451304037","-3.479774451304037","-3.479774451304037"
"13500","-2.524455784067367","-2.524455784067367","-2.524455784067367","-2.3362513502708713","-2.3362513502708713","-2.3362513502708713","-4.023104603828429","-4.023104603828429","-4.023104603828429","-2.473955039543971","-2.473955039543971","-2.473955039543971","-2.7738788476650624","-2.7738788476650624","-2.7738788476650624","-5.5545654996127745","-5.5545654996127745","-5.5545654996127745","-3.239242424961154","-3.239242424961154","-3.239242424961154","-3.95228986058289","-3.95228986058289","-3.95228986058289","-2.098393194221198","-2.098393194221198","-2.098393194221198","-2.922439659205699","-2.922439659205699","-2.922439659205699","-3.503358071291912","-3.503358071291912","-3.503358071291912","-2.764707192139395","-2.764707192139395","-2.764707192139395","-2.6441836152076297","-2.6441836152076297","-2.6441836152076297","-2.9648255903310057","-2.9648255903310057","-2.9648255903310057","-2.272070159561623","-2.272070159561623","-2.272070159561623","-3.3603799356023685","-3.3603799356023685","-3.3603799356023685","-2.4664377863983846","-2.4664377863983846","-2.4664377863983846","-2.349620996456184","-2.349620996456184","-2.349620996456184","-2.0976286574804925","-2.0976286574804925","-2.0976286574804925","-2.0295329599313754","-2.0295329599313754","-2.0295329599313754"
"14000","-2.995895310173989","-2.995895310173989","-2.995895310173989","-2.627114049469962","-2.627114049469962","-2.627114049469962","-2.256441145556585","-2.256441145556585","-2.256441145556585","-2.3934590108814","-2.3934590108814","-2.3934590108814","-2.381430259627303","-2.381430259627303","-2.381430259627303","-2.920850677959915","-2.920850677959915","-2.920850677959915","-2.7548870731801265","-2.7548870731801265","-2.7548870731801265","-4.6528532916683805","-4.6528532916683805","-4.6528532916683805","-2.7289482594077996","-2.7289482594077996","-2.7289482594077996","-2.186171496041582","-2.186171496041582","-2.186171496041582","-2.6343146020799844","-2.6343146020799844","-2.6343146020799844","-3.580006979692476","-3.580006979692476","-3.580006979692476","-2.4387875824507237","-2.4387875824507237","-2.4387875824507237","-2.9219335158292443","-2.9219335158292443","-2.9219335158292443","-4.640987859517444","-4.640987859517444","-4.640987859517444","-3.5258252535595","-3.5258252535595","-3.5258252535595","-1.558979792445729","-1.558979792445729","-1.558979792445729","-3.5629388160488906","-3.5629388160488906","-3.5629388160488906","-2.246491941398313","-2.246491941398313","-2.246491941398313","-2.3576345511449297","-2.3576345511449297","-2.3576345511449297"
"14500","-2.537077371156252","-2.537077371156252","-2.537077371156252","-2.8455002122982314","-2.8455002122982314","-2.8455002122982314","-1.788163273532863","-1.788163273532863","-1.788163273532863","-2.793499970233574","-2.793499970233574","-2.793499970233574","-1.9355525869729349","-1.9355525869729349","-1.9355525869729349","-4.586564156496269","-4.586564156496269","-4.586564156496269","-2.3601678827523918","-2.3601678827523918","-2.3601678827523918","-3.940148671982474","-3.940148671982474","-3.940148671982474","-2.9327348233740866","-2.9327348233740866","-2.9327348233740866","-3.5685065608576734","-3.5685065608576734","-3.5685065608576734","-2.8860055336319634","-2.8860055336319634","-2.8860055336319634","-2.385404125833539","-2.385404125833539","-2.385404125833539","-2.2491776499447633","-2.2491776499447633","-2.2491776499447633","-2.4974430806541323","-2.4974430806541323","-2.4974430806541323","-2.8148937140936754","-2.8148937140936754","-2.8148937140936754","-4.18273021340912","-4.18273021340912","-4.18273021340912","-1.9179782421886642","-1.9179782421886642","-1.9179782421886642","-2.6097744436583357","-2.6097744436583357","-2.6097744436583357","-1.9223753949340001","-1.9223753949340001","-1.9223753949340001","-2.365294928430506","-2.365294928430506","-2.365294928430506"
"15000","-2.3117950696468386","-2.3117950696468386","-2.3117950696468386","-2.341304468705649","-2.341304468705649","-2.341304468705649","-3.771682249081407","-3.771682249081407","-3.771682249081407","-3.931934752857548","-3.931934752857548","-3.931934752857548","-2.1374422227202508","-2.1374422227202508","-2.1374422227202508","-4.132758702373829","-4.132758702373829","-4.132758702373829","-1.813093275052374","-1.813093275052374","-1.813093275052374","-3.685755911065713","-3.685755911065713","-3.685755911065713","-2.327445047084864","-2.327445047084864","-2.327445047084864","-1.9820061651493177","-1.9820061651493177","-1.9820061651493177","-3.0949651119393504","-3.0949651119393504","-3.0949651119393504","-2.422419302376812","-2.422419302376812","-2.422419302376812","-2.1015375843240935","-2.1015375843240935","-2.1015375843240935","-4.655943284181476","-4.655943284181476","-4.655943284181476","-3.596622718165043","-3.596622718165043","-3.596622718165043","-2.8573253805349594","-2.8573253805349594","-2.8573253805349594","-1.4897418638957471","-1.4897418638957471","-1.4897418638957471","-1.776394356864391","-1.776394356864391","-1.776394356864391","-2.474906939523188","-2.474906939523188","-2.474906939523188","-2.738542025667902","-2.738542025667902","-2.738542025667902"
"15500","-2.083470598270722","-2.083470598270722","-2.083470598270722","-3.013776995905292","-3.013776995905292","-3.013776995905292","-1.7792157344029724","-1.7792157344029724","-1.7792157344029724","-1.9629825033554185","-1.9629825033554185","-1.9629825033554185","-2.2351663236608346","-2.2351663236608346","-2.2351663236608346","-3.2900811336976346","-3.2900811336976346","-3.2900811336976346","-3.649131537091139","-3.649131537091139","-3.649131537091139","-4.819991919721316","-4.819991919721316","-4.819991919721316","-2.4859061939892664","-2.4859061939892664","-2.4859061939892664","-2.622412290310226","-2.622412290310226","-2.622412290310226","-2.604198252459249","-2.604198252459249","-2.604198252459249","-3.079404711522242","-3.079404711522242","-3.079404711522242","-2.2376549563907893","-2.2376549563907893","-2.2376549563907893","-2.232312094737995","-2.232312094737995","-2.232312094737995","-3.8974606508301592","-3.8974606508301592","-3.8974606508301592","-3.054195926943187","-3.054195926943187","-3.054195926943187","-1.6999007331855789","-1.6999007331855789","-1.6999007331855789","-4.71920113112237","-4.71920113112237","-4.71920113112237","-3.5328149582089585","-3.5328149582089585","-3.5328149582089585","-2.0476835595844443","-2.0476835595844443","-2.0476835595844443"
"16000","-4.257212816848138","-4.257212816848138","-4.257212816848138","-2.0810456190274342","-2.0810456190274342","-2.0810456190274342","-3.4552228090374824","-3.4552228090374824","-3.4552228090374824","-2.6285253327380746","-2.6285253327380746","-2.6285253327380746","-2.3294851686907023","-2.3294851686907023","-2.3294851686907023","-3.4376920427114457","-3.4376920427114457","-3.4376920427114457","-2.063514030869997","-2.063514030869997","-2.063514030869997","-3.0938733593236285","-3.0938733593236285","-3.0938733593236285","-3.9675064638810156","-3.9675064638810156","-3.9675064638810156","-1.9140143398670901","-1.9140143398670901","-1.9140143398670901","-3.247498030862249","-3.247498030862249","-3.247498030862249","-2.3005352949344897","-2.3005352949344897","-2.3005352949344897","-2.846180390544637","-2.846180390544637","-2.846180390544637","-2.7791269223522237","-2.7791269223522237","-2.7791269223522237","-4.469001401875278","-4.469001401875278","-4.469001401875278","-2.2479954147356755","-2.2479954147356755","-2.2479954147356755","-1.4962100417270778","-1.4962100417270778","-1.4962100417270778","-2.4520756669002717","-2.4520756669002717","-2.4520756669002717","-2.516983470494504","-2.516983470494504","-2.516983470494504","-2.422393016465249","-2.422393016465249","-2.422393016465249"
"16500","-4.507877294118947","-4.507877294118947","-4.507877294118947","-2.546372906491802","-2.546372906491802","-2.546372906491802","-1.5428671977638948","-1.5428671977638948","-1.5428671977638948","-1.7224496814212142","-1.7224496814212142","-1.7224496814212142","-1.6224064333412773","-1.6224064333412773","-1.6224064333412773","-5.7847693615720805","-5.7847693615720805","-5.7847693615720805","-1.524601780966889","-1.524601780966889","-1.524601780966889","-4.349333092970664","-4.349333092970664","-4.349333092970664","-1.687148795688378","-1.687148795688378","-1.687148795688378","-3.1726899813691887","-3.1726899813691887","-3.1726899813691887","-3.3275402720848626","-3.3275402720848626","-3.3275402720848626","-2.3449238640426486","-2.3449238640426486","-2.3449238640426486","-2.1647341875854664","-2.1647341875854664","-2.1647341875854664","-3.474547752584899","-3.474547752584899","-3.474547752584899","-2.2363777004881706","-2.2363777004881706","-2.2363777004881706","-3.9945465274292977","-3.9945465274292977","-3.9945465274292977","-1.4960055873470768","-1.4960055873470768","-1.4960055873470768","-3.38852017021744","-3.38852017021744","-3.38852017021744","-2.4842301797010213","-2.4842301797010213","-2.4842301797010213","-3.1344314828515083","-3.1344314828515083","-3.1344314828515083"
"17000","-3.3741538547790264","-3.3741538547790264","-3.3741538547790264","-2.0516981689272935","-2.0516981689272935","-2.0516981689272935","-4.167793019440404","-4.167793019440404","-4.167793019440404","-2.1418945645897156","-2.1418945645897156","-2.1418945645897156","-1.9335724971805412","-1.9335724971805412","-1.9335724971805412","-3.196803004076633","-3.196803004076633","-3.196803004076633","-2.631174666682036","-2.631174666682036","-2.631174666682036","-3.8166793654185804","-3.8166793654185804","-3.8166793654185804","-2.1258808443579724","-2.1258808443579724","-2.1258808443579724","-2.5160245117218745","-2.5160245117218745","-2.5160245117218745","-2.8326417892539224","-2.8326417892539224","-2.8326417892539224","-2.1817889455099344","-2.1817889455099344","-2.1817889455099344","-2.255089936349979","-2.255089936349979","-2.255089936349979","-3.434137493268929","-3.434137493268929","-3.434137493268929","-2.2900395438208307","-2.2900395438208307","-2.2900395438208307","-3.6813105692348755","-3.6813105692348755","-3.6813105692348755","-1.2608666516453018","-1.2608666516453018","-1.2608666516453018","-2.1516886592269997","-2.1516886592269997","-2.1516886592269997","-2.7984029302211675","-2.7984029302211675","-2.7984029302211675","-2.6528995343726236","-2.6528995343726236","-2.6528995343726236"
"17500","-3.8298339149863816","-3.8298339149863816","-3.8298339149863816","-2.0271758984797654","-2.0271758984797654","-2.0271758984797654","-1.5447455630158091","-1.5447455630158091","-1.5447455630158091","-3.182359384644881","-3.182359384644881","-3.182359384644881","-1.6213165809937937","-1.6213165809937937","-1.6213165809937937","-3.772070519174119","-3.772070519174119","-3.772070519174119","-1.6463441031659063","-1.6463441031659063","-1.6463441031659063","-3.5328871102057087","-3.5328871102057087","-3.5328871102057087","-1.9751274361176172","-1.9751274361176172","-1.9751274361176172","-6.037908778816934","-6.037908778816934","-6.037908778816934","-2.927452663573274","-2.927452663573274","-2.927452663573274","-1.8229733995357353","-1.8229733995357353","-1.8229733995357353","-2.1489389539787274","-2.1489389539787274","-2.1489389539787274","-2.834102290938701","-2.834102290938701","-2.834102290938701","-1.9327137261052498","-1.9327137261052498","-1.9327137261052498","-3.357884859190446","-3.357884859190446","-3.357884859190446","-2.426946952636552","-2.426946952636552","-2.426946952636552","-4.48431650883909","-4.48431650883909","-4.48431650883909","-2.3682956382409617","-2.3682956382409617","-2.3682956382409617","-2.6803234158417877","-2.6803234158417877","-2.6803234158417877"
"18000","-3.493674563844447","-3.493674563844447","-3.493674563844447","-3.1280976228390034","-3.1280976228390034","-3.1280976228390034","-3.560595668252985","-3.560595668252985","-3.560595668252985","-2.358440764539844","-2.358440764539844","-2.358440764539844","-1.6671355051853827","-1.6671355051853827","-1.6671355051853827","-6.073998774993383","-6.073998774993383","-6.073998774993383","-1.3885877779867617","-1.3885877779867617","-1.3885877779867617","-3.4901630179494028","-3.4901630179494028","-3.4901630179494028","-2.037390578228595","-2.037390578228595","-2.037390578228595","-1.7701094217713262","-1.7701094217713262","-1.7701094217713262","-4.734864839873317","-4.734864839873317","-4.734864839873317","-2.155736818727539","-2.155736818727539","-2.155736818727539","-1.9846189480028786","-1.9846189480028786","-1.9846189480028786","-2.6260714330885433","-2.6260714330885433","-2.6260714330885433","-2.053043000941596","-2.053043000941596","-2.053043000941596","-3.094585363560748","-3.094585363560748","-3.094585363560748","-1.4352985411048904","-1.4352985411048904","-1.4352985411048904","-2.594897846155768","-2.594897846155768","-2.594897846155768","-2.9014802297241795","-2.9014802297241795","-2.9014802297241795","-4.341645638249817","-4.341645638249817","-4.341645638249817"
"18500","-3.010522792156563","-3.010522792156563","-3.010522792156563","-2.4454664024371144","-2.4454664024371144","-2.4454664024371144","-2.0896389540768965","-2.0896389540768965","-2.0896389540768965","-2.123269192894944","-2.123269192894944","-2.123269192894944","-1.4799444392321246","-1.4799444392321246","-1.4799444392321246","-2.344876955110046","-2.344876955110046","-2.344876955110046","-2.474537769019338","-2.474537769019338","-2.474537769019338","-2.359639828970197","-2.359639828970197","-2.359639828970197","-2.578276791625689","-2.578276791625689","-2.578276791625689","-3.3719951166094217","-3.3719951166094217","-3.3719951166094217","-3.6966099575880116","-3.6966099575880116","-3.6966099575880116","-2.7516688766065704","-2.7516688766065704","-2.7516688766065704","-2.188367405253304","-2.188367405253304","-2.188367405253304","-3.05346542611228","-3.05346542611228","-3.05346542611228","-1.9697099854472913","-1.9697099854472913","-1.9697099854472913","-2.3719869095378563","-2.3719869095378563","-2.3719869095378563","-2.5695481441698473","-2.5695481441698473","-2.5695481441698473","-3.0084778753740005","-3.0084778753740005","-3.0084778753740005","-4.403758389031163","-4.403758389031163","-4.403758389031163","-2.8327286213432776","-2.8327286213432776","-2.8327286213432776"
"19000","-3.6593423321953815","-3.6593423321953815","-3.6593423321953815","-1.360881395765622","-1.360881395765622","-1.360881395765622","-2.3625532169722865","-2.3625532169722865","-2.3625532169722865","-2.02316504142627","-2.02316504142627","-2.02316504142627","-1.5768734760806624","-1.5768734760806624","-1.5768734760806624","-2.4610444812617227","-2.4610444812617227","-2.4610444812617227","-1.480300401120009","-1.480300401120009","-1.480300401120009","-2.9821870046620154","-2.9821870046620154","-2.9821870046620154","-1.6047430850319084","-1.6047430850319084","-1.6047430850319084","-3.516172203786261","-3.516172203786261","-3.516172203786261","-2.407147513393334","-2.407147513393334","-2.407147513393334","-1.8324595138824527","-1.8324595138824527","-1.8324595138824527","-1.4797257597100013","-1.4797257597100013","-1.4797257597100013","-2.6502187366631285","-2.6502187366631285","-2.6502187366631285","-1.4357232791327559","-1.4357232791327559","-1.4357232791327559","-2.7965212754421223","-2.7965212754421223","-2.7965212754421223","-1.4472843822204422","-1.4472843822204422","-1.4472843822204422","-1.8778115252720753","-1.8778115252720753","-1.8778115252720753","-5.112306661559151","-5.112306661559151","-5.112306661559151","-1.9294128655263958","-1.9294128655263958","-1.9294128655263958"
"19500","-2.5170693041449073","-2.5170693041449073","-2.5170693041449073","-2.1364423460040105","-2.1364423460040105","-2.1364423460040105","-2.7238435791933506","-2.7238435791933506","-2.7238435791933506","-2.060548737482395","-2.060548737482395","-2.060548737482395","-1.8078864672306338","-1.8078864672306338","-1.8078864672306338","-2.128172254219325","-2.128172254219325","-2.128172254219325","-1.5810529470231163","-1.5810529470231163","-1.5810529470231163","-2.19043031996625","-2.19043031996625","-2.19043031996625","-1.6510048088455478","-1.6510048088455478","-1.6510048088455478","-2.4373390124156598","-2.4373390124156598","-2.4373390124156598","-2.7097219564021646","-2.7097219564021646","-2.7097219564021646","-2.2856449546594284","-2.2856449546594284","-2.2856449546594284","-1.388774518633803","-1.388774518633803","-1.388774518633803","-4.003796697769312","-4.003796697769312","-4.003796697769312","-2.107648360790864","-2.107648360790864","-2.107648360790864","-2.6111235116578237","-2.6111235116578237","-2.6111235116578237","-1.74660426925231","-1.74660426925231","-1.74660426925231","-1.9842022252698193","-1.9842022252698193","-1.9842022252698193","-2.8049676899351477","-2.8049676899351477","-2.8049676899351477","-3.045672114824512","-3.045672114824512","-3.045672114824512"
"20000","-3.641780006821935","-3.641780006821935","-3.641780006821935","-1.55103892846031","-1.55103892846031","-1.55103892846031","-2.9391177304098397","-2.9391177304098397","-2.9391177304098397","-1.7841038658217372","-1.7841038658217372","-1.7841038658217372","-2.1978717653264424","-2.1978717653264424","-2.1978717653264424","-1.9591269357693004","-1.9591269357693004","-1.9591269357693004","-1.9913506489769588","-1.9913506489769588","-1.9913506489769588","-2.370704700767244","-2.370704700767244","-2.370704700767244","-2.3380379850594","-2.3380379850594","-2.3380379850594","-4.042237378753118","-4.042237378753118","-4.042237378753118","-2.047403388090746","-2.047403388090746","-2.047403388090746","-1.9155998278846915","-1.9155998278846915","-1.9155998278846915","-2.4775069930615525","-2.4775069930615525","-2.4775069930615525","-3.5637953510066636","-3.5637953510066636","-3.5637953510066636","-1.3316835068148498","-1.3316835068148498","-1.3316835068148498","-3.3431681435248075","-3.3431681435248075","-3.3431681435248075","-1.3678644067224146","-1.3678644067224146","-1.3678644067224146","-3.0769072546133143","-3.0769072546133143","-3.0769072546133143","-3.5959008555722605","-3.5959008555722605","-3.5959008555722605","-2.0008534986083313","-2.0008534986083313","-2.0008534986083313"
"20500","-3.4464683455442042","-3.4464683455442042","-3.4464683455442042","-1.790504803230045","-1.790504803230045","-1.790504803230045","-1.5431277178011882","-1.5431277178011882","-1.5431277178011882","-3.414577301539281","-3.414577301539281","-3.414577301539281","-1.2701993117124462","-1.2701993117124462","-1.2701993117124462","-2.2958157830805503","-2.2958157830805503","-2.2958157830805503","-1.1480543213267431","-1.1480543213267431","-1.1480543213267431","-2.463752514116843","-2.463752514116843","-2.463752514116843","-3.305970224376736","-3.305970224376736","-3.305970224376736","-1.495347371624073","-1.495347371624073","-1.495347371624073","-1.735234535702535","-1.735234535702535","-1.735234535702535","-1.4675766061296798","-1.4675766061296798","-1.4675766061296798","-1.5467312079913067","-1.5467312079913067","-1.5467312079913067","-2.6715019222871588","-2.6715019222871588","-2.6715019222871588","-1.5136967788973013","-1.5136967788973013","-1.5136967788973013","-2.3600512314331485","-2.3600512314331485","-2.3600512314331485","-2.457854758101012","-2.457854758101012","-2.457854758101012","-2.553166398798869","-2.553166398798869","-2.553166398798869","-3.466409362549745","-3.466409362549745","-3.466409362549745","-2.5256543927420445","-2.5256543927420445","-2.5256543927420445"
"21000","-2.452225498883206","-2.452225498883206","-2.452225498883206","-1.987653222492351","-1.987653222492351","-1.987653222492351","-2.1138504026932385","-2.1138504026932385","-2.1138504026932385","-1.8058659584018297","-1.8058659584018297","-1.8058659584018297","-1.6298218106995102","-1.6298218106995102","-1.6298218106995102","-2.8755384771504673","-2.8755384771504673","-2.8755384771504673","-1.1976066167716142","-1.1976066167716142","-1.1976066167716142","-2.080793585310756","-2.080793585310756","-2.080793585310756","-2.3732636979052963","-2.3732636979052963","-2.3732636979052963","-2.4281568947671333","-2.4281568947671333","-2.4281568947671333","-1.5513447020783389","-1.5513447020783389","-1.5513447020783389","-1.483274187062936","-1.483274187062936","-1.483274187062936","-2.715470445393379","-2.715470445393379","-2.715470445393379","-2.4435882113565954","-2.4435882113565954","-2.4435882113565954","-2.713148174078638","-2.713148174078638","-2.713148174078638","-2.4802130351757774","-2.4802130351757774","-2.4802130351757774","-1.6014126250496818","-1.6014126250496818","-1.6014126250496818","-1.8426358788274495","-1.8426358788274495","-1.8426358788274495","-3.554198763990693","-3.554198763990693","-3.554198763990693","-2.110547731669122","-2.110547731669122","-2.110547731669122"
"21500","-1.8594226217535585","-1.8594226217535585","-1.8594226217535585","-1.5129652196983692","-1.5129652196983692","-1.5129652196983692","-1.2537021221188707","-1.2537021221188707","-1.2537021221188707","-1.907529061431039","-1.907529061431039","-1.907529061431039","-1.4586469081768392","-1.4586469081768392","-1.4586469081768392","-3.60050082653391","-3.60050082653391","-3.60050082653391","-1.7425150162903371","-1.7425150162903371","-1.7425150162903371","-2.267433754308592","-2.267433754308592","-2.267433754308592","-1.8949267404860652","-1.8949267404860652","-1.8949267404860652","-1.5033988685949835","-1.5033988685949835","-1.5033988685949835","-2.199932546210805","-2.199932546210805","-2.199932546210805","-1.4686158917347618","-1.4686158917347618","-1.4686158917347618","-2.0390838592448093","-2.0390838592448093","-2.0390838592448093","-3.0742773785832673","-3.0742773785832673","-3.0742773785832673","-2.526837307257661","-2.526837307257661","-2.526837307257661","-2.522219483287786","-2.522219483287786","-2.522219483287786","-1.3244082233115912","-1.3244082233115912","-1.3244082233115912","-1.628427857269686","-1.628427857269686","-1.628427857269686","-2.6281897428639898","-2.6281897428639898","-2.6281897428639898","-1.7852432783369523","-1.7852432783369523","-1.7852432783369523"
"22000","-2.67134389349669","-2.67134389349669","-2.67134389349669","-1.7895058022456756","-1.7895058022456756","-1.7895058022456756","-2.0741331126706437","-2.0741331126706437","-2.0741331126706437","-2.2814712865349227","-2.2814712865349227","-2.2814712865349227","-1.6670095942180125","-1.6670095942180125","-1.6670095942180125","-3.4809356648929066","-3.4809356648929066","-3.4809356648929066","-1.2960630222040908","-1.2960630222040908","-1.2960630222040908","-5.294782825341857","-5.294782825341857","-5.294782825341857","-1.467548228158869","-1.467548228158869","-1.467548228158869","-1.8798773746672026","-1.8798773746672026","-1.8798773746672026","-1.7652075143252663","-1.7652075143252663","-1.7652075143252663","-1.6809988602329349","-1.6809988602329349","-1.6809988602329349","-1.3550294228026","-1.3550294228026","-1.3550294228026","-3.720284203140268","-3.720284203140268","-3.720284203140268","-3.5658813292202645","-3.5658813292202645","-3.5658813292202645","-2.794968500940713","-2.794968500940713","-2.794968500940713","-2.184355449715539","-2.184355449715539","-2.184355449715539","-1.76918889003436","-1.76918889003436","-1.76918889003436","-3.1266416743608443","-3.1266416743608443","-3.1266416743608443","-2.1652422767201975","-2.1652422767201975","-2.1652422767201975"
"22500","-3.8329292730655213","-3.8329292730655213","-3.8329292730655213","-1.4403146671317368","-1.4403146671317368","-1.4403146671317368","-1.6312540126213755","-1.6312540126213755","-1.6312540126213755","-2.7374935607600537","-2.7374935607600537","-2.7374935607600537","-1.8470936891288026","-1.8470936891288026","-1.8470936891288026","-2.74584201753752","-2.74584201753752","-2.74584201753752","-1.0928513577997854","-1.0928513577997854","-1.0928513577997854","-2.1383589377200463","-2.1383589377200463","-2.1383589377200463","-1.7317503593059982","-1.7317503593059982","-1.7317503593059982","-2.4066279520744316","-2.4066279520744316","-2.4066279520744316","-2.6902084541193516","-2.6902084541193516","-2.6902084541193516","-1.8294982079333937","-1.8294982079333937","-1.8294982079333937","-1.4391301757054977","-1.4391301757054977","-1.4391301757054977","-4.387503864699355","-4.387503864699355","-4.387503864699355","-1.952059940747614","-1.952059940747614","-1.952059940747614","-1.844323028760602","-1.844323028760602","-1.844323028760602","-1.3638528923149549","-1.3638528923149549","-1.3638528923149549","-2.451302860868667","-2.451302860868667","-2.451302860868667","-4.0803348250947895","-4.0803348250947895","-4.0803348250947895","-2.7967879605800583","-2.7967879605800583","-2.7967879605800583"
"23000","-3.88833972640859","-3.88833972640859","-3.88833972640859","-1.4336401162563128","-1.4336401162563128","-1.4336401162563128","-1.5032026841278667","-1.5032026841278667","-1.5032026841278667","-2.7339279024064753","-2.7339279024064753","-2.7339279024064753","-1.5664399186667988","-1.5664399186667988","-1.5664399186667988","-2.994591067095697","-2.994591067095697","-2.994591067095697","-1.684489857312513","-1.684489857312513","-1.684489857312513","-1.8045634986827757","-1.8045634986827757","-1.8045634986827757","-1.6542368585733036","-1.6542368585733036","-1.6542368585733036","-2.267641470779594","-2.267641470779594","-2.267641470779594","-3.0073657107318565","-3.0073657107318565","-3.0073657107318565","-1.468700725944927","-1.468700725944927","-1.468700725944927","-1.701065192095903","-1.701065192095903","-1.701065192095903","-2.021617579454351","-2.021617579454351","-2.021617579454351","-1.6435607714373959","-1.6435607714373959","-1.6435607714373959","-3.1113855930614256","-3.1113855930614256","-3.1113855930614256","-1.4613459777590012","-1.4613459777590012","-1.4613459777590012","-1.892985033120965","-1.892985033120965","-1.892985033120965","-2.185234355383889","-2.185234355383889","-2.185234355383889","-2.247152878550147","-2.247152878550147","-2.247152878550147"
"23500","-1.3709798909585558","-1.3709798909585558","-1.3709798909585558","-3.129983234130748","-3.129983234130748","-3.129983234130748","-2.508160629166829","-2.508160629166829","-2.508160629166829","-2.2199150675379773","-2.2199150675379773","-2.2199150675379773","-2.8323560908912935","-2.8323560908912935","-2.8323560908912935","-2.8614158427360175","-2.8614158427360175","-2.8614158427360175","-1.104109261536274","-1.104109261536274","-1.104109261536274","-4.218035263469924","-4.218035263469924","-4.218035263469924","-2.010528602353529","-2.010528602353529","-2.010528602353529","-2.218741494275","-2.218741494275","-2.218741494275","-1.9456020300043602","-1.9456020300043602","-1.9456020300043602","-1.348442349256604","-1.348442349256604","-1.348442349256604","-1.8222850990500046","-1.8222850990500046","-1.8222850990500046","-1.7960638869513308","-1.7960638869513308","-1.7960638869513308","-1.9924404815100651","-1.9924404815100651","-1.9924404815100651","-5.247989053839413","-5.247989053839413","-5.247989053839413","-1.473967600394864","-1.473967600394864","-1.473967600394864","-1.8935024811610972","-1.8935024811610972","-1.8935024811610972","-2.7477472705187025","-2.7477472705187025","-2.7477472705187025","-3.4575854507298898","-3.4575854507298898","-3.4575854507298898"
"24000","-1.830045633412676","-1.830045633412676","-1.830045633412676","-1.5442123750923833","-1.5442123750923833","-1.5442123750923833","-1.3087429548875946","-1.3087429548875946","-1.3087429548875946","-1.80409495621191","-1.80409495621191","-1.80409495621191","-1.3412124575015383","-1.3412124575015383","-1.3412124575015383","-3.7779279114123128","-3.7779279114123128","-3.7779279114123128","-1.901465807400578","-1.901465807400578","-1.901465807400578","-2.476005837692972","-2.476005837692972","-2.476005837692972","-1.587465529738683","-1.587465529738683","-1.587465529738683","-2.5217267114979856","-2.5217267114979856","-2.5217267114979856","-1.5870737369646346","-1.5870737369646346","-1.5870737369646346","-1.4320140759523785","-1.4320140759523785","-1.4320140759523785","-1.5461838450939207","-1.5461838450939207","-1.5461838450939207","-2.16662272366056","-2.16662272366056","-2.16662272366056","-2.434948129167443","-2.434948129167443","-2.434948129167443","-2.3868403845812187","-2.3868403845812187","-2.3868403845812187","-1.8749522164175523","-1.8749522164175523","-1.8749522164175523","-2.6546806604362048","-2.6546806604362048","-2.6546806604362048","-4.000471983028145","-4.000471983028145","-4.000471983028145","-2.9165482589946885","-2.9165482589946885","-2.9165482589946885"
"24500","-1.6908044716348","-1.6908044716348","-1.6908044716348","-1.5727337159987402","-1.5727337159987402","-1.5727337159987402","-1.2757036370520138","-1.2757036370520138","-1.2757036370520138","-1.649789113814443","-1.649789113814443","-1.649789113814443","-1.369492472262754","-1.369492472262754","-1.369492472262754","-3.440686316298443","-3.440686316298443","-3.440686316298443","-1.2645682816860626","-1.2645682816860626","-1.2645682816860626","-2.0109269397989413","-2.0109269397989413","-2.0109269397989413","-1.842126920321069","-1.842126920321069","-1.842126920321069","-2.2788094606482217","-2.2788094606482217","-2.2788094606482217","-1.350216322144675","-1.350216322144675","-1.350216322144675","-1.4489842971283848","-1.4489842971283848","-1.4489842971283848","-1.4045551688190632","-1.4045551688190632","-1.4045551688190632","-3.4192792532792637","-3.4192792532792637","-3.4192792532792637","-1.4483356675190047","-1.4483356675190047","-1.4483356675190047","-3.131878311293355","-3.131878311293355","-3.131878311293355","-1.5718366849830097","-1.5718366849830097","-1.5718366849830097","-2.4362476271723112","-2.4362476271723112","-2.4362476271723112","-4.099030054249807","-4.099030054249807","-4.099030054249807","-2.0196329917567697","-2.0196329917567697","-2.0196329917567697"
"25000","-1.8983526888545807","-1.8983526888545807","-1.8983526888545807","-3.225034543364482","-3.225034543364482","-3.225034543364482","-0.9246390997318341","-0.9246390997318341","-0.9246390997318341","-1.7995924520070876","-1.7995924520070876","-1.7995924520070876","-1.8717123439049257","-1.8717123439049257","-1.8717123439049257","-4.359765662511347","-4.359765662511347","-4.359765662511347","-1.2717133719016487","-1.2717133719016487","-1.2717133719016487","-1.7361358532546163","-1.7361358532546163","-1.7361358532546163","-1.7619933555125578","-1.7619933555125578","-1.7619933555125578","-2.1222595948983227","-2.1222595948983227","-2.1222595948983227","-1.2698076915368597","-1.2698076915368597","-1.2698076915368597","-1.475995938948448","-1.475995938948448","-1.475995938948448","-1.5288197313923237","-1.5288197313923237","-1.5288197313923237","-2.737521015584397","-2.737521015584397","-2.737521015584397","-1.794734592738217","-1.794734592738217","-1.794734592738217","-3.534558250601868","-3.534558250601868","-3.534558250601868","-1.439341143628062","-1.439341143628062","-1.439341143628062","-1.9904070189375127","-1.9904070189375127","-1.9904070189375127","-3.3864923303359946","-3.3864923303359946","-3.3864923303359946","-2.3844674494601987","-2.3844674494601987","-2.3844674494601987"
"25500","-1.670270292311881","-1.670270292311881","-1.670270292311881","-1.9396846256729507","-1.9396846256729507","-1.9396846256729507","-1.5146330932841574","-1.5146330932841574","-1.5146330932841574","-3.5289491172082563","-3.5289491172082563","-3.5289491172082563","-1.3287556675887982","-1.3287556675887982","-1.3287556675887982","-2.2993840481482577","-2.2993840481482577","-2.2993840481482577","-1.0100361198086314","-1.0100361198086314","-1.0100361198086314","-2.202871062649374","-2.202871062649374","-2.202871062649374","-2.0235990964312207","-2.0235990964312207","-2.0235990964312207","-2.396809473757582","-2.396809473757582","-2.396809473757582","-1.2787674156916042","-1.2787674156916042","-1.2787674156916042","-1.6891542067797147","-1.6891542067797147","-1.6891542067797147","-1.7777256239625394","-1.7777256239625394","-1.7777256239625394","-1.8251807337208477","-1.8251807337208477","-1.8251807337208477","-1.6418067942934091","-1.6418067942934091","-1.6418067942934091","-2.0688681641445954","-2.0688681641445954","-2.0688681641445954","-1.1912367137653097","-1.1912367137653097","-1.1912367137653097","-2.8178064539315946","-2.8178064539315946","-2.8178064539315946","-3.2460278352136327","-3.2460278352136327","-3.2460278352136327","-2.5858656846186596","-2.5858656846186596","-2.5858656846186596"
"26000","-1.560830236227547","-1.560830236227547","-1.560830236227547","-1.5185852148371006","-1.5185852148371006","-1.5185852148371006","-1.8264344284692942","-1.8264344284692942","-1.8264344284692942","-1.5156862472854478","-1.5156862472854478","-1.5156862472854478","-1.8260488998386861","-1.8260488998386861","-1.8260488998386861","-3.7707597761152494","-3.7707597761152494","-3.7707597761152494","-1.1592549406603836","-1.1592549406603836","-1.1592549406603836","-2.3308003689192573","-2.3308003689192573","-2.3308003689192573","-2.3252367903909223","-2.3252367903909223","-2.3252367903909223","-1.5925002431962447","-1.5925002431962447","-1.5925002431962447","-1.9753357897506063","-1.9753357897506063","-1.9753357897506063","-2.0493931095720184","-2.0493931095720184","-2.0493931095720184","-1.1655505245759081","-1.1655505245759081","-1.1655505245759081","-2.2216507317872805","-2.2216507317872805","-2.2216507317872805","-1.6767138591228457","-1.6767138591228457","-1.6767138591228457","-2.3833648717521467","-2.3833648717521467","-2.3833648717521467","-1.4459352672640944","-1.4459352672640944","-1.4459352672640944","-2.232906908314142","-2.232906908314142","-2.232906908314142","-3.1927471939526058","-3.1927471939526058","-3.1927471939526058","-2.849203843651266","-2.849203843651266","-2.849203843651266"
"26500","-2.294701340709151","-2.294701340709151","-2.294701340709151","-2.060961603349828","-2.060961603349828","-2.060961603349828","-1.426798925133925","-1.426798925133925","-1.426798925133925","-1.2773531979726196","-1.2773531979726196","-1.2773531979726196","-1.6612167194005754","-1.6612167194005754","-1.6612167194005754","-4.261367974320847","-4.261367974320847","-4.261367974320847","-1.0951532600444502","-1.0951532600444502","-1.0951532600444502","-2.0425065780568077","-2.0425065780568077","-2.0425065780568077","-2.8371226618061614","-2.8371226618061614","-2.8371226618061614","-1.3928112321855153","-1.3928112321855153","-1.3928112321855153","-1.7447524310063733","-1.7447524310063733","-1.7447524310063733","-1.6870014574714964","-1.6870014574714964","-1.6870014574714964","-1.2698116017869359","-1.2698116017869359","-1.2698116017869359","-2.08860922785959","-2.08860922785959","-2.08860922785959","-1.5132186743482225","-1.5132186743482225","-1.5132186743482225","-3.1161794307498347","-3.1161794307498347","-3.1161794307498347","-1.1700936139696794","-1.1700936139696794","-1.1700936139696794","-2.46709682081213","-2.46709682081213","-2.46709682081213","-2.697890968855774","-2.697890968855774","-2.697890968855774","-2.3545955647006243","-2.3545955647006243","-2.3545955647006243"
"27000","-1.897463592605576","-1.897463592605576","-1.897463592605576","-1.2588970345148116","-1.2588970345148116","-1.2588970345148116","-1.3397388448676182","-1.3397388448676182","-1.3397388448676182","-1.4304266360664948","-1.4304266360664948","-1.4304266360664948","-1.4797028237430176","-1.4797028237430176","-1.4797028237430176","-2.6414180345861284","-2.6414180345861284","-2.6414180345861284","-1.3469125176243968","-1.3469125176243968","-1.3469125176243968","-1.4672911735207932","-1.4672911735207932","-1.4672911735207932","-2.617432970767009","-2.617432970767009","-2.617432970767009","-1.674466889511211","-1.674466889511211","-1.674466889511211","-1.5979569427100686","-1.5979569427100686","-1.5979569427100686","-1.5309932746467714","-1.5309932746467714","-1.5309932746467714","-1.2393653817099004","-1.2393653817099004","-1.2393653817099004","-1.6268618309890759","-1.6268618309890759","-1.6268618309890759","-1.7598110852575934","-1.7598110852575934","-1.7598110852575934","-3.416725939292685","-3.416725939292685","-3.416725939292685","-0.9940930844798718","-0.9940930844798718","-0.9940930844798718","-1.693949230846752","-1.693949230846752","-1.693949230846752","-3.4813397391052563","-3.4813397391052563","-3.4813397391052563","-3.7072595263841075","-3.7072595263841075","-3.7072595263841075"
"27500","-1.426353300786117","-1.426353300786117","-1.426353300786117","-2.4909893088098114","-2.4909893088098114","-2.4909893088098114","-1.5511100831324423","-1.5511100831324423","-1.5511100831324423","-1.1319975182529487","-1.1319975182529487","-1.1319975182529487","-1.354171138880448","-1.354171138880448","-1.354171138880448","-3.0373001423494776","-3.0373001423494776","-3.0373001423494776","-1.4715840521285353","-1.4715840521285353","-1.4715840521285353","-2.6145298115966447","-2.6145298115966447","-2.6145298115966447","-2.743039606507872","-2.743039606507872","-2.743039606507872","-1.598735827163129","-1.598735827163129","-1.598735827163129","-1.3759492002131217","-1.3759492002131217","-1.3759492002131217","-1.679759270346794","-1.679759270346794","-1.679759270346794","-1.1133729325402353","-1.1133729325402353","-1.1133729325402353","-2.052773227252356","-2.052773227252356","-2.052773227252356","-1.412461154812254","-1.412461154812254","-1.412461154812254","-2.374699647096231","-2.374699647096231","-2.374699647096231","-1.3781430725507045","-1.3781430725507045","-1.3781430725507045","-2.26019870463667","-2.26019870463667","-2.26019870463667","-2.6641596062347856","-2.6641596062347856","-2.6641596062347856","-2.8915229481315974","-2.8915229481315974","-2.8915229481315974"
"28000","-1.8606958371203148","-1.8606958371203148","-1.8606958371203148","-1.2275320248567425","-1.2275320248567425","-1.2275320248567425","-1.0212346093268263","-1.0212346093268263","-1.0212346093268263","-1.210305297383993","-1.210305297383993","-1.210305297383993","-1.1691300356987095","-1.1691300356987095","-1.1691300356987095","-2.328664387826316","-2.328664387826316","-2.328664387826316","-1.548660138614403","-1.548660138614403","-1.548660138614403","-1.7548876762063799","-1.7548876762063799","-1.7548876762063799","-2.1101747722161432","-2.1101747722161432","-2.1101747722161432","-1.4643742571469969","-1.4643742571469969","-1.4643742571469969","-2.336842887458847","-2.336842887458847","-2.336842887458847","-1.5103135429098482","-1.5103135429098482","-1.5103135429098482","-1.3648954190907827","-1.3648954190907827","-1.3648954190907827","-2.0115940121601534","-2.0115940121601534","-2.0115940121601534","-1.5310973725205685","-1.5310973725205685","-1.5310973725205685","-3.7532719897563958","-3.7532719897563958","-3.7532719897563958","-1.1238010360745294","-1.1238010360745294","-1.1238010360745294","-1.6057650604902078","-1.6057650604902078","-1.6057650604902078","-2.005725909840779","-2.005725909840779","-2.005725909840779","-4.003629678829298","-4.003629678829298","-4.003629678829298"
"28500","-3.2631118783691826","-3.2631118783691826","-3.2631118783691826","-1.7441797355177708","-1.7441797355177708","-1.7441797355177708","-1.1640019561769501","-1.1640019561769501","-1.1640019561769501","-1.245163289222963","-1.245163289222963","-1.245163289222963","-1.2392364619932141","-1.2392364619932141","-1.2392364619932141","-2.490063372372904","-2.490063372372904","-2.490063372372904","-1.1025652010339404","-1.1025652010339404","-1.1025652010339404","-2.7106963783353275","-2.7106963783353275","-2.7106963783353275","-1.972030990707136","-1.972030990707136","-1.972030990707136","-1.9973410008647174","-1.9973410008647174","-1.9973410008647174","-1.5300241859141586","-1.5300241859141586","-1.5300241859141586","-1.3064165389322144","-1.3064165389322144","-1.3064165389322144","-1.329641442615019","-1.329641442615019","-1.329641442615019","-1.7561612323675244","-1.7561612323675244","-1.7561612323675244","-1.4741331867442107","-1.4741331867442107","-1.4741331867442107","-2.4144566163957957","-2.4144566163957957","-2.4144566163957957","-0.9198414263114774","-0.9198414263114774","-0.9198414263114774","-1.5162168918376324","-1.5162168918376324","-1.5162168918376324","-2.177466802207717","-2.177466802207717","-2.177466802207717","-2.62678116662696","-2.62678116662696","-2.62678116662696"
"29000","-2.0605959487224617","-2.0605959487224617","-2.0605959487224617","-1.6898146454528795","-1.6898146454528795","-1.6898146454528795","-1.0529137978393541","-1.0529137978393541","-1.0529137978393541","-1.3449123734475448","-1.3449123734475448","-1.3449123734475448","-1.2643765457751128","-1.2643765457751128","-1.2643765457751128","-2.684672398723462","-2.684672398723462","-2.684672398723462","-2.346928569946837","-2.346928569946837","-2.346928569946837","-2.2866095937594197","-2.2866095937594197","-2.2866095937594197","-1.3459423627426776","-1.3459423627426776","-1.3459423627426776","-1.1613218780092","-1.1613218780092","-1.1613218780092","-1.7821141362299664","-1.7821141362299664","-1.7821141362299664","-1.431753225157069","-1.431753225157069","-1.431753225157069","-1.6386178515664849","-1.6386178515664849","-1.6386178515664849","-2.2684646973738496","-2.2684646973738496","-2.2684646973738496","-1.4310296618116891","-1.4310296618116891","-1.4310296618116891","-2.3088349956565763","-2.3088349956565763","-2.3088349956565763","-1.0710089611966036","-1.0710089611966036","-1.0710089611966036","-1.7254584169297598","-1.7254584169297598","-1.7254584169297598","-1.5319438721347218","-1.5319438721347218","-1.5319438721347218","-2.2413392074192053","-2.2413392074192053","-2.2413392074192053"
"29500","-1.0944422226798807","-1.0944422226798807","-1.0944422226798807","-1.8259182218665644","-1.8259182218665644","-1.8259182218665644","-1.5143082771966456","-1.5143082771966456","-1.5143082771966456","-1.7029375091295875","-1.7029375091295875","-1.7029375091295875","-1.1276374746221798","-1.1276374746221798","-1.1276374746221798","-2.21026343931791","-2.21026343931791","-2.21026343931791","-1.3247851813293634","-1.3247851813293634","-1.3247851813293634","-1.5949868025584801","-1.5949868025584801","-1.5949868025584801","-2.0919099944595834","-2.0919099944595834","-2.0919099944595834","-1.4648683339781956","-1.4648683339781956","-1.4648683339781956","-1.614464089177936","-1.614464089177936","-1.614464089177936","-1.2346900631452846","-1.2346900631452846","-1.2346900631452846","-1.1215396826043","-1.1215396826043","-1.1215396826043","-1.5966985254112565","-1.5966985254112565","-1.5966985254112565","-1.5899368543282677","-1.5899368543282677","-1.5899368543282677","-2.401852068107836","-2.401852068107836","-2.401852068107836","-0.9733055283376227","-0.9733055283376227","-0.9733055283376227","-1.5643759734260256","-1.5643759734260256","-1.5643759734260256","-1.9501225260698998","-1.9501225260698998","-1.9501225260698998","-1.8877017888339762","-1.8877017888339762","-1.8877017888339762"
"30000","-1.6586373761723263","-1.6586373761723263","-1.6586373761723263","-1.5273194720249443","-1.5273194720249443","-1.5273194720249443","-1.1550491628563364","-1.1550491628563364","-1.1550491628563364","-1.3469376666766903","-1.3469376666766903","-1.3469376666766903","-1.8983227747699913","-1.8983227747699913","-1.8983227747699913","-1.9743274259559445","-1.9743274259559445","-1.9743274259559445","-1.3091262100555254","-1.3091262100555254","-1.3091262100555254","-1.5955642582480811","-1.5955642582480811","-1.5955642582480811","-1.2465299565667416","-1.2465299565667416","-1.2465299565667416","-2.360783424850319","-2.360783424850319","-2.360783424850319","-1.478662459728603","-1.478662459728603","-1.478662459728603","-1.3884166967436413","-1.3884166967436413","-1.3884166967436413","-1.1973279277353197","-1.1973279277353197","-1.1973279277353197","-1.3176813556722224","-1.3176813556722224","-1.3176813556722224","-1.3007010482062367","-1.3007010482062367","-1.3007010482062367","-2.305233819382979","-2.305233819382979","-2.305233819382979","-1.1930176098796637","-1.1930176098796637","-1.1930176098796637","-1.9427738675119641","-1.9427738675119641","-1.9427738675119641","-1.9395508665330716","-1.9395508665330716","-1.9395508665330716","-1.6037847032338568","-1.6037847032338568","-1.6037847032338568"
"30500","-1.2999135688276229","-1.2999135688276229","-1.2999135688276229","-1.4314769589604441","-1.4314769589604441","-1.4314769589604441","-0.9567174389046322","-0.9567174389046322","-0.9567174389046322","-1.2796846080973936","-1.2796846080973936","-1.2796846080973936","-1.036648281307564","-1.036648281307564","-1.036648281307564","-2.6376018270076687","-2.6376018270076687","-2.6376018270076687","-1.344216439351727","-1.344216439351727","-1.344216439351727","-1.9034959691939086","-1.9034959691939086","-1.9034959691939086","-2.027687901230128","-2.027687901230128","-2.027687901230128","-1.5035748413620282","-1.5035748413620282","-1.5035748413620282","-2.101333863264488","-2.101333863264488","-2.101333863264488","-1.329132858300599","-1.329132858300599","-1.329132858300599","-0.9125226955799917","-0.9125226955799917","-0.9125226955799917","-1.6550442250699642","-1.6550442250699642","-1.6550442250699642","-1.603859464863953","-1.603859464863953","-1.603859464863953","-1.9314605850185724","-1.9314605850185724","-1.9314605850185724","-1.0584411674485796","-1.0584411674485796","-1.0584411674485796","-1.6160299423596345","-1.6160299423596345","-1.6160299423596345","-2.368890752076438","-2.368890752076438","-2.368890752076438","-1.905387870151909","-1.905387870151909","-1.905387870151909"
"31000","-1.517837303769298","-1.517837303769298","-1.517837303769298","-1.6177335634619936","-1.6177335634619936","-1.6177335634619936","-0.9146715434654915","-0.9146715434654915","-0.9146715434654915","-1.4600677665660933","-1.4600677665660933","-1.4600677665660933","-1.378523713492453","-1.378523713492453","-1.378523713492453","-2.3724375446022763","-2.3724375446022763","-2.3724375446022763","-1.2603996422405817","-1.2603996422405817","-1.2603996422405817","-1.4335340695859002","-1.4335340695859002","-1.4335340695859002","-1.7615815342731207","-1.7615815342731207","-1.7615815342731207","-1.6705703982863116","-1.6705703982863116","-1.6705703982863116","-1.7544937950149613","-1.7544937950149613","-1.7544937950149613","-2.4419078665570795","-2.4419078665570795","-2.4419078665570795","-1.3237069724008743","-1.3237069724008743","-1.3237069724008743","-2.1465218353978894","-2.1465218353978894","-2.1465218353978894","-2.382453355107695","-2.382453355107695","-2.382453355107695","-1.7515528262754896","-1.7515528262754896","-1.7515528262754896","-0.8371104891273742","-0.8371104891273742","-0.8371104891273742","-1.8826424489266373","-1.8826424489266373","-1.8826424489266373","-1.9361847135717583","-1.9361847135717583","-1.9361847135717583","-1.8235436381477768","-1.8235436381477768","-1.8235436381477768"
"31500","-1.0846501401894677","-1.0846501401894677","-1.0846501401894677","-1.4511201393583189","-1.4511201393583189","-1.4511201393583189","-1.0206957849844898","-1.0206957849844898","-1.0206957849844898","-1.298590675108962","-1.298590675108962","-1.298590675108962","-1.399966758792111","-1.399966758792111","-1.399966758792111","-1.8483795540440053","-1.8483795540440053","-1.8483795540440053","-1.2385397468157273","-1.2385397468157273","-1.2385397468157273","-1.3610119774232998","-1.3610119774232998","-1.3610119774232998","-1.4518981897509842","-1.4518981897509842","-1.4518981897509842","-1.9799449614241802","-1.9799449614241802","-1.9799449614241802","-1.468752640552147","-1.468752640552147","-1.468752640552147","-1.5144030779290591","-1.5144030779290591","-1.5144030779290591","-1.8667880092182514","-1.8667880092182514","-1.8667880092182514","-2.3371164823367274","-2.3371164823367274","-2.3371164823367274","-1.336354794529174","-1.336354794529174","-1.336354794529174","-2.0066618538605363","-2.0066618538605363","-2.0066618538605363","-1.187312487493649","-1.187312487493649","-1.187312487493649","-1.621686597536422","-1.621686597536422","-1.621686597536422","-2.023113329855499","-2.023113329855499","-2.023113329855499","-2.044095943750981","-2.044095943750981","-2.044095943750981"
"32000","-1.4736460288923356","-1.4736460288923356","-1.4736460288923356","-1.618045755953797","-1.618045755953797","-1.618045755953797","-1.5354167576723081","-1.5354167576723081","-1.5354167576723081","-1.24704009251011","-1.24704009251011","-1.24704009251011","-0.8946024826324732","-0.8946024826324732","-0.8946024826324732","-2.4669431623971674","-2.4669431623971674","-2.4669431623971674","-1.440502480176642","-1.440502480176642","-1.440502480176642","-1.4436586588924758","-1.4436586588924758","-1.4436586588924758","-1.2814507925334244","-1.2814507925334244","-1.2814507925334244","-1.5070694612718616","-1.5070694612718616","-1.5070694612718616","-1.787577422740322","-1.787577422740322","-1.787577422740322","-1.4118625962880604","-1.4118625962880604","-1.4118625962880604","-1.4654989023605594","-1.4654989023605594","-1.4654989023605594","-2.364964308955217","-2.364964308955217","-2.364964308955217","-1.2937718955034723","-1.2937718955034723","-1.2937718955034723","-1.8295394153584272","-1.8295394153584272","-1.8295394153584272","-1.1778626894186817","-1.1778626894186817","-1.1778626894186817","-1.843436992542341","-1.843436992542341","-1.843436992542341","-2.1333542885411907","-2.1333542885411907","-2.1333542885411907","-1.5321414071758546","-1.5321414071758546","-1.5321414071758546"
"32500","-1.274149556164892","-1.274149556164892","-1.274149556164892","-1.6434686961744736","-1.6434686961744736","-1.6434686961744736","-1.2838473102193895","-1.2838473102193895","-1.2838473102193895","-1.2428064022911172","-1.2428064022911172","-1.2428064022911172","-1.325284058771191","-1.325284058771191","-1.325284058771191","-1.6678366061499257","-1.6678366061499257","-1.6678366061499257","-1.263076027343321","-1.263076027343321","-1.263076027343321","-1.4380020235102418","-1.4380020235102418","-1.4380020235102418","-1.3213642308990832","-1.3213642308990832","-1.3213642308990832","-1.451805519759385","-1.451805519759385","-1.451805519759385","-2.3605190723443727","-2.3605190723443727","-2.3605190723443727","-1.310222918346517","-1.310222918346517","-1.310222918346517","-0.8849331676047554","-0.8849331676047554","-0.8849331676047554","-1.5302861353330983","-1.5302861353330983","-1.5302861353330983","-1.2024047021245043","-1.2024047021245043","-1.2024047021245043","-2.047521641693023","-2.047521641693023","-2.047521641693023","-1.0926305031560288","-1.0926305031560288","-1.0926305031560288","-1.9710145028191683","-1.9710145028191683","-1.9710145028191683","-1.4584526490047431","-1.4584526490047431","-1.4584526490047431","-1.8661818635955243","-1.8661818635955243","-1.8661818635955243"
"33000","-1.0400486951160253","-1.0400486951160253","-1.0400486951160253","-1.3029178896912368","-1.3029178896912368","-1.3029178896912368","-1.5609695653655193","-1.5609695653655193","-1.5609695653655193","-1.4004879823996597","-1.4004879823996597","-1.4004879823996597","-1.1593933484538865","-1.1593933484538865","-1.1593933484538865","-2.6227041555392367","-2.6227041555392367","-2.6227041555392367","-1.374324786687158","-1.374324786687158","-1.374324786687158","-1.1793942693445394","-1.1793942693445394","-1.1793942693445394","-1.290605203046494","-1.290605203046494","-1.290605203046494","-2.0526053041068275","-2.0526053041068275","-2.0526053041068275","-1.8328904412410112","-1.8328904412410112","-1.8328904412410112","-1.615648382181296","-1.615648382181296","-1.615648382181296","-0.9464315584763889","-0.9464315584763889","-0.9464315584763889","-1.8877344000472718","-1.8877344000472718","-1.8877344000472718","-0.9702257863875822","-0.9702257863875822","-0.9702257863875822","-1.7809399521939042","-1.7809399521939042","-1.7809399521939042","-0.9963224362738448","-0.9963224362738448","-0.9963224362738448","-1.3810239872598937","-1.3810239872598937","-1.3810239872598937","-1.4935469989587324","-1.4935469989587324","-1.4935469989587324","-1.6357010948259745","-1.6357010948259745","-1.6357010948259745"
"33500","-1.4693981414277633","-1.4693981414277633","-1.4693981414277633","-1.1298461110493558","-1.1298461110493558","-1.1298461110493558","-1.3486445186314773","-1.3486445186314773","-1.3486445186314773","-1.5635085940561264","-1.5635085940561264","-1.5635085940561264","-1.1436190172058134","-1.1436190172058134","-1.1436190172058134","-2.210103735890416","-2.210103735890416","-2.210103735890416","-1.4718586614080102","-1.4718586614080102","-1.4718586614080102","-1.3943581585033011","-1.3943581585033011","-1.3943581585033011","-1.021122230917541","-1.021122230917541","-1.021122230917541","-1.3596951168286944","-1.3596951168286944","-1.3596951168286944","-1.5820704219669814","-1.5820704219669814","-1.5820704219669814","-1.6311545912398373","-1.6311545912398373","-1.6311545912398373","-0.9113642399312291","-0.9113642399312291","-0.9113642399312291","-1.787664874167422","-1.787664874167422","-1.787664874167422","-1.1953531765404495","-1.1953531765404495","-1.1953531765404495","-1.458939854818452","-1.458939854818452","-1.458939854818452","-1.1247398441318908","-1.1247398441318908","-1.1247398441318908","-1.26768718460576","-1.26768718460576","-1.26768718460576","-1.521451848846594","-1.521451848846594","-1.521451848846594","-1.5647871549619785","-1.5647871549619785","-1.5647871549619785"
"34000","-1.4450489096336683","-1.4450489096336683","-1.4450489096336683","-1.140486346578676","-1.140486346578676","-1.140486346578676","-1.380827175314278","-1.380827175314278","-1.380827175314278","-1.301540083235231","-1.301540083235231","-1.301540083235231","-0.9255994037708944","-0.9255994037708944","-0.9255994037708944","-2.3384287089511897","-2.3384287089511897","-2.3384287089511897","-1.1772514115105","-1.1772514115105","-1.1772514115105","-1.5754970729873996","-1.5754970729873996","-1.5754970729873996","-1.0911193258135832","-1.0911193258135832","-1.0911193258135832","-1.3612396608468362","-1.3612396608468362","-1.3612396608468362","-1.8210523797324574","-1.8210523797324574","-1.8210523797324574","-1.3399118627555353","-1.3399118627555353","-1.3399118627555353","-0.9917060466930099","-0.9917060466930099","-0.9917060466930099","-1.8063378182659573","-1.8063378182659573","-1.8063378182659573","-1.0273017074408748","-1.0273017074408748","-1.0273017074408748","-1.7727600047107637","-1.7727600047107637","-1.7727600047107637","-0.9716384939566662","-0.9716384939566662","-0.9716384939566662","-2.7726310114798904","-2.7726310114798904","-2.7726310114798904","-1.7563593714174524","-1.7563593714174524","-1.7563593714174524","-1.5171764113963893","-1.5171764113963893","-1.5171764113963893"
"34500","-1.5416634832152822","-1.5416634832152822","-1.5416634832152822","-1.4105180321822206","-1.4105180321822206","-1.4105180321822206","-1.284749696751214","-1.284749696751214","-1.284749696751214","-1.5916975887195748","-1.5916975887195748","-1.5916975887195748","-0.9332308385389613","-0.9332308385389613","-0.9332308385389613","-2.0358745394810454","-2.0358745394810454","-2.0358745394810454","-1.4761073357595174","-1.4761073357595174","-1.4761073357595174","-1.452891449767109","-1.452891449767109","-1.452891449767109","-1.1398396477680597","-1.1398396477680597","-1.1398396477680597","-1.5668327787472336","-1.5668327787472336","-1.5668327787472336","-1.404293907926274","-1.404293907926274","-1.404293907926274","-1.797227471983663","-1.797227471983663","-1.797227471983663","-1.1599279322666536","-1.1599279322666536","-1.1599279322666536","-1.6506041469151298","-1.6506041469151298","-1.6506041469151298","-1.0568241555140259","-1.0568241555140259","-1.0568241555140259","-1.595180412811771","-1.595180412811771","-1.595180412811771","-1.0181042385867218","-1.0181042385867218","-1.0181042385867218","-1.0477179532692649","-1.0477179532692649","-1.0477179532692649","-1.4636395197931713","-1.4636395197931713","-1.4636395197931713","-1.4777813860204514","-1.4777813860204514","-1.4777813860204514"
"35000","-1.4025069286601197","-1.4025069286601197","-1.4025069286601197","-1.657850251274065","-1.657850251274065","-1.657850251274065","-1.2466421835355395","-1.2466421835355395","-1.2466421835355395","-1.3218559321593777","-1.3218559321593777","-1.3218559321593777","-1.3141293798087588","-1.3141293798087588","-1.3141293798087588","-2.263526804495704","-2.263526804495704","-2.263526804495704","-1.2072821912714626","-1.2072821912714626","-1.2072821912714626","-1.164874229958135","-1.164874229958135","-1.164874229958135","-1.139996621360537","-1.139996621360537","-1.139996621360537","-1.4836255515357002","-1.4836255515357002","-1.4836255515357002","-1.6111324554480704","-1.6111324554480704","-1.6111324554480704","-1.642098888471858","-1.642098888471858","-1.642098888471858","-0.8177562697416644","-0.8177562697416644","-0.8177562697416644","-1.4898181061941203","-1.4898181061941203","-1.4898181061941203","-1.4829852531967131","-1.4829852531967131","-1.4829852531967131","-1.80733682467956","-1.80733682467956","-1.80733682467956","-1.0548393796866258","-1.0548393796866258","-1.0548393796866258","-1.9274075850633676","-1.9274075850633676","-1.9274075850633676","-1.69669418597404","-1.69669418597404","-1.69669418597404","-1.592509504579748","-1.592509504579748","-1.592509504579748"
"35500","-1.2449356332191652","-1.2449356332191652","-1.2449356332191652","-1.3405147349662423","-1.3405147349662423","-1.3405147349662423","-1.3115686101465343","-1.3115686101465343","-1.3115686101465343","-1.3495488240896238","-1.3495488240896238","-1.3495488240896238","-1.0317687222873972","-1.0317687222873972","-1.0317687222873972","-2.420158279260745","-2.420158279260745","-2.420158279260745","-1.2455634877212354","-1.2455634877212354","-1.2455634877212354","-1.2270511611847492","-1.2270511611847492","-1.2270511611847492","-1.3307749119329757","-1.3307749119329757","-1.3307749119329757","-1.6252208892203814","-1.6252208892203814","-1.6252208892203814","-1.7312069170778457","-1.7312069170778457","-1.7312069170778457","-1.5570857206394946","-1.5570857206394946","-1.5570857206394946","-1.0075910149754292","-1.0075910149754292","-1.0075910149754292","-1.319268451176749","-1.319268451176749","-1.319268451176749","-1.437439077088905","-1.437439077088905","-1.437439077088905","-1.7371944958504393","-1.7371944958504393","-1.7371944958504393","-1.3178003572098311","-1.3178003572098311","-1.3178003572098311","-1.3918496605279371","-1.3918496605279371","-1.3918496605279371","-1.9076726831810364","-1.9076726831810364","-1.9076726831810364","-1.491034090819808","-1.491034090819808","-1.491034090819808"
"36000","-1.1159819064038898","-1.1159819064038898","-1.1159819064038898","-1.818912093158359","-1.818912093158359","-1.818912093158359","-1.208613367850507","-1.208613367850507","-1.208613367850507","-1.2246993378978839","-1.2246993378978839","-1.2246993378978839","-1.7719411096541478","-1.7719411096541478","-1.7719411096541478","-1.974775837438172","-1.974775837438172","-1.974775837438172","-1.4924534054883227","-1.4924534054883227","-1.4924534054883227","-1.3283959933155904","-1.3283959933155904","-1.3283959933155904","-1.151474544099845","-1.151474544099845","-1.151474544099845","-1.246695387531314","-1.246695387531314","-1.246695387531314","-1.7062453612681463","-1.7062453612681463","-1.7062453612681463","-1.3584382869337297","-1.3584382869337297","-1.3584382869337297","-1.0199861938630084","-1.0199861938630084","-1.0199861938630084","-1.4399657732027755","-1.4399657732027755","-1.4399657732027755","-1.319383743535068","-1.319383743535068","-1.319383743535068","-1.8596732091872965","-1.8596732091872965","-1.8596732091872965","-1.2024737758562414","-1.2024737758562414","-1.2024737758562414","-1.2684330512562558","-1.2684330512562558","-1.2684330512562558","-1.9453163742883217","-1.9453163742883217","-1.9453163742883217","-1.3142772331849737","-1.3142772331849737","-1.3142772331849737"
"36500","-1.3676550384828856","-1.3676550384828856","-1.3676550384828856","-1.4113550139717468","-1.4113550139717468","-1.4113550139717468","-1.0099410351892995","-1.0099410351892995","-1.0099410351892995","-1.2285540739026952","-1.2285540739026952","-1.2285540739026952","-1.1434604199732032","-1.1434604199732032","-1.1434604199732032","-2.268303507237319","-2.268303507237319","-2.268303507237319","-1.251507275763808","-1.251507275763808","-1.251507275763808","-1.3858063619878025","-1.3858063619878025","-1.3858063619878025","-1.2250264868774778","-1.2250264868774778","-1.2250264868774778","-1.3208495481669438","-1.3208495481669438","-1.3208495481669438","-1.4185684519811483","-1.4185684519811483","-1.4185684519811483","-1.561445831901291","-1.561445831901291","-1.561445831901291","-0.9194603713083257","-0.9194603713083257","-0.9194603713083257","-1.2812387972104644","-1.2812387972104644","-1.2812387972104644","-1.3912245144708062","-1.3912245144708062","-1.3912245144708062","-1.4861925171384653","-1.4861925171384653","-1.4861925171384653","-1.0070643579060736","-1.0070643579060736","-1.0070643579060736","-1.2552252009882297","-1.2552252009882297","-1.2552252009882297","-1.8949655418095408","-1.8949655418095408","-1.8949655418095408","-1.3891283294341847","-1.3891283294341847","-1.3891283294341847"
"37000","-1.8460633496600374","-1.8460633496600374","-1.8460633496600374","-1.3416872511990683","-1.3416872511990683","-1.3416872511990683","-1.0870020446993645","-1.0870020446993645","-1.0870020446993645","-1.140253694163012","-1.140253694163012","-1.140253694163012","-1.1167792117239939","-1.1167792117239939","-1.1167792117239939","-2.1264010232852333","-2.1264010232852333","-2.1264010232852333","-1.2364027564895612","-1.2364027564895612","-1.2364027564895612","-1.2205583509295332","-1.2205583509295332","-1.2205583509295332","-1.176367845384577","-1.176367845384577","-1.176367845384577","-1.446357796683706","-1.446357796683706","-1.446357796683706","-1.3698016882811093","-1.3698016882811093","-1.3698016882811093","-1.7210099894048647","-1.7210099894048647","-1.7210099894048647","-1.6117281941159525","-1.6117281941159525","-1.6117281941159525","-1.2553427127809584","-1.2553427127809584","-1.2553427127809584","-1.0930439527494016","-1.0930439527494016","-1.0930439527494016","-2.3202614447129664","-2.3202614447129664","-2.3202614447129664","-1.0461090848188346","-1.0461090848188346","-1.0461090848188346","-1.2864282112864018","-1.2864282112864018","-1.2864282112864018","-1.8339373468723075","-1.8339373468723075","-1.8339373468723075","-1.675276267477356","-1.675276267477356","-1.675276267477356"
"37500","-1.0530478466969266","-1.0530478466969266","-1.0530478466969266","-1.4053370578295936","-1.4053370578295936","-1.4053370578295936","-1.1052832409561013","-1.1052832409561013","-1.1052832409561013","-1.1891524470931694","-1.1891524470931694","-1.1891524470931694","-0.8442549823527046","-0.8442549823527046","-0.8442549823527046","-2.2274714724686175","-2.2274714724686175","-2.2274714724686175","-0.9357009783853449","-0.9357009783853449","-0.9357009783853449","-1.1712151933171728","-1.1712151933171728","-1.1712151933171728","-1.0264491547203574","-1.0264491547203574","-1.0264491547203574","-1.5967615065869711","-1.5967615065869711","-1.5967615065869711","-1.438229365953734","-1.438229365953734","-1.438229365953734","-1.366457100321719","-1.366457100321719","-1.366457100321719","-1.0117562168263423","-1.0117562168263423","-1.0117562168263423","-1.660349423293131","-1.660349423293131","-1.660349423293131","-1.0933899949909245","-1.0933899949909245","-1.0933899949909245","-1.632768380041849","-1.632768380041849","-1.632768380041849","-1.2110808354136209","-1.2110808354136209","-1.2110808354136209","-1.5105099551720451","-1.5105099551720451","-1.5105099551720451","-1.7174260856027463","-1.7174260856027463","-1.7174260856027463","-1.504114731357723","-1.504114731357723","-1.504114731357723"
"38000","-1.185233832767014","-1.185233832767014","-1.185233832767014","-1.0928850894225652","-1.0928850894225652","-1.0928850894225652","-1.2527291317219036","-1.2527291317219036","-1.2527291317219036","-1.4982625989688594","-1.4982625989688594","-1.4982625989688594","-0.9816595139734805","-0.9816595139734805","-0.9816595139734805","-1.7857195236432102","-1.7857195236432102","-1.7857195236432102","-1.1807381570489635","-1.1807381570489635","-1.1807381570489635","-1.336619093140936","-1.336619093140936","-1.336619093140936","-1.4931601521971989","-1.4931601521971989","-1.4931601521971989","-1.6242724208390054","-1.6242724208390054","-1.6242724208390054","-1.2813109965016007","-1.2813109965016007","-1.2813109965016007","-1.3528806302653629","-1.3528806302653629","-1.3528806302653629","-1.5627621487598307","-1.5627621487598307","-1.5627621487598307","-1.1920889217213841","-1.1920889217213841","-1.1920889217213841","-1.0528643663291277","-1.0528643663291277","-1.0528643663291277","-1.5913821440345375","-1.5913821440345375","-1.5913821440345375","-1.113988912302617","-1.113988912302617","-1.113988912302617","-1.3269724010852137","-1.3269724010852137","-1.3269724010852137","-2.044018890817026","-2.044018890817026","-2.044018890817026","-1.5196014190723264","-1.5196014190723264","-1.5196014190723264"
"38500","-1.2192749374507197","-1.2192749374507197","-1.2192749374507197","-1.3857522297919582","-1.3857522297919582","-1.3857522297919582","-0.919857959684746","-0.919857959684746","-0.919857959684746","-1.2370782030617928","-1.2370782030617928","-1.2370782030617928","-1.0175653589581597","-1.0175653589581597","-1.0175653589581597","-1.8044063037999603","-1.8044063037999603","-1.8044063037999603","-1.2009866539912213","-1.2009866539912213","-1.2009866539912213","-1.2380453575930594","-1.2380453575930594","-1.2380453575930594","-1.2394358475392337","-1.2394358475392337","-1.2394358475392337","-1.3305081463340795","-1.3305081463340795","-1.3305081463340795","-1.4169289615785914","-1.4169289615785914","-1.4169289615785914","-1.4899187319158291","-1.4899187319158291","-1.4899187319158291","-2.067847900857961","-2.067847900857961","-2.067847900857961","-1.4370572738747984","-1.4370572738747984","-1.4370572738747984","-1.2512783358902415","-1.2512783358902415","-1.2512783358902415","-1.7262643676492602","-1.7262643676492602","-1.7262643676492602","-0.9860199326945764","-0.9860199326945764","-0.9860199326945764","-1.2082684425184929","-1.2082684425184929","-1.2082684425184929","-1.909208640297927","-1.909208640297927","-1.909208640297927","-1.3344285905835644","-1.3344285905835644","-1.3344285905835644"
"39000","-1.1600903240764908","-1.1600903240764908","-1.1600903240764908","-1.0738758741628531","-1.0738758741628531","-1.0738758741628531","-1.0028787990279304","-1.0028787990279304","-1.0028787990279304","-1.2238360655449387","-1.2238360655449387","-1.2238360655449387","-0.9957801222532986","-0.9957801222532986","-0.9957801222532986","-2.1132656205534674","-2.1132656205534674","-2.1132656205534674","-1.086461264827356","-1.086461264827356","-1.086461264827356","-1.2342655853047995","-1.2342655853047995","-1.2342655853047995","-1.1973544913018375","-1.1973544913018375","-1.1973544913018375","-1.2918616536039358","-1.2918616536039358","-1.2918616536039358","-1.289090507130993","-1.289090507130993","-1.289090507130993","-1.678477541498069","-1.678477541498069","-1.678477541498069","-1.1351603659647722","-1.1351603659647722","-1.1351603659647722","-1.1440568538359084","-1.1440568538359084","-1.1440568538359084","-0.9968159711942601","-0.9968159711942601","-0.9968159711942601","-1.7561964477052734","-1.7561964477052734","-1.7561964477052734","-0.9509476205422744","-0.9509476205422744","-0.9509476205422744","-1.2147613748762687","-1.2147613748762687","-1.2147613748762687","-1.4808294275688785","-1.4808294275688785","-1.4808294275688785","-1.7569599631362114","-1.7569599631362114","-1.7569599631362114"
"39500","-1.063992524781456","-1.063992524781456","-1.063992524781456","-1.5674101865326207","-1.5674101865326207","-1.5674101865326207","-1.0736196283971087","-1.0736196283971087","-1.0736196283971087","-1.1324308026144876","-1.1324308026144876","-1.1324308026144876","-0.933036644969091","-0.933036644969091","-0.933036644969091","-1.7832988391926068","-1.7832988391926068","-1.7832988391926068","-1.473571896409228","-1.473571896409228","-1.473571896409228","-1.154624045908836","-1.154624045908836","-1.154624045908836","-1.2821552552366906","-1.2821552552366906","-1.2821552552366906","-1.4856196601373797","-1.4856196601373797","-1.4856196601373797","-1.1982933322547002","-1.1982933322547002","-1.1982933322547002","-1.6333541054515366","-1.6333541054515366","-1.6333541054515366","-1.269135320595171","-1.269135320595171","-1.269135320595171","-1.333812878175188","-1.333812878175188","-1.333812878175188","-1.5139484925067177","-1.5139484925067177","-1.5139484925067177","-1.566826423057392","-1.566826423057392","-1.566826423057392","-0.8556031248311461","-0.8556031248311461","-0.8556031248311461","-1.3944683768679895","-1.3944683768679895","-1.3944683768679895","-1.880472866738169","-1.880472866738169","-1.880472866738169","-1.537216000720297","-1.537216000720297","-1.537216000720297"
"40000","-0.9974400232899893","-0.9974400232899893","-0.9974400232899893","-1.45436514927564","-1.45436514927564","-1.45436514927564","-1.161037185032009","-1.161037185032009","-1.161037185032009","-1.3927192705182814","-1.3927192705182814","-1.3927192705182814","-0.9060209334875416","-0.9060209334875416","-0.9060209334875416","-1.8338607956856987","-1.8338607956856987","-1.8338607956856987","-1.1547243818316526","-1.1547243818316526","-1.1547243818316526","-1.761348965728707","-1.761348965728707","-1.761348965728707","-1.2734578204566005","-1.2734578204566005","-1.2734578204566005","-1.0680820973305838","-1.0680820973305838","-1.0680820973305838","-1.3817048210820235","-1.3817048210820235","-1.3817048210820235","-1.3999450044097732","-1.3999450044097732","-1.3999450044097732","-1.2462560548026562","-1.2462560548026562","-1.2462560548026562","-1.2234034954562039","-1.2234034954562039","-1.2234034954562039","-1.0128432227810509","-1.0128432227810509","-1.0128432227810509","-1.5030428898255683","-1.5030428898255683","-1.5030428898255683","-1.0002538236902132","-1.0002538236902132","-1.0002538236902132","-1.1131851571157836","-1.1131851571157836","-1.1131851571157836","-1.4974882733748065","-1.4974882733748065","-1.4974882733748065","-1.248928292908739","-1.248928292908739","-1.248928292908739"
"40500","-1.1614440391276601","-1.1614440391276601","-1.1614440391276601","-1.1161011946286707","-1.1161011946286707","-1.1161011946286707","-1.1850592529671549","-1.1850592529671549","-1.1850592529671549","-1.2040436065903912","-1.2040436065903912","-1.2040436065903912","-0.9661298298044633","-0.9661298298044633","-0.9661298298044633","-1.8557217988076928","-1.8557217988076928","-1.8557217988076928","-1.2328404948100091","-1.2328404948100091","-1.2328404948100091","-1.3815424624682355","-1.3815424624682355","-1.3815424624682355","-1.5438957072221915","-1.5438957072221915","-1.5438957072221915","-1.277706273198198","-1.277706273198198","-1.277706273198198","-1.1977186812723404","-1.1977186812723404","-1.1977186812723404","-1.4125310619747455","-1.4125310619747455","-1.4125310619747455","-1.4769724278388392","-1.4769724278388392","-1.4769724278388392","-1.5743825751011893","-1.5743825751011893","-1.5743825751011893","-1.117522370316002","-1.117522370316002","-1.117522370316002","-1.4795291073534917","-1.4795291073534917","-1.4795291073534917","-0.8556989337886141","-0.8556989337886141","-0.8556989337886141","-1.2825112270215973","-1.2825112270215973","-1.2825112270215973","-1.4274402255304932","-1.4274402255304932","-1.4274402255304932","-1.3017648721824162","-1.3017648721824162","-1.3017648721824162"
"41000","-1.5174791410096482","-1.5174791410096482","-1.5174791410096482","-1.1697000374871163","-1.1697000374871163","-1.1697000374871163","-1.1515475464139577","-1.1515475464139577","-1.1515475464139577","-1.2663907889934916","-1.2663907889934916","-1.2663907889934916","-0.7604814105878178","-0.7604814105878178","-0.7604814105878178","-2.0350736473861155","-2.0350736473861155","-2.0350736473861155","-1.298338861339637","-1.298338861339637","-1.298338861339637","-1.3730179758522056","-1.3730179758522056","-1.3730179758522056","-1.5814842988189546","-1.5814842988189546","-1.5814842988189546","-1.203208616707299","-1.203208616707299","-1.203208616707299","-1.3129498276333371","-1.3129498276333371","-1.3129498276333371","-1.4385162884832905","-1.4385162884832905","-1.4385162884832905","-1.067947123316504","-1.067947123316504","-1.067947123316504","-1.157671101829869","-1.157671101829869","-1.157671101829869","-0.9695335318608296","-0.9695335318608296","-0.9695335318608296","-1.8368003787184517","-1.8368003787184517","-1.8368003787184517","-0.8341423040580735","-0.8341423040580735","-0.8341423040580735","-1.5394205805343115","-1.5394205805343115","-1.5394205805343115","-1.590598509788826","-1.590598509788826","-1.590598509788826","-1.5796876482989015","-1.5796876482989015","-1.5796876482989015"
"41500","-1.1716479784514504","-1.1716479784514504","-1.1716479784514504","-1.1514667703675368","-1.1514667703675368","-1.1514667703675368","-1.1716860788114154","-1.1716860788114154","-1.1716860788114154","-1.1436988723881758","-1.1436988723881758","-1.1436988723881758","-0.8427757818933973","-0.8427757818933973","-0.8427757818933973","-1.7619144144593364","-1.7619144144593364","-1.7619144144593364","-1.1135892663460434","-1.1135892663460434","-1.1135892663460434","-1.296931072623566","-1.296931072623566","-1.296931072623566","-1.3469919518294513","-1.3469919518294513","-1.3469919518294513","-1.0473279128081157","-1.0473279128081157","-1.0473279128081157","-1.4174921650423584","-1.4174921650423584","-1.4174921650423584","-1.4917462709031146","-1.4917462709031146","-1.4917462709031146","-1.5027695525212224","-1.5027695525212224","-1.5027695525212224","-1.6379460349076542","-1.6379460349076542","-1.6379460349076542","-0.9974446342233518","-0.9974446342233518","-0.9974446342233518","-1.7511056476843745","-1.7511056476843745","-1.7511056476843745","-0.927256447241756","-0.927256447241756","-0.927256447241756","-1.1056815126110981","-1.1056815126110981","-1.1056815126110981","-1.5446789418314613","-1.5446789418314613","-1.5446789418314613","-1.3726216963710267","-1.3726216963710267","-1.3726216963710267"
"42000","-1.3358884557223865","-1.3358884557223865","-1.3358884557223865","-0.9727095890760861","-0.9727095890760861","-0.9727095890760861","-1.1757490813932818","-1.1757490813932818","-1.1757490813932818","-1.3827022644755007","-1.3827022644755007","-1.3827022644755007","-1.0833792321195772","-1.0833792321195772","-1.0833792321195772","-1.6905985244501367","-1.6905985244501367","-1.6905985244501367","-1.2310306170253562","-1.2310306170253562","-1.2310306170253562","-1.330404899249182","-1.330404899249182","-1.330404899249182","-1.016272978606213","-1.016272978606213","-1.016272978606213","-1.156673022903606","-1.156673022903606","-1.156673022903606","-1.5360971554677811","-1.5360971554677811","-1.5360971554677811","-1.345522628646778","-1.345522628646778","-1.345522628646778","-1.083708061756301","-1.083708061756301","-1.083708061756301","-1.2013210420002853","-1.2013210420002853","-1.2013210420002853","-1.1502240950599707","-1.1502240950599707","-1.1502240950599707","-1.6871785190567572","-1.6871785190567572","-1.6871785190567572","-0.9479822850653095","-0.9479822850653095","-0.9479822850653095","-1.1554735548839337","-1.1554735548839337","-1.1554735548839337","-1.6772338566368372","-1.6772338566368372","-1.6772338566368372","-1.5145530793808653","-1.5145530793808653","-1.5145530793808653"
"42500","-1.1130022768460366","-1.1130022768460366","-1.1130022768460366","-1.0846568625468385","-1.0846568625468385","-1.0846568625468385","-1.245698982031971","-1.245698982031971","-1.245698982031971","-1.0970376517161482","-1.0970376517161482","-1.0970376517161482","-1.0232886698134682","-1.0232886698134682","-1.0232886698134682","-1.753502765382874","-1.753502765382874","-1.753502765382874","-1.0875638950449669","-1.0875638950449669","-1.0875638950449669","-1.3711813691723715","-1.3711813691723715","-1.3711813691723715","-1.370965496894706","-1.370965496894706","-1.370965496894706","-1.3939391285368974","-1.3939391285368974","-1.3939391285368974","-1.4475977565040747","-1.4475977565040747","-1.4475977565040747","-1.2674483358350168","-1.2674483358350168","-1.2674483358350168","-1.290270021302306","-1.290270021302306","-1.290270021302306","-1.3877953702233765","-1.3877953702233765","-1.3877953702233765","-0.9717422439812469","-0.9717422439812469","-0.9717422439812469","-1.7054879954614173","-1.7054879954614173","-1.7054879954614173","-0.9018186877539165","-0.9018186877539165","-0.9018186877539165","-1.2308394697155909","-1.2308394697155909","-1.2308394697155909","-1.7270934321130404","-1.7270934321130404","-1.7270934321130404","-1.5569413779975154","-1.5569413779975154","-1.5569413779975154"
"43000","-1.0710678537142138","-1.0710678537142138","-1.0710678537142138","-1.006912044637582","-1.006912044637582","-1.006912044637582","-1.0616374649907345","-1.0616374649907345","-1.0616374649907345","-1.1343422327978667","-1.1343422327978667","-1.1343422327978667","-0.7508765194997251","-0.7508765194997251","-0.7508765194997251","-1.5278313279733382","-1.5278313279733382","-1.5278313279733382","-1.059215830916496","-1.059215830916496","-1.059215830916496","-1.1840449538742908","-1.1840449538742908","-1.1840449538742908","-1.1679517643060644","-1.1679517643060644","-1.1679517643060644","-1.2112733422994544","-1.2112733422994544","-1.2112733422994544","-1.2275444828165976","-1.2275444828165976","-1.2275444828165976","-1.9140144741426617","-1.9140144741426617","-1.9140144741426617","-1.6239027074095016","-1.6239027074095016","-1.6239027074095016","-1.3481365153458964","-1.3481365153458964","-1.3481365153458964","-0.8796956519728972","-0.8796956519728972","-0.8796956519728972","-1.6309185263287969","-1.6309185263287969","-1.6309185263287969","-0.963322216151601","-0.963322216151601","-0.963322216151601","-1.146445283446495","-1.146445283446495","-1.146445283446495","-1.932429061097635","-1.932429061097635","-1.932429061097635","-1.2459899404016945","-1.2459899404016945","-1.2459899404016945"
"43500","-1.0057772243643517","-1.0057772243643517","-1.0057772243643517","-1.3243387724420423","-1.3243387724420423","-1.3243387724420423","-1.158262473275456","-1.158262473275456","-1.158262473275456","-1.1557156340356998","-1.1557156340356998","-1.1557156340356998","-0.8510909603499476","-0.8510909603499476","-0.8510909603499476","-1.6471967724519487","-1.6471967724519487","-1.6471967724519487","-1.0437643059535229","-1.0437643059535229","-1.0437643059535229","-1.3512507359542352","-1.3512507359542352","-1.3512507359542352","-1.1784184588617292","-1.1784184588617292","-1.1784184588617292","-1.2854585260969646","-1.2854585260969646","-1.2854585260969646","-1.1487487916109278","-1.1487487916109278","-1.1487487916109278","-1.2641037682749565","-1.2641037682749565","-1.2641037682749565","-1.0898601684690103","-1.0898601684690103","-1.0898601684690103","-1.4236625337300197","-1.4236625337300197","-1.4236625337300197","-0.7821417221138429","-0.7821417221138429","-0.7821417221138429","-1.8298553640174386","-1.8298553640174386","-1.8298553640174386","-0.935957608734791","-0.935957608734791","-0.935957608734791","-1.0448290124105122","-1.0448290124105122","-1.0448290124105122","-1.5472023588504284","-1.5472023588504284","-1.5472023588504284","-1.199037109863801","-1.199037109863801","-1.199037109863801"
"44000","-0.9114103219537952","-0.9114103219537952","-0.9114103219537952","-0.9931271228335378","-0.9931271228335378","-0.9931271228335378","-0.9818183450691519","-0.9818183450691519","-0.9818183450691519","-1.1158194429832187","-1.1158194429832187","-1.1158194429832187","-0.8882404825722068","-0.8882404825722068","-0.8882404825722068","-2.1238093818213164","-2.1238093818213164","-2.1238093818213164","-1.3051103165679394","-1.3051103165679394","-1.3051103165679394","-1.330428301301324","-1.330428301301324","-1.330428301301324","-0.8320501766691691","-0.8320501766691691","-0.8320501766691691","-1.3222899450241925","-1.3222899450241925","-1.3222899450241925","-1.1424077624787634","-1.1424077624787634","-1.1424077624787634","-1.307829424365312","-1.307829424365312","-1.307829424365312","-0.9545987826804687","-0.9545987826804687","-0.9545987826804687","-1.0556720869300722","-1.0556720869300722","-1.0556720869300722","-0.8311269394449046","-0.8311269394449046","-0.8311269394449046","-1.666841866504246","-1.666841866504246","-1.666841866504246","-0.9236495630247378","-0.9236495630247378","-0.9236495630247378","-1.1594453432926952","-1.1594453432926952","-1.1594453432926952","-1.6653919588835921","-1.6653919588835921","-1.6653919588835921","-1.3134680625631716","-1.3134680625631716","-1.3134680625631716"
"44500","-0.9410859548012509","-0.9410859548012509","-0.9410859548012509","-0.950362434524681","-0.950362434524681","-0.950362434524681","-1.083028230920054","-1.083028230920054","-1.083028230920054","-1.1720102025249417","-1.1720102025249417","-1.1720102025249417","-0.7361496742668806","-0.7361496742668806","-0.7361496742668806","-1.4959912646092657","-1.4959912646092657","-1.4959912646092657","-1.1851323359758754","-1.1851323359758754","-1.1851323359758754","-1.3205480725295602","-1.3205480725295602","-1.3205480725295602","-1.2924514915908953","-1.2924514915908953","-1.2924514915908953","-1.0009137701215423","-1.0009137701215423","-1.0009137701215423","-1.2943483763143564","-1.2943483763143564","-1.2943483763143564","-1.2658575969701276","-1.2658575969701276","-1.2658575969701276","-1.2287180775908941","-1.2287180775908941","-1.2287180775908941","-1.2859617147931621","-1.2859617147931621","-1.2859617147931621","-0.9433362081684844","-0.9433362081684844","-0.9433362081684844","-1.709455726178533","-1.709455726178533","-1.709455726178533","-0.8623909062406767","-0.8623909062406767","-0.8623909062406767","-0.9984176115538952","-0.9984176115538952","-0.9984176115538952","-1.4747056001475443","-1.4747056001475443","-1.4747056001475443","-1.2862912924091277","-1.2862912924091277","-1.2862912924091277"
"45000","-0.9323828675132877","-0.9323828675132877","-0.9323828675132877","-1.0626606131736713","-1.0626606131736713","-1.0626606131736713","-1.2946720012043902","-1.2946720012043902","-1.2946720012043902","-1.3009146330495585","-1.3009146330495585","-1.3009146330495585","-0.7567271061204118","-0.7567271061204118","-0.7567271061204118","-1.5072638758810812","-1.5072638758810812","-1.5072638758810812","-1.435648113538715","-1.435648113538715","-1.435648113538715","-1.2642810070962394","-1.2642810070962394","-1.2642810070962394","-1.3747077831345327","-1.3747077831345327","-1.3747077831345327","-1.135920720976827","-1.135920720976827","-1.135920720976827","-1.224774741746344","-1.224774741746344","-1.224774741746344","-1.395395113257266","-1.395395113257266","-1.395395113257266","-1.4318429733233766","-1.4318429733233766","-1.4318429733233766","-1.19307494666187","-1.19307494666187","-1.19307494666187","-0.968888293014713","-0.968888293014713","-0.968888293014713","-1.853657204272181","-1.853657204272181","-1.853657204272181","-0.9004021234058864","-0.9004021234058864","-0.9004021234058864","-1.0153469590334763","-1.0153469590334763","-1.0153469590334763","-1.578100749101105","-1.578100749101105","-1.578100749101105","-1.2842669856939368","-1.2842669856939368","-1.2842669856939368"
"45500","-1.0485318463316458","-1.0485318463316458","-1.0485318463316458","-1.1323250462821652","-1.1323250462821652","-1.1323250462821652","-1.1737368226893377","-1.1737368226893377","-1.1737368226893377","-1.178222117152101","-1.178222117152101","-1.178222117152101","-0.9129456402065236","-0.9129456402065236","-0.9129456402065236","-1.4548311007954209","-1.4548311007954209","-1.4548311007954209","-1.3633843570905775","-1.3633843570905775","-1.3633843570905775","-1.4282137189412312","-1.4282137189412312","-1.4282137189412312","-1.0181496001322263","-1.0181496001322263","-1.0181496001322263","-1.0527661288294898","-1.0527661288294898","-1.0527661288294898","-1.0331917467020482","-1.0331917467020482","-1.0331917467020482","-1.3653034840950926","-1.3653034840950926","-1.3653034840950926","-1.323960612473232","-1.323960612473232","-1.323960612473232","-1.2471389868141756","-1.2471389868141756","-1.2471389868141756","-1.0659598301125819","-1.0659598301125819","-1.0659598301125819","-1.6620840083652522","-1.6620840083652522","-1.6620840083652522","-0.8762591683732271","-0.8762591683732271","-0.8762591683732271","-1.111865503310295","-1.111865503310295","-1.111865503310295","-1.7201731358807641","-1.7201731358807641","-1.7201731358807641","-1.4099415038794916","-1.4099415038794916","-1.4099415038794916"
"46000","-0.9564171709980342","-0.9564171709980342","-0.9564171709980342","-0.9317591050200505","-0.9317591050200505","-0.9317591050200505","-1.2535497602966492","-1.2535497602966492","-1.2535497602966492","-1.0439994081718629","-1.0439994081718629","-1.0439994081718629","-0.7938615311048834","-0.7938615311048834","-0.7938615311048834","-1.5177054140622956","-1.5177054140622956","-1.5177054140622956","-1.022411582852054","-1.022411582852054","-1.022411582852054","-1.4183981032511348","-1.4183981032511348","-1.4183981032511348","-1.220897448967277","-1.220897448967277","-1.220897448967277","-1.0942423088423288","-1.0942423088423288","-1.0942423088423288","-1.0755134581818973","-1.0755134581818973","-1.0755134581818973","-1.2517852283004713","-1.2517852283004713","-1.2517852283004713","-1.1565024434799773","-1.1565024434799773","-1.1565024434799773","-1.0870377427523494","-1.0870377427523494","-1.0870377427523494","-0.8788677784495091","-0.8788677784495091","-0.8788677784495091","-1.6937768320227544","-1.6937768320227544","-1.6937768320227544","-0.9367397777675561","-0.9367397777675561","-0.9367397777675561","-1.0095537774644545","-1.0095537774644545","-1.0095537774644545","-1.6421796760133631","-1.6421796760133631","-1.6421796760133631","-1.114853901950314","-1.114853901950314","-1.114853901950314"
"46500","-0.9241196914184846","-0.9241196914184846","-0.9241196914184846","-1.0718880355985814","-1.0718880355985814","-1.0718880355985814","-1.1034419688482195","-1.1034419688482195","-1.1034419688482195","-1.020297656394243","-1.020297656394243","-1.020297656394243","-0.7064971744337185","-0.7064971744337185","-0.7064971744337185","-1.4796168449618377","-1.4796168449618377","-1.4796168449618377","-1.1475815267761669","-1.1475815267761669","-1.1475815267761669","-1.4289266328682009","-1.4289266328682009","-1.4289266328682009","-1.0861324029799326","-1.0861324029799326","-1.0861324029799326","-1.124267633209379","-1.124267633209379","-1.124267633209379","-1.1467233367071379","-1.1467233367071379","-1.1467233367071379","-1.1750007590809592","-1.1750007590809592","-1.1750007590809592","-1.4736693516018007","-1.4736693516018007","-1.4736693516018007","-1.1691620528988398","-1.1691620528988398","-1.1691620528988398","-0.7703262684033165","-0.7703262684033165","-0.7703262684033165","-1.6523443968968685","-1.6523443968968685","-1.6523443968968685","-0.9123983398048164","-0.9123983398048164","-0.9123983398048164","-1.0823618128689467","-1.0823618128689467","-1.0823618128689467","-1.6171851196790867","-1.6171851196790867","-1.6171851196790867","-1.2519838779217456","-1.2519838779217456","-1.2519838779217456"
"47000","-0.9849820043129037","-0.9849820043129037","-0.9849820043129037","-1.0724779295921045","-1.0724779295921045","-1.0724779295921045","-1.11714696170606","-1.11714696170606","-1.11714696170606","-1.0845743048062888","-1.0845743048062888","-1.0845743048062888","-0.7790266101518498","-0.7790266101518498","-0.7790266101518498","-1.3071650317088748","-1.3071650317088748","-1.3071650317088748","-1.1122760133213767","-1.1122760133213767","-1.1122760133213767","-1.5363730109351752","-1.5363730109351752","-1.5363730109351752","-0.9165718824104319","-0.9165718824104319","-0.9165718824104319","-1.037693825847362","-1.037693825847362","-1.037693825847362","-1.0892586893295721","-1.0892586893295721","-1.0892586893295721","-1.2630607012637256","-1.2630607012637256","-1.2630607012637256","-1.3005975594574424","-1.3005975594574424","-1.3005975594574424","-1.1993811905955365","-1.1993811905955365","-1.1993811905955365","-1.0605673006628318","-1.0605673006628318","-1.0605673006628318","-1.7019757298281806","-1.7019757298281806","-1.7019757298281806","-0.8947521909646134","-0.8947521909646134","-0.8947521909646134","-1.0455540806597405","-1.0455540806597405","-1.0455540806597405","-1.7493436731175174","-1.7493436731175174","-1.7493436731175174","-1.2087410143544404","-1.2087410143544404","-1.2087410143544404"
"47500","-1.0514406900555682","-1.0514406900555682","-1.0514406900555682","-1.1174200407338757","-1.1174200407338757","-1.1174200407338757","-1.1594335287129742","-1.1594335287129742","-1.1594335287129742","-1.0175239782521701","-1.0175239782521701","-1.0175239782521701","-0.6657320056311147","-0.6657320056311147","-0.6657320056311147","-1.253089945303103","-1.253089945303103","-1.253089945303103","-1.0130551415486329","-1.0130551415486329","-1.0130551415486329","-1.2882850335016287","-1.2882850335016287","-1.2882850335016287","-1.030967967227919","-1.030967967227919","-1.030967967227919","-1.0462657396065083","-1.0462657396065083","-1.0462657396065083","-1.2143084024148527","-1.2143084024148527","-1.2143084024148527","-1.2370856282649703","-1.2370856282649703","-1.2370856282649703","-1.535817373647985","-1.535817373647985","-1.535817373647985","-1.2539075169000444","-1.2539075169000444","-1.2539075169000444","-1.1562287169005665","-1.1562287169005665","-1.1562287169005665","-1.6493599189403454","-1.6493599189403454","-1.6493599189403454","-0.9626584081044818","-0.9626584081044818","-0.9626584081044818","-1.1190331757215397","-1.1190331757215397","-1.1190331757215397","-2.0254180297862923","-2.0254180297862923","-2.0254180297862923","-1.2893379412732895","-1.2893379412732895","-1.2893379412732895"
"48000","-1.0052291053996985","-1.0052291053996985","-1.0052291053996985","-1.0971605139327862","-1.0971605139327862","-1.0971605139327862","-1.1978732810503518","-1.1978732810503518","-1.1978732810503518","-0.9663446104239298","-0.9663446104239298","-0.9663446104239298","-0.8199543585044957","-0.8199543585044957","-0.8199543585044957","-1.2568945130162716","-1.2568945130162716","-1.2568945130162716","-1.0356422592285606","-1.0356422592285606","-1.0356422592285606","-1.4514420127993968","-1.4514420127993968","-1.4514420127993968","-1.3048833687313988","-1.3048833687313988","-1.3048833687313988","-1.032344557942342","-1.032344557942342","-1.032344557942342","-1.0597835442770926","-1.0597835442770926","-1.0597835442770926","-1.2207551874432006","-1.2207551874432006","-1.2207551874432006","-1.4703341564255603","-1.4703341564255603","-1.4703341564255603","-1.4134979202297935","-1.4134979202297935","-1.4134979202297935","-0.7948683056519836","-0.7948683056519836","-0.7948683056519836","-1.6990654771663887","-1.6990654771663887","-1.6990654771663887","-1.022724550064534","-1.022724550064534","-1.022724550064534","-1.04757932324565","-1.04757932324565","-1.04757932324565","-1.7794638370848428","-1.7794638370848428","-1.7794638370848428","-1.2872407343953673","-1.2872407343953673","-1.2872407343953673"
"48500","-0.974239454841781","-0.974239454841781","-0.974239454841781","-1.0681460369320153","-1.0681460369320153","-1.0681460369320153","-1.0558859174562698","-1.0558859174562698","-1.0558859174562698","-0.9829757580348171","-0.9829757580348171","-0.9829757580348171","-0.6193598043685737","-0.6193598043685737","-0.6193598043685737","-1.2163927761408113","-1.2163927761408113","-1.2163927761408113","-0.9339522040453085","-0.9339522040453085","-0.9339522040453085","-1.432972062086113","-1.432972062086113","-1.432972062086113","-1.4241345532793575","-1.4241345532793575","-1.4241345532793575","-1.040953144351763","-1.040953144351763","-1.040953144351763","-1.2185549257776394","-1.2185549257776394","-1.2185549257776394","-1.264213563110794","-1.264213563110794","-1.264213563110794","-1.3505485964791628","-1.3505485964791628","-1.3505485964791628","-1.4428859758763637","-1.4428859758763637","-1.4428859758763637","-0.7381824551820444","-0.7381824551820444","-0.7381824551820444","-1.7458804117734037","-1.7458804117734037","-1.7458804117734037","-0.995496900877791","-0.995496900877791","-0.995496900877791","-1.096528190600076","-1.096528190600076","-1.096528190600076","-1.9757892061822104","-1.9757892061822104","-1.9757892061822104","-1.1806889243703624","-1.1806889243703624","-1.1806889243703624"
"49000","-0.9870269656612278","-0.9870269656612278","-0.9870269656612278","-1.3045172843917971","-1.3045172843917971","-1.3045172843917971","-1.081695810081659","-1.081695810081659","-1.081695810081659","-0.978463775193896","-0.978463775193896","-0.978463775193896","-0.8104055671642989","-0.8104055671642989","-0.8104055671642989","-1.135462195778614","-1.135462195778614","-1.135462195778614","-0.9522460093348801","-0.9522460093348801","-0.9522460093348801","-1.6352919105539314","-1.6352919105539314","-1.6352919105539314","-1.0767426569082383","-1.0767426569082383","-1.0767426569082383","-1.3044056119801886","-1.3044056119801886","-1.3044056119801886","-1.217312475342725","-1.217312475342725","-1.217312475342725","-1.2638450210709107","-1.2638450210709107","-1.2638450210709107","-1.2006079207304243","-1.2006079207304243","-1.2006079207304243","-1.4966312021963546","-1.4966312021963546","-1.4966312021963546","-0.7736194458185762","-0.7736194458185762","-0.7736194458185762","-1.6350790679445044","-1.6350790679445044","-1.6350790679445044","-0.9871714720843071","-0.9871714720843071","-0.9871714720843071","-1.2663768055194704","-1.2663768055194704","-1.2663768055194704","-1.8926040077911779","-1.8926040077911779","-1.8926040077911779","-1.2379151182371388","-1.2379151182371388","-1.2379151182371388"
"49500","-0.9589405573033997","-0.9589405573033997","-0.9589405573033997","-1.018224651568538","-1.018224651568538","-1.018224651568538","-1.013117744336649","-1.013117744336649","-1.013117744336649","-0.9532844807360361","-0.9532844807360361","-0.9532844807360361","-1.0984368898025347","-1.0984368898025347","-1.0984368898025347","-1.3144131950298636","-1.3144131950298636","-1.3144131950298636","-1.0888025081889556","-1.0888025081889556","-1.0888025081889556","-1.40638917168901","-1.40638917168901","-1.40638917168901","-1.3623136552881807","-1.3623136552881807","-1.3623136552881807","-0.9166878760150985","-0.9166878760150985","-0.9166878760150985","-1.4257944753710634","-1.4257944753710634","-1.4257944753710634","-1.2443312995219087","-1.2443312995219087","-1.2443312995219087","-0.9984505792141618","-0.9984505792141618","-0.9984505792141618","-1.4562309837398228","-1.4562309837398228","-1.4562309837398228","-0.7355218407118751","-0.7355218407118751","-0.7355218407118751","-1.7015045801198234","-1.7015045801198234","-1.7015045801198234","-0.9562005644072954","-0.9562005644072954","-0.9562005644072954","-1.1416659839189733","-1.1416659839189733","-1.1416659839189733","-1.981511002395716","-1.981511002395716","-1.981511002395716","-1.3989259648288201","-1.3989259648288201","-1.3989259648288201"
"50000","-1.0735325405335698","-1.0735325405335698","-1.0735325405335698","-1.0687700828337232","-1.0687700828337232","-1.0687700828337232","-1.0414289361196207","-1.0414289361196207","-1.0414289361196207","-0.9737539374382749","-0.9737539374382749","-0.9737539374382749","-0.718515157832755","-0.718515157832755","-0.718515157832755","-1.1891233475646303","-1.1891233475646303","-1.1891233475646303","-0.9383619607819114","-0.9383619607819114","-0.9383619607819114","-1.493881404113448","-1.493881404113448","-1.493881404113448","-1.3828813834836413","-1.3828813834836413","-1.3828813834836413","-0.9418253161257578","-0.9418253161257578","-0.9418253161257578","-1.4076490731307556","-1.4076490731307556","-1.4076490731307556","-1.2513409097175976","-1.2513409097175976","-1.2513409097175976","-1.0520634579159736","-1.0520634579159736","-1.0520634579159736","-1.3244501776415885","-1.3244501776415885","-1.3244501776415885","-1.028647005641043","-1.028647005641043","-1.028647005641043","-1.6007983627476379","-1.6007983627476379","-1.6007983627476379","-0.8903008097978095","-0.8903008097978095","-0.8903008097978095","-1.1591406751675164","-1.1591406751675164","-1.1591406751675164","-2.096174196269991","-2.096174196269991","-2.096174196269991","-1.2934498588356211","-1.2934498588356211","-1.2934498588356211"