"Step","DDPG_EQL_FetchReachDense-v4_19 - eval/avg_reward","DDPG_EQL_FetchReachDense-v4_19 - eval/avg_reward__MIN","DDPG_EQL_FetchReachDense-v4_19 - eval/avg_reward__MAX","DDPG_EQL_FetchReachDense-v4_18 - eval/avg_reward","DDPG_EQL_FetchReachDense-v4_18 - eval/avg_reward__MIN","DDPG_EQL_FetchReachDense-v4_18 - eval/avg_reward__MAX","DDPG_EQL_FetchReachDense-v4_17 - eval/avg_reward","DDPG_EQL_FetchReachDense-v4_17 - eval/avg_reward__MIN","DDPG_EQL_FetchReachDense-v4_17 - eval/avg_reward__MAX","DDPG_EQL_FetchReachDense-v4_16 - eval/avg_reward","DDPG_EQL_FetchReachDense-v4_16 - eval/avg_reward__MIN","DDPG_EQL_FetchReachDense-v4_16 - eval/avg_reward__MAX","DDPG_EQL_FetchReachDense-v4_15 - eval/avg_reward","DDPG_EQL_FetchReachDense-v4_15 - eval/avg_reward__MIN","DDPG_EQL_FetchReachDense-v4_15 - eval/avg_reward__MAX","DDPG_EQL_FetchReachDense-v4_14 - eval/avg_reward","DDPG_EQL_FetchReachDense-v4_14 - eval/avg_reward__MIN","DDPG_EQL_FetchReachDense-v4_14 - eval/avg_reward__MAX","DDPG_EQL_FetchReachDense-v4_13 - eval/avg_reward","DDPG_EQL_FetchReachDense-v4_13 - eval/avg_reward__MIN","DDPG_EQL_FetchReachDense-v4_13 - eval/avg_reward__MAX","DDPG_EQL_FetchReachDense-v4_12 - eval/avg_reward","DDPG_EQL_FetchReachDense-v4_12 - eval/avg_reward__MIN","DDPG_EQL_FetchReachDense-v4_12 - eval/avg_reward__MAX","DDPG_EQL_FetchReachDense-v4_11 - eval/avg_reward","DDPG_EQL_FetchReachDense-v4_11 - eval/avg_reward__MIN","DDPG_EQL_FetchReachDense-v4_11 - eval/avg_reward__MAX","DDPG_EQL_FetchReachDense-v4_10 - eval/avg_reward","DDPG_EQL_FetchReachDense-v4_10 - eval/avg_reward__MIN","DDPG_EQL_FetchReachDense-v4_10 - eval/avg_reward__MAX","DDPG_EQL_FetchReachDense-v4_9 - eval/avg_reward","DDPG_EQL_FetchReachDense-v4_9 - eval/avg_reward__MIN","DDPG_EQL_FetchReachDense-v4_9 - eval/avg_reward__MAX","DDPG_EQL_FetchReachDense-v4_8 - eval/avg_reward","DDPG_EQL_FetchReachDense-v4_8 - eval/avg_reward__MIN","DDPG_EQL_FetchReachDense-v4_8 - eval/avg_reward__MAX","DDPG_EQL_FetchReachDense-v4_7 - eval/avg_reward","DDPG_EQL_FetchReachDense-v4_7 - eval/avg_reward__MIN","DDPG_EQL_FetchReachDense-v4_7 - eval/avg_reward__MAX","DDPG_EQL_FetchReachDense-v4_6 - eval/avg_reward","DDPG_EQL_FetchReachDense-v4_6 - eval/avg_reward__MIN","DDPG_EQL_FetchReachDense-v4_6 - eval/avg_reward__MAX","DDPG_EQL_FetchReachDense-v4_5 - eval/avg_reward","DDPG_EQL_FetchReachDense-v4_5 - eval/avg_reward__MIN","DDPG_EQL_FetchReachDense-v4_5 - eval/avg_reward__MAX","DDPG_EQL_FetchReachDense-v4_4 - eval/avg_reward","DDPG_EQL_FetchReachDense-v4_4 - eval/avg_reward__MIN","DDPG_EQL_FetchReachDense-v4_4 - eval/avg_reward__MAX","DDPG_EQL_FetchReachDense-v4_3 - eval/avg_reward","DDPG_EQL_FetchReachDense-v4_3 - eval/avg_reward__MIN","DDPG_EQL_FetchReachDense-v4_3 - eval/avg_reward__MAX","DDPG_EQL_FetchReachDense-v4_2 - eval/avg_reward","DDPG_EQL_FetchReachDense-v4_2 - eval/avg_reward__MIN","DDPG_EQL_FetchReachDense-v4_2 - eval/avg_reward__MAX","DDPG_EQL_FetchReachDense-v4_1 - eval/avg_reward","DDPG_EQL_FetchReachDense-v4_1 - eval/avg_reward__MIN","DDPG_EQL_FetchReachDense-v4_1 - eval/avg_reward__MAX","DDPG_EQL_FetchReachDense-v4_0 - eval/avg_reward","DDPG_EQL_FetchReachDense-v4_0 - eval/avg_reward__MIN","DDPG_EQL_FetchReachDense-v4_0 - eval/avg_reward__MAX"
"0","-9.998621109771939","-9.998621109771939","-9.998621109771939","-10.161423808351515","-10.161423808351515","-10.161423808351515","-11.597058018911019","-11.597058018911019","-11.597058018911019","-10.071171992594072","-10.071171992594072","-10.071171992594072","-8.173691017796525","-8.173691017796525","-8.173691017796525","-6.93500112096396","-6.93500112096396","-6.93500112096396","-10.07541822367935","-10.07541822367935","-10.07541822367935","-7.22933914428949","-7.22933914428949","-7.22933914428949","-13.557300651531074","-13.557300651531074","-13.557300651531074","-14.909256102851089","-14.909256102851089","-14.909256102851089","-7.671810886359692","-7.671810886359692","-7.671810886359692","-9.139160234667552","-9.139160234667552","-9.139160234667552","-9.137211679887539","-9.137211679887539","-9.137211679887539","-12.403093904713952","-12.403093904713952","-12.403093904713952","-8.001051337587187","-8.001051337587187","-8.001051337587187","-8.631314585276273","-8.631314585276273","-8.631314585276273","-10.465739808313748","-10.465739808313748","-10.465739808313748","-9.796524533825387","-9.796524533825387","-9.796524533825387","-11.51415108380978","-11.51415108380978","-11.51415108380978","-9.652403841391166","-9.652403841391166","-9.652403841391166"
"500","-9.998621109771939","-9.998621109771939","-9.998621109771939","-10.161423808351515","-10.161423808351515","-10.161423808351515","-11.597058018911019","-11.597058018911019","-11.597058018911019","-10.071171992594072","-10.071171992594072","-10.071171992594072","-8.173691017796525","-8.173691017796525","-8.173691017796525","-6.93500112096396","-6.93500112096396","-6.93500112096396","-10.07541822367935","-10.07541822367935","-10.07541822367935","-7.22933914428949","-7.22933914428949","-7.22933914428949","-13.557300651531074","-13.557300651531074","-13.557300651531074","-14.909256102851089","-14.909256102851089","-14.909256102851089","-7.671810886359692","-7.671810886359692","-7.671810886359692","-9.139160234667552","-9.139160234667552","-9.139160234667552","-9.137211679887539","-9.137211679887539","-9.137211679887539","-12.403093904713952","-12.403093904713952","-12.403093904713952","-8.001051337587187","-8.001051337587187","-8.001051337587187","-8.631314585276273","-8.631314585276273","-8.631314585276273","-10.465739808313748","-10.465739808313748","-10.465739808313748","-9.796524533825387","-9.796524533825387","-9.796524533825387","-11.51415108380978","-11.51415108380978","-11.51415108380978","-9.652403841391166","-9.652403841391166","-9.652403841391166"
"1000","-9.998621109771939","-9.998621109771939","-9.998621109771939","-10.161423808351515","-10.161423808351515","-10.161423808351515","-13.165245272046576","-13.165245272046576","-13.165245272046576","-9.673760613775213","-9.673760613775213","-9.673760613775213","-8.173691017796525","-8.173691017796525","-8.173691017796525","-6.93500112096396","-6.93500112096396","-6.93500112096396","-12.117545081469265","-12.117545081469265","-12.117545081469265","-7.22933914428949","-7.22933914428949","-7.22933914428949","-13.557300651531074","-13.557300651531074","-13.557300651531074","-14.909256102851089","-14.909256102851089","-14.909256102851089","-7.671810886359692","-7.671810886359692","-7.671810886359692","-9.139160234667552","-9.139160234667552","-9.139160234667552","-9.137211679887539","-9.137211679887539","-9.137211679887539","-12.403093904713952","-12.403093904713952","-12.403093904713952","-8.001051337587187","-8.001051337587187","-8.001051337587187","-8.631314585276273","-8.631314585276273","-8.631314585276273","-10.465739808313748","-10.465739808313748","-10.465739808313748","-9.796524533825387","-9.796524533825387","-9.796524533825387","-10.69206505250595","-10.69206505250595","-10.69206505250595","-9.652403841391166","-9.652403841391166","-9.652403841391166"
"1500","-21.163874300234525","-21.163874300234525","-21.163874300234525","-7.372995905860989","-7.372995905860989","-7.372995905860989","-16.5901285660694","-16.5901285660694","-16.5901285660694","-8.8434719263449","-8.8434719263449","-8.8434719263449","-9.814431984838047","-9.814431984838047","-9.814431984838047","-7.2834326630753","-7.2834326630753","-7.2834326630753","-27.057657574400075","-27.057657574400075","-27.057657574400075","-16.98230589896039","-16.98230589896039","-16.98230589896039","-18.377833735420424","-18.377833735420424","-18.377833735420424","-36.310681484005435","-36.310681484005435","-36.310681484005435","-22.947398094383413","-22.947398094383413","-22.947398094383413","-7.9841727521172645","-7.9841727521172645","-7.9841727521172645","-17.363068962495962","-17.363068962495962","-17.363068962495962","-13.320323715845083","-13.320323715845083","-13.320323715845083","-14.87208694692372","-14.87208694692372","-14.87208694692372","-33.420282969598745","-33.420282969598745","-33.420282969598745","-18.89451872945896","-18.89451872945896","-18.89451872945896","-20.21056637877615","-20.21056637877615","-20.21056637877615","-23.462422644799233","-23.462422644799233","-23.462422644799233","-12.69561742013768","-12.69561742013768","-12.69561742013768"
"2000","-10.70806461046676","-10.70806461046676","-10.70806461046676","-15.7003716617774","-15.7003716617774","-15.7003716617774","-13.619258263247488","-13.619258263247488","-13.619258263247488","-10.003161735348632","-10.003161735348632","-10.003161735348632","-15.251494640639502","-15.251494640639502","-15.251494640639502","-9.193750764464692","-9.193750764464692","-9.193750764464692","-27.079064962048893","-27.079064962048893","-27.079064962048893","-8.001310797673671","-8.001310797673671","-8.001310797673671","-22.926073901664168","-22.926073901664168","-22.926073901664168","-9.644869456418558","-9.644869456418558","-9.644869456418558","-20.54887487262203","-20.54887487262203","-20.54887487262203","-22.534043760845943","-22.534043760845943","-22.534043760845943","-7.637839854635102","-7.637839854635102","-7.637839854635102","-14.051813146756459","-14.051813146756459","-14.051813146756459","-10.72605816365404","-10.72605816365404","-10.72605816365404","-48.90899340477581","-48.90899340477581","-48.90899340477581","-7.647186790970286","-7.647186790970286","-7.647186790970286","-16.28730936414118","-16.28730936414118","-16.28730936414118","-16.41311206619143","-16.41311206619143","-16.41311206619143","-6.399318914766235","-6.399318914766235","-6.399318914766235"
"2500","-11.894074567681841","-11.894074567681841","-11.894074567681841","-13.229356333048056","-13.229356333048056","-13.229356333048056","-17.420379374630876","-17.420379374630876","-17.420379374630876","-11.64377739124934","-11.64377739124934","-11.64377739124934","-5.099818386891383","-5.099818386891383","-5.099818386891383","-5.45802059591436","-5.45802059591436","-5.45802059591436","-35.76488818575514","-35.76488818575514","-35.76488818575514","-10.033430089564948","-10.033430089564948","-10.033430089564948","-11.87502602470109","-11.87502602470109","-11.87502602470109","-5.56104202283546","-5.56104202283546","-5.56104202283546","-8.990008218723663","-8.990008218723663","-8.990008218723663","-13.079711287610417","-13.079711287610417","-13.079711287610417","-7.236415631463098","-7.236415631463098","-7.236415631463098","-24.168715426083235","-24.168715426083235","-24.168715426083235","-12.745577189527733","-12.745577189527733","-12.745577189527733","-9.650306074008173","-9.650306074008173","-9.650306074008173","-8.031055606421734","-8.031055606421734","-8.031055606421734","-9.44281487715325","-9.44281487715325","-9.44281487715325","-9.251618325407076","-9.251618325407076","-9.251618325407076","-6.336703701720926","-6.336703701720926","-6.336703701720926"
"3000","-7.018735876231806","-7.018735876231806","-7.018735876231806","-13.935457621030498","-13.935457621030498","-13.935457621030498","-12.247547106882326","-12.247547106882326","-12.247547106882326","-27.41302652025208","-27.41302652025208","-27.41302652025208","-7.068343175427306","-7.068343175427306","-7.068343175427306","-5.410477544005512","-5.410477544005512","-5.410477544005512","-9.086696828672851","-9.086696828672851","-9.086696828672851","-9.101561487678056","-9.101561487678056","-9.101561487678056","-11.723128382042441","-11.723128382042441","-11.723128382042441","-7.111719632367469","-7.111719632367469","-7.111719632367469","-6.275094915117401","-6.275094915117401","-6.275094915117401","-15.272376812367991","-15.272376812367991","-15.272376812367991","-24.267839859511355","-24.267839859511355","-24.267839859511355","-11.300975735732653","-11.300975735732653","-11.300975735732653","-9.310865903530123","-9.310865903530123","-9.310865903530123","-10.483345471396076","-10.483345471396076","-10.483345471396076","-7.670366589246757","-7.670366589246757","-7.670366589246757","-8.79837545304233","-8.79837545304233","-8.79837545304233","-9.169227679038837","-9.169227679038837","-9.169227679038837","-5.4178123844245425","-5.4178123844245425","-5.4178123844245425"
"3500","-9.187216174139774","-9.187216174139774","-9.187216174139774","-6.609352754723486","-6.609352754723486","-6.609352754723486","-11.696248025644717","-11.696248025644717","-11.696248025644717","-13.612246119650228","-13.612246119650228","-13.612246119650228","-10.572159324451835","-10.572159324451835","-10.572159324451835","-5.61041510275288","-5.61041510275288","-5.61041510275288","-7.442420668675354","-7.442420668675354","-7.442420668675354","-8.60700455827283","-8.60700455827283","-8.60700455827283","-9.25480152380257","-9.25480152380257","-9.25480152380257","-4.632303326009934","-4.632303326009934","-4.632303326009934","-5.7271290115924804","-5.7271290115924804","-5.7271290115924804","-7.656605287143383","-7.656605287143383","-7.656605287143383","-22.707605993682506","-22.707605993682506","-22.707605993682506","-8.970475000065129","-8.970475000065129","-8.970475000065129","-12.857685951688058","-12.857685951688058","-12.857685951688058","-13.51318504429428","-13.51318504429428","-13.51318504429428","-5.873258246697022","-5.873258246697022","-5.873258246697022","-8.33118095261628","-8.33118095261628","-8.33118095261628","-9.880153927684997","-9.880153927684997","-9.880153927684997","-6.013822767685296","-6.013822767685296","-6.013822767685296"
"4000","-6.216339560330869","-6.216339560330869","-6.216339560330869","-8.07064435896803","-8.07064435896803","-8.07064435896803","-12.372733538346877","-12.372733538346877","-12.372733538346877","-10.583716186344768","-10.583716186344768","-10.583716186344768","-8.541110400575793","-8.541110400575793","-8.541110400575793","-6.188732924037109","-6.188732924037109","-6.188732924037109","-15.564836173827292","-15.564836173827292","-15.564836173827292","-6.5318796685091955","-6.5318796685091955","-6.5318796685091955","-10.228868034688741","-10.228868034688741","-10.228868034688741","-9.331963572051645","-9.331963572051645","-9.331963572051645","-6.279423879664928","-6.279423879664928","-6.279423879664928","-5.6051679676129424","-5.6051679676129424","-5.6051679676129424","-13.674432272590366","-13.674432272590366","-13.674432272590366","-7.913367545634053","-7.913367545634053","-7.913367545634053","-9.409978229437737","-9.409978229437737","-9.409978229437737","-5.862072324014283","-5.862072324014283","-5.862072324014283","-5.175755818757935","-5.175755818757935","-5.175755818757935","-7.405721019039132","-7.405721019039132","-7.405721019039132","-6.874877588717844","-6.874877588717844","-6.874877588717844","-6.021237339152422","-6.021237339152422","-6.021237339152422"
"4500","-29.89591535437321","-29.89591535437321","-29.89591535437321","-6.626734282752272","-6.626734282752272","-6.626734282752272","-11.10067500898754","-11.10067500898754","-11.10067500898754","-11.114973672653486","-11.114973672653486","-11.114973672653486","-9.155487234775952","-9.155487234775952","-9.155487234775952","-6.161177565424474","-6.161177565424474","-6.161177565424474","-6.867446210525623","-6.867446210525623","-6.867446210525623","-5.539949758044591","-5.539949758044591","-5.539949758044591","-8.802758770846504","-8.802758770846504","-8.802758770846504","-13.74222833335088","-13.74222833335088","-13.74222833335088","-6.569304170290505","-6.569304170290505","-6.569304170290505","-5.560976129709384","-5.560976129709384","-5.560976129709384","-10.925743212947848","-10.925743212947848","-10.925743212947848","-6.283549459638793","-6.283549459638793","-6.283549459638793","-6.453184871142416","-6.453184871142416","-6.453184871142416","-4.629822371752693","-4.629822371752693","-4.629822371752693","-5.678762886710812","-5.678762886710812","-5.678762886710812","-3.8048971517996732","-3.8048971517996732","-3.8048971517996732","-8.741680225615232","-8.741680225615232","-8.741680225615232","-44.47245122507354","-44.47245122507354","-44.47245122507354"
"5000","-5.341846013239019","-5.341846013239019","-5.341846013239019","-3.9540951352661624","-3.9540951352661624","-3.9540951352661624","-6.454656888128521","-6.454656888128521","-6.454656888128521","-5.865900963354002","-5.865900963354002","-5.865900963354002","-4.35126801698515","-4.35126801698515","-4.35126801698515","-4.837194353930904","-4.837194353930904","-4.837194353930904","-9.120934712718821","-9.120934712718821","-9.120934712718821","-7.03615509120345","-7.03615509120345","-7.03615509120345","-5.913459229888245","-5.913459229888245","-5.913459229888245","-8.235810709605133","-8.235810709605133","-8.235810709605133","-6.056316842757938","-6.056316842757938","-6.056316842757938","-5.515000402704214","-5.515000402704214","-5.515000402704214","-7.438186072972185","-7.438186072972185","-7.438186072972185","-9.70560987012892","-9.70560987012892","-9.70560987012892","-7.43210380387862","-7.43210380387862","-7.43210380387862","-4.919383524396671","-4.919383524396671","-4.919383524396671","-5.410519386697722","-5.410519386697722","-5.410519386697722","-3.286511389850842","-3.286511389850842","-3.286511389850842","-7.543916284223745","-7.543916284223745","-7.543916284223745","-25.384085361151243","-25.384085361151243","-25.384085361151243"
"5500","-5.675839660361516","-5.675839660361516","-5.675839660361516","-3.8801780364341036","-3.8801780364341036","-3.8801780364341036","-18.84083644697059","-18.84083644697059","-18.84083644697059","-5.652501129998215","-5.652501129998215","-5.652501129998215","-7.087294489514301","-7.087294489514301","-7.087294489514301","-6.1634034436047385","-6.1634034436047385","-6.1634034436047385","-13.336977860433816","-13.336977860433816","-13.336977860433816","-6.241447083183194","-6.241447083183194","-6.241447083183194","-5.007744834496274","-5.007744834496274","-5.007744834496274","-6.939889102225985","-6.939889102225985","-6.939889102225985","-5.3357903653245815","-5.3357903653245815","-5.3357903653245815","-4.4991543970160714","-4.4991543970160714","-4.4991543970160714","-4.537605060538463","-4.537605060538463","-4.537605060538463","-7.445843405580649","-7.445843405580649","-7.445843405580649","-5.783015958848874","-5.783015958848874","-5.783015958848874","-6.47522172050751","-6.47522172050751","-6.47522172050751","-3.2789096861838742","-3.2789096861838742","-3.2789096861838742","-5.58828814346397","-5.58828814346397","-5.58828814346397","-8.93705905080968","-8.93705905080968","-8.93705905080968","-12.011628295972596","-12.011628295972596","-12.011628295972596"
"6000","-7.237853579772254","-7.237853579772254","-7.237853579772254","-4.087120694796292","-4.087120694796292","-4.087120694796292","-8.026932721728738","-8.026932721728738","-8.026932721728738","-7.464726334693256","-7.464726334693256","-7.464726334693256","-5.399139928093314","-5.399139928093314","-5.399139928093314","-4.748012154031433","-4.748012154031433","-4.748012154031433","-7.899411383795913","-7.899411383795913","-7.899411383795913","-6.726688172073997","-6.726688172073997","-6.726688172073997","-5.278419800494062","-5.278419800494062","-5.278419800494062","-9.21745760660661","-9.21745760660661","-9.21745760660661","-3.4828531118971697","-3.4828531118971697","-3.4828531118971697","-3.4100338371418317","-3.4100338371418317","-3.4100338371418317","-7.176144375862675","-7.176144375862675","-7.176144375862675","-7.51750417843224","-7.51750417843224","-7.51750417843224","-6.705980311190324","-6.705980311190324","-6.705980311190324","-5.32202772661851","-5.32202772661851","-5.32202772661851","-2.3483357896224337","-2.3483357896224337","-2.3483357896224337","-6.576604988960817","-6.576604988960817","-6.576604988960817","-8.199202806039033","-8.199202806039033","-8.199202806039033","-6.4026316609199245","-6.4026316609199245","-6.4026316609199245"
"6500","-6.54883262305726","-6.54883262305726","-6.54883262305726","-2.852916237203254","-2.852916237203254","-2.852916237203254","-8.816005150946548","-8.816005150946548","-8.816005150946548","-4.190061124578843","-4.190061124578843","-4.190061124578843","-5.733787887257125","-5.733787887257125","-5.733787887257125","-5.112390593347148","-5.112390593347148","-5.112390593347148","-3.861937361325281","-3.861937361325281","-3.861937361325281","-5.605351911213733","-5.605351911213733","-5.605351911213733","-3.7585798230576124","-3.7585798230576124","-3.7585798230576124","-5.011654637240758","-5.011654637240758","-5.011654637240758","-4.469065844299001","-4.469065844299001","-4.469065844299001","-6.282872198182462","-6.282872198182462","-6.282872198182462","-8.129463571841782","-8.129463571841782","-8.129463571841782","-4.743742757744552","-4.743742757744552","-4.743742757744552","-8.304512300647449","-8.304512300647449","-8.304512300647449","-4.20075967053732","-4.20075967053732","-4.20075967053732","-2.534137324727509","-2.534137324727509","-2.534137324727509","-4.939983264084731","-4.939983264084731","-4.939983264084731","-7.529106162653546","-7.529106162653546","-7.529106162653546","-5.335008769959138","-5.335008769959138","-5.335008769959138"
"7000","-6.539431967545028","-6.539431967545028","-6.539431967545028","-4.877770152380178","-4.877770152380178","-4.877770152380178","-9.480502881795775","-9.480502881795775","-9.480502881795775","-3.6360570672014183","-3.6360570672014183","-3.6360570672014183","-4.9703579423028375","-4.9703579423028375","-4.9703579423028375","-4.506315523974566","-4.506315523974566","-4.506315523974566","-5.219133653378078","-5.219133653378078","-5.219133653378078","-5.046522383561216","-5.046522383561216","-5.046522383561216","-7.51794714507253","-7.51794714507253","-7.51794714507253","-3.6897735539969316","-3.6897735539969316","-3.6897735539969316","-4.184284651646558","-4.184284651646558","-4.184284651646558","-6.402492924871666","-6.402492924871666","-6.402492924871666","-4.3976211630701645","-4.3976211630701645","-4.3976211630701645","-4.660755858292253","-4.660755858292253","-4.660755858292253","-5.472163000425704","-5.472163000425704","-5.472163000425704","-3.5388526652006815","-3.5388526652006815","-3.5388526652006815","-2.289761314483988","-2.289761314483988","-2.289761314483988","-3.9057952431181002","-3.9057952431181002","-3.9057952431181002","-9.610232239731161","-9.610232239731161","-9.610232239731161","-7.115834208068802","-7.115834208068802","-7.115834208068802"
"7500","-6.881126672198894","-6.881126672198894","-6.881126672198894","-3.0189011056568487","-3.0189011056568487","-3.0189011056568487","-9.980290498477768","-9.980290498477768","-9.980290498477768","-6.430445365546612","-6.430445365546612","-6.430445365546612","-6.026487134528309","-6.026487134528309","-6.026487134528309","-4.068967476621465","-4.068967476621465","-4.068967476621465","-6.258933518779416","-6.258933518779416","-6.258933518779416","-7.025101134666087","-7.025101134666087","-7.025101134666087","-3.465565013504947","-3.465565013504947","-3.465565013504947","-10.399441687213804","-10.399441687213804","-10.399441687213804","-2.872432474970174","-2.872432474970174","-2.872432474970174","-8.236864102895932","-8.236864102895932","-8.236864102895932","-4.1537632904295245","-4.1537632904295245","-4.1537632904295245","-4.19041882310975","-4.19041882310975","-4.19041882310975","-4.559302916883702","-4.559302916883702","-4.559302916883702","-9.505966716970985","-9.505966716970985","-9.505966716970985","-3.710014771666033","-3.710014771666033","-3.710014771666033","-3.3197602932709875","-3.3197602932709875","-3.3197602932709875","-5.326179780747695","-5.326179780747695","-5.326179780747695","-4.614701499704426","-4.614701499704426","-4.614701499704426"
"8000","-6.151261765775531","-6.151261765775531","-6.151261765775531","-4.005104095384377","-4.005104095384377","-4.005104095384377","-9.477468665706391","-9.477468665706391","-9.477468665706391","-2.661404346212575","-2.661404346212575","-2.661404346212575","-3.117691298857165","-3.117691298857165","-3.117691298857165","-3.9480659433908607","-3.9480659433908607","-3.9480659433908607","-5.613700448626856","-5.613700448626856","-5.613700448626856","-3.7434665980251216","-3.7434665980251216","-3.7434665980251216","-2.804215166757963","-2.804215166757963","-2.804215166757963","-4.310998548629402","-4.310998548629402","-4.310998548629402","-2.6319445829050054","-2.6319445829050054","-2.6319445829050054","-4.968212173388863","-4.968212173388863","-4.968212173388863","-7.083509878145458","-7.083509878145458","-7.083509878145458","-4.277200703477114","-4.277200703477114","-4.277200703477114","-4.527630252849408","-4.527630252849408","-4.527630252849408","-6.822582921946977","-6.822582921946977","-6.822582921946977","-2.370322814536151","-2.370322814536151","-2.370322814536151","-4.018375814391756","-4.018375814391756","-4.018375814391756","-4.425656488816518","-4.425656488816518","-4.425656488816518","-5.770112016252721","-5.770112016252721","-5.770112016252721"
"8500","-5.022995968589159","-5.022995968589159","-5.022995968589159","-2.117443553106628","-2.117443553106628","-2.117443553106628","-7.744881894142402","-7.744881894142402","-7.744881894142402","-2.2344000120515046","-2.2344000120515046","-2.2344000120515046","-3.2015716229447397","-3.2015716229447397","-3.2015716229447397","-5.423559816396953","-5.423559816396953","-5.423559816396953","-3.6560695323785337","-3.6560695323785337","-3.6560695323785337","-4.118967417131593","-4.118967417131593","-4.118967417131593","-3.9824146095406663","-3.9824146095406663","-3.9824146095406663","-3.6975488711018336","-3.6975488711018336","-3.6975488711018336","-3.979912250372003","-3.979912250372003","-3.979912250372003","-4.517619125877472","-4.517619125877472","-4.517619125877472","-6.553585101796605","-6.553585101796605","-6.553585101796605","-3.7573895006060973","-3.7573895006060973","-3.7573895006060973","-3.6535722986178443","-3.6535722986178443","-3.6535722986178443","-5.860506913105885","-5.860506913105885","-5.860506913105885","-1.6900080121824246","-1.6900080121824246","-1.6900080121824246","-3.3555915566229046","-3.3555915566229046","-3.3555915566229046","-4.009724123103793","-4.009724123103793","-4.009724123103793","-6.81169003491606","-6.81169003491606","-6.81169003491606"
"9000","-4.660801469567192","-4.660801469567192","-4.660801469567192","-3.1962111766050443","-3.1962111766050443","-3.1962111766050443","-7.295357570702334","-7.295357570702334","-7.295357570702334","-3.7964670308073183","-3.7964670308073183","-3.7964670308073183","-3.5027936603218848","-3.5027936603218848","-3.5027936603218848","-3.20501414289012","-3.20501414289012","-3.20501414289012","-4.40208387991325","-4.40208387991325","-4.40208387991325","-3.407176894796693","-3.407176894796693","-3.407176894796693","-3.4897575549669697","-3.4897575549669697","-3.4897575549669697","-3.684483305657834","-3.684483305657834","-3.684483305657834","-8.504348659419678","-8.504348659419678","-8.504348659419678","-3.5193298078010513","-3.5193298078010513","-3.5193298078010513","-8.57942329862671","-8.57942329862671","-8.57942329862671","-3.3301103126754894","-3.3301103126754894","-3.3301103126754894","-4.855915917106679","-4.855915917106679","-4.855915917106679","-4.080563641940017","-4.080563641940017","-4.080563641940017","-2.1609716745931644","-2.1609716745931644","-2.1609716745931644","-3.040118692286378","-3.040118692286378","-3.040118692286378","-5.506015742434524","-5.506015742434524","-5.506015742434524","-4.175508219225134","-4.175508219225134","-4.175508219225134"
"9500","-3.3886908811845275","-3.3886908811845275","-3.3886908811845275","-3.539275532262998","-3.539275532262998","-3.539275532262998","-6.418367477109536","-6.418367477109536","-6.418367477109536","-2.470051545459713","-2.470051545459713","-2.470051545459713","-2.044588413340179","-2.044588413340179","-2.044588413340179","-3.3372460356738727","-3.3372460356738727","-3.3372460356738727","-3.8948907345776185","-3.8948907345776185","-3.8948907345776185","-2.736368796866402","-2.736368796866402","-2.736368796866402","-3.916041318329274","-3.916041318329274","-3.916041318329274","-5.289580734070793","-5.289580734070793","-5.289580734070793","-5.040542545149117","-5.040542545149117","-5.040542545149117","-3.501944921898077","-3.501944921898077","-3.501944921898077","-5.764818414585999","-5.764818414585999","-5.764818414585999","-4.1751625161754005","-4.1751625161754005","-4.1751625161754005","-4.74443724916721","-4.74443724916721","-4.74443724916721","-3.22179978176055","-3.22179978176055","-3.22179978176055","-1.5246012398451096","-1.5246012398451096","-1.5246012398451096","-1.8633382131822025","-1.8633382131822025","-1.8633382131822025","-3.2289953989875904","-3.2289953989875904","-3.2289953989875904","-3.184269254917053","-3.184269254917053","-3.184269254917053"
"10000","-3.049864067707825","-3.049864067707825","-3.049864067707825","-2.7250434691714913","-2.7250434691714913","-2.7250434691714913","-4.924077441943135","-4.924077441943135","-4.924077441943135","-2.221559881009903","-2.221559881009903","-2.221559881009903","-2.3555144875955882","-2.3555144875955882","-2.3555144875955882","-2.5311873368819375","-2.5311873368819375","-2.5311873368819375","-3.2380517735567125","-3.2380517735567125","-3.2380517735567125","-2.6078502659579934","-2.6078502659579934","-2.6078502659579934","-2.9868574934696945","-2.9868574934696945","-2.9868574934696945","-5.9947461425223265","-5.9947461425223265","-5.9947461425223265","-3.6303046221780457","-3.6303046221780457","-3.6303046221780457","-3.291425335200929","-3.291425335200929","-3.291425335200929","-5.527851393605368","-5.527851393605368","-5.527851393605368","-4.425678645986211","-4.425678645986211","-4.425678645986211","-3.4486800012746692","-3.4486800012746692","-3.4486800012746692","-2.545829630978704","-2.545829630978704","-2.545829630978704","-2.5037181360254275","-2.5037181360254275","-2.5037181360254275","-2.5437556091292137","-2.5437556091292137","-2.5437556091292137","-3.6470540367169164","-3.6470540367169164","-3.6470540367169164","-6.821382030890236","-6.821382030890236","-6.821382030890236"
"10500","-2.7634555608347533","-2.7634555608347533","-2.7634555608347533","-2.082910069879552","-2.082910069879552","-2.082910069879552","-6.293053369299612","-6.293053369299612","-6.293053369299612","-2.6286938387763747","-2.6286938387763747","-2.6286938387763747","-2.652362368058086","-2.652362368058086","-2.652362368058086","-2.5522813532811433","-2.5522813532811433","-2.5522813532811433","-4.4008928033534005","-4.4008928033534005","-4.4008928033534005","-3.269196918187254","-3.269196918187254","-3.269196918187254","-5.551832766320077","-5.551832766320077","-5.551832766320077","-4.768276818952431","-4.768276818952431","-4.768276818952431","-4.376625528499579","-4.376625528499579","-4.376625528499579","-2.7328826939986945","-2.7328826939986945","-2.7328826939986945","-5.4299835229572855","-5.4299835229572855","-5.4299835229572855","-3.2940253901546592","-3.2940253901546592","-3.2940253901546592","-2.794669041286778","-2.794669041286778","-2.794669041286778","-3.0441802050967475","-3.0441802050967475","-3.0441802050967475","-2.8152140971048603","-2.8152140971048603","-2.8152140971048603","-2.1604106594506427","-2.1604106594506427","-2.1604106594506427","-4.823724671689108","-4.823724671689108","-4.823724671689108","-3.7312879900792817","-3.7312879900792817","-3.7312879900792817"
"11000","-2.9868103709439096","-2.9868103709439096","-2.9868103709439096","-3.1278072833253505","-3.1278072833253505","-3.1278072833253505","-5.543772052452462","-5.543772052452462","-5.543772052452462","-2.2924407143826357","-2.2924407143826357","-2.2924407143826357","-3.3626887235490712","-3.3626887235490712","-3.3626887235490712","-2.329206572240333","-2.329206572240333","-2.329206572240333","-3.3154177109728318","-3.3154177109728318","-3.3154177109728318","-2.6347066267456922","-2.6347066267456922","-2.6347066267456922","-2.7377846616040973","-2.7377846616040973","-2.7377846616040973","-4.220478662623414","-4.220478662623414","-4.220478662623414","-3.015618970748762","-3.015618970748762","-3.015618970748762","-2.378922524213933","-2.378922524213933","-2.378922524213933","-4.13560356035189","-4.13560356035189","-4.13560356035189","-2.4504687373315464","-2.4504687373315464","-2.4504687373315464","-3.0973800307635178","-3.0973800307635178","-3.0973800307635178","-3.2345363786540227","-3.2345363786540227","-3.2345363786540227","-2.1085731237863046","-2.1085731237863046","-2.1085731237863046","-1.8307319701469011","-1.8307319701469011","-1.8307319701469011","-3.2215367254678045","-3.2215367254678045","-3.2215367254678045","-4.260557566978086","-4.260557566978086","-4.260557566978086"
"11500","-3.4241894073986243","-3.4241894073986243","-3.4241894073986243","-1.8957465689804422","-1.8957465689804422","-1.8957465689804422","-3.870485840903418","-3.870485840903418","-3.870485840903418","-3.0684798235709243","-3.0684798235709243","-3.0684798235709243","-3.30734795571306","-3.30734795571306","-3.30734795571306","-3.406607616337921","-3.406607616337921","-3.406607616337921","-6.6386257978602945","-6.6386257978602945","-6.6386257978602945","-2.57785874020889","-2.57785874020889","-2.57785874020889","-4.301361323611752","-4.301361323611752","-4.301361323611752","-5.814940329995314","-5.814940329995314","-5.814940329995314","-3.2979530673627124","-3.2979530673627124","-3.2979530673627124","-2.6537293236603126","-2.6537293236603126","-2.6537293236603126","-2.3463022304539636","-2.3463022304539636","-2.3463022304539636","-2.127960388359815","-2.127960388359815","-2.127960388359815","-3.8302361365163877","-3.8302361365163877","-3.8302361365163877","-2.3945567196154163","-2.3945567196154163","-2.3945567196154163","-1.6876964892255948","-1.6876964892255948","-1.6876964892255948","-2.111913145338314","-2.111913145338314","-2.111913145338314","-4.0774685074474775","-4.0774685074474775","-4.0774685074474775","-5.308084516490803","-5.308084516490803","-5.308084516490803"
"12000","-2.8178006316281143","-2.8178006316281143","-2.8178006316281143","-3.829698457781837","-3.829698457781837","-3.829698457781837","-4.625297710926211","-4.625297710926211","-4.625297710926211","-2.3647389068179496","-2.3647389068179496","-2.3647389068179496","-1.5998552055048036","-1.5998552055048036","-1.5998552055048036","-3.13070760124933","-3.13070760124933","-3.13070760124933","-2.782996053985228","-2.782996053985228","-2.782996053985228","-2.4586259809668713","-2.4586259809668713","-2.4586259809668713","-4.396457666564876","-4.396457666564876","-4.396457666564876","-2.172658953018371","-2.172658953018371","-2.172658953018371","-3.7738193038889682","-3.7738193038889682","-3.7738193038889682","-3.158261854614715","-3.158261854614715","-3.158261854614715","-2.7018334432830167","-2.7018334432830167","-2.7018334432830167","-2.5755430219937514","-2.5755430219937514","-2.5755430219937514","-2.483556767045868","-2.483556767045868","-2.483556767045868","-3.0680580796374852","-3.0680580796374852","-3.0680580796374852","-1.5143218139936305","-1.5143218139936305","-1.5143218139936305","-1.806946315085224","-1.806946315085224","-1.806946315085224","-4.181006172845059","-4.181006172845059","-4.181006172845059","-3.8843406197387416","-3.8843406197387416","-3.8843406197387416"
"12500","-3.646736530730635","-3.646736530730635","-3.646736530730635","-2.0861617495653113","-2.0861617495653113","-2.0861617495653113","-2.4415789388813463","-2.4415789388813463","-2.4415789388813463","-2.5419961801571014","-2.5419961801571014","-2.5419961801571014","-2.170035391564114","-2.170035391564114","-2.170035391564114","-2.7430493511064293","-2.7430493511064293","-2.7430493511064293","-5.799657394928616","-5.799657394928616","-5.799657394928616","-1.9877573976425231","-1.9877573976425231","-1.9877573976425231","-5.39886618478136","-5.39886618478136","-5.39886618478136","-3.5854588566844208","-3.5854588566844208","-3.5854588566844208","-4.865451216582645","-4.865451216582645","-4.865451216582645","-2.6458727185116735","-2.6458727185116735","-2.6458727185116735","-3.712751952901448","-3.712751952901448","-3.712751952901448","-2.1731093742327436","-2.1731093742327436","-2.1731093742327436","-3.124643883783105","-3.124643883783105","-3.124643883783105","-1.8758130553355155","-1.8758130553355155","-1.8758130553355155","-1.6645774335578225","-1.6645774335578225","-1.6645774335578225","-2.0757018042422737","-2.0757018042422737","-2.0757018042422737","-2.440545206886463","-2.440545206886463","-2.440545206886463","-3.223271717623885","-3.223271717623885","-3.223271717623885"
"13000","-3.33735215984852","-3.33735215984852","-3.33735215984852","-2.689759276437798","-2.689759276437798","-2.689759276437798","-2.4683621119045074","-2.4683621119045074","-2.4683621119045074","-3.282836988917899","-3.282836988917899","-3.282836988917899","-2.0094650832584517","-2.0094650832584517","-2.0094650832584517","-1.927649982154461","-1.927649982154461","-1.927649982154461","-3.3625503260134133","-3.3625503260134133","-3.3625503260134133","-3.599351048321187","-3.599351048321187","-3.599351048321187","-1.7808519746316045","-1.7808519746316045","-1.7808519746316045","-2.2903387650463958","-2.2903387650463958","-2.2903387650463958","-2.722997381680562","-2.722997381680562","-2.722997381680562","-5.374595088856231","-5.374595088856231","-5.374595088856231","-4.921592756628956","-4.921592756628956","-4.921592756628956","-1.8594516936873986","-1.8594516936873986","-1.8594516936873986","-3.1732905266568423","-3.1732905266568423","-3.1732905266568423","-2.3104370549331974","-2.3104370549331974","-2.3104370549331974","-3.275312871033255","-3.275312871033255","-3.275312871033255","-3.0671811083458542","-3.0671811083458542","-3.0671811083458542","-3.6035979202820156","-3.6035979202820156","-3.6035979202820156","-3.5565475706464555","-3.5565475706464555","-3.5565475706464555"
"13500","-3.5386351186705767","-3.5386351186705767","-3.5386351186705767","-2.7162317796923916","-2.7162317796923916","-2.7162317796923916","-2.821627678653091","-2.821627678653091","-2.821627678653091","-3.7132309457425285","-3.7132309457425285","-3.7132309457425285","-2.941017474333898","-2.941017474333898","-2.941017474333898","-3.794885306992872","-3.794885306992872","-3.794885306992872","-3.808534338158465","-3.808534338158465","-3.808534338158465","-2.416624869087441","-2.416624869087441","-2.416624869087441","-2.3110723532744197","-2.3110723532744197","-2.3110723532744197","-5.8677708047137935","-5.8677708047137935","-5.8677708047137935","-2.5053433905463676","-2.5053433905463676","-2.5053433905463676","-2.4830007428774548","-2.4830007428774548","-2.4830007428774548","-2.441928012544109","-2.441928012544109","-2.441928012544109","-1.9137750621424654","-1.9137750621424654","-1.9137750621424654","-4.999881031107174","-4.999881031107174","-4.999881031107174","-3.815544148762508","-3.815544148762508","-3.815544148762508","-1.5728833751922935","-1.5728833751922935","-1.5728833751922935","-2.5651483287596575","-2.5651483287596575","-2.5651483287596575","-2.8467474538993267","-2.8467474538993267","-2.8467474538993267","-3.339746389496791","-3.339746389496791","-3.339746389496791"
"14000","-2.4684551190092128","-2.4684551190092128","-2.4684551190092128","-1.5175739047924153","-1.5175739047924153","-1.5175739047924153","-3.6122478528164224","-3.6122478528164224","-3.6122478528164224","-2.9611928508334975","-2.9611928508334975","-2.9611928508334975","-3.519569080505531","-3.519569080505531","-3.519569080505531","-3.3824561354350364","-3.3824561354350364","-3.3824561354350364","-3.0755783997846935","-3.0755783997846935","-3.0755783997846935","-2.7565260474663775","-2.7565260474663775","-2.7565260474663775","-1.6930816661335903","-1.6930816661335903","-1.6930816661335903","-4.29506713442027","-4.29506713442027","-4.29506713442027","-3.2532810025032672","-3.2532810025032672","-3.2532810025032672","-2.332947891287996","-2.332947891287996","-2.332947891287996","-2.4125547520145347","-2.4125547520145347","-2.4125547520145347","-1.7822122309126047","-1.7822122309126047","-1.7822122309126047","-3.206154292214599","-3.206154292214599","-3.206154292214599","-2.501300021538472","-2.501300021538472","-2.501300021538472","-2.317697042292492","-2.317697042292492","-2.317697042292492","-1.5178142472782024","-1.5178142472782024","-1.5178142472782024","-5.207080768513459","-5.207080768513459","-5.207080768513459","-3.3008820759713684","-3.3008820759713684","-3.3008820759713684"
"14500","-3.870458289822571","-3.870458289822571","-3.870458289822571","-1.8876271197276135","-1.8876271197276135","-1.8876271197276135","-2.888073505787045","-2.888073505787045","-2.888073505787045","-2.0645262363989394","-2.0645262363989394","-2.0645262363989394","-3.5084480496068844","-3.5084480496068844","-3.5084480496068844","-1.9330108739155147","-1.9330108739155147","-1.9330108739155147","-2.4761013747190637","-2.4761013747190637","-2.4761013747190637","-3.03522803954304","-3.03522803954304","-3.03522803954304","-2.349216124263376","-2.349216124263376","-2.349216124263376","-2.854051243967236","-2.854051243967236","-2.854051243967236","-3.8246695995879003","-3.8246695995879003","-3.8246695995879003","-1.797735147488185","-1.797735147488185","-1.797735147488185","-3.023929340870469","-3.023929340870469","-3.023929340870469","-2.1916099456927385","-2.1916099456927385","-2.1916099456927385","-2.533582781155848","-2.533582781155848","-2.533582781155848","-4.746278737752306","-4.746278737752306","-4.746278737752306","-1.5956252000743816","-1.5956252000743816","-1.5956252000743816","-2.3520755956160273","-2.3520755956160273","-2.3520755956160273","-2.4335459302129676","-2.4335459302129676","-2.4335459302129676","-3.3655957381319794","-3.3655957381319794","-3.3655957381319794"
"15000","-4.222113505135094","-4.222113505135094","-4.222113505135094","-2.8150729127531755","-2.8150729127531755","-2.8150729127531755","-2.92502527072985","-2.92502527072985","-2.92502527072985","-2.5614835581457585","-2.5614835581457585","-2.5614835581457585","-2.6331119976623594","-2.6331119976623594","-2.6331119976623594","-2.0238524715546133","-2.0238524715546133","-2.0238524715546133","-3.3699121227837336","-3.3699121227837336","-3.3699121227837336","-1.702839062399373","-1.702839062399373","-1.702839062399373","-1.805684335467046","-1.805684335467046","-1.805684335467046","-2.4015804217679313","-2.4015804217679313","-2.4015804217679313","-2.5304933699619014","-2.5304933699619014","-2.5304933699619014","-1.6448780418202307","-1.6448780418202307","-1.6448780418202307","-2.9078682540309706","-2.9078682540309706","-2.9078682540309706","-2.3896618185269545","-2.3896618185269545","-2.3896618185269545","-1.5685313080979242","-1.5685313080979242","-1.5685313080979242","-3.7009841411013453","-3.7009841411013453","-3.7009841411013453","-2.08869291261987","-2.08869291261987","-2.08869291261987","-1.506054884780511","-1.506054884780511","-1.506054884780511","-2.2190313872485548","-2.2190313872485548","-2.2190313872485548","-2.8893419179137623","-2.8893419179137623","-2.8893419179137623"
"15500","-3.462499466138497","-3.462499466138497","-3.462499466138497","-1.9358223246600912","-1.9358223246600912","-1.9358223246600912","-4.075771583544053","-4.075771583544053","-4.075771583544053","-1.90610860184881","-1.90610860184881","-1.90610860184881","-1.815928525875626","-1.815928525875626","-1.815928525875626","-2.9715866727218034","-2.9715866727218034","-2.9715866727218034","-3.8161232555289346","-3.8161232555289346","-3.8161232555289346","-3.9168787493963615","-3.9168787493963615","-3.9168787493963615","-3.551381938703698","-3.551381938703698","-3.551381938703698","-2.813191786680254","-2.813191786680254","-2.813191786680254","-3.6137631811232596","-3.6137631811232596","-3.6137631811232596","-1.588236354775478","-1.588236354775478","-1.588236354775478","-2.0211885760390946","-2.0211885760390946","-2.0211885760390946","-1.6909757540873176","-1.6909757540873176","-1.6909757540873176","-2.6741468382862905","-2.6741468382862905","-2.6741468382862905","-3.2160222949052626","-3.2160222949052626","-3.2160222949052626","-1.8170757162242392","-1.8170757162242392","-1.8170757162242392","-2.1824950569348713","-2.1824950569348713","-2.1824950569348713","-3.0241964077035215","-3.0241964077035215","-3.0241964077035215","-2.6342889967986096","-2.6342889967986096","-2.6342889967986096"
"16000","-4.170290956502495","-4.170290956502495","-4.170290956502495","-2.349772303943282","-2.349772303943282","-2.349772303943282","-3.5154830206350924","-3.5154830206350924","-3.5154830206350924","-1.8890277922774454","-1.8890277922774454","-1.8890277922774454","-4.341633802961451","-4.341633802961451","-4.341633802961451","-3.8354825391834773","-3.8354825391834773","-3.8354825391834773","-4.330574419385302","-4.330574419385302","-4.330574419385302","-2.1852817657699446","-2.1852817657699446","-2.1852817657699446","-2.2105502938892005","-2.2105502938892005","-2.2105502938892005","-3.874323145505053","-3.874323145505053","-3.874323145505053","-3.12889061526784","-3.12889061526784","-3.12889061526784","-1.545225445649382","-1.545225445649382","-1.545225445649382","-2.3552454748125364","-2.3552454748125364","-2.3552454748125364","-1.990486592760536","-1.990486592760536","-1.990486592760536","-1.9995548304956863","-1.9995548304956863","-1.9995548304956863","-2.1644526066037946","-2.1644526066037946","-2.1644526066037946","-1.81530914739049","-1.81530914739049","-1.81530914739049","-2.9855518174293487","-2.9855518174293487","-2.9855518174293487","-2.6722267442269336","-2.6722267442269336","-2.6722267442269336","-3.100828784540615","-3.100828784540615","-3.100828784540615"
"16500","-3.438766052136039","-3.438766052136039","-3.438766052136039","-3.3222263962001124","-3.3222263962001124","-3.3222263962001124","-4.220497777659593","-4.220497777659593","-4.220497777659593","-2.150764087175052","-2.150764087175052","-2.150764087175052","-5.445851430668985","-5.445851430668985","-5.445851430668985","-1.4091312231834436","-1.4091312231834436","-1.4091312231834436","-3.5410435546349546","-3.5410435546349546","-3.5410435546349546","-1.985780035840176","-1.985780035840176","-1.985780035840176","-2.0024507517187486","-2.0024507517187486","-2.0024507517187486","-1.5746637571623059","-1.5746637571623059","-1.5746637571623059","-2.087632638043521","-2.087632638043521","-2.087632638043521","-2.3460481463404923","-2.3460481463404923","-2.3460481463404923","-2.4008841535669347","-2.4008841535669347","-2.4008841535669347","-2.042252853383804","-2.042252853383804","-2.042252853383804","-1.9824395282422689","-1.9824395282422689","-1.9824395282422689","-2.2367848784753224","-2.2367848784753224","-2.2367848784753224","-2.048478470623057","-2.048478470623057","-2.048478470623057","-1.5199287021547567","-1.5199287021547567","-1.5199287021547567","-3.4850259017780614","-3.4850259017780614","-3.4850259017780614","-2.697460332374441","-2.697460332374441","-2.697460332374441"
"17000","-2.6888604962427314","-2.6888604962427314","-2.6888604962427314","-3.415059909212598","-3.415059909212598","-3.415059909212598","-1.9031568607838925","-1.9031568607838925","-1.9031568607838925","-1.9426628141615292","-1.9426628141615292","-1.9426628141615292","-3.344615390853184","-3.344615390853184","-3.344615390853184","-3.3399875773705303","-3.3399875773705303","-3.3399875773705303","-2.673515639870805","-2.673515639870805","-2.673515639870805","-3.818371641110707","-3.818371641110707","-3.818371641110707","-2.898421633438267","-2.898421633438267","-2.898421633438267","-2.1959143820755727","-2.1959143820755727","-2.1959143820755727","-5.095933610318808","-5.095933610318808","-5.095933610318808","-5.084105547899931","-5.084105547899931","-5.084105547899931","-1.979345757354497","-1.979345757354497","-1.979345757354497","-1.9144899963634465","-1.9144899963634465","-1.9144899963634465","-1.9785266991799824","-1.9785266991799824","-1.9785266991799824","-4.651476561540872","-4.651476561540872","-4.651476561540872","-1.7028540170228872","-1.7028540170228872","-1.7028540170228872","-2.3449903927129956","-2.3449903927129956","-2.3449903927129956","-3.2359525967271408","-3.2359525967271408","-3.2359525967271408","-3.264603293559263","-3.264603293559263","-3.264603293559263"
"17500","-4.149022332942165","-4.149022332942165","-4.149022332942165","-1.5374453026166608","-1.5374453026166608","-1.5374453026166608","-4.125367737610988","-4.125367737610988","-4.125367737610988","-3.283174831552743","-3.283174831552743","-3.283174831552743","-4.076157378075774","-4.076157378075774","-4.076157378075774","-1.4179585521226952","-1.4179585521226952","-1.4179585521226952","-3.530107987019479","-3.530107987019479","-3.530107987019479","-2.492528088937445","-2.492528088937445","-2.492528088937445","-1.566446640327245","-1.566446640327245","-1.566446640327245","-2.3086864299563414","-2.3086864299563414","-2.3086864299563414","-1.941566231893114","-1.941566231893114","-1.941566231893114","-1.4212975936666716","-1.4212975936666716","-1.4212975936666716","-1.885674271909971","-1.885674271909971","-1.885674271909971","-1.7745120699443409","-1.7745120699443409","-1.7745120699443409","-1.8336919305639903","-1.8336919305639903","-1.8336919305639903","-3.328962264577825","-3.328962264577825","-3.328962264577825","-1.0817394054228067","-1.0817394054228067","-1.0817394054228067","-2.535124482858964","-2.535124482858964","-2.535124482858964","-1.8937010315018543","-1.8937010315018543","-1.8937010315018543","-2.3193768498795073","-2.3193768498795073","-2.3193768498795073"
"18000","-2.59002875692009","-2.59002875692009","-2.59002875692009","-1.8268607124596818","-1.8268607124596818","-1.8268607124596818","-3.2038276433788146","-3.2038276433788146","-3.2038276433788146","-2.367510835454707","-2.367510835454707","-2.367510835454707","-2.8001290131320715","-2.8001290131320715","-2.8001290131320715","-2.008515784687727","-2.008515784687727","-2.008515784687727","-2.5494994538006424","-2.5494994538006424","-2.5494994538006424","-2.079438305338781","-2.079438305338781","-2.079438305338781","-4.743675402522851","-4.743675402522851","-4.743675402522851","-3.3592906746519056","-3.3592906746519056","-3.3592906746519056","-2.0354311273020236","-2.0354311273020236","-2.0354311273020236","-1.380402633296581","-1.380402633296581","-1.380402633296581","-1.7602380876841965","-1.7602380876841965","-1.7602380876841965","-2.65436717234005","-2.65436717234005","-2.65436717234005","-1.9900551456406568","-1.9900551456406568","-1.9900551456406568","-4.7145147892201535","-4.7145147892201535","-4.7145147892201535","-0.9398849587737969","-0.9398849587737969","-0.9398849587737969","-1.7088571615633967","-1.7088571615633967","-1.7088571615633967","-1.4393584938423145","-1.4393584938423145","-1.4393584938423145","-2.7094024613383896","-2.7094024613383896","-2.7094024613383896"
"18500","-2.5408683724253622","-2.5408683724253622","-2.5408683724253622","-1.5185125546333182","-1.5185125546333182","-1.5185125546333182","-3.396305592389349","-3.396305592389349","-3.396305592389349","-1.6843916017954967","-1.6843916017954967","-1.6843916017954967","-2.688556896838374","-2.688556896838374","-2.688556896838374","-3.7738254003401273","-3.7738254003401273","-3.7738254003401273","-3.0992489033965143","-3.0992489033965143","-3.0992489033965143","-4.502236103463946","-4.502236103463946","-4.502236103463946","-3.7255092847372104","-3.7255092847372104","-3.7255092847372104","-6.420176798590274","-6.420176798590274","-6.420176798590274","-1.6300955192515965","-1.6300955192515965","-1.6300955192515965","-1.6339806415602596","-1.6339806415602596","-1.6339806415602596","-2.2565820520069764","-2.2565820520069764","-2.2565820520069764","-1.8717125614397818","-1.8717125614397818","-1.8717125614397818","-1.831269452869007","-1.831269452869007","-1.831269452869007","-2.9777835344864463","-2.9777835344864463","-2.9777835344864463","-1.4965799360725838","-1.4965799360725838","-1.4965799360725838","-2.7535696806438064","-2.7535696806438064","-2.7535696806438064","-1.7495832084121195","-1.7495832084121195","-1.7495832084121195","-3.072810902663374","-3.072810902663374","-3.072810902663374"
"19000","-3.2260090941984965","-3.2260090941984965","-3.2260090941984965","-1.1654037778011503","-1.1654037778011503","-1.1654037778011503","-3.2285837172417957","-3.2285837172417957","-3.2285837172417957","-1.4886537082553148","-1.4886537082553148","-1.4886537082553148","-3.767954439802671","-3.767954439802671","-3.767954439802671","-2.577594330603764","-2.577594330603764","-2.577594330603764","-3.5946042902353925","-3.5946042902353925","-3.5946042902353925","-1.514699885445213","-1.514699885445213","-1.514699885445213","-3.0919001621103757","-3.0919001621103757","-3.0919001621103757","-2.27914243582939","-2.27914243582939","-2.27914243582939","-2.4064374134516835","-2.4064374134516835","-2.4064374134516835","-1.8996975762971828","-1.8996975762971828","-1.8996975762971828","-2.2125995754791017","-2.2125995754791017","-2.2125995754791017","-1.6231109948834341","-1.6231109948834341","-1.6231109948834341","-2.1192851408180493","-2.1192851408180493","-2.1192851408180493","-3.0662509270698317","-3.0662509270698317","-3.0662509270698317","-1.3387832223741167","-1.3387832223741167","-1.3387832223741167","-1.7009055659349426","-1.7009055659349426","-1.7009055659349426","-1.5550560133779956","-1.5550560133779956","-1.5550560133779956","-2.037497973809853","-2.037497973809853","-2.037497973809853"
"19500","-3.086453803731103","-3.086453803731103","-3.086453803731103","-1.816625041796458","-1.816625041796458","-1.816625041796458","-4.035359463795315","-4.035359463795315","-4.035359463795315","-1.6627013581372008","-1.6627013581372008","-1.6627013581372008","-2.5515962262123204","-2.5515962262123204","-2.5515962262123204","-2.18125903150731","-2.18125903150731","-2.18125903150731","-2.1303321832281066","-2.1303321832281066","-2.1303321832281066","-1.4234282736702655","-1.4234282736702655","-1.4234282736702655","-2.6266436456939446","-2.6266436456939446","-2.6266436456939446","-1.8516322980034015","-1.8516322980034015","-1.8516322980034015","-1.4101781493712668","-1.4101781493712668","-1.4101781493712668","-1.1675260067659772","-1.1675260067659772","-1.1675260067659772","-3.461532869125442","-3.461532869125442","-3.461532869125442","-2.8874395464559113","-2.8874395464559113","-2.8874395464559113","-1.621185848647159","-1.621185848647159","-1.621185848647159","-2.643894622357888","-2.643894622357888","-2.643894622357888","-1.5467235126090593","-1.5467235126090593","-1.5467235126090593","-4.254293609737317","-4.254293609737317","-4.254293609737317","-2.0433318044633353","-2.0433318044633353","-2.0433318044633353","-3.2760045837570373","-3.2760045837570373","-3.2760045837570373"
"20000","-2.473863533081952","-2.473863533081952","-2.473863533081952","-2.584223318038391","-2.584223318038391","-2.584223318038391","-2.6313899246681016","-2.6313899246681016","-2.6313899246681016","-1.304471030021816","-1.304471030021816","-1.304471030021816","-3.6984739819262815","-3.6984739819262815","-3.6984739819262815","-3.676585097149901","-3.676585097149901","-3.676585097149901","-4.084980556685524","-4.084980556685524","-4.084980556685524","-1.2245110494304334","-1.2245110494304334","-1.2245110494304334","-3.017045208253881","-3.017045208253881","-3.017045208253881","-2.1765769291468997","-2.1765769291468997","-2.1765769291468997","-2.405229909667452","-2.405229909667452","-2.405229909667452","-1.6071814671397682","-1.6071814671397682","-1.6071814671397682","-1.8812370327710912","-1.8812370327710912","-1.8812370327710912","-2.1601919441594157","-2.1601919441594157","-2.1601919441594157","-1.6246098090310148","-1.6246098090310148","-1.6246098090310148","-2.6008501429459545","-2.6008501429459545","-2.6008501429459545","-3.445609588971672","-3.445609588971672","-3.445609588971672","-3.25685865813091","-3.25685865813091","-3.25685865813091","-2.091288850102876","-2.091288850102876","-2.091288850102876","-4.126260712740374","-4.126260712740374","-4.126260712740374"
"20500","-1.8590881839630764","-1.8590881839630764","-1.8590881839630764","-1.2081513073173205","-1.2081513073173205","-1.2081513073173205","-3.2347822997853006","-3.2347822997853006","-3.2347822997853006","-1.3916100752705984","-1.3916100752705984","-1.3916100752705984","-3.45998103774422","-3.45998103774422","-3.45998103774422","-1.920261970703055","-1.920261970703055","-1.920261970703055","-2.104567297039944","-2.104567297039944","-2.104567297039944","-1.9428798314946083","-1.9428798314946083","-1.9428798314946083","-2.711952114493541","-2.711952114493541","-2.711952114493541","-3.5230106899194746","-3.5230106899194746","-3.5230106899194746","-2.431880715711798","-2.431880715711798","-2.431880715711798","-1.3939802119909679","-1.3939802119909679","-1.3939802119909679","-2.2959119017108787","-2.2959119017108787","-2.2959119017108787","-1.856587612468737","-1.856587612468737","-1.856587612468737","-2.15355976928939","-2.15355976928939","-2.15355976928939","-2.7212947061472605","-2.7212947061472605","-2.7212947061472605","-1.2800296924541519","-1.2800296924541519","-1.2800296924541519","-2.046505946079683","-2.046505946079683","-2.046505946079683","-2.0991850907619707","-2.0991850907619707","-2.0991850907619707","-2.81840844715596","-2.81840844715596","-2.81840844715596"
"21000","-2.194375774433894","-2.194375774433894","-2.194375774433894","-0.9722802163515791","-0.9722802163515791","-0.9722802163515791","-3.523014186084145","-3.523014186084145","-3.523014186084145","-2.5652788110817375","-2.5652788110817375","-2.5652788110817375","-4.686015164705214","-4.686015164705214","-4.686015164705214","-1.7364703215426076","-1.7364703215426076","-1.7364703215426076","-1.8755281689165717","-1.8755281689165717","-1.8755281689165717","-1.2630120727198058","-1.2630120727198058","-1.2630120727198058","-1.8916590592891773","-1.8916590592891773","-1.8916590592891773","-2.4448492831031836","-2.4448492831031836","-2.4448492831031836","-2.316659481538809","-2.316659481538809","-2.316659481538809","-2.379527779532938","-2.379527779532938","-2.379527779532938","-2.9886908602237954","-2.9886908602237954","-2.9886908602237954","-1.916058633090558","-1.916058633090558","-1.916058633090558","-1.8243275961818264","-1.8243275961818264","-1.8243275961818264","-1.5257474888134768","-1.5257474888134768","-1.5257474888134768","-1.4668143740952106","-1.4668143740952106","-1.4668143740952106","-2.887876817926298","-2.887876817926298","-2.887876817926298","-2.320737603473311","-2.320737603473311","-2.320737603473311","-2.540651352930727","-2.540651352930727","-2.540651352930727"
"21500","-1.5893825656521166","-1.5893825656521166","-1.5893825656521166","-1.4262886664489958","-1.4262886664489958","-1.4262886664489958","-2.659745819291366","-2.659745819291366","-2.659745819291366","-1.2423058747905453","-1.2423058747905453","-1.2423058747905453","-4.966746198397252","-4.966746198397252","-4.966746198397252","-2.0903613453339327","-2.0903613453339327","-2.0903613453339327","-2.4903030605803904","-2.4903030605803904","-2.4903030605803904","-3.1471444466987224","-3.1471444466987224","-3.1471444466987224","-2.2812430096814693","-2.2812430096814693","-2.2812430096814693","-2.2378116789418776","-2.2378116789418776","-2.2378116789418776","-2.141363185142973","-2.141363185142973","-2.141363185142973","-1.6288850348744712","-1.6288850348744712","-1.6288850348744712","-1.549495656782946","-1.549495656782946","-1.549495656782946","-3.208558067861103","-3.208558067861103","-3.208558067861103","-1.5872147094131603","-1.5872147094131603","-1.5872147094131603","-2.543662952919903","-2.543662952919903","-2.543662952919903","-1.7882732013388225","-1.7882732013388225","-1.7882732013388225","-1.6723114499541603","-1.6723114499541603","-1.6723114499541603","-2.7040161192484327","-2.7040161192484327","-2.7040161192484327","-1.9056890849061783","-1.9056890849061783","-1.9056890849061783"
"22000","-3.0162289097097292","-3.0162289097097292","-3.0162289097097292","-1.9215210431025966","-1.9215210431025966","-1.9215210431025966","-1.8396001726433657","-1.8396001726433657","-1.8396001726433657","-1.6311821942027578","-1.6311821942027578","-1.6311821942027578","-1.7599126391589857","-1.7599126391589857","-1.7599126391589857","-2.5068986221974088","-2.5068986221974088","-2.5068986221974088","-2.312124425793713","-2.312124425793713","-2.312124425793713","-1.4209526956686094","-1.4209526956686094","-1.4209526956686094","-1.8265925028309256","-1.8265925028309256","-1.8265925028309256","-2.56915442381056","-2.56915442381056","-2.56915442381056","-1.40415078980863","-1.40415078980863","-1.40415078980863","-2.1772738819169586","-2.1772738819169586","-2.1772738819169586","-2.452160389852522","-2.452160389852522","-2.452160389852522","-2.678450128944527","-2.678450128944527","-2.678450128944527","-2.2133653250331937","-2.2133653250331937","-2.2133653250331937","-2.543647119349523","-2.543647119349523","-2.543647119349523","-1.357622079368315","-1.357622079368315","-1.357622079368315","-2.145934492626142","-2.145934492626142","-2.145934492626142","-1.6922075785229063","-1.6922075785229063","-1.6922075785229063","-4.419610274894135","-4.419610274894135","-4.419610274894135"
"22500","-2.007709207818778","-2.007709207818778","-2.007709207818778","-0.8435470540886179","-0.8435470540886179","-0.8435470540886179","-1.8535800036141292","-1.8535800036141292","-1.8535800036141292","-1.386926043843943","-1.386926043843943","-1.386926043843943","-4.620213585437426","-4.620213585437426","-4.620213585437426","-2.596304855634031","-2.596304855634031","-2.596304855634031","-3.0362429215984847","-3.0362429215984847","-3.0362429215984847","-1.9273556511521481","-1.9273556511521481","-1.9273556511521481","-2.726878542338619","-2.726878542338619","-2.726878542338619","-2.571907699518176","-2.571907699518176","-2.571907699518176","-1.1863115413381207","-1.1863115413381207","-1.1863115413381207","-1.3861071260409088","-1.3861071260409088","-1.3861071260409088","-1.904346959152452","-1.904346959152452","-1.904346959152452","-2.0930589805933595","-2.0930589805933595","-2.0930589805933595","-1.9414570113925524","-1.9414570113925524","-1.9414570113925524","-2.091482449656975","-2.091482449656975","-2.091482449656975","-1.1145547122304065","-1.1145547122304065","-1.1145547122304065","-1.5778376002958558","-1.5778376002958558","-1.5778376002958558","-1.9446971040070848","-1.9446971040070848","-1.9446971040070848","-1.9910289693695638","-1.9910289693695638","-1.9910289693695638"
"23000","-4.2004085273754015","-4.2004085273754015","-4.2004085273754015","-1.9795327397353333","-1.9795327397353333","-1.9795327397353333","-1.8088615924871263","-1.8088615924871263","-1.8088615924871263","-1.3453745957204137","-1.3453745957204137","-1.3453745957204137","-5.15314985911926","-5.15314985911926","-5.15314985911926","-1.6619354505185993","-1.6619354505185993","-1.6619354505185993","-2.2478686848774894","-2.2478686848774894","-2.2478686848774894","-1.5318343493798008","-1.5318343493798008","-1.5318343493798008","-2.616969101225031","-2.616969101225031","-2.616969101225031","-2.1116567206366614","-2.1116567206366614","-2.1116567206366614","-1.8458669062233715","-1.8458669062233715","-1.8458669062233715","-1.8549096489441734","-1.8549096489441734","-1.8549096489441734","-1.999308105384468","-1.999308105384468","-1.999308105384468","-2.5246172192410175","-2.5246172192410175","-2.5246172192410175","-1.6522409790285617","-1.6522409790285617","-1.6522409790285617","-2.8469495611898914","-2.8469495611898914","-2.8469495611898914","-1.1880412219503498","-1.1880412219503498","-1.1880412219503498","-1.319439004753891","-1.319439004753891","-1.319439004753891","-1.2268808211233626","-1.2268808211233626","-1.2268808211233626","-2.369408637766608","-2.369408637766608","-2.369408637766608"
"23500","-1.8758490732864739","-1.8758490732864739","-1.8758490732864739","-1.9438872996862304","-1.9438872996862304","-1.9438872996862304","-1.7261835421896805","-1.7261835421896805","-1.7261835421896805","-1.5398290272156498","-1.5398290272156498","-1.5398290272156498","-3.094516700367831","-3.094516700367831","-3.094516700367831","-1.2828205768374763","-1.2828205768374763","-1.2828205768374763","-2.152551805230666","-2.152551805230666","-2.152551805230666","-1.2769118181071502","-1.2769118181071502","-1.2769118181071502","-2.5107835478766156","-2.5107835478766156","-2.5107835478766156","-3.0727503675128895","-3.0727503675128895","-3.0727503675128895","-1.3866315511568363","-1.3866315511568363","-1.3866315511568363","-1.4877144102647526","-1.4877144102647526","-1.4877144102647526","-1.4717032576126607","-1.4717032576126607","-1.4717032576126607","-2.2735727749688066","-2.2735727749688066","-2.2735727749688066","-1.5346102142114728","-1.5346102142114728","-1.5346102142114728","-3.4772848692011684","-3.4772848692011684","-3.4772848692011684","-2.0416543373571905","-2.0416543373571905","-2.0416543373571905","-1.55384934961821","-1.55384934961821","-1.55384934961821","-1.9427031409470767","-1.9427031409470767","-1.9427031409470767","-2.375910065720568","-2.375910065720568","-2.375910065720568"
"24000","-2.066809337017486","-2.066809337017486","-2.066809337017486","-1.1226252034197368","-1.1226252034197368","-1.1226252034197368","-1.9331833941470216","-1.9331833941470216","-1.9331833941470216","-1.3907469960173604","-1.3907469960173604","-1.3907469960173604","-2.2339679457579384","-2.2339679457579384","-2.2339679457579384","-1.532823079406611","-1.532823079406611","-1.532823079406611","-1.604916191399878","-1.604916191399878","-1.604916191399878","-1.2837109271779379","-1.2837109271779379","-1.2837109271779379","-2.1709424408954647","-2.1709424408954647","-2.1709424408954647","-2.320733857766176","-2.320733857766176","-2.320733857766176","-1.8479003583853697","-1.8479003583853697","-1.8479003583853697","-1.2680928091237935","-1.2680928091237935","-1.2680928091237935","-1.3087291426424383","-1.3087291426424383","-1.3087291426424383","-2.293350996560606","-2.293350996560606","-2.293350996560606","-1.2175092880081986","-1.2175092880081986","-1.2175092880081986","-2.104730554037567","-2.104730554037567","-2.104730554037567","-0.963021617892322","-0.963021617892322","-0.963021617892322","-1.3198276523961487","-1.3198276523961487","-1.3198276523961487","-1.324928060434437","-1.324928060434437","-1.324928060434437","-2.3524808901026675","-2.3524808901026675","-2.3524808901026675"
"24500","-2.0287749778992774","-2.0287749778992774","-2.0287749778992774","-2.550935019354598","-2.550935019354598","-2.550935019354598","-2.143625862171574","-2.143625862171574","-2.143625862171574","-1.4191012011450126","-1.4191012011450126","-1.4191012011450126","-2.49016105687154","-2.49016105687154","-2.49016105687154","-1.955161296756033","-1.955161296756033","-1.955161296756033","-2.261500639670283","-2.261500639670283","-2.261500639670283","-1.3091197180183307","-1.3091197180183307","-1.3091197180183307","-2.9639386439123565","-2.9639386439123565","-2.9639386439123565","-3.600885179266931","-3.600885179266931","-3.600885179266931","-2.042118904489623","-2.042118904489623","-2.042118904489623","-2.086597679118321","-2.086597679118321","-2.086597679118321","-2.9117096524562256","-2.9117096524562256","-2.9117096524562256","-2.705946192657154","-2.705946192657154","-2.705946192657154","-1.349062103707367","-1.349062103707367","-1.349062103707367","-2.1180294524136345","-2.1180294524136345","-2.1180294524136345","-1.1384912886154355","-1.1384912886154355","-1.1384912886154355","-1.3952797119064533","-1.3952797119064533","-1.3952797119064533","-1.5232973734311699","-1.5232973734311699","-1.5232973734311699","-2.3209306344058223","-2.3209306344058223","-2.3209306344058223"
"25000","-2.0406379156614483","-2.0406379156614483","-2.0406379156614483","-1.7124175609976866","-1.7124175609976866","-1.7124175609976866","-2.2175734405480894","-2.2175734405480894","-2.2175734405480894","-1.9668772456450987","-1.9668772456450987","-1.9668772456450987","-4.23251670486271","-4.23251670486271","-4.23251670486271","-1.4653860215700927","-1.4653860215700927","-1.4653860215700927","-2.3491581367795717","-2.3491581367795717","-2.3491581367795717","-2.225151418719821","-2.225151418719821","-2.225151418719821","-1.611542805819321","-1.611542805819321","-1.611542805819321","-1.515233934553043","-1.515233934553043","-1.515233934553043","-1.9676823548587479","-1.9676823548587479","-1.9676823548587479","-2.1372520900018146","-2.1372520900018146","-2.1372520900018146","-1.8795108872936244","-1.8795108872936244","-1.8795108872936244","-1.70997001036488","-1.70997001036488","-1.70997001036488","-1.7779809575139087","-1.7779809575139087","-1.7779809575139087","-4.280233269696131","-4.280233269696131","-4.280233269696131","-1.6714241835663617","-1.6714241835663617","-1.6714241835663617","-1.30206903053927","-1.30206903053927","-1.30206903053927","-1.3333018904659766","-1.3333018904659766","-1.3333018904659766","-1.6410041807048816","-1.6410041807048816","-1.6410041807048816"
"25500","-2.0477965705975483","-2.0477965705975483","-2.0477965705975483","-1.1624980954103188","-1.1624980954103188","-1.1624980954103188","-2.5858338916060095","-2.5858338916060095","-2.5858338916060095","-1.9075906680169612","-1.9075906680169612","-1.9075906680169612","-2.4209508488463714","-2.4209508488463714","-2.4209508488463714","-1.5185334531469987","-1.5185334531469987","-1.5185334531469987","-1.6878951213585212","-1.6878951213585212","-1.6878951213585212","-2.2863698002243207","-2.2863698002243207","-2.2863698002243207","-2.1194503575085895","-2.1194503575085895","-2.1194503575085895","-1.568494840795531","-1.568494840795531","-1.568494840795531","-1.9329525496805666","-1.9329525496805666","-1.9329525496805666","-1.7894881235338258","-1.7894881235338258","-1.7894881235338258","-1.8136324509512458","-1.8136324509512458","-1.8136324509512458","-1.9505149232741879","-1.9505149232741879","-1.9505149232741879","-1.0173258245758134","-1.0173258245758134","-1.0173258245758134","-2.5190270855275356","-2.5190270855275356","-2.5190270855275356","-1.1376074506852867","-1.1376074506852867","-1.1376074506852867","-1.8928843692077997","-1.8928843692077997","-1.8928843692077997","-1.7533914183826904","-1.7533914183826904","-1.7533914183826904","-1.6579438469139387","-1.6579438469139387","-1.6579438469139387"
"26000","-1.9404488533674609","-1.9404488533674609","-1.9404488533674609","-1.0785205395018858","-1.0785205395018858","-1.0785205395018858","-2.7384930015750157","-2.7384930015750157","-2.7384930015750157","-1.3080804537191724","-1.3080804537191724","-1.3080804537191724","-5.216546451997925","-5.216546451997925","-5.216546451997925","-2.4561182520316462","-2.4561182520316462","-2.4561182520316462","-1.2354860938970402","-1.2354860938970402","-1.2354860938970402","-1.655197416923094","-1.655197416923094","-1.655197416923094","-2.1044716199959184","-2.1044716199959184","-2.1044716199959184","-1.6481478075749698","-1.6481478075749698","-1.6481478075749698","-2.3031961807207963","-2.3031961807207963","-2.3031961807207963","-1.492614494970791","-1.492614494970791","-1.492614494970791","-1.3559062251813472","-1.3559062251813472","-1.3559062251813472","-2.0118287356482214","-2.0118287356482214","-2.0118287356482214","-2.268743109734968","-2.268743109734968","-2.268743109734968","-3.123380435684303","-3.123380435684303","-3.123380435684303","-1.303853343814052","-1.303853343814052","-1.303853343814052","-1.343645855328117","-1.343645855328117","-1.343645855328117","-2.6970704936721583","-2.6970704936721583","-2.6970704936721583","-2.364376559145909","-2.364376559145909","-2.364376559145909"
"26500","-1.4166395942855252","-1.4166395942855252","-1.4166395942855252","-1.1399864490568377","-1.1399864490568377","-1.1399864490568377","-2.658808221481069","-2.658808221481069","-2.658808221481069","-1.6156067797437383","-1.6156067797437383","-1.6156067797437383","-1.625251274801983","-1.625251274801983","-1.625251274801983","-2.3831407609597224","-2.3831407609597224","-2.3831407609597224","-1.5066685947595677","-1.5066685947595677","-1.5066685947595677","-1.3389302743792009","-1.3389302743792009","-1.3389302743792009","-2.330396584940197","-2.330396584940197","-2.330396584940197","-2.2461880829344274","-2.2461880829344274","-2.2461880829344274","-1.7398612121708155","-1.7398612121708155","-1.7398612121708155","-1.9868984547710593","-1.9868984547710593","-1.9868984547710593","-1.4600665064603318","-1.4600665064603318","-1.4600665064603318","-1.7144404338274597","-1.7144404338274597","-1.7144404338274597","-1.3165680968225872","-1.3165680968225872","-1.3165680968225872","-2.4276760040740806","-2.4276760040740806","-2.4276760040740806","-1.166188579982395","-1.166188579982395","-1.166188579982395","-1.6370110640707065","-1.6370110640707065","-1.6370110640707065","-1.3862352758894","-1.3862352758894","-1.3862352758894","-1.9087832954579569","-1.9087832954579569","-1.9087832954579569"
"27000","-2.4156820197090623","-2.4156820197090623","-2.4156820197090623","-1.2201021227617597","-1.2201021227617597","-1.2201021227617597","-2.4283901338920266","-2.4283901338920266","-2.4283901338920266","-1.440988302526814","-1.440988302526814","-1.440988302526814","-1.521429184289121","-1.521429184289121","-1.521429184289121","-2.2315429638946602","-2.2315429638946602","-2.2315429638946602","-1.5733064484026293","-1.5733064484026293","-1.5733064484026293","-1.4468866774032407","-1.4468866774032407","-1.4468866774032407","-2.37855211729275","-2.37855211729275","-2.37855211729275","-1.4694974984342561","-1.4694974984342561","-1.4694974984342561","-2.3380988479558207","-2.3380988479558207","-2.3380988479558207","-2.1716712614486093","-2.1716712614486093","-2.1716712614486093","-1.5416347548960376","-1.5416347548960376","-1.5416347548960376","-2.7959037382953333","-2.7959037382953333","-2.7959037382953333","-1.6121144443893716","-1.6121144443893716","-1.6121144443893716","-3.2707072683859635","-3.2707072683859635","-3.2707072683859635","-1.082903623764301","-1.082903623764301","-1.082903623764301","-2.478238283836096","-2.478238283836096","-2.478238283836096","-1.4095984823987442","-1.4095984823987442","-1.4095984823987442","-1.8590660490211293","-1.8590660490211293","-1.8590660490211293"
"27500","-1.8787798892623897","-1.8787798892623897","-1.8787798892623897","-1.1448441723661238","-1.1448441723661238","-1.1448441723661238","-2.285083443895326","-2.285083443895326","-2.285083443895326","-1.821155674788816","-1.821155674788816","-1.821155674788816","-2.8797830775457265","-2.8797830775457265","-2.8797830775457265","-1.7457996528595472","-1.7457996528595472","-1.7457996528595472","-1.8966220772042395","-1.8966220772042395","-1.8966220772042395","-2.12548370893885","-2.12548370893885","-2.12548370893885","-1.160360055421771","-1.160360055421771","-1.160360055421771","-1.392268219837433","-1.392268219837433","-1.392268219837433","-2.580234204889531","-2.580234204889531","-2.580234204889531","-2.109245998007377","-2.109245998007377","-2.109245998007377","-1.4351052157027615","-1.4351052157027615","-1.4351052157027615","-2.026343934565186","-2.026343934565186","-2.026343934565186","-1.3816052941723032","-1.3816052941723032","-1.3816052941723032","-2.24395975233291","-2.24395975233291","-2.24395975233291","-1.2919706323501612","-1.2919706323501612","-1.2919706323501612","-1.7829235960017702","-1.7829235960017702","-1.7829235960017702","-2.3424466269150876","-2.3424466269150876","-2.3424466269150876","-1.5289408008745673","-1.5289408008745673","-1.5289408008745673"
"28000","-1.8124606345914387","-1.8124606345914387","-1.8124606345914387","-1.9471548904343252","-1.9471548904343252","-1.9471548904343252","-2.240982549710445","-2.240982549710445","-2.240982549710445","-1.3605928138505594","-1.3605928138505594","-1.3605928138505594","-1.3739362724401467","-1.3739362724401467","-1.3739362724401467","-1.7542707349703686","-1.7542707349703686","-1.7542707349703686","-2.197158078757664","-2.197158078757664","-2.197158078757664","-1.463515301107369","-1.463515301107369","-1.463515301107369","-1.6174403690620445","-1.6174403690620445","-1.6174403690620445","-1.7114370157570438","-1.7114370157570438","-1.7114370157570438","-2.005089437098867","-2.005089437098867","-2.005089437098867","-1.476239471244994","-1.476239471244994","-1.476239471244994","-1.371661762842872","-1.371661762842872","-1.371661762842872","-1.7344142064603105","-1.7344142064603105","-1.7344142064603105","-1.2411764501791536","-1.2411764501791536","-1.2411764501791536","-1.5216794038102075","-1.5216794038102075","-1.5216794038102075","-2.2649603178282005","-2.2649603178282005","-2.2649603178282005","-2.0791784531387876","-2.0791784531387876","-2.0791784531387876","-1.7545538657127877","-1.7545538657127877","-1.7545538657127877","-1.4183237064543546","-1.4183237064543546","-1.4183237064543546"
"28500","-2.426969421311939","-2.426969421311939","-2.426969421311939","-1.3152255538613618","-1.3152255538613618","-1.3152255538613618","-1.7637062601692421","-1.7637062601692421","-1.7637062601692421","-1.3429209792974315","-1.3429209792974315","-1.3429209792974315","-1.6097455620622676","-1.6097455620622676","-1.6097455620622676","-1.5033076180206688","-1.5033076180206688","-1.5033076180206688","-1.7730775993496586","-1.7730775993496586","-1.7730775993496586","-1.1249395348825193","-1.1249395348825193","-1.1249395348825193","-1.559455424635014","-1.559455424635014","-1.559455424635014","-1.8094586301218034","-1.8094586301218034","-1.8094586301218034","-2.6587412358517533","-2.6587412358517533","-2.6587412358517533","-1.3513742281230594","-1.3513742281230594","-1.3513742281230594","-1.1696221773256668","-1.1696221773256668","-1.1696221773256668","-1.8590056760028557","-1.8590056760028557","-1.8590056760028557","-1.5175471423765035","-1.5175471423765035","-1.5175471423765035","-1.8219532978886712","-1.8219532978886712","-1.8219532978886712","-0.982998801967413","-0.982998801967413","-0.982998801967413","-2.9671622096886243","-2.9671622096886243","-2.9671622096886243","-2.1123058520721267","-2.1123058520721267","-2.1123058520721267","-1.5042302844556354","-1.5042302844556354","-1.5042302844556354"
"29000","-1.7768428823046816","-1.7768428823046816","-1.7768428823046816","-1.0389869970767394","-1.0389869970767394","-1.0389869970767394","-1.5802790954325883","-1.5802790954325883","-1.5802790954325883","-1.2883434060715384","-1.2883434060715384","-1.2883434060715384","-1.5819901484625407","-1.5819901484625407","-1.5819901484625407","-0.8613713338551021","-0.8613713338551021","-0.8613713338551021","-1.8774473681782133","-1.8774473681782133","-1.8774473681782133","-1.4423255537630006","-1.4423255537630006","-1.4423255537630006","-1.7062525189640503","-1.7062525189640503","-1.7062525189640503","-1.2416712355565749","-1.2416712355565749","-1.2416712355565749","-1.994051876741176","-1.994051876741176","-1.994051876741176","-1.3824856492289446","-1.3824856492289446","-1.3824856492289446","-1.079060912708736","-1.079060912708736","-1.079060912708736","-1.6317353778938748","-1.6317353778938748","-1.6317353778938748","-1.2204354490446803","-1.2204354490446803","-1.2204354490446803","-1.7923522077489005","-1.7923522077489005","-1.7923522077489005","-1.0187835906430167","-1.0187835906430167","-1.0187835906430167","-1.687556126915593","-1.687556126915593","-1.687556126915593","-2.1003606404794226","-2.1003606404794226","-2.1003606404794226","-1.7323168579185668","-1.7323168579185668","-1.7323168579185668"
"29500","-2.657185633448529","-2.657185633448529","-2.657185633448529","-1.192855750416821","-1.192855750416821","-1.192855750416821","-2.0311072578426823","-2.0311072578426823","-2.0311072578426823","-1.1266850969129023","-1.1266850969129023","-1.1266850969129023","-1.573409640813748","-1.573409640813748","-1.573409640813748","-1.5929158911696464","-1.5929158911696464","-1.5929158911696464","-2.1786818133778816","-2.1786818133778816","-2.1786818133778816","-1.2250534673664224","-1.2250534673664224","-1.2250534673664224","-1.814100976004807","-1.814100976004807","-1.814100976004807","-1.1760621426342601","-1.1760621426342601","-1.1760621426342601","-3.2340260085328283","-3.2340260085328283","-3.2340260085328283","-1.1217497520246003","-1.1217497520246003","-1.1217497520246003","-1.1880337423430622","-1.1880337423430622","-1.1880337423430622","-1.5941994125055008","-1.5941994125055008","-1.5941994125055008","-1.4778758813098105","-1.4778758813098105","-1.4778758813098105","-1.8168483907450323","-1.8168483907450323","-1.8168483907450323","-1.2946583256390358","-1.2946583256390358","-1.2946583256390358","-1.8606135384277231","-1.8606135384277231","-1.8606135384277231","-2.005862276511236","-2.005862276511236","-2.005862276511236","-1.6725547173361623","-1.6725547173361623","-1.6725547173361623"
"30000","-2.2968378550576487","-2.2968378550576487","-2.2968378550576487","-0.9994223996175201","-0.9994223996175201","-0.9994223996175201","-2.8922154344886932","-2.8922154344886932","-2.8922154344886932","-1.223672715082976","-1.223672715082976","-1.223672715082976","-1.7573272309206796","-1.7573272309206796","-1.7573272309206796","-0.9874627272667826","-0.9874627272667826","-0.9874627272667826","-1.9844221061310368","-1.9844221061310368","-1.9844221061310368","-1.6220819918539917","-1.6220819918539917","-1.6220819918539917","-1.5616361826379677","-1.5616361826379677","-1.5616361826379677","-1.6527231010345567","-1.6527231010345567","-1.6527231010345567","-1.8258833129443754","-1.8258833129443754","-1.8258833129443754","-0.9881160168463555","-0.9881160168463555","-0.9881160168463555","-1.632673646553425","-1.632673646553425","-1.632673646553425","-1.6994470329169566","-1.6994470329169566","-1.6994470329169566","-1.5029196220567134","-1.5029196220567134","-1.5029196220567134","-2.1652067978321434","-2.1652067978321434","-2.1652067978321434","-1.2352173930044135","-1.2352173930044135","-1.2352173930044135","-0.9299918995346212","-0.9299918995346212","-0.9299918995346212","-1.8681766314479133","-1.8681766314479133","-1.8681766314479133","-2.010305116547523","-2.010305116547523","-2.010305116547523"
"30500","-1.4743503241561684","-1.4743503241561684","-1.4743503241561684","-1.0681283477913017","-1.0681283477913017","-1.0681283477913017","-3.72823032752824","-3.72823032752824","-3.72823032752824","-1.1083872818627742","-1.1083872818627742","-1.1083872818627742","-1.3625102569980085","-1.3625102569980085","-1.3625102569980085","-0.9413060525882624","-0.9413060525882624","-0.9413060525882624","-1.3907719167728245","-1.3907719167728245","-1.3907719167728245","-1.091878469667437","-1.091878469667437","-1.091878469667437","-1.6473959091135335","-1.6473959091135335","-1.6473959091135335","-1.4592490812131376","-1.4592490812131376","-1.4592490812131376","-1.968751500724696","-1.968751500724696","-1.968751500724696","-1.2312081033592324","-1.2312081033592324","-1.2312081033592324","-1.0491167366318173","-1.0491167366318173","-1.0491167366318173","-1.6688877543199054","-1.6688877543199054","-1.6688877543199054","-1.302030523928936","-1.302030523928936","-1.302030523928936","-1.57321774188863","-1.57321774188863","-1.57321774188863","-0.9646546975277779","-0.9646546975277779","-0.9646546975277779","-1.1793399044083432","-1.1793399044083432","-1.1793399044083432","-1.4145436407936511","-1.4145436407936511","-1.4145436407936511","-1.9383020100432098","-1.9383020100432098","-1.9383020100432098"
"31000","-1.7698798900471793","-1.7698798900471793","-1.7698798900471793","-1.1230597285601025","-1.1230597285601025","-1.1230597285601025","-2.398571515975919","-2.398571515975919","-2.398571515975919","-1.541828720218138","-1.541828720218138","-1.541828720218138","-1.5871244110989589","-1.5871244110989589","-1.5871244110989589","-1.4171490945837235","-1.4171490945837235","-1.4171490945837235","-1.864087080347873","-1.864087080347873","-1.864087080347873","-1.2767883201456365","-1.2767883201456365","-1.2767883201456365","-1.477339530104493","-1.477339530104493","-1.477339530104493","-2.610606891085228","-2.610606891085228","-2.610606891085228","-1.9586787322603718","-1.9586787322603718","-1.9586787322603718","-1.410974615004089","-1.410974615004089","-1.410974615004089","-0.9140239636389997","-0.9140239636389997","-0.9140239636389997","-1.7808139589015775","-1.7808139589015775","-1.7808139589015775","-2.155666890757936","-2.155666890757936","-2.155666890757936","-1.90750420572261","-1.90750420572261","-1.90750420572261","-1.1010078994312211","-1.1010078994312211","-1.1010078994312211","-1.8524266004480132","-1.8524266004480132","-1.8524266004480132","-1.6065661178470347","-1.6065661178470347","-1.6065661178470347","-1.9103247174810565","-1.9103247174810565","-1.9103247174810565"
"31500","-1.422249289401341","-1.422249289401341","-1.422249289401341","-0.9928016878286889","-0.9928016878286889","-0.9928016878286889","-2.5023340116747392","-2.5023340116747392","-2.5023340116747392","-1.1161205464740647","-1.1161205464740647","-1.1161205464740647","-1.3155242611497826","-1.3155242611497826","-1.3155242611497826","-1.7437901138240293","-1.7437901138240293","-1.7437901138240293","-2.1183470365489674","-2.1183470365489674","-2.1183470365489674","-1.2292084404314916","-1.2292084404314916","-1.2292084404314916","-1.1408724334605107","-1.1408724334605107","-1.1408724334605107","-1.460738474675458","-1.460738474675458","-1.460738474675458","-1.258241453833617","-1.258241453833617","-1.258241453833617","-1.7487136482492942","-1.7487136482492942","-1.7487136482492942","-1.2324232456649888","-1.2324232456649888","-1.2324232456649888","-1.6817900071053686","-1.6817900071053686","-1.6817900071053686","-1.1860854852535336","-1.1860854852535336","-1.1860854852535336","-2.404035169540856","-2.404035169540856","-2.404035169540856","-0.8566883257329895","-0.8566883257329895","-0.8566883257329895","-1.8248467474183763","-1.8248467474183763","-1.8248467474183763","-1.8053672945071988","-1.8053672945071988","-1.8053672945071988","-1.9384135689966204","-1.9384135689966204","-1.9384135689966204"
"32000","-1.4127522047732295","-1.4127522047732295","-1.4127522047732295","-0.8789914480742335","-0.8789914480742335","-0.8789914480742335","-2.9862302505752862","-2.9862302505752862","-2.9862302505752862","-1.4879542716736176","-1.4879542716736176","-1.4879542716736176","-1.2444445142295095","-1.2444445142295095","-1.2444445142295095","-0.841898989829442","-0.841898989829442","-0.841898989829442","-1.9329879684840179","-1.9329879684840179","-1.9329879684840179","-1.0072473867590492","-1.0072473867590492","-1.0072473867590492","-1.4567439439462748","-1.4567439439462748","-1.4567439439462748","-1.5014375893868723","-1.5014375893868723","-1.5014375893868723","-1.9451089202182748","-1.9451089202182748","-1.9451089202182748","-1.328432456293012","-1.328432456293012","-1.328432456293012","-0.9832712118287311","-0.9832712118287311","-0.9832712118287311","-1.7189571613488048","-1.7189571613488048","-1.7189571613488048","-1.4673525371946752","-1.4673525371946752","-1.4673525371946752","-2.4103524470149877","-2.4103524470149877","-2.4103524470149877","-1.1423862402384906","-1.1423862402384906","-1.1423862402384906","-1.3065332809457144","-1.3065332809457144","-1.3065332809457144","-1.3375704274630595","-1.3375704274630595","-1.3375704274630595","-1.5625136672267652","-1.5625136672267652","-1.5625136672267652"
"32500","-2.3499119763057497","-2.3499119763057497","-2.3499119763057497","-1.1517345897163698","-1.1517345897163698","-1.1517345897163698","-1.5241608500183437","-1.5241608500183437","-1.5241608500183437","-1.3222329101003314","-1.3222329101003314","-1.3222329101003314","-1.4867616131337749","-1.4867616131337749","-1.4867616131337749","-1.5491673753452602","-1.5491673753452602","-1.5491673753452602","-1.7595058515453836","-1.7595058515453836","-1.7595058515453836","-1.3562926464759737","-1.3562926464759737","-1.3562926464759737","-1.3064111198508601","-1.3064111198508601","-1.3064111198508601","-1.8799958117512876","-1.8799958117512876","-1.8799958117512876","-1.902212892736813","-1.902212892736813","-1.902212892736813","-1.1958281386566523","-1.1958281386566523","-1.1958281386566523","-1.0378449034386623","-1.0378449034386623","-1.0378449034386623","-1.7955988867650643","-1.7955988867650643","-1.7955988867650643","-1.3763894529266891","-1.3763894529266891","-1.3763894529266891","-2.025304573829737","-2.025304573829737","-2.025304573829737","-1.3235224340668976","-1.3235224340668976","-1.3235224340668976","-1.2513963816071487","-1.2513963816071487","-1.2513963816071487","-1.4431208380364509","-1.4431208380364509","-1.4431208380364509","-1.721445459214961","-1.721445459214961","-1.721445459214961"
"33000","-1.1747497177065918","-1.1747497177065918","-1.1747497177065918","-1.5373691788911181","-1.5373691788911181","-1.5373691788911181","-2.02529242429643","-2.02529242429643","-2.02529242429643","-1.2136215827841337","-1.2136215827841337","-1.2136215827841337","-1.6591604746096464","-1.6591604746096464","-1.6591604746096464","-0.7335610727237948","-0.7335610727237948","-0.7335610727237948","-1.7493612423239555","-1.7493612423239555","-1.7493612423239555","-1.222456334345935","-1.222456334345935","-1.222456334345935","-1.0621937666689383","-1.0621937666689383","-1.0621937666689383","-1.4516510313922635","-1.4516510313922635","-1.4516510313922635","-2.5421498245135736","-2.5421498245135736","-2.5421498245135736","-1.8726382209814425","-1.8726382209814425","-1.8726382209814425","-1.0518518091820224","-1.0518518091820224","-1.0518518091820224","-1.6421204204031716","-1.6421204204031716","-1.6421204204031716","-1.287769700435452","-1.287769700435452","-1.287769700435452","-2.0781375057710165","-2.0781375057710165","-2.0781375057710165","-0.8574045096140012","-0.8574045096140012","-0.8574045096140012","-0.9462795478602718","-0.9462795478602718","-0.9462795478602718","-1.5958639573052673","-1.5958639573052673","-1.5958639573052673","-1.8489782623605244","-1.8489782623605244","-1.8489782623605244"
"33500","-1.7047188684675358","-1.7047188684675358","-1.7047188684675358","-0.9928747481018835","-0.9928747481018835","-0.9928747481018835","-1.6911604838551413","-1.6911604838551413","-1.6911604838551413","-1.243784536574473","-1.243784536574473","-1.243784536574473","-1.2817522467869757","-1.2817522467869757","-1.2817522467869757","-0.9928986078548118","-0.9928986078548118","-0.9928986078548118","-2.0124988643821267","-2.0124988643821267","-2.0124988643821267","-1.2223853264892348","-1.2223853264892348","-1.2223853264892348","-1.4425553653609098","-1.4425553653609098","-1.4425553653609098","-1.3980378385022496","-1.3980378385022496","-1.3980378385022496","-2.045896426203525","-2.045896426203525","-2.045896426203525","-1.5625660542107807","-1.5625660542107807","-1.5625660542107807","-1.2053509392250585","-1.2053509392250585","-1.2053509392250585","-1.8886501799942912","-1.8886501799942912","-1.8886501799942912","-1.354845030642482","-1.354845030642482","-1.354845030642482","-1.8653289057364801","-1.8653289057364801","-1.8653289057364801","-0.9071915128712595","-0.9071915128712595","-0.9071915128712595","-1.7817863776277947","-1.7817863776277947","-1.7817863776277947","-1.5302011548086096","-1.5302011548086096","-1.5302011548086096","-1.9026866136649794","-1.9026866136649794","-1.9026866136649794"
"34000","-2.192213949788467","-2.192213949788467","-2.192213949788467","-1.0998204650553742","-1.0998204650553742","-1.0998204650553742","-1.208881572088651","-1.208881572088651","-1.208881572088651","-3.2385229712733348","-3.2385229712733348","-3.2385229712733348","-1.0738508702020606","-1.0738508702020606","-1.0738508702020606","-1.395371136513099","-1.395371136513099","-1.395371136513099","-2.167089675635558","-2.167089675635558","-2.167089675635558","-1.637670307747096","-1.637670307747096","-1.637670307747096","-1.4668246751847251","-1.4668246751847251","-1.4668246751847251","-2.0483795955924173","-2.0483795955924173","-2.0483795955924173","-2.1800202930018755","-2.1800202930018755","-2.1800202930018755","-1.156950966751301","-1.156950966751301","-1.156950966751301","-0.9415244514757809","-0.9415244514757809","-0.9415244514757809","-2.081932026946598","-2.081932026946598","-2.081932026946598","-1.9882502919760854","-1.9882502919760854","-1.9882502919760854","-1.9541194228506478","-1.9541194228506478","-1.9541194228506478","-1.2480215220989073","-1.2480215220989073","-1.2480215220989073","-0.9667679261575003","-0.9667679261575003","-0.9667679261575003","-1.264723218900341","-1.264723218900341","-1.264723218900341","-1.8762468423380816","-1.8762468423380816","-1.8762468423380816"
"34500","-1.6326740877501973","-1.6326740877501973","-1.6326740877501973","-1.1352959718661881","-1.1352959718661881","-1.1352959718661881","-1.1973326961315696","-1.1973326961315696","-1.1973326961315696","-1.1349784998236898","-1.1349784998236898","-1.1349784998236898","-1.560713513787116","-1.560713513787116","-1.560713513787116","-1.2615172126515055","-1.2615172126515055","-1.2615172126515055","-1.854158268935533","-1.854158268935533","-1.854158268935533","-1.5506869325280392","-1.5506869325280392","-1.5506869325280392","-1.4160571612111048","-1.4160571612111048","-1.4160571612111048","-1.249489726564579","-1.249489726564579","-1.249489726564579","-2.393023421007938","-2.393023421007938","-2.393023421007938","-1.1527794831250007","-1.1527794831250007","-1.1527794831250007","-0.9316443555672824","-0.9316443555672824","-0.9316443555672824","-1.948203890773177","-1.948203890773177","-1.948203890773177","-1.431504003070974","-1.431504003070974","-1.431504003070974","-2.130556918347156","-2.130556918347156","-2.130556918347156","-1.0814606894254304","-1.0814606894254304","-1.0814606894254304","-2.2056328781956855","-2.2056328781956855","-2.2056328781956855","-1.2354378240078157","-1.2354378240078157","-1.2354378240078157","-1.6753196963336212","-1.6753196963336212","-1.6753196963336212"
"35000","-1.9805068108594928","-1.9805068108594928","-1.9805068108594928","-1.2674183495497973","-1.2674183495497973","-1.2674183495497973","-1.1665881937030382","-1.1665881937030382","-1.1665881937030382","-1.1852281132125562","-1.1852281132125562","-1.1852281132125562","-1.3221300435442775","-1.3221300435442775","-1.3221300435442775","-0.8992571784835427","-0.8992571784835427","-0.8992571784835427","-2.0147521375811728","-2.0147521375811728","-2.0147521375811728","-1.3028789102522198","-1.3028789102522198","-1.3028789102522198","-1.3810448318814186","-1.3810448318814186","-1.3810448318814186","-1.443005497446237","-1.443005497446237","-1.443005497446237","-1.8703745992287288","-1.8703745992287288","-1.8703745992287288","-1.0342634604110217","-1.0342634604110217","-1.0342634604110217","-1.266757880136066","-1.266757880136066","-1.266757880136066","-1.4948328493130907","-1.4948328493130907","-1.4948328493130907","-1.146139797436182","-1.146139797436182","-1.146139797436182","-1.5860499410266384","-1.5860499410266384","-1.5860499410266384","-1.134444930393002","-1.134444930393002","-1.134444930393002","-0.9750732528081192","-0.9750732528081192","-0.9750732528081192","-1.5245781847894695","-1.5245781847894695","-1.5245781847894695","-1.5837689528296748","-1.5837689528296748","-1.5837689528296748"
"35500","-1.748318975601714","-1.748318975601714","-1.748318975601714","-1.004144420751333","-1.004144420751333","-1.004144420751333","-1.2218966301613725","-1.2218966301613725","-1.2218966301613725","-1.2459913791332027","-1.2459913791332027","-1.2459913791332027","-1.8721541134220618","-1.8721541134220618","-1.8721541134220618","-0.9880652138720304","-0.9880652138720304","-0.9880652138720304","-1.5251394642358718","-1.5251394642358718","-1.5251394642358718","-1.0672890703971458","-1.0672890703971458","-1.0672890703971458","-1.2886049825845347","-1.2886049825845347","-1.2886049825845347","-1.5645023048158873","-1.5645023048158873","-1.5645023048158873","-1.8827995738939785","-1.8827995738939785","-1.8827995738939785","-1.183690320377984","-1.183690320377984","-1.183690320377984","-0.9466621120476884","-0.9466621120476884","-0.9466621120476884","-1.5718497089022265","-1.5718497089022265","-1.5718497089022265","-1.1541646966014611","-1.1541646966014611","-1.1541646966014611","-2.521762283076403","-2.521762283076403","-2.521762283076403","-1.0751330457316586","-1.0751330457316586","-1.0751330457316586","-1.2514347260981609","-1.2514347260981609","-1.2514347260981609","-1.0935745136097927","-1.0935745136097927","-1.0935745136097927","-1.9219717406253367","-1.9219717406253367","-1.9219717406253367"
"36000","-1.6907570221310106","-1.6907570221310106","-1.6907570221310106","-1.058896556988675","-1.058896556988675","-1.058896556988675","-0.9716526981499809","-0.9716526981499809","-0.9716526981499809","-1.2082595939667586","-1.2082595939667586","-1.2082595939667586","-0.7817229140195854","-0.7817229140195854","-0.7817229140195854","-0.895961116393867","-0.895961116393867","-0.895961116393867","-1.846586528204043","-1.846586528204043","-1.846586528204043","-1.0461628547657007","-1.0461628547657007","-1.0461628547657007","-1.2120534925131499","-1.2120534925131499","-1.2120534925131499","-1.8729624368746864","-1.8729624368746864","-1.8729624368746864","-1.9949344073709938","-1.9949344073709938","-1.9949344073709938","-1.3157298394057118","-1.3157298394057118","-1.3157298394057118","-1.3126513488356264","-1.3126513488356264","-1.3126513488356264","-1.5689780722187687","-1.5689780722187687","-1.5689780722187687","-1.3349401844483815","-1.3349401844483815","-1.3349401844483815","-2.097878074747382","-2.097878074747382","-2.097878074747382","-1.1640899281203834","-1.1640899281203834","-1.1640899281203834","-1.626292142191319","-1.626292142191319","-1.626292142191319","-1.114532739902043","-1.114532739902043","-1.114532739902043","-1.7458048012199332","-1.7458048012199332","-1.7458048012199332"
"36500","-1.7314217721772294","-1.7314217721772294","-1.7314217721772294","-1.1201674833878934","-1.1201674833878934","-1.1201674833878934","-0.9972983895345304","-0.9972983895345304","-0.9972983895345304","-1.0313967966436965","-1.0313967966436965","-1.0313967966436965","-1.3593435095473012","-1.3593435095473012","-1.3593435095473012","-1.0280769141659651","-1.0280769141659651","-1.0280769141659651","-1.4837233704705546","-1.4837233704705546","-1.4837233704705546","-1.0836289444761882","-1.0836289444761882","-1.0836289444761882","-1.1161621982051557","-1.1161621982051557","-1.1161621982051557","-1.718424016386556","-1.718424016386556","-1.718424016386556","-2.264027349854287","-2.264027349854287","-2.264027349854287","-0.9187166381688232","-0.9187166381688232","-0.9187166381688232","-1.0434810980151692","-1.0434810980151692","-1.0434810980151692","-1.5610327359797922","-1.5610327359797922","-1.5610327359797922","-1.2418969246066252","-1.2418969246066252","-1.2418969246066252","-1.9615954908968647","-1.9615954908968647","-1.9615954908968647","-0.913075724153072","-0.913075724153072","-0.913075724153072","-1.6342301028185033","-1.6342301028185033","-1.6342301028185033","-0.9895851959053532","-0.9895851959053532","-0.9895851959053532","-2.142403285642697","-2.142403285642697","-2.142403285642697"
"37000","-1.5868409287742928","-1.5868409287742928","-1.5868409287742928","-0.8983508210588734","-0.8983508210588734","-0.8983508210588734","-0.8762908552959929","-0.8762908552959929","-0.8762908552959929","-1.1899981534350519","-1.1899981534350519","-1.1899981534350519","-1.6252329774045937","-1.6252329774045937","-1.6252329774045937","-0.8693989466374005","-0.8693989466374005","-0.8693989466374005","-1.2843918370393335","-1.2843918370393335","-1.2843918370393335","-0.9322664383104649","-0.9322664383104649","-0.9322664383104649","-1.114699124404553","-1.114699124404553","-1.114699124404553","-1.9977564917986066","-1.9977564917986066","-1.9977564917986066","-1.779730456752286","-1.779730456752286","-1.779730456752286","-1.1620234933162765","-1.1620234933162765","-1.1620234933162765","-0.9295509611141867","-0.9295509611141867","-0.9295509611141867","-1.5257913039990487","-1.5257913039990487","-1.5257913039990487","-1.091771835157283","-1.091771835157283","-1.091771835157283","-1.9493549586358747","-1.9493549586358747","-1.9493549586358747","-1.1146056907141166","-1.1146056907141166","-1.1146056907141166","-1.262657454933961","-1.262657454933961","-1.262657454933961","-1.417102718680235","-1.417102718680235","-1.417102718680235","-2.061296096230739","-2.061296096230739","-2.061296096230739"
"37500","-1.6165528549410961","-1.6165528549410961","-1.6165528549410961","-1.2438741753049025","-1.2438741753049025","-1.2438741753049025","-1.2062516939584282","-1.2062516939584282","-1.2062516939584282","-1.050004649299084","-1.050004649299084","-1.050004649299084","-1.318459960345951","-1.318459960345951","-1.318459960345951","-0.908698078740837","-0.908698078740837","-0.908698078740837","-1.4605523702985903","-1.4605523702985903","-1.4605523702985903","-1.1367941195102724","-1.1367941195102724","-1.1367941195102724","-1.2160311442624738","-1.2160311442624738","-1.2160311442624738","-1.3400638877653337","-1.3400638877653337","-1.3400638877653337","-1.6596928576397645","-1.6596928576397645","-1.6596928576397645","-1.2538097629192788","-1.2538097629192788","-1.2538097629192788","-0.8386923004293152","-0.8386923004293152","-0.8386923004293152","-1.2842889192224907","-1.2842889192224907","-1.2842889192224907","-1.045528378973316","-1.045528378973316","-1.045528378973316","-2.5352769165895275","-2.5352769165895275","-2.5352769165895275","-0.907426057708334","-0.907426057708334","-0.907426057708334","-1.3398058889271713","-1.3398058889271713","-1.3398058889271713","-1.3289043834101522","-1.3289043834101522","-1.3289043834101522","-1.9156926222555684","-1.9156926222555684","-1.9156926222555684"
"38000","-1.289300928224417","-1.289300928224417","-1.289300928224417","-1.0837918496137329","-1.0837918496137329","-1.0837918496137329","-1.3011389120677443","-1.3011389120677443","-1.3011389120677443","-1.150622505045244","-1.150622505045244","-1.150622505045244","-1.3965078778944686","-1.3965078778944686","-1.3965078778944686","-1.1117807118319187","-1.1117807118319187","-1.1117807118319187","-1.4797110095699977","-1.4797110095699977","-1.4797110095699977","-1.147594033754366","-1.147594033754366","-1.147594033754366","-0.822786585337675","-0.822786585337675","-0.822786585337675","-1.1301354683660474","-1.1301354683660474","-1.1301354683660474","-1.5052267063815805","-1.5052267063815805","-1.5052267063815805","-0.9695072042470517","-0.9695072042470517","-0.9695072042470517","-1.2024210938834061","-1.2024210938834061","-1.2024210938834061","-1.3955758603104074","-1.3955758603104074","-1.3955758603104074","-1.1100518937562671","-1.1100518937562671","-1.1100518937562671","-1.909309016802133","-1.909309016802133","-1.909309016802133","-1.0123349550455734","-1.0123349550455734","-1.0123349550455734","-1.24206565564541","-1.24206565564541","-1.24206565564541","-1.470664866109632","-1.470664866109632","-1.470664866109632","-1.728523111326124","-1.728523111326124","-1.728523111326124"
"38500","-1.1694400965068932","-1.1694400965068932","-1.1694400965068932","-1.067615515567517","-1.067615515567517","-1.067615515567517","-0.9436581531148411","-0.9436581531148411","-0.9436581531148411","-1.081413306391066","-1.081413306391066","-1.081413306391066","-1.1863643628573004","-1.1863643628573004","-1.1863643628573004","-0.9748756269151952","-0.9748756269151952","-0.9748756269151952","-1.4638040961031347","-1.4638040961031347","-1.4638040961031347","-1.2106992495662035","-1.2106992495662035","-1.2106992495662035","-0.8443054011840726","-0.8443054011840726","-0.8443054011840726","-1.4361420715513504","-1.4361420715513504","-1.4361420715513504","-1.8040558693075297","-1.8040558693075297","-1.8040558693075297","-1.5001377608453559","-1.5001377608453559","-1.5001377608453559","-0.845096320101506","-0.845096320101506","-0.845096320101506","-1.2272188744564303","-1.2272188744564303","-1.2272188744564303","-1.2369324022339083","-1.2369324022339083","-1.2369324022339083","-1.8291132262315142","-1.8291132262315142","-1.8291132262315142","-1.1509846124426433","-1.1509846124426433","-1.1509846124426433","-1.2266125558565772","-1.2266125558565772","-1.2266125558565772","-1.3876095431405489","-1.3876095431405489","-1.3876095431405489","-2.226808515172284","-2.226808515172284","-2.226808515172284"
"39000","-1.398514903262762","-1.398514903262762","-1.398514903262762","-0.8794021562436816","-0.8794021562436816","-0.8794021562436816","-1.4629733362677075","-1.4629733362677075","-1.4629733362677075","-1.0054509867068984","-1.0054509867068984","-1.0054509867068984","-1.603133122068391","-1.603133122068391","-1.603133122068391","-0.9616584131970018","-0.9616584131970018","-0.9616584131970018","-1.2484109927660043","-1.2484109927660043","-1.2484109927660043","-1.2255821354271095","-1.2255821354271095","-1.2255821354271095","-1.1265784968235084","-1.1265784968235084","-1.1265784968235084","-0.8787069730296597","-0.8787069730296597","-0.8787069730296597","-1.6438515072546906","-1.6438515072546906","-1.6438515072546906","-1.0300629780061314","-1.0300629780061314","-1.0300629780061314","-0.7468931759352886","-0.7468931759352886","-0.7468931759352886","-1.5750722460822746","-1.5750722460822746","-1.5750722460822746","-1.2785996941624391","-1.2785996941624391","-1.2785996941624391","-1.8535338906330545","-1.8535338906330545","-1.8535338906330545","-0.9951485172534096","-0.9951485172534096","-0.9951485172534096","-1.4151393653333808","-1.4151393653333808","-1.4151393653333808","-1.174592532905388","-1.174592532905388","-1.174592532905388","-1.9523588542790749","-1.9523588542790749","-1.9523588542790749"
"39500","-1.7884239865721487","-1.7884239865721487","-1.7884239865721487","-0.8729068322828002","-0.8729068322828002","-0.8729068322828002","-1.2056522103068041","-1.2056522103068041","-1.2056522103068041","-1.3939628812003924","-1.3939628812003924","-1.3939628812003924","-1.8442095873139788","-1.8442095873139788","-1.8442095873139788","-1.1104299506952011","-1.1104299506952011","-1.1104299506952011","-1.3051176934007267","-1.3051176934007267","-1.3051176934007267","-1.1271148876404142","-1.1271148876404142","-1.1271148876404142","-0.8063121504085029","-0.8063121504085029","-0.8063121504085029","-1.2178807855721314","-1.2178807855721314","-1.2178807855721314","-1.7861469496253004","-1.7861469496253004","-1.7861469496253004","-1.2679337227084075","-1.2679337227084075","-1.2679337227084075","-0.9200541501232088","-0.9200541501232088","-0.9200541501232088","-1.1922056831435581","-1.1922056831435581","-1.1922056831435581","-1.2520825034261924","-1.2520825034261924","-1.2520825034261924","-1.9948176355482095","-1.9948176355482095","-1.9948176355482095","-0.976598244817961","-0.976598244817961","-0.976598244817961","-1.24744212182073","-1.24744212182073","-1.24744212182073","-1.5076306404166677","-1.5076306404166677","-1.5076306404166677","-1.9569323869977786","-1.9569323869977786","-1.9569323869977786"
"40000","-1.8026553108934702","-1.8026553108934702","-1.8026553108934702","-1.19703398117989","-1.19703398117989","-1.19703398117989","-1.0631206537860476","-1.0631206537860476","-1.0631206537860476","-1.5132290305516212","-1.5132290305516212","-1.5132290305516212","-0.7898758868854447","-0.7898758868854447","-0.7898758868854447","-0.8149589564505542","-0.8149589564505542","-0.8149589564505542","-1.5751340518421224","-1.5751340518421224","-1.5751340518421224","-0.9641946744633614","-0.9641946744633614","-0.9641946744633614","-1.081441938549379","-1.081441938549379","-1.081441938549379","-1.1354212968926898","-1.1354212968926898","-1.1354212968926898","-1.4108413253961607","-1.4108413253961607","-1.4108413253961607","-1.0555100008496983","-1.0555100008496983","-1.0555100008496983","-0.8501086768126844","-0.8501086768126844","-0.8501086768126844","-1.2380412597945516","-1.2380412597945516","-1.2380412597945516","-1.3566724564121067","-1.3566724564121067","-1.3566724564121067","-1.8159402126559563","-1.8159402126559563","-1.8159402126559563","-1.5313772395376557","-1.5313772395376557","-1.5313772395376557","-1.28489300746149","-1.28489300746149","-1.28489300746149","-1.1503709451076352","-1.1503709451076352","-1.1503709451076352","-1.5473884510953841","-1.5473884510953841","-1.5473884510953841"
"40500","-1.7395688993555","-1.7395688993555","-1.7395688993555","-0.9988742728000439","-0.9988742728000439","-0.9988742728000439","-1.4055702024549945","-1.4055702024549945","-1.4055702024549945","-0.950336142761806","-0.950336142761806","-0.950336142761806","-1.2267865316642885","-1.2267865316642885","-1.2267865316642885","-0.8517809634110286","-0.8517809634110286","-0.8517809634110286","-1.2368689399003574","-1.2368689399003574","-1.2368689399003574","-1.0658865669809487","-1.0658865669809487","-1.0658865669809487","-0.9298735335358137","-0.9298735335358137","-0.9298735335358137","-1.1654119893589139","-1.1654119893589139","-1.1654119893589139","-1.8116963143829232","-1.8116963143829232","-1.8116963143829232","-1.1161976963662004","-1.1161976963662004","-1.1161976963662004","-0.9921582100290885","-0.9921582100290885","-0.9921582100290885","-1.1840936977372767","-1.1840936977372767","-1.1840936977372767","-1.3111559835495072","-1.3111559835495072","-1.3111559835495072","-1.9488187309202343","-1.9488187309202343","-1.9488187309202343","-1.0493690031247342","-1.0493690031247342","-1.0493690031247342","-1.1337493196831177","-1.1337493196831177","-1.1337493196831177","-1.3561280666221989","-1.3561280666221989","-1.3561280666221989","-1.5598727346862327","-1.5598727346862327","-1.5598727346862327"
"41000","-1.5815976431757837","-1.5815976431757837","-1.5815976431757837","-0.9988688585264024","-0.9988688585264024","-0.9988688585264024","-1.0330311432207377","-1.0330311432207377","-1.0330311432207377","-1.0954240027054305","-1.0954240027054305","-1.0954240027054305","-0.9047016098698656","-0.9047016098698656","-0.9047016098698656","-1.0365336276740185","-1.0365336276740185","-1.0365336276740185","-1.4035774423367733","-1.4035774423367733","-1.4035774423367733","-1.145697220137307","-1.145697220137307","-1.145697220137307","-0.8581837812279609","-0.8581837812279609","-0.8581837812279609","-1.0620226310963565","-1.0620226310963565","-1.0620226310963565","-1.235276897103292","-1.235276897103292","-1.235276897103292","-1.1877513477465342","-1.1877513477465342","-1.1877513477465342","-0.9965666295998836","-0.9965666295998836","-0.9965666295998836","-1.2216957337947167","-1.2216957337947167","-1.2216957337947167","-1.3284655848143159","-1.3284655848143159","-1.3284655848143159","-2.1217494877528904","-2.1217494877528904","-2.1217494877528904","-0.9421037339775575","-0.9421037339775575","-0.9421037339775575","-1.1700013233271265","-1.1700013233271265","-1.1700013233271265","-1.54131337409299","-1.54131337409299","-1.54131337409299","-1.8265371883213928","-1.8265371883213928","-1.8265371883213928"
"41500","-1.5539653391893078","-1.5539653391893078","-1.5539653391893078","-1.0229340950208485","-1.0229340950208485","-1.0229340950208485","-0.9326546134061356","-0.9326546134061356","-0.9326546134061356","-1.1484703962618745","-1.1484703962618745","-1.1484703962618745","-1.0281712447522697","-1.0281712447522697","-1.0281712447522697","-1.0419591887707966","-1.0419591887707966","-1.0419591887707966","-1.5082372032284102","-1.5082372032284102","-1.5082372032284102","-1.2999796571053088","-1.2999796571053088","-1.2999796571053088","-0.946255578803816","-0.946255578803816","-0.946255578803816","-1.013212673985216","-1.013212673985216","-1.013212673985216","-1.4573264678387114","-1.4573264678387114","-1.4573264678387114","-1.2939955948650017","-1.2939955948650017","-1.2939955948650017","-1.0963924217822956","-1.0963924217822956","-1.0963924217822956","-1.0922006497443841","-1.0922006497443841","-1.0922006497443841","-1.2658407656513402","-1.2658407656513402","-1.2658407656513402","-1.9081119686906796","-1.9081119686906796","-1.9081119686906796","-1.0180710919884395","-1.0180710919884395","-1.0180710919884395","-1.1825124517955692","-1.1825124517955692","-1.1825124517955692","-1.309856494158503","-1.309856494158503","-1.309856494158503","-1.66328605813974","-1.66328605813974","-1.66328605813974"
"42000","-1.658930551421865","-1.658930551421865","-1.658930551421865","-0.836639863142198","-0.836639863142198","-0.836639863142198","-1.5479861150033667","-1.5479861150033667","-1.5479861150033667","-0.9682570886332558","-0.9682570886332558","-0.9682570886332558","-0.8981131923946599","-0.8981131923946599","-0.8981131923946599","-0.8688478796004718","-0.8688478796004718","-0.8688478796004718","-1.4566738860607085","-1.4566738860607085","-1.4566738860607085","-1.117901049208081","-1.117901049208081","-1.117901049208081","-0.8512020623140962","-0.8512020623140962","-0.8512020623140962","-1.1940210998240697","-1.1940210998240697","-1.1940210998240697","-1.449963866583733","-1.449963866583733","-1.449963866583733","-1.1731671171992735","-1.1731671171992735","-1.1731671171992735","-1.0936044606130295","-1.0936044606130295","-1.0936044606130295","-1.3546275804263392","-1.3546275804263392","-1.3546275804263392","-1.1221166986830324","-1.1221166986830324","-1.1221166986830324","-2.064240366947785","-2.064240366947785","-2.064240366947785","-0.8088664235017393","-0.8088664235017393","-0.8088664235017393","-1.0213302444337207","-1.0213302444337207","-1.0213302444337207","-1.0116666776798673","-1.0116666776798673","-1.0116666776798673","-1.6533795299239906","-1.6533795299239906","-1.6533795299239906"
"42500","-1.3317630606203696","-1.3317630606203696","-1.3317630606203696","-0.9361798652532812","-0.9361798652532812","-0.9361798652532812","-1.6884272018059998","-1.6884272018059998","-1.6884272018059998","-0.9622175093740408","-0.9622175093740408","-0.9622175093740408","-1.2054784295320686","-1.2054784295320686","-1.2054784295320686","-0.9203571632743224","-0.9203571632743224","-0.9203571632743224","-1.3959679900729356","-1.3959679900729356","-1.3959679900729356","-1.2594460417758424","-1.2594460417758424","-1.2594460417758424","-0.7711064364684626","-0.7711064364684626","-0.7711064364684626","-0.9883706412031922","-0.9883706412031922","-0.9883706412031922","-1.4530028803115604","-1.4530028803115604","-1.4530028803115604","-1.6175035786430718","-1.6175035786430718","-1.6175035786430718","-0.9566813377515105","-0.9566813377515105","-0.9566813377515105","-1.5737106309610425","-1.5737106309610425","-1.5737106309610425","-1.2465038346378385","-1.2465038346378385","-1.2465038346378385","-2.12564702976129","-2.12564702976129","-2.12564702976129","-0.9868683531977289","-0.9868683531977289","-0.9868683531977289","-1.0941873856001372","-1.0941873856001372","-1.0941873856001372","-1.0833107285106929","-1.0833107285106929","-1.0833107285106929","-1.9470854602204724","-1.9470854602204724","-1.9470854602204724"
"43000","-1.3822962210516014","-1.3822962210516014","-1.3822962210516014","-1.0991804563444452","-1.0991804563444452","-1.0991804563444452","-1.3056207382076754","-1.3056207382076754","-1.3056207382076754","-0.9639187183511654","-0.9639187183511654","-0.9639187183511654","-1.1466665347306193","-1.1466665347306193","-1.1466665347306193","-0.8753314607565384","-0.8753314607565384","-0.8753314607565384","-1.2881501223651086","-1.2881501223651086","-1.2881501223651086","-1.3164089889558697","-1.3164089889558697","-1.3164089889558697","-0.812105133634747","-0.812105133634747","-0.812105133634747","-1.6105097915511348","-1.6105097915511348","-1.6105097915511348","-1.5892881860317472","-1.5892881860317472","-1.5892881860317472","-1.376622905103438","-1.376622905103438","-1.376622905103438","-1.1654707009574565","-1.1654707009574565","-1.1654707009574565","-1.1261780205178467","-1.1261780205178467","-1.1261780205178467","-1.2698580256848073","-1.2698580256848073","-1.2698580256848073","-1.9259155055291992","-1.9259155055291992","-1.9259155055291992","-1.0808298381186658","-1.0808298381186658","-1.0808298381186658","-1.0019237275934416","-1.0019237275934416","-1.0019237275934416","-0.9561652936090066","-0.9561652936090066","-0.9561652936090066","-1.8229405138060397","-1.8229405138060397","-1.8229405138060397"
"43500","-1.3102253290051027","-1.3102253290051027","-1.3102253290051027","-0.8179472920328361","-0.8179472920328361","-0.8179472920328361","-1.4964459170296824","-1.4964459170296824","-1.4964459170296824","-0.8868351654950087","-0.8868351654950087","-0.8868351654950087","-1.662051220509084","-1.662051220509084","-1.662051220509084","-1.0018022280561525","-1.0018022280561525","-1.0018022280561525","-1.3296298638549158","-1.3296298638549158","-1.3296298638549158","-1.0448094107085295","-1.0448094107085295","-1.0448094107085295","-0.9221126159249863","-0.9221126159249863","-0.9221126159249863","-1.4873541904219756","-1.4873541904219756","-1.4873541904219756","-2.00532009463506","-2.00532009463506","-2.00532009463506","-1.2278889557277664","-1.2278889557277664","-1.2278889557277664","-1.2706223261680782","-1.2706223261680782","-1.2706223261680782","-1.0704622417427612","-1.0704622417427612","-1.0704622417427612","-1.3664341227512713","-1.3664341227512713","-1.3664341227512713","-1.872962043843375","-1.872962043843375","-1.872962043843375","-0.8310458158905603","-0.8310458158905603","-0.8310458158905603","-0.7687000099049752","-0.7687000099049752","-0.7687000099049752","-1.1782134411689995","-1.1782134411689995","-1.1782134411689995","-1.6828846982220416","-1.6828846982220416","-1.6828846982220416"
"44000","-1.3998278383943832","-1.3998278383943832","-1.3998278383943832","-0.8026794753344777","-0.8026794753344777","-0.8026794753344777","-1.2978885198872296","-1.2978885198872296","-1.2978885198872296","-1.0282617307977073","-1.0282617307977073","-1.0282617307977073","-1.0361663904912437","-1.0361663904912437","-1.0361663904912437","-0.8216511915959567","-0.8216511915959567","-0.8216511915959567","-1.3605493189527649","-1.3605493189527649","-1.3605493189527649","-1.0665942513512747","-1.0665942513512747","-1.0665942513512747","-1.0247412731049057","-1.0247412731049057","-1.0247412731049057","-1.2200434198017898","-1.2200434198017898","-1.2200434198017898","-1.465050050851442","-1.465050050851442","-1.465050050851442","-1.2286902062165612","-1.2286902062165612","-1.2286902062165612","-0.8353665395947152","-0.8353665395947152","-0.8353665395947152","-1.1406130186640104","-1.1406130186640104","-1.1406130186640104","-1.2472298538204603","-1.2472298538204603","-1.2472298538204603","-2.0495332598805556","-2.0495332598805556","-2.0495332598805556","-0.8143514030100443","-0.8143514030100443","-0.8143514030100443","-0.6640953916680518","-0.6640953916680518","-0.6640953916680518","-1.1455220595689883","-1.1455220595689883","-1.1455220595689883","-1.6330956254995008","-1.6330956254995008","-1.6330956254995008"
"44500","-1.3059793407006155","-1.3059793407006155","-1.3059793407006155","-0.9685556181244493","-0.9685556181244493","-0.9685556181244493","-1.6944605661494048","-1.6944605661494048","-1.6944605661494048","-1.070849962240287","-1.070849962240287","-1.070849962240287","-1.0684725766923404","-1.0684725766923404","-1.0684725766923404","-0.7774046683617898","-0.7774046683617898","-0.7774046683617898","-1.3962057685869504","-1.3962057685869504","-1.3962057685869504","-1.0464886879545328","-1.0464886879545328","-1.0464886879545328","-0.9755433621667283","-0.9755433621667283","-0.9755433621667283","-1.4967887639225155","-1.4967887639225155","-1.4967887639225155","-1.57498049942305","-1.57498049942305","-1.57498049942305","-1.0607823572704196","-1.0607823572704196","-1.0607823572704196","-0.9496244016538272","-0.9496244016538272","-0.9496244016538272","-1.2134852453260647","-1.2134852453260647","-1.2134852453260647","-1.2174050585614369","-1.2174050585614369","-1.2174050585614369","-1.9530107666191312","-1.9530107666191312","-1.9530107666191312","-1.1267165324760897","-1.1267165324760897","-1.1267165324760897","-0.9566576187317251","-0.9566576187317251","-0.9566576187317251","-1.0082689068638793","-1.0082689068638793","-1.0082689068638793","-1.6150135079959476","-1.6150135079959476","-1.6150135079959476"
"45000","-1.1934808811822006","-1.1934808811822006","-1.1934808811822006","-1.0597343509761785","-1.0597343509761785","-1.0597343509761785","-1.3239635255267905","-1.3239635255267905","-1.3239635255267905","-1.0837867438920894","-1.0837867438920894","-1.0837867438920894","-1.2016944320501124","-1.2016944320501124","-1.2016944320501124","-0.6685666396035134","-0.6685666396035134","-0.6685666396035134","-1.2463509813109996","-1.2463509813109996","-1.2463509813109996","-1.0415574249307376","-1.0415574249307376","-1.0415574249307376","-1.1453306393780918","-1.1453306393780918","-1.1453306393780918","-1.189281460850032","-1.189281460850032","-1.189281460850032","-1.5754144320850585","-1.5754144320850585","-1.5754144320850585","-1.1722517510167623","-1.1722517510167623","-1.1722517510167623","-0.831777110792985","-0.831777110792985","-0.831777110792985","-1.0914271911335536","-1.0914271911335536","-1.0914271911335536","-1.2841766311900178","-1.2841766311900178","-1.2841766311900178","-1.8616913395532735","-1.8616913395532735","-1.8616913395532735","-1.0114309681171991","-1.0114309681171991","-1.0114309681171991","-0.7744318757279843","-0.7744318757279843","-0.7744318757279843","-0.914900501443553","-0.914900501443553","-0.914900501443553","-1.6522665994263193","-1.6522665994263193","-1.6522665994263193"
"45500","-1.2594383827406903","-1.2594383827406903","-1.2594383827406903","-0.93679550524334","-0.93679550524334","-0.93679550524334","-1.3201727525925417","-1.3201727525925417","-1.3201727525925417","-1.0377097528790968","-1.0377097528790968","-1.0377097528790968","-1.0518027712861835","-1.0518027712861835","-1.0518027712861835","-0.821563614929995","-0.821563614929995","-0.821563614929995","-1.2144684290920837","-1.2144684290920837","-1.2144684290920837","-1.0884109404244915","-1.0884109404244915","-1.0884109404244915","-1.0626669127159019","-1.0626669127159019","-1.0626669127159019","-1.1757139031489257","-1.1757139031489257","-1.1757139031489257","-1.7815790891973715","-1.7815790891973715","-1.7815790891973715","-1.0733039155343373","-1.0733039155343373","-1.0733039155343373","-0.9270328067157927","-0.9270328067157927","-0.9270328067157927","-1.1213638994276987","-1.1213638994276987","-1.1213638994276987","-1.1837904026366064","-1.1837904026366064","-1.1837904026366064","-1.850042835698017","-1.850042835698017","-1.850042835698017","-0.9053276639186997","-0.9053276639186997","-0.9053276639186997","-0.7716162455164343","-0.7716162455164343","-0.7716162455164343","-1.0141449392945303","-1.0141449392945303","-1.0141449392945303","-1.65783824183698","-1.65783824183698","-1.65783824183698"
"46000","-1.1759219433029267","-1.1759219433029267","-1.1759219433029267","-0.8177436335250869","-0.8177436335250869","-0.8177436335250869","-1.5506582147866486","-1.5506582147866486","-1.5506582147866486","-1.0574533551739522","-1.0574533551739522","-1.0574533551739522","-1.0979708655653964","-1.0979708655653964","-1.0979708655653964","-0.8258572566096802","-0.8258572566096802","-0.8258572566096802","-1.596362702672702","-1.596362702672702","-1.596362702672702","-1.2118720935792937","-1.2118720935792937","-1.2118720935792937","-1.0493885723659833","-1.0493885723659833","-1.0493885723659833","-1.4328569990156477","-1.4328569990156477","-1.4328569990156477","-1.7639088357631096","-1.7639088357631096","-1.7639088357631096","-1.0934303342073737","-1.0934303342073737","-1.0934303342073737","-0.8051240363449047","-0.8051240363449047","-0.8051240363449047","-1.2137425769422048","-1.2137425769422048","-1.2137425769422048","-1.1274588490294377","-1.1274588490294377","-1.1274588490294377","-1.9709948887037918","-1.9709948887037918","-1.9709948887037918","-0.974253988199757","-0.974253988199757","-0.974253988199757","-0.9186980408986016","-0.9186980408986016","-0.9186980408986016","-0.9057076781383422","-0.9057076781383422","-0.9057076781383422","-1.5546302481401475","-1.5546302481401475","-1.5546302481401475"
"46500","-1.2466591931698483","-1.2466591931698483","-1.2466591931698483","-0.9762437281941606","-0.9762437281941606","-0.9762437281941606","-1.546343958739978","-1.546343958739978","-1.546343958739978","-1.1438481100889455","-1.1438481100889455","-1.1438481100889455","-1.2244949198421697","-1.2244949198421697","-1.2244949198421697","-0.9205053139285972","-0.9205053139285972","-0.9205053139285972","-1.2936191533115895","-1.2936191533115895","-1.2936191533115895","-1.1885514645709723","-1.1885514645709723","-1.1885514645709723","-1.095387184829825","-1.095387184829825","-1.095387184829825","-1.276814345633486","-1.276814345633486","-1.276814345633486","-1.7757356173945034","-1.7757356173945034","-1.7757356173945034","-1.0487229538325207","-1.0487229538325207","-1.0487229538325207","-1.1227783472094304","-1.1227783472094304","-1.1227783472094304","-1.122302522169378","-1.122302522169378","-1.122302522169378","-1.1585514760632647","-1.1585514760632647","-1.1585514760632647","-1.8793456079026742","-1.8793456079026742","-1.8793456079026742","-0.799566957914079","-0.799566957914079","-0.799566957914079","-0.8900063157490898","-0.8900063157490898","-0.8900063157490898","-1.0115783895050963","-1.0115783895050963","-1.0115783895050963","-1.821911133324143","-1.821911133324143","-1.821911133324143"
"47000","-1.1790723909993344","-1.1790723909993344","-1.1790723909993344","-0.8277935947227657","-0.8277935947227657","-0.8277935947227657","-1.7185382060792171","-1.7185382060792171","-1.7185382060792171","-1.1398578133522816","-1.1398578133522816","-1.1398578133522816","-1.1543677770127294","-1.1543677770127294","-1.1543677770127294","-0.8435411054653045","-0.8435411054653045","-0.8435411054653045","-1.385939693636741","-1.385939693636741","-1.385939693636741","-1.1517416768082662","-1.1517416768082662","-1.1517416768082662","-1.0854202958056438","-1.0854202958056438","-1.0854202958056438","-1.0949228266864122","-1.0949228266864122","-1.0949228266864122","-1.541925155741118","-1.541925155741118","-1.541925155741118","-1.0597517346188343","-1.0597517346188343","-1.0597517346188343","-1.0579145998776207","-1.0579145998776207","-1.0579145998776207","-1.1677112938401184","-1.1677112938401184","-1.1677112938401184","-1.124054229988135","-1.124054229988135","-1.124054229988135","-1.8619451853395543","-1.8619451853395543","-1.8619451853395543","-1.0557661268797838","-1.0557661268797838","-1.0557661268797838","-0.9058783387355479","-0.9058783387355479","-0.9058783387355479","-0.9438452385687043","-0.9438452385687043","-0.9438452385687043","-1.7147858268085625","-1.7147858268085625","-1.7147858268085625"
"47500","-1.566748233767107","-1.566748233767107","-1.566748233767107","-0.8399452095005684","-0.8399452095005684","-0.8399452095005684","-1.668789730034058","-1.668789730034058","-1.668789730034058","-1.2450276149432111","-1.2450276149432111","-1.2450276149432111","-0.7380939889829172","-0.7380939889829172","-0.7380939889829172","-0.9789062955138246","-0.9789062955138246","-0.9789062955138246","-1.3595649898583244","-1.3595649898583244","-1.3595649898583244","-1.2533816792877346","-1.2533816792877346","-1.2533816792877346","-1.2424408045018294","-1.2424408045018294","-1.2424408045018294","-1.2206376980959721","-1.2206376980959721","-1.2206376980959721","-1.500316478766433","-1.500316478766433","-1.500316478766433","-1.0676541400853792","-1.0676541400853792","-1.0676541400853792","-0.7788131932518374","-0.7788131932518374","-0.7788131932518374","-1.156761980042868","-1.156761980042868","-1.156761980042868","-1.1819718447923446","-1.1819718447923446","-1.1819718447923446","-2.0036784020786147","-2.0036784020786147","-2.0036784020786147","-0.9436134688817018","-0.9436134688817018","-0.9436134688817018","-0.730620887748542","-0.730620887748542","-0.730620887748542","-0.965879536812343","-0.965879536812343","-0.965879536812343","-1.69902369429306","-1.69902369429306","-1.69902369429306"
"48000","-1.469237019359058","-1.469237019359058","-1.469237019359058","-1.0096496029791564","-1.0096496029791564","-1.0096496029791564","-1.4187042860387815","-1.4187042860387815","-1.4187042860387815","-1.2674539485864995","-1.2674539485864995","-1.2674539485864995","-0.9431935466881558","-0.9431935466881558","-0.9431935466881558","-0.9304690729027412","-0.9304690729027412","-0.9304690729027412","-1.2330611199594887","-1.2330611199594887","-1.2330611199594887","-1.02161821221429","-1.02161821221429","-1.02161821221429","-1.0317294040807874","-1.0317294040807874","-1.0317294040807874","-1.5247016711275936","-1.5247016711275936","-1.5247016711275936","-1.5885129012149004","-1.5885129012149004","-1.5885129012149004","-1.217045396038533","-1.217045396038533","-1.217045396038533","-1.1730671724443673","-1.1730671724443673","-1.1730671724443673","-1.1613956961689709","-1.1613956961689709","-1.1613956961689709","-1.1821318479051535","-1.1821318479051535","-1.1821318479051535","-1.9525888720627695","-1.9525888720627695","-1.9525888720627695","-1.0097241654294866","-1.0097241654294866","-1.0097241654294866","-0.777505825781337","-0.777505825781337","-0.777505825781337","-1.0544331903456616","-1.0544331903456616","-1.0544331903456616","-1.7677759070441166","-1.7677759070441166","-1.7677759070441166"
"48500","-1.6772975101835637","-1.6772975101835637","-1.6772975101835637","-0.8845697111259945","-0.8845697111259945","-0.8845697111259945","-1.6876092112734014","-1.6876092112734014","-1.6876092112734014","-1.2446354729287876","-1.2446354729287876","-1.2446354729287876","-0.9072391174852357","-0.9072391174852357","-0.9072391174852357","-0.8226249999919985","-0.8226249999919985","-0.8226249999919985","-1.2417897798311615","-1.2417897798311615","-1.2417897798311615","-0.9425445985253222","-0.9425445985253222","-0.9425445985253222","-1.123907805859809","-1.123907805859809","-1.123907805859809","-1.0725576050093857","-1.0725576050093857","-1.0725576050093857","-1.2545241293879008","-1.2545241293879008","-1.2545241293879008","-1.0386850617969148","-1.0386850617969148","-1.0386850617969148","-0.8126423401914984","-0.8126423401914984","-0.8126423401914984","-1.1468334139498793","-1.1468334139498793","-1.1468334139498793","-1.1425679750696205","-1.1425679750696205","-1.1425679750696205","-1.8164606065345115","-1.8164606065345115","-1.8164606065345115","-0.9679310454664247","-0.9679310454664247","-0.9679310454664247","-1.1933796766852756","-1.1933796766852756","-1.1933796766852756","-0.8780311912326253","-0.8780311912326253","-0.8780311912326253","-1.6141418985603078","-1.6141418985603078","-1.6141418985603078"
"49000","-1.8054243329267905","-1.8054243329267905","-1.8054243329267905","-0.8798862828778287","-0.8798862828778287","-0.8798862828778287","-1.7407926409481882","-1.7407926409481882","-1.7407926409481882","-1.1472325159452","-1.1472325159452","-1.1472325159452","-0.9219023895043842","-0.9219023895043842","-0.9219023895043842","-0.8347853610419728","-0.8347853610419728","-0.8347853610419728","-1.209817304443445","-1.209817304443445","-1.209817304443445","-1.0970924628141445","-1.0970924628141445","-1.0970924628141445","-1.2467959030547706","-1.2467959030547706","-1.2467959030547706","-1.0940332100100953","-1.0940332100100953","-1.0940332100100953","-1.6779876443318131","-1.6779876443318131","-1.6779876443318131","-1.1029831812867588","-1.1029831812867588","-1.1029831812867588","-0.7927640469037625","-0.7927640469037625","-0.7927640469037625","-1.1271942606809842","-1.1271942606809842","-1.1271942606809842","-1.1782366203552201","-1.1782366203552201","-1.1782366203552201","-1.7892941365031345","-1.7892941365031345","-1.7892941365031345","-0.8535686161639868","-0.8535686161639868","-0.8535686161639868","-0.811164442854311","-0.811164442854311","-0.811164442854311","-0.9140566630190786","-0.9140566630190786","-0.9140566630190786","-1.6377955981336854","-1.6377955981336854","-1.6377955981336854"
"49500","-1.394650352004932","-1.394650352004932","-1.394650352004932","-0.7963640080085879","-0.7963640080085879","-0.7963640080085879","-1.572828454566246","-1.572828454566246","-1.572828454566246","-1.1339285134906498","-1.1339285134906498","-1.1339285134906498","-1.17110635603247","-1.17110635603247","-1.17110635603247","-0.7601893671127492","-0.7601893671127492","-0.7601893671127492","-1.3630272586125325","-1.3630272586125325","-1.3630272586125325","-0.9869329110371708","-0.9869329110371708","-0.9869329110371708","-1.281386547847374","-1.281386547847374","-1.281386547847374","-1.1058014881402638","-1.1058014881402638","-1.1058014881402638","-1.4032567861734702","-1.4032567861734702","-1.4032567861734702","-1.1483345290842277","-1.1483345290842277","-1.1483345290842277","-0.7669742554357208","-0.7669742554357208","-0.7669742554357208","-1.142936450787872","-1.142936450787872","-1.142936450787872","-1.2271248921434934","-1.2271248921434934","-1.2271248921434934","-1.8093443603646144","-1.8093443603646144","-1.8093443603646144","-0.9365779723052577","-0.9365779723052577","-0.9365779723052577","-0.8540122877787699","-0.8540122877787699","-0.8540122877787699","-1.0454156129680015","-1.0454156129680015","-1.0454156129680015","-1.4939806698155973","-1.4939806698155973","-1.4939806698155973"
"50000","-1.403037047759256","-1.403037047759256","-1.403037047759256","-0.7902430106111882","-0.7902430106111882","-0.7902430106111882","-1.7190916223774095","-1.7190916223774095","-1.7190916223774095","-1.2259976524494736","-1.2259976524494736","-1.2259976524494736","-1.0602407495146093","-1.0602407495146093","-1.0602407495146093","-0.6302734524778797","-0.6302734524778797","-0.6302734524778797","-1.2951205431573145","-1.2951205431573145","-1.2951205431573145","-1.1918660677517954","-1.1918660677517954","-1.1918660677517954","-1.0584374082428303","-1.0584374082428303","-1.0584374082428303","-0.9809866079946323","-0.9809866079946323","-0.9809866079946323","-1.4815909603778747","-1.4815909603778747","-1.4815909603778747","-1.1245838269732122","-1.1245838269732122","-1.1245838269732122","-0.7814830067730328","-0.7814830067730328","-0.7814830067730328","-1.18770274706137","-1.18770274706137","-1.18770274706137","-1.2900805566454054","-1.2900805566454054","-1.2900805566454054","-1.8389636958221718","-1.8389636958221718","-1.8389636958221718","-0.9333510369810216","-0.9333510369810216","-0.9333510369810216","-0.7441323274729211","-0.7441323274729211","-0.7441323274729211","-0.8189685813575343","-0.8189685813575343","-0.8189685813575343","-1.561349637999049","-1.561349637999049","-1.561349637999049"