"Step","DDPG_EQL_FetchReachDense-v4_19 - eval/avg_reward","DDPG_EQL_FetchReachDense-v4_19 - eval/avg_reward__MIN","DDPG_EQL_FetchReachDense-v4_19 - eval/avg_reward__MAX","DDPG_EQL_FetchReachDense-v4_18 - eval/avg_reward","DDPG_EQL_FetchReachDense-v4_18 - eval/avg_reward__MIN","DDPG_EQL_FetchReachDense-v4_18 - eval/avg_reward__MAX","DDPG_EQL_FetchReachDense-v4_17 - eval/avg_reward","DDPG_EQL_FetchReachDense-v4_17 - eval/avg_reward__MIN","DDPG_EQL_FetchReachDense-v4_17 - eval/avg_reward__MAX","DDPG_EQL_FetchReachDense-v4_16 - eval/avg_reward","DDPG_EQL_FetchReachDense-v4_16 - eval/avg_reward__MIN","DDPG_EQL_FetchReachDense-v4_16 - eval/avg_reward__MAX","DDPG_EQL_FetchReachDense-v4_15 - eval/avg_reward","DDPG_EQL_FetchReachDense-v4_15 - eval/avg_reward__MIN","DDPG_EQL_FetchReachDense-v4_15 - eval/avg_reward__MAX","DDPG_EQL_FetchReachDense-v4_14 - eval/avg_reward","DDPG_EQL_FetchReachDense-v4_14 - eval/avg_reward__MIN","DDPG_EQL_FetchReachDense-v4_14 - eval/avg_reward__MAX","DDPG_EQL_FetchReachDense-v4_13 - eval/avg_reward","DDPG_EQL_FetchReachDense-v4_13 - eval/avg_reward__MIN","DDPG_EQL_FetchReachDense-v4_13 - eval/avg_reward__MAX","DDPG_EQL_FetchReachDense-v4_12 - eval/avg_reward","DDPG_EQL_FetchReachDense-v4_12 - eval/avg_reward__MIN","DDPG_EQL_FetchReachDense-v4_12 - eval/avg_reward__MAX","DDPG_EQL_FetchReachDense-v4_11 - eval/avg_reward","DDPG_EQL_FetchReachDense-v4_11 - eval/avg_reward__MIN","DDPG_EQL_FetchReachDense-v4_11 - eval/avg_reward__MAX","DDPG_EQL_FetchReachDense-v4_10 - eval/avg_reward","DDPG_EQL_FetchReachDense-v4_10 - eval/avg_reward__MIN","DDPG_EQL_FetchReachDense-v4_10 - eval/avg_reward__MAX","DDPG_EQL_FetchReachDense-v4_9 - eval/avg_reward","DDPG_EQL_FetchReachDense-v4_9 - eval/avg_reward__MIN","DDPG_EQL_FetchReachDense-v4_9 - eval/avg_reward__MAX","DDPG_EQL_FetchReachDense-v4_8 - eval/avg_reward","DDPG_EQL_FetchReachDense-v4_8 - eval/avg_reward__MIN","DDPG_EQL_FetchReachDense-v4_8 - eval/avg_reward__MAX","DDPG_EQL_FetchReachDense-v4_7 - eval/avg_reward","DDPG_EQL_FetchReachDense-v4_7 - eval/avg_reward__MIN","DDPG_EQL_FetchReachDense-v4_7 - eval/avg_reward__MAX","DDPG_EQL_FetchReachDense-v4_6 - eval/avg_reward","DDPG_EQL_FetchReachDense-v4_6 - eval/avg_reward__MIN","DDPG_EQL_FetchReachDense-v4_6 - eval/avg_reward__MAX","DDPG_EQL_FetchReachDense-v4_5 - eval/avg_reward","DDPG_EQL_FetchReachDense-v4_5 - eval/avg_reward__MIN","DDPG_EQL_FetchReachDense-v4_5 - eval/avg_reward__MAX","DDPG_EQL_FetchReachDense-v4_4 - eval/avg_reward","DDPG_EQL_FetchReachDense-v4_4 - eval/avg_reward__MIN","DDPG_EQL_FetchReachDense-v4_4 - eval/avg_reward__MAX","DDPG_EQL_FetchReachDense-v4_3 - eval/avg_reward","DDPG_EQL_FetchReachDense-v4_3 - eval/avg_reward__MIN","DDPG_EQL_FetchReachDense-v4_3 - eval/avg_reward__MAX","DDPG_EQL_FetchReachDense-v4_2 - eval/avg_reward","DDPG_EQL_FetchReachDense-v4_2 - eval/avg_reward__MIN","DDPG_EQL_FetchReachDense-v4_2 - eval/avg_reward__MAX","DDPG_EQL_FetchReachDense-v4_1 - eval/avg_reward","DDPG_EQL_FetchReachDense-v4_1 - eval/avg_reward__MIN","DDPG_EQL_FetchReachDense-v4_1 - eval/avg_reward__MAX","DDPG_EQL_FetchReachDense-v4_0 - eval/avg_reward","DDPG_EQL_FetchReachDense-v4_0 - eval/avg_reward__MIN","DDPG_EQL_FetchReachDense-v4_0 - eval/avg_reward__MAX"
"0","-9.998621109771939","-9.998621109771939","-9.998621109771939","-10.161423808351515","-10.161423808351515","-10.161423808351515","-11.597058018911019","-11.597058018911019","-11.597058018911019","-10.071171992594072","-10.071171992594072","-10.071171992594072","-8.173691017796525","-8.173691017796525","-8.173691017796525","-6.93500112096396","-6.93500112096396","-6.93500112096396","-10.07541822367935","-10.07541822367935","-10.07541822367935","-7.22933914428949","-7.22933914428949","-7.22933914428949","-13.557300651531074","-13.557300651531074","-13.557300651531074","-14.909256102851089","-14.909256102851089","-14.909256102851089","-7.671810886359692","-7.671810886359692","-7.671810886359692","-9.139160234667552","-9.139160234667552","-9.139160234667552","-9.137211679887539","-9.137211679887539","-9.137211679887539","-12.403093904713952","-12.403093904713952","-12.403093904713952","-8.001051337587187","-8.001051337587187","-8.001051337587187","-8.631314585276273","-8.631314585276273","-8.631314585276273","-10.465739808313748","-10.465739808313748","-10.465739808313748","-9.796524533825387","-9.796524533825387","-9.796524533825387","-11.51415108380978","-11.51415108380978","-11.51415108380978","-9.652403841391166","-9.652403841391166","-9.652403841391166"
"500","-9.998621109771939","-9.998621109771939","-9.998621109771939","-10.161423808351515","-10.161423808351515","-10.161423808351515","-11.597058018911019","-11.597058018911019","-11.597058018911019","-10.071171992594072","-10.071171992594072","-10.071171992594072","-8.173691017796525","-8.173691017796525","-8.173691017796525","-6.93500112096396","-6.93500112096396","-6.93500112096396","-10.07541822367935","-10.07541822367935","-10.07541822367935","-7.22933914428949","-7.22933914428949","-7.22933914428949","-13.557300651531074","-13.557300651531074","-13.557300651531074","-14.909256102851089","-14.909256102851089","-14.909256102851089","-7.671810886359692","-7.671810886359692","-7.671810886359692","-9.139160234667552","-9.139160234667552","-9.139160234667552","-9.137211679887539","-9.137211679887539","-9.137211679887539","-12.403093904713952","-12.403093904713952","-12.403093904713952","-8.001051337587187","-8.001051337587187","-8.001051337587187","-8.631314585276273","-8.631314585276273","-8.631314585276273","-10.465739808313748","-10.465739808313748","-10.465739808313748","-9.796524533825387","-9.796524533825387","-9.796524533825387","-11.51415108380978","-11.51415108380978","-11.51415108380978","-9.652403841391166","-9.652403841391166","-9.652403841391166"
"1000","-9.998621109771939","-9.998621109771939","-9.998621109771939","-10.161423808351515","-10.161423808351515","-10.161423808351515","-13.420042881763175","-13.420042881763175","-13.420042881763175","-9.288896051518659","-9.288896051518659","-9.288896051518659","-8.173691017796525","-8.173691017796525","-8.173691017796525","-6.93500112096396","-6.93500112096396","-6.93500112096396","-12.13895385725682","-12.13895385725682","-12.13895385725682","-7.22933914428949","-7.22933914428949","-7.22933914428949","-13.557300651531074","-13.557300651531074","-13.557300651531074","-14.909256102851089","-14.909256102851089","-14.909256102851089","-7.671810886359692","-7.671810886359692","-7.671810886359692","-9.139160234667552","-9.139160234667552","-9.139160234667552","-9.137211679887539","-9.137211679887539","-9.137211679887539","-12.403093904713952","-12.403093904713952","-12.403093904713952","-8.001051337587187","-8.001051337587187","-8.001051337587187","-8.631314585276273","-8.631314585276273","-8.631314585276273","-10.465739808313748","-10.465739808313748","-10.465739808313748","-9.796524533825387","-9.796524533825387","-9.796524533825387","-10.42048171335874","-10.42048171335874","-10.42048171335874","-9.652403841391166","-9.652403841391166","-9.652403841391166"
"1500","-16.154746508820967","-16.154746508820967","-16.154746508820967","-18.771716267072215","-18.771716267072215","-18.771716267072215","-26.34228136040547","-26.34228136040547","-26.34228136040547","-16.298249069112593","-16.298249069112593","-16.298249069112593","-15.05170023226988","-15.05170023226988","-15.05170023226988","-10.35606090949555","-10.35606090949555","-10.35606090949555","-11.897922871225372","-11.897922871225372","-11.897922871225372","-22.514767179558085","-22.514767179558085","-22.514767179558085","-21.074704230730728","-21.074704230730728","-21.074704230730728","-28.040249252700153","-28.040249252700153","-28.040249252700153","-18.356395680481143","-18.356395680481143","-18.356395680481143","-29.167942687283862","-29.167942687283862","-29.167942687283862","-15.845457343665359","-15.845457343665359","-15.845457343665359","-14.903490431128342","-14.903490431128342","-14.903490431128342","-47.737397079705524","-47.737397079705524","-47.737397079705524","-11.646171772482722","-11.646171772482722","-11.646171772482722","-8.792517437897772","-8.792517437897772","-8.792517437897772","-33.749957839642974","-33.749957839642974","-33.749957839642974","-14.307958158171203","-14.307958158171203","-14.307958158171203","-7.549970541517152","-7.549970541517152","-7.549970541517152"
"2000","-15.28087220464514","-15.28087220464514","-15.28087220464514","-13.091230925220193","-13.091230925220193","-13.091230925220193","-8.456802603068912","-8.456802603068912","-8.456802603068912","-19.156379246197492","-19.156379246197492","-19.156379246197492","-12.320330546149615","-12.320330546149615","-12.320330546149615","-10.289685392192476","-10.289685392192476","-10.289685392192476","-11.398049203100658","-11.398049203100658","-11.398049203100658","-22.820366329814064","-22.820366329814064","-22.820366329814064","-5.00172940982461","-5.00172940982461","-5.00172940982461","-18.580846631184063","-18.580846631184063","-18.580846631184063","-9.913181189027412","-9.913181189027412","-9.913181189027412","-10.025327346168414","-10.025327346168414","-10.025327346168414","-23.134750630090743","-23.134750630090743","-23.134750630090743","-9.675097989359434","-9.675097989359434","-9.675097989359434","-28.366855152023277","-28.366855152023277","-28.366855152023277","-9.571174799611148","-9.571174799611148","-9.571174799611148","-7.602963200360184","-7.602963200360184","-7.602963200360184","-22.55498029011383","-22.55498029011383","-22.55498029011383","-13.602666102441049","-13.602666102441049","-13.602666102441049","-8.711137861704916","-8.711137861704916","-8.711137861704916"
"2500","-18.73307729891894","-18.73307729891894","-18.73307729891894","-13.03993269372297","-13.03993269372297","-13.03993269372297","-18.350459666516088","-18.350459666516088","-18.350459666516088","-7.307300932934159","-7.307300932934159","-7.307300932934159","-9.022473635986799","-9.022473635986799","-9.022473635986799","-5.555223016337993","-5.555223016337993","-5.555223016337993","-12.764934279685736","-12.764934279685736","-12.764934279685736","-9.230587141905799","-9.230587141905799","-9.230587141905799","-5.72475932831962","-5.72475932831962","-5.72475932831962","-12.575565719528973","-12.575565719528973","-12.575565719528973","-7.028205429491206","-7.028205429491206","-7.028205429491206","-8.396921939523114","-8.396921939523114","-8.396921939523114","-14.31108850036605","-14.31108850036605","-14.31108850036605","-8.889404552950158","-8.889404552950158","-8.889404552950158","-8.049607594305924","-8.049607594305924","-8.049607594305924","-9.355521243130818","-9.355521243130818","-9.355521243130818","-8.553375354092974","-8.553375354092974","-8.553375354092974","-23.714657168067795","-23.714657168067795","-23.714657168067795","-9.097796948163882","-9.097796948163882","-9.097796948163882","-9.898381806075253","-9.898381806075253","-9.898381806075253"
"3000","-7.830963617306632","-7.830963617306632","-7.830963617306632","-9.568431761764916","-9.568431761764916","-9.568431761764916","-20.095060042106677","-20.095060042106677","-20.095060042106677","-7.5277505142012355","-7.5277505142012355","-7.5277505142012355","-18.550197624241648","-18.550197624241648","-18.550197624241648","-10.495613768995923","-10.495613768995923","-10.495613768995923","-15.663084512455677","-15.663084512455677","-15.663084512455677","-6.7666711131206885","-6.7666711131206885","-6.7666711131206885","-4.836300855126973","-4.836300855126973","-4.836300855126973","-5.621150688538675","-5.621150688538675","-5.621150688538675","-15.872354388095298","-15.872354388095298","-15.872354388095298","-6.084631885832047","-6.084631885832047","-6.084631885832047","-7.417383352263218","-7.417383352263218","-7.417383352263218","-14.005751376014306","-14.005751376014306","-14.005751376014306","-7.276402333977211","-7.276402333977211","-7.276402333977211","-8.732935120498508","-8.732935120498508","-8.732935120498508","-6.87297804064026","-6.87297804064026","-6.87297804064026","-10.07672989699155","-10.07672989699155","-10.07672989699155","-15.125291555797011","-15.125291555797011","-15.125291555797011","-7.222521941422647","-7.222521941422647","-7.222521941422647"
"3500","-12.30530018325419","-12.30530018325419","-12.30530018325419","-8.693494061490407","-8.693494061490407","-8.693494061490407","-11.172149070951937","-11.172149070951937","-11.172149070951937","-10.1402694727939","-10.1402694727939","-10.1402694727939","-11.164199565278995","-11.164199565278995","-11.164199565278995","-32.92562316275608","-32.92562316275608","-32.92562316275608","-4.972143011370352","-4.972143011370352","-4.972143011370352","-9.35936592174796","-9.35936592174796","-9.35936592174796","-5.629440898399582","-5.629440898399582","-5.629440898399582","-5.382179636229658","-5.382179636229658","-5.382179636229658","-9.424194407462682","-9.424194407462682","-9.424194407462682","-10.00567493725423","-10.00567493725423","-10.00567493725423","-15.90470711204089","-15.90470711204089","-15.90470711204089","-7.664711767253121","-7.664711767253121","-7.664711767253121","-12.257485717566244","-12.257485717566244","-12.257485717566244","-7.577166782312344","-7.577166782312344","-7.577166782312344","-8.082129958438799","-8.082129958438799","-8.082129958438799","-6.913972379098503","-6.913972379098503","-6.913972379098503","-13.797018612611419","-13.797018612611419","-13.797018612611419","-7.5920432044596025","-7.5920432044596025","-7.5920432044596025"
"4000","-8.540921856014183","-8.540921856014183","-8.540921856014183","-6.232393914772397","-6.232393914772397","-6.232393914772397","-15.82860237691977","-15.82860237691977","-15.82860237691977","-6.848230469142116","-6.848230469142116","-6.848230469142116","-8.898318393397162","-8.898318393397162","-8.898318393397162","-27.188489138689704","-27.188489138689704","-27.188489138689704","-7.271906605726825","-7.271906605726825","-7.271906605726825","-6.957157426435534","-6.957157426435534","-6.957157426435534","-9.452169936213046","-9.452169936213046","-9.452169936213046","-5.8659958999340445","-5.8659958999340445","-5.8659958999340445","-7.310344626700224","-7.310344626700224","-7.310344626700224","-11.027778292179638","-11.027778292179638","-11.027778292179638","-10.783315016803233","-10.783315016803233","-10.783315016803233","-6.224482456652349","-6.224482456652349","-6.224482456652349","-10.00212764882948","-10.00212764882948","-10.00212764882948","-8.906023738701025","-8.906023738701025","-8.906023738701025","-8.602923396117681","-8.602923396117681","-8.602923396117681","-8.255531217405474","-8.255531217405474","-8.255531217405474","-6.249774021714716","-6.249774021714716","-6.249774021714716","-8.572589399334609","-8.572589399334609","-8.572589399334609"
"4500","-8.08614629490147","-8.08614629490147","-8.08614629490147","-7.270514066442407","-7.270514066442407","-7.270514066442407","-6.270075092549275","-6.270075092549275","-6.270075092549275","-10.30482548098471","-10.30482548098471","-10.30482548098471","-7.372664029098883","-7.372664029098883","-7.372664029098883","-11.645545856542856","-11.645545856542856","-11.645545856542856","-6.442927680503208","-6.442927680503208","-6.442927680503208","-7.020693950408891","-7.020693950408891","-7.020693950408891","-9.69879842154654","-9.69879842154654","-9.69879842154654","-5.496289017774275","-5.496289017774275","-5.496289017774275","-6.326148844246696","-6.326148844246696","-6.326148844246696","-7.58450479046544","-7.58450479046544","-7.58450479046544","-10.091296240277483","-10.091296240277483","-10.091296240277483","-7.523143140261661","-7.523143140261661","-7.523143140261661","-8.31870518320988","-8.31870518320988","-8.31870518320988","-10.268474051946969","-10.268474051946969","-10.268474051946969","-8.208272772721998","-8.208272772721998","-8.208272772721998","-4.12976804218774","-4.12976804218774","-4.12976804218774","-5.307491429155873","-5.307491429155873","-5.307491429155873","-6.611804385075999","-6.611804385075999","-6.611804385075999"
"5000","-9.562467396846234","-9.562467396846234","-9.562467396846234","-7.082404519736026","-7.082404519736026","-7.082404519736026","-9.528340769426343","-9.528340769426343","-9.528340769426343","-12.902888286575628","-12.902888286575628","-12.902888286575628","-4.930910904678062","-4.930910904678062","-4.930910904678062","-6.960525286617511","-6.960525286617511","-6.960525286617511","-4.538993563084235","-4.538993563084235","-4.538993563084235","-8.08274925471786","-8.08274925471786","-8.08274925471786","-8.026911123454068","-8.026911123454068","-8.026911123454068","-3.7871732866136703","-3.7871732866136703","-3.7871732866136703","-9.610700927676685","-9.610700927676685","-9.610700927676685","-5.635198059437899","-5.635198059437899","-5.635198059437899","-5.427094944885094","-5.427094944885094","-5.427094944885094","-6.015471486063291","-6.015471486063291","-6.015471486063291","-7.791041064230096","-7.791041064230096","-7.791041064230096","-4.462264129179011","-4.462264129179011","-4.462264129179011","-5.645563945547137","-5.645563945547137","-5.645563945547137","-3.7224538665011906","-3.7224538665011906","-3.7224538665011906","-8.387087554783246","-8.387087554783246","-8.387087554783246","-9.080041435400073","-9.080041435400073","-9.080041435400073"
"5500","-5.927742816295829","-5.927742816295829","-5.927742816295829","-7.030802123502626","-7.030802123502626","-7.030802123502626","-7.49744508959652","-7.49744508959652","-7.49744508959652","-12.329251821457003","-12.329251821457003","-12.329251821457003","-9.117722023178949","-9.117722023178949","-9.117722023178949","-8.113520799241629","-8.113520799241629","-8.113520799241629","-3.6566728550614274","-3.6566728550614274","-3.6566728550614274","-6.303951647476671","-6.303951647476671","-6.303951647476671","-6.434563547508111","-6.434563547508111","-6.434563547508111","-3.7094990509316483","-3.7094990509316483","-3.7094990509316483","-7.206781044699779","-7.206781044699779","-7.206781044699779","-4.835111259103485","-4.835111259103485","-4.835111259103485","-4.10672339528268","-4.10672339528268","-4.10672339528268","-4.944646030338076","-4.944646030338076","-4.944646030338076","-8.578458530597382","-8.578458530597382","-8.578458530597382","-7.69466952511677","-7.69466952511677","-7.69466952511677","-4.922152936208565","-4.922152936208565","-4.922152936208565","-3.7761003767297274","-3.7761003767297274","-3.7761003767297274","-5.099874126354784","-5.099874126354784","-5.099874126354784","-7.7740632699833085","-7.7740632699833085","-7.7740632699833085"
"6000","-5.882431583390702","-5.882431583390702","-5.882431583390702","-6.871184830155582","-6.871184830155582","-6.871184830155582","-4.986875271584663","-4.986875271584663","-4.986875271584663","-5.917791659104465","-5.917791659104465","-5.917791659104465","-5.902947769321584","-5.902947769321584","-5.902947769321584","-7.125536168892251","-7.125536168892251","-7.125536168892251","-3.9593153123044287","-3.9593153123044287","-3.9593153123044287","-5.004928738033092","-5.004928738033092","-5.004928738033092","-3.442813155063844","-3.442813155063844","-3.442813155063844","-3.341182012816847","-3.341182012816847","-3.341182012816847","-5.65791432633185","-5.65791432633185","-5.65791432633185","-9.701013968342751","-9.701013968342751","-9.701013968342751","-3.7710944211688884","-3.7710944211688884","-3.7710944211688884","-5.63126783502621","-5.63126783502621","-5.63126783502621","-6.718225711157851","-6.718225711157851","-6.718225711157851","-3.812965296311211","-3.812965296311211","-3.812965296311211","-3.5934990930699593","-3.5934990930699593","-3.5934990930699593","-2.7388731641123045","-2.7388731641123045","-2.7388731641123045","-5.759523968809491","-5.759523968809491","-5.759523968809491","-4.3080023887680285","-4.3080023887680285","-4.3080023887680285"
"6500","-7.28947134732026","-7.28947134732026","-7.28947134732026","-3.9906173102572433","-3.9906173102572433","-3.9906173102572433","-3.3104606573889","-3.3104606573889","-3.3104606573889","-6.164416195313411","-6.164416195313411","-6.164416195313411","-9.892461426011504","-9.892461426011504","-9.892461426011504","-8.480266349517056","-8.480266349517056","-8.480266349517056","-3.7896851089984436","-3.7896851089984436","-3.7896851089984436","-4.95537845586019","-4.95537845586019","-4.95537845586019","-2.9502694678606596","-2.9502694678606596","-2.9502694678606596","-4.279092529922305","-4.279092529922305","-4.279092529922305","-4.858872869891319","-4.858872869891319","-4.858872869891319","-7.47165000040124","-7.47165000040124","-7.47165000040124","-4.343073806526634","-4.343073806526634","-4.343073806526634","-5.609050322970347","-5.609050322970347","-5.609050322970347","-7.264462282073536","-7.264462282073536","-7.264462282073536","-3.0241004636645408","-3.0241004636645408","-3.0241004636645408","-4.91183323856985","-4.91183323856985","-4.91183323856985","-5.8207869104791365","-5.8207869104791365","-5.8207869104791365","-4.091181940974686","-4.091181940974686","-4.091181940974686","-5.247715135849378","-5.247715135849378","-5.247715135849378"
"7000","-12.75388727868325","-12.75388727868325","-12.75388727868325","-5.078368668435981","-5.078368668435981","-5.078368668435981","-4.2441870431687585","-4.2441870431687585","-4.2441870431687585","-5.299012479654484","-5.299012479654484","-5.299012479654484","-8.36553111506614","-8.36553111506614","-8.36553111506614","-3.9474274221093184","-3.9474274221093184","-3.9474274221093184","-3.5284285617678073","-3.5284285617678073","-3.5284285617678073","-5.425447355464654","-5.425447355464654","-5.425447355464654","-5.596356320998661","-5.596356320998661","-5.596356320998661","-4.512151977490577","-4.512151977490577","-4.512151977490577","-3.72858473159722","-3.72858473159722","-3.72858473159722","-4.8390291063347615","-4.8390291063347615","-4.8390291063347615","-2.1010166573124915","-2.1010166573124915","-2.1010166573124915","-5.4447687320224265","-5.4447687320224265","-5.4447687320224265","-7.546420447191409","-7.546420447191409","-7.546420447191409","-3.330395689724169","-3.330395689724169","-3.330395689724169","-2.8555543939565493","-2.8555543939565493","-2.8555543939565493","-3.36874733868576","-3.36874733868576","-3.36874733868576","-4.321422429093894","-4.321422429093894","-4.321422429093894","-7.851724592871387","-7.851724592871387","-7.851724592871387"
"7500","-4.612071467656423","-4.612071467656423","-4.612071467656423","-3.507688787394643","-3.507688787394643","-3.507688787394643","-2.8138594839293782","-2.8138594839293782","-2.8138594839293782","-5.967319907513129","-5.967319907513129","-5.967319907513129","-6.210514854745136","-6.210514854745136","-6.210514854745136","-3.546477845928454","-3.546477845928454","-3.546477845928454","-3.193564847086101","-3.193564847086101","-3.193564847086101","-3.8706649361344723","-3.8706649361344723","-3.8706649361344723","-3.0078581239355473","-3.0078581239355473","-3.0078581239355473","-3.2683497333226534","-3.2683497333226534","-3.2683497333226534","-4.109127966005353","-4.109127966005353","-4.109127966005353","-6.501485841554462","-6.501485841554462","-6.501485841554462","-2.7268591757365592","-2.7268591757365592","-2.7268591757365592","-6.468498784776725","-6.468498784776725","-6.468498784776725","-5.864697650729019","-5.864697650729019","-5.864697650729019","-2.664766613340018","-2.664766613340018","-2.664766613340018","-3.9284562647992174","-3.9284562647992174","-3.9284562647992174","-3.4982345557915098","-3.4982345557915098","-3.4982345557915098","-6.386300787253457","-6.386300787253457","-6.386300787253457","-6.27061143942388","-6.27061143942388","-6.27061143942388"
"8000","-3.1457176048964426","-3.1457176048964426","-3.1457176048964426","-3.383744744654881","-3.383744744654881","-3.383744744654881","-3.64314989486684","-3.64314989486684","-3.64314989486684","-5.013915631675869","-5.013915631675869","-5.013915631675869","-5.85655452776949","-5.85655452776949","-5.85655452776949","-2.6839602368103366","-2.6839602368103366","-2.6839602368103366","-3.9177466718274006","-3.9177466718274006","-3.9177466718274006","-5.294577918205804","-5.294577918205804","-5.294577918205804","-4.4265668251041195","-4.4265668251041195","-4.4265668251041195","-4.4700037223606","-4.4700037223606","-4.4700037223606","-4.820369566947039","-4.820369566947039","-4.820369566947039","-4.662958053236965","-4.662958053236965","-4.662958053236965","-2.5349879636246007","-2.5349879636246007","-2.5349879636246007","-6.990918262502629","-6.990918262502629","-6.990918262502629","-5.952117340981335","-5.952117340981335","-5.952117340981335","-2.814242584227722","-2.814242584227722","-2.814242584227722","-4.5360162550456975","-4.5360162550456975","-4.5360162550456975","-3.032377077399119","-3.032377077399119","-3.032377077399119","-3.0067461143963046","-3.0067461143963046","-3.0067461143963046","-9.536477879590288","-9.536477879590288","-9.536477879590288"
"8500","-3.227426317988171","-3.227426317988171","-3.227426317988171","-5.133244686859802","-5.133244686859802","-5.133244686859802","-3.7273417039436545","-3.7273417039436545","-3.7273417039436545","-4.361471029177887","-4.361471029177887","-4.361471029177887","-4.666208006976634","-4.666208006976634","-4.666208006976634","-3.6841853150510007","-3.6841853150510007","-3.6841853150510007","-1.7709643022293027","-1.7709643022293027","-1.7709643022293027","-5.098019038631415","-5.098019038631415","-5.098019038631415","-4.105094719356899","-4.105094719356899","-4.105094719356899","-3.7489994988101807","-3.7489994988101807","-3.7489994988101807","-3.343962478726051","-3.343962478726051","-3.343962478726051","-4.608364719602038","-4.608364719602038","-4.608364719602038","-2.3696541175742802","-2.3696541175742802","-2.3696541175742802","-3.8554220310815595","-3.8554220310815595","-3.8554220310815595","-5.6061682664789005","-5.6061682664789005","-5.6061682664789005","-3.070998897022426","-3.070998897022426","-3.070998897022426","-3.5083674987276297","-3.5083674987276297","-3.5083674987276297","-3.395919647760904","-3.395919647760904","-3.395919647760904","-3.4986179220906863","-3.4986179220906863","-3.4986179220906863","-3.9941325471817337","-3.9941325471817337","-3.9941325471817337"
"9000","-3.247353532871581","-3.247353532871581","-3.247353532871581","-3.258330499943561","-3.258330499943561","-3.258330499943561","-4.1507864148579285","-4.1507864148579285","-4.1507864148579285","-4.0081901821301384","-4.0081901821301384","-4.0081901821301384","-6.838113955531924","-6.838113955531924","-6.838113955531924","-2.59333817901089","-2.59333817901089","-2.59333817901089","-2.956928238673733","-2.956928238673733","-2.956928238673733","-2.4174344186183765","-2.4174344186183765","-2.4174344186183765","-2.984787911599036","-2.984787911599036","-2.984787911599036","-3.976451814820858","-3.976451814820858","-3.976451814820858","-3.559745961174884","-3.559745961174884","-3.559745961174884","-5.5210584753647005","-5.5210584753647005","-5.5210584753647005","-1.8904226967852806","-1.8904226967852806","-1.8904226967852806","-3.8834237826441567","-3.8834237826441567","-3.8834237826441567","-3.7087944611688415","-3.7087944611688415","-3.7087944611688415","-2.2598916732465595","-2.2598916732465595","-2.2598916732465595","-3.38777668884786","-3.38777668884786","-3.38777668884786","-4.427462314645474","-4.427462314645474","-4.427462314645474","-2.6361022984169296","-2.6361022984169296","-2.6361022984169296","-4.123195892033266","-4.123195892033266","-4.123195892033266"
"9500","-3.97510465075952","-3.97510465075952","-3.97510465075952","-2.9869995804207767","-2.9869995804207767","-2.9869995804207767","-2.3649706002445106","-2.3649706002445106","-2.3649706002445106","-3.5193347097565004","-3.5193347097565004","-3.5193347097565004","-4.837338117034056","-4.837338117034056","-4.837338117034056","-3.957344071623436","-3.957344071623436","-3.957344071623436","-1.9248433343826925","-1.9248433343826925","-1.9248433343826925","-2.773169574610231","-2.773169574610231","-2.773169574610231","-4.110181573273325","-4.110181573273325","-4.110181573273325","-2.92142736580296","-2.92142736580296","-2.92142736580296","-3.2091925611740706","-3.2091925611740706","-3.2091925611740706","-4.529931767332386","-4.529931767332386","-4.529931767332386","-2.4027545901186818","-2.4027545901186818","-2.4027545901186818","-4.499878754609146","-4.499878754609146","-4.499878754609146","-3.87312402020316","-3.87312402020316","-3.87312402020316","-2.6031927639911148","-2.6031927639911148","-2.6031927639911148","-2.023419893306907","-2.023419893306907","-2.023419893306907","-3.9420098855059975","-3.9420098855059975","-3.9420098855059975","-4.648974517563626","-4.648974517563626","-4.648974517563626","-4.517355153980722","-4.517355153980722","-4.517355153980722"
"10000","-2.7845352896535247","-2.7845352896535247","-2.7845352896535247","-3.9306778697250806","-3.9306778697250806","-3.9306778697250806","-2.3976980481321566","-2.3976980481321566","-2.3976980481321566","-3.3539394583635045","-3.3539394583635045","-3.3539394583635045","-5.540103417341542","-5.540103417341542","-5.540103417341542","-3.0296026217070677","-3.0296026217070677","-3.0296026217070677","-2.069234810833545","-2.069234810833545","-2.069234810833545","-2.253718738547103","-2.253718738547103","-2.253718738547103","-1.9518294303666057","-1.9518294303666057","-1.9518294303666057","-1.8239284759310497","-1.8239284759310497","-1.8239284759310497","-2.799566212607202","-2.799566212607202","-2.799566212607202","-6.403564235532732","-6.403564235532732","-6.403564235532732","-2.1776657033307236","-2.1776657033307236","-2.1776657033307236","-4.357999556497079","-4.357999556497079","-4.357999556497079","-3.8085729722612447","-3.8085729722612447","-3.8085729722612447","-2.2755601142308506","-2.2755601142308506","-2.2755601142308506","-3.536570083110143","-3.536570083110143","-3.536570083110143","-3.7172123377788657","-3.7172123377788657","-3.7172123377788657","-3.79379181161228","-3.79379181161228","-3.79379181161228","-4.0542125802937905","-4.0542125802937905","-4.0542125802937905"
"10500","-3.5103713197236224","-3.5103713197236224","-3.5103713197236224","-4.718408298919384","-4.718408298919384","-4.718408298919384","-2.039956860180232","-2.039956860180232","-2.039956860180232","-3.4823984256275367","-3.4823984256275367","-3.4823984256275367","-3.875977742917543","-3.875977742917543","-3.875977742917543","-3.3647544654533688","-3.3647544654533688","-3.3647544654533688","-1.9634424254215368","-1.9634424254215368","-1.9634424254215368","-3.231026135949429","-3.231026135949429","-3.231026135949429","-2.9260944476944495","-2.9260944476944495","-2.9260944476944495","-2.2373540740101285","-2.2373540740101285","-2.2373540740101285","-3.1711666304322588","-3.1711666304322588","-3.1711666304322588","-4.364095575396261","-4.364095575396261","-4.364095575396261","-1.968579096151015","-1.968579096151015","-1.968579096151015","-3.7413902367927627","-3.7413902367927627","-3.7413902367927627","-6.378510574869877","-6.378510574869877","-6.378510574869877","-3.1199402919046615","-3.1199402919046615","-3.1199402919046615","-2.4150158250926075","-2.4150158250926075","-2.4150158250926075","-2.7622834143062915","-2.7622834143062915","-2.7622834143062915","-3.7073345060321663","-3.7073345060321663","-3.7073345060321663","-3.606293654249638","-3.606293654249638","-3.606293654249638"
"11000","-3.1424236929489586","-3.1424236929489586","-3.1424236929489586","-2.8304105416153944","-2.8304105416153944","-2.8304105416153944","-2.1177803534316957","-2.1177803534316957","-2.1177803534316957","-4.196610816698427","-4.196610816698427","-4.196610816698427","-2.875494673414156","-2.875494673414156","-2.875494673414156","-2.893822290848992","-2.893822290848992","-2.893822290848992","-2.3746957747741275","-2.3746957747741275","-2.3746957747741275","-2.404170865268605","-2.404170865268605","-2.404170865268605","-1.951053725972119","-1.951053725972119","-1.951053725972119","-2.1401583205573322","-2.1401583205573322","-2.1401583205573322","-3.98660266724048","-3.98660266724048","-3.98660266724048","-3.054382770033757","-3.054382770033757","-3.054382770033757","-1.9401230951203607","-1.9401230951203607","-1.9401230951203607","-4.990173445235179","-4.990173445235179","-4.990173445235179","-3.8970619374916646","-3.8970619374916646","-3.8970619374916646","-2.042050337598565","-2.042050337598565","-2.042050337598565","-2.7225098950776543","-2.7225098950776543","-2.7225098950776543","-3.2831319779769403","-3.2831319779769403","-3.2831319779769403","-2.4796639968050878","-2.4796639968050878","-2.4796639968050878","-4.526211345409236","-4.526211345409236","-4.526211345409236"
"11500","-3.2051232564311163","-3.2051232564311163","-3.2051232564311163","-3.805100073733364","-3.805100073733364","-3.805100073733364","-5.182047434891705","-5.182047434891705","-5.182047434891705","-2.6402576074975177","-2.6402576074975177","-2.6402576074975177","-2.6741954947747852","-2.6741954947747852","-2.6741954947747852","-3.2932836082308916","-3.2932836082308916","-3.2932836082308916","-2.5827100692963247","-2.5827100692963247","-2.5827100692963247","-2.6072958934628745","-2.6072958934628745","-2.6072958934628745","-2.393423917178462","-2.393423917178462","-2.393423917178462","-2.6101635396637546","-2.6101635396637546","-2.6101635396637546","-2.940056872699905","-2.940056872699905","-2.940056872699905","-5.646186249794779","-5.646186249794779","-5.646186249794779","-1.6024988071112969","-1.6024988071112969","-1.6024988071112969","-3.0899000152312253","-3.0899000152312253","-3.0899000152312253","-4.70745633031338","-4.70745633031338","-4.70745633031338","-3.3849728047568215","-3.3849728047568215","-3.3849728047568215","-2.2855406945124748","-2.2855406945124748","-2.2855406945124748","-3.2287435858318516","-3.2287435858318516","-3.2287435858318516","-3.1453827203215465","-3.1453827203215465","-3.1453827203215465","-7.331604936054211","-7.331604936054211","-7.331604936054211"
"12000","-2.1035395700657684","-2.1035395700657684","-2.1035395700657684","-2.6257180624685477","-2.6257180624685477","-2.6257180624685477","-3.500992141858988","-3.500992141858988","-3.500992141858988","-3.2018837317447444","-3.2018837317447444","-3.2018837317447444","-3.0222073545285504","-3.0222073545285504","-3.0222073545285504","-2.135246628020437","-2.135246628020437","-2.135246628020437","-2.6253573890167115","-2.6253573890167115","-2.6253573890167115","-2.4787643882639916","-2.4787643882639916","-2.4787643882639916","-2.332314171509577","-2.332314171509577","-2.332314171509577","-2.5325386409048973","-2.5325386409048973","-2.5325386409048973","-2.958058225705106","-2.958058225705106","-2.958058225705106","-2.5917057518716113","-2.5917057518716113","-2.5917057518716113","-1.733566257262379","-1.733566257262379","-1.733566257262379","-3.9236848906050796","-3.9236848906050796","-3.9236848906050796","-2.6663473644247793","-2.6663473644247793","-2.6663473644247793","-2.4115063040037876","-2.4115063040037876","-2.4115063040037876","-2.00708877202903","-2.00708877202903","-2.00708877202903","-4.119263873227468","-4.119263873227468","-4.119263873227468","-3.574225045246844","-3.574225045246844","-3.574225045246844","-3.9049452235298157","-3.9049452235298157","-3.9049452235298157"
"12500","-2.742968082548954","-2.742968082548954","-2.742968082548954","-2.145367847743145","-2.145367847743145","-2.145367847743145","-2.5339544012404835","-2.5339544012404835","-2.5339544012404835","-3.792796682446796","-3.792796682446796","-3.792796682446796","-4.146696567215175","-4.146696567215175","-4.146696567215175","-3.1731666457217385","-3.1731666457217385","-3.1731666457217385","-2.672524655058253","-2.672524655058253","-2.672524655058253","-2.4952443793881995","-2.4952443793881995","-2.4952443793881995","-4.16660702829987","-4.16660702829987","-4.16660702829987","-1.8466517970859442","-1.8466517970859442","-1.8466517970859442","-3.150571265874472","-3.150571265874472","-3.150571265874472","-2.6116519554490942","-2.6116519554490942","-2.6116519554490942","-1.426124875501015","-1.426124875501015","-1.426124875501015","-2.742327500480671","-2.742327500480671","-2.742327500480671","-3.291866443488324","-3.291866443488324","-3.291866443488324","-1.7064855793856615","-1.7064855793856615","-1.7064855793856615","-2.0154196971203304","-2.0154196971203304","-2.0154196971203304","-1.8027482363239726","-1.8027482363239726","-1.8027482363239726","-2.3411710678958597","-2.3411710678958597","-2.3411710678958597","-2.892477673951377","-2.892477673951377","-2.892477673951377"
"13000","-1.4271771212221491","-1.4271771212221491","-1.4271771212221491","-3.674216598476513","-3.674216598476513","-3.674216598476513","-3.176637319839742","-3.176637319839742","-3.176637319839742","-2.898618084801722","-2.898618084801722","-2.898618084801722","-4.213629583970727","-4.213629583970727","-4.213629583970727","-1.7766918016510906","-1.7766918016510906","-1.7766918016510906","-2.841663169642889","-2.841663169642889","-2.841663169642889","-3.1628584560201345","-3.1628584560201345","-3.1628584560201345","-4.759689301622274","-4.759689301622274","-4.759689301622274","-1.727818488081462","-1.727818488081462","-1.727818488081462","-2.874401892545972","-2.874401892545972","-2.874401892545972","-3.3865795815909117","-3.3865795815909117","-3.3865795815909117","-3.446230463495057","-3.446230463495057","-3.446230463495057","-2.1765177108327047","-2.1765177108327047","-2.1765177108327047","-3.3095447294075697","-3.3095447294075697","-3.3095447294075697","-2.393139034229887","-2.393139034229887","-2.393139034229887","-2.8156602149064036","-2.8156602149064036","-2.8156602149064036","-2.913021346247856","-2.913021346247856","-2.913021346247856","-2.788987743434928","-2.788987743434928","-2.788987743434928","-4.074135097799536","-4.074135097799536","-4.074135097799536"
"13500","-2.8490343785172616","-2.8490343785172616","-2.8490343785172616","-2.2057993504914224","-2.2057993504914224","-2.2057993504914224","-3.9617426883651943","-3.9617426883651943","-3.9617426883651943","-3.296353859504838","-3.296353859504838","-3.296353859504838","-2.058961315302157","-2.058961315302157","-2.058961315302157","-3.631140977159731","-3.631140977159731","-3.631140977159731","-4.031936875412573","-4.031936875412573","-4.031936875412573","-2.103124577918655","-2.103124577918655","-2.103124577918655","-3.2307625971889786","-3.2307625971889786","-3.2307625971889786","-1.950121766146782","-1.950121766146782","-1.950121766146782","-3.3033186163949866","-3.3033186163949866","-3.3033186163949866","-3.2388898603581033","-3.2388898603581033","-3.2388898603581033","-2.3808507662368465","-2.3808507662368465","-2.3808507662368465","-2.046003895142417","-2.046003895142417","-2.046003895142417","-1.9490229853385284","-1.9490229853385284","-1.9490229853385284","-2.6534465085482357","-2.6534465085482357","-2.6534465085482357","-1.6288135403816877","-1.6288135403816877","-1.6288135403816877","-2.7739349322718283","-2.7739349322718283","-2.7739349322718283","-2.5406393581786526","-2.5406393581786526","-2.5406393581786526","-3.409115130740401","-3.409115130740401","-3.409115130740401"
"14000","-1.9067873305937713","-1.9067873305937713","-1.9067873305937713","-2.384210012000252","-2.384210012000252","-2.384210012000252","-4.820621875918783","-4.820621875918783","-4.820621875918783","-2.2622372039536507","-2.2622372039536507","-2.2622372039536507","-3.7030436150302157","-3.7030436150302157","-3.7030436150302157","-3.77430455279134","-3.77430455279134","-3.77430455279134","-2.3053393727803355","-2.3053393727803355","-2.3053393727803355","-2.3885428849598935","-2.3885428849598935","-2.3885428849598935","-1.709371862588218","-1.709371862588218","-1.709371862588218","-2.917503189321471","-2.917503189321471","-2.917503189321471","-2.7647872774646762","-2.7647872774646762","-2.7647872774646762","-2.51914501164696","-2.51914501164696","-2.51914501164696","-1.3442848525711142","-1.3442848525711142","-1.3442848525711142","-2.6442454709338117","-2.6442454709338117","-2.6442454709338117","-3.641580251508548","-3.641580251508548","-3.641580251508548","-2.265801252067569","-2.265801252067569","-2.265801252067569","-2.9381518676232874","-2.9381518676232874","-2.9381518676232874","-1.7374232219294146","-1.7374232219294146","-1.7374232219294146","-2.0637490864347487","-2.0637490864347487","-2.0637490864347487","-2.2478121265812527","-2.2478121265812527","-2.2478121265812527"
"14500","-3.6801116457528074","-3.6801116457528074","-3.6801116457528074","-2.231793942614215","-2.231793942614215","-2.231793942614215","-1.317403476192366","-1.317403476192366","-1.317403476192366","-2.088275989632284","-2.088275989632284","-2.088275989632284","-4.551116869249548","-4.551116869249548","-4.551116869249548","-2.9969299607174458","-2.9969299607174458","-2.9969299607174458","-2.8058913711574163","-2.8058913711574163","-2.8058913711574163","-2.6358781948452266","-2.6358781948452266","-2.6358781948452266","-4.003800911998667","-4.003800911998667","-4.003800911998667","-2.682397248784562","-2.682397248784562","-2.682397248784562","-2.722088760109629","-2.722088760109629","-2.722088760109629","-2.3785915342967865","-2.3785915342967865","-2.3785915342967865","-2.8120669471382174","-2.8120669471382174","-2.8120669471382174","-2.8349430425692863","-2.8349430425692863","-2.8349430425692863","-3.0803044775880655","-3.0803044775880655","-3.0803044775880655","-3.1963183062787026","-3.1963183062787026","-3.1963183062787026","-1.718605444829398","-1.718605444829398","-1.718605444829398","-2.593391033632529","-2.593391033632529","-2.593391033632529","-2.4135661216128885","-2.4135661216128885","-2.4135661216128885","-3.3953670864178633","-3.3953670864178633","-3.3953670864178633"
"15000","-2.02813364772607","-2.02813364772607","-2.02813364772607","-1.9572297380705617","-1.9572297380705617","-1.9572297380705617","-1.2755019111845027","-1.2755019111845027","-1.2755019111845027","-2.0157449187775387","-2.0157449187775387","-2.0157449187775387","-1.9074859999447444","-1.9074859999447444","-1.9074859999447444","-2.7787813387636175","-2.7787813387636175","-2.7787813387636175","-2.268609022197187","-2.268609022197187","-2.268609022197187","-1.9996824727106621","-1.9996824727106621","-1.9996824727106621","-3.841470933443131","-3.841470933443131","-3.841470933443131","-1.8991279644837824","-1.8991279644837824","-1.8991279644837824","-4.213715697141798","-4.213715697141798","-4.213715697141798","-2.4170683715403714","-2.4170683715403714","-2.4170683715403714","-1.768065724317197","-1.768065724317197","-1.768065724317197","-2.3436203920921637","-2.3436203920921637","-2.3436203920921637","-2.874361746350162","-2.874361746350162","-2.874361746350162","-3.871543683622663","-3.871543683622663","-3.871543683622663","-1.8446842896104108","-1.8446842896104108","-1.8446842896104108","-2.492382440218214","-2.492382440218214","-2.492382440218214","-1.7320989756915555","-1.7320989756915555","-1.7320989756915555","-2.1043686659340475","-2.1043686659340475","-2.1043686659340475"
"15500","-1.6523655175033105","-1.6523655175033105","-1.6523655175033105","-3.1408807799519183","-3.1408807799519183","-3.1408807799519183","-3.402622567956326","-3.402622567956326","-3.402622567956326","-2.527696705763918","-2.527696705763918","-2.527696705763918","-1.93309143498985","-1.93309143498985","-1.93309143498985","-3.205297659180404","-3.205297659180404","-3.205297659180404","-2.5989483467530587","-2.5989483467530587","-2.5989483467530587","-1.7989616269160031","-1.7989616269160031","-1.7989616269160031","-2.193407436901202","-2.193407436901202","-2.193407436901202","-2.3236483127473244","-2.3236483127473244","-2.3236483127473244","-2.5085747786297237","-2.5085747786297237","-2.5085747786297237","-3.476285541892948","-3.476285541892948","-3.476285541892948","-1.6605739182191832","-1.6605739182191832","-1.6605739182191832","-4.250876461300796","-4.250876461300796","-4.250876461300796","-5.10411737940037","-5.10411737940037","-5.10411737940037","-1.9645159883683738","-1.9645159883683738","-1.9645159883683738","-2.3343695649343585","-2.3343695649343585","-2.3343695649343585","-2.2213875773552587","-2.2213875773552587","-2.2213875773552587","-2.248968751798529","-2.248968751798529","-2.248968751798529","-2.9255470113737","-2.9255470113737","-2.9255470113737"
"16000","-1.9588849309227967","-1.9588849309227967","-1.9588849309227967","-2.238485557063492","-2.238485557063492","-2.238485557063492","-1.595264056369356","-1.595264056369356","-1.595264056369356","-2.711109949492204","-2.711109949492204","-2.711109949492204","-3.435562939501325","-3.435562939501325","-3.435562939501325","-4.595397946191288","-4.595397946191288","-4.595397946191288","-3.3501329418507857","-3.3501329418507857","-3.3501329418507857","-1.9479607227014253","-1.9479607227014253","-1.9479607227014253","-2.2268000292762666","-2.2268000292762666","-2.2268000292762666","-2.262669605123987","-2.262669605123987","-2.262669605123987","-4.518920192266482","-4.518920192266482","-4.518920192266482","-2.6152989922452097","-2.6152989922452097","-2.6152989922452097","-1.65760790619047","-1.65760790619047","-1.65760790619047","-2.824509040600384","-2.824509040600384","-2.824509040600384","-2.4628175377936885","-2.4628175377936885","-2.4628175377936885","-2.6673705349881263","-2.6673705349881263","-2.6673705349881263","-1.8098950344209608","-1.8098950344209608","-1.8098950344209608","-1.7613555459152188","-1.7613555459152188","-1.7613555459152188","-1.9783849899533987","-1.9783849899533987","-1.9783849899533987","-1.809341222953467","-1.809341222953467","-1.809341222953467"
"16500","-1.6208626150875518","-1.6208626150875518","-1.6208626150875518","-1.835405453852605","-1.835405453852605","-1.835405453852605","-1.0915039683025214","-1.0915039683025214","-1.0915039683025214","-2.0307981883546855","-2.0307981883546855","-2.0307981883546855","-1.647055472317616","-1.647055472317616","-1.647055472317616","-2.7048125939156633","-2.7048125939156633","-2.7048125939156633","-2.001050362247759","-2.001050362247759","-2.001050362247759","-2.239395863679845","-2.239395863679845","-2.239395863679845","-2.166000165501395","-2.166000165501395","-2.166000165501395","-3.4114201842565137","-3.4114201842565137","-3.4114201842565137","-2.4358806029559266","-2.4358806029559266","-2.4358806029559266","-2.948138215595134","-2.948138215595134","-2.948138215595134","-1.420701598940265","-1.420701598940265","-1.420701598940265","-2.1956458664400835","-2.1956458664400835","-2.1956458664400835","-1.814257151936974","-1.814257151936974","-1.814257151936974","-3.6998329692277343","-3.6998329692277343","-3.6998329692277343","-2.658766297447702","-2.658766297447702","-2.658766297447702","-3.418016354780927","-3.418016354780927","-3.418016354780927","-2.028558153704014","-2.028558153704014","-2.028558153704014","-3.5116072161338914","-3.5116072161338914","-3.5116072161338914"
"17000","-1.5702078437817297","-1.5702078437817297","-1.5702078437817297","-1.8962246221175234","-1.8962246221175234","-1.8962246221175234","-1.0928616138478742","-1.0928616138478742","-1.0928616138478742","-2.0670999568842428","-2.0670999568842428","-2.0670999568842428","-1.8714301723628672","-1.8714301723628672","-1.8714301723628672","-4.455698619463179","-4.455698619463179","-4.455698619463179","-2.2567419813831657","-2.2567419813831657","-2.2567419813831657","-2.5988645872289107","-2.5988645872289107","-2.5988645872289107","-2.230538077854976","-2.230538077854976","-2.230538077854976","-2.8568540537343234","-2.8568540537343234","-2.8568540537343234","-3.777686140297874","-3.777686140297874","-3.777686140297874","-3.3465020153372307","-3.3465020153372307","-3.3465020153372307","-1.7770231781489865","-1.7770231781489865","-1.7770231781489865","-2.248840166393404","-2.248840166393404","-2.248840166393404","-1.7913570515409656","-1.7913570515409656","-1.7913570515409656","-2.8769111008255996","-2.8769111008255996","-2.8769111008255996","-2.0206270021944595","-2.0206270021944595","-2.0206270021944595","-2.9448127748281605","-2.9448127748281605","-2.9448127748281605","-2.1102458036040965","-2.1102458036040965","-2.1102458036040965","-2.5053596180544995","-2.5053596180544995","-2.5053596180544995"
"17500","-2.1160333197263315","-2.1160333197263315","-2.1160333197263315","-2.3260096295513426","-2.3260096295513426","-2.3260096295513426","-1.652404632091273","-1.652404632091273","-1.652404632091273","-2.414896161582085","-2.414896161582085","-2.414896161582085","-1.986672307550356","-1.986672307550356","-1.986672307550356","-5.710590580404749","-5.710590580404749","-5.710590580404749","-2.066316303349292","-2.066316303349292","-2.066316303349292","-1.191716324254884","-1.191716324254884","-1.191716324254884","-2.775136080250613","-2.775136080250613","-2.775136080250613","-2.3385506533527836","-2.3385506533527836","-2.3385506533527836","-2.267340258855866","-2.267340258855866","-2.267340258855866","-3.3812962568291853","-3.3812962568291853","-3.3812962568291853","-1.76278506888676","-1.76278506888676","-1.76278506888676","-2.6215161899942303","-2.6215161899942303","-2.6215161899942303","-1.5119313834836992","-1.5119313834836992","-1.5119313834836992","-2.2801385332441675","-2.2801385332441675","-2.2801385332441675","-1.9749098595268209","-1.9749098595268209","-1.9749098595268209","-2.165303609213123","-2.165303609213123","-2.165303609213123","-1.7828624540415174","-1.7828624540415174","-1.7828624540415174","-1.8656351558419135","-1.8656351558419135","-1.8656351558419135"
"18000","-1.681202263323825","-1.681202263323825","-1.681202263323825","-2.3902044378111285","-2.3902044378111285","-2.3902044378111285","-2.5304248085541934","-2.5304248085541934","-2.5304248085541934","-2.6676144150477916","-2.6676144150477916","-2.6676144150477916","-1.8908196080834394","-1.8908196080834394","-1.8908196080834394","-4.445566866919535","-4.445566866919535","-4.445566866919535","-1.6724324276852205","-1.6724324276852205","-1.6724324276852205","-2.5892123047024564","-2.5892123047024564","-2.5892123047024564","-2.036848260321187","-2.036848260321187","-2.036848260321187","-2.496442947714031","-2.496442947714031","-2.496442947714031","-2.2033009118496447","-2.2033009118496447","-2.2033009118496447","-3.291431389063683","-3.291431389063683","-3.291431389063683","-1.937967591782331","-1.937967591782331","-1.937967591782331","-1.824583936934171","-1.824583936934171","-1.824583936934171","-2.1901343949225365","-2.1901343949225365","-2.1901343949225365","-2.041159061186751","-2.041159061186751","-2.041159061186751","-2.0283845378676038","-2.0283845378676038","-2.0283845378676038","-2.0704704202723625","-2.0704704202723625","-2.0704704202723625","-2.6530639751135694","-2.6530639751135694","-2.6530639751135694","-1.7652910105787991","-1.7652910105787991","-1.7652910105787991"
"18500","-1.5371754540479494","-1.5371754540479494","-1.5371754540479494","-2.0189422762700078","-2.0189422762700078","-2.0189422762700078","-6.080483268707982","-6.080483268707982","-6.080483268707982","-3.0856189604488167","-3.0856189604488167","-3.0856189604488167","-1.6331239142457554","-1.6331239142457554","-1.6331239142457554","-3.1052089125021123","-3.1052089125021123","-3.1052089125021123","-1.6183034868276462","-1.6183034868276462","-1.6183034868276462","-3.9013736836106956","-3.9013736836106956","-3.9013736836106956","-2.134917398498591","-2.134917398498591","-2.134917398498591","-2.8132634262135783","-2.8132634262135783","-2.8132634262135783","-2.0311202915720528","-2.0311202915720528","-2.0311202915720528","-3.705781669111861","-3.705781669111861","-3.705781669111861","-2.099869132480039","-2.099869132480039","-2.099869132480039","-3.0262631768924595","-3.0262631768924595","-3.0262631768924595","-2.296259515732029","-2.296259515732029","-2.296259515732029","-1.947999726660975","-1.947999726660975","-1.947999726660975","-1.6642789224837677","-1.6642789224837677","-1.6642789224837677","-2.9481177275176136","-2.9481177275176136","-2.9481177275176136","-1.728132119679266","-1.728132119679266","-1.728132119679266","-2.6720501703407122","-2.6720501703407122","-2.6720501703407122"
"19000","-1.510805526408937","-1.510805526408937","-1.510805526408937","-2.757031838016715","-2.757031838016715","-2.757031838016715","-3.2350269342739466","-3.2350269342739466","-3.2350269342739466","-1.8800142607873809","-1.8800142607873809","-1.8800142607873809","-1.4045681669881303","-1.4045681669881303","-1.4045681669881303","-2.753083105613618","-2.753083105613618","-2.753083105613618","-1.8219421889196048","-1.8219421889196048","-1.8219421889196048","-1.5075546599601313","-1.5075546599601313","-1.5075546599601313","-2.3306646353206384","-2.3306646353206384","-2.3306646353206384","-2.930596210606533","-2.930596210606533","-2.930596210606533","-2.907818397663814","-2.907818397663814","-2.907818397663814","-3.1983649938040797","-3.1983649938040797","-3.1983649938040797","-1.2342627912065498","-1.2342627912065498","-1.2342627912065498","-1.3305113828411872","-1.3305113828411872","-1.3305113828411872","-2.2509589872747715","-2.2509589872747715","-2.2509589872747715","-2.3449555415118724","-2.3449555415118724","-2.3449555415118724","-2.909878955937343","-2.909878955937343","-2.909878955937343","-1.6574748792059986","-1.6574748792059986","-1.6574748792059986","-1.5924461568945671","-1.5924461568945671","-1.5924461568945671","-3.2538806571074694","-3.2538806571074694","-3.2538806571074694"
"19500","-1.9953642818437238","-1.9953642818437238","-1.9953642818437238","-2.1196967687294404","-2.1196967687294404","-2.1196967687294404","-2.566060353382587","-2.566060353382587","-2.566060353382587","-2.1910889563722655","-2.1910889563722655","-2.1910889563722655","-1.7648899489085448","-1.7648899489085448","-1.7648899489085448","-2.5020617077125054","-2.5020617077125054","-2.5020617077125054","-1.8593885089817341","-1.8593885089817341","-1.8593885089817341","-1.5387629444537836","-1.5387629444537836","-1.5387629444537836","-2.2523977747620054","-2.2523977747620054","-2.2523977747620054","-2.333881351629723","-2.333881351629723","-2.333881351629723","-2.5384027230010884","-2.5384027230010884","-2.5384027230010884","-3.355304388497997","-3.355304388497997","-3.355304388497997","-1.7960699594530525","-1.7960699594530525","-1.7960699594530525","-1.3905221974820237","-1.3905221974820237","-1.3905221974820237","-2.34515208349507","-2.34515208349507","-2.34515208349507","-2.028578361482652","-2.028578361482652","-2.028578361482652","-1.6860090311879206","-1.6860090311879206","-1.6860090311879206","-2.2613871591836157","-2.2613871591836157","-2.2613871591836157","-2.2848355073330047","-2.2848355073330047","-2.2848355073330047","-2.459183890486792","-2.459183890486792","-2.459183890486792"
"20000","-1.6895324085174344","-1.6895324085174344","-1.6895324085174344","-2.923858908444212","-2.923858908444212","-2.923858908444212","-1.640334667975047","-1.640334667975047","-1.640334667975047","-1.944363877620079","-1.944363877620079","-1.944363877620079","-1.225749059643572","-1.225749059643572","-1.225749059643572","-2.09396870310587","-2.09396870310587","-2.09396870310587","-1.823085607346615","-1.823085607346615","-1.823085607346615","-1.330293836862852","-1.330293836862852","-1.330293836862852","-2.5440642998579044","-2.5440642998579044","-2.5440642998579044","-2.0208367988692535","-2.0208367988692535","-2.0208367988692535","-2.3235162873345234","-2.3235162873345234","-2.3235162873345234","-2.7601458869579667","-2.7601458869579667","-2.7601458869579667","-1.7518698721407708","-1.7518698721407708","-1.7518698721407708","-1.9433267088425368","-1.9433267088425368","-1.9433267088425368","-1.9469401536060011","-1.9469401536060011","-1.9469401536060011","-4.270671940335776","-4.270671940335776","-4.270671940335776","-1.735904124513894","-1.735904124513894","-1.735904124513894","-2.5835299360177606","-2.5835299360177606","-2.5835299360177606","-1.8059406497177286","-1.8059406497177286","-1.8059406497177286","-2.3511480591718663","-2.3511480591718663","-2.3511480591718663"
"20500","-1.256207717716955","-1.256207717716955","-1.256207717716955","-2.3985371697252584","-2.3985371697252584","-2.3985371697252584","-1.1713369812815586","-1.1713369812815586","-1.1713369812815586","-1.8419705243032554","-1.8419705243032554","-1.8419705243032554","-1.4067707218445196","-1.4067707218445196","-1.4067707218445196","-2.7341485271972594","-2.7341485271972594","-2.7341485271972594","-1.5430603701841237","-1.5430603701841237","-1.5430603701841237","-1.1259581961788707","-1.1259581961788707","-1.1259581961788707","-2.6368692891029375","-2.6368692891029375","-2.6368692891029375","-1.753540487919432","-1.753540487919432","-1.753540487919432","-2.1539317322352476","-2.1539317322352476","-2.1539317322352476","-2.4887625847009787","-2.4887625847009787","-2.4887625847009787","-2.8174090531448206","-2.8174090531448206","-2.8174090531448206","-1.7381797139504471","-1.7381797139504471","-1.7381797139504471","-4.769499313789828","-4.769499313789828","-4.769499313789828","-1.9137382330962354","-1.9137382330962354","-1.9137382330962354","-1.7482965216775608","-1.7482965216775608","-1.7482965216775608","-1.799472561749474","-1.799472561749474","-1.799472561749474","-1.8236545619006215","-1.8236545619006215","-1.8236545619006215","-1.5837103588649488","-1.5837103588649488","-1.5837103588649488"
"21000","-1.5316771911641194","-1.5316771911641194","-1.5316771911641194","-1.8617358784769913","-1.8617358784769913","-1.8617358784769913","-1.146933469405505","-1.146933469405505","-1.146933469405505","-2.0635671429319102","-2.0635671429319102","-2.0635671429319102","-1.5836313479223185","-1.5836313479223185","-1.5836313479223185","-1.534521002115681","-1.534521002115681","-1.534521002115681","-1.4496682268705894","-1.4496682268705894","-1.4496682268705894","-1.445585893011555","-1.445585893011555","-1.445585893011555","-2.333137775897224","-2.333137775897224","-2.333137775897224","-1.8495285131438552","-1.8495285131438552","-1.8495285131438552","-1.9560474882991226","-1.9560474882991226","-1.9560474882991226","-3.53444808572765","-3.53444808572765","-3.53444808572765","-1.8461107998088786","-1.8461107998088786","-1.8461107998088786","-2.2833521788905933","-2.2833521788905933","-2.2833521788905933","-2.0951863488374114","-2.0951863488374114","-2.0951863488374114","-2.3357810015619256","-2.3357810015619256","-2.3357810015619256","-1.58256663173415","-1.58256663173415","-1.58256663173415","-2.1272489495180524","-2.1272489495180524","-2.1272489495180524","-2.118945397494339","-2.118945397494339","-2.118945397494339","-2.362368938441338","-2.362368938441338","-2.362368938441338"
"21500","-2.34568049781404","-2.34568049781404","-2.34568049781404","-2.1201043572147595","-2.1201043572147595","-2.1201043572147595","-1.5066218835702068","-1.5066218835702068","-1.5066218835702068","-2.657196743719264","-2.657196743719264","-2.657196743719264","-1.9785919559484797","-1.9785919559484797","-1.9785919559484797","-1.98949620661916","-1.98949620661916","-1.98949620661916","-1.343388259424787","-1.343388259424787","-1.343388259424787","-1.5005992064813758","-1.5005992064813758","-1.5005992064813758","-2.9762787699665028","-2.9762787699665028","-2.9762787699665028","-2.389554669103623","-2.389554669103623","-2.389554669103623","-1.6334284904031158","-1.6334284904031158","-1.6334284904031158","-2.0379485385923073","-2.0379485385923073","-2.0379485385923073","-1.4573462289482402","-1.4573462289482402","-1.4573462289482402","-1.2791910181217045","-1.2791910181217045","-1.2791910181217045","-1.996569887030195","-1.996569887030195","-1.996569887030195","-2.2499085360954525","-2.2499085360954525","-2.2499085360954525","-1.7547205542638487","-1.7547205542638487","-1.7547205542638487","-3.2391662823428087","-3.2391662823428087","-3.2391662823428087","-2.06264419477682","-2.06264419477682","-2.06264419477682","-1.5252436262715618","-1.5252436262715618","-1.5252436262715618"
"22000","-1.9803282433087355","-1.9803282433087355","-1.9803282433087355","-2.3555709525235615","-2.3555709525235615","-2.3555709525235615","-2.8934014345639705","-2.8934014345639705","-2.8934014345639705","-2.0413214241738795","-2.0413214241738795","-2.0413214241738795","-1.7522049048025412","-1.7522049048025412","-1.7522049048025412","-2.644021553395772","-2.644021553395772","-2.644021553395772","-1.7817666033708224","-1.7817666033708224","-1.7817666033708224","-1.3984653279580765","-1.3984653279580765","-1.3984653279580765","-2.030480418792479","-2.030480418792479","-2.030480418792479","-2.0635284763903967","-2.0635284763903967","-2.0635284763903967","-2.8605538558043992","-2.8605538558043992","-2.8605538558043992","-1.924682711135628","-1.924682711135628","-1.924682711135628","-1.661608244085219","-1.661608244085219","-1.661608244085219","-1.4352743559503973","-1.4352743559503973","-1.4352743559503973","-1.4384383116550707","-1.4384383116550707","-1.4384383116550707","-1.8396353169167003","-1.8396353169167003","-1.8396353169167003","-1.6114849046568203","-1.6114849046568203","-1.6114849046568203","-1.5888256948445094","-1.5888256948445094","-1.5888256948445094","-1.9452096673147725","-1.9452096673147725","-1.9452096673147725","-1.7005113070875642","-1.7005113070875642","-1.7005113070875642"
"22500","-1.9246049965297665","-1.9246049965297665","-1.9246049965297665","-1.8959620580355576","-1.8959620580355576","-1.8959620580355576","-3.699879689338141","-3.699879689338141","-3.699879689338141","-2.119173235579998","-2.119173235579998","-2.119173235579998","-1.3666869068393845","-1.3666869068393845","-1.3666869068393845","-1.7995367593604814","-1.7995367593604814","-1.7995367593604814","-1.2207172655652323","-1.2207172655652323","-1.2207172655652323","-1.543946888826153","-1.543946888826153","-1.543946888826153","-2.8075293764178553","-2.8075293764178553","-2.8075293764178553","-1.5039384071371855","-1.5039384071371855","-1.5039384071371855","-1.505317422340245","-1.505317422340245","-1.505317422340245","-1.8684559056540664","-1.8684559056540664","-1.8684559056540664","-1.332092616760896","-1.332092616760896","-1.332092616760896","-1.6533541084725492","-1.6533541084725492","-1.6533541084725492","-1.937777743459587","-1.937777743459587","-1.937777743459587","-2.3468265150165513","-2.3468265150165513","-2.3468265150165513","-1.7558592456317477","-1.7558592456317477","-1.7558592456317477","-2.7961737864380303","-2.7961737864380303","-2.7961737864380303","-2.2389281069795297","-2.2389281069795297","-2.2389281069795297","-1.7580196178140792","-1.7580196178140792","-1.7580196178140792"
"23000","-1.8861510325455153","-1.8861510325455153","-1.8861510325455153","-1.8154638358543504","-1.8154638358543504","-1.8154638358543504","-1.3610344124783473","-1.3610344124783473","-1.3610344124783473","-2.01726987931118","-2.01726987931118","-2.01726987931118","-1.3061775913463831","-1.3061775913463831","-1.3061775913463831","-2.2079000433142917","-2.2079000433142917","-2.2079000433142917","-1.5355839812368253","-1.5355839812368253","-1.5355839812368253","-1.3989115527149836","-1.3989115527149836","-1.3989115527149836","-2.054517660442427","-2.054517660442427","-2.054517660442427","-2.8867418353589698","-2.8867418353589698","-2.8867418353589698","-2.0725836807168543","-2.0725836807168543","-2.0725836807168543","-1.8099433408001335","-1.8099433408001335","-1.8099433408001335","-1.3816886615784039","-1.3816886615784039","-1.3816886615784039","-1.462474069772361","-1.462474069772361","-1.462474069772361","-1.635746478854447","-1.635746478854447","-1.635746478854447","-2.039902429975112","-2.039902429975112","-2.039902429975112","-2.0718920150505893","-2.0718920150505893","-2.0718920150505893","-2.695942183413708","-2.695942183413708","-2.695942183413708","-2.6105059439664093","-2.6105059439664093","-2.6105059439664093","-1.6950371630429704","-1.6950371630429704","-1.6950371630429704"
"23500","-1.4424426169653437","-1.4424426169653437","-1.4424426169653437","-1.9592131114945417","-1.9592131114945417","-1.9592131114945417","-1.320518405849644","-1.320518405849644","-1.320518405849644","-1.835608354366208","-1.835608354366208","-1.835608354366208","-1.5509579423804274","-1.5509579423804274","-1.5509579423804274","-2.237191613026333","-2.237191613026333","-2.237191613026333","-1.088055652895235","-1.088055652895235","-1.088055652895235","-1.8407636133260723","-1.8407636133260723","-1.8407636133260723","-2.1923555053818986","-2.1923555053818986","-2.1923555053818986","-2.357661477287759","-2.357661477287759","-2.357661477287759","-2.0993856135418896","-2.0993856135418896","-2.0993856135418896","-3.095042595323325","-3.095042595323325","-3.095042595323325","-1.2190320958653675","-1.2190320958653675","-1.2190320958653675","-1.3846053797654299","-1.3846053797654299","-1.3846053797654299","-2.4818710683432412","-2.4818710683432412","-2.4818710683432412","-1.6902299050647787","-1.6902299050647787","-1.6902299050647787","-1.2402472812949368","-1.2402472812949368","-1.2402472812949368","-2.4783562786724365","-2.4783562786724365","-2.4783562786724365","-1.8973719659669268","-1.8973719659669268","-1.8973719659669268","-1.6170886864051348","-1.6170886864051348","-1.6170886864051348"
"24000","-1.6263421288156898","-1.6263421288156898","-1.6263421288156898","-2.169862264743007","-2.169862264743007","-2.169862264743007","-1.8676013963126554","-1.8676013963126554","-1.8676013963126554","-1.9538037528534757","-1.9538037528534757","-1.9538037528534757","-1.3914181569121284","-1.3914181569121284","-1.3914181569121284","-2.1714337777920387","-2.1714337777920387","-2.1714337777920387","-0.9727306661089491","-0.9727306661089491","-0.9727306661089491","-1.492090048822704","-1.492090048822704","-1.492090048822704","-2.1751615501776618","-2.1751615501776618","-2.1751615501776618","-1.79703015426255","-1.79703015426255","-1.79703015426255","-1.7423348757695596","-1.7423348757695596","-1.7423348757695596","-1.9997827915772404","-1.9997827915772404","-1.9997827915772404","-1.0335475686358429","-1.0335475686358429","-1.0335475686358429","-1.2508734819535712","-1.2508734819535712","-1.2508734819535712","-1.601123116723834","-1.601123116723834","-1.601123116723834","-2.084419411866778","-2.084419411866778","-2.084419411866778","-1.9813647675315473","-1.9813647675315473","-1.9813647675315473","-2.712064325727346","-2.712064325727346","-2.712064325727346","-2.073726288928726","-2.073726288928726","-2.073726288928726","-1.6714351617328311","-1.6714351617328311","-1.6714351617328311"
"24500","-1.386433094681294","-1.386433094681294","-1.386433094681294","-1.8606274778570053","-1.8606274778570053","-1.8606274778570053","-2.32867406454498","-2.32867406454498","-2.32867406454498","-1.721817056965842","-1.721817056965842","-1.721817056965842","-2.9559851558488255","-2.9559851558488255","-2.9559851558488255","-2.3641084808796626","-2.3641084808796626","-2.3641084808796626","-1.5337093893382083","-1.5337093893382083","-1.5337093893382083","-1.4511767080634408","-1.4511767080634408","-1.4511767080634408","-2.1693175798868194","-2.1693175798868194","-2.1693175798868194","-3.2111032953234675","-3.2111032953234675","-3.2111032953234675","-1.402108617254921","-1.402108617254921","-1.402108617254921","-2.3208989207598236","-2.3208989207598236","-2.3208989207598236","-1.1767483441040099","-1.1767483441040099","-1.1767483441040099","-1.5057779234753144","-1.5057779234753144","-1.5057779234753144","-1.8090594496784322","-1.8090594496784322","-1.8090594496784322","-2.504393842572146","-2.504393842572146","-2.504393842572146","-1.7464573415281515","-1.7464573415281515","-1.7464573415281515","-2.2065092133483364","-2.2065092133483364","-2.2065092133483364","-1.6598336794554753","-1.6598336794554753","-1.6598336794554753","-1.316394553700221","-1.316394553700221","-1.316394553700221"
"25000","-1.2942009732211597","-1.2942009732211597","-1.2942009732211597","-1.580325219246634","-1.580325219246634","-1.580325219246634","-2.6724039251169893","-2.6724039251169893","-2.6724039251169893","-1.86827499832181","-1.86827499832181","-1.86827499832181","-1.8755341103124743","-1.8755341103124743","-1.8755341103124743","-3.4464228846510885","-3.4464228846510885","-3.4464228846510885","-1.3933257856683734","-1.3933257856683734","-1.3933257856683734","-1.365684196934568","-1.365684196934568","-1.365684196934568","-1.609926004722422","-1.609926004722422","-1.609926004722422","-3.117545572352034","-3.117545572352034","-3.117545572352034","-1.6210219412485856","-1.6210219412485856","-1.6210219412485856","-2.4995775370756634","-2.4995775370756634","-2.4995775370756634","-1.3473820764743183","-1.3473820764743183","-1.3473820764743183","-1.5398591431447395","-1.5398591431447395","-1.5398591431447395","-1.1125005705462072","-1.1125005705462072","-1.1125005705462072","-1.74902246118891","-1.74902246118891","-1.74902246118891","-1.4094054731757004","-1.4094054731757004","-1.4094054731757004","-1.6315000690819013","-1.6315000690819013","-1.6315000690819013","-1.662074241722154","-1.662074241722154","-1.662074241722154","-1.8428006777298844","-1.8428006777298844","-1.8428006777298844"
"25500","-1.4134093001952914","-1.4134093001952914","-1.4134093001952914","-1.6688520564462248","-1.6688520564462248","-1.6688520564462248","-1.7771109126370352","-1.7771109126370352","-1.7771109126370352","-1.985119366995","-1.985119366995","-1.985119366995","-1.6554113498311747","-1.6554113498311747","-1.6554113498311747","-2.977935869031382","-2.977935869031382","-2.977935869031382","-0.9653177901140202","-0.9653177901140202","-0.9653177901140202","-1.9912187105242443","-1.9912187105242443","-1.9912187105242443","-1.9329037995732847","-1.9329037995732847","-1.9329037995732847","-3.609675983238722","-3.609675983238722","-3.609675983238722","-1.7242696957785681","-1.7242696957785681","-1.7242696957785681","-1.9414090573129372","-1.9414090573129372","-1.9414090573129372","-0.7565376214263715","-0.7565376214263715","-0.7565376214263715","-1.7390383965919365","-1.7390383965919365","-1.7390383965919365","-1.8245563958007434","-1.8245563958007434","-1.8245563958007434","-1.866159022108765","-1.866159022108765","-1.866159022108765","-1.5024335344513216","-1.5024335344513216","-1.5024335344513216","-1.9448118894865671","-1.9448118894865671","-1.9448118894865671","-1.748251879047486","-1.748251879047486","-1.748251879047486","-1.9895546716155053","-1.9895546716155053","-1.9895546716155053"
"26000","-2.0215667281543963","-2.0215667281543963","-2.0215667281543963","-1.702840192347912","-1.702840192347912","-1.702840192347912","-1.495956924083361","-1.495956924083361","-1.495956924083361","-2.2799735844461173","-2.2799735844461173","-2.2799735844461173","-1.2164478834976022","-1.2164478834976022","-1.2164478834976022","-3.4972218304439457","-3.4972218304439457","-3.4972218304439457","-0.9997673832510795","-0.9997673832510795","-0.9997673832510795","-2.1136261301762516","-2.1136261301762516","-2.1136261301762516","-1.805758472966734","-1.805758472966734","-1.805758472966734","-1.5881768538985326","-1.5881768538985326","-1.5881768538985326","-1.4061152080156343","-1.4061152080156343","-1.4061152080156343","-2.4937171803065414","-2.4937171803065414","-2.4937171803065414","-1.2486695882862207","-1.2486695882862207","-1.2486695882862207","-2.1963668856170853","-2.1963668856170853","-2.1963668856170853","-1.3803456970972459","-1.3803456970972459","-1.3803456970972459","-1.6951540285169364","-1.6951540285169364","-1.6951540285169364","-1.0538925029723467","-1.0538925029723467","-1.0538925029723467","-1.4881498804776616","-1.4881498804776616","-1.4881498804776616","-2.1489972439201543","-2.1489972439201543","-2.1489972439201543","-1.5194809093512611","-1.5194809093512611","-1.5194809093512611"
"26500","-1.2433759702746694","-1.2433759702746694","-1.2433759702746694","-1.392330302319306","-1.392330302319306","-1.392330302319306","-1.3917473765260766","-1.3917473765260766","-1.3917473765260766","-1.5950351606333977","-1.5950351606333977","-1.5950351606333977","-1.1196711875695102","-1.1196711875695102","-1.1196711875695102","-2.4307175605712716","-2.4307175605712716","-2.4307175605712716","-1.3453718480810257","-1.3453718480810257","-1.3453718480810257","-1.3929414950495416","-1.3929414950495416","-1.3929414950495416","-1.4421206417088708","-1.4421206417088708","-1.4421206417088708","-1.4168973404322507","-1.4168973404322507","-1.4168973404322507","-1.4377319676931066","-1.4377319676931066","-1.4377319676931066","-3.448293665373773","-3.448293665373773","-3.448293665373773","-1.448887171358257","-1.448887171358257","-1.448887171358257","-1.6738071347514427","-1.6738071347514427","-1.6738071347514427","-1.6909084311370832","-1.6909084311370832","-1.6909084311370832","-1.6221166520062522","-1.6221166520062522","-1.6221166520062522","-1.920644924943161","-1.920644924943161","-1.920644924943161","-1.896307520547604","-1.896307520547604","-1.896307520547604","-1.7403270782478697","-1.7403270782478697","-1.7403270782478697","-2.5024499000608964","-2.5024499000608964","-2.5024499000608964"
"27000","-1.3981582505597068","-1.3981582505597068","-1.3981582505597068","-1.662513421250593","-1.662513421250593","-1.662513421250593","-1.1926481142580816","-1.1926481142580816","-1.1926481142580816","-1.5467706340655119","-1.5467706340655119","-1.5467706340655119","-2.1101550454541167","-2.1101550454541167","-2.1101550454541167","-2.125380149953549","-2.125380149953549","-2.125380149953549","-1.2938270774321237","-1.2938270774321237","-1.2938270774321237","-1.3942585852883225","-1.3942585852883225","-1.3942585852883225","-1.9675781063720788","-1.9675781063720788","-1.9675781063720788","-1.7317666085201704","-1.7317666085201704","-1.7317666085201704","-1.512533809412835","-1.512533809412835","-1.512533809412835","-2.7967201110188054","-2.7967201110188054","-2.7967201110188054","-1.274519355595847","-1.274519355595847","-1.274519355595847","-1.394921806302311","-1.394921806302311","-1.394921806302311","-1.2465740658410378","-1.2465740658410378","-1.2465740658410378","-1.5697818532628511","-1.5697818532628511","-1.5697818532628511","-1.436053502647089","-1.436053502647089","-1.436053502647089","-3.0388143660126365","-3.0388143660126365","-3.0388143660126365","-1.9464087007667594","-1.9464087007667594","-1.9464087007667594","-1.722769177575374","-1.722769177575374","-1.722769177575374"
"27500","-1.33155076710541","-1.33155076710541","-1.33155076710541","-1.4159681916227784","-1.4159681916227784","-1.4159681916227784","-1.3638235588942271","-1.3638235588942271","-1.3638235588942271","-2.3475045996503203","-2.3475045996503203","-2.3475045996503203","-1.573609880950326","-1.573609880950326","-1.573609880950326","-2.097135281023659","-2.097135281023659","-2.097135281023659","-0.9228856073506364","-0.9228856073506364","-0.9228856073506364","-1.5255558521069754","-1.5255558521069754","-1.5255558521069754","-1.7710556727597162","-1.7710556727597162","-1.7710556727597162","-1.4239622323168004","-1.4239622323168004","-1.4239622323168004","-1.6633060499276646","-1.6633060499276646","-1.6633060499276646","-2.792770138476665","-2.792770138476665","-2.792770138476665","-1.4608181203874715","-1.4608181203874715","-1.4608181203874715","-1.677276400759866","-1.677276400759866","-1.677276400759866","-1.217237367482056","-1.217237367482056","-1.217237367482056","-1.3897689340029276","-1.3897689340029276","-1.3897689340029276","-1.3870143407369953","-1.3870143407369953","-1.3870143407369953","-2.3831732454287247","-2.3831732454287247","-2.3831732454287247","-1.591934902460711","-1.591934902460711","-1.591934902460711","-3.582884654084168","-3.582884654084168","-3.582884654084168"
"28000","-1.8096804538086684","-1.8096804538086684","-1.8096804538086684","-1.5559205799521214","-1.5559205799521214","-1.5559205799521214","-1.611565040921866","-1.611565040921866","-1.611565040921866","-1.7582120912628068","-1.7582120912628068","-1.7582120912628068","-1.1677035895641914","-1.1677035895641914","-1.1677035895641914","-2.2790760151196308","-2.2790760151196308","-2.2790760151196308","-1.3370020080689964","-1.3370020080689964","-1.3370020080689964","-1.5053403964609127","-1.5053403964609127","-1.5053403964609127","-1.9673544940438485","-1.9673544940438485","-1.9673544940438485","-1.33361507007143","-1.33361507007143","-1.33361507007143","-1.541253031052915","-1.541253031052915","-1.541253031052915","-2.2256543205677097","-2.2256543205677097","-2.2256543205677097","-1.157678694436397","-1.157678694436397","-1.157678694436397","-1.6434818240110491","-1.6434818240110491","-1.6434818240110491","-1.1409118422646274","-1.1409118422646274","-1.1409118422646274","-1.4230234206339798","-1.4230234206339798","-1.4230234206339798","-1.4721178810438285","-1.4721178810438285","-1.4721178810438285","-1.481464771775947","-1.481464771775947","-1.481464771775947","-1.5982834193696231","-1.5982834193696231","-1.5982834193696231","-1.5820260078503718","-1.5820260078503718","-1.5820260078503718"
"28500","-1.222890266660363","-1.222890266660363","-1.222890266660363","-1.7605186907963737","-1.7605186907963737","-1.7605186907963737","-2.019167950816974","-2.019167950816974","-2.019167950816974","-1.8621154983324666","-1.8621154983324666","-1.8621154983324666","-1.251507739001092","-1.251507739001092","-1.251507739001092","-3.035370383469191","-3.035370383469191","-3.035370383469191","-1.3135967139284472","-1.3135967139284472","-1.3135967139284472","-1.3449519869962312","-1.3449519869962312","-1.3449519869962312","-1.7843856323230711","-1.7843856323230711","-1.7843856323230711","-1.3836870935868382","-1.3836870935868382","-1.3836870935868382","-1.455219427866614","-1.455219427866614","-1.455219427866614","-1.9549895519787017","-1.9549895519787017","-1.9549895519787017","-1.6625498061374064","-1.6625498061374064","-1.6625498061374064","-1.8754554388045168","-1.8754554388045168","-1.8754554388045168","-1.0538264289517225","-1.0538264289517225","-1.0538264289517225","-1.354905864441013","-1.354905864441013","-1.354905864441013","-1.8597108749725604","-1.8597108749725604","-1.8597108749725604","-1.4944618738549376","-1.4944618738549376","-1.4944618738549376","-1.6214864919750327","-1.6214864919750327","-1.6214864919750327","-2.2518493689452237","-2.2518493689452237","-2.2518493689452237"
"29000","-2.376373146824039","-2.376373146824039","-2.376373146824039","-2.0439266953248048","-2.0439266953248048","-2.0439266953248048","-1.4429235830058615","-1.4429235830058615","-1.4429235830058615","-1.688660246374329","-1.688660246374329","-1.688660246374329","-1.2427701738313768","-1.2427701738313768","-1.2427701738313768","-2.139831473278833","-2.139831473278833","-2.139831473278833","-1.3387162443168195","-1.3387162443168195","-1.3387162443168195","-1.7440793966856318","-1.7440793966856318","-1.7440793966856318","-1.8162054571554134","-1.8162054571554134","-1.8162054571554134","-1.4060239245269701","-1.4060239245269701","-1.4060239245269701","-1.4728332105220017","-1.4728332105220017","-1.4728332105220017","-2.440117336454024","-2.440117336454024","-2.440117336454024","-1.6579382423024427","-1.6579382423024427","-1.6579382423024427","-1.7438973553421995","-1.7438973553421995","-1.7438973553421995","-1.1538572752914484","-1.1538572752914484","-1.1538572752914484","-1.5032641844997798","-1.5032641844997798","-1.5032641844997798","-1.5776161347095194","-1.5776161347095194","-1.5776161347095194","-2.0927597859388434","-2.0927597859388434","-2.0927597859388434","-1.7069318403279978","-1.7069318403279978","-1.7069318403279978","-1.899880382374647","-1.899880382374647","-1.899880382374647"
"29500","-1.7971624247239633","-1.7971624247239633","-1.7971624247239633","-1.5951047081989542","-1.5951047081989542","-1.5951047081989542","-1.2893744991114886","-1.2893744991114886","-1.2893744991114886","-1.6213972394872116","-1.6213972394872116","-1.6213972394872116","-1.0366220694463084","-1.0366220694463084","-1.0366220694463084","-2.4692617102771455","-2.4692617102771455","-2.4692617102771455","-1.7869401162232623","-1.7869401162232623","-1.7869401162232623","-1.4873627045097073","-1.4873627045097073","-1.4873627045097073","-2.0670208372729335","-2.0670208372729335","-2.0670208372729335","-2.087077990168403","-2.087077990168403","-2.087077990168403","-1.696875094657397","-1.696875094657397","-1.696875094657397","-2.4330684085016876","-2.4330684085016876","-2.4330684085016876","-1.5507230924020157","-1.5507230924020157","-1.5507230924020157","-1.9278938426653707","-1.9278938426653707","-1.9278938426653707","-1.6122632093530644","-1.6122632093530644","-1.6122632093530644","-1.5942984794232422","-1.5942984794232422","-1.5942984794232422","-1.4984089752887804","-1.4984089752887804","-1.4984089752887804","-1.717575306381908","-1.717575306381908","-1.717575306381908","-1.874291095858353","-1.874291095858353","-1.874291095858353","-1.5482202108426315","-1.5482202108426315","-1.5482202108426315"
"30000","-1.8209861558380496","-1.8209861558380496","-1.8209861558380496","-1.5891038887609295","-1.5891038887609295","-1.5891038887609295","-2.233259292622358","-2.233259292622358","-2.233259292622358","-1.4324068163875878","-1.4324068163875878","-1.4324068163875878","-1.3798209399468986","-1.3798209399468986","-1.3798209399468986","-2.364606813920772","-2.364606813920772","-2.364606813920772","-1.5944459258773338","-1.5944459258773338","-1.5944459258773338","-1.0628740609879856","-1.0628740609879856","-1.0628740609879856","-1.408096428171065","-1.408096428171065","-1.408096428171065","-1.5631927665745133","-1.5631927665745133","-1.5631927665745133","-1.7877957852342417","-1.7877957852342417","-1.7877957852342417","-1.9233451222440294","-1.9233451222440294","-1.9233451222440294","-2.239946725595246","-2.239946725595246","-2.239946725595246","-1.8108743467786013","-1.8108743467786013","-1.8108743467786013","-0.9255688055102604","-0.9255688055102604","-0.9255688055102604","-1.3780769102252879","-1.3780769102252879","-1.3780769102252879","-2.1293357823185124","-2.1293357823185124","-2.1293357823185124","-2.2681123051233145","-2.2681123051233145","-2.2681123051233145","-1.5326637565454913","-1.5326637565454913","-1.5326637565454913","-1.4367597022079126","-1.4367597022079126","-1.4367597022079126"
"30500","-1.742387782801541","-1.742387782801541","-1.742387782801541","-2.3964592187702105","-2.3964592187702105","-2.3964592187702105","-1.0895992520696858","-1.0895992520696858","-1.0895992520696858","-1.759803796205566","-1.759803796205566","-1.759803796205566","-1.120504208599082","-1.120504208599082","-1.120504208599082","-2.6629939712338815","-2.6629939712338815","-2.6629939712338815","-0.868536411317284","-0.868536411317284","-0.868536411317284","-1.3166218818843958","-1.3166218818843958","-1.3166218818843958","-1.9875846595536255","-1.9875846595536255","-1.9875846595536255","-1.657098483393402","-1.657098483393402","-1.657098483393402","-1.4008280809192457","-1.4008280809192457","-1.4008280809192457","-1.7363665272115436","-1.7363665272115436","-1.7363665272115436","-1.9512575996506398","-1.9512575996506398","-1.9512575996506398","-2.3109375851013905","-2.3109375851013905","-2.3109375851013905","-1.2305570844268694","-1.2305570844268694","-1.2305570844268694","-1.2687377758466702","-1.2687377758466702","-1.2687377758466702","-1.732291309193822","-1.732291309193822","-1.732291309193822","-1.828502488544808","-1.828502488544808","-1.828502488544808","-1.9998228051254636","-1.9998228051254636","-1.9998228051254636","-1.872806211840904","-1.872806211840904","-1.872806211840904"
"31000","-1.6625553389779586","-1.6625553389779586","-1.6625553389779586","-2.0242530090977353","-2.0242530090977353","-2.0242530090977353","-1.0110947809740263","-1.0110947809740263","-1.0110947809740263","-1.4982524737303238","-1.4982524737303238","-1.4982524737303238","-1.1351697058064152","-1.1351697058064152","-1.1351697058064152","-2.272134705762641","-2.272134705762641","-2.272134705762641","-1.0583550942193924","-1.0583550942193924","-1.0583550942193924","-1.1809569302797074","-1.1809569302797074","-1.1809569302797074","-1.2346266171822755","-1.2346266171822755","-1.2346266171822755","-2.832463885248184","-2.832463885248184","-2.832463885248184","-1.4704749326772033","-1.4704749326772033","-1.4704749326772033","-1.7319143696539574","-1.7319143696539574","-1.7319143696539574","-1.0481964017680752","-1.0481964017680752","-1.0481964017680752","-1.7316949838352997","-1.7316949838352997","-1.7316949838352997","-1.5299458504914905","-1.5299458504914905","-1.5299458504914905","-1.2460107506084346","-1.2460107506084346","-1.2460107506084346","-1.7867477107101486","-1.7867477107101486","-1.7867477107101486","-1.7921753159818974","-1.7921753159818974","-1.7921753159818974","-1.3907037578783723","-1.3907037578783723","-1.3907037578783723","-1.8490678225281587","-1.8490678225281587","-1.8490678225281587"
"31500","-1.244003310456528","-1.244003310456528","-1.244003310456528","-2.2593489137391254","-2.2593489137391254","-2.2593489137391254","-1.1235954976281814","-1.1235954976281814","-1.1235954976281814","-1.4580985539581248","-1.4580985539581248","-1.4580985539581248","-1.0780183716091294","-1.0780183716091294","-1.0780183716091294","-1.9904024295913505","-1.9904024295913505","-1.9904024295913505","-0.9417901595743239","-0.9417901595743239","-0.9417901595743239","-1.2282398767681602","-1.2282398767681602","-1.2282398767681602","-1.4284009301028635","-1.4284009301028635","-1.4284009301028635","-1.226301064718763","-1.226301064718763","-1.226301064718763","-1.319212011596216","-1.319212011596216","-1.319212011596216","-2.0714809064187936","-2.0714809064187936","-2.0714809064187936","-1.2891373469805383","-1.2891373469805383","-1.2891373469805383","-1.756384450388893","-1.756384450388893","-1.756384450388893","-1.0931100456629754","-1.0931100456629754","-1.0931100456629754","-1.1486911669678304","-1.1486911669678304","-1.1486911669678304","-2.606495826960681","-2.606495826960681","-2.606495826960681","-2.5230497600959545","-2.5230497600959545","-2.5230497600959545","-1.5820667520680327","-1.5820667520680327","-1.5820667520680327","-2.045719831933509","-2.045719831933509","-2.045719831933509"
"32000","-1.3310877949995539","-1.3310877949995539","-1.3310877949995539","-1.7216357741672788","-1.7216357741672788","-1.7216357741672788","-1.3693094575838503","-1.3693094575838503","-1.3693094575838503","-1.3572872097458721","-1.3572872097458721","-1.3572872097458721","-0.9153941757239714","-0.9153941757239714","-0.9153941757239714","-1.824241101155468","-1.824241101155468","-1.824241101155468","-1.1285567158723169","-1.1285567158723169","-1.1285567158723169","-1.1702014445982523","-1.1702014445982523","-1.1702014445982523","-1.5590435919600385","-1.5590435919600385","-1.5590435919600385","-1.527931328666059","-1.527931328666059","-1.527931328666059","-1.2359731224193407","-1.2359731224193407","-1.2359731224193407","-1.3617918259218187","-1.3617918259218187","-1.3617918259218187","-1.0834779224070088","-1.0834779224070088","-1.0834779224070088","-1.6589776294677274","-1.6589776294677274","-1.6589776294677274","-1.6071559574309444","-1.6071559574309444","-1.6071559574309444","-1.164094546003738","-1.164094546003738","-1.164094546003738","-1.4186667113955076","-1.4186667113955076","-1.4186667113955076","-1.812326084581019","-1.812326084581019","-1.812326084581019","-1.8173802392554275","-1.8173802392554275","-1.8173802392554275","-1.576687108782846","-1.576687108782846","-1.576687108782846"
"32500","-1.1428732530276249","-1.1428732530276249","-1.1428732530276249","-1.6705252972500755","-1.6705252972500755","-1.6705252972500755","-2.1305276929675916","-2.1305276929675916","-2.1305276929675916","-1.5977430166102597","-1.5977430166102597","-1.5977430166102597","-1.1204383148126236","-1.1204383148126236","-1.1204383148126236","-2.7504237202490747","-2.7504237202490747","-2.7504237202490747","-1.2115353455412778","-1.2115353455412778","-1.2115353455412778","-1.23655455943154","-1.23655455943154","-1.23655455943154","-1.4177936720737272","-1.4177936720737272","-1.4177936720737272","-1.3874147839426114","-1.3874147839426114","-1.3874147839426114","-1.259898489036257","-1.259898489036257","-1.259898489036257","-1.3388130140300605","-1.3388130140300605","-1.3388130140300605","-1.30961359074348","-1.30961359074348","-1.30961359074348","-1.6686772904630178","-1.6686772904630178","-1.6686772904630178","-1.3592501954186302","-1.3592501954186302","-1.3592501954186302","-1.257938609036891","-1.257938609036891","-1.257938609036891","-1.51806499428552","-1.51806499428552","-1.51806499428552","-1.79684651515683","-1.79684651515683","-1.79684651515683","-1.8663138699162054","-1.8663138699162054","-1.8663138699162054","-2.0823592617246947","-2.0823592617246947","-2.0823592617246947"
"33000","-1.2141130529868058","-1.2141130529868058","-1.2141130529868058","-1.9599707210735011","-1.9599707210735011","-1.9599707210735011","-1.8533615749527808","-1.8533615749527808","-1.8533615749527808","-1.3112127766777761","-1.3112127766777761","-1.3112127766777761","-1.2104452573535203","-1.2104452573535203","-1.2104452573535203","-2.244255939817233","-2.244255939817233","-2.244255939817233","-1.1407910266999397","-1.1407910266999397","-1.1407910266999397","-1.123222348296002","-1.123222348296002","-1.123222348296002","-1.4510879297795725","-1.4510879297795725","-1.4510879297795725","-1.561705138106729","-1.561705138106729","-1.561705138106729","-1.183591306513413","-1.183591306513413","-1.183591306513413","-2.349373371307392","-2.349373371307392","-2.349373371307392","-1.024171892552132","-1.024171892552132","-1.024171892552132","-1.6148435841682827","-1.6148435841682827","-1.6148435841682827","-1.0603925348106942","-1.0603925348106942","-1.0603925348106942","-1.6798201946512221","-1.6798201946512221","-1.6798201946512221","-1.344902730909682","-1.344902730909682","-1.344902730909682","-1.549595630180189","-1.549595630180189","-1.549595630180189","-2.0317746719007026","-2.0317746719007026","-2.0317746719007026","-1.4536501108452913","-1.4536501108452913","-1.4536501108452913"
"33500","-1.1877746877187425","-1.1877746877187425","-1.1877746877187425","-1.5299819703296849","-1.5299819703296849","-1.5299819703296849","-1.4034889251419087","-1.4034889251419087","-1.4034889251419087","-1.3267743179183829","-1.3267743179183829","-1.3267743179183829","-0.9862170185385393","-0.9862170185385393","-0.9862170185385393","-2.536377545403957","-2.536377545403957","-2.536377545403957","-1.158809163781582","-1.158809163781582","-1.158809163781582","-1.1425157291109485","-1.1425157291109485","-1.1425157291109485","-1.2611092034808897","-1.2611092034808897","-1.2611092034808897","-1.5121791824324806","-1.5121791824324806","-1.5121791824324806","-1.4434280737953356","-1.4434280737953356","-1.4434280737953356","-1.3439176476007693","-1.3439176476007693","-1.3439176476007693","-1.326162882345873","-1.326162882345873","-1.326162882345873","-1.5727072073020008","-1.5727072073020008","-1.5727072073020008","-1.4584185928637883","-1.4584185928637883","-1.4584185928637883","-1.2760532064006427","-1.2760532064006427","-1.2760532064006427","-1.2458082246366604","-1.2458082246366604","-1.2458082246366604","-1.70790388973685","-1.70790388973685","-1.70790388973685","-1.366188903970277","-1.366188903970277","-1.366188903970277","-1.6356725702528514","-1.6356725702528514","-1.6356725702528514"
"34000","-1.4486820718798767","-1.4486820718798767","-1.4486820718798767","-1.765582480004444","-1.765582480004444","-1.765582480004444","-2.0689719754302716","-2.0689719754302716","-2.0689719754302716","-1.2358049478088127","-1.2358049478088127","-1.2358049478088127","-1.0693083882631298","-1.0693083882631298","-1.0693083882631298","-2.1015775543851096","-2.1015775543851096","-2.1015775543851096","-0.9743002149769009","-0.9743002149769009","-0.9743002149769009","-2.936199337622693","-2.936199337622693","-2.936199337622693","-1.2427683627139963","-1.2427683627139963","-1.2427683627139963","-1.0876452499134674","-1.0876452499134674","-1.0876452499134674","-1.3507229161466496","-1.3507229161466496","-1.3507229161466496","-1.8431485145868247","-1.8431485145868247","-1.8431485145868247","-1.0775232751665806","-1.0775232751665806","-1.0775232751665806","-1.57648754077046","-1.57648754077046","-1.57648754077046","-1.146032460182967","-1.146032460182967","-1.146032460182967","-1.3126842772673213","-1.3126842772673213","-1.3126842772673213","-1.4623507578101602","-1.4623507578101602","-1.4623507578101602","-2.2905810727126803","-2.2905810727126803","-2.2905810727126803","-1.3885512155438","-1.3885512155438","-1.3885512155438","-1.551583983993771","-1.551583983993771","-1.551583983993771"
"34500","-1.7641633438556272","-1.7641633438556272","-1.7641633438556272","-1.5002100965080054","-1.5002100965080054","-1.5002100965080054","-1.146957597111804","-1.146957597111804","-1.146957597111804","-1.2980634183921587","-1.2980634183921587","-1.2980634183921587","-1.6820508190555217","-1.6820508190555217","-1.6820508190555217","-2.507462482253154","-2.507462482253154","-2.507462482253154","-1.1334285130915593","-1.1334285130915593","-1.1334285130915593","-1.3701250341692193","-1.3701250341692193","-1.3701250341692193","-1.2072791869348047","-1.2072791869348047","-1.2072791869348047","-1.6584469329563256","-1.6584469329563256","-1.6584469329563256","-1.4071471691387298","-1.4071471691387298","-1.4071471691387298","-1.8576577921521007","-1.8576577921521007","-1.8576577921521007","-1.1398598913809632","-1.1398598913809632","-1.1398598913809632","-1.6083862041741839","-1.6083862041741839","-1.6083862041741839","-1.0466614858302932","-1.0466614858302932","-1.0466614858302932","-1.1039723275085842","-1.1039723275085842","-1.1039723275085842","-1.4755218647989792","-1.4755218647989792","-1.4755218647989792","-1.6673273160449025","-1.6673273160449025","-1.6673273160449025","-1.3755946466588367","-1.3755946466588367","-1.3755946466588367","-1.7645303271881017","-1.7645303271881017","-1.7645303271881017"
"35000","-1.4285405284667165","-1.4285405284667165","-1.4285405284667165","-1.4635946729838727","-1.4635946729838727","-1.4635946729838727","-1.4052658779480083","-1.4052658779480083","-1.4052658779480083","-1.2391351706888927","-1.2391351706888927","-1.2391351706888927","-1.1827288772637548","-1.1827288772637548","-1.1827288772637548","-1.8222863429925984","-1.8222863429925984","-1.8222863429925984","-1.269869521287079","-1.269869521287079","-1.269869521287079","-1.3854407983999113","-1.3854407983999113","-1.3854407983999113","-1.2407554668761318","-1.2407554668761318","-1.2407554668761318","-1.925259670469612","-1.925259670469612","-1.925259670469612","-1.463873551650198","-1.463873551650198","-1.463873551650198","-1.7770579850953083","-1.7770579850953083","-1.7770579850953083","-1.0002804772363922","-1.0002804772363922","-1.0002804772363922","-1.5162171124645791","-1.5162171124645791","-1.5162171124645791","-1.2347556027240643","-1.2347556027240643","-1.2347556027240643","-1.2969784823558825","-1.2969784823558825","-1.2969784823558825","-1.247238253110471","-1.247238253110471","-1.247238253110471","-1.9885418946346562","-1.9885418946346562","-1.9885418946346562","-1.6987779326633565","-1.6987779326633565","-1.6987779326633565","-1.376333376662081","-1.376333376662081","-1.376333376662081"
"35500","-1.575645366965426","-1.575645366965426","-1.575645366965426","-1.625705485356222","-1.625705485356222","-1.625705485356222","-1.0076188754353939","-1.0076188754353939","-1.0076188754353939","-1.3730300731391902","-1.3730300731391902","-1.3730300731391902","-1.4310078631428411","-1.4310078631428411","-1.4310078631428411","-2.472096224865763","-2.472096224865763","-2.472096224865763","-1.1039840665517597","-1.1039840665517597","-1.1039840665517597","-1.2119155491891505","-1.2119155491891505","-1.2119155491891505","-1.8198504128810966","-1.8198504128810966","-1.8198504128810966","-1.3118019050710332","-1.3118019050710332","-1.3118019050710332","-1.1058453820625254","-1.1058453820625254","-1.1058453820625254","-1.635709150111909","-1.635709150111909","-1.635709150111909","-1.2478506381484815","-1.2478506381484815","-1.2478506381484815","-1.7411774589714422","-1.7411774589714422","-1.7411774589714422","-1.2498771251848384","-1.2498771251848384","-1.2498771251848384","-1.1776034085821623","-1.1776034085821623","-1.1776034085821623","-1.2311696673894332","-1.2311696673894332","-1.2311696673894332","-1.903813885875299","-1.903813885875299","-1.903813885875299","-1.3694353215087116","-1.3694353215087116","-1.3694353215087116","-1.5393500077626157","-1.5393500077626157","-1.5393500077626157"
"36000","-1.599446204986929","-1.599446204986929","-1.599446204986929","-1.5083639581825161","-1.5083639581825161","-1.5083639581825161","-1.6836426086657625","-1.6836426086657625","-1.6836426086657625","-1.2546827502179485","-1.2546827502179485","-1.2546827502179485","-1.3058300753566747","-1.3058300753566747","-1.3058300753566747","-2.1506288654078998","-2.1506288654078998","-2.1506288654078998","-1.0557209084198982","-1.0557209084198982","-1.0557209084198982","-1.1873630324653426","-1.1873630324653426","-1.1873630324653426","-1.719098560567268","-1.719098560567268","-1.719098560567268","-1.3647012819737157","-1.3647012819737157","-1.3647012819737157","-1.2436261428249893","-1.2436261428249893","-1.2436261428249893","-1.6922402070561144","-1.6922402070561144","-1.6922402070561144","-1.6184963315865581","-1.6184963315865581","-1.6184963315865581","-1.6786906980954026","-1.6786906980954026","-1.6786906980954026","-1.4078575847226231","-1.4078575847226231","-1.4078575847226231","-1.4067015944087662","-1.4067015944087662","-1.4067015944087662","-1.282523639954574","-1.282523639954574","-1.282523639954574","-1.4949379406957912","-1.4949379406957912","-1.4949379406957912","-1.1770006211968465","-1.1770006211968465","-1.1770006211968465","-1.5767860153663382","-1.5767860153663382","-1.5767860153663382"
"36500","-1.5839934006185592","-1.5839934006185592","-1.5839934006185592","-1.4611455650952248","-1.4611455650952248","-1.4611455650952248","-1.8181812617959032","-1.8181812617959032","-1.8181812617959032","-1.3323613692437577","-1.3323613692437577","-1.3323613692437577","-1.1116581650892143","-1.1116581650892143","-1.1116581650892143","-2.300691484860227","-2.300691484860227","-2.300691484860227","-1.0778607674617415","-1.0778607674617415","-1.0778607674617415","-1.3000943731978232","-1.3000943731978232","-1.3000943731978232","-1.3224753635280493","-1.3224753635280493","-1.3224753635280493","-1.0169519200975896","-1.0169519200975896","-1.0169519200975896","-1.2592027727461694","-1.2592027727461694","-1.2592027727461694","-1.5508439656289021","-1.5508439656289021","-1.5508439656289021","-0.9453816152357695","-0.9453816152357695","-0.9453816152357695","-1.660704038659842","-1.660704038659842","-1.660704038659842","-1.2995174829900962","-1.2995174829900962","-1.2995174829900962","-1.5414143170566397","-1.5414143170566397","-1.5414143170566397","-1.3312519420059024","-1.3312519420059024","-1.3312519420059024","-1.7658083508105615","-1.7658083508105615","-1.7658083508105615","-1.36484194719463","-1.36484194719463","-1.36484194719463","-2.0068191220362195","-2.0068191220362195","-2.0068191220362195"
"37000","-1.331834291559952","-1.331834291559952","-1.331834291559952","-1.2874078110179636","-1.2874078110179636","-1.2874078110179636","-1.379517595176085","-1.379517595176085","-1.379517595176085","-1.3718173553941202","-1.3718173553941202","-1.3718173553941202","-1.1209485189698423","-1.1209485189698423","-1.1209485189698423","-3.1799611921508664","-3.1799611921508664","-3.1799611921508664","-1.2446190214009225","-1.2446190214009225","-1.2446190214009225","-1.0824832182667756","-1.0824832182667756","-1.0824832182667756","-1.2147711603745424","-1.2147711603745424","-1.2147711603745424","-1.1763469377839368","-1.1763469377839368","-1.1763469377839368","-1.3485839499630576","-1.3485839499630576","-1.3485839499630576","-1.793064345712087","-1.793064345712087","-1.793064345712087","-1.0244390291402818","-1.0244390291402818","-1.0244390291402818","-1.348844756092582","-1.348844756092582","-1.348844756092582","-0.9330060645908358","-0.9330060645908358","-0.9330060645908358","-1.5105816938048888","-1.5105816938048888","-1.5105816938048888","-1.3215442811023732","-1.3215442811023732","-1.3215442811023732","-1.7057529089990957","-1.7057529089990957","-1.7057529089990957","-1.1867954414236528","-1.1867954414236528","-1.1867954414236528","-1.6973079310152772","-1.6973079310152772","-1.6973079310152772"
"37500","-1.2631893278097344","-1.2631893278097344","-1.2631893278097344","-1.507595414493468","-1.507595414493468","-1.507595414493468","-1.0090221841354798","-1.0090221841354798","-1.0090221841354798","-1.3745564757401272","-1.3745564757401272","-1.3745564757401272","-1.0088719857680033","-1.0088719857680033","-1.0088719857680033","-2.917551726316938","-2.917551726316938","-2.917551726316938","-1.0982232502988745","-1.0982232502988745","-1.0982232502988745","-1.075688542870781","-1.075688542870781","-1.075688542870781","-1.4111825043633726","-1.4111825043633726","-1.4111825043633726","-1.0832948439177204","-1.0832948439177204","-1.0832948439177204","-1.2132084752156702","-1.2132084752156702","-1.2132084752156702","-1.45982472869022","-1.45982472869022","-1.45982472869022","-1.0263780063727752","-1.0263780063727752","-1.0263780063727752","-1.3253184293516869","-1.3253184293516869","-1.3253184293516869","-0.8204657865805853","-0.8204657865805853","-0.8204657865805853","-1.4839928878457562","-1.4839928878457562","-1.4839928878457562","-1.2455662493419861","-1.2455662493419861","-1.2455662493419861","-1.735769485121844","-1.735769485121844","-1.735769485121844","-1.5544549810344026","-1.5544549810344026","-1.5544549810344026","-1.5372930811994785","-1.5372930811994785","-1.5372930811994785"
"38000","-1.0020497684479441","-1.0020497684479441","-1.0020497684479441","-1.2754253201605286","-1.2754253201605286","-1.2754253201605286","-0.9675521349956384","-0.9675521349956384","-0.9675521349956384","-1.2962595624400413","-1.2962595624400413","-1.2962595624400413","-0.943938662934063","-0.943938662934063","-0.943938662934063","-2.287368614804259","-2.287368614804259","-2.287368614804259","-0.9517404578787","-0.9517404578787","-0.9517404578787","-1.1090403822784114","-1.1090403822784114","-1.1090403822784114","-1.6886616108812476","-1.6886616108812476","-1.6886616108812476","-1.2950611630414954","-1.2950611630414954","-1.2950611630414954","-1.1374689614515334","-1.1374689614515334","-1.1374689614515334","-1.7459030590423759","-1.7459030590423759","-1.7459030590423759","-1.111097934269848","-1.111097934269848","-1.111097934269848","-1.3814189722306558","-1.3814189722306558","-1.3814189722306558","-0.9950795141677494","-0.9950795141677494","-0.9950795141677494","-1.3237365107643977","-1.3237365107643977","-1.3237365107643977","-1.3428489039668396","-1.3428489039668396","-1.3428489039668396","-1.4331269129099036","-1.4331269129099036","-1.4331269129099036","-1.2172784619817654","-1.2172784619817654","-1.2172784619817654","-1.4827015810010766","-1.4827015810010766","-1.4827015810010766"
"38500","-1.0505181155893202","-1.0505181155893202","-1.0505181155893202","-1.4569907769571488","-1.4569907769571488","-1.4569907769571488","-1.011371830991385","-1.011371830991385","-1.011371830991385","-1.2005419668409982","-1.2005419668409982","-1.2005419668409982","-0.9891810735295177","-0.9891810735295177","-0.9891810735295177","-2.507020663455809","-2.507020663455809","-2.507020663455809","-1.304494729292537","-1.304494729292537","-1.304494729292537","-1.0378528880835307","-1.0378528880835307","-1.0378528880835307","-1.2324887586101982","-1.2324887586101982","-1.2324887586101982","-1.1636056553359428","-1.1636056553359428","-1.1636056553359428","-1.1573084059685033","-1.1573084059685033","-1.1573084059685033","-1.3422116708956637","-1.3422116708956637","-1.3422116708956637","-1.0228478513361736","-1.0228478513361736","-1.0228478513361736","-1.79749543926252","-1.79749543926252","-1.79749543926252","-1.1314376086369102","-1.1314376086369102","-1.1314376086369102","-1.2469024115575682","-1.2469024115575682","-1.2469024115575682","-1.2779691926066312","-1.2779691926066312","-1.2779691926066312","-1.5895826597411646","-1.5895826597411646","-1.5895826597411646","-1.1352746568013845","-1.1352746568013845","-1.1352746568013845","-1.7413566576861848","-1.7413566576861848","-1.7413566576861848"
"39000","-1.1156407358636062","-1.1156407358636062","-1.1156407358636062","-1.3514585654822722","-1.3514585654822722","-1.3514585654822722","-1.5342847020813615","-1.5342847020813615","-1.5342847020813615","-1.2109225555155108","-1.2109225555155108","-1.2109225555155108","-1.0026779869285665","-1.0026779869285665","-1.0026779869285665","-2.2559653695186803","-2.2559653695186803","-2.2559653695186803","-1.0150485493750376","-1.0150485493750376","-1.0150485493750376","-1.0399497987867439","-1.0399497987867439","-1.0399497987867439","-1.5720037251177015","-1.5720037251177015","-1.5720037251177015","-1.65820292363006","-1.65820292363006","-1.65820292363006","-1.155366456612242","-1.155366456612242","-1.155366456612242","-1.5476731544397477","-1.5476731544397477","-1.5476731544397477","-0.9912459830597072","-0.9912459830597072","-0.9912459830597072","-1.2496614891516162","-1.2496614891516162","-1.2496614891516162","-0.7679553805131591","-0.7679553805131591","-0.7679553805131591","-1.2966498436972986","-1.2966498436972986","-1.2966498436972986","-1.6898681148020451","-1.6898681148020451","-1.6898681148020451","-1.4493762128594236","-1.4493762128594236","-1.4493762128594236","-1.2072318240306785","-1.2072318240306785","-1.2072318240306785","-1.297568386986876","-1.297568386986876","-1.297568386986876"
"39500","-1.4580927922688205","-1.4580927922688205","-1.4580927922688205","-1.468764133799129","-1.468764133799129","-1.468764133799129","-1.3730306695878425","-1.3730306695878425","-1.3730306695878425","-1.5143885300598283","-1.5143885300598283","-1.5143885300598283","-1.0637950807768193","-1.0637950807768193","-1.0637950807768193","-3.225255129338411","-3.225255129338411","-3.225255129338411","-1.073173461180444","-1.073173461180444","-1.073173461180444","-1.1050928737182821","-1.1050928737182821","-1.1050928737182821","-1.1433734602486445","-1.1433734602486445","-1.1433734602486445","-1.1425000990959397","-1.1425000990959397","-1.1425000990959397","-1.1005410674020957","-1.1005410674020957","-1.1005410674020957","-1.1264343498631375","-1.1264343498631375","-1.1264343498631375","-0.9295366302201797","-0.9295366302201797","-0.9295366302201797","-1.319287185636722","-1.319287185636722","-1.319287185636722","-0.9269294899111296","-0.9269294899111296","-0.9269294899111296","-1.3460338811778196","-1.3460338811778196","-1.3460338811778196","-1.3229379908941787","-1.3229379908941787","-1.3229379908941787","-1.4018918982490067","-1.4018918982490067","-1.4018918982490067","-1.0780606768446557","-1.0780606768446557","-1.0780606768446557","-1.2560553600997495","-1.2560553600997495","-1.2560553600997495"
"40000","-1.468096326019995","-1.468096326019995","-1.468096326019995","-1.4353658972240801","-1.4353658972240801","-1.4353658972240801","-1.2523631311893066","-1.2523631311893066","-1.2523631311893066","-1.2388331051615167","-1.2388331051615167","-1.2388331051615167","-1.0516775076890972","-1.0516775076890972","-1.0516775076890972","-1.9808973310385707","-1.9808973310385707","-1.9808973310385707","-1.0937645601107384","-1.0937645601107384","-1.0937645601107384","-1.2636075463693133","-1.2636075463693133","-1.2636075463693133","-1.4748261144903068","-1.4748261144903068","-1.4748261144903068","-1.2808190503753705","-1.2808190503753705","-1.2808190503753705","-1.0722338550327184","-1.0722338550327184","-1.0722338550327184","-1.2120755822293368","-1.2120755822293368","-1.2120755822293368","-0.8213185045493837","-0.8213185045493837","-0.8213185045493837","-1.1287150188518325","-1.1287150188518325","-1.1287150188518325","-1.1831479504763087","-1.1831479504763087","-1.1831479504763087","-1.4593159901893749","-1.4593159901893749","-1.4593159901893749","-1.292673866039717","-1.292673866039717","-1.292673866039717","-1.6901982842788534","-1.6901982842788534","-1.6901982842788534","-1.0878075360407249","-1.0878075360407249","-1.0878075360407249","-1.3393078987481393","-1.3393078987481393","-1.3393078987481393"
"40500","-1.6297596935901875","-1.6297596935901875","-1.6297596935901875","-1.2882664401225317","-1.2882664401225317","-1.2882664401225317","-1.1076435651282082","-1.1076435651282082","-1.1076435651282082","-1.2495507515862403","-1.2495507515862403","-1.2495507515862403","-0.81461798439226","-0.81461798439226","-0.81461798439226","-2.35796244501557","-2.35796244501557","-2.35796244501557","-1.280471884255874","-1.280471884255874","-1.280471884255874","-1.0104732433591352","-1.0104732433591352","-1.0104732433591352","-1.2950234096626971","-1.2950234096626971","-1.2950234096626971","-1.3543880405734066","-1.3543880405734066","-1.3543880405734066","-1.2176920407702694","-1.2176920407702694","-1.2176920407702694","-1.334864917848949","-1.334864917848949","-1.334864917848949","-1.2018442084051109","-1.2018442084051109","-1.2018442084051109","-1.3325282487935106","-1.3325282487935106","-1.3325282487935106","-1.2794380350053993","-1.2794380350053993","-1.2794380350053993","-1.2017907011514068","-1.2017907011514068","-1.2017907011514068","-1.1538212159226382","-1.1538212159226382","-1.1538212159226382","-1.437455366302929","-1.437455366302929","-1.437455366302929","-1.21280425120329","-1.21280425120329","-1.21280425120329","-1.3521161804332216","-1.3521161804332216","-1.3521161804332216"
"41000","-1.1757164120185808","-1.1757164120185808","-1.1757164120185808","-1.3042510226910278","-1.3042510226910278","-1.3042510226910278","-1.5089290754128377","-1.5089290754128377","-1.5089290754128377","-1.2396568757182886","-1.2396568757182886","-1.2396568757182886","-0.9527813111412314","-0.9527813111412314","-0.9527813111412314","-2.8709377305719066","-2.8709377305719066","-2.8709377305719066","-1.233633998670694","-1.233633998670694","-1.233633998670694","-1.1930268032673914","-1.1930268032673914","-1.1930268032673914","-1.0484701810966055","-1.0484701810966055","-1.0484701810966055","-1.0199635587086873","-1.0199635587086873","-1.0199635587086873","-1.2817155625046504","-1.2817155625046504","-1.2817155625046504","-1.2401724599053057","-1.2401724599053057","-1.2401724599053057","-0.8693878817216071","-0.8693878817216071","-0.8693878817216071","-1.0959908368519151","-1.0959908368519151","-1.0959908368519151","-1.1620278041683487","-1.1620278041683487","-1.1620278041683487","-1.4618673524098103","-1.4618673524098103","-1.4618673524098103","-1.1240695070178295","-1.1240695070178295","-1.1240695070178295","-1.7394770309111198","-1.7394770309111198","-1.7394770309111198","-1.1022339838007578","-1.1022339838007578","-1.1022339838007578","-1.2759453448984912","-1.2759453448984912","-1.2759453448984912"
"41500","-1.6501571842865057","-1.6501571842865057","-1.6501571842865057","-1.6058844229918883","-1.6058844229918883","-1.6058844229918883","-1.4583248832865383","-1.4583248832865383","-1.4583248832865383","-1.367085153694934","-1.367085153694934","-1.367085153694934","-1.058978828481377","-1.058978828481377","-1.058978828481377","-2.397586815854324","-2.397586815854324","-2.397586815854324","-1.0470071502681093","-1.0470071502681093","-1.0470071502681093","-1.362295678057301","-1.362295678057301","-1.362295678057301","-1.1479868941689617","-1.1479868941689617","-1.1479868941689617","-1.134715602059733","-1.134715602059733","-1.134715602059733","-1.290598344273858","-1.290598344273858","-1.290598344273858","-1.0189364207129992","-1.0189364207129992","-1.0189364207129992","-1.0214584827252498","-1.0214584827252498","-1.0214584827252498","-1.3025370920126478","-1.3025370920126478","-1.3025370920126478","-1.0467904637855923","-1.0467904637855923","-1.0467904637855923","-1.4297017131784968","-1.4297017131784968","-1.4297017131784968","-1.2035825348547462","-1.2035825348547462","-1.2035825348547462","-1.2931623373638943","-1.2931623373638943","-1.2931623373638943","-0.9187592139348866","-0.9187592139348866","-0.9187592139348866","-1.3212237672000955","-1.3212237672000955","-1.3212237672000955"
"42000","-1.2497455161330175","-1.2497455161330175","-1.2497455161330175","-1.5716605009138471","-1.5716605009138471","-1.5716605009138471","-1.197034802634331","-1.197034802634331","-1.197034802634331","-1.226570489682791","-1.226570489682791","-1.226570489682791","-1.152722550866265","-1.152722550866265","-1.152722550866265","-1.8947761352912682","-1.8947761352912682","-1.8947761352912682","-1.104316731142496","-1.104316731142496","-1.104316731142496","-1.0324816341031258","-1.0324816341031258","-1.0324816341031258","-1.0586262279437153","-1.0586262279437153","-1.0586262279437153","-1.1055169307389279","-1.1055169307389279","-1.1055169307389279","-1.1877197052170279","-1.1877197052170279","-1.1877197052170279","-1.1282293892650164","-1.1282293892650164","-1.1282293892650164","-0.7723014799158306","-0.7723014799158306","-0.7723014799158306","-1.3716811497430217","-1.3716811497430217","-1.3716811497430217","-1.0661230304662124","-1.0661230304662124","-1.0661230304662124","-1.591780707206898","-1.591780707206898","-1.591780707206898","-1.2518513625128718","-1.2518513625128718","-1.2518513625128718","-1.3382372218919054","-1.3382372218919054","-1.3382372218919054","-0.98713860690101","-0.98713860690101","-0.98713860690101","-1.3677236145826215","-1.3677236145826215","-1.3677236145826215"
"42500","-1.683279382815952","-1.683279382815952","-1.683279382815952","-1.4158747838387093","-1.4158747838387093","-1.4158747838387093","-1.2890789659290292","-1.2890789659290292","-1.2890789659290292","-1.3021833790335446","-1.3021833790335446","-1.3021833790335446","-1.137018192949644","-1.137018192949644","-1.137018192949644","-2.2132246135699742","-2.2132246135699742","-2.2132246135699742","-1.08763064139869","-1.08763064139869","-1.08763064139869","-1.083869195962619","-1.083869195962619","-1.083869195962619","-1.1277406452751533","-1.1277406452751533","-1.1277406452751533","-0.9965172744087372","-0.9965172744087372","-0.9965172744087372","-1.2973314878970192","-1.2973314878970192","-1.2973314878970192","-1.097457077916565","-1.097457077916565","-1.097457077916565","-0.8206446762131788","-0.8206446762131788","-0.8206446762131788","-1.3102026692235813","-1.3102026692235813","-1.3102026692235813","-1.232626787690885","-1.232626787690885","-1.232626787690885","-1.2424094463327566","-1.2424094463327566","-1.2424094463327566","-1.161311022569116","-1.161311022569116","-1.161311022569116","-1.291158468384316","-1.291158468384316","-1.291158468384316","-1.0832004112217766","-1.0832004112217766","-1.0832004112217766","-1.269273083999736","-1.269273083999736","-1.269273083999736"
"43000","-1.4081349229983642","-1.4081349229983642","-1.4081349229983642","-1.3420558981925002","-1.3420558981925002","-1.3420558981925002","-1.2203406585752519","-1.2203406585752519","-1.2203406585752519","-1.2602283282980067","-1.2602283282980067","-1.2602283282980067","-1.0705171181430877","-1.0705171181430877","-1.0705171181430877","-2.1265281086081513","-2.1265281086081513","-2.1265281086081513","-1.1380571356580458","-1.1380571356580458","-1.1380571356580458","-1.0110725034409265","-1.0110725034409265","-1.0110725034409265","-1.0247494922695535","-1.0247494922695535","-1.0247494922695535","-1.2015267735290114","-1.2015267735290114","-1.2015267735290114","-1.231393200863873","-1.231393200863873","-1.231393200863873","-1.1543533646221795","-1.1543533646221795","-1.1543533646221795","-0.8222753610491866","-0.8222753610491866","-0.8222753610491866","-1.1973245999955757","-1.1973245999955757","-1.1973245999955757","-1.074332743969548","-1.074332743969548","-1.074332743969548","-1.308621584831316","-1.308621584831316","-1.308621584831316","-1.2785404634088073","-1.2785404634088073","-1.2785404634088073","-1.4862866519353437","-1.4862866519353437","-1.4862866519353437","-0.9441673055098988","-0.9441673055098988","-0.9441673055098988","-1.312788840563515","-1.312788840563515","-1.312788840563515"
"43500","-1.4978263116250699","-1.4978263116250699","-1.4978263116250699","-1.464570732628244","-1.464570732628244","-1.464570732628244","-1.1428097930038774","-1.1428097930038774","-1.1428097930038774","-1.3088008446209851","-1.3088008446209851","-1.3088008446209851","-1.0973675306365087","-1.0973675306365087","-1.0973675306365087","-2.032096886009122","-2.032096886009122","-2.032096886009122","-1.0799707565894707","-1.0799707565894707","-1.0799707565894707","-1.2423064704852185","-1.2423064704852185","-1.2423064704852185","-1.118309129679013","-1.118309129679013","-1.118309129679013","-0.8821650637165727","-0.8821650637165727","-0.8821650637165727","-1.2886787786914091","-1.2886787786914091","-1.2886787786914091","-1.1552506215757181","-1.1552506215757181","-1.1552506215757181","-0.7404229261306183","-0.7404229261306183","-0.7404229261306183","-1.3293757486457096","-1.3293757486457096","-1.3293757486457096","-1.157794016929105","-1.157794016929105","-1.157794016929105","-1.4503860352135145","-1.4503860352135145","-1.4503860352135145","-1.1142547724542873","-1.1142547724542873","-1.1142547724542873","-1.4102196283947925","-1.4102196283947925","-1.4102196283947925","-0.9583509450446372","-0.9583509450446372","-0.9583509450446372","-1.494459955324098","-1.494459955324098","-1.494459955324098"
"44000","-1.9838658383639","-1.9838658383639","-1.9838658383639","-1.4635878612976647","-1.4635878612976647","-1.4635878612976647","-1.0717988002140904","-1.0717988002140904","-1.0717988002140904","-1.3048264709728339","-1.3048264709728339","-1.3048264709728339","-1.229371059716043","-1.229371059716043","-1.229371059716043","-2.2764229694176277","-2.2764229694176277","-2.2764229694176277","-1.0584939742461619","-1.0584939742461619","-1.0584939742461619","-1.161877957227344","-1.161877957227344","-1.161877957227344","-1.061995833872286","-1.061995833872286","-1.061995833872286","-0.9973611330553457","-0.9973611330553457","-0.9973611330553457","-1.1394960418217799","-1.1394960418217799","-1.1394960418217799","-1.1793848578087842","-1.1793848578087842","-1.1793848578087842","-0.8416169709059892","-0.8416169709059892","-0.8416169709059892","-1.158662806209543","-1.158662806209543","-1.158662806209543","-1.1376533160427227","-1.1376533160427227","-1.1376533160427227","-1.1627959235341467","-1.1627959235341467","-1.1627959235341467","-1.1389714079532003","-1.1389714079532003","-1.1389714079532003","-1.4348504231917856","-1.4348504231917856","-1.4348504231917856","-0.9954962714989595","-0.9954962714989595","-0.9954962714989595","-1.3043751290412051","-1.3043751290412051","-1.3043751290412051"
"44500","-2.3543411693040204","-2.3543411693040204","-2.3543411693040204","-1.335687786644642","-1.335687786644642","-1.335687786644642","-1.023760684578397","-1.023760684578397","-1.023760684578397","-1.7091612402619305","-1.7091612402619305","-1.7091612402619305","-0.997529434740869","-0.997529434740869","-0.997529434740869","-1.9843621193026","-1.9843621193026","-1.9843621193026","-0.9347803741446526","-0.9347803741446526","-0.9347803741446526","-1.274042662288382","-1.274042662288382","-1.274042662288382","-1.0180838148430766","-1.0180838148430766","-1.0180838148430766","-0.956243721686139","-0.956243721686139","-0.956243721686139","-1.083611999628389","-1.083611999628389","-1.083611999628389","-1.2255704302884045","-1.2255704302884045","-1.2255704302884045","-0.802029582759299","-0.802029582759299","-0.802029582759299","-1.3525695440289858","-1.3525695440289858","-1.3525695440289858","-1.3077615026306084","-1.3077615026306084","-1.3077615026306084","-1.2616851202391668","-1.2616851202391668","-1.2616851202391668","-1.1015875094921863","-1.1015875094921863","-1.1015875094921863","-1.3266921787854327","-1.3266921787854327","-1.3266921787854327","-1.1725452337903082","-1.1725452337903082","-1.1725452337903082","-1.3194770096553043","-1.3194770096553043","-1.3194770096553043"
"45000","-1.6140827102269948","-1.6140827102269948","-1.6140827102269948","-1.6945906113500004","-1.6945906113500004","-1.6945906113500004","-1.1611654615026556","-1.1611654615026556","-1.1611654615026556","-1.1873233752685457","-1.1873233752685457","-1.1873233752685457","-1.0625344335645075","-1.0625344335645075","-1.0625344335645075","-2.11821334538038","-2.11821334538038","-2.11821334538038","-0.9012035268797938","-0.9012035268797938","-0.9012035268797938","-1.0711537640549227","-1.0711537640549227","-1.0711537640549227","-1.1120301234081542","-1.1120301234081542","-1.1120301234081542","-1.0283007557777961","-1.0283007557777961","-1.0283007557777961","-1.094838907935575","-1.094838907935575","-1.094838907935575","-1.2520740676763376","-1.2520740676763376","-1.2520740676763376","-0.7499253554399381","-0.7499253554399381","-0.7499253554399381","-1.006919960955386","-1.006919960955386","-1.006919960955386","-1.3248178267679522","-1.3248178267679522","-1.3248178267679522","-1.1615953912786412","-1.1615953912786412","-1.1615953912786412","-1.0638121153214395","-1.0638121153214395","-1.0638121153214395","-1.265665776321512","-1.265665776321512","-1.265665776321512","-1.0371175549613008","-1.0371175549613008","-1.0371175549613008","-1.184981348005224","-1.184981348005224","-1.184981348005224"
"45500","-1.4378710923522715","-1.4378710923522715","-1.4378710923522715","-1.6511319436253333","-1.6511319436253333","-1.6511319436253333","-1.212064490800055","-1.212064490800055","-1.212064490800055","-1.18243650096902","-1.18243650096902","-1.18243650096902","-1.0312850776569686","-1.0312850776569686","-1.0312850776569686","-2.1457717483918293","-2.1457717483918293","-2.1457717483918293","-0.9206012209506558","-0.9206012209506558","-0.9206012209506558","-1.0811335311158303","-1.0811335311158303","-1.0811335311158303","-1.1108834053001753","-1.1108834053001753","-1.1108834053001753","-1.0569656371788265","-1.0569656371788265","-1.0569656371788265","-1.1534720152772564","-1.1534720152772564","-1.1534720152772564","-1.161076284958859","-1.161076284958859","-1.161076284958859","-0.7922295735211032","-0.7922295735211032","-0.7922295735211032","-0.978032118685315","-0.978032118685315","-0.978032118685315","-1.1452027756096177","-1.1452027756096177","-1.1452027756096177","-1.1245979870808385","-1.1245979870808385","-1.1245979870808385","-1.0628391468826572","-1.0628391468826572","-1.0628391468826572","-1.2639534486057746","-1.2639534486057746","-1.2639534486057746","-0.9307932594875634","-0.9307932594875634","-0.9307932594875634","-1.2964028889569552","-1.2964028889569552","-1.2964028889569552"
"46000","-1.2851692229404161","-1.2851692229404161","-1.2851692229404161","-1.6081315094382607","-1.6081315094382607","-1.6081315094382607","-1.2916711886969343","-1.2916711886969343","-1.2916711886969343","-1.186851091418743","-1.186851091418743","-1.186851091418743","-0.9798629053610375","-0.9798629053610375","-0.9798629053610375","-2.212517845949578","-2.212517845949578","-2.212517845949578","-0.9692190141583742","-0.9692190141583742","-0.9692190141583742","-1.1011034824049468","-1.1011034824049468","-1.1011034824049468","-0.9920279273070418","-0.9920279273070418","-0.9920279273070418","-0.7785485109847481","-0.7785485109847481","-0.7785485109847481","-1.1426086489123461","-1.1426086489123461","-1.1426086489123461","-1.325646325551205","-1.325646325551205","-1.325646325551205","-0.7707003081075982","-0.7707003081075982","-0.7707003081075982","-1.178111879724578","-1.178111879724578","-1.178111879724578","-1.3917103325137272","-1.3917103325137272","-1.3917103325137272","-1.0670207086754655","-1.0670207086754655","-1.0670207086754655","-1.15710512512988","-1.15710512512988","-1.15710512512988","-1.1721450485539953","-1.1721450485539953","-1.1721450485539953","-0.9410437461029858","-0.9410437461029858","-0.9410437461029858","-1.1723310053430673","-1.1723310053430673","-1.1723310053430673"
"46500","-1.3541830645140562","-1.3541830645140562","-1.3541830645140562","-1.7051854187506232","-1.7051854187506232","-1.7051854187506232","-1.1452435683743425","-1.1452435683743425","-1.1452435683743425","-1.1192698280699946","-1.1192698280699946","-1.1192698280699946","-1.097831243939078","-1.097831243939078","-1.097831243939078","-2.0987196582208925","-2.0987196582208925","-2.0987196582208925","-0.9638038894337649","-0.9638038894337649","-0.9638038894337649","-1.140901809123501","-1.140901809123501","-1.140901809123501","-1.0751329145096293","-1.0751329145096293","-1.0751329145096293","-0.8219337216922256","-0.8219337216922256","-0.8219337216922256","-1.0845100085767552","-1.0845100085767552","-1.0845100085767552","-1.1542907099881794","-1.1542907099881794","-1.1542907099881794","-0.7726417536151489","-0.7726417536151489","-0.7726417536151489","-1.0761624424170226","-1.0761624424170226","-1.0761624424170226","-1.3162767230620769","-1.3162767230620769","-1.3162767230620769","-1.2285423762338694","-1.2285423762338694","-1.2285423762338694","-0.9970979694941914","-0.9970979694941914","-0.9970979694941914","-1.5392310248359886","-1.5392310248359886","-1.5392310248359886","-1.1771377919319626","-1.1771377919319626","-1.1771377919319626","-1.5018977915192384","-1.5018977915192384","-1.5018977915192384"
"47000","-1.3458481984255188","-1.3458481984255188","-1.3458481984255188","-1.5325102159337796","-1.5325102159337796","-1.5325102159337796","-1.265528061487366","-1.265528061487366","-1.265528061487366","-1.0584227134221635","-1.0584227134221635","-1.0584227134221635","-1.108286008845391","-1.108286008845391","-1.108286008845391","-2.166698619081308","-2.166698619081308","-2.166698619081308","-0.9911829555050078","-0.9911829555050078","-0.9911829555050078","-1.026926430405123","-1.026926430405123","-1.026926430405123","-1.0319646199893207","-1.0319646199893207","-1.0319646199893207","-0.9277248653713066","-0.9277248653713066","-0.9277248653713066","-1.1716072152430497","-1.1716072152430497","-1.1716072152430497","-1.2559260562384487","-1.2559260562384487","-1.2559260562384487","-0.8083265275306184","-0.8083265275306184","-0.8083265275306184","-0.967064400401437","-0.967064400401437","-0.967064400401437","-0.7782225009623098","-0.7782225009623098","-0.7782225009623098","-1.078025114170679","-1.078025114170679","-1.078025114170679","-1.169500213334184","-1.169500213334184","-1.169500213334184","-1.1293770333850133","-1.1293770333850133","-1.1293770333850133","-0.9987014595471239","-0.9987014595471239","-0.9987014595471239","-1.2256444416428907","-1.2256444416428907","-1.2256444416428907"
"47500","-1.807177692549569","-1.807177692549569","-1.807177692549569","-1.5428257903909994","-1.5428257903909994","-1.5428257903909994","-1.0545790372801493","-1.0545790372801493","-1.0545790372801493","-1.171412964820593","-1.171412964820593","-1.171412964820593","-1.1098722717591134","-1.1098722717591134","-1.1098722717591134","-1.9585070874241672","-1.9585070874241672","-1.9585070874241672","-0.937980585253934","-0.937980585253934","-0.937980585253934","-1.0914994159794735","-1.0914994159794735","-1.0914994159794735","-1.0310654475403447","-1.0310654475403447","-1.0310654475403447","-0.8170128986758087","-0.8170128986758087","-0.8170128986758087","-1.1626440757222045","-1.1626440757222045","-1.1626440757222045","-1.2811120344752214","-1.2811120344752214","-1.2811120344752214","-0.8122675383954917","-0.8122675383954917","-0.8122675383954917","-1.1740267297035758","-1.1740267297035758","-1.1740267297035758","-1.1549519612770496","-1.1549519612770496","-1.1549519612770496","-1.1517814711940701","-1.1517814711940701","-1.1517814711940701","-1.1474810018940649","-1.1474810018940649","-1.1474810018940649","-1.3400647141785684","-1.3400647141785684","-1.3400647141785684","-1.0328572664355655","-1.0328572664355655","-1.0328572664355655","-1.248302269905471","-1.248302269905471","-1.248302269905471"
"48000","-1.4661185816051643","-1.4661185816051643","-1.4661185816051643","-1.6906678337675145","-1.6906678337675145","-1.6906678337675145","-1.0814281006950748","-1.0814281006950748","-1.0814281006950748","-1.22237193438177","-1.22237193438177","-1.22237193438177","-1.188900337083448","-1.188900337083448","-1.188900337083448","-1.796632471852174","-1.796632471852174","-1.796632471852174","-0.9882086420397853","-0.9882086420397853","-0.9882086420397853","-1.224296008347156","-1.224296008347156","-1.224296008347156","-1.0537974521477669","-1.0537974521477669","-1.0537974521477669","-0.740353831902383","-0.740353831902383","-0.740353831902383","-1.2875328520554077","-1.2875328520554077","-1.2875328520554077","-1.559938310707054","-1.559938310707054","-1.559938310707054","-0.7201840279677106","-0.7201840279677106","-0.7201840279677106","-1.0810248832508198","-1.0810248832508198","-1.0810248832508198","-0.9558908672499358","-0.9558908672499358","-0.9558908672499358","-1.0486294382290198","-1.0486294382290198","-1.0486294382290198","-1.0492891591760958","-1.0492891591760958","-1.0492891591760958","-1.35224212725873","-1.35224212725873","-1.35224212725873","-1.0482399822845936","-1.0482399822845936","-1.0482399822845936","-1.2004749460022544","-1.2004749460022544","-1.2004749460022544"
"48500","-9.772281276132379","-9.772281276132379","-9.772281276132379","-1.6624961654061738","-1.6624961654061738","-1.6624961654061738","-1.240784083989756","-1.240784083989756","-1.240784083989756","-1.1733110079457263","-1.1733110079457263","-1.1733110079457263","-0.9703830503950179","-0.9703830503950179","-0.9703830503950179","-1.9756757088942756","-1.9756757088942756","-1.9756757088942756","-0.930350078727065","-0.930350078727065","-0.930350078727065","-1.0641450764400697","-1.0641450764400697","-1.0641450764400697","-0.9819066978012636","-0.9819066978012636","-0.9819066978012636","-1.0667944673049967","-1.0667944673049967","-1.0667944673049967","-1.204912409962744","-1.204912409962744","-1.204912409962744","-1.3933374530924092","-1.3933374530924092","-1.3933374530924092","-0.7221437469649448","-0.7221437469649448","-0.7221437469649448","-1.2664677006200777","-1.2664677006200777","-1.2664677006200777","-0.9938725332033294","-0.9938725332033294","-0.9938725332033294","-1.1328922282546672","-1.1328922282546672","-1.1328922282546672","-1.0503138234397795","-1.0503138234397795","-1.0503138234397795","-1.3029480385563805","-1.3029480385563805","-1.3029480385563805","-1.079753874614578","-1.079753874614578","-1.079753874614578","-1.2267871017789003","-1.2267871017789003","-1.2267871017789003"
"49000","-3.5952147463406554","-3.5952147463406554","-3.5952147463406554","-1.4472726979764645","-1.4472726979764645","-1.4472726979764645","-1.0399796222999007","-1.0399796222999007","-1.0399796222999007","-1.1261730303727062","-1.1261730303727062","-1.1261730303727062","-1.1074406886646184","-1.1074406886646184","-1.1074406886646184","-1.706636377587671","-1.706636377587671","-1.706636377587671","-0.9594374105673522","-0.9594374105673522","-0.9594374105673522","-1.0749261335862363","-1.0749261335862363","-1.0749261335862363","-1.0418889144031556","-1.0418889144031556","-1.0418889144031556","-1.0441237166988622","-1.0441237166988622","-1.0441237166988622","-1.3889763738937153","-1.3889763738937153","-1.3889763738937153","-1.33830903490867","-1.33830903490867","-1.33830903490867","-0.7966289875884185","-0.7966289875884185","-0.7966289875884185","-0.9663459486261647","-0.9663459486261647","-0.9663459486261647","-0.9255928252843866","-0.9255928252843866","-0.9255928252843866","-1.1247825787577814","-1.1247825787577814","-1.1247825787577814","-1.1003009816713327","-1.1003009816713327","-1.1003009816713327","-1.3003079567563618","-1.3003079567563618","-1.3003079567563618","-1.060251586305805","-1.060251586305805","-1.060251586305805","-1.4590680100618318","-1.4590680100618318","-1.4590680100618318"
"49500","-3.684306971521304","-3.684306971521304","-3.684306971521304","-1.4912439710044427","-1.4912439710044427","-1.4912439710044427","-1.0880689285146345","-1.0880689285146345","-1.0880689285146345","-1.2392615510085938","-1.2392615510085938","-1.2392615510085938","-0.9572637100388999","-0.9572637100388999","-0.9572637100388999","-1.5692786415412088","-1.5692786415412088","-1.5692786415412088","-0.9683482932371197","-0.9683482932371197","-0.9683482932371197","-1.016968700576477","-1.016968700576477","-1.016968700576477","-0.8920605721150145","-0.8920605721150145","-0.8920605721150145","-0.9238810929534742","-0.9238810929534742","-0.9238810929534742","-1.0131455333093864","-1.0131455333093864","-1.0131455333093864","-1.4128875388009592","-1.4128875388009592","-1.4128875388009592","-0.6897831231111315","-0.6897831231111315","-0.6897831231111315","-1.2319343732339951","-1.2319343732339951","-1.2319343732339951","-1.0081097776306598","-1.0081097776306598","-1.0081097776306598","-1.103593005348704","-1.103593005348704","-1.103593005348704","-1.0532863816639702","-1.0532863816639702","-1.0532863816639702","-1.2428988130639231","-1.2428988130639231","-1.2428988130639231","-1.1926812722439546","-1.1926812722439546","-1.1926812722439546","-1.3838887433995715","-1.3838887433995715","-1.3838887433995715"
"50000","-3.2257515098857326","-3.2257515098857326","-3.2257515098857326","-1.2092298531373724","-1.2092298531373724","-1.2092298531373724","-1.10048455294726","-1.10048455294726","-1.10048455294726","-1.3174229517955145","-1.3174229517955145","-1.3174229517955145","-0.9511382373760553","-0.9511382373760553","-0.9511382373760553","-1.5838927109143375","-1.5838927109143375","-1.5838927109143375","-0.9555280967353557","-0.9555280967353557","-0.9555280967353557","-1.04884202103347","-1.04884202103347","-1.04884202103347","-0.994579245920486","-0.994579245920486","-0.994579245920486","-0.9400604455578485","-0.9400604455578485","-0.9400604455578485","-1.1337129360942648","-1.1337129360942648","-1.1337129360942648","-1.1725839978247574","-1.1725839978247574","-1.1725839978247574","-0.71004199117585","-0.71004199117585","-0.71004199117585","-1.0024991576526505","-1.0024991576526505","-1.0024991576526505","-0.9884080952576741","-0.9884080952576741","-0.9884080952576741","-1.0236036918797446","-1.0236036918797446","-1.0236036918797446","-1.12672547579817","-1.12672547579817","-1.12672547579817","-1.3793901009997156","-1.3793901009997156","-1.3793901009997156","-1.1244835272170173","-1.1244835272170173","-1.1244835272170173","-1.390761607179773","-1.390761607179773","-1.390761607179773"