"Step","DDPG_TempoRL_FetchReachDense-v4_19 - eval/avg_reward","DDPG_TempoRL_FetchReachDense-v4_19 - eval/avg_reward__MIN","DDPG_TempoRL_FetchReachDense-v4_19 - eval/avg_reward__MAX","DDPG_TempoRL_FetchReachDense-v4_9 - eval/avg_reward","DDPG_TempoRL_FetchReachDense-v4_9 - eval/avg_reward__MIN","DDPG_TempoRL_FetchReachDense-v4_9 - eval/avg_reward__MAX","DDPG_TempoRL_FetchReachDense-v4_18 - eval/avg_reward","DDPG_TempoRL_FetchReachDense-v4_18 - eval/avg_reward__MIN","DDPG_TempoRL_FetchReachDense-v4_18 - eval/avg_reward__MAX","DDPG_TempoRL_FetchReachDense-v4_8 - eval/avg_reward","DDPG_TempoRL_FetchReachDense-v4_8 - eval/avg_reward__MIN","DDPG_TempoRL_FetchReachDense-v4_8 - eval/avg_reward__MAX","DDPG_TempoRL_FetchReachDense-v4_17 - eval/avg_reward","DDPG_TempoRL_FetchReachDense-v4_17 - eval/avg_reward__MIN","DDPG_TempoRL_FetchReachDense-v4_17 - eval/avg_reward__MAX","DDPG_TempoRL_FetchReachDense-v4_7 - eval/avg_reward","DDPG_TempoRL_FetchReachDense-v4_7 - eval/avg_reward__MIN","DDPG_TempoRL_FetchReachDense-v4_7 - eval/avg_reward__MAX","DDPG_TempoRL_FetchReachDense-v4_16 - eval/avg_reward","DDPG_TempoRL_FetchReachDense-v4_16 - eval/avg_reward__MIN","DDPG_TempoRL_FetchReachDense-v4_16 - eval/avg_reward__MAX","DDPG_TempoRL_FetchReachDense-v4_6 - eval/avg_reward","DDPG_TempoRL_FetchReachDense-v4_6 - eval/avg_reward__MIN","DDPG_TempoRL_FetchReachDense-v4_6 - eval/avg_reward__MAX","DDPG_TempoRL_FetchReachDense-v4_15 - eval/avg_reward","DDPG_TempoRL_FetchReachDense-v4_15 - eval/avg_reward__MIN","DDPG_TempoRL_FetchReachDense-v4_15 - eval/avg_reward__MAX","DDPG_TempoRL_FetchReachDense-v4_5 - eval/avg_reward","DDPG_TempoRL_FetchReachDense-v4_5 - eval/avg_reward__MIN","DDPG_TempoRL_FetchReachDense-v4_5 - eval/avg_reward__MAX","DDPG_TempoRL_FetchReachDense-v4_14 - eval/avg_reward","DDPG_TempoRL_FetchReachDense-v4_14 - eval/avg_reward__MIN","DDPG_TempoRL_FetchReachDense-v4_14 - eval/avg_reward__MAX","DDPG_TempoRL_FetchReachDense-v4_4 - eval/avg_reward","DDPG_TempoRL_FetchReachDense-v4_4 - eval/avg_reward__MIN","DDPG_TempoRL_FetchReachDense-v4_4 - eval/avg_reward__MAX","DDPG_TempoRL_FetchReachDense-v4_13 - eval/avg_reward","DDPG_TempoRL_FetchReachDense-v4_13 - eval/avg_reward__MIN","DDPG_TempoRL_FetchReachDense-v4_13 - eval/avg_reward__MAX","DDPG_TempoRL_FetchReachDense-v4_3 - eval/avg_reward","DDPG_TempoRL_FetchReachDense-v4_3 - eval/avg_reward__MIN","DDPG_TempoRL_FetchReachDense-v4_3 - eval/avg_reward__MAX","DDPG_TempoRL_FetchReachDense-v4_12 - eval/avg_reward","DDPG_TempoRL_FetchReachDense-v4_12 - eval/avg_reward__MIN","DDPG_TempoRL_FetchReachDense-v4_12 - eval/avg_reward__MAX","DDPG_TempoRL_FetchReachDense-v4_2 - eval/avg_reward","DDPG_TempoRL_FetchReachDense-v4_2 - eval/avg_reward__MIN","DDPG_TempoRL_FetchReachDense-v4_2 - eval/avg_reward__MAX","DDPG_TempoRL_FetchReachDense-v4_11 - eval/avg_reward","DDPG_TempoRL_FetchReachDense-v4_11 - eval/avg_reward__MIN","DDPG_TempoRL_FetchReachDense-v4_11 - eval/avg_reward__MAX","DDPG_TempoRL_FetchReachDense-v4_1 - eval/avg_reward","DDPG_TempoRL_FetchReachDense-v4_1 - eval/avg_reward__MIN","DDPG_TempoRL_FetchReachDense-v4_1 - eval/avg_reward__MAX","DDPG_TempoRL_FetchReachDense-v4_10 - eval/avg_reward","DDPG_TempoRL_FetchReachDense-v4_10 - eval/avg_reward__MIN","DDPG_TempoRL_FetchReachDense-v4_10 - eval/avg_reward__MAX","DDPG_TempoRL_FetchReachDense-v4_0 - eval/avg_reward","DDPG_TempoRL_FetchReachDense-v4_0 - eval/avg_reward__MIN","DDPG_TempoRL_FetchReachDense-v4_0 - eval/avg_reward__MAX"
"0","-10.028345115074364","-10.028345115074364","-10.028345115074364","-7.677308667277098","-7.677308667277098","-7.677308667277098","-10.178754125744934","-10.178754125744934","-10.178754125744934","-9.174356112826182","-9.174356112826182","-9.174356112826182","-11.5906229888915","-11.5906229888915","-11.5906229888915","-9.13817969656974","-9.13817969656974","-9.13817969656974","-10.069762755647526","-10.069762755647526","-10.069762755647526","-12.399568915367293","-12.399568915367293","-12.399568915367293","-8.173691017796525","-8.173691017796525","-8.173691017796525","-8.013978625455406","-8.013978625455406","-8.013978625455406","-6.944288664552408","-6.944288664552408","-6.944288664552408","-8.628937253303393","-8.628937253303393","-8.628937253303393","-10.07541822367935","-10.07541822367935","-10.07541822367935","-10.484009720971068","-10.484009720971068","-10.484009720971068","-7.233039154290573","-7.233039154290573","-7.233039154290573","-9.774099428452626","-9.774099428452626","-9.774099428452626","-13.556354518668636","-13.556354518668636","-13.556354518668636","-11.512315894911307","-11.512315894911307","-11.512315894911307","-14.89514957268906","-14.89514957268906","-14.89514957268906","-9.64210962792043","-9.64210962792043","-9.64210962792043"
"500","-10.028345115074364","-10.028345115074364","-10.028345115074364","-7.677308667277098","-7.677308667277098","-7.677308667277098","-10.178754125744934","-10.178754125744934","-10.178754125744934","-9.174356112826182","-9.174356112826182","-9.174356112826182","-11.5906229888915","-11.5906229888915","-11.5906229888915","-9.13817969656974","-9.13817969656974","-9.13817969656974","-10.069762755647526","-10.069762755647526","-10.069762755647526","-12.399568915367293","-12.399568915367293","-12.399568915367293","-8.173691017796525","-8.173691017796525","-8.173691017796525","-8.013978625455406","-8.013978625455406","-8.013978625455406","-6.944288664552408","-6.944288664552408","-6.944288664552408","-8.628937253303393","-8.628937253303393","-8.628937253303393","-10.07541822367935","-10.07541822367935","-10.07541822367935","-10.484009720971068","-10.484009720971068","-10.484009720971068","-7.233039154290573","-7.233039154290573","-7.233039154290573","-9.774099428452626","-9.774099428452626","-9.774099428452626","-13.556354518668636","-13.556354518668636","-13.556354518668636","-11.512315894911307","-11.512315894911307","-11.512315894911307","-14.89514957268906","-14.89514957268906","-14.89514957268906","-9.64210962792043","-9.64210962792043","-9.64210962792043"
"1000","-11.596424066592006","-11.596424066592006","-11.596424066592006","-7.677308667277098","-7.677308667277098","-7.677308667277098","-9.498252485886132","-9.498252485886132","-9.498252485886132","-9.174356112826182","-9.174356112826182","-9.174356112826182","-11.5906229888915","-11.5906229888915","-11.5906229888915","-9.13817969656974","-9.13817969656974","-9.13817969656974","-10.069762755647526","-10.069762755647526","-10.069762755647526","-12.399568915367293","-12.399568915367293","-12.399568915367293","-8.173691017796525","-8.173691017796525","-8.173691017796525","-8.286407727739702","-8.286407727739702","-8.286407727739702","-6.944288664552408","-6.944288664552408","-6.944288664552408","-8.628937253303393","-8.628937253303393","-8.628937253303393","-10.07541822367935","-10.07541822367935","-10.07541822367935","-10.484009720971068","-10.484009720971068","-10.484009720971068","-7.233039154290573","-7.233039154290573","-7.233039154290573","-9.774099428452626","-9.774099428452626","-9.774099428452626","-10.607116527962814","-10.607116527962814","-10.607116527962814","-10.275428101766048","-10.275428101766048","-10.275428101766048","-14.89514957268906","-14.89514957268906","-14.89514957268906","-9.64210962792043","-9.64210962792043","-9.64210962792043"
"1500","-15.273707346334641","-15.273707346334641","-15.273707346334641","-32.42969701529726","-32.42969701529726","-32.42969701529726","-25.263211909721118","-25.263211909721118","-25.263211909721118","-22.79242911612131","-22.79242911612131","-22.79242911612131","-13.50215261971842","-13.50215261971842","-13.50215261971842","-22.02029574014374","-22.02029574014374","-22.02029574014374","-18.94897759314383","-18.94897759314383","-18.94897759314383","-13.800860903486162","-13.800860903486162","-13.800860903486162","-12.909979876485707","-12.909979876485707","-12.909979876485707","-12.67974735045804","-12.67974735045804","-12.67974735045804","-12.8220385376458","-12.8220385376458","-12.8220385376458","-13.503567783073212","-13.503567783073212","-13.503567783073212","-11.065907899276512","-11.065907899276512","-11.065907899276512","-26.427829079733943","-26.427829079733943","-26.427829079733943","-16.325247744805484","-16.325247744805484","-16.325247744805484","-15.598072092087762","-15.598072092087762","-15.598072092087762","-35.1191892743944","-35.1191892743944","-35.1191892743944","-40.33797024053663","-40.33797024053663","-40.33797024053663","-6.954131616361384","-6.954131616361384","-6.954131616361384","-9.322026592343077","-9.322026592343077","-9.322026592343077"
"2000","-15.617052659717094","-15.617052659717094","-15.617052659717094","-16.140082824649294","-16.140082824649294","-16.140082824649294","-14.17467534777981","-14.17467534777981","-14.17467534777981","-28.53014131110948","-28.53014131110948","-28.53014131110948","-22.251728539238634","-22.251728539238634","-22.251728539238634","-13.208235955155848","-13.208235955155848","-13.208235955155848","-10.936895759476354","-10.936895759476354","-10.936895759476354","-15.023442853451169","-15.023442853451169","-15.023442853451169","-51.93228884175195","-51.93228884175195","-51.93228884175195","-8.604566676062664","-8.604566676062664","-8.604566676062664","-15.64414675930735","-15.64414675930735","-15.64414675930735","-21.62723306870581","-21.62723306870581","-21.62723306870581","-20.07499435289683","-20.07499435289683","-20.07499435289683","-15.140884394414996","-15.140884394414996","-15.140884394414996","-27.084043259622604","-27.084043259622604","-27.084043259622604","-10.515448757273155","-10.515448757273155","-10.515448757273155","-21.971526573548186","-21.971526573548186","-21.971526573548186","-12.995726567854817","-12.995726567854817","-12.995726567854817","-7.432199634755865","-7.432199634755865","-7.432199634755865","-9.702559001154263","-9.702559001154263","-9.702559001154263"
"2500","-13.87989358995616","-13.87989358995616","-13.87989358995616","-11.914598087274992","-11.914598087274992","-11.914598087274992","-10.335044053782825","-10.335044053782825","-10.335044053782825","-29.646637578678536","-29.646637578678536","-29.646637578678536","-13.612807220560262","-13.612807220560262","-13.612807220560262","-8.93542859318357","-8.93542859318357","-8.93542859318357","-7.576611685233857","-7.576611685233857","-7.576611685233857","-21.921177030146094","-21.921177030146094","-21.921177030146094","-9.112950209157702","-9.112950209157702","-9.112950209157702","-12.192609359988916","-12.192609359988916","-12.192609359988916","-4.692791220670675","-4.692791220670675","-4.692791220670675","-11.699907169644426","-11.699907169644426","-11.699907169644426","-6.3645115096825595","-6.3645115096825595","-6.3645115096825595","-8.699649660814591","-8.699649660814591","-8.699649660814591","-20.482112063017492","-20.482112063017492","-20.482112063017492","-13.107990349657854","-13.107990349657854","-13.107990349657854","-15.19719477016373","-15.19719477016373","-15.19719477016373","-20.643369958249615","-20.643369958249615","-20.643369958249615","-7.07994144765115","-7.07994144765115","-7.07994144765115","-10.367607882850265","-10.367607882850265","-10.367607882850265"
"3000","-9.302709037646192","-9.302709037646192","-9.302709037646192","-34.02686957152695","-34.02686957152695","-34.02686957152695","-14.374888427018131","-14.374888427018131","-14.374888427018131","-11.992152872316138","-11.992152872316138","-11.992152872316138","-14.67000797876021","-14.67000797876021","-14.67000797876021","-10.382290268301595","-10.382290268301595","-10.382290268301595","-7.705669391339448","-7.705669391339448","-7.705669391339448","-10.564438779770054","-10.564438779770054","-10.564438779770054","-13.662950152145925","-13.662950152145925","-13.662950152145925","-17.89931753121863","-17.89931753121863","-17.89931753121863","-11.231830770124466","-11.231830770124466","-11.231830770124466","-14.837473723841395","-14.837473723841395","-14.837473723841395","-7.8807367651781615","-7.8807367651781615","-7.8807367651781615","-8.043910236656709","-8.043910236656709","-8.043910236656709","-7.343294042979908","-7.343294042979908","-7.343294042979908","-9.143827625071943","-9.143827625071943","-9.143827625071943","-11.0614747821983","-11.0614747821983","-11.0614747821983","-6.832307664859057","-6.832307664859057","-6.832307664859057","-20.29185841302597","-20.29185841302597","-20.29185841302597","-14.70916357082181","-14.70916357082181","-14.70916357082181"
"3500","-9.63065285305651","-9.63065285305651","-9.63065285305651","-14.525051098306443","-14.525051098306443","-14.525051098306443","-7.226514160417741","-7.226514160417741","-7.226514160417741","-7.47585571208526","-7.47585571208526","-7.47585571208526","-10.930392837197875","-10.930392837197875","-10.930392837197875","-4.550511627842885","-4.550511627842885","-4.550511627842885","-6.475383008748393","-6.475383008748393","-6.475383008748393","-12.21146953956026","-12.21146953956026","-12.21146953956026","-6.2415204532296755","-6.2415204532296755","-6.2415204532296755","-11.74209947682268","-11.74209947682268","-11.74209947682268","-7.802734864638056","-7.802734864638056","-7.802734864638056","-6.676819341494952","-6.676819341494952","-6.676819341494952","-7.165909992319224","-7.165909992319224","-7.165909992319224","-14.045938583422469","-14.045938583422469","-14.045938583422469","-15.872164827749817","-15.872164827749817","-15.872164827749817","-14.43028443230644","-14.43028443230644","-14.43028443230644","-17.65009230709028","-17.65009230709028","-17.65009230709028","-6.983154062164604","-6.983154062164604","-6.983154062164604","-28.10107780677139","-28.10107780677139","-28.10107780677139","-7.763214345414861","-7.763214345414861","-7.763214345414861"
"4000","-9.654830759822628","-9.654830759822628","-9.654830759822628","-6.0669902591212175","-6.0669902591212175","-6.0669902591212175","-6.3944633149046455","-6.3944633149046455","-6.3944633149046455","-7.889384589287735","-7.889384589287735","-7.889384589287735","-13.658388269179301","-13.658388269179301","-13.658388269179301","-6.154811633972774","-6.154811633972774","-6.154811633972774","-9.340773673336932","-9.340773673336932","-9.340773673336932","-8.633966190234009","-8.633966190234009","-8.633966190234009","-10.593902242665607","-10.593902242665607","-10.593902242665607","-13.3009067050088","-13.3009067050088","-13.3009067050088","-7.602673145361554","-7.602673145361554","-7.602673145361554","-6.307302494784939","-6.307302494784939","-6.307302494784939","-15.277675647838175","-15.277675647838175","-15.277675647838175","-11.300352678156033","-11.300352678156033","-11.300352678156033","-7.448425171322148","-7.448425171322148","-7.448425171322148","-7.912599446142522","-7.912599446142522","-7.912599446142522","-9.236718751214","-9.236718751214","-9.236718751214","-8.555501934679526","-8.555501934679526","-8.555501934679526","-17.95924942473713","-17.95924942473713","-17.95924942473713","-6.854606362761567","-6.854606362761567","-6.854606362761567"
"4500","-7.131514529808986","-7.131514529808986","-7.131514529808986","-8.046193072169014","-8.046193072169014","-8.046193072169014","-8.287678801863624","-8.287678801863624","-8.287678801863624","-8.973999408335008","-8.973999408335008","-8.973999408335008","-5.745471252096503","-5.745471252096503","-5.745471252096503","-4.373125350007811","-4.373125350007811","-4.373125350007811","-9.51160386785416","-9.51160386785416","-9.51160386785416","-9.556134408486452","-9.556134408486452","-9.556134408486452","-9.15301788474448","-9.15301788474448","-9.15301788474448","-10.29958252975631","-10.29958252975631","-10.29958252975631","-7.14576272127685","-7.14576272127685","-7.14576272127685","-13.020710160372147","-13.020710160372147","-13.020710160372147","-6.775755759155166","-6.775755759155166","-6.775755759155166","-7.082537283568035","-7.082537283568035","-7.082537283568035","-8.5185602905534","-8.5185602905534","-8.5185602905534","-7.49612020230736","-7.49612020230736","-7.49612020230736","-5.031366692379299","-5.031366692379299","-5.031366692379299","-14.055470886943874","-14.055470886943874","-14.055470886943874","-7.879077954337481","-7.879077954337481","-7.879077954337481","-9.785933590981339","-9.785933590981339","-9.785933590981339"
"5000","-5.313453694371833","-5.313453694371833","-5.313453694371833","-4.754000195053012","-4.754000195053012","-4.754000195053012","-4.201735104386155","-4.201735104386155","-4.201735104386155","-12.733450523578153","-12.733450523578153","-12.733450523578153","-10.416504522861818","-10.416504522861818","-10.416504522861818","-4.980957824807378","-4.980957824807378","-4.980957824807378","-5.645788771374063","-5.645788771374063","-5.645788771374063","-5.783373250141623","-5.783373250141623","-5.783373250141623","-5.138220769462819","-5.138220769462819","-5.138220769462819","-8.224996693714013","-8.224996693714013","-8.224996693714013","-7.088861948853395","-7.088861948853395","-7.088861948853395","-6.124501492084468","-6.124501492084468","-6.124501492084468","-6.506473882271379","-6.506473882271379","-6.506473882271379","-10.024089301598764","-10.024089301598764","-10.024089301598764","-6.865507500749305","-6.865507500749305","-6.865507500749305","-12.636634476879758","-12.636634476879758","-12.636634476879758","-6.4574594729873995","-6.4574594729873995","-6.4574594729873995","-9.51477620836308","-9.51477620836308","-9.51477620836308","-7.935489588172882","-7.935489588172882","-7.935489588172882","-5.539728027324342","-5.539728027324342","-5.539728027324342"
"5500","-4.855327706683546","-4.855327706683546","-4.855327706683546","-5.111450114027705","-5.111450114027705","-5.111450114027705","-5.165836742903497","-5.165836742903497","-5.165836742903497","-5.174629338729768","-5.174629338729768","-5.174629338729768","-4.5133461745562204","-4.5133461745562204","-4.5133461745562204","-4.645920679148789","-4.645920679148789","-4.645920679148789","-6.78031556657762","-6.78031556657762","-6.78031556657762","-7.791687696677064","-7.791687696677064","-7.791687696677064","-5.02343125659562","-5.02343125659562","-5.02343125659562","-6.254049895054036","-6.254049895054036","-6.254049895054036","-6.052044304760995","-6.052044304760995","-6.052044304760995","-7.942307100383236","-7.942307100383236","-7.942307100383236","-4.626076747909183","-4.626076747909183","-4.626076747909183","-7.747058793147495","-7.747058793147495","-7.747058793147495","-10.593947037031006","-10.593947037031006","-10.593947037031006","-12.145332129482926","-12.145332129482926","-12.145332129482926","-4.998090890918449","-4.998090890918449","-4.998090890918449","-7.364481069960419","-7.364481069960419","-7.364481069960419","-6.607315861001155","-6.607315861001155","-6.607315861001155","-6.9753866473387465","-6.9753866473387465","-6.9753866473387465"
"6000","-6.303197551203248","-6.303197551203248","-6.303197551203248","-5.329986200963341","-5.329986200963341","-5.329986200963341","-3.7922141334733745","-3.7922141334733745","-3.7922141334733745","-5.219640360512367","-5.219640360512367","-5.219640360512367","-7.198612124478819","-7.198612124478819","-7.198612124478819","-3.0028917127602837","-3.0028917127602837","-3.0028917127602837","-3.989818519635956","-3.989818519635956","-3.989818519635956","-6.0946873988575145","-6.0946873988575145","-6.0946873988575145","-5.332833149679002","-5.332833149679002","-5.332833149679002","-6.690479911022905","-6.690479911022905","-6.690479911022905","-4.514502902280765","-4.514502902280765","-4.514502902280765","-4.422427324110872","-4.422427324110872","-4.422427324110872","-5.074009617414973","-5.074009617414973","-5.074009617414973","-6.9315509555033","-6.9315509555033","-6.9315509555033","-8.333041079343527","-8.333041079343527","-8.333041079343527","-9.397703498983725","-9.397703498983725","-9.397703498983725","-3.3268728634968014","-3.3268728634968014","-3.3268728634968014","-5.329728500602421","-5.329728500602421","-5.329728500602421","-6.774353649631452","-6.774353649631452","-6.774353649631452","-8.2349659405589","-8.2349659405589","-8.2349659405589"
"6500","-4.9926756524692335","-4.9926756524692335","-4.9926756524692335","-3.4765038912056463","-3.4765038912056463","-3.4765038912056463","-4.042364000364357","-4.042364000364357","-4.042364000364357","-5.322111844585251","-5.322111844585251","-5.322111844585251","-6.414970018704548","-6.414970018704548","-6.414970018704548","-2.928664709352694","-2.928664709352694","-2.928664709352694","-3.3091906384095333","-3.3091906384095333","-3.3091906384095333","-5.761757442775432","-5.761757442775432","-5.761757442775432","-4.538867857016688","-4.538867857016688","-4.538867857016688","-6.097391906803759","-6.097391906803759","-6.097391906803759","-3.362002701062129","-3.362002701062129","-3.362002701062129","-5.427538712741968","-5.427538712741968","-5.427538712741968","-5.090088463381146","-5.090088463381146","-5.090088463381146","-5.741789047215365","-5.741789047215365","-5.741789047215365","-7.070819846434634","-7.070819846434634","-7.070819846434634","-8.8041615200677","-8.8041615200677","-8.8041615200677","-4.440651189572076","-4.440651189572076","-4.440651189572076","-7.439233349747293","-7.439233349747293","-7.439233349747293","-3.347926757872037","-3.347926757872037","-3.347926757872037","-4.3916772546056855","-4.3916772546056855","-4.3916772546056855"
"7000","-4.647276462469099","-4.647276462469099","-4.647276462469099","-3.622168033184799","-3.622168033184799","-3.622168033184799","-2.7993262261566842","-2.7993262261566842","-2.7993262261566842","-3.7634704650291226","-3.7634704650291226","-3.7634704650291226","-6.211486824615166","-6.211486824615166","-6.211486824615166","-3.0230263277150136","-3.0230263277150136","-3.0230263277150136","-3.2499811765104005","-3.2499811765104005","-3.2499811765104005","-4.967264843012198","-4.967264843012198","-4.967264843012198","-5.93645025571991","-5.93645025571991","-5.93645025571991","-4.260095062069075","-4.260095062069075","-4.260095062069075","-4.092946616923188","-4.092946616923188","-4.092946616923188","-4.221378890372998","-4.221378890372998","-4.221378890372998","-3.0661416063677707","-3.0661416063677707","-3.0661416063677707","-5.354376605476844","-5.354376605476844","-5.354376605476844","-4.706814292510606","-4.706814292510606","-4.706814292510606","-5.850392581788713","-5.850392581788713","-5.850392581788713","-3.161359299254137","-3.161359299254137","-3.161359299254137","-5.712994738186592","-5.712994738186592","-5.712994738186592","-4.945158442080318","-4.945158442080318","-4.945158442080318","-4.461082145002683","-4.461082145002683","-4.461082145002683"
"7500","-6.588223351523331","-6.588223351523331","-6.588223351523331","-3.2146204360387087","-3.2146204360387087","-3.2146204360387087","-3.635561440952471","-3.635561440952471","-3.635561440952471","-3.6237571170818703","-3.6237571170818703","-3.6237571170818703","-5.565246234034296","-5.565246234034296","-5.565246234034296","-2.553923701694587","-2.553923701694587","-2.553923701694587","-3.002365897648062","-3.002365897648062","-3.002365897648062","-5.38053859388239","-5.38053859388239","-5.38053859388239","-5.122935225275128","-5.122935225275128","-5.122935225275128","-3.5032345458956917","-3.5032345458956917","-3.5032345458956917","-3.4511701048688175","-3.4511701048688175","-3.4511701048688175","-8.513887983301771","-8.513887983301771","-8.513887983301771","-2.873936281428771","-2.873936281428771","-2.873936281428771","-4.671965413926354","-4.671965413926354","-4.671965413926354","-3.985829211754846","-3.985829211754846","-3.985829211754846","-9.103889938518034","-9.103889938518034","-9.103889938518034","-2.4714242871635257","-2.4714242871635257","-2.4714242871635257","-6.473226853881525","-6.473226853881525","-6.473226853881525","-2.4848599168153784","-2.4848599168153784","-2.4848599168153784","-3.4384159073635976","-3.4384159073635976","-3.4384159073635976"
"8000","-3.744457057866412","-3.744457057866412","-3.744457057866412","-3.182455156094895","-3.182455156094895","-3.182455156094895","-4.208204428663991","-4.208204428663991","-4.208204428663991","-3.77792700706311","-3.77792700706311","-3.77792700706311","-6.64854310987288","-6.64854310987288","-6.64854310987288","-3.8134036596482117","-3.8134036596482117","-3.8134036596482117","-3.3743072499563525","-3.3743072499563525","-3.3743072499563525","-4.60463804545215","-4.60463804545215","-4.60463804545215","-4.206900763869141","-4.206900763869141","-4.206900763869141","-4.239714501828037","-4.239714501828037","-4.239714501828037","-2.406617728746629","-2.406617728746629","-2.406617728746629","-5.90669189818659","-5.90669189818659","-5.90669189818659","-3.6922198117631524","-3.6922198117631524","-3.6922198117631524","-4.293743185108227","-4.293743185108227","-4.293743185108227","-3.806954684006663","-3.806954684006663","-3.806954684006663","-6.237741254516104","-6.237741254516104","-6.237741254516104","-3.4451726019397086","-3.4451726019397086","-3.4451726019397086","-5.446237591456331","-5.446237591456331","-5.446237591456331","-6.6219346560071015","-6.6219346560071015","-6.6219346560071015","-3.5489173467887687","-3.5489173467887687","-3.5489173467887687"
"8500","-3.5935262654499467","-3.5935262654499467","-3.5935262654499467","-2.644297601278646","-2.644297601278646","-2.644297601278646","-2.4098978332209624","-2.4098978332209624","-2.4098978332209624","-3.087694619646562","-3.087694619646562","-3.087694619646562","-5.010474265436628","-5.010474265436628","-5.010474265436628","-3.845232047476101","-3.845232047476101","-3.845232047476101","-2.91808316300447","-2.91808316300447","-2.91808316300447","-3.6063160006916855","-3.6063160006916855","-3.6063160006916855","-5.501997833918477","-5.501997833918477","-5.501997833918477","-5.170249863508404","-5.170249863508404","-5.170249863508404","-4.14203837130225","-4.14203837130225","-4.14203837130225","-5.054555750898372","-5.054555750898372","-5.054555750898372","-2.0716818390569305","-2.0716818390569305","-2.0716818390569305","-3.8630760801782826","-3.8630760801782826","-3.8630760801782826","-5.845350294522631","-5.845350294522631","-5.845350294522631","-4.52038326304767","-4.52038326304767","-4.52038326304767","-2.680621150852891","-2.680621150852891","-2.680621150852891","-3.6820470407385657","-3.6820470407385657","-3.6820470407385657","-2.022072573430251","-2.022072573430251","-2.022072573430251","-2.756922841232372","-2.756922841232372","-2.756922841232372"
"9000","-3.5411949598328527","-3.5411949598328527","-3.5411949598328527","-5.120963845335412","-5.120963845335412","-5.120963845335412","-2.6550736976679774","-2.6550736976679774","-2.6550736976679774","-3.6154904298744426","-3.6154904298744426","-3.6154904298744426","-2.9501838901504938","-2.9501838901504938","-2.9501838901504938","-2.51625105268631","-2.51625105268631","-2.51625105268631","-4.060401367208938","-4.060401367208938","-4.060401367208938","-3.2888994525133","-3.2888994525133","-3.2888994525133","-4.3891541137880035","-4.3891541137880035","-4.3891541137880035","-2.7175475575785417","-2.7175475575785417","-2.7175475575785417","-2.0441476136853627","-2.0441476136853627","-2.0441476136853627","-3.0815065265945405","-3.0815065265945405","-3.0815065265945405","-2.7279650612796114","-2.7279650612796114","-2.7279650612796114","-2.891394973350198","-2.891394973350198","-2.891394973350198","-5.105193204796185","-5.105193204796185","-5.105193204796185","-3.8324245083840642","-3.8324245083840642","-3.8324245083840642","-3.7070225643888923","-3.7070225643888923","-3.7070225643888923","-3.3258596869357406","-3.3258596869357406","-3.3258596869357406","-2.8409730059918785","-2.8409730059918785","-2.8409730059918785","-2.676865858038791","-2.676865858038791","-2.676865858038791"
"9500","-3.289292397367588","-3.289292397367588","-3.289292397367588","-4.9882031817782035","-4.9882031817782035","-4.9882031817782035","-2.2706566901820757","-2.2706566901820757","-2.2706566901820757","-3.3671640309160886","-3.3671640309160886","-3.3671640309160886","-2.8748562190621256","-2.8748562190621256","-2.8748562190621256","-3.8923999747658273","-3.8923999747658273","-3.8923999747658273","-4.554471360569581","-4.554471360569581","-4.554471360569581","-2.76529747938678","-2.76529747938678","-2.76529747938678","-3.763266426732046","-3.763266426732046","-3.763266426732046","-3.3049127661622215","-3.3049127661622215","-3.3049127661622215","-3.8777951683316205","-3.8777951683316205","-3.8777951683316205","-3.482230428788411","-3.482230428788411","-3.482230428788411","-3.842518460059618","-3.842518460059618","-3.842518460059618","-3.7157346180910005","-3.7157346180910005","-3.7157346180910005","-4.380249837605872","-4.380249837605872","-4.380249837605872","-4.969287963777352","-4.969287963777352","-4.969287963777352","-2.592074363453894","-2.592074363453894","-2.592074363453894","-2.7764030131922155","-2.7764030131922155","-2.7764030131922155","-2.460916075652595","-2.460916075652595","-2.460916075652595","-2.8087913005201868","-2.8087913005201868","-2.8087913005201868"
"10000","-3.561200844554412","-3.561200844554412","-3.561200844554412","-2.716295516164165","-2.716295516164165","-2.716295516164165","-2.347717970743026","-2.347717970743026","-2.347717970743026","-3.3744701113883444","-3.3744701113883444","-3.3744701113883444","-4.459164265864563","-4.459164265864563","-4.459164265864563","-3.225012140678146","-3.225012140678146","-3.225012140678146","-2.6554720685222835","-2.6554720685222835","-2.6554720685222835","-2.3787145217969323","-2.3787145217969323","-2.3787145217969323","-3.5757535179560116","-3.5757535179560116","-3.5757535179560116","-3.2650902743664916","-3.2650902743664916","-3.2650902743664916","-2.433099130538806","-2.433099130538806","-2.433099130538806","-5.284934214147357","-5.284934214147357","-5.284934214147357","-2.2363862036129794","-2.2363862036129794","-2.2363862036129794","-3.674089523138284","-3.674089523138284","-3.674089523138284","-2.8075584699471845","-2.8075584699471845","-2.8075584699471845","-4.898645878832474","-4.898645878832474","-4.898645878832474","-3.5880322288538644","-3.5880322288538644","-3.5880322288538644","-3.189158873835683","-3.189158873835683","-3.189158873835683","-2.1636575904881585","-2.1636575904881585","-2.1636575904881585","-2.5613849351771587","-2.5613849351771587","-2.5613849351771587"
"10500","-3.596505895244909","-3.596505895244909","-3.596505895244909","-2.8633898281700683","-2.8633898281700683","-2.8633898281700683","-3.509740859364224","-3.509740859364224","-3.509740859364224","-5.481462868909761","-5.481462868909761","-5.481462868909761","-5.081456958555998","-5.081456958555998","-5.081456958555998","-2.2639353858011315","-2.2639353858011315","-2.2639353858011315","-3.7081014164179904","-3.7081014164179904","-3.7081014164179904","-3.944491228721607","-3.944491228721607","-3.944491228721607","-3.315129957069318","-3.315129957069318","-3.315129957069318","-3.924076541489027","-3.924076541489027","-3.924076541489027","-2.3886343645469283","-2.3886343645469283","-2.3886343645469283","-3.901786478786073","-3.901786478786073","-3.901786478786073","-2.6519413356665664","-2.6519413356665664","-2.6519413356665664","-2.5840087047402007","-2.5840087047402007","-2.5840087047402007","-4.375236925361163","-4.375236925361163","-4.375236925361163","-4.250390989380897","-4.250390989380897","-4.250390989380897","-2.8358948214492385","-2.8358948214492385","-2.8358948214492385","-2.51153694073528","-2.51153694073528","-2.51153694073528","-1.9125744099488433","-1.9125744099488433","-1.9125744099488433","-4.128655338769576","-4.128655338769576","-4.128655338769576"
"11000","-3.494066694597963","-3.494066694597963","-3.494066694597963","-4.7040571977531505","-4.7040571977531505","-4.7040571977531505","-2.756318275788644","-2.756318275788644","-2.756318275788644","-4.8782930676057585","-4.8782930676057585","-4.8782930676057585","-3.167749906618797","-3.167749906618797","-3.167749906618797","-3.0373522385701586","-3.0373522385701586","-3.0373522385701586","-4.942649662919923","-4.942649662919923","-4.942649662919923","-2.6153866724376393","-2.6153866724376393","-2.6153866724376393","-2.6315900691242153","-2.6315900691242153","-2.6315900691242153","-4.146894063607063","-4.146894063607063","-4.146894063607063","-4.46783866807869","-4.46783866807869","-4.46783866807869","-3.960976137777712","-3.960976137777712","-3.960976137777712","-2.7490662169605877","-2.7490662169605877","-2.7490662169605877","-3.1008072150519626","-3.1008072150519626","-3.1008072150519626","-4.760458661229709","-4.760458661229709","-4.760458661229709","-2.466967962654966","-2.466967962654966","-2.466967962654966","-3.757326360576419","-3.757326360576419","-3.757326360576419","-2.926601163915093","-2.926601163915093","-2.926601163915093","-2.526823044706954","-2.526823044706954","-2.526823044706954","-3.945483959529054","-3.945483959529054","-3.945483959529054"
"11500","-2.6352250683494107","-2.6352250683494107","-2.6352250683494107","-4.220767552656927","-4.220767552656927","-4.220767552656927","-3.264851739303321","-3.264851739303321","-3.264851739303321","-2.5835417652564856","-2.5835417652564856","-2.5835417652564856","-4.253959430541355","-4.253959430541355","-4.253959430541355","-2.1903656933067444","-2.1903656933067444","-2.1903656933067444","-2.433927110427441","-2.433927110427441","-2.433927110427441","-2.6680653133938956","-2.6680653133938956","-2.6680653133938956","-4.272406399127784","-4.272406399127784","-4.272406399127784","-3.7729016265025925","-3.7729016265025925","-3.7729016265025925","-2.7005583292513977","-2.7005583292513977","-2.7005583292513977","-3.003019287234921","-3.003019287234921","-3.003019287234921","-2.0372524938341674","-2.0372524938341674","-2.0372524938341674","-4.180642876068826","-4.180642876068826","-4.180642876068826","-5.510223662450493","-5.510223662450493","-5.510223662450493","-3.2986173763853417","-3.2986173763853417","-3.2986173763853417","-3.5203885532361383","-3.5203885532361383","-3.5203885532361383","-3.485514275925522","-3.485514275925522","-3.485514275925522","-3.715852967924205","-3.715852967924205","-3.715852967924205","-2.1222953575067547","-2.1222953575067547","-2.1222953575067547"
"12000","-3.471359736757017","-3.471359736757017","-3.471359736757017","-3.6291185112900997","-3.6291185112900997","-3.6291185112900997","-3.1698049858022603","-3.1698049858022603","-3.1698049858022603","-4.627921207870233","-4.627921207870233","-4.627921207870233","-3.131375522683894","-3.131375522683894","-3.131375522683894","-3.048562656869609","-3.048562656869609","-3.048562656869609","-4.008320065643901","-4.008320065643901","-4.008320065643901","-2.090802220882799","-2.090802220882799","-2.090802220882799","-4.969429148998364","-4.969429148998364","-4.969429148998364","-3.0945328403451238","-3.0945328403451238","-3.0945328403451238","-2.697414933944091","-2.697414933944091","-2.697414933944091","-3.112520844814347","-3.112520844814347","-3.112520844814347","-2.870395871113922","-2.870395871113922","-2.870395871113922","-3.6664890862625596","-3.6664890862625596","-3.6664890862625596","-3.2617936188061214","-3.2617936188061214","-3.2617936188061214","-3.096136214025343","-3.096136214025343","-3.096136214025343","-4.548132397927519","-4.548132397927519","-4.548132397927519","-3.0495279441535192","-3.0495279441535192","-3.0495279441535192","-1.7739134657200175","-1.7739134657200175","-1.7739134657200175","-2.401193686689646","-2.401193686689646","-2.401193686689646"
"12500","-2.613528474950575","-2.613528474950575","-2.613528474950575","-3.1601070589167026","-3.1601070589167026","-3.1601070589167026","-2.354335489425941","-2.354335489425941","-2.354335489425941","-3.152829620634859","-3.152829620634859","-3.152829620634859","-3.4431341926459","-3.4431341926459","-3.4431341926459","-3.340455574905684","-3.340455574905684","-3.340455574905684","-5.368066366621742","-5.368066366621742","-5.368066366621742","-2.765738510129536","-2.765738510129536","-2.765738510129536","-3.838107251573992","-3.838107251573992","-3.838107251573992","-1.9202402638466587","-1.9202402638466587","-1.9202402638466587","-2.6241846382263643","-2.6241846382263643","-2.6241846382263643","-2.1476828675205226","-2.1476828675205226","-2.1476828675205226","-2.049365312402584","-2.049365312402584","-2.049365312402584","-3.3728780273464407","-3.3728780273464407","-3.3728780273464407","-2.516577807121805","-2.516577807121805","-2.516577807121805","-2.4042621288837713","-2.4042621288837713","-2.4042621288837713","-2.0694214033523015","-2.0694214033523015","-2.0694214033523015","-2.522697443501074","-2.522697443501074","-2.522697443501074","-3.7597805990985456","-3.7597805990985456","-3.7597805990985456","-2.3436671827310933","-2.3436671827310933","-2.3436671827310933"
"13000","-1.8423781123509606","-1.8423781123509606","-1.8423781123509606","-2.507229398224177","-2.507229398224177","-2.507229398224177","-3.2093090141946283","-3.2093090141946283","-3.2093090141946283","-3.278663350938415","-3.278663350938415","-3.278663350938415","-1.9502998189685674","-1.9502998189685674","-1.9502998189685674","-1.9343375927282793","-1.9343375927282793","-1.9343375927282793","-4.455000145179326","-4.455000145179326","-4.455000145179326","-2.4299589406759132","-2.4299589406759132","-2.4299589406759132","-2.5453859185328014","-2.5453859185328014","-2.5453859185328014","-2.844950385007898","-2.844950385007898","-2.844950385007898","-2.9063882357895476","-2.9063882357895476","-2.9063882357895476","-3.9249863700191385","-3.9249863700191385","-3.9249863700191385","-1.459563405882811","-1.459563405882811","-1.459563405882811","-3.175146895785606","-3.175146895785606","-3.175146895785606","-2.707625968853124","-2.707625968853124","-2.707625968853124","-2.44251421888919","-2.44251421888919","-2.44251421888919","-1.9802221386515684","-1.9802221386515684","-1.9802221386515684","-3.745167591202827","-3.745167591202827","-3.745167591202827","-2.5089747521261163","-2.5089747521261163","-2.5089747521261163","-2.44558616668244","-2.44558616668244","-2.44558616668244"
"13500","-3.2822332584401814","-3.2822332584401814","-3.2822332584401814","-3.653854022277261","-3.653854022277261","-3.653854022277261","-4.086933417938049","-4.086933417938049","-4.086933417938049","-3.0951440859060058","-3.0951440859060058","-3.0951440859060058","-5.8066216587574475","-5.8066216587574475","-5.8066216587574475","-2.1946972424211015","-2.1946972424211015","-2.1946972424211015","-3.5386648626021513","-3.5386648626021513","-3.5386648626021513","-1.9301862783365855","-1.9301862783365855","-1.9301862783365855","-3.158449581024768","-3.158449581024768","-3.158449581024768","-2.853089072459766","-2.853089072459766","-2.853089072459766","-4.509170869631333","-4.509170869631333","-4.509170869631333","-3.8349277928331538","-3.8349277928331538","-3.8349277928331538","-2.239225357531657","-2.239225357531657","-2.239225357531657","-3.843176426579242","-3.843176426579242","-3.843176426579242","-2.9882561443114573","-2.9882561443114573","-2.9882561443114573","-2.130299549124945","-2.130299549124945","-2.130299549124945","-2.773230467120925","-2.773230467120925","-2.773230467120925","-1.8190090755963528","-1.8190090755963528","-1.8190090755963528","-1.7709251828123047","-1.7709251828123047","-1.7709251828123047","-5.882853184597468","-5.882853184597468","-5.882853184597468"
"14000","-4.446422972277112","-4.446422972277112","-4.446422972277112","-2.2132290170928384","-2.2132290170928384","-2.2132290170928384","-3.44030271341794","-3.44030271341794","-3.44030271341794","-4.41234403272634","-4.41234403272634","-4.41234403272634","-3.751225299390756","-3.751225299390756","-3.751225299390756","-2.694355943888326","-2.694355943888326","-2.694355943888326","-3.469888252463638","-3.469888252463638","-3.469888252463638","-2.022345536886287","-2.022345536886287","-2.022345536886287","-2.2773803506468373","-2.2773803506468373","-2.2773803506468373","-2.40120890928917","-2.40120890928917","-2.40120890928917","-3.2862900336874006","-3.2862900336874006","-3.2862900336874006","-3.91640940191314","-3.91640940191314","-3.91640940191314","-2.056941677513469","-2.056941677513469","-2.056941677513469","-3.9114202925809436","-3.9114202925809436","-3.9114202925809436","-3.323989561762054","-3.323989561762054","-3.323989561762054","-3.6373723790832435","-3.6373723790832435","-3.6373723790832435","-1.7702406629540648","-1.7702406629540648","-1.7702406629540648","-3.289894124017244","-3.289894124017244","-3.289894124017244","-2.153020795816662","-2.153020795816662","-2.153020795816662","-2.6808131833448465","-2.6808131833448465","-2.6808131833448465"
"14500","-2.464458283814858","-2.464458283814858","-2.464458283814858","-1.7981899752597","-1.7981899752597","-1.7981899752597","-4.126811563889294","-4.126811563889294","-4.126811563889294","-2.9814906755653303","-2.9814906755653303","-2.9814906755653303","-2.553216393847592","-2.553216393847592","-2.553216393847592","-2.6637411907898163","-2.6637411907898163","-2.6637411907898163","-1.842755244385178","-1.842755244385178","-1.842755244385178","-2.775020291215977","-2.775020291215977","-2.775020291215977","-2.1605016211954893","-2.1605016211954893","-2.1605016211954893","-2.731878582624698","-2.731878582624698","-2.731878582624698","-2.9849054723385455","-2.9849054723385455","-2.9849054723385455","-2.3617425652792603","-2.3617425652792603","-2.3617425652792603","-2.117576882214582","-2.117576882214582","-2.117576882214582","-2.5669087911586677","-2.5669087911586677","-2.5669087911586677","-2.488134013285948","-2.488134013285948","-2.488134013285948","-4.545842273168315","-4.545842273168315","-4.545842273168315","-2.7530387409892376","-2.7530387409892376","-2.7530387409892376","-2.1373215093395936","-2.1373215093395936","-2.1373215093395936","-3.613060724065444","-3.613060724065444","-3.613060724065444","-1.9009045081292268","-1.9009045081292268","-1.9009045081292268"
"15000","-3.386920363885925","-3.386920363885925","-3.386920363885925","-2.873056088281955","-2.873056088281955","-2.873056088281955","-2.2238752623840763","-2.2238752623840763","-2.2238752623840763","-1.827408475354277","-1.827408475354277","-1.827408475354277","-2.1742458472041784","-2.1742458472041784","-2.1742458472041784","-1.8349757715385908","-1.8349757715385908","-1.8349757715385908","-2.6856234732076083","-2.6856234732076083","-2.6856234732076083","-4.42902529126019","-4.42902529126019","-4.42902529126019","-3.2568900381885775","-3.2568900381885775","-3.2568900381885775","-2.58133897226042","-2.58133897226042","-2.58133897226042","-3.3545095360770874","-3.3545095360770874","-3.3545095360770874","-3.2827870093958316","-3.2827870093958316","-3.2827870093958316","-2.762949560812811","-2.762949560812811","-2.762949560812811","-2.66871718058565","-2.66871718058565","-2.66871718058565","-2.839558755030662","-2.839558755030662","-2.839558755030662","-4.63605108568461","-4.63605108568461","-4.63605108568461","-3.7717034585428584","-3.7717034585428584","-3.7717034585428584","-1.8617742249968827","-1.8617742249968827","-1.8617742249968827","-1.2352781256720766","-1.2352781256720766","-1.2352781256720766","-2.277094380185971","-2.277094380185971","-2.277094380185971"
"15500","-3.2845147462907107","-3.2845147462907107","-3.2845147462907107","-2.5635614302464793","-2.5635614302464793","-2.5635614302464793","-1.7134920175050048","-1.7134920175050048","-1.7134920175050048","-2.636566745758672","-2.636566745758672","-2.636566745758672","-1.6238191189534514","-1.6238191189534514","-1.6238191189534514","-2.4861769522498407","-2.4861769522498407","-2.4861769522498407","-2.5453617930638095","-2.5453617930638095","-2.5453617930638095","-2.3363992224170276","-2.3363992224170276","-2.3363992224170276","-1.5149904436429258","-1.5149904436429258","-1.5149904436429258","-2.5715985220885598","-2.5715985220885598","-2.5715985220885598","-4.033492283864883","-4.033492283864883","-4.033492283864883","-2.121030998887112","-2.121030998887112","-2.121030998887112","-2.1863177789764983","-2.1863177789764983","-2.1863177789764983","-2.6586307701932865","-2.6586307701932865","-2.6586307701932865","-2.5544885082163145","-2.5544885082163145","-2.5544885082163145","-2.769475067383323","-2.769475067383323","-2.769475067383323","-2.5569558739740814","-2.5569558739740814","-2.5569558739740814","-2.541022772296143","-2.541022772296143","-2.541022772296143","-2.444157181866538","-2.444157181866538","-2.444157181866538","-2.31161957024934","-2.31161957024934","-2.31161957024934"
"16000","-2.4654154380713402","-2.4654154380713402","-2.4654154380713402","-2.171620305776875","-2.171620305776875","-2.171620305776875","-2.6225597590362506","-2.6225597590362506","-2.6225597590362506","-2.3512124957103335","-2.3512124957103335","-2.3512124957103335","-2.297058055188049","-2.297058055188049","-2.297058055188049","-2.3698863532361663","-2.3698863532361663","-2.3698863532361663","-2.813908262485021","-2.813908262485021","-2.813908262485021","-4.707247054735417","-4.707247054735417","-4.707247054735417","-1.4639082001287467","-1.4639082001287467","-1.4639082001287467","-3.4541916707746116","-3.4541916707746116","-3.4541916707746116","-2.091008122543072","-2.091008122543072","-2.091008122543072","-6.386452059729275","-6.386452059729275","-6.386452059729275","-1.758269086975486","-1.758269086975486","-1.758269086975486","-3.27804492154755","-3.27804492154755","-3.27804492154755","-3.022026808957439","-3.022026808957439","-3.022026808957439","-2.794361729938113","-2.794361729938113","-2.794361729938113","-2.5466461365088824","-2.5466461365088824","-2.5466461365088824","-2.4679769116101973","-2.4679769116101973","-2.4679769116101973","-1.8491039200860915","-1.8491039200860915","-1.8491039200860915","-2.1113301356420067","-2.1113301356420067","-2.1113301356420067"
"16500","-2.4540493691125045","-2.4540493691125045","-2.4540493691125045","-2.16386132449403","-2.16386132449403","-2.16386132449403","-2.101772301752267","-2.101772301752267","-2.101772301752267","-2.3403070810232665","-2.3403070810232665","-2.3403070810232665","-2.2709729750688505","-2.2709729750688505","-2.2709729750688505","-2.5184816998356774","-2.5184816998356774","-2.5184816998356774","-2.4658928013663703","-2.4658928013663703","-2.4658928013663703","-2.7292271841979945","-2.7292271841979945","-2.7292271841979945","-1.9872219897191035","-1.9872219897191035","-1.9872219897191035","-1.9683914625080696","-1.9683914625080696","-1.9683914625080696","-2.4017357417547744","-2.4017357417547744","-2.4017357417547744","-2.303786990486804","-2.303786990486804","-2.303786990486804","-2.49823113053461","-2.49823113053461","-2.49823113053461","-1.7805462132219998","-1.7805462132219998","-1.7805462132219998","-3.6109107297075","-3.6109107297075","-3.6109107297075","-2.361911188152772","-2.361911188152772","-2.361911188152772","-2.3418301179911913","-2.3418301179911913","-2.3418301179911913","-1.8483698649950384","-1.8483698649950384","-1.8483698649950384","-2.9536440785518865","-2.9536440785518865","-2.9536440785518865","-2.579256235770904","-2.579256235770904","-2.579256235770904"
"17000","-3.279038470947298","-3.279038470947298","-3.279038470947298","-3.4018077835406997","-3.4018077835406997","-3.4018077835406997","-2.6524777674231403","-2.6524777674231403","-2.6524777674231403","-2.1896484588130662","-2.1896484588130662","-2.1896484588130662","-2.759239070881084","-2.759239070881084","-2.759239070881084","-2.939269445911978","-2.939269445911978","-2.939269445911978","-2.1628504894817775","-2.1628504894817775","-2.1628504894817775","-2.5501523515229243","-2.5501523515229243","-2.5501523515229243","-2.6549611969523004","-2.6549611969523004","-2.6549611969523004","-2.34255002651903","-2.34255002651903","-2.34255002651903","-2.5963993739183318","-2.5963993739183318","-2.5963993739183318","-1.903954119533422","-1.903954119533422","-1.903954119533422","-2.18616236180746","-2.18616236180746","-2.18616236180746","-1.9699394130607992","-1.9699394130607992","-1.9699394130607992","-2.6394610573739796","-2.6394610573739796","-2.6394610573739796","-3.335338197400259","-3.335338197400259","-3.335338197400259","-3.467816496195637","-3.467816496195637","-3.467816496195637","-2.2354273757498193","-2.2354273757498193","-2.2354273757498193","-3.1320508445149096","-3.1320508445149096","-3.1320508445149096","-2.5294105870745938","-2.5294105870745938","-2.5294105870745938"
"17500","-2.5876106871065745","-2.5876106871065745","-2.5876106871065745","-2.2468045495296507","-2.2468045495296507","-2.2468045495296507","-1.7315664090143046","-1.7315664090143046","-1.7315664090143046","-3.262131461567722","-3.262131461567722","-3.262131461567722","-2.8342560675599056","-2.8342560675599056","-2.8342560675599056","-1.9956791710624855","-1.9956791710624855","-1.9956791710624855","-1.9871935039149053","-1.9871935039149053","-1.9871935039149053","-2.4652562854952174","-2.4652562854952174","-2.4652562854952174","-1.791653545522759","-1.791653545522759","-1.791653545522759","-2.9704507350948246","-2.9704507350948246","-2.9704507350948246","-2.395768173244071","-2.395768173244071","-2.395768173244071","-3.7543114644078903","-3.7543114644078903","-3.7543114644078903","-1.4558855695516981","-1.4558855695516981","-1.4558855695516981","-2.2994330630089466","-2.2994330630089466","-2.2994330630089466","-2.7487873801810467","-2.7487873801810467","-2.7487873801810467","-2.9959427432796444","-2.9959427432796444","-2.9959427432796444","-1.8173455488297499","-1.8173455488297499","-1.8173455488297499","-2.1607254976648673","-2.1607254976648673","-2.1607254976648673","-2.0609158489735284","-2.0609158489735284","-2.0609158489735284","-3.3526372398585957","-3.3526372398585957","-3.3526372398585957"
"18000","-1.667125570927282","-1.667125570927282","-1.667125570927282","-3.0055708387140903","-3.0055708387140903","-3.0055708387140903","-2.3993470478580834","-2.3993470478580834","-2.3993470478580834","-2.2022494001435495","-2.2022494001435495","-2.2022494001435495","-1.211214934486568","-1.211214934486568","-1.211214934486568","-1.5025260129930689","-1.5025260129930689","-1.5025260129930689","-4.684945605819149","-4.684945605819149","-4.684945605819149","-2.5575438403362396","-2.5575438403362396","-2.5575438403362396","-3.8502642160006437","-3.8502642160006437","-3.8502642160006437","-4.057553686789898","-4.057553686789898","-4.057553686789898","-2.2358566743272243","-2.2358566743272243","-2.2358566743272243","-2.739405793901809","-2.739405793901809","-2.739405793901809","-1.4009880632813","-1.4009880632813","-1.4009880632813","-1.5233270590881118","-1.5233270590881118","-1.5233270590881118","-2.1089698125483944","-2.1089698125483944","-2.1089698125483944","-2.4832393092743237","-2.4832393092743237","-2.4832393092743237","-2.4027014418315416","-2.4027014418315416","-2.4027014418315416","-1.6754086676670823","-1.6754086676670823","-1.6754086676670823","-3.5230204682306776","-3.5230204682306776","-3.5230204682306776","-3.600212407387694","-3.600212407387694","-3.600212407387694"
"18500","-3.5478603681484246","-3.5478603681484246","-3.5478603681484246","-2.0294158763210723","-2.0294158763210723","-2.0294158763210723","-2.1275462574874973","-2.1275462574874973","-2.1275462574874973","-4.097366966692362","-4.097366966692362","-4.097366966692362","-2.6234170677037074","-2.6234170677037074","-2.6234170677037074","-2.3227521098678348","-2.3227521098678348","-2.3227521098678348","-1.8510165761037236","-1.8510165761037236","-1.8510165761037236","-1.6232115419845","-1.6232115419845","-1.6232115419845","-2.539045880358127","-2.539045880358127","-2.539045880358127","-1.7250114890505384","-1.7250114890505384","-1.7250114890505384","-1.8394756641528296","-1.8394756641528296","-1.8394756641528296","-3.711390927861051","-3.711390927861051","-3.711390927861051","-1.42622493825711","-1.42622493825711","-1.42622493825711","-3.3250169846681445","-3.3250169846681445","-3.3250169846681445","-2.40012123662519","-2.40012123662519","-2.40012123662519","-1.8204033211447235","-1.8204033211447235","-1.8204033211447235","-3.5982049216233607","-3.5982049216233607","-3.5982049216233607","-1.358080835989025","-1.358080835989025","-1.358080835989025","-1.5858626007606014","-1.5858626007606014","-1.5858626007606014","-2.651405754650443","-2.651405754650443","-2.651405754650443"
"19000","-2.4542684063452698","-2.4542684063452698","-2.4542684063452698","-1.8807960117703195","-1.8807960117703195","-1.8807960117703195","-2.534755901098445","-2.534755901098445","-2.534755901098445","-2.2857689103759036","-2.2857689103759036","-2.2857689103759036","-1.8168889197977045","-1.8168889197977045","-1.8168889197977045","-1.2581444432521711","-1.2581444432521711","-1.2581444432521711","-2.965348362682874","-2.965348362682874","-2.965348362682874","-2.3607608963908904","-2.3607608963908904","-2.3607608963908904","-2.114969852915511","-2.114969852915511","-2.114969852915511","-4.201871981791208","-4.201871981791208","-4.201871981791208","-1.9861236789833883","-1.9861236789833883","-1.9861236789833883","-3.374779510221768","-3.374779510221768","-3.374779510221768","-4.663413486267728","-4.663413486267728","-4.663413486267728","-2.2033020394142544","-2.2033020394142544","-2.2033020394142544","-1.5922099904483098","-1.5922099904483098","-1.5922099904483098","-2.56769414258314","-2.56769414258314","-2.56769414258314","-3.1028294529580425","-3.1028294529580425","-3.1028294529580425","-1.9429884122907626","-1.9429884122907626","-1.9429884122907626","-2.9273868498911506","-2.9273868498911506","-2.9273868498911506","-2.9013927151021752","-2.9013927151021752","-2.9013927151021752"
"19500","-1.8932051751964187","-1.8932051751964187","-1.8932051751964187","-2.644265005148859","-2.644265005148859","-2.644265005148859","-2.170098550988882","-2.170098550988882","-2.170098550988882","-2.1933163796193456","-2.1933163796193456","-2.1933163796193456","-2.4207039851859107","-2.4207039851859107","-2.4207039851859107","-1.2233697420543255","-1.2233697420543255","-1.2233697420543255","-3.3321610294558672","-3.3321610294558672","-3.3321610294558672","-1.7002905488960451","-1.7002905488960451","-1.7002905488960451","-4.445141248386543","-4.445141248386543","-4.445141248386543","-2.0205571127985396","-2.0205571127985396","-2.0205571127985396","-1.7288882312274967","-1.7288882312274967","-1.7288882312274967","-2.1967524459080847","-2.1967524459080847","-2.1967524459080847","-2.253509142979531","-2.253509142979531","-2.253509142979531","-1.6188333229693685","-1.6188333229693685","-1.6188333229693685","-1.508875000231942","-1.508875000231942","-1.508875000231942","-3.40067143233327","-3.40067143233327","-3.40067143233327","-1.995264367117985","-1.995264367117985","-1.995264367117985","-1.7975454001673021","-1.7975454001673021","-1.7975454001673021","-1.5695039804924966","-1.5695039804924966","-1.5695039804924966","-2.8082281803779345","-2.8082281803779345","-2.8082281803779345"
"20000","-2.420950159206038","-2.420950159206038","-2.420950159206038","-1.7535144502887718","-1.7535144502887718","-1.7535144502887718","-1.3311071120649602","-1.3311071120649602","-1.3311071120649602","-1.170649972456379","-1.170649972456379","-1.170649972456379","-1.607426887459662","-1.607426887459662","-1.607426887459662","-1.2904690915604071","-1.2904690915604071","-1.2904690915604071","-1.8322002365727523","-1.8322002365727523","-1.8322002365727523","-2.653157262212297","-2.653157262212297","-2.653157262212297","-1.6223447612438453","-1.6223447612438453","-1.6223447612438453","-2.1458687966030108","-2.1458687966030108","-2.1458687966030108","-1.9610440214178226","-1.9610440214178226","-1.9610440214178226","-1.1675659357712056","-1.1675659357712056","-1.1675659357712056","-1.2488199889052105","-1.2488199889052105","-1.2488199889052105","-2.029639171456539","-2.029639171456539","-2.029639171456539","-2.2757340942977002","-2.2757340942977002","-2.2757340942977002","-2.9035049510009214","-2.9035049510009214","-2.9035049510009214","-2.0319455313447214","-2.0319455313447214","-2.0319455313447214","-1.7791937335980854","-1.7791937335980854","-1.7791937335980854","-2.4878177817879297","-2.4878177817879297","-2.4878177817879297","-2.4783418110409228","-2.4783418110409228","-2.4783418110409228"
"20500","-1.3162357095131128","-1.3162357095131128","-1.3162357095131128","-1.841605636028678","-1.841605636028678","-1.841605636028678","-1.4461171996009077","-1.4461171996009077","-1.4461171996009077","-1.6510472692550504","-1.6510472692550504","-1.6510472692550504","-2.0423021438570057","-2.0423021438570057","-2.0423021438570057","-3.407538916930233","-3.407538916930233","-3.407538916930233","-2.4451712881594263","-2.4451712881594263","-2.4451712881594263","-1.4442252881546729","-1.4442252881546729","-1.4442252881546729","-2.177844707769775","-2.177844707769775","-2.177844707769775","-2.426693836048045","-2.426693836048045","-2.426693836048045","-2.998875823272897","-2.998875823272897","-2.998875823272897","-2.675441067750357","-2.675441067750357","-2.675441067750357","-1.357616272151461","-1.357616272151461","-1.357616272151461","-1.6904354362198752","-1.6904354362198752","-1.6904354362198752","-1.2817160397751235","-1.2817160397751235","-1.2817160397751235","-2.0098099409539225","-2.0098099409539225","-2.0098099409539225","-1.7366176183799324","-1.7366176183799324","-1.7366176183799324","-5.327900239165244","-5.327900239165244","-5.327900239165244","-2.1981369753847924","-2.1981369753847924","-2.1981369753847924","-2.3664165661921928","-2.3664165661921928","-2.3664165661921928"
"21000","-1.9807239809322965","-1.9807239809322965","-1.9807239809322965","-4.930866838641317","-4.930866838641317","-4.930866838641317","-1.8074503120086889","-1.8074503120086889","-1.8074503120086889","-1.851351262494538","-1.851351262494538","-1.851351262494538","-2.0309760263379886","-2.0309760263379886","-2.0309760263379886","-1.9203310424081217","-1.9203310424081217","-1.9203310424081217","-2.113939574172351","-2.113939574172351","-2.113939574172351","-2.4549904655933394","-2.4549904655933394","-2.4549904655933394","-3.218339158188388","-3.218339158188388","-3.218339158188388","-1.403557944075541","-1.403557944075541","-1.403557944075541","-1.5533906746679755","-1.5533906746679755","-1.5533906746679755","-1.8646519991833457","-1.8646519991833457","-1.8646519991833457","-2.3736401430471914","-2.3736401430471914","-2.3736401430471914","-1.5715405147817023","-1.5715405147817023","-1.5715405147817023","-1.298412972124292","-1.298412972124292","-1.298412972124292","-2.0618135930024692","-2.0618135930024692","-2.0618135930024692","-2.4191038105270644","-2.4191038105270644","-2.4191038105270644","-2.171462381591674","-2.171462381591674","-2.171462381591674","-4.3337890993894685","-4.3337890993894685","-4.3337890993894685","-3.966533384033778","-3.966533384033778","-3.966533384033778"
"21500","-2.696286466818152","-2.696286466818152","-2.696286466818152","-1.6786578700432024","-1.6786578700432024","-1.6786578700432024","-1.2124993422853152","-1.2124993422853152","-1.2124993422853152","-1.5509532196399824","-1.5509532196399824","-1.5509532196399824","-1.3029351744024755","-1.3029351744024755","-1.3029351744024755","-0.9170215815658811","-0.9170215815658811","-0.9170215815658811","-1.8563143429168831","-1.8563143429168831","-1.8563143429168831","-2.003352928431805","-2.003352928431805","-2.003352928431805","-2.2760715349270724","-2.2760715349270724","-2.2760715349270724","-1.5337313851189631","-1.5337313851189631","-1.5337313851189631","-2.3228093981420117","-2.3228093981420117","-2.3228093981420117","-1.8710947711339152","-1.8710947711339152","-1.8710947711339152","-1.9101713688317996","-1.9101713688317996","-1.9101713688317996","-1.760652880659146","-1.760652880659146","-1.760652880659146","-2.9599500551802818","-2.9599500551802818","-2.9599500551802818","-3.236942894582112","-3.236942894582112","-3.236942894582112","-1.9701347216381362","-1.9701347216381362","-1.9701347216381362","-1.478868767698175","-1.478868767698175","-1.478868767698175","-2.524643332905219","-2.524643332905219","-2.524643332905219","-2.2332134810016893","-2.2332134810016893","-2.2332134810016893"
"22000","-1.3812097580728693","-1.3812097580728693","-1.3812097580728693","-2.069116730579357","-2.069116730579357","-2.069116730579357","-2.101548355849848","-2.101548355849848","-2.101548355849848","-1.4082417273796615","-1.4082417273796615","-1.4082417273796615","-1.3139311290620017","-1.3139311290620017","-1.3139311290620017","-1.3105764298638563","-1.3105764298638563","-1.3105764298638563","-2.0285688166564233","-2.0285688166564233","-2.0285688166564233","-1.8823901448045812","-1.8823901448045812","-1.8823901448045812","-1.9338984484423882","-1.9338984484423882","-1.9338984484423882","-1.9936060868781034","-1.9936060868781034","-1.9936060868781034","-2.3342480287061678","-2.3342480287061678","-2.3342480287061678","-1.8933537417654094","-1.8933537417654094","-1.8933537417654094","-1.316252547903388","-1.316252547903388","-1.316252547903388","-1.9819660179284928","-1.9819660179284928","-1.9819660179284928","-2.8306648624512927","-2.8306648624512927","-2.8306648624512927","-1.772854062786489","-1.772854062786489","-1.772854062786489","-1.5003164752399973","-1.5003164752399973","-1.5003164752399973","-1.3450234598554747","-1.3450234598554747","-1.3450234598554747","-1.4732808226011307","-1.4732808226011307","-1.4732808226011307","-1.6347921452272263","-1.6347921452272263","-1.6347921452272263"
"22500","-1.8584101404610422","-1.8584101404610422","-1.8584101404610422","-2.697497020822501","-2.697497020822501","-2.697497020822501","-2.6078210603437144","-2.6078210603437144","-2.6078210603437144","-2.1203450269652415","-2.1203450269652415","-2.1203450269652415","-3.5296644097981136","-3.5296644097981136","-3.5296644097981136","-0.6992823050816865","-0.6992823050816865","-0.6992823050816865","-2.4940242850545973","-2.4940242850545973","-2.4940242850545973","-1.9375933195870416","-1.9375933195870416","-1.9375933195870416","-2.737293168400653","-2.737293168400653","-2.737293168400653","-2.5882848227716058","-2.5882848227716058","-2.5882848227716058","-1.6593930319885666","-1.6593930319885666","-1.6593930319885666","-1.89401123873056","-1.89401123873056","-1.89401123873056","-1.78831840659605","-1.78831840659605","-1.78831840659605","-2.045882553863479","-2.045882553863479","-2.045882553863479","-2.254406204764081","-2.254406204764081","-2.254406204764081","-1.4392169232863075","-1.4392169232863075","-1.4392169232863075","-1.2958197830374023","-1.2958197830374023","-1.2958197830374023","-1.579467679403651","-1.579467679403651","-1.579467679403651","-2.383432709931422","-2.383432709931422","-2.383432709931422","-3.0172628518686446","-3.0172628518686446","-3.0172628518686446"
"23000","-1.6998973534757973","-1.6998973534757973","-1.6998973534757973","-1.8525870372935231","-1.8525870372935231","-1.8525870372935231","-1.402434023598793","-1.402434023598793","-1.402434023598793","-1.7855761974680227","-1.7855761974680227","-1.7855761974680227","-3.6572049624866674","-3.6572049624866674","-3.6572049624866674","-1.3146730588292974","-1.3146730588292974","-1.3146730588292974","-2.4308493710780685","-2.4308493710780685","-2.4308493710780685","-1.3304170132906028","-1.3304170132906028","-1.3304170132906028","-2.556195108042773","-2.556195108042773","-2.556195108042773","-2.76245038535165","-2.76245038535165","-2.76245038535165","-1.738706005045818","-1.738706005045818","-1.738706005045818","-1.914478573833805","-1.914478573833805","-1.914478573833805","-2.0797229960163306","-2.0797229960163306","-2.0797229960163306","-3.651097790409029","-3.651097790409029","-3.651097790409029","-1.6854095851588213","-1.6854095851588213","-1.6854095851588213","-2.0479113758937677","-2.0479113758937677","-2.0479113758937677","-2.7565819961457505","-2.7565819961457505","-2.7565819961457505","-1.8506256085120563","-1.8506256085120563","-1.8506256085120563","-2.510353457807586","-2.510353457807586","-2.510353457807586","-2.5817922390844283","-2.5817922390844283","-2.5817922390844283"
"23500","-1.684339879820704","-1.684339879820704","-1.684339879820704","-1.2677091974193764","-1.2677091974193764","-1.2677091974193764","-1.4818886618732918","-1.4818886618732918","-1.4818886618732918","-1.493624131748023","-1.493624131748023","-1.493624131748023","-1.0239673549918393","-1.0239673549918393","-1.0239673549918393","-1.958218017158493","-1.958218017158493","-1.958218017158493","-1.9810492100245376","-1.9810492100245376","-1.9810492100245376","-1.365282193609269","-1.365282193609269","-1.365282193609269","-2.183987581752741","-2.183987581752741","-2.183987581752741","-1.7730891307323642","-1.7730891307323642","-1.7730891307323642","-2.2238666330512853","-2.2238666330512853","-2.2238666330512853","-2.1336772477179906","-2.1336772477179906","-2.1336772477179906","-1.6228044884949404","-1.6228044884949404","-1.6228044884949404","-1.2593150167916127","-1.2593150167916127","-1.2593150167916127","-1.4978053535610025","-1.4978053535610025","-1.4978053535610025","-1.773939652222278","-1.773939652222278","-1.773939652222278","-1.4485182387964368","-1.4485182387964368","-1.4485182387964368","-1.9647817884344918","-1.9647817884344918","-1.9647817884344918","-2.124337220287104","-2.124337220287104","-2.124337220287104","-1.788279267047087","-1.788279267047087","-1.788279267047087"
"24000","-1.6454280255554046","-1.6454280255554046","-1.6454280255554046","-1.8135891695778414","-1.8135891695778414","-1.8135891695778414","-1.0310469294406652","-1.0310469294406652","-1.0310469294406652","-1.5587166879077203","-1.5587166879077203","-1.5587166879077203","-2.850302209042172","-2.850302209042172","-2.850302209042172","-1.5835212764614028","-1.5835212764614028","-1.5835212764614028","-2.270257189179545","-2.270257189179545","-2.270257189179545","-1.3015912854194451","-1.3015912854194451","-1.3015912854194451","-1.7804959573808188","-1.7804959573808188","-1.7804959573808188","-2.1491176295076304","-2.1491176295076304","-2.1491176295076304","-2.303220246469838","-2.303220246469838","-2.303220246469838","-1.9221136538705963","-1.9221136538705963","-1.9221136538705963","-1.7344437636321366","-1.7344437636321366","-1.7344437636321366","-1.5152512944128358","-1.5152512944128358","-1.5152512944128358","-1.692093750197196","-1.692093750197196","-1.692093750197196","-2.300536659520847","-2.300536659520847","-2.300536659520847","-1.503596639851279","-1.503596639851279","-1.503596639851279","-2.2294292660732586","-2.2294292660732586","-2.2294292660732586","-3.61389979095972","-3.61389979095972","-3.61389979095972","-2.0008451883927427","-2.0008451883927427","-2.0008451883927427"
"24500","-1.3503743871306786","-1.3503743871306786","-1.3503743871306786","-1.3661769025599875","-1.3661769025599875","-1.3661769025599875","-1.0919627968989079","-1.0919627968989079","-1.0919627968989079","-2.1269448418778945","-2.1269448418778945","-2.1269448418778945","-2.591929221865167","-2.591929221865167","-2.591929221865167","-0.8476354557058924","-0.8476354557058924","-0.8476354557058924","-2.083392499683568","-2.083392499683568","-2.083392499683568","-1.2671442892635705","-1.2671442892635705","-1.2671442892635705","-2.8330164347459426","-2.8330164347459426","-2.8330164347459426","-1.4971996335007247","-1.4971996335007247","-1.4971996335007247","-2.2231976499110706","-2.2231976499110706","-2.2231976499110706","-1.6535030236740227","-1.6535030236740227","-1.6535030236740227","-1.6432360346692299","-1.6432360346692299","-1.6432360346692299","-1.417365990706941","-1.417365990706941","-1.417365990706941","-1.7778099005455288","-1.7778099005455288","-1.7778099005455288","-1.4969572912856972","-1.4969572912856972","-1.4969572912856972","-2.6502764791813687","-2.6502764791813687","-2.6502764791813687","-3.178182565550559","-3.178182565550559","-3.178182565550559","-1.3940488583464392","-1.3940488583464392","-1.3940488583464392","-2.127284184753078","-2.127284184753078","-2.127284184753078"
"25000","-1.1422830550928307","-1.1422830550928307","-1.1422830550928307","-1.6181663281168657","-1.6181663281168657","-1.6181663281168657","-1.144878575697212","-1.144878575697212","-1.144878575697212","-1.3993500123798213","-1.3993500123798213","-1.3993500123798213","-2.3966439039700114","-2.3966439039700114","-2.3966439039700114","-1.3146404855270717","-1.3146404855270717","-1.3146404855270717","-2.10516061873921","-2.10516061873921","-2.10516061873921","-1.6229072486346188","-1.6229072486346188","-1.6229072486346188","-2.535778068460613","-2.535778068460613","-2.535778068460613","-1.894140995661689","-1.894140995661689","-1.894140995661689","-1.9003844743245277","-1.9003844743245277","-1.9003844743245277","-1.7956342489074824","-1.7956342489074824","-1.7956342489074824","-1.4888901082737562","-1.4888901082737562","-1.4888901082737562","-2.432264383892898","-2.432264383892898","-2.432264383892898","-1.48651671957862","-1.48651671957862","-1.48651671957862","-2.1134153128013913","-2.1134153128013913","-2.1134153128013913","-2.662495728891169","-2.662495728891169","-2.662495728891169","-4.066341925746821","-4.066341925746821","-4.066341925746821","-2.001843916005085","-2.001843916005085","-2.001843916005085","-1.4345863532314307","-1.4345863532314307","-1.4345863532314307"
"25500","-1.1248594997994363","-1.1248594997994363","-1.1248594997994363","-1.235271442181863","-1.235271442181863","-1.235271442181863","-1.0390372589278158","-1.0390372589278158","-1.0390372589278158","-2.51662908688465","-2.51662908688465","-2.51662908688465","-1.9908869008258339","-1.9908869008258339","-1.9908869008258339","-1.384478930480078","-1.384478930480078","-1.384478930480078","-2.236863612497345","-2.236863612497345","-2.236863612497345","-1.1203412532613155","-1.1203412532613155","-1.1203412532613155","-1.7359509739412111","-1.7359509739412111","-1.7359509739412111","-3.044167222558132","-3.044167222558132","-3.044167222558132","-1.43830075098098","-1.43830075098098","-1.43830075098098","-1.8419776753353965","-1.8419776753353965","-1.8419776753353965","-1.3373840681654021","-1.3373840681654021","-1.3373840681654021","-2.77364707873508","-2.77364707873508","-2.77364707873508","-1.6862892425830687","-1.6862892425830687","-1.6862892425830687","-3.02211225460197","-3.02211225460197","-3.02211225460197","-1.5642886243655536","-1.5642886243655536","-1.5642886243655536","-2.115317258727596","-2.115317258727596","-2.115317258727596","-1.3020747851550796","-1.3020747851550796","-1.3020747851550796","-1.85557316216276","-1.85557316216276","-1.85557316216276"
"26000","-2.3731842561261267","-2.3731842561261267","-2.3731842561261267","-1.870741245578224","-1.870741245578224","-1.870741245578224","-1.8009813940218984","-1.8009813940218984","-1.8009813940218984","-1.6462103108596904","-1.6462103108596904","-1.6462103108596904","-1.3931186267258735","-1.3931186267258735","-1.3931186267258735","-0.9608255439900445","-0.9608255439900445","-0.9608255439900445","-1.8207759577538927","-1.8207759577538927","-1.8207759577538927","-1.6114966899784016","-1.6114966899784016","-1.6114966899784016","-2.130254031219232","-2.130254031219232","-2.130254031219232","-1.8115751971984313","-1.8115751971984313","-1.8115751971984313","-1.9087109779619893","-1.9087109779619893","-1.9087109779619893","-2.706463845659016","-2.706463845659016","-2.706463845659016","-1.5491945367689643","-1.5491945367689643","-1.5491945367689643","-1.562018933576002","-1.562018933576002","-1.562018933576002","-1.3276532009643427","-1.3276532009643427","-1.3276532009643427","-1.5121200518224276","-1.5121200518224276","-1.5121200518224276","-1.8161542499039047","-1.8161542499039047","-1.8161542499039047","-2.1674122959548785","-2.1674122959548785","-2.1674122959548785","-2.430278679984541","-2.430278679984541","-2.430278679984541","-1.4916834049317202","-1.4916834049317202","-1.4916834049317202"
"26500","-1.4658059184266277","-1.4658059184266277","-1.4658059184266277","-1.9728654956007206","-1.9728654956007206","-1.9728654956007206","-1.367168560545683","-1.367168560545683","-1.367168560545683","-1.2900987447097139","-1.2900987447097139","-1.2900987447097139","-3.239856732928503","-3.239856732928503","-3.239856732928503","-1.4534699431232285","-1.4534699431232285","-1.4534699431232285","-2.0076856201317","-2.0076856201317","-2.0076856201317","-1.7841439504734122","-1.7841439504734122","-1.7841439504734122","-1.9239887126786535","-1.9239887126786535","-1.9239887126786535","-1.8606165929755227","-1.8606165929755227","-1.8606165929755227","-2.3066800428662995","-2.3066800428662995","-2.3066800428662995","-1.7047012702220965","-1.7047012702220965","-1.7047012702220965","-1.7950099050467696","-1.7950099050467696","-1.7950099050467696","-1.9294302666093337","-1.9294302666093337","-1.9294302666093337","-1.4397867786780156","-1.4397867786780156","-1.4397867786780156","-1.7211705442449001","-1.7211705442449001","-1.7211705442449001","-1.672418388636622","-1.672418388636622","-1.672418388636622","-1.4002994198414749","-1.4002994198414749","-1.4002994198414749","-1.954036677710841","-1.954036677710841","-1.954036677710841","-1.7078966195576701","-1.7078966195576701","-1.7078966195576701"
"27000","-1.5252689619982145","-1.5252689619982145","-1.5252689619982145","-1.521400457828506","-1.521400457828506","-1.521400457828506","-1.4230874609538569","-1.4230874609538569","-1.4230874609538569","-2.4567696421723775","-2.4567696421723775","-2.4567696421723775","-1.6606281287001443","-1.6606281287001443","-1.6606281287001443","-2.288704780788632","-2.288704780788632","-2.288704780788632","-1.4428181161462832","-1.4428181161462832","-1.4428181161462832","-1.5238582751941396","-1.5238582751941396","-1.5238582751941396","-2.6599643799696118","-2.6599643799696118","-2.6599643799696118","-1.3749500793220883","-1.3749500793220883","-1.3749500793220883","-1.2797278682903053","-1.2797278682903053","-1.2797278682903053","-1.2772145581464394","-1.2772145581464394","-1.2772145581464394","-1.2554823898453562","-1.2554823898453562","-1.2554823898453562","-2.5790421496591023","-2.5790421496591023","-2.5790421496591023","-2.098568638778822","-2.098568638778822","-2.098568638778822","-1.814187628528881","-1.814187628528881","-1.814187628528881","-3.1279404161476014","-3.1279404161476014","-3.1279404161476014","-1.6197571530346664","-1.6197571530346664","-1.6197571530346664","-1.2245940524515657","-1.2245940524515657","-1.2245940524515657","-2.6959479303504836","-2.6959479303504836","-2.6959479303504836"
"27500","-2.7212915383126015","-2.7212915383126015","-2.7212915383126015","-1.8871582594863923","-1.8871582594863923","-1.8871582594863923","-1.8120753384873098","-1.8120753384873098","-1.8120753384873098","-1.6970198579774245","-1.6970198579774245","-1.6970198579774245","-1.0663176982915394","-1.0663176982915394","-1.0663176982915394","-1.333052787073436","-1.333052787073436","-1.333052787073436","-1.5198678818792297","-1.5198678818792297","-1.5198678818792297","-1.2285136227233677","-1.2285136227233677","-1.2285136227233677","-1.5000347225283313","-1.5000347225283313","-1.5000347225283313","-2.003546055224692","-2.003546055224692","-2.003546055224692","-1.7611714435042587","-1.7611714435042587","-1.7611714435042587","-1.7809324379880351","-1.7809324379880351","-1.7809324379880351","-1.1614974269912033","-1.1614974269912033","-1.1614974269912033","-1.1885735269792959","-1.1885735269792959","-1.1885735269792959","-1.1420736668379614","-1.1420736668379614","-1.1420736668379614","-3.100328231675271","-3.100328231675271","-3.100328231675271","-1.696160843523737","-1.696160843523737","-1.696160843523737","-2.2640909167638092","-2.2640909167638092","-2.2640909167638092","-1.4866609874797678","-1.4866609874797678","-1.4866609874797678","-3.1893291150704166","-3.1893291150704166","-3.1893291150704166"
"28000","-0.9797070753632762","-0.9797070753632762","-0.9797070753632762","-1.7333414064961719","-1.7333414064961719","-1.7333414064961719","-1.034155184097327","-1.034155184097327","-1.034155184097327","-2.5648276278443136","-2.5648276278443136","-2.5648276278443136","-2.714469906514272","-2.714469906514272","-2.714469906514272","-1.0432164274496374","-1.0432164274496374","-1.0432164274496374","-1.439082453172335","-1.439082453172335","-1.439082453172335","-1.272752334448686","-1.272752334448686","-1.272752334448686","-2.3297302042673436","-2.3297302042673436","-2.3297302042673436","-2.425341801869238","-2.425341801869238","-2.425341801869238","-1.5192646323599397","-1.5192646323599397","-1.5192646323599397","-1.6328426108856409","-1.6328426108856409","-1.6328426108856409","-1.5054622045801382","-1.5054622045801382","-1.5054622045801382","-1.310565901186823","-1.310565901186823","-1.310565901186823","-1.3144682477587513","-1.3144682477587513","-1.3144682477587513","-1.8775306127308418","-1.8775306127308418","-1.8775306127308418","-1.9946063307104378","-1.9946063307104378","-1.9946063307104378","-1.7592041821039015","-1.7592041821039015","-1.7592041821039015","-1.558361330586605","-1.558361330586605","-1.558361330586605","-1.8320639605194124","-1.8320639605194124","-1.8320639605194124"
"28500","-1.8421179624896133","-1.8421179624896133","-1.8421179624896133","-1.6671637394849934","-1.6671637394849934","-1.6671637394849934","-1.5567768747603279","-1.5567768747603279","-1.5567768747603279","-1.723844136385847","-1.723844136385847","-1.723844136385847","-1.865103576168988","-1.865103576168988","-1.865103576168988","-1.4338405828354688","-1.4338405828354688","-1.4338405828354688","-1.892080571131477","-1.892080571131477","-1.892080571131477","-1.2191574425617993","-1.2191574425617993","-1.2191574425617993","-1.5667229594077732","-1.5667229594077732","-1.5667229594077732","-2.0620240037404156","-2.0620240037404156","-2.0620240037404156","-1.4656679407349187","-1.4656679407349187","-1.4656679407349187","-2.247913029927842","-2.247913029927842","-2.247913029927842","-1.349950466139036","-1.349950466139036","-1.349950466139036","-1.219994550355127","-1.219994550355127","-1.219994550355127","-1.7882128591427175","-1.7882128591427175","-1.7882128591427175","-1.5614921219603677","-1.5614921219603677","-1.5614921219603677","-1.612261192531425","-1.612261192531425","-1.612261192531425","-2.243302447875532","-2.243302447875532","-2.243302447875532","-1.1014116882110816","-1.1014116882110816","-1.1014116882110816","-2.1190258014312002","-2.1190258014312002","-2.1190258014312002"
"29000","-1.0642293398116258","-1.0642293398116258","-1.0642293398116258","-1.4915413661742867","-1.4915413661742867","-1.4915413661742867","-1.235283087011973","-1.235283087011973","-1.235283087011973","-1.3640015646287869","-1.3640015646287869","-1.3640015646287869","-0.9508911047659995","-0.9508911047659995","-0.9508911047659995","-1.2926280939955084","-1.2926280939955084","-1.2926280939955084","-1.4631316877381828","-1.4631316877381828","-1.4631316877381828","-1.0859909093776956","-1.0859909093776956","-1.0859909093776956","-2.0860600221873837","-2.0860600221873837","-2.0860600221873837","-1.8361192634298757","-1.8361192634298757","-1.8361192634298757","-2.133624312204631","-2.133624312204631","-2.133624312204631","-1.6088564394349458","-1.6088564394349458","-1.6088564394349458","-1.3042092917384065","-1.3042092917384065","-1.3042092917384065","-1.1525825625278339","-1.1525825625278339","-1.1525825625278339","-1.294755684402644","-1.294755684402644","-1.294755684402644","-1.5686380833793447","-1.5686380833793447","-1.5686380833793447","-2.4907318729324737","-2.4907318729324737","-2.4907318729324737","-1.8583343637294178","-1.8583343637294178","-1.8583343637294178","-1.0382517872747135","-1.0382517872747135","-1.0382517872747135","-1.6552054053751124","-1.6552054053751124","-1.6552054053751124"
"29500","-1.1506194769047338","-1.1506194769047338","-1.1506194769047338","-2.2198186934575768","-2.2198186934575768","-2.2198186934575768","-1.4041880454251008","-1.4041880454251008","-1.4041880454251008","-1.9694954575501054","-1.9694954575501054","-1.9694954575501054","-2.413477429060742","-2.413477429060742","-2.413477429060742","-1.495803992299514","-1.495803992299514","-1.495803992299514","-1.2660827775964","-1.2660827775964","-1.2660827775964","-1.4267704486725714","-1.4267704486725714","-1.4267704486725714","-1.658894321844065","-1.658894321844065","-1.658894321844065","-1.609598759307799","-1.609598759307799","-1.609598759307799","-1.7764881557600316","-1.7764881557600316","-1.7764881557600316","-1.5300799893265395","-1.5300799893265395","-1.5300799893265395","-1.9461326124939138","-1.9461326124939138","-1.9461326124939138","-1.041117840293127","-1.041117840293127","-1.041117840293127","-1.0572619488759567","-1.0572619488759567","-1.0572619488759567","-2.2525606585976363","-2.2525606585976363","-2.2525606585976363","-2.59804113584872","-2.59804113584872","-2.59804113584872","-1.5624941512021824","-1.5624941512021824","-1.5624941512021824","-1.6564848357292923","-1.6564848357292923","-1.6564848357292923","-2.9500320379085614","-2.9500320379085614","-2.9500320379085614"
"30000","-0.9912535481466938","-0.9912535481466938","-0.9912535481466938","-2.113150570598486","-2.113150570598486","-2.113150570598486","-1.2854941854899038","-1.2854941854899038","-1.2854941854899038","-1.2765708853176503","-1.2765708853176503","-1.2765708853176503","-1.7016552107369964","-1.7016552107369964","-1.7016552107369964","-1.176184562827927","-1.176184562827927","-1.176184562827927","-1.428690951691539","-1.428690951691539","-1.428690951691539","-1.0053769066381761","-1.0053769066381761","-1.0053769066381761","-1.831189461811471","-1.831189461811471","-1.831189461811471","-2.266767810403879","-2.266767810403879","-2.266767810403879","-1.868066474950064","-1.868066474950064","-1.868066474950064","-1.56325776073967","-1.56325776073967","-1.56325776073967","-1.9543107377669688","-1.9543107377669688","-1.9543107377669688","-1.2278836213035746","-1.2278836213035746","-1.2278836213035746","-1.0619345172880184","-1.0619345172880184","-1.0619345172880184","-1.4148028895951816","-1.4148028895951816","-1.4148028895951816","-1.3308780518391388","-1.3308780518391388","-1.3308780518391388","-2.175633990671913","-2.175633990671913","-2.175633990671913","-2.1714160655163446","-2.1714160655163446","-2.1714160655163446","-2.783108894468648","-2.783108894468648","-2.783108894468648"
"30500","-1.0972594987128286","-1.0972594987128286","-1.0972594987128286","-1.5842504717589811","-1.5842504717589811","-1.5842504717589811","-1.6024086973721734","-1.6024086973721734","-1.6024086973721734","-1.2776968513153633","-1.2776968513153633","-1.2776968513153633","-1.467078334160834","-1.467078334160834","-1.467078334160834","-0.9256640773692244","-0.9256640773692244","-0.9256640773692244","-1.3391364250998063","-1.3391364250998063","-1.3391364250998063","-1.080502458345324","-1.080502458345324","-1.080502458345324","-1.5844836115084084","-1.5844836115084084","-1.5844836115084084","-1.5914822594259916","-1.5914822594259916","-1.5914822594259916","-1.7479182500660244","-1.7479182500660244","-1.7479182500660244","-1.7390444462462635","-1.7390444462462635","-1.7390444462462635","-1.4891129772777782","-1.4891129772777782","-1.4891129772777782","-1.1561053863780282","-1.1561053863780282","-1.1561053863780282","-1.4097432465938229","-1.4097432465938229","-1.4097432465938229","-1.7334047727420228","-1.7334047727420228","-1.7334047727420228","-1.498770026610853","-1.498770026610853","-1.498770026610853","-1.7868328418993378","-1.7868328418993378","-1.7868328418993378","-1.1844964564127636","-1.1844964564127636","-1.1844964564127636","-2.2526347462010063","-2.2526347462010063","-2.2526347462010063"
"31000","-1.4636173229969383","-1.4636173229969383","-1.4636173229969383","-2.3389506947187253","-2.3389506947187253","-2.3389506947187253","-1.337334280855614","-1.337334280855614","-1.337334280855614","-1.2148138890402547","-1.2148138890402547","-1.2148138890402547","-1.136682264671216","-1.136682264671216","-1.136682264671216","-0.9686593720397593","-0.9686593720397593","-0.9686593720397593","-1.7608912303188184","-1.7608912303188184","-1.7608912303188184","-1.1097419562915074","-1.1097419562915074","-1.1097419562915074","-1.3295612283097054","-1.3295612283097054","-1.3295612283097054","-1.4694935487154215","-1.4694935487154215","-1.4694935487154215","-1.8530445584080533","-1.8530445584080533","-1.8530445584080533","-1.629449275802538","-1.629449275802538","-1.629449275802538","-1.919136173770093","-1.919136173770093","-1.919136173770093","-1.1787358002651704","-1.1787358002651704","-1.1787358002651704","-0.9986885167372239","-0.9986885167372239","-0.9986885167372239","-1.6838281849056618","-1.6838281849056618","-1.6838281849056618","-2.1522738577918665","-2.1522738577918665","-2.1522738577918665","-1.718108574779071","-1.718108574779071","-1.718108574779071","-1.1931165471831342","-1.1931165471831342","-1.1931165471831342","-2.0877195572651353","-2.0877195572651353","-2.0877195572651353"
"31500","-1.144772205449625","-1.144772205449625","-1.144772205449625","-2.8649240552436","-2.8649240552436","-2.8649240552436","-1.5433069422033214","-1.5433069422033214","-1.5433069422033214","-1.548310067946284","-1.548310067946284","-1.548310067946284","-1.4434480469878797","-1.4434480469878797","-1.4434480469878797","-0.9231659214691209","-0.9231659214691209","-0.9231659214691209","-1.4234954121166035","-1.4234954121166035","-1.4234954121166035","-1.006558804130887","-1.006558804130887","-1.006558804130887","-1.2874784113501376","-1.2874784113501376","-1.2874784113501376","-1.2226563094242824","-1.2226563094242824","-1.2226563094242824","-1.5226877750607062","-1.5226877750607062","-1.5226877750607062","-1.745042620216001","-1.745042620216001","-1.745042620216001","-1.3551939426786814","-1.3551939426786814","-1.3551939426786814","-1.1885018368481133","-1.1885018368481133","-1.1885018368481133","-1.0020285171454526","-1.0020285171454526","-1.0020285171454526","-1.8754937873056197","-1.8754937873056197","-1.8754937873056197","-1.6049027463904904","-1.6049027463904904","-1.6049027463904904","-1.7850149340201447","-1.7850149340201447","-1.7850149340201447","-1.2048975574430034","-1.2048975574430034","-1.2048975574430034","-1.6280735876719103","-1.6280735876719103","-1.6280735876719103"
"32000","-1.1487882461560468","-1.1487882461560468","-1.1487882461560468","-1.4423745905904901","-1.4423745905904901","-1.4423745905904901","-1.1896904068812644","-1.1896904068812644","-1.1896904068812644","-1.5029881159781944","-1.5029881159781944","-1.5029881159781944","-1.0129681444864116","-1.0129681444864116","-1.0129681444864116","-1.2164375665943836","-1.2164375665943836","-1.2164375665943836","-1.5226568642641782","-1.5226568642641782","-1.5226568642641782","-1.167091479482558","-1.167091479482558","-1.167091479482558","-1.1799399740514611","-1.1799399740514611","-1.1799399740514611","-1.1616403281731542","-1.1616403281731542","-1.1616403281731542","-1.459942701974601","-1.459942701974601","-1.459942701974601","-1.430864862053402","-1.430864862053402","-1.430864862053402","-1.520926996833693","-1.520926996833693","-1.520926996833693","-1.07114965568013","-1.07114965568013","-1.07114965568013","-1.2676807346553711","-1.2676807346553711","-1.2676807346553711","-1.286309756354429","-1.286309756354429","-1.286309756354429","-1.6769547200291215","-1.6769547200291215","-1.6769547200291215","-1.6502430999867552","-1.6502430999867552","-1.6502430999867552","-1.0277599238378483","-1.0277599238378483","-1.0277599238378483","-2.176213502085162","-2.176213502085162","-2.176213502085162"
"32500","-0.8961477729329788","-0.8961477729329788","-0.8961477729329788","-1.198510113476963","-1.198510113476963","-1.198510113476963","-1.542199173905893","-1.542199173905893","-1.542199173905893","-1.4173269824991006","-1.4173269824991006","-1.4173269824991006","-1.0237573562013162","-1.0237573562013162","-1.0237573562013162","-1.5115716883037307","-1.5115716883037307","-1.5115716883037307","-1.5612478135199424","-1.5612478135199424","-1.5612478135199424","-1.0923594797424436","-1.0923594797424436","-1.0923594797424436","-1.3025773063186565","-1.3025773063186565","-1.3025773063186565","-2.245052911913293","-2.245052911913293","-2.245052911913293","-1.5297573076687048","-1.5297573076687048","-1.5297573076687048","-1.5240567657315234","-1.5240567657315234","-1.5240567657315234","-1.2208924547692463","-1.2208924547692463","-1.2208924547692463","-1.081495103281767","-1.081495103281767","-1.081495103281767","-1.3337709659305994","-1.3337709659305994","-1.3337709659305994","-1.6413170540507978","-1.6413170540507978","-1.6413170540507978","-1.5403559292521738","-1.5403559292521738","-1.5403559292521738","-2.0158943757926395","-2.0158943757926395","-2.0158943757926395","-1.5329704840871121","-1.5329704840871121","-1.5329704840871121","-1.8668499141520207","-1.8668499141520207","-1.8668499141520207"
"33000","-1.1375387970648063","-1.1375387970648063","-1.1375387970648063","-1.3845655154179526","-1.3845655154179526","-1.3845655154179526","-1.272222526577496","-1.272222526577496","-1.272222526577496","-1.6952920266748788","-1.6952920266748788","-1.6952920266748788","-1.0802585654061434","-1.0802585654061434","-1.0802585654061434","-0.9745223666811247","-0.9745223666811247","-0.9745223666811247","-1.6969581968048668","-1.6969581968048668","-1.6969581968048668","-1.1541820695188574","-1.1541820695188574","-1.1541820695188574","-1.5837363818244987","-1.5837363818244987","-1.5837363818244987","-1.1935909601655648","-1.1935909601655648","-1.1935909601655648","-1.1603297704900055","-1.1603297704900055","-1.1603297704900055","-1.5254026897229416","-1.5254026897229416","-1.5254026897229416","-1.224158262566816","-1.224158262566816","-1.224158262566816","-0.9725490050920671","-0.9725490050920671","-0.9725490050920671","-1.0745307370075388","-1.0745307370075388","-1.0745307370075388","-1.5318329929906749","-1.5318329929906749","-1.5318329929906749","-1.571842350614666","-1.571842350614666","-1.571842350614666","-1.4518936423208655","-1.4518936423208655","-1.4518936423208655","-1.5974798107188115","-1.5974798107188115","-1.5974798107188115","-1.6708603621741598","-1.6708603621741598","-1.6708603621741598"
"33500","-0.9687047835125409","-0.9687047835125409","-0.9687047835125409","-1.5225468144666914","-1.5225468144666914","-1.5225468144666914","-1.169445596045105","-1.169445596045105","-1.169445596045105","-1.5012830361289486","-1.5012830361289486","-1.5012830361289486","-1.3944423646481967","-1.3944423646481967","-1.3944423646481967","-1.5112363933802293","-1.5112363933802293","-1.5112363933802293","-1.3283911904533585","-1.3283911904533585","-1.3283911904533585","-1.2746163303920413","-1.2746163303920413","-1.2746163303920413","-1.6731031262147251","-1.6731031262147251","-1.6731031262147251","-1.3394879570937663","-1.3394879570937663","-1.3394879570937663","-0.999920238292081","-0.999920238292081","-0.999920238292081","-1.7630364838200479","-1.7630364838200479","-1.7630364838200479","-1.1143341059205243","-1.1143341059205243","-1.1143341059205243","-1.2197606636124054","-1.2197606636124054","-1.2197606636124054","-1.4327649837051926","-1.4327649837051926","-1.4327649837051926","-1.6115386748389553","-1.6115386748389553","-1.6115386748389553","-1.6498983611833182","-1.6498983611833182","-1.6498983611833182","-1.2144341879325928","-1.2144341879325928","-1.2144341879325928","-1.9311950339355293","-1.9311950339355293","-1.9311950339355293","-1.866017866721967","-1.866017866721967","-1.866017866721967"
"34000","-0.7502687511931232","-0.7502687511931232","-0.7502687511931232","-1.5498978668855934","-1.5498978668855934","-1.5498978668855934","-1.1532491199164057","-1.1532491199164057","-1.1532491199164057","-1.0905527020613828","-1.0905527020613828","-1.0905527020613828","-1.0734297919851952","-1.0734297919851952","-1.0734297919851952","-0.9681458804566209","-0.9681458804566209","-0.9681458804566209","-1.6190153102922156","-1.6190153102922156","-1.6190153102922156","-1.5472560565545852","-1.5472560565545852","-1.5472560565545852","-1.3177865654545262","-1.3177865654545262","-1.3177865654545262","-1.6365359600597338","-1.6365359600597338","-1.6365359600597338","-0.950754447733152","-0.950754447733152","-0.950754447733152","-1.1919058132600915","-1.1919058132600915","-1.1919058132600915","-1.4457300951665921","-1.4457300951665921","-1.4457300951665921","-0.9467168002615605","-0.9467168002615605","-0.9467168002615605","-1.1240276077334355","-1.1240276077334355","-1.1240276077334355","-1.68749834550505","-1.68749834550505","-1.68749834550505","-1.9959113722491844","-1.9959113722491844","-1.9959113722491844","-1.5018737204953694","-1.5018737204953694","-1.5018737204953694","-1.5498974023849819","-1.5498974023849819","-1.5498974023849819","-1.8037683929715116","-1.8037683929715116","-1.8037683929715116"
"34500","-1.1770561918922884","-1.1770561918922884","-1.1770561918922884","-1.507903192698992","-1.507903192698992","-1.507903192698992","-1.378098894836366","-1.378098894836366","-1.378098894836366","-1.3477093396121804","-1.3477093396121804","-1.3477093396121804","-1.295153969539188","-1.295153969539188","-1.295153969539188","-1.1213160199270493","-1.1213160199270493","-1.1213160199270493","-1.7692684123224847","-1.7692684123224847","-1.7692684123224847","-0.9086332906124145","-0.9086332906124145","-0.9086332906124145","-1.9562989771569737","-1.9562989771569737","-1.9562989771569737","-1.5202786106733237","-1.5202786106733237","-1.5202786106733237","-1.2005259828059225","-1.2005259828059225","-1.2005259828059225","-1.2279965472544192","-1.2279965472544192","-1.2279965472544192","-1.413020235234609","-1.413020235234609","-1.413020235234609","-0.9531720474320456","-0.9531720474320456","-0.9531720474320456","-1.2413143135203097","-1.2413143135203097","-1.2413143135203097","-1.4660808798548728","-1.4660808798548728","-1.4660808798548728","-1.6762566174974345","-1.6762566174974345","-1.6762566174974345","-1.1718908457785835","-1.1718908457785835","-1.1718908457785835","-1.3487654803515028","-1.3487654803515028","-1.3487654803515028","-2.266705874057462","-2.266705874057462","-2.266705874057462"
"35000","-1.0367094283002067","-1.0367094283002067","-1.0367094283002067","-1.453450999831571","-1.453450999831571","-1.453450999831571","-1.046172012315051","-1.046172012315051","-1.046172012315051","-1.392480126377117","-1.392480126377117","-1.392480126377117","-1.2215327488968348","-1.2215327488968348","-1.2215327488968348","-0.9007201665919912","-0.9007201665919912","-0.9007201665919912","-1.5126891338078399","-1.5126891338078399","-1.5126891338078399","-1.273246755096286","-1.273246755096286","-1.273246755096286","-1.4513890928632527","-1.4513890928632527","-1.4513890928632527","-1.257966201505757","-1.257966201505757","-1.257966201505757","-1.5065090023923662","-1.5065090023923662","-1.5065090023923662","-1.3876233395565625","-1.3876233395565625","-1.3876233395565625","-1.4248291366186614","-1.4248291366186614","-1.4248291366186614","-1.3315614393919728","-1.3315614393919728","-1.3315614393919728","-1.3907041621338387","-1.3907041621338387","-1.3907041621338387","-1.5534070688303394","-1.5534070688303394","-1.5534070688303394","-1.7315638371846074","-1.7315638371846074","-1.7315638371846074","-1.2102432297122694","-1.2102432297122694","-1.2102432297122694","-1.0910933244360446","-1.0910933244360446","-1.0910933244360446","-1.9109628933099052","-1.9109628933099052","-1.9109628933099052"
"35500","-1.4134859872320935","-1.4134859872320935","-1.4134859872320935","-1.689362392078523","-1.689362392078523","-1.689362392078523","-1.1325888584207788","-1.1325888584207788","-1.1325888584207788","-1.2795894014026004","-1.2795894014026004","-1.2795894014026004","-0.9131433695976099","-0.9131433695976099","-0.9131433695976099","-1.0139510693878733","-1.0139510693878733","-1.0139510693878733","-1.2590709312632506","-1.2590709312632506","-1.2590709312632506","-1.2633670371415011","-1.2633670371415011","-1.2633670371415011","-1.5249184538579759","-1.5249184538579759","-1.5249184538579759","-2.3350348526244624","-2.3350348526244624","-2.3350348526244624","-1.0063289694223985","-1.0063289694223985","-1.0063289694223985","-1.324726421189693","-1.324726421189693","-1.324726421189693","-1.7454698190070554","-1.7454698190070554","-1.7454698190070554","-1.1104336462114903","-1.1104336462114903","-1.1104336462114903","-0.9766008022422854","-0.9766008022422854","-0.9766008022422854","-1.4344976779276517","-1.4344976779276517","-1.4344976779276517","-1.2411650488810064","-1.2411650488810064","-1.2411650488810064","-1.0464401852159257","-1.0464401852159257","-1.0464401852159257","-1.4502158221262564","-1.4502158221262564","-1.4502158221262564","-1.4295094005003006","-1.4295094005003006","-1.4295094005003006"
"36000","-1.0088832437785116","-1.0088832437785116","-1.0088832437785116","-2.5999346572547575","-2.5999346572547575","-2.5999346572547575","-1.238049653679031","-1.238049653679031","-1.238049653679031","-1.5188738734725977","-1.5188738734725977","-1.5188738734725977","-1.3384519350407846","-1.3384519350407846","-1.3384519350407846","-0.9811339100829585","-0.9811339100829585","-0.9811339100829585","-1.684314191155416","-1.684314191155416","-1.684314191155416","-1.2099876811033856","-1.2099876811033856","-1.2099876811033856","-2.0817237159834816","-2.0817237159834816","-2.0817237159834816","-1.2966136148891068","-1.2966136148891068","-1.2966136148891068","-1.1554179081058493","-1.1554179081058493","-1.1554179081058493","-1.25143010308613","-1.25143010308613","-1.25143010308613","-1.1954278114652683","-1.1954278114652683","-1.1954278114652683","-1.1523193443742978","-1.1523193443742978","-1.1523193443742978","-0.9407881136205676","-0.9407881136205676","-0.9407881136205676","-1.492098253171056","-1.492098253171056","-1.492098253171056","-1.4568588279404666","-1.4568588279404666","-1.4568588279404666","-1.0307572667195997","-1.0307572667195997","-1.0307572667195997","-1.684034213985834","-1.684034213985834","-1.684034213985834","-1.8262872805101449","-1.8262872805101449","-1.8262872805101449"
"36500","-0.7782920204063346","-0.7782920204063346","-0.7782920204063346","-1.3680812481140763","-1.3680812481140763","-1.3680812481140763","-1.2066943796140808","-1.2066943796140808","-1.2066943796140808","-1.3333665338216707","-1.3333665338216707","-1.3333665338216707","-0.795334265578961","-0.795334265578961","-0.795334265578961","-0.9220535393591351","-0.9220535393591351","-0.9220535393591351","-1.9316611122663474","-1.9316611122663474","-1.9316611122663474","-1.0595096840196767","-1.0595096840196767","-1.0595096840196767","-1.3011728002866796","-1.3011728002866796","-1.3011728002866796","-1.0752609965490147","-1.0752609965490147","-1.0752609965490147","-1.3325111821212823","-1.3325111821212823","-1.3325111821212823","-1.3892090694588455","-1.3892090694588455","-1.3892090694588455","-1.2061318941852093","-1.2061318941852093","-1.2061318941852093","-1.1998608186075972","-1.1998608186075972","-1.1998608186075972","-1.0112455278338213","-1.0112455278338213","-1.0112455278338213","-2.666973591003337","-2.666973591003337","-2.666973591003337","-1.3598689739915368","-1.3598689739915368","-1.3598689739915368","-1.2376830604254034","-1.2376830604254034","-1.2376830604254034","-1.597227283457721","-1.597227283457721","-1.597227283457721","-1.515894925288547","-1.515894925288547","-1.515894925288547"
"37000","-0.7747173111375496","-0.7747173111375496","-0.7747173111375496","-1.3506757405986216","-1.3506757405986216","-1.3506757405986216","-1.1121716245835618","-1.1121716245835618","-1.1121716245835618","-1.2235676060946443","-1.2235676060946443","-1.2235676060946443","-0.7298164253369838","-0.7298164253369838","-0.7298164253369838","-1.2052889068704145","-1.2052889068704145","-1.2052889068704145","-1.4743216640398085","-1.4743216640398085","-1.4743216640398085","-1.220254829915376","-1.220254829915376","-1.220254829915376","-1.4664574284763305","-1.4664574284763305","-1.4664574284763305","-1.3165374537585284","-1.3165374537585284","-1.3165374537585284","-1.2809425795753326","-1.2809425795753326","-1.2809425795753326","-1.3590059221738129","-1.3590059221738129","-1.3590059221738129","-1.1709970063286834","-1.1709970063286834","-1.1709970063286834","-1.1443307791893027","-1.1443307791893027","-1.1443307791893027","-0.8589121023437952","-0.8589121023437952","-0.8589121023437952","-1.260848836692272","-1.260848836692272","-1.260848836692272","-1.3706178058115546","-1.3706178058115546","-1.3706178058115546","-0.9956605303131735","-0.9956605303131735","-0.9956605303131735","-1.1428655929498854","-1.1428655929498854","-1.1428655929498854","-1.7223990557405486","-1.7223990557405486","-1.7223990557405486"
"37500","-1.0474798376098295","-1.0474798376098295","-1.0474798376098295","-1.6719117485336086","-1.6719117485336086","-1.6719117485336086","-1.1015878950021079","-1.1015878950021079","-1.1015878950021079","-1.1376420149747606","-1.1376420149747606","-1.1376420149747606","-0.9078976663429683","-0.9078976663429683","-0.9078976663429683","-0.899070709222628","-0.899070709222628","-0.899070709222628","-1.2654817920089798","-1.2654817920089798","-1.2654817920089798","-1.3527610439681923","-1.3527610439681923","-1.3527610439681923","-1.2671985887628556","-1.2671985887628556","-1.2671985887628556","-1.2300698269708468","-1.2300698269708468","-1.2300698269708468","-1.1329776892790244","-1.1329776892790244","-1.1329776892790244","-1.1668909316731244","-1.1668909316731244","-1.1668909316731244","-1.1276420496148445","-1.1276420496148445","-1.1276420496148445","-1.0135012279696805","-1.0135012279696805","-1.0135012279696805","-1.0026145389871643","-1.0026145389871643","-1.0026145389871643","-1.5645815634094569","-1.5645815634094569","-1.5645815634094569","-1.2539877348717205","-1.2539877348717205","-1.2539877348717205","-0.9760963036893943","-0.9760963036893943","-0.9760963036893943","-1.1479938650946957","-1.1479938650946957","-1.1479938650946957","-1.6125526068663827","-1.6125526068663827","-1.6125526068663827"
"38000","-0.9273144064688053","-0.9273144064688053","-0.9273144064688053","-1.43488257792951","-1.43488257792951","-1.43488257792951","-0.8870403913361938","-0.8870403913361938","-0.8870403913361938","-1.3969360687434613","-1.3969360687434613","-1.3969360687434613","-0.9382967976316584","-0.9382967976316584","-0.9382967976316584","-1.2169900235763909","-1.2169900235763909","-1.2169900235763909","-1.4435698470532512","-1.4435698470532512","-1.4435698470532512","-1.1821055553024427","-1.1821055553024427","-1.1821055553024427","-1.4190342177313715","-1.4190342177313715","-1.4190342177313715","-1.6113584424954865","-1.6113584424954865","-1.6113584424954865","-1.9821040134133299","-1.9821040134133299","-1.9821040134133299","-0.9831180479750611","-0.9831180479750611","-0.9831180479750611","-1.118817094943649","-1.118817094943649","-1.118817094943649","-1.089212438120755","-1.089212438120755","-1.089212438120755","-1.0433567480106154","-1.0433567480106154","-1.0433567480106154","-1.4632135475436727","-1.4632135475436727","-1.4632135475436727","-1.2459466394839844","-1.2459466394839844","-1.2459466394839844","-0.9073799867218149","-0.9073799867218149","-0.9073799867218149","-1.2256776776096463","-1.2256776776096463","-1.2256776776096463","-1.5144964103988812","-1.5144964103988812","-1.5144964103988812"
"38500","-0.962168141573143","-0.962168141573143","-0.962168141573143","-1.7286992412887592","-1.7286992412887592","-1.7286992412887592","-0.9696735790532826","-0.9696735790532826","-0.9696735790532826","-1.2537582066827024","-1.2537582066827024","-1.2537582066827024","-1.222260113180862","-1.222260113180862","-1.222260113180862","-0.8202639601697985","-0.8202639601697985","-0.8202639601697985","-1.376424416551027","-1.376424416551027","-1.376424416551027","-1.131570799544082","-1.131570799544082","-1.131570799544082","-1.4499895698255598","-1.4499895698255598","-1.4499895698255598","-1.1475240048554451","-1.1475240048554451","-1.1475240048554451","-0.9350551962357552","-0.9350551962357552","-0.9350551962357552","-1.1836382053280932","-1.1836382053280932","-1.1836382053280932","-1.0523176002502042","-1.0523176002502042","-1.0523176002502042","-1.1236259899018963","-1.1236259899018963","-1.1236259899018963","-1.026665551864599","-1.026665551864599","-1.026665551864599","-1.68690150752427","-1.68690150752427","-1.68690150752427","-1.5887100578464999","-1.5887100578464999","-1.5887100578464999","-1.1593751031810833","-1.1593751031810833","-1.1593751031810833","-1.0215324318948384","-1.0215324318948384","-1.0215324318948384","-1.3135817271844594","-1.3135817271844594","-1.3135817271844594"
"39000","-0.8054086013109796","-0.8054086013109796","-0.8054086013109796","-1.560251335223006","-1.560251335223006","-1.560251335223006","-1.1404854048374724","-1.1404854048374724","-1.1404854048374724","-1.1580688667244565","-1.1580688667244565","-1.1580688667244565","-0.8973685345163572","-0.8973685345163572","-0.8973685345163572","-0.9957508577238177","-0.9957508577238177","-0.9957508577238177","-1.477221741253686","-1.477221741253686","-1.477221741253686","-1.1446291515722768","-1.1446291515722768","-1.1446291515722768","-1.3829524943935563","-1.3829524943935563","-1.3829524943935563","-1.0698813577738304","-1.0698813577738304","-1.0698813577738304","-1.4720454183729927","-1.4720454183729927","-1.4720454183729927","-1.0604977352490261","-1.0604977352490261","-1.0604977352490261","-1.4437199225313382","-1.4437199225313382","-1.4437199225313382","-1.1708034113876848","-1.1708034113876848","-1.1708034113876848","-1.1136120215819745","-1.1136120215819745","-1.1136120215819745","-1.4858419204772453","-1.4858419204772453","-1.4858419204772453","-1.3057640981058616","-1.3057640981058616","-1.3057640981058616","-0.9534109495443142","-0.9534109495443142","-0.9534109495443142","-1.6341024007094993","-1.6341024007094993","-1.6341024007094993","-1.7861898460351484","-1.7861898460351484","-1.7861898460351484"
"39500","-0.913946760106709","-0.913946760106709","-0.913946760106709","-1.9472061962338287","-1.9472061962338287","-1.9472061962338287","-1.2106109894480936","-1.2106109894480936","-1.2106109894480936","-1.3250967557772924","-1.3250967557772924","-1.3250967557772924","-0.9868619159623278","-0.9868619159623278","-0.9868619159623278","-0.9778138678163849","-0.9778138678163849","-0.9778138678163849","-1.1799682999203118","-1.1799682999203118","-1.1799682999203118","-1.2577897984979094","-1.2577897984979094","-1.2577897984979094","-1.2415580559119275","-1.2415580559119275","-1.2415580559119275","-1.0519568555965066","-1.0519568555965066","-1.0519568555965066","-0.9529317894708805","-0.9529317894708805","-0.9529317894708805","-0.9951260527134117","-0.9951260527134117","-0.9951260527134117","-1.4225718419127884","-1.4225718419127884","-1.4225718419127884","-1.321397860730427","-1.321397860730427","-1.321397860730427","-1.1897076701790126","-1.1897076701790126","-1.1897076701790126","-1.3507385367394273","-1.3507385367394273","-1.3507385367394273","-1.0550152341105323","-1.0550152341105323","-1.0550152341105323","-1.0853744064614426","-1.0853744064614426","-1.0853744064614426","-1.0542569402638615","-1.0542569402638615","-1.0542569402638615","-1.3787249231922674","-1.3787249231922674","-1.3787249231922674"
"40000","-0.917843039314769","-0.917843039314769","-0.917843039314769","-1.8335419164478672","-1.8335419164478672","-1.8335419164478672","-0.9511701080637345","-0.9511701080637345","-0.9511701080637345","-1.1823167100229743","-1.1823167100229743","-1.1823167100229743","-0.7316130926738256","-0.7316130926738256","-0.7316130926738256","-0.7270952913040529","-0.7270952913040529","-0.7270952913040529","-1.3417453450807393","-1.3417453450807393","-1.3417453450807393","-1.4196170542948554","-1.4196170542948554","-1.4196170542948554","-1.7511657219412107","-1.7511657219412107","-1.7511657219412107","-1.2774709208088073","-1.2774709208088073","-1.2774709208088073","-1.1140082573949421","-1.1140082573949421","-1.1140082573949421","-1.0322754698162269","-1.0322754698162269","-1.0322754698162269","-1.2502723112336898","-1.2502723112336898","-1.2502723112336898","-1.5249250983505394","-1.5249250983505394","-1.5249250983505394","-0.994647347678859","-0.994647347678859","-0.994647347678859","-1.6947080343165815","-1.6947080343165815","-1.6947080343165815","-1.2770788132360757","-1.2770788132360757","-1.2770788132360757","-0.9063997269427233","-0.9063997269427233","-0.9063997269427233","-0.8848407142964518","-0.8848407142964518","-0.8848407142964518","-1.4450987118432312","-1.4450987118432312","-1.4450987118432312"
"40500","-0.988519358545054","-0.988519358545054","-0.988519358545054","-1.9058482897355564","-1.9058482897355564","-1.9058482897355564","-0.8374645872121338","-0.8374645872121338","-0.8374645872121338","-1.1169360403473365","-1.1169360403473365","-1.1169360403473365","-0.872174338088817","-0.872174338088817","-0.872174338088817","-1.0470133833729918","-1.0470133833729918","-1.0470133833729918","-1.2778221750577818","-1.2778221750577818","-1.2778221750577818","-0.9769744216756825","-0.9769744216756825","-0.9769744216756825","-1.7452176013716805","-1.7452176013716805","-1.7452176013716805","-1.1660410393322995","-1.1660410393322995","-1.1660410393322995","-0.8915087075929217","-0.8915087075929217","-0.8915087075929217","-0.9573445127443303","-0.9573445127443303","-0.9573445127443303","-1.5091482124729316","-1.5091482124729316","-1.5091482124729316","-1.4804480381732634","-1.4804480381732634","-1.4804480381732634","-1.1430276333561813","-1.1430276333561813","-1.1430276333561813","-1.4563772573385663","-1.4563772573385663","-1.4563772573385663","-1.2912375116172599","-1.2912375116172599","-1.2912375116172599","-0.9521390773736484","-0.9521390773736484","-0.9521390773736484","-1.2573851229145083","-1.2573851229145083","-1.2573851229145083","-1.5496992433565695","-1.5496992433565695","-1.5496992433565695"
"41000","-0.8461503503610235","-0.8461503503610235","-0.8461503503610235","-1.5014259963137246","-1.5014259963137246","-1.5014259963137246","-1.0761995115708225","-1.0761995115708225","-1.0761995115708225","-1.1553800168789263","-1.1553800168789263","-1.1553800168789263","-1.0738798368772113","-1.0738798368772113","-1.0738798368772113","-0.7199937771604645","-0.7199937771604645","-0.7199937771604645","-1.2189313437290716","-1.2189313437290716","-1.2189313437290716","-1.0120196078295896","-1.0120196078295896","-1.0120196078295896","-1.5438167433150594","-1.5438167433150594","-1.5438167433150594","-1.10563196261679","-1.10563196261679","-1.10563196261679","-1.2331732132230913","-1.2331732132230913","-1.2331732132230913","-1.1301293674258035","-1.1301293674258035","-1.1301293674258035","-1.4497185732634066","-1.4497185732634066","-1.4497185732634066","-1.5010539602454191","-1.5010539602454191","-1.5010539602454191","-1.2395404803256656","-1.2395404803256656","-1.2395404803256656","-1.6535276547399316","-1.6535276547399316","-1.6535276547399316","-1.1152892966624193","-1.1152892966624193","-1.1152892966624193","-1.2021352901565927","-1.2021352901565927","-1.2021352901565927","-1.111161122927523","-1.111161122927523","-1.111161122927523","-1.3770096771098514","-1.3770096771098514","-1.3770096771098514"
"41500","-0.8208714477164417","-0.8208714477164417","-0.8208714477164417","-1.4182981643915318","-1.4182981643915318","-1.4182981643915318","-0.9688210334317018","-0.9688210334317018","-0.9688210334317018","-1.8001740405088462","-1.8001740405088462","-1.8001740405088462","-0.7428316262844652","-0.7428316262844652","-0.7428316262844652","-0.9326018045459252","-0.9326018045459252","-0.9326018045459252","-1.2532742104590278","-1.2532742104590278","-1.2532742104590278","-1.1118495209636008","-1.1118495209636008","-1.1118495209636008","-1.9706228516170299","-1.9706228516170299","-1.9706228516170299","-1.128690553878379","-1.128690553878379","-1.128690553878379","-1.097001251279936","-1.097001251279936","-1.097001251279936","-1.176617315960828","-1.176617315960828","-1.176617315960828","-1.2165277884766956","-1.2165277884766956","-1.2165277884766956","-1.3101260360422011","-1.3101260360422011","-1.3101260360422011","-1.2882129416760655","-1.2882129416760655","-1.2882129416760655","-1.6946503202602734","-1.6946503202602734","-1.6946503202602734","-1.0774641422245017","-1.0774641422245017","-1.0774641422245017","-0.9743509401345796","-0.9743509401345796","-0.9743509401345796","-0.9426243138547024","-0.9426243138547024","-0.9426243138547024","-1.314031921501425","-1.314031921501425","-1.314031921501425"
"42000","-0.9034788035301299","-0.9034788035301299","-0.9034788035301299","-1.3527404978108577","-1.3527404978108577","-1.3527404978108577","-1.0182320105132934","-1.0182320105132934","-1.0182320105132934","-1.44235022222476","-1.44235022222476","-1.44235022222476","-1.10489589169119","-1.10489589169119","-1.10489589169119","-0.7369563064374851","-0.7369563064374851","-0.7369563064374851","-1.077894755147565","-1.077894755147565","-1.077894755147565","-1.0090499387577032","-1.0090499387577032","-1.0090499387577032","-1.1804603941611278","-1.1804603941611278","-1.1804603941611278","-1.1586400583731966","-1.1586400583731966","-1.1586400583731966","-0.8919665053295895","-0.8919665053295895","-0.8919665053295895","-1.0989348027626864","-1.0989348027626864","-1.0989348027626864","-1.6125827046229635","-1.6125827046229635","-1.6125827046229635","-1.3304043943022918","-1.3304043943022918","-1.3304043943022918","-1.309229762432346","-1.309229762432346","-1.309229762432346","-1.539134402897386","-1.539134402897386","-1.539134402897386","-1.053618504034088","-1.053618504034088","-1.053618504034088","-1.2682512803354906","-1.2682512803354906","-1.2682512803354906","-0.9089406758465222","-0.9089406758465222","-0.9089406758465222","-1.3124491731727448","-1.3124491731727448","-1.3124491731727448"
"42500","-0.7819449368672442","-0.7819449368672442","-0.7819449368672442","-1.292985913905225","-1.292985913905225","-1.292985913905225","-1.1296725453858696","-1.1296725453858696","-1.1296725453858696","-1.1495329006587902","-1.1495329006587902","-1.1495329006587902","-1.1241037050425473","-1.1241037050425473","-1.1241037050425473","-0.8261067579794984","-0.8261067579794984","-0.8261067579794984","-0.9621915749943304","-0.9621915749943304","-0.9621915749943304","-1.078755781808797","-1.078755781808797","-1.078755781808797","-1.6117226538677065","-1.6117226538677065","-1.6117226538677065","-1.664716721969994","-1.664716721969994","-1.664716721969994","-0.959614929508259","-0.959614929508259","-0.959614929508259","-1.049276308576513","-1.049276308576513","-1.049276308576513","-1.1490371251942837","-1.1490371251942837","-1.1490371251942837","-1.1076175034941032","-1.1076175034941032","-1.1076175034941032","-1.0113914365721641","-1.0113914365721641","-1.0113914365721641","-1.4901331186393068","-1.4901331186393068","-1.4901331186393068","-1.3602832210927345","-1.3602832210927345","-1.3602832210927345","-1.09766936701608","-1.09766936701608","-1.09766936701608","-0.8311018060824541","-0.8311018060824541","-0.8311018060824541","-1.472899336170782","-1.472899336170782","-1.472899336170782"
"43000","-0.9301681593707924","-0.9301681593707924","-0.9301681593707924","-1.2981446018268337","-1.2981446018268337","-1.2981446018268337","-0.911288980192295","-0.911288980192295","-0.911288980192295","-1.1085591314845875","-1.1085591314845875","-1.1085591314845875","-0.6772046386160193","-0.6772046386160193","-0.6772046386160193","-0.788092765995136","-0.788092765995136","-0.788092765995136","-0.9621319609335398","-0.9621319609335398","-0.9621319609335398","-1.0837251644571215","-1.0837251644571215","-1.0837251644571215","-1.2002618293169722","-1.2002618293169722","-1.2002618293169722","-1.3792862937506127","-1.3792862937506127","-1.3792862937506127","-1.0255988896737773","-1.0255988896737773","-1.0255988896737773","-0.9678137283990953","-0.9678137283990953","-0.9678137283990953","-1.2218342508478754","-1.2218342508478754","-1.2218342508478754","-1.318530992206294","-1.318530992206294","-1.318530992206294","-0.9168291785429726","-0.9168291785429726","-0.9168291785429726","-1.5069168762033869","-1.5069168762033869","-1.5069168762033869","-1.2085030383151987","-1.2085030383151987","-1.2085030383151987","-1.096718937456329","-1.096718937456329","-1.096718937456329","-0.7985339440158611","-0.7985339440158611","-0.7985339440158611","-1.38852666117211","-1.38852666117211","-1.38852666117211"
"43500","-0.7609991655549829","-0.7609991655549829","-0.7609991655549829","-1.1467326458517995","-1.1467326458517995","-1.1467326458517995","-1.2000203113971808","-1.2000203113971808","-1.2000203113971808","-1.4294441752767173","-1.4294441752767173","-1.4294441752767173","-0.7850320460252813","-0.7850320460252813","-0.7850320460252813","-0.9027199217857154","-0.9027199217857154","-0.9027199217857154","-1.0041826564566751","-1.0041826564566751","-1.0041826564566751","-1.1744677225443274","-1.1744677225443274","-1.1744677225443274","-1.1998486438196645","-1.1998486438196645","-1.1998486438196645","-1.3825347105021972","-1.3825347105021972","-1.3825347105021972","-0.9038331439646623","-0.9038331439646623","-0.9038331439646623","-1.2189612985122502","-1.2189612985122502","-1.2189612985122502","-1.0526410177585648","-1.0526410177585648","-1.0526410177585648","-1.1361931252419453","-1.1361931252419453","-1.1361931252419453","-0.9157648023627999","-0.9157648023627999","-0.9157648023627999","-1.327896594175578","-1.327896594175578","-1.327896594175578","-0.9516684368332973","-0.9516684368332973","-0.9516684368332973","-1.180948136879207","-1.180948136879207","-1.180948136879207","-1.33743751573492","-1.33743751573492","-1.33743751573492","-1.5036746201252957","-1.5036746201252957","-1.5036746201252957"
"44000","-0.83114625698291","-0.83114625698291","-0.83114625698291","-1.3179939053248844","-1.3179939053248844","-1.3179939053248844","-1.055176432954134","-1.055176432954134","-1.055176432954134","-1.2762707341025712","-1.2762707341025712","-1.2762707341025712","-0.8434625317628548","-0.8434625317628548","-0.8434625317628548","-0.936167707446223","-0.936167707446223","-0.936167707446223","-1.0191485451120195","-1.0191485451120195","-1.0191485451120195","-1.1121169616774","-1.1121169616774","-1.1121169616774","-1.4440616351796032","-1.4440616351796032","-1.4440616351796032","-2.073647682547263","-2.073647682547263","-2.073647682547263","-1.0664239433683047","-1.0664239433683047","-1.0664239433683047","-1.0259339342184046","-1.0259339342184046","-1.0259339342184046","-1.3733401395371172","-1.3733401395371172","-1.3733401395371172","-1.0493711303659978","-1.0493711303659978","-1.0493711303659978","-0.8062308192540246","-0.8062308192540246","-0.8062308192540246","-1.2410061615056747","-1.2410061615056747","-1.2410061615056747","-1.0173372731943175","-1.0173372731943175","-1.0173372731943175","-1.2218984715575314","-1.2218984715575314","-1.2218984715575314","-0.9144648395457142","-0.9144648395457142","-0.9144648395457142","-1.620765948149123","-1.620765948149123","-1.620765948149123"
"44500","-0.7655985680192252","-0.7655985680192252","-0.7655985680192252","-1.182403013262163","-1.182403013262163","-1.182403013262163","-0.9697286380666483","-0.9697286380666483","-0.9697286380666483","-1.26354310505126","-1.26354310505126","-1.26354310505126","-0.9789361703443354","-0.9789361703443354","-0.9789361703443354","-0.8681154600340161","-0.8681154600340161","-0.8681154600340161","-1.1335725914848607","-1.1335725914848607","-1.1335725914848607","-1.0452569243105903","-1.0452569243105903","-1.0452569243105903","-1.164115474287302","-1.164115474287302","-1.164115474287302","-1.392434544431697","-1.392434544431697","-1.392434544431697","-0.777549704118793","-0.777549704118793","-0.777549704118793","-1.0925146173305305","-1.0925146173305305","-1.0925146173305305","-1.3529190768994808","-1.3529190768994808","-1.3529190768994808","-1.1391549586239935","-1.1391549586239935","-1.1391549586239935","-1.164065591604467","-1.164065591604467","-1.164065591604467","-1.3212054825179405","-1.3212054825179405","-1.3212054825179405","-0.8735964191989781","-0.8735964191989781","-0.8735964191989781","-1.2427259259627124","-1.2427259259627124","-1.2427259259627124","-0.9344752394109955","-0.9344752394109955","-0.9344752394109955","-1.7221118155595345","-1.7221118155595345","-1.7221118155595345"
"45000","-0.9091660442119214","-0.9091660442119214","-0.9091660442119214","-1.1957118688633628","-1.1957118688633628","-1.1957118688633628","-1.4214529275464607","-1.4214529275464607","-1.4214529275464607","-1.2084632049443593","-1.2084632049443593","-1.2084632049443593","-0.6567280371029717","-0.6567280371029717","-0.6567280371029717","-0.920681114118436","-0.920681114118436","-0.920681114118436","-1.0258089334264289","-1.0258089334264289","-1.0258089334264289","-1.0274031781017332","-1.0274031781017332","-1.0274031781017332","-1.2852121568179005","-1.2852121568179005","-1.2852121568179005","-1.2853494911302117","-1.2853494911302117","-1.2853494911302117","-0.8743800000411696","-0.8743800000411696","-0.8743800000411696","-1.235461854343678","-1.235461854343678","-1.235461854343678","-1.3793173100900358","-1.3793173100900358","-1.3793173100900358","-1.132051064312677","-1.132051064312677","-1.132051064312677","-0.8575286825364383","-0.8575286825364383","-0.8575286825364383","-1.186794097392129","-1.186794097392129","-1.186794097392129","-1.0612367281070525","-1.0612367281070525","-1.0612367281070525","-1.2657074231296939","-1.2657074231296939","-1.2657074231296939","-0.8525966210891962","-0.8525966210891962","-0.8525966210891962","-1.5617402175698005","-1.5617402175698005","-1.5617402175698005"
"45500","-0.7166918219792583","-0.7166918219792583","-0.7166918219792583","-1.1705324478553814","-1.1705324478553814","-1.1705324478553814","-1.2252503160411854","-1.2252503160411854","-1.2252503160411854","-1.151484788831479","-1.151484788831479","-1.151484788831479","-0.6937537320944419","-0.6937537320944419","-0.6937537320944419","-0.8480288576903243","-0.8480288576903243","-0.8480288576903243","-1.110117310125684","-1.110117310125684","-1.110117310125684","-0.9549119342895398","-0.9549119342895398","-0.9549119342895398","-1.283017359649549","-1.283017359649549","-1.283017359649549","-1.0916793014500983","-1.0916793014500983","-1.0916793014500983","-0.7986066017057346","-0.7986066017057346","-0.7986066017057346","-1.2643212708882996","-1.2643212708882996","-1.2643212708882996","-1.1945967975715368","-1.1945967975715368","-1.1945967975715368","-1.1417173605652438","-1.1417173605652438","-1.1417173605652438","-0.9098934695747494","-0.9098934695747494","-0.9098934695747494","-1.1892203295056145","-1.1892203295056145","-1.1892203295056145","-1.065361758718851","-1.065361758718851","-1.065361758718851","-1.2398972225317397","-1.2398972225317397","-1.2398972225317397","-0.8935073928555362","-0.8935073928555362","-0.8935073928555362","-1.6336146499749908","-1.6336146499749908","-1.6336146499749908"
"46000","-0.8124177403684758","-0.8124177403684758","-0.8124177403684758","-1.177874725035204","-1.177874725035204","-1.177874725035204","-1.1350199109460521","-1.1350199109460521","-1.1350199109460521","-1.3773175842268282","-1.3773175842268282","-1.3773175842268282","-0.8094890241584981","-0.8094890241584981","-0.8094890241584981","-0.9387076199608968","-0.9387076199608968","-0.9387076199608968","-1.0411527419147941","-1.0411527419147941","-1.0411527419147941","-0.9750383216506437","-0.9750383216506437","-0.9750383216506437","-1.26961502442775","-1.26961502442775","-1.26961502442775","-1.094205973026122","-1.094205973026122","-1.094205973026122","-0.7166636902925497","-0.7166636902925497","-0.7166636902925497","-1.0288331182042758","-1.0288331182042758","-1.0288331182042758","-1.3689701979627495","-1.3689701979627495","-1.3689701979627495","-1.1464188673140536","-1.1464188673140536","-1.1464188673140536","-1.088495633371063","-1.088495633371063","-1.088495633371063","-1.3620070117831045","-1.3620070117831045","-1.3620070117831045","-0.9868687760557414","-0.9868687760557414","-0.9868687760557414","-1.1123101701490992","-1.1123101701490992","-1.1123101701490992","-1.0057996874313795","-1.0057996874313795","-1.0057996874313795","-1.6698215192772348","-1.6698215192772348","-1.6698215192772348"
"46500","-0.9626985523782997","-0.9626985523782997","-0.9626985523782997","-1.2084413296865786","-1.2084413296865786","-1.2084413296865786","-1.3365593438828678","-1.3365593438828678","-1.3365593438828678","-1.2941093855858374","-1.2941093855858374","-1.2941093855858374","-1.1192192515635258","-1.1192192515635258","-1.1192192515635258","-0.8999327061176345","-0.8999327061176345","-0.8999327061176345","-1.204821710257701","-1.204821710257701","-1.204821710257701","-1.1009396615725695","-1.1009396615725695","-1.1009396615725695","-1.2742498152893562","-1.2742498152893562","-1.2742498152893562","-1.1644812548088432","-1.1644812548088432","-1.1644812548088432","-0.7221896747936242","-0.7221896747936242","-0.7221896747936242","-0.9855795407672062","-0.9855795407672062","-0.9855795407672062","-1.217236537605317","-1.217236537605317","-1.217236537605317","-1.141929593456657","-1.141929593456657","-1.141929593456657","-1.0215840167359678","-1.0215840167359678","-1.0215840167359678","-1.2238993419713633","-1.2238993419713633","-1.2238993419713633","-1.0645584468736558","-1.0645584468736558","-1.0645584468736558","-1.1682064594240413","-1.1682064594240413","-1.1682064594240413","-0.8947667891549539","-0.8947667891549539","-0.8947667891549539","-1.4750750167602096","-1.4750750167602096","-1.4750750167602096"
"47000","-0.7328264058489141","-0.7328264058489141","-0.7328264058489141","-1.1796583374907768","-1.1796583374907768","-1.1796583374907768","-1.8341709576645606","-1.8341709576645606","-1.8341709576645606","-1.351880304306808","-1.351880304306808","-1.351880304306808","-0.7365220242795456","-0.7365220242795456","-0.7365220242795456","-1.0096781964078152","-1.0096781964078152","-1.0096781964078152","-1.1154109216018033","-1.1154109216018033","-1.1154109216018033","-0.9440783588886882","-0.9440783588886882","-0.9440783588886882","-1.31691163194678","-1.31691163194678","-1.31691163194678","-1.9405944069419647","-1.9405944069419647","-1.9405944069419647","-0.8053010097044542","-0.8053010097044542","-0.8053010097044542","-1.0808265728609907","-1.0808265728609907","-1.0808265728609907","-1.4014782829370969","-1.4014782829370969","-1.4014782829370969","-1.0942732648189846","-1.0942732648189846","-1.0942732648189846","-1.0668340464106272","-1.0668340464106272","-1.0668340464106272","-1.1649291434538898","-1.1649291434538898","-1.1649291434538898","-1.0284762541040149","-1.0284762541040149","-1.0284762541040149","-1.0831033762358337","-1.0831033762358337","-1.0831033762358337","-0.8517874867671871","-0.8517874867671871","-0.8517874867671871","-1.7053954365992514","-1.7053954365992514","-1.7053954365992514"
"47500","-0.7110150852800377","-0.7110150852800377","-0.7110150852800377","-1.348342920741469","-1.348342920741469","-1.348342920741469","-1.835393724657628","-1.835393724657628","-1.835393724657628","-1.5138905540718663","-1.5138905540718663","-1.5138905540718663","-0.7501593652251664","-0.7501593652251664","-0.7501593652251664","-0.9181528383775313","-0.9181528383775313","-0.9181528383775313","-1.138348015706465","-1.138348015706465","-1.138348015706465","-0.9283395596444779","-0.9283395596444779","-0.9283395596444779","-1.297866687024105","-1.297866687024105","-1.297866687024105","-1.3658936423371366","-1.3658936423371366","-1.3658936423371366","-1.114913291608075","-1.114913291608075","-1.114913291608075","-1.1880538863632615","-1.1880538863632615","-1.1880538863632615","-1.4206371482113918","-1.4206371482113918","-1.4206371482113918","-1.2065717912756602","-1.2065717912756602","-1.2065717912756602","-1.11183336180952","-1.11183336180952","-1.11183336180952","-1.0349481791165003","-1.0349481791165003","-1.0349481791165003","-1.1043430671000742","-1.1043430671000742","-1.1043430671000742","-1.1082087519757866","-1.1082087519757866","-1.1082087519757866","-1.1733659571608737","-1.1733659571608737","-1.1733659571608737","-1.6166880091978175","-1.6166880091978175","-1.6166880091978175"
"48000","-0.8779195561357774","-0.8779195561357774","-0.8779195561357774","-1.2303421574858286","-1.2303421574858286","-1.2303421574858286","-0.8916020015513748","-0.8916020015513748","-0.8916020015513748","-1.3766513516836194","-1.3766513516836194","-1.3766513516836194","-0.8678273375216458","-0.8678273375216458","-0.8678273375216458","-0.912951550869319","-0.912951550869319","-0.912951550869319","-0.9980294822360511","-0.9980294822360511","-0.9980294822360511","-1.1070048564547694","-1.1070048564547694","-1.1070048564547694","-1.1927994259055805","-1.1927994259055805","-1.1927994259055805","-1.602075074737136","-1.602075074737136","-1.602075074737136","-0.8870353242274277","-0.8870353242274277","-0.8870353242274277","-1.027224028658378","-1.027224028658378","-1.027224028658378","-1.431215802071089","-1.431215802071089","-1.431215802071089","-1.12423944062636","-1.12423944062636","-1.12423944062636","-1.0347243644028672","-1.0347243644028672","-1.0347243644028672","-1.1299063892935852","-1.1299063892935852","-1.1299063892935852","-0.9514184021411248","-0.9514184021411248","-0.9514184021411248","-1.154815751200843","-1.154815751200843","-1.154815751200843","-0.8303262897676461","-0.8303262897676461","-0.8303262897676461","-1.5626155205057344","-1.5626155205057344","-1.5626155205057344"
"48500","-1.0300819492962732","-1.0300819492962732","-1.0300819492962732","-1.2296607568778142","-1.2296607568778142","-1.2296607568778142","-0.7917039430642457","-0.7917039430642457","-0.7917039430642457","-1.420524292243124","-1.420524292243124","-1.420524292243124","-0.7579652615771962","-0.7579652615771962","-0.7579652615771962","-0.9313791973782216","-0.9313791973782216","-0.9313791973782216","-1.0989209993658593","-1.0989209993658593","-1.0989209993658593","-1.0507219219638269","-1.0507219219638269","-1.0507219219638269","-1.1446603786403386","-1.1446603786403386","-1.1446603786403386","-1.0759235688792093","-1.0759235688792093","-1.0759235688792093","-0.7058404249505316","-0.7058404249505316","-0.7058404249505316","-1.164334612736147","-1.164334612736147","-1.164334612736147","-1.4236456756110907","-1.4236456756110907","-1.4236456756110907","-1.1357749014174552","-1.1357749014174552","-1.1357749014174552","-0.9684535688063338","-0.9684535688063338","-0.9684535688063338","-1.1697210963532516","-1.1697210963532516","-1.1697210963532516","-0.9900270923711245","-0.9900270923711245","-0.9900270923711245","-1.0803355363507898","-1.0803355363507898","-1.0803355363507898","-0.7732547141029882","-0.7732547141029882","-0.7732547141029882","-1.452210775357073","-1.452210775357073","-1.452210775357073"
"49000","-0.771354738393283","-0.771354738393283","-0.771354738393283","-1.5081156598239172","-1.5081156598239172","-1.5081156598239172","-1.197870546577919","-1.197870546577919","-1.197870546577919","-1.3352380046968364","-1.3352380046968364","-1.3352380046968364","-1.0755888818314028","-1.0755888818314028","-1.0755888818314028","-0.9239226934177204","-0.9239226934177204","-0.9239226934177204","-0.9731493073470423","-0.9731493073470423","-0.9731493073470423","-0.9731992472513763","-0.9731992472513763","-0.9731992472513763","-1.310889100923711","-1.310889100923711","-1.310889100923711","-1.3053095365772696","-1.3053095365772696","-1.3053095365772696","-0.7732457789690885","-0.7732457789690885","-0.7732457789690885","-1.0259283525735308","-1.0259283525735308","-1.0259283525735308","-1.2710769980673742","-1.2710769980673742","-1.2710769980673742","-1.0837836267405745","-1.0837836267405745","-1.0837836267405745","-1.0062477596494284","-1.0062477596494284","-1.0062477596494284","-1.172745621014543","-1.172745621014543","-1.172745621014543","-0.9720792082193931","-0.9720792082193931","-0.9720792082193931","-1.1667764408265415","-1.1667764408265415","-1.1667764408265415","-0.8465489390805445","-0.8465489390805445","-0.8465489390805445","-1.500454113743516","-1.500454113743516","-1.500454113743516"
"49500","-0.9244548140201558","-0.9244548140201558","-0.9244548140201558","-1.2342846218565486","-1.2342846218565486","-1.2342846218565486","-1.1855629473629716","-1.1855629473629716","-1.1855629473629716","-1.1837854356662807","-1.1837854356662807","-1.1837854356662807","-0.7760048257481834","-0.7760048257481834","-0.7760048257481834","-0.9093985289014783","-0.9093985289014783","-0.9093985289014783","-0.9092684421421915","-0.9092684421421915","-0.9092684421421915","-1.0313098128572327","-1.0313098128572327","-1.0313098128572327","-1.0919360037882258","-1.0919360037882258","-1.0919360037882258","-1.107217224840506","-1.107217224840506","-1.107217224840506","-0.787915423638559","-0.787915423638559","-0.787915423638559","-0.9953730027413078","-0.9953730027413078","-0.9953730027413078","-1.2920669285529933","-1.2920669285529933","-1.2920669285529933","-1.1175136360240923","-1.1175136360240923","-1.1175136360240923","-1.0349086277803934","-1.0349086277803934","-1.0349086277803934","-1.2308988631873699","-1.2308988631873699","-1.2308988631873699","-1.414589125332364","-1.414589125332364","-1.414589125332364","-1.0176013052662392","-1.0176013052662392","-1.0176013052662392","-0.9394678595194635","-0.9394678595194635","-0.9394678595194635","-1.606093608125328","-1.606093608125328","-1.606093608125328"
"50000","-0.8739740338274951","-0.8739740338274951","-0.8739740338274951","-1.2196799456207166","-1.2196799456207166","-1.2196799456207166","-1.0825556133013747","-1.0825556133013747","-1.0825556133013747","-1.2584645723373398","-1.2584645723373398","-1.2584645723373398","-1.1916139414809963","-1.1916139414809963","-1.1916139414809963","-1.0765752469856702","-1.0765752469856702","-1.0765752469856702","-0.9709453358417035","-0.9709453358417035","-0.9709453358417035","-1.004522933869724","-1.004522933869724","-1.004522933869724","-1.080967050076048","-1.080967050076048","-1.080967050076048","-1.6383646706794202","-1.6383646706794202","-1.6383646706794202","-0.7498105735910106","-0.7498105735910106","-0.7498105735910106","-1.0050571707811473","-1.0050571707811473","-1.0050571707811473","-1.4975038530587574","-1.4975038530587574","-1.4975038530587574","-1.2832768730472293","-1.2832768730472293","-1.2832768730472293","-1.1330071113945954","-1.1330071113945954","-1.1330071113945954","-1.1040797394430908","-1.1040797394430908","-1.1040797394430908","-1.0011730097587206","-1.0011730097587206","-1.0011730097587206","-1.3347411525323736","-1.3347411525323736","-1.3347411525323736","-1.333616078698278","-1.333616078698278","-1.333616078698278","-1.5509061205312926","-1.5509061205312926","-1.5509061205312926"