"Step","DDPG_TempoRL_FetchReachDense-v4_19 - eval/avg_reward","DDPG_TempoRL_FetchReachDense-v4_19 - eval/avg_reward__MIN","DDPG_TempoRL_FetchReachDense-v4_19 - eval/avg_reward__MAX","DDPG_TempoRL_FetchReachDense-v4_18 - eval/avg_reward","DDPG_TempoRL_FetchReachDense-v4_18 - eval/avg_reward__MIN","DDPG_TempoRL_FetchReachDense-v4_18 - eval/avg_reward__MAX","DDPG_TempoRL_FetchReachDense-v4_17 - eval/avg_reward","DDPG_TempoRL_FetchReachDense-v4_17 - eval/avg_reward__MIN","DDPG_TempoRL_FetchReachDense-v4_17 - eval/avg_reward__MAX","DDPG_TempoRL_FetchReachDense-v4_16 - eval/avg_reward","DDPG_TempoRL_FetchReachDense-v4_16 - eval/avg_reward__MIN","DDPG_TempoRL_FetchReachDense-v4_16 - eval/avg_reward__MAX","DDPG_TempoRL_FetchReachDense-v4_15 - eval/avg_reward","DDPG_TempoRL_FetchReachDense-v4_15 - eval/avg_reward__MIN","DDPG_TempoRL_FetchReachDense-v4_15 - eval/avg_reward__MAX","DDPG_TempoRL_FetchReachDense-v4_14 - eval/avg_reward","DDPG_TempoRL_FetchReachDense-v4_14 - eval/avg_reward__MIN","DDPG_TempoRL_FetchReachDense-v4_14 - eval/avg_reward__MAX","DDPG_TempoRL_FetchReachDense-v4_13 - eval/avg_reward","DDPG_TempoRL_FetchReachDense-v4_13 - eval/avg_reward__MIN","DDPG_TempoRL_FetchReachDense-v4_13 - eval/avg_reward__MAX","DDPG_TempoRL_FetchReachDense-v4_12 - eval/avg_reward","DDPG_TempoRL_FetchReachDense-v4_12 - eval/avg_reward__MIN","DDPG_TempoRL_FetchReachDense-v4_12 - eval/avg_reward__MAX","DDPG_TempoRL_FetchReachDense-v4_11 - eval/avg_reward","DDPG_TempoRL_FetchReachDense-v4_11 - eval/avg_reward__MIN","DDPG_TempoRL_FetchReachDense-v4_11 - eval/avg_reward__MAX","DDPG_TempoRL_FetchReachDense-v4_10 - eval/avg_reward","DDPG_TempoRL_FetchReachDense-v4_10 - eval/avg_reward__MIN","DDPG_TempoRL_FetchReachDense-v4_10 - eval/avg_reward__MAX","DDPG_TempoRL_FetchReachDense-v4_9 - eval/avg_reward","DDPG_TempoRL_FetchReachDense-v4_9 - eval/avg_reward__MIN","DDPG_TempoRL_FetchReachDense-v4_9 - eval/avg_reward__MAX","DDPG_TempoRL_FetchReachDense-v4_8 - eval/avg_reward","DDPG_TempoRL_FetchReachDense-v4_8 - eval/avg_reward__MIN","DDPG_TempoRL_FetchReachDense-v4_8 - eval/avg_reward__MAX","DDPG_TempoRL_FetchReachDense-v4_7 - eval/avg_reward","DDPG_TempoRL_FetchReachDense-v4_7 - eval/avg_reward__MIN","DDPG_TempoRL_FetchReachDense-v4_7 - eval/avg_reward__MAX","DDPG_TempoRL_FetchReachDense-v4_6 - eval/avg_reward","DDPG_TempoRL_FetchReachDense-v4_6 - eval/avg_reward__MIN","DDPG_TempoRL_FetchReachDense-v4_6 - eval/avg_reward__MAX","DDPG_TempoRL_FetchReachDense-v4_5 - eval/avg_reward","DDPG_TempoRL_FetchReachDense-v4_5 - eval/avg_reward__MIN","DDPG_TempoRL_FetchReachDense-v4_5 - eval/avg_reward__MAX","DDPG_TempoRL_FetchReachDense-v4_4 - eval/avg_reward","DDPG_TempoRL_FetchReachDense-v4_4 - eval/avg_reward__MIN","DDPG_TempoRL_FetchReachDense-v4_4 - eval/avg_reward__MAX","DDPG_TempoRL_FetchReachDense-v4_3 - eval/avg_reward","DDPG_TempoRL_FetchReachDense-v4_3 - eval/avg_reward__MIN","DDPG_TempoRL_FetchReachDense-v4_3 - eval/avg_reward__MAX","DDPG_TempoRL_FetchReachDense-v4_2 - eval/avg_reward","DDPG_TempoRL_FetchReachDense-v4_2 - eval/avg_reward__MIN","DDPG_TempoRL_FetchReachDense-v4_2 - eval/avg_reward__MAX","DDPG_TempoRL_FetchReachDense-v4_1 - eval/avg_reward","DDPG_TempoRL_FetchReachDense-v4_1 - eval/avg_reward__MIN","DDPG_TempoRL_FetchReachDense-v4_1 - eval/avg_reward__MAX","DDPG_TempoRL_FetchReachDense-v4_0 - eval/avg_reward","DDPG_TempoRL_FetchReachDense-v4_0 - eval/avg_reward__MIN","DDPG_TempoRL_FetchReachDense-v4_0 - eval/avg_reward__MAX"
"0","-9.941806426746265","-9.941806426746265","-9.941806426746265","-10.221164658823573","-10.221164658823573","-10.221164658823573","-11.589473980558719","-11.589473980558719","-11.589473980558719","-10.07958464212241","-10.07958464212241","-10.07958464212241","-8.167563599142227","-8.167563599142227","-8.167563599142227","-6.944545442339839","-6.944545442339839","-6.944545442339839","-10.00770514363943","-10.00770514363943","-10.00770514363943","-7.2171300585511675","-7.2171300585511675","-7.2171300585511675","-13.55785850458843","-13.55785850458843","-13.55785850458843","-14.906624656211216","-14.906624656211216","-14.906624656211216","-7.672963435231601","-7.672963435231601","-7.672963435231601","-9.115028119696335","-9.115028119696335","-9.115028119696335","-9.135407749445303","-9.135407749445303","-9.135407749445303","-12.371034217848592","-12.371034217848592","-12.371034217848592","-8.069456535516712","-8.069456535516712","-8.069456535516712","-8.661568874507683","-8.661568874507683","-8.661568874507683","-10.397622377453867","-10.397622377453867","-10.397622377453867","-9.776919009376702","-9.776919009376702","-9.776919009376702","-11.508207324287477","-11.508207324287477","-11.508207324287477","-9.638877175587385","-9.638877175587385","-9.638877175587385"
"500","-9.941806426746265","-9.941806426746265","-9.941806426746265","-10.221164658823573","-10.221164658823573","-10.221164658823573","-11.589473980558719","-11.589473980558719","-11.589473980558719","-10.07958464212241","-10.07958464212241","-10.07958464212241","-8.167563599142227","-8.167563599142227","-8.167563599142227","-6.944545442339839","-6.944545442339839","-6.944545442339839","-10.00770514363943","-10.00770514363943","-10.00770514363943","-7.2171300585511675","-7.2171300585511675","-7.2171300585511675","-13.55785850458843","-13.55785850458843","-13.55785850458843","-14.906624656211216","-14.906624656211216","-14.906624656211216","-7.672963435231601","-7.672963435231601","-7.672963435231601","-9.115028119696335","-9.115028119696335","-9.115028119696335","-9.135407749445303","-9.135407749445303","-9.135407749445303","-12.371034217848592","-12.371034217848592","-12.371034217848592","-8.069456535516712","-8.069456535516712","-8.069456535516712","-8.661568874507683","-8.661568874507683","-8.661568874507683","-10.397622377453867","-10.397622377453867","-10.397622377453867","-9.776919009376702","-9.776919009376702","-9.776919009376702","-11.508207324287477","-11.508207324287477","-11.508207324287477","-9.638877175587385","-9.638877175587385","-9.638877175587385"
"1000","-9.941806426746265","-9.941806426746265","-9.941806426746265","-10.221164658823573","-10.221164658823573","-10.221164658823573","-11.589473980558719","-11.589473980558719","-11.589473980558719","-10.07958464212241","-10.07958464212241","-10.07958464212241","-8.167563599142227","-8.167563599142227","-8.167563599142227","-6.944545442339839","-6.944545442339839","-6.944545442339839","-10.00770514363943","-10.00770514363943","-10.00770514363943","-7.2171300585511675","-7.2171300585511675","-7.2171300585511675","-13.55785850458843","-13.55785850458843","-13.55785850458843","-14.906624656211216","-14.906624656211216","-14.906624656211216","-7.672963435231601","-7.672963435231601","-7.672963435231601","-9.115028119696335","-9.115028119696335","-9.115028119696335","-10.011051709438014","-10.011051709438014","-10.011051709438014","-12.371034217848592","-12.371034217848592","-12.371034217848592","-8.069456535516712","-8.069456535516712","-8.069456535516712","-11.578707577315585","-11.578707577315585","-11.578707577315585","-10.397622377453867","-10.397622377453867","-10.397622377453867","-8.544963289665128","-8.544963289665128","-8.544963289665128","-10.103090825691602","-10.103090825691602","-10.103090825691602","-9.638877175587385","-9.638877175587385","-9.638877175587385"
"1500","-13.377173727698624","-13.377173727698624","-13.377173727698624","-19.138958017744272","-19.138958017744272","-19.138958017744272","-15.93902341882693","-15.93902341882693","-15.93902341882693","-9.643940413340284","-9.643940413340284","-9.643940413340284","-16.702409807913348","-16.702409807913348","-16.702409807913348","-7.337991781657683","-7.337991781657683","-7.337991781657683","-8.781791401148187","-8.781791401148187","-8.781791401148187","-11.161080667203525","-11.161080667203525","-11.161080667203525","-17.752225433390088","-17.752225433390088","-17.752225433390088","-10.330626586631974","-10.330626586631974","-10.330626586631974","-15.85110423501248","-15.85110423501248","-15.85110423501248","-11.17653647703133","-11.17653647703133","-11.17653647703133","-15.443070031169764","-15.443070031169764","-15.443070031169764","-35.600787907576056","-35.600787907576056","-35.600787907576056","-15.318110726592105","-15.318110726592105","-15.318110726592105","-12.435757868485412","-12.435757868485412","-12.435757868485412","-10.203694595809333","-10.203694595809333","-10.203694595809333","-12.566213703501314","-12.566213703501314","-12.566213703501314","-7.590947544893888","-7.590947544893888","-7.590947544893888","-13.70749904393872","-13.70749904393872","-13.70749904393872"
"2000","-9.916464879518749","-9.916464879518749","-9.916464879518749","-11.26038239855703","-11.26038239855703","-11.26038239855703","-13.97233629517604","-13.97233629517604","-13.97233629517604","-29.92881280562837","-29.92881280562837","-29.92881280562837","-7.032290369641439","-7.032290369641439","-7.032290369641439","-7.861614806248977","-7.861614806248977","-7.861614806248977","-7.94318724508261","-7.94318724508261","-7.94318724508261","-20.754765813864303","-20.754765813864303","-20.754765813864303","-11.875199554513756","-11.875199554513756","-11.875199554513756","-13.118143069061187","-13.118143069061187","-13.118143069061187","-11.201521323776378","-11.201521323776378","-11.201521323776378","-8.501701140623727","-8.501701140623727","-8.501701140623727","-12.279237702274532","-12.279237702274532","-12.279237702274532","-16.44969880846104","-16.44969880846104","-16.44969880846104","-11.685178430942164","-11.685178430942164","-11.685178430942164","-7.873349674920672","-7.873349674920672","-7.873349674920672","-20.297143941132397","-20.297143941132397","-20.297143941132397","-30.24137275767775","-30.24137275767775","-30.24137275767775","-8.536187787201367","-8.536187787201367","-8.536187787201367","-10.999343765421804","-10.999343765421804","-10.999343765421804"
"2500","-13.00237095662934","-13.00237095662934","-13.00237095662934","-6.893149856922882","-6.893149856922882","-6.893149856922882","-20.63425411487922","-20.63425411487922","-20.63425411487922","-7.574928269058733","-7.574928269058733","-7.574928269058733","-11.466260170552065","-11.466260170552065","-11.466260170552065","-9.827800622611923","-9.827800622611923","-9.827800622611923","-7.151541686889604","-7.151541686889604","-7.151541686889604","-18.95193712264376","-18.95193712264376","-18.95193712264376","-14.275023012755142","-14.275023012755142","-14.275023012755142","-23.03010364964578","-23.03010364964578","-23.03010364964578","-9.862252185195832","-9.862252185195832","-9.862252185195832","-6.748389815010576","-6.748389815010576","-6.748389815010576","-8.257220284890128","-8.257220284890128","-8.257220284890128","-15.885863229703096","-15.885863229703096","-15.885863229703096","-9.700405939134958","-9.700405939134958","-9.700405939134958","-18.2408765368993","-18.2408765368993","-18.2408765368993","-7.940060847190762","-7.940060847190762","-7.940060847190762","-14.211070198504633","-14.211070198504633","-14.211070198504633","-6.924994265282957","-6.924994265282957","-6.924994265282957","-20.46003623263308","-20.46003623263308","-20.46003623263308"
"3000","-12.601695699459825","-12.601695699459825","-12.601695699459825","-6.524963418037262","-6.524963418037262","-6.524963418037262","-5.3418502995322985","-5.3418502995322985","-5.3418502995322985","-8.1253658642093","-8.1253658642093","-8.1253658642093","-6.126412475890513","-6.126412475890513","-6.126412475890513","-10.496913388927812","-10.496913388927812","-10.496913388927812","-9.925500433925096","-9.925500433925096","-9.925500433925096","-8.711561915028073","-8.711561915028073","-8.711561915028073","-4.741778405144371","-4.741778405144371","-4.741778405144371","-13.72849162683813","-13.72849162683813","-13.72849162683813","-8.025959908560276","-8.025959908560276","-8.025959908560276","-6.323297445171633","-6.323297445171633","-6.323297445171633","-10.022555542887286","-10.022555542887286","-10.022555542887286","-15.044607961340756","-15.044607961340756","-15.044607961340756","-8.05793005780323","-8.05793005780323","-8.05793005780323","-29.996606334813755","-29.996606334813755","-29.996606334813755","-8.58040408147723","-8.58040408147723","-8.58040408147723","-7.273850252979011","-7.273850252979011","-7.273850252979011","-7.898431104864741","-7.898431104864741","-7.898431104864741","-12.364958468827071","-12.364958468827071","-12.364958468827071"
"3500","-11.915621880624352","-11.915621880624352","-11.915621880624352","-7.46789558372861","-7.46789558372861","-7.46789558372861","-9.939702869207357","-9.939702869207357","-9.939702869207357","-8.560176398435788","-8.560176398435788","-8.560176398435788","-8.639014868951438","-8.639014868951438","-8.639014868951438","-7.980583981818256","-7.980583981818256","-7.980583981818256","-8.56604210403614","-8.56604210403614","-8.56604210403614","-6.883533423779953","-6.883533423779953","-6.883533423779953","-11.906391192212954","-11.906391192212954","-11.906391192212954","-13.271585579342737","-13.271585579342737","-13.271585579342737","-10.319281560673689","-10.319281560673689","-10.319281560673689","-6.7718485240087904","-6.7718485240087904","-6.7718485240087904","-9.770951191808932","-9.770951191808932","-9.770951191808932","-16.712315116996194","-16.712315116996194","-16.712315116996194","-8.682427628657715","-8.682427628657715","-8.682427628657715","-11.562270119706534","-11.562270119706534","-11.562270119706534","-6.0235733606615245","-6.0235733606615245","-6.0235733606615245","-8.58184599787256","-8.58184599787256","-8.58184599787256","-6.736616648068605","-6.736616648068605","-6.736616648068605","-8.466963582351017","-8.466963582351017","-8.466963582351017"
"4000","-10.936715254443536","-10.936715254443536","-10.936715254443536","-5.403535764282335","-5.403535764282335","-5.403535764282335","-16.588062790723683","-16.588062790723683","-16.588062790723683","-6.0251902114642695","-6.0251902114642695","-6.0251902114642695","-7.360294483638301","-7.360294483638301","-7.360294483638301","-13.6741319396647","-13.6741319396647","-13.6741319396647","-9.032154084105391","-9.032154084105391","-9.032154084105391","-7.533934113669853","-7.533934113669853","-7.533934113669853","-9.47206344835429","-9.47206344835429","-9.47206344835429","-10.281316377481986","-10.281316377481986","-10.281316377481986","-9.497711935210617","-9.497711935210617","-9.497711935210617","-8.10253871235744","-8.10253871235744","-8.10253871235744","-7.846188902020993","-7.846188902020993","-7.846188902020993","-11.603478682062157","-11.603478682062157","-11.603478682062157","-6.9971291838248675","-6.9971291838248675","-6.9971291838248675","-7.391491088754849","-7.391491088754849","-7.391491088754849","-6.701792898988266","-6.701792898988266","-6.701792898988266","-4.722631979464296","-4.722631979464296","-4.722631979464296","-5.220839550354401","-5.220839550354401","-5.220839550354401","-7.721757114384667","-7.721757114384667","-7.721757114384667"
"4500","-9.30262271856132","-9.30262271856132","-9.30262271856132","-6.013897037857715","-6.013897037857715","-6.013897037857715","-10.243239252179077","-10.243239252179077","-10.243239252179077","-6.639693361988321","-6.639693361988321","-6.639693361988321","-9.630587181202657","-9.630587181202657","-9.630587181202657","-7.511386643437858","-7.511386643437858","-7.511386643437858","-5.963408851254778","-5.963408851254778","-5.963408851254778","-7.692406647309163","-7.692406647309163","-7.692406647309163","-6.4137825404315665","-6.4137825404315665","-6.4137825404315665","-7.779137993777487","-7.779137993777487","-7.779137993777487","-8.282767616583188","-8.282767616583188","-8.282767616583188","-7.029881815373555","-7.029881815373555","-7.029881815373555","-4.671929703425472","-4.671929703425472","-4.671929703425472","-8.194262701473754","-8.194262701473754","-8.194262701473754","-11.977109295964032","-11.977109295964032","-11.977109295964032","-7.5587534309951625","-7.5587534309951625","-7.5587534309951625","-5.419273952395876","-5.419273952395876","-5.419273952395876","-7.863722922181884","-7.863722922181884","-7.863722922181884","-7.63763989925892","-7.63763989925892","-7.63763989925892","-5.327929467054679","-5.327929467054679","-5.327929467054679"
"5000","-7.340260186043618","-7.340260186043618","-7.340260186043618","-6.558785821741118","-6.558785821741118","-6.558785821741118","-11.740873194966492","-11.740873194966492","-11.740873194966492","-6.984700524846589","-6.984700524846589","-6.984700524846589","-6.854182521082201","-6.854182521082201","-6.854182521082201","-6.715068244186966","-6.715068244186966","-6.715068244186966","-9.021523352998893","-9.021523352998893","-9.021523352998893","-5.949833236452988","-5.949833236452988","-5.949833236452988","-8.660979462914778","-8.660979462914778","-8.660979462914778","-7.792610076735872","-7.792610076735872","-7.792610076735872","-8.779425145107087","-8.779425145107087","-8.779425145107087","-13.159606686020428","-13.159606686020428","-13.159606686020428","-5.856719834601277","-5.856719834601277","-5.856719834601277","-9.023621724296135","-9.023621724296135","-9.023621724296135","-6.9171409233564045","-6.9171409233564045","-6.9171409233564045","-6.3425027284884195","-6.3425027284884195","-6.3425027284884195","-5.75015428837224","-5.75015428837224","-5.75015428837224","-12.306738149677102","-12.306738149677102","-12.306738149677102","-8.220970515723812","-8.220970515723812","-8.220970515723812","-8.729075966247267","-8.729075966247267","-8.729075966247267"
"5500","-6.63061425518808","-6.63061425518808","-6.63061425518808","-5.691788036123296","-5.691788036123296","-5.691788036123296","-10.08871785612082","-10.08871785612082","-10.08871785612082","-4.738565293182524","-4.738565293182524","-4.738565293182524","-7.176448187340877","-7.176448187340877","-7.176448187340877","-6.629513279277072","-6.629513279277072","-6.629513279277072","-5.71559603984412","-5.71559603984412","-5.71559603984412","-7.850683204732158","-7.850683204732158","-7.850683204732158","-6.9036822246316545","-6.9036822246316545","-6.9036822246316545","-8.108443006357476","-8.108443006357476","-8.108443006357476","-8.339122062826583","-8.339122062826583","-8.339122062826583","-9.789902543808788","-9.789902543808788","-9.789902543808788","-8.111606230945458","-8.111606230945458","-8.111606230945458","-9.631541287385023","-9.631541287385023","-9.631541287385023","-7.094987639065982","-7.094987639065982","-7.094987639065982","-6.6429905363475115","-6.6429905363475115","-6.6429905363475115","-4.843727003214971","-4.843727003214971","-4.843727003214971","-10.656057161804934","-10.656057161804934","-10.656057161804934","-5.287096937320749","-5.287096937320749","-5.287096937320749","-6.685741492883811","-6.685741492883811","-6.685741492883811"
"6000","-7.094418365360035","-7.094418365360035","-7.094418365360035","-6.398946662225322","-6.398946662225322","-6.398946662225322","-6.113692503192475","-6.113692503192475","-6.113692503192475","-5.101036579046257","-5.101036579046257","-5.101036579046257","-7.65455788326486","-7.65455788326486","-7.65455788326486","-4.246901880685717","-4.246901880685717","-4.246901880685717","-4.853533219315921","-4.853533219315921","-4.853533219315921","-5.788013772553327","-5.788013772553327","-5.788013772553327","-4.704255629457027","-4.704255629457027","-4.704255629457027","-5.75732336595635","-5.75732336595635","-5.75732336595635","-7.657291806745438","-7.657291806745438","-7.657291806745438","-5.96137631071185","-5.96137631071185","-5.96137631071185","-7.744500792611051","-7.744500792611051","-7.744500792611051","-8.810188343530106","-8.810188343530106","-8.810188343530106","-5.9521775826478915","-5.9521775826478915","-5.9521775826478915","-4.638718753096727","-4.638718753096727","-4.638718753096727","-4.777876146393966","-4.777876146393966","-4.777876146393966","-8.451527917550106","-8.451527917550106","-8.451527917550106","-6.848115336606165","-6.848115336606165","-6.848115336606165","-7.519920218382987","-7.519920218382987","-7.519920218382987"
"6500","-5.303219654941361","-5.303219654941361","-5.303219654941361","-6.133920163373401","-6.133920163373401","-6.133920163373401","-3.507799190918726","-3.507799190918726","-3.507799190918726","-4.787331217009242","-4.787331217009242","-4.787331217009242","-7.101991772306254","-7.101991772306254","-7.101991772306254","-3.5150772132589863","-3.5150772132589863","-3.5150772132589863","-3.87341808285199","-3.87341808285199","-3.87341808285199","-7.508145489962319","-7.508145489962319","-7.508145489962319","-5.365676565987217","-5.365676565987217","-5.365676565987217","-8.709438206879023","-8.709438206879023","-8.709438206879023","-8.567206514925056","-8.567206514925056","-8.567206514925056","-4.654198885158582","-4.654198885158582","-4.654198885158582","-5.207512364451494","-5.207512364451494","-5.207512364451494","-7.294566259664802","-7.294566259664802","-7.294566259664802","-6.853263012424816","-6.853263012424816","-6.853263012424816","-6.934863878595168","-6.934863878595168","-6.934863878595168","-4.550864916425551","-4.550864916425551","-4.550864916425551","-8.009974496769454","-8.009974496769454","-8.009974496769454","-5.333063351823233","-5.333063351823233","-5.333063351823233","-7.745251521657292","-7.745251521657292","-7.745251521657292"
"7000","-7.29486138578976","-7.29486138578976","-7.29486138578976","-4.985466069828181","-4.985466069828181","-4.985466069828181","-3.9751843613448608","-3.9751843613448608","-3.9751843613448608","-4.4114804517157475","-4.4114804517157475","-4.4114804517157475","-6.268546999223633","-6.268546999223633","-6.268546999223633","-6.634637873587799","-6.634637873587799","-6.634637873587799","-5.16747813297764","-5.16747813297764","-5.16747813297764","-12.134123900093703","-12.134123900093703","-12.134123900093703","-5.043662876087245","-5.043662876087245","-5.043662876087245","-5.73708487440551","-5.73708487440551","-5.73708487440551","-8.718136506074178","-8.718136506074178","-8.718136506074178","-4.458423335941058","-4.458423335941058","-4.458423335941058","-4.032337498442951","-4.032337498442951","-4.032337498442951","-9.093616142894884","-9.093616142894884","-9.093616142894884","-6.086395921495389","-6.086395921495389","-6.086395921495389","-6.472723119805144","-6.472723119805144","-6.472723119805144","-3.5844807957433793","-3.5844807957433793","-3.5844807957433793","-4.559058914289065","-4.559058914289065","-4.559058914289065","-6.165330174999406","-6.165330174999406","-6.165330174999406","-5.340046220840288","-5.340046220840288","-5.340046220840288"
"7500","-4.939251654738898","-4.939251654738898","-4.939251654738898","-3.959309074897635","-3.959309074897635","-3.959309074897635","-3.4363667764353125","-3.4363667764353125","-3.4363667764353125","-3.7036632905566704","-3.7036632905566704","-3.7036632905566704","-6.358708411397684","-6.358708411397684","-6.358708411397684","-4.423287178893744","-4.423287178893744","-4.423287178893744","-3.161223874786727","-3.161223874786727","-3.161223874786727","-9.26350032058048","-9.26350032058048","-9.26350032058048","-2.5094795805273846","-2.5094795805273846","-2.5094795805273846","-7.254061982803597","-7.254061982803597","-7.254061982803597","-5.178828271651294","-5.178828271651294","-5.178828271651294","-7.52423756425644","-7.52423756425644","-7.52423756425644","-8.072871935184281","-8.072871935184281","-8.072871935184281","-7.454755098780299","-7.454755098780299","-7.454755098780299","-5.45556615097591","-5.45556615097591","-5.45556615097591","-3.6063115743977514","-3.6063115743977514","-3.6063115743977514","-2.813671912210377","-2.813671912210377","-2.813671912210377","-7.331664782121973","-7.331664782121973","-7.331664782121973","-4.1356066005826735","-4.1356066005826735","-4.1356066005826735","-6.16028066418388","-6.16028066418388","-6.16028066418388"
"8000","-4.251879643508744","-4.251879643508744","-4.251879643508744","-3.4759744145653526","-3.4759744145653526","-3.4759744145653526","-3.9172605583081492","-3.9172605583081492","-3.9172605583081492","-3.64669325273382","-3.64669325273382","-3.64669325273382","-5.090479494731689","-5.090479494731689","-5.090479494731689","-4.570414241747442","-4.570414241747442","-4.570414241747442","-7.033295445744136","-7.033295445744136","-7.033295445744136","-4.393682012027071","-4.393682012027071","-4.393682012027071","-2.7097361748487274","-2.7097361748487274","-2.7097361748487274","-4.28579872745169","-4.28579872745169","-4.28579872745169","-6.274775709037791","-6.274775709037791","-6.274775709037791","-4.445764733208352","-4.445764733208352","-4.445764733208352","-7.320021519506161","-7.320021519506161","-7.320021519506161","-8.098596229766404","-8.098596229766404","-8.098596229766404","-5.4319818009790355","-5.4319818009790355","-5.4319818009790355","-4.899500953503777","-4.899500953503777","-4.899500953503777","-4.1332748995226165","-4.1332748995226165","-4.1332748995226165","-4.697150608661929","-4.697150608661929","-4.697150608661929","-3.0582417966517457","-3.0582417966517457","-3.0582417966517457","-6.031272604596317","-6.031272604596317","-6.031272604596317"
"8500","-5.736516830331954","-5.736516830331954","-5.736516830331954","-3.3592407523026457","-3.3592407523026457","-3.3592407523026457","-3.9181668556728995","-3.9181668556728995","-3.9181668556728995","-5.179978013680122","-5.179978013680122","-5.179978013680122","-3.988080942991658","-3.988080942991658","-3.988080942991658","-5.362038900881753","-5.362038900881753","-5.362038900881753","-3.7006553504782134","-3.7006553504782134","-3.7006553504782134","-3.9549080364583005","-3.9549080364583005","-3.9549080364583005","-2.5735784291504475","-2.5735784291504475","-2.5735784291504475","-5.2969299851239375","-5.2969299851239375","-5.2969299851239375","-4.739576341124121","-4.739576341124121","-4.739576341124121","-5.034518819710349","-5.034518819710349","-5.034518819710349","-4.635082860647513","-4.635082860647513","-4.635082860647513","-4.304315471393002","-4.304315471393002","-4.304315471393002","-5.33270587146002","-5.33270587146002","-5.33270587146002","-4.345176753129468","-4.345176753129468","-4.345176753129468","-2.79865290065071","-2.79865290065071","-2.79865290065071","-5.297970611477652","-5.297970611477652","-5.297970611477652","-3.27175967641895","-3.27175967641895","-3.27175967641895","-4.467248580453497","-4.467248580453497","-4.467248580453497"
"9000","-5.2869527664145295","-5.2869527664145295","-5.2869527664145295","-1.8790732646458803","-1.8790732646458803","-1.8790732646458803","-2.4155708279562167","-2.4155708279562167","-2.4155708279562167","-3.619540382649986","-3.619540382649986","-3.619540382649986","-4.567673189750271","-4.567673189750271","-4.567673189750271","-4.737340184531563","-4.737340184531563","-4.737340184531563","-6.786502659918268","-6.786502659918268","-6.786502659918268","-3.585789886117822","-3.585789886117822","-3.585789886117822","-2.894472469644275","-2.894472469644275","-2.894472469644275","-4.833159921058944","-4.833159921058944","-4.833159921058944","-5.016197847181223","-5.016197847181223","-5.016197847181223","-4.258595642140454","-4.258595642140454","-4.258595642140454","-2.8749785703328112","-2.8749785703328112","-2.8749785703328112","-5.018508283244366","-5.018508283244366","-5.018508283244366","-4.240245374393844","-4.240245374393844","-4.240245374393844","-3.111670183047984","-3.111670183047984","-3.111670183047984","-2.056007054615751","-2.056007054615751","-2.056007054615751","-4.783840854733719","-4.783840854733719","-4.783840854733719","-3.4154995647484663","-3.4154995647484663","-3.4154995647484663","-7.182235322428316","-7.182235322428316","-7.182235322428316"
"9500","-3.8868651215018692","-3.8868651215018692","-3.8868651215018692","-4.732512968983368","-4.732512968983368","-4.732512968983368","-5.0258116377540105","-5.0258116377540105","-5.0258116377540105","-4.681338338287294","-4.681338338287294","-4.681338338287294","-3.578815723524618","-3.578815723524618","-3.578815723524618","-5.525454385956362","-5.525454385956362","-5.525454385956362","-4.000063142012762","-4.000063142012762","-4.000063142012762","-3.674006475564404","-3.674006475564404","-3.674006475564404","-2.953895422323074","-2.953895422323074","-2.953895422323074","-4.246394332261339","-4.246394332261339","-4.246394332261339","-4.724642185354365","-4.724642185354365","-4.724642185354365","-4.587603828384003","-4.587603828384003","-4.587603828384003","-4.6047008528997795","-4.6047008528997795","-4.6047008528997795","-5.17301009808647","-5.17301009808647","-5.17301009808647","-4.2389059977198995","-4.2389059977198995","-4.2389059977198995","-3.230637397283658","-3.230637397283658","-3.230637397283658","-4.574892545778984","-4.574892545778984","-4.574892545778984","-3.8950777487449897","-3.8950777487449897","-3.8950777487449897","-4.396635204289682","-4.396635204289682","-4.396635204289682","-3.9452462221299873","-3.9452462221299873","-3.9452462221299873"
"10000","-3.9009090449894983","-3.9009090449894983","-3.9009090449894983","-4.284156730910644","-4.284156730910644","-4.284156730910644","-2.7207765853560595","-2.7207765853560595","-2.7207765853560595","-3.4512577207313826","-3.4512577207313826","-3.4512577207313826","-4.096323341757062","-4.096323341757062","-4.096323341757062","-4.163554377079251","-4.163554377079251","-4.163554377079251","-4.277638020360915","-4.277638020360915","-4.277638020360915","-2.8094212212354037","-2.8094212212354037","-2.8094212212354037","-3.042635776394122","-3.042635776394122","-3.042635776394122","-2.860654970429695","-2.860654970429695","-2.860654970429695","-4.4895239174631865","-4.4895239174631865","-4.4895239174631865","-4.8158147325289935","-4.8158147325289935","-4.8158147325289935","-3.0341759100263404","-3.0341759100263404","-3.0341759100263404","-4.593231949619889","-4.593231949619889","-4.593231949619889","-3.771431389593468","-3.771431389593468","-3.771431389593468","-7.185818298940231","-7.185818298940231","-7.185818298940231","-2.075185053274999","-2.075185053274999","-2.075185053274999","-4.997202500927022","-4.997202500927022","-4.997202500927022","-2.9969606953709533","-2.9969606953709533","-2.9969606953709533","-4.123315093739387","-4.123315093739387","-4.123315093739387"
"10500","-3.099052908188035","-3.099052908188035","-3.099052908188035","-5.569293267447014","-5.569293267447014","-5.569293267447014","-5.958668641937881","-5.958668641937881","-5.958668641937881","-4.615388926997603","-4.615388926997603","-4.615388926997603","-3.468133148290531","-3.468133148290531","-3.468133148290531","-3.378358306906171","-3.378358306906171","-3.378358306906171","-3.3815559267084567","-3.3815559267084567","-3.3815559267084567","-3.351771340560288","-3.351771340560288","-3.351771340560288","-2.8407344991302668","-2.8407344991302668","-2.8407344991302668","-3.001591568378493","-3.001591568378493","-3.001591568378493","-5.133902116635309","-5.133902116635309","-5.133902116635309","-4.100088871880269","-4.100088871880269","-4.100088871880269","-3.9357586831208393","-3.9357586831208393","-3.9357586831208393","-5.086095683291117","-5.086095683291117","-5.086095683291117","-3.1830328948366824","-3.1830328948366824","-3.1830328948366824","-4.435774846225521","-4.435774846225521","-4.435774846225521","-3.725237960425349","-3.725237960425349","-3.725237960425349","-3.965899512690428","-3.965899512690428","-3.965899512690428","-4.547020502198289","-4.547020502198289","-4.547020502198289","-3.3323423426898686","-3.3323423426898686","-3.3323423426898686"
"11000","-3.0312752133808596","-3.0312752133808596","-3.0312752133808596","-3.8846831788216916","-3.8846831788216916","-3.8846831788216916","-4.924760084665905","-4.924760084665905","-4.924760084665905","-3.3271295550539497","-3.3271295550539497","-3.3271295550539497","-3.5800912339378037","-3.5800912339378037","-3.5800912339378037","-2.3598084467435094","-2.3598084467435094","-2.3598084467435094","-2.458323769057446","-2.458323769057446","-2.458323769057446","-3.21456963694724","-3.21456963694724","-3.21456963694724","-3.0685432510509623","-3.0685432510509623","-3.0685432510509623","-3.484269537268292","-3.484269537268292","-3.484269537268292","-4.459033070972077","-4.459033070972077","-4.459033070972077","-3.165677784879123","-3.165677784879123","-3.165677784879123","-3.4214745544893583","-3.4214745544893583","-3.4214745544893583","-4.906298067014993","-4.906298067014993","-4.906298067014993","-2.6116474982928892","-2.6116474982928892","-2.6116474982928892","-5.931833824705748","-5.931833824705748","-5.931833824705748","-2.4350009401180834","-2.4350009401180834","-2.4350009401180834","-4.2225420378849385","-4.2225420378849385","-4.2225420378849385","-3.0254754383582605","-3.0254754383582605","-3.0254754383582605","-5.898210377272814","-5.898210377272814","-5.898210377272814"
"11500","-3.3133484952210184","-3.3133484952210184","-3.3133484952210184","-2.8055713961799933","-2.8055713961799933","-2.8055713961799933","-2.8703376224983783","-2.8703376224983783","-2.8703376224983783","-3.709977063880711","-3.709977063880711","-3.709977063880711","-4.693988214845839","-4.693988214845839","-4.693988214845839","-3.0078319071237702","-3.0078319071237702","-3.0078319071237702","-2.326212095654319","-2.326212095654319","-2.326212095654319","-2.8972045335437056","-2.8972045335437056","-2.8972045335437056","-3.3669145461536667","-3.3669145461536667","-3.3669145461536667","-3.2892941325561393","-3.2892941325561393","-3.2892941325561393","-4.015884054987334","-4.015884054987334","-4.015884054987334","-2.6737143055701953","-2.6737143055701953","-2.6737143055701953","-2.571786286533519","-2.571786286533519","-2.571786286533519","-5.059730282703997","-5.059730282703997","-5.059730282703997","-2.6925769070728967","-2.6925769070728967","-2.6925769070728967","-4.562317860579457","-4.562317860579457","-4.562317860579457","-3.639476749168117","-3.639476749168117","-3.639476749168117","-3.8760532887736923","-3.8760532887736923","-3.8760532887736923","-3.4800620161082008","-3.4800620161082008","-3.4800620161082008","-4.6655221806384635","-4.6655221806384635","-4.6655221806384635"
"12000","-3.5215193209480686","-3.5215193209480686","-3.5215193209480686","-2.5604744968559126","-2.5604744968559126","-2.5604744968559126","-3.098084286464913","-3.098084286464913","-3.098084286464913","-3.608460704210379","-3.608460704210379","-3.608460704210379","-3.541602341091329","-3.541602341091329","-3.541602341091329","-3.236875543583639","-3.236875543583639","-3.236875543583639","-2.0766404879276426","-2.0766404879276426","-2.0766404879276426","-2.5115608170763872","-2.5115608170763872","-2.5115608170763872","-2.2451251617348924","-2.2451251617348924","-2.2451251617348924","-3.6845853538492777","-3.6845853538492777","-3.6845853538492777","-4.511788281226921","-4.511788281226921","-4.511788281226921","-4.396485154408611","-4.396485154408611","-4.396485154408611","-2.8888679047321424","-2.8888679047321424","-2.8888679047321424","-5.53912003200449","-5.53912003200449","-5.53912003200449","-4.230974995899045","-4.230974995899045","-4.230974995899045","-6.306520779860728","-6.306520779860728","-6.306520779860728","-2.254656755832335","-2.254656755832335","-2.254656755832335","-4.347343080678486","-4.347343080678486","-4.347343080678486","-2.7944550694298043","-2.7944550694298043","-2.7944550694298043","-3.613123714294317","-3.613123714294317","-3.613123714294317"
"12500","-2.5658633608345816","-2.5658633608345816","-2.5658633608345816","-2.5648906633923136","-2.5648906633923136","-2.5648906633923136","-5.880528610102488","-5.880528610102488","-5.880528610102488","-3.1014763598952495","-3.1014763598952495","-3.1014763598952495","-3.414541774809367","-3.414541774809367","-3.414541774809367","-2.4676336800654712","-2.4676336800654712","-2.4676336800654712","-2.948601526765377","-2.948601526765377","-2.948601526765377","-3.0460038593230148","-3.0460038593230148","-3.0460038593230148","-4.84918212524727","-4.84918212524727","-4.84918212524727","-2.361558606825496","-2.361558606825496","-2.361558606825496","-3.986046318354449","-3.986046318354449","-3.986046318354449","-3.6558017467414006","-3.6558017467414006","-3.6558017467414006","-2.671451690342934","-2.671451690342934","-2.671451690342934","-4.356047917821741","-4.356047917821741","-4.356047917821741","-3.9793782101831012","-3.9793782101831012","-3.9793782101831012","-4.431753513364931","-4.431753513364931","-4.431753513364931","-2.3440542398736888","-2.3440542398736888","-2.3440542398736888","-4.576931919008688","-4.576931919008688","-4.576931919008688","-2.8700174424537472","-2.8700174424537472","-2.8700174424537472","-3.061951474102698","-3.061951474102698","-3.061951474102698"
"13000","-2.1222196428813525","-2.1222196428813525","-2.1222196428813525","-3.2341558052761803","-3.2341558052761803","-3.2341558052761803","-2.6016342858516612","-2.6016342858516612","-2.6016342858516612","-4.44724715730157","-4.44724715730157","-4.44724715730157","-5.118107064860275","-5.118107064860275","-5.118107064860275","-2.2710746991435196","-2.2710746991435196","-2.2710746991435196","-2.438385217026311","-2.438385217026311","-2.438385217026311","-2.7772145446067826","-2.7772145446067826","-2.7772145446067826","-4.137831040231745","-4.137831040231745","-4.137831040231745","-3.817463999040317","-3.817463999040317","-3.817463999040317","-3.7833489126867037","-3.7833489126867037","-3.7833489126867037","-3.7729690529536333","-3.7729690529536333","-3.7729690529536333","-2.352512233029848","-2.352512233029848","-2.352512233029848","-4.5189610636257855","-4.5189610636257855","-4.5189610636257855","-3.0443896554036054","-3.0443896554036054","-3.0443896554036054","-4.7649426521864475","-4.7649426521864475","-4.7649426521864475","-2.6085227355333855","-2.6085227355333855","-2.6085227355333855","-3.9563663382981304","-3.9563663382981304","-3.9563663382981304","-3.1987254121078132","-3.1987254121078132","-3.1987254121078132","-4.102983175948748","-4.102983175948748","-4.102983175948748"
"13500","-2.945876267526681","-2.945876267526681","-2.945876267526681","-3.6174517834106426","-3.6174517834106426","-3.6174517834106426","-3.6743301790817946","-3.6743301790817946","-3.6743301790817946","-3.1002388187649954","-3.1002388187649954","-3.1002388187649954","-3.760202254843916","-3.760202254843916","-3.760202254843916","-2.252170929484948","-2.252170929484948","-2.252170929484948","-3.606769715073156","-3.606769715073156","-3.606769715073156","-3.939948297509275","-3.939948297509275","-3.939948297509275","-4.715587302612335","-4.715587302612335","-4.715587302612335","-2.6828240452158036","-2.6828240452158036","-2.6828240452158036","-3.922282557062021","-3.922282557062021","-3.922282557062021","-3.5840077587197685","-3.5840077587197685","-3.5840077587197685","-2.55068854517889","-2.55068854517889","-2.55068854517889","-7.505331904132379","-7.505331904132379","-7.505331904132379","-2.319994666542673","-2.319994666542673","-2.319994666542673","-2.4814440191260276","-2.4814440191260276","-2.4814440191260276","-2.5769769854605444","-2.5769769854605444","-2.5769769854605444","-2.103860395387056","-2.103860395387056","-2.103860395387056","-3.3174250862494885","-3.3174250862494885","-3.3174250862494885","-2.8591236064089247","-2.8591236064089247","-2.8591236064089247"
"14000","-1.9510084690675016","-1.9510084690675016","-1.9510084690675016","-3.5817838306036847","-3.5817838306036847","-3.5817838306036847","-3.3333074174406034","-3.3333074174406034","-3.3333074174406034","-3.106002821848764","-3.106002821848764","-3.106002821848764","-3.4369867084527947","-3.4369867084527947","-3.4369867084527947","-3.474233722475528","-3.474233722475528","-3.474233722475528","-2.2833909483935515","-2.2833909483935515","-2.2833909483935515","-2.2024352425900036","-2.2024352425900036","-2.2024352425900036","-4.525083488206087","-4.525083488206087","-4.525083488206087","-2.6104350493988493","-2.6104350493988493","-2.6104350493988493","-2.7763320903579394","-2.7763320903579394","-2.7763320903579394","-2.1954967626885686","-2.1954967626885686","-2.1954967626885686","-2.9661582957074453","-2.9661582957074453","-2.9661582957074453","-5.234397343009828","-5.234397343009828","-5.234397343009828","-2.315761822255066","-2.315761822255066","-2.315761822255066","-4.058942043948536","-4.058942043948536","-4.058942043948536","-4.035671312847869","-4.035671312847869","-4.035671312847869","-3.4036319316678827","-3.4036319316678827","-3.4036319316678827","-2.3763983937053577","-2.3763983937053577","-2.3763983937053577","-3.234062328136209","-3.234062328136209","-3.234062328136209"
"14500","-1.82360133230343","-1.82360133230343","-1.82360133230343","-4.513319227590918","-4.513319227590918","-4.513319227590918","-2.7738546113304365","-2.7738546113304365","-2.7738546113304365","-2.7812876294501265","-2.7812876294501265","-2.7812876294501265","-2.9139305589575017","-2.9139305589575017","-2.9139305589575017","-2.525343437480143","-2.525343437480143","-2.525343437480143","-1.9876958190807454","-1.9876958190807454","-1.9876958190807454","-3.6167665567594005","-3.6167665567594005","-3.6167665567594005","-2.070523281292222","-2.070523281292222","-2.070523281292222","-4.607054756917561","-4.607054756917561","-4.607054756917561","-3.393380675932967","-3.393380675932967","-3.393380675932967","-2.061099252011764","-2.061099252011764","-2.061099252011764","-3.213271262436637","-3.213271262436637","-3.213271262436637","-5.253331731871253","-5.253331731871253","-5.253331731871253","-2.234886104820317","-2.234886104820317","-2.234886104820317","-3.001070135764876","-3.001070135764876","-3.001070135764876","-2.5461210546257504","-2.5461210546257504","-2.5461210546257504","-2.57207355744602","-2.57207355744602","-2.57207355744602","-2.4817116993236046","-2.4817116993236046","-2.4817116993236046","-2.6620023223723264","-2.6620023223723264","-2.6620023223723264"
"15000","-2.2159979935916185","-2.2159979935916185","-2.2159979935916185","-2.7530203794253714","-2.7530203794253714","-2.7530203794253714","-3.949539358390904","-3.949539358390904","-3.949539358390904","-3.555878034351158","-3.555878034351158","-3.555878034351158","-4.20022008146253","-4.20022008146253","-4.20022008146253","-3.296739441430011","-3.296739441430011","-3.296739441430011","-3.416310127592253","-3.416310127592253","-3.416310127592253","-2.366321078005435","-2.366321078005435","-2.366321078005435","-3.1314978480692073","-3.1314978480692073","-3.1314978480692073","-2.336818742608319","-2.336818742608319","-2.336818742608319","-3.206016245125299","-3.206016245125299","-3.206016245125299","-2.521710683245734","-2.521710683245734","-2.521710683245734","-3.3787165615176504","-3.3787165615176504","-3.3787165615176504","-4.124311449560204","-4.124311449560204","-4.124311449560204","-2.4513279930460086","-2.4513279930460086","-2.4513279930460086","-4.401969769992799","-4.401969769992799","-4.401969769992799","-3.490523766637307","-3.490523766637307","-3.490523766637307","-3.1919069865449727","-3.1919069865449727","-3.1919069865449727","-1.8769636201613031","-1.8769636201613031","-1.8769636201613031","-2.4755346490117405","-2.4755346490117405","-2.4755346490117405"
"15500","-1.7999054802648966","-1.7999054802648966","-1.7999054802648966","-3.842352134328223","-3.842352134328223","-3.842352134328223","-3.155360937066404","-3.155360937066404","-3.155360937066404","-2.3899581130767693","-2.3899581130767693","-2.3899581130767693","-4.369382304998582","-4.369382304998582","-4.369382304998582","-2.2463749290623842","-2.2463749290623842","-2.2463749290623842","-2.229942031867822","-2.229942031867822","-2.229942031867822","-2.016027900538357","-2.016027900538357","-2.016027900538357","-2.5670600909284103","-2.5670600909284103","-2.5670600909284103","-1.841535942367673","-1.841535942367673","-1.841535942367673","-3.215722766491507","-3.215722766491507","-3.215722766491507","-3.660476645814815","-3.660476645814815","-3.660476645814815","-3.208237940805497","-3.208237940805497","-3.208237940805497","-4.713961583870104","-4.713961583870104","-4.713961583870104","-2.1100774935582733","-2.1100774935582733","-2.1100774935582733","-2.5463752746316075","-2.5463752746316075","-2.5463752746316075","-2.3724403918235533","-2.3724403918235533","-2.3724403918235533","-2.7369783787049635","-2.7369783787049635","-2.7369783787049635","-3.4501791157622796","-3.4501791157622796","-3.4501791157622796","-1.906401976117698","-1.906401976117698","-1.906401976117698"
"16000","-3.3632514485346654","-3.3632514485346654","-3.3632514485346654","-2.4355210758294055","-2.4355210758294055","-2.4355210758294055","-3.428449593840983","-3.428449593840983","-3.428449593840983","-3.134376928423031","-3.134376928423031","-3.134376928423031","-5.108603843382765","-5.108603843382765","-5.108603843382765","-3.0626395094475583","-3.0626395094475583","-3.0626395094475583","-2.3761491336722926","-2.3761491336722926","-2.3761491336722926","-2.975863636478148","-2.975863636478148","-2.975863636478148","-2.9265384345147636","-2.9265384345147636","-2.9265384345147636","-2.788533241735663","-2.788533241735663","-2.788533241735663","-3.4672311759491166","-3.4672311759491166","-3.4672311759491166","-2.72025547130025","-2.72025547130025","-2.72025547130025","-2.37513232236095","-2.37513232236095","-2.37513232236095","-3.830248000968397","-3.830248000968397","-3.830248000968397","-2.5625003270992197","-2.5625003270992197","-2.5625003270992197","-3.058808378774904","-3.058808378774904","-3.058808378774904","-3.5339552651805817","-3.5339552651805817","-3.5339552651805817","-3.1210259608661404","-3.1210259608661404","-3.1210259608661404","-4.415454480648298","-4.415454480648298","-4.415454480648298","-3.7985920768400234","-3.7985920768400234","-3.7985920768400234"
"16500","-4.709620667631133","-4.709620667631133","-4.709620667631133","-2.937532847655649","-2.937532847655649","-2.937532847655649","-4.351726116909626","-4.351726116909626","-4.351726116909626","-3.2170686263077344","-3.2170686263077344","-3.2170686263077344","-4.062906464973314","-4.062906464973314","-4.062906464973314","-2.412879687869264","-2.412879687869264","-2.412879687869264","-2.3539441298054258","-2.3539441298054258","-2.3539441298054258","-3.173112974089407","-3.173112974089407","-3.173112974089407","-2.566530904925047","-2.566530904925047","-2.566530904925047","-2.6901267872452204","-2.6901267872452204","-2.6901267872452204","-3.9082173029117455","-3.9082173029117455","-3.9082173029117455","-2.635594327330993","-2.635594327330993","-2.635594327330993","-3.7188485764791217","-3.7188485764791217","-3.7188485764791217","-3.9551321460085243","-3.9551321460085243","-3.9551321460085243","-2.6782755400637424","-2.6782755400637424","-2.6782755400637424","-3.0629456389052807","-3.0629456389052807","-3.0629456389052807","-2.205678129615847","-2.205678129615847","-2.205678129615847","-3.114031154288567","-3.114031154288567","-3.114031154288567","-2.2503270074507915","-2.2503270074507915","-2.2503270074507915","-2.035969975615315","-2.035969975615315","-2.035969975615315"
"17000","-3.4461411330536587","-3.4461411330536587","-3.4461411330536587","-5.543111633903535","-5.543111633903535","-5.543111633903535","-4.142988045521378","-4.142988045521378","-4.142988045521378","-2.2891065938322006","-2.2891065938322006","-2.2891065938322006","-4.003356689583255","-4.003356689583255","-4.003356689583255","-3.5172863769114096","-3.5172863769114096","-3.5172863769114096","-2.125354155854598","-2.125354155854598","-2.125354155854598","-2.618000938920951","-2.618000938920951","-2.618000938920951","-2.5007216123001337","-2.5007216123001337","-2.5007216123001337","-3.0172190059455164","-3.0172190059455164","-3.0172190059455164","-4.832876131411273","-4.832876131411273","-4.832876131411273","-3.145398017175423","-3.145398017175423","-3.145398017175423","-2.5467033964536303","-2.5467033964536303","-2.5467033964536303","-3.7335049550051247","-3.7335049550051247","-3.7335049550051247","-2.554272960187185","-2.554272960187185","-2.554272960187185","-2.761166795766402","-2.761166795766402","-2.761166795766402","-2.2518719150842985","-2.2518719150842985","-2.2518719150842985","-3.8858688675293456","-3.8858688675293456","-3.8858688675293456","-3.1435551753440274","-3.1435551753440274","-3.1435551753440274","-2.805295193844525","-2.805295193844525","-2.805295193844525"
"17500","-3.412460099830606","-3.412460099830606","-3.412460099830606","-2.5729817374947137","-2.5729817374947137","-2.5729817374947137","-2.9709854913509854","-2.9709854913509854","-2.9709854913509854","-2.674611806956027","-2.674611806956027","-2.674611806956027","-4.896317790903187","-4.896317790903187","-4.896317790903187","-3.254120574842743","-3.254120574842743","-3.254120574842743","-1.953550617304091","-1.953550617304091","-1.953550617304091","-2.1705075630677024","-2.1705075630677024","-2.1705075630677024","-1.8540721200041321","-1.8540721200041321","-1.8540721200041321","-2.790699906630074","-2.790699906630074","-2.790699906630074","-2.5536334467864683","-2.5536334467864683","-2.5536334467864683","-1.757368498424885","-1.757368498424885","-1.757368498424885","-1.8704248044789555","-1.8704248044789555","-1.8704248044789555","-3.2881376023427817","-3.2881376023427817","-3.2881376023427817","-2.6576543536594786","-2.6576543536594786","-2.6576543536594786","-4.280104552744294","-4.280104552744294","-4.280104552744294","-3.0822000948770616","-3.0822000948770616","-3.0822000948770616","-3.5022882919976","-3.5022882919976","-3.5022882919976","-2.5589644932108753","-2.5589644932108753","-2.5589644932108753","-2.7862329718994396","-2.7862329718994396","-2.7862329718994396"
"18000","-4.346384001649027","-4.346384001649027","-4.346384001649027","-2.47456070421508","-2.47456070421508","-2.47456070421508","-4.625863034379252","-4.625863034379252","-4.625863034379252","-2.2393688246049828","-2.2393688246049828","-2.2393688246049828","-2.675872566868484","-2.675872566868484","-2.675872566868484","-2.8178019729082178","-2.8178019729082178","-2.8178019729082178","-2.3981847774057043","-2.3981847774057043","-2.3981847774057043","-1.3979418713117802","-1.3979418713117802","-1.3979418713117802","-2.106018537775048","-2.106018537775048","-2.106018537775048","-2.2783787240781","-2.2783787240781","-2.2783787240781","-2.8376666405304816","-2.8376666405304816","-2.8376666405304816","-3.549262331483112","-3.549262331483112","-3.549262331483112","-1.9311697650832305","-1.9311697650832305","-1.9311697650832305","-3.4028938698607774","-3.4028938698607774","-3.4028938698607774","-4.1539069176815655","-4.1539069176815655","-4.1539069176815655","-2.507045890501172","-2.507045890501172","-2.507045890501172","-2.4504529014033105","-2.4504529014033105","-2.4504529014033105","-4.282559259696453","-4.282559259696453","-4.282559259696453","-2.4842345591105355","-2.4842345591105355","-2.4842345591105355","-2.3589855453999298","-2.3589855453999298","-2.3589855453999298"
"18500","-3.336297931576783","-3.336297931576783","-3.336297931576783","-3.16372169462619","-3.16372169462619","-3.16372169462619","-3.301271099629647","-3.301271099629647","-3.301271099629647","-2.4299093414168995","-2.4299093414168995","-2.4299093414168995","-2.4320553836164462","-2.4320553836164462","-2.4320553836164462","-3.2435401499570515","-3.2435401499570515","-3.2435401499570515","-1.836157671045953","-1.836157671045953","-1.836157671045953","-2.026518060495188","-2.026518060495188","-2.026518060495188","-1.7375880920801792","-1.7375880920801792","-1.7375880920801792","-2.15290170158372","-2.15290170158372","-2.15290170158372","-4.491009149536223","-4.491009149536223","-4.491009149536223","-2.941750245802546","-2.941750245802546","-2.941750245802546","-2.3671416763738966","-2.3671416763738966","-2.3671416763738966","-3.190648261918382","-3.190648261918382","-3.190648261918382","-2.768435980010249","-2.768435980010249","-2.768435980010249","-2.5007736753699605","-2.5007736753699605","-2.5007736753699605","-1.7066350585531211","-1.7066350585531211","-1.7066350585531211","-2.21277352905549","-2.21277352905549","-2.21277352905549","-2.138828957551838","-2.138828957551838","-2.138828957551838","-2.724155409902569","-2.724155409902569","-2.724155409902569"
"19000","-2.561037111778223","-2.561037111778223","-2.561037111778223","-3.136633095671616","-3.136633095671616","-3.136633095671616","-5.8003058590457455","-5.8003058590457455","-5.8003058590457455","-2.8047249419760223","-2.8047249419760223","-2.8047249419760223","-2.9055278451177102","-2.9055278451177102","-2.9055278451177102","-3.3103361925705554","-3.3103361925705554","-3.3103361925705554","-2.391564433385941","-2.391564433385941","-2.391564433385941","-1.642176429511769","-1.642176429511769","-1.642176429511769","-3.105011331246606","-3.105011331246606","-3.105011331246606","-2.3313350876071333","-2.3313350876071333","-2.3313350876071333","-2.513316397146746","-2.513316397146746","-2.513316397146746","-2.8210841315066366","-2.8210841315066366","-2.8210841315066366","-2.4890088088912825","-2.4890088088912825","-2.4890088088912825","-3.137073858843867","-3.137073858843867","-3.137073858843867","-2.372201319199809","-2.372201319199809","-2.372201319199809","-2.6510793957907453","-2.6510793957907453","-2.6510793957907453","-1.6597193257243164","-1.6597193257243164","-1.6597193257243164","-3.565174491326651","-3.565174491326651","-3.565174491326651","-1.943579449664845","-1.943579449664845","-1.943579449664845","-2.4848188413113923","-2.4848188413113923","-2.4848188413113923"
"19500","-3.916685820293695","-3.916685820293695","-3.916685820293695","-4.4053293885603555","-4.4053293885603555","-4.4053293885603555","-2.8133434684292618","-2.8133434684292618","-2.8133434684292618","-3.048581541398719","-3.048581541398719","-3.048581541398719","-2.5259113492306065","-2.5259113492306065","-2.5259113492306065","-3.349909771883857","-3.349909771883857","-3.349909771883857","-2.3154705003700835","-2.3154705003700835","-2.3154705003700835","-2.5438164057027626","-2.5438164057027626","-2.5438164057027626","-2.862938153356872","-2.862938153356872","-2.862938153356872","-3.242770904113737","-3.242770904113737","-3.242770904113737","-2.721533959385286","-2.721533959385286","-2.721533959385286","-2.942607340401609","-2.942607340401609","-2.942607340401609","-2.6068503239826417","-2.6068503239826417","-2.6068503239826417","-3.111896869254333","-3.111896869254333","-3.111896869254333","-3.6739622403903978","-3.6739622403903978","-3.6739622403903978","-3.7102259770584056","-3.7102259770584056","-3.7102259770584056","-1.9105562953155757","-1.9105562953155757","-1.9105562953155757","-3.2876000875860867","-3.2876000875860867","-3.2876000875860867","-2.217650376037688","-2.217650376037688","-2.217650376037688","-2.2768667068538493","-2.2768667068538493","-2.2768667068538493"
"20000","-3.3257017732124323","-3.3257017732124323","-3.3257017732124323","-3.3125506748633895","-3.3125506748633895","-3.3125506748633895","-2.470897156126189","-2.470897156126189","-2.470897156126189","-2.4617516865337956","-2.4617516865337956","-2.4617516865337956","-3.8954729704710602","-3.8954729704710602","-3.8954729704710602","-2.2543490764115033","-2.2543490764115033","-2.2543490764115033","-3.0612599445147324","-3.0612599445147324","-3.0612599445147324","-2.1564098801484466","-2.1564098801484466","-2.1564098801484466","-2.4643343384862257","-2.4643343384862257","-2.4643343384862257","-3.8819551050876173","-3.8819551050876173","-3.8819551050876173","-3.414161695879708","-3.414161695879708","-3.414161695879708","-2.6469743184385024","-2.6469743184385024","-2.6469743184385024","-2.43257719402215","-2.43257719402215","-2.43257719402215","-3.6916101010450895","-3.6916101010450895","-3.6916101010450895","-2.6940833477064694","-2.6940833477064694","-2.6940833477064694","-2.478361544639167","-2.478361544639167","-2.478361544639167","-2.9100596484583963","-2.9100596484583963","-2.9100596484583963","-3.1171288538212734","-3.1171288538212734","-3.1171288538212734","-2.2381704091808508","-2.2381704091808508","-2.2381704091808508","-1.8298054120178713","-1.8298054120178713","-1.8298054120178713"
"20500","-2.4966601713804204","-2.4966601713804204","-2.4966601713804204","-2.5977246262874596","-2.5977246262874596","-2.5977246262874596","-2.637023116813138","-2.637023116813138","-2.637023116813138","-2.5851088458521603","-2.5851088458521603","-2.5851088458521603","-3.5699631513140204","-3.5699631513140204","-3.5699631513140204","-2.0363250486819253","-2.0363250486819253","-2.0363250486819253","-1.882313552680138","-1.882313552680138","-1.882313552680138","-1.9993897070217952","-1.9993897070217952","-1.9993897070217952","-3.148951272491613","-3.148951272491613","-3.148951272491613","-2.6724139285601445","-2.6724139285601445","-2.6724139285601445","-4.294960188734403","-4.294960188734403","-4.294960188734403","-2.023447810753768","-2.023447810753768","-2.023447810753768","-2.2456622714369163","-2.2456622714369163","-2.2456622714369163","-2.487326061032175","-2.487326061032175","-2.487326061032175","-2.913111462373959","-2.913111462373959","-2.913111462373959","-1.8960213509765533","-1.8960213509765533","-1.8960213509765533","-1.7098226180904816","-1.7098226180904816","-1.7098226180904816","-2.8099330748684253","-2.8099330748684253","-2.8099330748684253","-3.5626893396270667","-3.5626893396270667","-3.5626893396270667","-2.081091162391741","-2.081091162391741","-2.081091162391741"
"21000","-2.57486089368063","-2.57486089368063","-2.57486089368063","-2.506066461018322","-2.506066461018322","-2.506066461018322","-2.5952859779075","-2.5952859779075","-2.5952859779075","-2.624406243129251","-2.624406243129251","-2.624406243129251","-3.408545809280349","-3.408545809280349","-3.408545809280349","-2.3178794061045758","-2.3178794061045758","-2.3178794061045758","-2.345069617177304","-2.345069617177304","-2.345069617177304","-1.4940922236023382","-1.4940922236023382","-1.4940922236023382","-2.404360037731601","-2.404360037731601","-2.404360037731601","-1.8210126368802615","-1.8210126368802615","-1.8210126368802615","-3.428037737155763","-3.428037737155763","-3.428037737155763","-2.8302568584650905","-2.8302568584650905","-2.8302568584650905","-2.7947528850157273","-2.7947528850157273","-2.7947528850157273","-2.7107839893629473","-2.7107839893629473","-2.7107839893629473","-3.283338521767738","-3.283338521767738","-3.283338521767738","-2.7641446259348195","-2.7641446259348195","-2.7641446259348195","-1.869399693797775","-1.869399693797775","-1.869399693797775","-2.4920659252105124","-2.4920659252105124","-2.4920659252105124","-1.5657996932987317","-1.5657996932987317","-1.5657996932987317","-4.622491236023304","-4.622491236023304","-4.622491236023304"
"21500","-2.1567263765466387","-2.1567263765466387","-2.1567263765466387","-2.8730028183589438","-2.8730028183589438","-2.8730028183589438","-3.6514671786909014","-3.6514671786909014","-3.6514671786909014","-2.7487054972757834","-2.7487054972757834","-2.7487054972757834","-3.183263288581615","-3.183263288581615","-3.183263288581615","-2.721933775795491","-2.721933775795491","-2.721933775795491","-2.549780527377519","-2.549780527377519","-2.549780527377519","-2.123580699308474","-2.123580699308474","-2.123580699308474","-2.81489926910652","-2.81489926910652","-2.81489926910652","-1.5682704064340975","-1.5682704064340975","-1.5682704064340975","-2.5209166621627177","-2.5209166621627177","-2.5209166621627177","-3.061281960057086","-3.061281960057086","-3.061281960057086","-1.9100972637994063","-1.9100972637994063","-1.9100972637994063","-3.1378974018229826","-3.1378974018229826","-3.1378974018229826","-2.455813046831943","-2.455813046831943","-2.455813046831943","-2.2493205824782576","-2.2493205824782576","-2.2493205824782576","-2.2076383987963495","-2.2076383987963495","-2.2076383987963495","-3.0751532653706137","-3.0751532653706137","-3.0751532653706137","-2.3515190207589236","-2.3515190207589236","-2.3515190207589236","-2.3401506284112967","-2.3401506284112967","-2.3401506284112967"
"22000","-2.0461080335635757","-2.0461080335635757","-2.0461080335635757","-2.9311879524927207","-2.9311879524927207","-2.9311879524927207","-4.979886738779786","-4.979886738779786","-4.979886738779786","-2.6565686337262004","-2.6565686337262004","-2.6565686337262004","-2.4256817780838555","-2.4256817780838555","-2.4256817780838555","-1.5952039077711375","-1.5952039077711375","-1.5952039077711375","-2.064041822752167","-2.064041822752167","-2.064041822752167","-1.9759442284354798","-1.9759442284354798","-1.9759442284354798","-3.043462685241555","-3.043462685241555","-3.043462685241555","-2.7483398307486593","-2.7483398307486593","-2.7483398307486593","-2.389340409649352","-2.389340409649352","-2.389340409649352","-2.8805608134661935","-2.8805608134661935","-2.8805608134661935","-2.419429970274357","-2.419429970274357","-2.419429970274357","-2.6023114658620234","-2.6023114658620234","-2.6023114658620234","-2.5707610051893446","-2.5707610051893446","-2.5707610051893446","-3.9522857454708684","-3.9522857454708684","-3.9522857454708684","-1.9158057152689523","-1.9158057152689523","-1.9158057152689523","-3.1952345767165227","-3.1952345767165227","-3.1952345767165227","-1.5149305915741096","-1.5149305915741096","-1.5149305915741096","-2.0567956479009473","-2.0567956479009473","-2.0567956479009473"
"22500","-1.9255714065825758","-1.9255714065825758","-1.9255714065825758","-2.5077229359884203","-2.5077229359884203","-2.5077229359884203","-3.8819271243269085","-3.8819271243269085","-3.8819271243269085","-3.281193477635624","-3.281193477635624","-3.281193477635624","-2.7651250098220457","-2.7651250098220457","-2.7651250098220457","-1.9673751064866365","-1.9673751064866365","-1.9673751064866365","-2.6481301758658558","-2.6481301758658558","-2.6481301758658558","-1.3641577507573874","-1.3641577507573874","-1.3641577507573874","-2.485084112412584","-2.485084112412584","-2.485084112412584","-2.568980696680214","-2.568980696680214","-2.568980696680214","-2.9661904029866824","-2.9661904029866824","-2.9661904029866824","-2.2428147145280533","-2.2428147145280533","-2.2428147145280533","-3.1459272182440734","-3.1459272182440734","-3.1459272182440734","-2.2885287115515647","-2.2885287115515647","-2.2885287115515647","-1.9541980816735645","-1.9541980816735645","-1.9541980816735645","-2.3359850740508805","-2.3359850740508805","-2.3359850740508805","-1.6518462315267992","-1.6518462315267992","-1.6518462315267992","-3.342508127720346","-3.342508127720346","-3.342508127720346","-2.1947399522096256","-2.1947399522096256","-2.1947399522096256","-2.0123166579946847","-2.0123166579946847","-2.0123166579946847"
"23000","-1.7773540568186523","-1.7773540568186523","-1.7773540568186523","-2.0224053893738936","-2.0224053893738936","-2.0224053893738936","-1.6089866267549517","-1.6089866267549517","-1.6089866267549517","-2.2986795645020144","-2.2986795645020144","-2.2986795645020144","-2.806658104029789","-2.806658104029789","-2.806658104029789","-1.6624540996998634","-1.6624540996998634","-1.6624540996998634","-2.0255678639841888","-2.0255678639841888","-2.0255678639841888","-1.7541519648585138","-1.7541519648585138","-1.7541519648585138","-1.7878014821847015","-1.7878014821847015","-1.7878014821847015","-1.6197251587854993","-1.6197251587854993","-1.6197251587854993","-2.9779381492213064","-2.9779381492213064","-2.9779381492213064","-1.9139331644755562","-1.9139331644755562","-1.9139331644755562","-2.0176501310898027","-2.0176501310898027","-2.0176501310898027","-2.0646882765041807","-2.0646882765041807","-2.0646882765041807","-3.080759585941001","-3.080759585941001","-3.080759585941001","-2.1976960025108196","-2.1976960025108196","-2.1976960025108196","-1.6469514990640302","-1.6469514990640302","-1.6469514990640302","-4.304291464809942","-4.304291464809942","-4.304291464809942","-2.147981237370712","-2.147981237370712","-2.147981237370712","-2.6093154427408423","-2.6093154427408423","-2.6093154427408423"
"23500","-2.501513535240119","-2.501513535240119","-2.501513535240119","-1.7721893909480169","-1.7721893909480169","-1.7721893909480169","-2.8877252909265123","-2.8877252909265123","-2.8877252909265123","-3.1166669531305757","-3.1166669531305757","-3.1166669531305757","-3.690851654777428","-3.690851654777428","-3.690851654777428","-1.8630398109000272","-1.8630398109000272","-1.8630398109000272","-1.8014676040944768","-1.8014676040944768","-1.8014676040944768","-1.4873305146178506","-1.4873305146178506","-1.4873305146178506","-3.2248721299016774","-3.2248721299016774","-3.2248721299016774","-3.376360868789906","-3.376360868789906","-3.376360868789906","-3.293093261053216","-3.293093261053216","-3.293093261053216","-2.294738127481266","-2.294738127481266","-2.294738127481266","-2.3013967445570165","-2.3013967445570165","-2.3013967445570165","-2.451822432511213","-2.451822432511213","-2.451822432511213","-2.007647269852021","-2.007647269852021","-2.007647269852021","-4.091523211058661","-4.091523211058661","-4.091523211058661","-1.7834516205869497","-1.7834516205869497","-1.7834516205869497","-2.7453349863487007","-2.7453349863487007","-2.7453349863487007","-2.102890700597523","-2.102890700597523","-2.102890700597523","-1.842864853699845","-1.842864853699845","-1.842864853699845"
"24000","-1.9683107868971692","-1.9683107868971692","-1.9683107868971692","-1.8537534839670051","-1.8537534839670051","-1.8537534839670051","-1.8095654409336206","-1.8095654409336206","-1.8095654409336206","-2.3147047735962247","-2.3147047735962247","-2.3147047735962247","-2.0241007166809775","-2.0241007166809775","-2.0241007166809775","-2.238213979965604","-2.238213979965604","-2.238213979965604","-1.8916527642767","-1.8916527642767","-1.8916527642767","-1.2337312316184896","-1.2337312316184896","-1.2337312316184896","-2.1108477394674052","-2.1108477394674052","-2.1108477394674052","-2.2831393223061864","-2.2831393223061864","-2.2831393223061864","-2.52769550556317","-2.52769550556317","-2.52769550556317","-2.3399402088274814","-2.3399402088274814","-2.3399402088274814","-2.472673333663977","-2.472673333663977","-2.472673333663977","-2.3988972269233377","-2.3988972269233377","-2.3988972269233377","-1.974563549768704","-1.974563549768704","-1.974563549768704","-1.9086467363971444","-1.9086467363971444","-1.9086467363971444","-2.458645342495136","-2.458645342495136","-2.458645342495136","-3.217434255886908","-3.217434255886908","-3.217434255886908","-2.7757870195426784","-2.7757870195426784","-2.7757870195426784","-1.7603402947832696","-1.7603402947832696","-1.7603402947832696"
"24500","-2.32433909294554","-2.32433909294554","-2.32433909294554","-1.9850433329816384","-1.9850433329816384","-1.9850433329816384","-1.9186771200406774","-1.9186771200406774","-1.9186771200406774","-1.979598848217763","-1.979598848217763","-1.979598848217763","-2.742389951925303","-2.742389951925303","-2.742389951925303","-1.6485511527026961","-1.6485511527026961","-1.6485511527026961","-2.30176302005161","-2.30176302005161","-2.30176302005161","-2.1139407527028156","-2.1139407527028156","-2.1139407527028156","-1.84399813424948","-1.84399813424948","-1.84399813424948","-3.3089712844577286","-3.3089712844577286","-3.3089712844577286","-2.729820482843687","-2.729820482843687","-2.729820482843687","-1.9352664582274426","-1.9352664582274426","-1.9352664582274426","-3.090081600872896","-3.090081600872896","-3.090081600872896","-2.5147418556033214","-2.5147418556033214","-2.5147418556033214","-2.541698186185392","-2.541698186185392","-2.541698186185392","-2.178653857023886","-2.178653857023886","-2.178653857023886","-1.355950486243804","-1.355950486243804","-1.355950486243804","-3.7246732046798714","-3.7246732046798714","-3.7246732046798714","-2.0913070302949497","-2.0913070302949497","-2.0913070302949497","-1.9491387111291494","-1.9491387111291494","-1.9491387111291494"
"25000","-1.901584267364918","-1.901584267364918","-1.901584267364918","-1.6285119045187","-1.6285119045187","-1.6285119045187","-1.7241955068597867","-1.7241955068597867","-1.7241955068597867","-1.9843149250827967","-1.9843149250827967","-1.9843149250827967","-3.1493060412750102","-3.1493060412750102","-3.1493060412750102","-2.1245635330257295","-2.1245635330257295","-2.1245635330257295","-1.9726383510377161","-1.9726383510377161","-1.9726383510377161","-2.5086958717813923","-2.5086958717813923","-2.5086958717813923","-2.056469334651619","-2.056469334651619","-2.056469334651619","-1.9299748938852495","-1.9299748938852495","-1.9299748938852495","-3.245887140930242","-3.245887140930242","-3.245887140930242","-1.8289376739427556","-1.8289376739427556","-1.8289376739427556","-2.6909983591514584","-2.6909983591514584","-2.6909983591514584","-2.250734288497436","-2.250734288497436","-2.250734288497436","-1.9128598367724412","-1.9128598367724412","-1.9128598367724412","-1.6160987672131657","-1.6160987672131657","-1.6160987672131657","-1.7787253612442318","-1.7787253612442318","-1.7787253612442318","-3.126919140095274","-3.126919140095274","-3.126919140095274","-1.7412841218676143","-1.7412841218676143","-1.7412841218676143","-2.199032564187088","-2.199032564187088","-2.199032564187088"
"25500","-2.582780539683079","-2.582780539683079","-2.582780539683079","-1.5022033892660613","-1.5022033892660613","-1.5022033892660613","-2.0904139258637238","-2.0904139258637238","-2.0904139258637238","-1.6285337734747543","-1.6285337734747543","-1.6285337734747543","-3.0786320041740116","-3.0786320041740116","-3.0786320041740116","-1.9542047499347732","-1.9542047499347732","-1.9542047499347732","-2.4531252924557676","-2.4531252924557676","-2.4531252924557676","-1.6532049361877068","-1.6532049361877068","-1.6532049361877068","-1.9087959419294793","-1.9087959419294793","-1.9087959419294793","-2.332647873242428","-2.332647873242428","-2.332647873242428","-3.6692772224514365","-3.6692772224514365","-3.6692772224514365","-1.8998586805645528","-1.8998586805645528","-1.8998586805645528","-2.108216813992588","-2.108216813992588","-2.108216813992588","-2.378236298602857","-2.378236298602857","-2.378236298602857","-2.464875974872384","-2.464875974872384","-2.464875974872384","-3.343382332446983","-3.343382332446983","-3.343382332446983","-1.569736003865926","-1.569736003865926","-1.569736003865926","-2.132720700034711","-2.132720700034711","-2.132720700034711","-2.3118387681252517","-2.3118387681252517","-2.3118387681252517","-1.8420738176722171","-1.8420738176722171","-1.8420738176722171"
"26000","-2.2279036341448584","-2.2279036341448584","-2.2279036341448584","-1.60207327689453","-1.60207327689453","-1.60207327689453","-2.216411283247719","-2.216411283247719","-2.216411283247719","-1.7826492347838496","-1.7826492347838496","-1.7826492347838496","-2.4617491940247276","-2.4617491940247276","-2.4617491940247276","-1.8640968512282305","-1.8640968512282305","-1.8640968512282305","-1.6594597480118505","-1.6594597480118505","-1.6594597480118505","-1.6747678317592178","-1.6747678317592178","-1.6747678317592178","-2.1253759739643057","-2.1253759739643057","-2.1253759739643057","-3.2094039266278656","-3.2094039266278656","-3.2094039266278656","-1.7899294657384597","-1.7899294657384597","-1.7899294657384597","-1.7509177917980974","-1.7509177917980974","-1.7509177917980974","-2.9106152209666623","-2.9106152209666623","-2.9106152209666623","-2.333483025217606","-2.333483025217606","-2.333483025217606","-1.5403609784919872","-1.5403609784919872","-1.5403609784919872","-1.8084785728631776","-1.8084785728631776","-1.8084785728631776","-1.4008673041950999","-1.4008673041950999","-1.4008673041950999","-2.6136457850927295","-2.6136457850927295","-2.6136457850927295","-1.8319797486964244","-1.8319797486964244","-1.8319797486964244","-1.8273033857916787","-1.8273033857916787","-1.8273033857916787"
"26500","-1.716582391929722","-1.716582391929722","-1.716582391929722","-1.7993864244227464","-1.7993864244227464","-1.7993864244227464","-2.692443568642108","-2.692443568642108","-2.692443568642108","-2.3996602282190995","-2.3996602282190995","-2.3996602282190995","-1.828090942914736","-1.828090942914736","-1.828090942914736","-1.7652016951571632","-1.7652016951571632","-1.7652016951571632","-1.676398987181591","-1.676398987181591","-1.676398987181591","-1.860637134129815","-1.860637134129815","-1.860637134129815","-2.0616866048281572","-2.0616866048281572","-2.0616866048281572","-1.9249562768393265","-1.9249562768393265","-1.9249562768393265","-1.7866165352906163","-1.7866165352906163","-1.7866165352906163","-2.0619612820784012","-2.0619612820784012","-2.0619612820784012","-2.811203665359812","-2.811203665359812","-2.811203665359812","-3.367158752455058","-3.367158752455058","-3.367158752455058","-1.4500954552581766","-1.4500954552581766","-1.4500954552581766","-2.541972526150201","-2.541972526150201","-2.541972526150201","-2.0172234557335518","-2.0172234557335518","-2.0172234557335518","-2.3062732536561468","-2.3062732536561468","-2.3062732536561468","-2.3331586936370683","-2.3331586936370683","-2.3331586936370683","-1.455434789762036","-1.455434789762036","-1.455434789762036"
"27000","-2.7164622927185853","-2.7164622927185853","-2.7164622927185853","-2.2330434793924288","-2.2330434793924288","-2.2330434793924288","-1.6813146382125326","-1.6813146382125326","-1.6813146382125326","-2.1493969519752882","-2.1493969519752882","-2.1493969519752882","-2.254219537119975","-2.254219537119975","-2.254219537119975","-1.449691122352969","-1.449691122352969","-1.449691122352969","-1.6039110164609345","-1.6039110164609345","-1.6039110164609345","-1.4677816341505214","-1.4677816341505214","-1.4677816341505214","-2.427495920227991","-2.427495920227991","-2.427495920227991","-2.4217525877033976","-2.4217525877033976","-2.4217525877033976","-1.8155100579830772","-1.8155100579830772","-1.8155100579830772","-1.4306140641092238","-1.4306140641092238","-1.4306140641092238","-1.6911339221746353","-1.6911339221746353","-1.6911339221746353","-2.6089310178505514","-2.6089310178505514","-2.6089310178505514","-2.4270157208089485","-2.4270157208089485","-2.4270157208089485","-1.8310330767702525","-1.8310330767702525","-1.8310330767702525","-1.7829061729870825","-1.7829061729870825","-1.7829061729870825","-2.076378114765832","-2.076378114765832","-2.076378114765832","-2.656301415765017","-2.656301415765017","-2.656301415765017","-1.9233126570721661","-1.9233126570721661","-1.9233126570721661"
"27500","-2.154429696912989","-2.154429696912989","-2.154429696912989","-1.6825953401450888","-1.6825953401450888","-1.6825953401450888","-1.4778674891052659","-1.4778674891052659","-1.4778674891052659","-1.7806369588177393","-1.7806369588177393","-1.7806369588177393","-2.4984052632159783","-2.4984052632159783","-2.4984052632159783","-1.9227255043707956","-1.9227255043707956","-1.9227255043707956","-1.866412092232618","-1.866412092232618","-1.866412092232618","-1.3699360309429705","-1.3699360309429705","-1.3699360309429705","-1.9653060690683788","-1.9653060690683788","-1.9653060690683788","-2.514002873187201","-2.514002873187201","-2.514002873187201","-1.777312435866327","-1.777312435866327","-1.777312435866327","-1.198695410815175","-1.198695410815175","-1.198695410815175","-2.109431538190738","-2.109431538190738","-2.109431538190738","-2.053170377242597","-2.053170377242597","-2.053170377242597","-1.3551014644115094","-1.3551014644115094","-1.3551014644115094","-1.7240554096664678","-1.7240554096664678","-1.7240554096664678","-2.0237421432745943","-2.0237421432745943","-2.0237421432745943","-3.907124399974304","-3.907124399974304","-3.907124399974304","-2.083770007976517","-2.083770007976517","-2.083770007976517","-1.9847751753486578","-1.9847751753486578","-1.9847751753486578"
"28000","-1.8055211214180642","-1.8055211214180642","-1.8055211214180642","-1.7754136286648066","-1.7754136286648066","-1.7754136286648066","-1.822871292864481","-1.822871292864481","-1.822871292864481","-1.8199632756165698","-1.8199632756165698","-1.8199632756165698","-3.2507281309613076","-3.2507281309613076","-3.2507281309613076","-1.594962910641969","-1.594962910641969","-1.594962910641969","-2.0325839798858807","-2.0325839798858807","-2.0325839798858807","-1.6045596050865172","-1.6045596050865172","-1.6045596050865172","-2.3934129306983154","-2.3934129306983154","-2.3934129306983154","-2.656748337896988","-2.656748337896988","-2.656748337896988","-2.0412059179213777","-2.0412059179213777","-2.0412059179213777","-1.5336158453735311","-1.5336158453735311","-1.5336158453735311","-2.146578661552214","-2.146578661552214","-2.146578661552214","-2.531210842900337","-2.531210842900337","-2.531210842900337","-1.455959614432428","-1.455959614432428","-1.455959614432428","-2.1204423515345314","-2.1204423515345314","-2.1204423515345314","-1.437737143546096","-1.437737143546096","-1.437737143546096","-2.631330255674111","-2.631330255674111","-2.631330255674111","-1.853373070122921","-1.853373070122921","-1.853373070122921","-1.6095976401265364","-1.6095976401265364","-1.6095976401265364"
"28500","-2.291982940329386","-2.291982940329386","-2.291982940329386","-1.787383284610256","-1.787383284610256","-1.787383284610256","-1.5188913829229251","-1.5188913829229251","-1.5188913829229251","-1.979409508888906","-1.979409508888906","-1.979409508888906","-1.9356304486183333","-1.9356304486183333","-1.9356304486183333","-2.040751135585378","-2.040751135585378","-2.040751135585378","-1.9086748243520955","-1.9086748243520955","-1.9086748243520955","-1.15366018825871","-1.15366018825871","-1.15366018825871","-2.427581094691008","-2.427581094691008","-2.427581094691008","-2.108808646150151","-2.108808646150151","-2.108808646150151","-1.9117519803785252","-1.9117519803785252","-1.9117519803785252","-2.03843515108507","-2.03843515108507","-2.03843515108507","-1.4648900780934224","-1.4648900780934224","-1.4648900780934224","-2.1298594021985116","-2.1298594021985116","-2.1298594021985116","-2.281511295683067","-2.281511295683067","-2.281511295683067","-1.8589758851734246","-1.8589758851734246","-1.8589758851734246","-2.6753429796672092","-2.6753429796672092","-2.6753429796672092","-2.7727538973564996","-2.7727538973564996","-2.7727538973564996","-1.6273089610972882","-1.6273089610972882","-1.6273089610972882","-1.9557704183880482","-1.9557704183880482","-1.9557704183880482"
"29000","-2.6997964093650415","-2.6997964093650415","-2.6997964093650415","-2.522005308717754","-2.522005308717754","-2.522005308717754","-1.9597342787883356","-1.9597342787883356","-1.9597342787883356","-1.593989654869985","-1.593989654869985","-1.593989654869985","-1.9697404646071468","-1.9697404646071468","-1.9697404646071468","-1.6285237405290407","-1.6285237405290407","-1.6285237405290407","-1.966427135664015","-1.966427135664015","-1.966427135664015","-1.5023361755369689","-1.5023361755369689","-1.5023361755369689","-1.658915697480331","-1.658915697480331","-1.658915697480331","-2.0882525938634533","-2.0882525938634533","-2.0882525938634533","-2.431762430788216","-2.431762430788216","-2.431762430788216","-1.8769543139648008","-1.8769543139648008","-1.8769543139648008","-1.5475696894250666","-1.5475696894250666","-1.5475696894250666","-1.9570057239009202","-1.9570057239009202","-1.9570057239009202","-1.811933194751078","-1.811933194751078","-1.811933194751078","-1.4330389340919125","-1.4330389340919125","-1.4330389340919125","-1.7915597739541376","-1.7915597739541376","-1.7915597739541376","-2.2202425122571148","-2.2202425122571148","-2.2202425122571148","-2.916355628170529","-2.916355628170529","-2.916355628170529","-1.9458210370228006","-1.9458210370228006","-1.9458210370228006"
"29500","-1.4649291318827284","-1.4649291318827284","-1.4649291318827284","-1.8378220758097785","-1.8378220758097785","-1.8378220758097785","-1.6612376200774719","-1.6612376200774719","-1.6612376200774719","-1.6740033700224353","-1.6740033700224353","-1.6740033700224353","-2.7670613391904744","-2.7670613391904744","-2.7670613391904744","-1.2800845398559026","-1.2800845398559026","-1.2800845398559026","-1.6511744741050904","-1.6511744741050904","-1.6511744741050904","-1.1930225260012182","-1.1930225260012182","-1.1930225260012182","-1.962996237578516","-1.962996237578516","-1.962996237578516","-1.586189313421929","-1.586189313421929","-1.586189313421929","-2.73894644020455","-2.73894644020455","-2.73894644020455","-1.6805320626012725","-1.6805320626012725","-1.6805320626012725","-1.581157692142932","-1.581157692142932","-1.581157692142932","-2.0538573269959013","-2.0538573269959013","-2.0538573269959013","-1.709704059247732","-1.709704059247732","-1.709704059247732","-1.7158179308121195","-1.7158179308121195","-1.7158179308121195","-2.062258906537599","-2.062258906537599","-2.062258906537599","-3.3381361052408565","-3.3381361052408565","-3.3381361052408565","-1.5237905188778762","-1.5237905188778762","-1.5237905188778762","-2.189233393348945","-2.189233393348945","-2.189233393348945"
"30000","-1.6420453678901619","-1.6420453678901619","-1.6420453678901619","-2.1153828766667866","-2.1153828766667866","-2.1153828766667866","-1.7846251989567392","-1.7846251989567392","-1.7846251989567392","-1.8908916512707397","-1.8908916512707397","-1.8908916512707397","-2.3994437978675665","-2.3994437978675665","-2.3994437978675665","-1.5621877453709014","-1.5621877453709014","-1.5621877453709014","-1.609809677581893","-1.609809677581893","-1.609809677581893","-0.8889465181343063","-0.8889465181343063","-0.8889465181343063","-1.823993883282941","-1.823993883282941","-1.823993883282941","-1.501482766931116","-1.501482766931116","-1.501482766931116","-2.212654154673501","-2.212654154673501","-2.212654154673501","-1.5476069229398624","-1.5476069229398624","-1.5476069229398624","-1.4786183764452687","-1.4786183764452687","-1.4786183764452687","-2.126366001634787","-2.126366001634787","-2.126366001634787","-1.338468000653503","-1.338468000653503","-1.338468000653503","-2.2852824082342833","-2.2852824082342833","-2.2852824082342833","-1.6616889116492142","-1.6616889116492142","-1.6616889116492142","-4.217438190219714","-4.217438190219714","-4.217438190219714","-2.386880183757823","-2.386880183757823","-2.386880183757823","-1.9989632868397702","-1.9989632868397702","-1.9989632868397702"
"30500","-1.890963720258761","-1.890963720258761","-1.890963720258761","-2.0714853641696402","-2.0714853641696402","-2.0714853641696402","-1.5760349534179512","-1.5760349534179512","-1.5760349534179512","-4.272170459376078","-4.272170459376078","-4.272170459376078","-2.153216378807167","-2.153216378807167","-2.153216378807167","-1.4042779269637595","-1.4042779269637595","-1.4042779269637595","-1.467104371382393","-1.467104371382393","-1.467104371382393","-1.248064025599606","-1.248064025599606","-1.248064025599606","-1.5285222024080718","-1.5285222024080718","-1.5285222024080718","-1.343090524965176","-1.343090524965176","-1.343090524965176","-2.6849350655908744","-2.6849350655908744","-2.6849350655908744","-1.4181257113645278","-1.4181257113645278","-1.4181257113645278","-0.9428361123937907","-0.9428361123937907","-0.9428361123937907","-2.3679469793800463","-2.3679469793800463","-2.3679469793800463","-1.8488360473836356","-1.8488360473836356","-1.8488360473836356","-2.381678795998493","-2.381678795998493","-2.381678795998493","-1.8435972713867415","-1.8435972713867415","-1.8435972713867415","-3.357234939138717","-3.357234939138717","-3.357234939138717","-1.9042244293052701","-1.9042244293052701","-1.9042244293052701","-1.9750104283124614","-1.9750104283124614","-1.9750104283124614"
"31000","-1.6481320983263523","-1.6481320983263523","-1.6481320983263523","-1.4347853382178495","-1.4347853382178495","-1.4347853382178495","-1.515472975473528","-1.515472975473528","-1.515472975473528","-2.31972607206219","-2.31972607206219","-2.31972607206219","-2.1481774457656058","-2.1481774457656058","-2.1481774457656058","-1.6182558873792878","-1.6182558873792878","-1.6182558873792878","-2.2060275883321436","-2.2060275883321436","-2.2060275883321436","-1.0049845317913213","-1.0049845317913213","-1.0049845317913213","-2.1832246242024897","-2.1832246242024897","-2.1832246242024897","-1.4813188636778754","-1.4813188636778754","-1.4813188636778754","-1.9862837818746786","-1.9862837818746786","-1.9862837818746786","-1.370351907303292","-1.370351907303292","-1.370351907303292","-2.0495734744686147","-2.0495734744686147","-2.0495734744686147","-2.2605995930796405","-2.2605995930796405","-2.2605995930796405","-1.9373123654017","-1.9373123654017","-1.9373123654017","-1.7985011099815733","-1.7985011099815733","-1.7985011099815733","-2.0581528288212008","-2.0581528288212008","-2.0581528288212008","-2.3890186159440434","-2.3890186159440434","-2.3890186159440434","-2.017056738514121","-2.017056738514121","-2.017056738514121","-1.8995649596304442","-1.8995649596304442","-1.8995649596304442"
"31500","-1.9937355948603925","-1.9937355948603925","-1.9937355948603925","-1.832495203567954","-1.832495203567954","-1.832495203567954","-1.6934883348867793","-1.6934883348867793","-1.6934883348867793","-1.9221534827521953","-1.9221534827521953","-1.9221534827521953","-2.4553083682310133","-2.4553083682310133","-2.4553083682310133","-1.3477429325998265","-1.3477429325998265","-1.3477429325998265","-1.6916351593476668","-1.6916351593476668","-1.6916351593476668","-1.0123398006759594","-1.0123398006759594","-1.0123398006759594","-1.8461617253870664","-1.8461617253870664","-1.8461617253870664","-1.5688216982560719","-1.5688216982560719","-1.5688216982560719","-2.2816841149599276","-2.2816841149599276","-2.2816841149599276","-1.2436842416840697","-1.2436842416840697","-1.2436842416840697","-1.1207541692521166","-1.1207541692521166","-1.1207541692521166","-2.422595858140262","-2.422595858140262","-2.422595858140262","-1.4328778804927031","-1.4328778804927031","-1.4328778804927031","-1.6060736522521786","-1.6060736522521786","-1.6060736522521786","-1.3891709179863068","-1.3891709179863068","-1.3891709179863068","-2.60518830875757","-2.60518830875757","-2.60518830875757","-2.1895663532758864","-2.1895663532758864","-2.1895663532758864","-1.8482793962674307","-1.8482793962674307","-1.8482793962674307"
"32000","-2.1970754143465383","-2.1970754143465383","-2.1970754143465383","-1.5919175159486934","-1.5919175159486934","-1.5919175159486934","-1.7846694410449295","-1.7846694410449295","-1.7846694410449295","-2.062342688705024","-2.062342688705024","-2.062342688705024","-2.4752850313811696","-2.4752850313811696","-2.4752850313811696","-1.4467875494152147","-1.4467875494152147","-1.4467875494152147","-1.7323961322289043","-1.7323961322289043","-1.7323961322289043","-1.0712148552295904","-1.0712148552295904","-1.0712148552295904","-1.8692125382603515","-1.8692125382603515","-1.8692125382603515","-1.364781671632601","-1.364781671632601","-1.364781671632601","-1.912433657639602","-1.912433657639602","-1.912433657639602","-1.5986529480347975","-1.5986529480347975","-1.5986529480347975","-1.6098345902009246","-1.6098345902009246","-1.6098345902009246","-2.5231506000054287","-2.5231506000054287","-2.5231506000054287","-1.391167464522704","-1.391167464522704","-1.391167464522704","-1.297706812564773","-1.297706812564773","-1.297706812564773","-1.7050990447900687","-1.7050990447900687","-1.7050990447900687","-2.7720689725199494","-2.7720689725199494","-2.7720689725199494","-1.4952486589569107","-1.4952486589569107","-1.4952486589569107","-2.244167870520136","-2.244167870520136","-2.244167870520136"
"32500","-1.760130204762301","-1.760130204762301","-1.760130204762301","-1.8159399876870406","-1.8159399876870406","-1.8159399876870406","-1.9955370200248326","-1.9955370200248326","-1.9955370200248326","-1.5861249447176435","-1.5861249447176435","-1.5861249447176435","-2.907570976475654","-2.907570976475654","-2.907570976475654","-1.4199766250754553","-1.4199766250754553","-1.4199766250754553","-1.6216787531549595","-1.6216787531549595","-1.6216787531549595","-1.3458368868918982","-1.3458368868918982","-1.3458368868918982","-1.9960450799003333","-1.9960450799003333","-1.9960450799003333","-1.5839765203453116","-1.5839765203453116","-1.5839765203453116","-2.3317405693784368","-2.3317405693784368","-2.3317405693784368","-1.211123408148659","-1.211123408148659","-1.211123408148659","-1.7632859958402576","-1.7632859958402576","-1.7632859958402576","-2.3891680882515374","-2.3891680882515374","-2.3891680882515374","-1.7520181335487055","-1.7520181335487055","-1.7520181335487055","-1.509715634388286","-1.509715634388286","-1.509715634388286","-1.5223191772270177","-1.5223191772270177","-1.5223191772270177","-2.4012819296435373","-2.4012819296435373","-2.4012819296435373","-1.445175171915702","-1.445175171915702","-1.445175171915702","-1.9118065905645092","-1.9118065905645092","-1.9118065905645092"
"33000","-2.022517410014063","-2.022517410014063","-2.022517410014063","-1.7088923354858079","-1.7088923354858079","-1.7088923354858079","-1.3501745646609868","-1.3501745646609868","-1.3501745646609868","-1.9998938935111306","-1.9998938935111306","-1.9998938935111306","-2.471680651401426","-2.471680651401426","-2.471680651401426","-2.0360858019164154","-2.0360858019164154","-2.0360858019164154","-1.82202791451098","-1.82202791451098","-1.82202791451098","-1.343393043184878","-1.343393043184878","-1.343393043184878","-2.0239352958575236","-2.0239352958575236","-2.0239352958575236","-1.5106171618105428","-1.5106171618105428","-1.5106171618105428","-1.8395005613178963","-1.8395005613178963","-1.8395005613178963","-1.22626095447325","-1.22626095447325","-1.22626095447325","-1.3934316486921903","-1.3934316486921903","-1.3934316486921903","-2.004744480983102","-2.004744480983102","-2.004744480983102","-1.4652160376742978","-1.4652160376742978","-1.4652160376742978","-1.6460806329092776","-1.6460806329092776","-1.6460806329092776","-1.3069015183613142","-1.3069015183613142","-1.3069015183613142","-3.0377877071021118","-3.0377877071021118","-3.0377877071021118","-1.2004275872465486","-1.2004275872465486","-1.2004275872465486","-2.090065411152191","-2.090065411152191","-2.090065411152191"
"33500","-3.075882816994067","-3.075882816994067","-3.075882816994067","-1.9512369941712244","-1.9512369941712244","-1.9512369941712244","-1.354108769933153","-1.354108769933153","-1.354108769933153","-2.0468338372705133","-2.0468338372705133","-2.0468338372705133","-2.2872677418247047","-2.2872677418247047","-2.2872677418247047","-2.138860264131391","-2.138860264131391","-2.138860264131391","-1.4857997913784418","-1.4857997913784418","-1.4857997913784418","-1.1592196829379033","-1.1592196829379033","-1.1592196829379033","-1.498054979579069","-1.498054979579069","-1.498054979579069","-1.8330902360831254","-1.8330902360831254","-1.8330902360831254","-1.9410294895045896","-1.9410294895045896","-1.9410294895045896","-1.206168474851696","-1.206168474851696","-1.206168474851696","-1.0558865035689404","-1.0558865035689404","-1.0558865035689404","-2.99808116398165","-2.99808116398165","-2.99808116398165","-1.6241731358367926","-1.6241731358367926","-1.6241731358367926","-1.4379130433293557","-1.4379130433293557","-1.4379130433293557","-1.2240111007612682","-1.2240111007612682","-1.2240111007612682","-2.50217147272073","-2.50217147272073","-2.50217147272073","-1.6303240078078338","-1.6303240078078338","-1.6303240078078338","-2.0671536171996285","-2.0671536171996285","-2.0671536171996285"
"34000","-2.4160474864827437","-2.4160474864827437","-2.4160474864827437","-1.3385474354035665","-1.3385474354035665","-1.3385474354035665","-2.5796661300161956","-2.5796661300161956","-2.5796661300161956","-1.5075153353652113","-1.5075153353652113","-1.5075153353652113","-1.9147826759372162","-1.9147826759372162","-1.9147826759372162","-1.5979109684577129","-1.5979109684577129","-1.5979109684577129","-1.8889552717878046","-1.8889552717878046","-1.8889552717878046","-1.2406564088048553","-1.2406564088048553","-1.2406564088048553","-1.5641279668203363","-1.5641279668203363","-1.5641279668203363","-1.2688221298453413","-1.2688221298453413","-1.2688221298453413","-1.8342990612381667","-1.8342990612381667","-1.8342990612381667","-1.3774805514677175","-1.3774805514677175","-1.3774805514677175","-1.095192414491502","-1.095192414491502","-1.095192414491502","-2.827839467347366","-2.827839467347366","-2.827839467347366","-1.6066195642889052","-1.6066195642889052","-1.6066195642889052","-1.7373642466995516","-1.7373642466995516","-1.7373642466995516","-1.5490889785667243","-1.5490889785667243","-1.5490889785667243","-2.733785041422081","-2.733785041422081","-2.733785041422081","-1.3479250783881418","-1.3479250783881418","-1.3479250783881418","-1.9989397339779575","-1.9989397339779575","-1.9989397339779575"
"34500","-1.910264438527768","-1.910264438527768","-1.910264438527768","-2.367883606178772","-2.367883606178772","-2.367883606178772","-1.1906425489600396","-1.1906425489600396","-1.1906425489600396","-1.537931659542733","-1.537931659542733","-1.537931659542733","-1.5632495436981728","-1.5632495436981728","-1.5632495436981728","-1.8595157553156991","-1.8595157553156991","-1.8595157553156991","-1.4279646790592917","-1.4279646790592917","-1.4279646790592917","-1.1193679903768377","-1.1193679903768377","-1.1193679903768377","-1.4624147380813872","-1.4624147380813872","-1.4624147380813872","-1.439611237701054","-1.439611237701054","-1.439611237701054","-1.748791671654709","-1.748791671654709","-1.748791671654709","-1.48602748452579","-1.48602748452579","-1.48602748452579","-1.7560686213047298","-1.7560686213047298","-1.7560686213047298","-3.2012054247810697","-3.2012054247810697","-3.2012054247810697","-1.6481708145569236","-1.6481708145569236","-1.6481708145569236","-1.6117524325440626","-1.6117524325440626","-1.6117524325440626","-1.4214692266642714","-1.4214692266642714","-1.4214692266642714","-3.474394674443181","-3.474394674443181","-3.474394674443181","-1.6181703293679288","-1.6181703293679288","-1.6181703293679288","-1.8261308401836143","-1.8261308401836143","-1.8261308401836143"
"35000","-1.7937002602935403","-1.7937002602935403","-1.7937002602935403","-1.6337351170046837","-1.6337351170046837","-1.6337351170046837","-1.4384145076431996","-1.4384145076431996","-1.4384145076431996","-1.3603363261789874","-1.3603363261789874","-1.3603363261789874","-2.070294104700852","-2.070294104700852","-2.070294104700852","-2.3445456409431094","-2.3445456409431094","-2.3445456409431094","-1.5326783860429196","-1.5326783860429196","-1.5326783860429196","-1.032569282637629","-1.032569282637629","-1.032569282637629","-2.6708125963372344","-2.6708125963372344","-2.6708125963372344","-1.4608290328153313","-1.4608290328153313","-1.4608290328153313","-2.4634863833061362","-2.4634863833061362","-2.4634863833061362","-1.284723051990524","-1.284723051990524","-1.284723051990524","-1.4314674998318595","-1.4314674998318595","-1.4314674998318595","-2.2272000411511064","-2.2272000411511064","-2.2272000411511064","-1.1859662904504018","-1.1859662904504018","-1.1859662904504018","-1.6210414845791088","-1.6210414845791088","-1.6210414845791088","-1.44351725134475","-1.44351725134475","-1.44351725134475","-3.1614064311405037","-3.1614064311405037","-3.1614064311405037","-1.4470640326319448","-1.4470640326319448","-1.4470640326319448","-1.7933779938484502","-1.7933779938484502","-1.7933779938484502"
"35500","-1.7443313813236567","-1.7443313813236567","-1.7443313813236567","-1.7252683964355895","-1.7252683964355895","-1.7252683964355895","-1.551405657812607","-1.551405657812607","-1.551405657812607","-1.551491653093391","-1.551491653093391","-1.551491653093391","-1.8373068150877856","-1.8373068150877856","-1.8373068150877856","-1.6649717370290127","-1.6649717370290127","-1.6649717370290127","-1.38353371964919","-1.38353371964919","-1.38353371964919","-1.1709739808090447","-1.1709739808090447","-1.1709739808090447","-1.4524753137761948","-1.4524753137761948","-1.4524753137761948","-1.5051724684993786","-1.5051724684993786","-1.5051724684993786","-1.4632822608301963","-1.4632822608301963","-1.4632822608301963","-1.3243699659270969","-1.3243699659270969","-1.3243699659270969","-1.8662651218749375","-1.8662651218749375","-1.8662651218749375","-2.9293885268363797","-2.9293885268363797","-2.9293885268363797","-1.5642690988780745","-1.5642690988780745","-1.5642690988780745","-1.587485651287858","-1.587485651287858","-1.587485651287858","-1.4035998330215638","-1.4035998330215638","-1.4035998330215638","-2.3841831117146475","-2.3841831117146475","-2.3841831117146475","-1.6888747930405592","-1.6888747930405592","-1.6888747930405592","-1.484416071729866","-1.484416071729866","-1.484416071729866"
"36000","-1.4079722602802822","-1.4079722602802822","-1.4079722602802822","-1.5053150163250464","-1.5053150163250464","-1.5053150163250464","-1.574249361706621","-1.574249361706621","-1.574249361706621","-1.5218160421721627","-1.5218160421721627","-1.5218160421721627","-2.63387221834501","-2.63387221834501","-2.63387221834501","-1.4812565175661643","-1.4812565175661643","-1.4812565175661643","-1.4107227684026182","-1.4107227684026182","-1.4107227684026182","-1.4847711206650975","-1.4847711206650975","-1.4847711206650975","-1.3834554757895265","-1.3834554757895265","-1.3834554757895265","-1.549064057268064","-1.549064057268064","-1.549064057268064","-1.8963858445541273","-1.8963858445541273","-1.8963858445541273","-1.1253460716902366","-1.1253460716902366","-1.1253460716902366","-2.2411344451616455","-2.2411344451616455","-2.2411344451616455","-2.533616829792782","-2.533616829792782","-2.533616829792782","-1.5531243688419705","-1.5531243688419705","-1.5531243688419705","-1.4979859444818902","-1.4979859444818902","-1.4979859444818902","-1.7605210686418538","-1.7605210686418538","-1.7605210686418538","-1.3470985193872944","-1.3470985193872944","-1.3470985193872944","-1.389361202846993","-1.389361202846993","-1.389361202846993","-1.3880602137291682","-1.3880602137291682","-1.3880602137291682"
"36500","-1.403888180472133","-1.403888180472133","-1.403888180472133","-1.746461101974829","-1.746461101974829","-1.746461101974829","-1.2218433176421086","-1.2218433176421086","-1.2218433176421086","-1.453633661563042","-1.453633661563042","-1.453633661563042","-1.6221947103671508","-1.6221947103671508","-1.6221947103671508","-1.6143489516468894","-1.6143489516468894","-1.6143489516468894","-1.945694215843091","-1.945694215843091","-1.945694215843091","-0.9047197659222845","-0.9047197659222845","-0.9047197659222845","-1.8015722032517894","-1.8015722032517894","-1.8015722032517894","-1.8911107045130664","-1.8911107045130664","-1.8911107045130664","-1.6329450963921566","-1.6329450963921566","-1.6329450963921566","-1.4648979313250607","-1.4648979313250607","-1.4648979313250607","-1.805366871937693","-1.805366871937693","-1.805366871937693","-2.6428143233614803","-2.6428143233614803","-2.6428143233614803","-1.6767688916128722","-1.6767688916128722","-1.6767688916128722","-1.4752480404253963","-1.4752480404253963","-1.4752480404253963","-1.8886335789510487","-1.8886335789510487","-1.8886335789510487","-2.2185552452495316","-2.2185552452495316","-2.2185552452495316","-1.4941263740427793","-1.4941263740427793","-1.4941263740427793","-1.5252801268940441","-1.5252801268940441","-1.5252801268940441"
"37000","-1.2473294811528395","-1.2473294811528395","-1.2473294811528395","-1.3294942843050852","-1.3294942843050852","-1.3294942843050852","-1.378602871571252","-1.378602871571252","-1.378602871571252","-1.459368617391523","-1.459368617391523","-1.459368617391523","-1.833489392104101","-1.833489392104101","-1.833489392104101","-2.3254569744116957","-2.3254569744116957","-2.3254569744116957","-1.6034660556694234","-1.6034660556694234","-1.6034660556694234","-1.1059010985149569","-1.1059010985149569","-1.1059010985149569","-1.5006468644097462","-1.5006468644097462","-1.5006468644097462","-1.9204506320326673","-1.9204506320326673","-1.9204506320326673","-2.0914501736970323","-2.0914501736970323","-2.0914501736970323","-1.2007286358126237","-1.2007286358126237","-1.2007286358126237","-1.5539068720600044","-1.5539068720600044","-1.5539068720600044","-3.5492771031515433","-3.5492771031515433","-3.5492771031515433","-1.5024735636308386","-1.5024735636308386","-1.5024735636308386","-1.6549780978831101","-1.6549780978831101","-1.6549780978831101","-1.6334670171502919","-1.6334670171502919","-1.6334670171502919","-1.8429509484034263","-1.8429509484034263","-1.8429509484034263","-1.3851353664115815","-1.3851353664115815","-1.3851353664115815","-1.3411139072915508","-1.3411139072915508","-1.3411139072915508"
"37500","-1.287498833477669","-1.287498833477669","-1.287498833477669","-1.3345135721579928","-1.3345135721579928","-1.3345135721579928","-1.3165448713152537","-1.3165448713152537","-1.3165448713152537","-1.5325342221476062","-1.5325342221476062","-1.5325342221476062","-1.8338268189819011","-1.8338268189819011","-1.8338268189819011","-1.7093070184530084","-1.7093070184530084","-1.7093070184530084","-1.707937299763613","-1.707937299763613","-1.707937299763613","-1.2247666480900488","-1.2247666480900488","-1.2247666480900488","-1.7552922940616391","-1.7552922940616391","-1.7552922940616391","-1.6497124390621445","-1.6497124390621445","-1.6497124390621445","-1.8767331405072505","-1.8767331405072505","-1.8767331405072505","-1.079893604941304","-1.079893604941304","-1.079893604941304","-1.6223477750852713","-1.6223477750852713","-1.6223477750852713","-2.7924750327055934","-2.7924750327055934","-2.7924750327055934","-1.2602620379375553","-1.2602620379375553","-1.2602620379375553","-1.5439358135405354","-1.5439358135405354","-1.5439358135405354","-1.605413309540576","-1.605413309540576","-1.605413309540576","-1.4018000247515952","-1.4018000247515952","-1.4018000247515952","-1.4053709337717781","-1.4053709337717781","-1.4053709337717781","-1.4637629906943237","-1.4637629906943237","-1.4637629906943237"
"38000","-1.505594102844371","-1.505594102844371","-1.505594102844371","-1.6097272709140213","-1.6097272709140213","-1.6097272709140213","-1.2986946745735861","-1.2986946745735861","-1.2986946745735861","-1.616264209227463","-1.616264209227463","-1.616264209227463","-1.8753522905949744","-1.8753522905949744","-1.8753522905949744","-1.373226363830925","-1.373226363830925","-1.373226363830925","-1.8586315729324263","-1.8586315729324263","-1.8586315729324263","-1.1547839432643248","-1.1547839432643248","-1.1547839432643248","-1.566022613668323","-1.566022613668323","-1.566022613668323","-1.5598452048148954","-1.5598452048148954","-1.5598452048148954","-1.8768743003279647","-1.8768743003279647","-1.8768743003279647","-1.3632899386895763","-1.3632899386895763","-1.3632899386895763","-1.4190030941644625","-1.4190030941644625","-1.4190030941644625","-3.003949594451658","-3.003949594451658","-3.003949594451658","-1.4507269283201583","-1.4507269283201583","-1.4507269283201583","-1.4036887377399454","-1.4036887377399454","-1.4036887377399454","-1.894517371406457","-1.894517371406457","-1.894517371406457","-1.8619631917115431","-1.8619631917115431","-1.8619631917115431","-1.4472263662838893","-1.4472263662838893","-1.4472263662838893","-1.4310283788515186","-1.4310283788515186","-1.4310283788515186"
"38500","-1.076140187286991","-1.076140187286991","-1.076140187286991","-1.375857729523803","-1.375857729523803","-1.375857729523803","-1.5925502677132974","-1.5925502677132974","-1.5925502677132974","-1.3904710507858684","-1.3904710507858684","-1.3904710507858684","-1.5973723629514909","-1.5973723629514909","-1.5973723629514909","-1.9743441933106851","-1.9743441933106851","-1.9743441933106851","-2.3327519007491886","-2.3327519007491886","-2.3327519007491886","-0.8405964553707411","-0.8405964553707411","-0.8405964553707411","-1.544902640261173","-1.544902640261173","-1.544902640261173","-1.573630590055455","-1.573630590055455","-1.573630590055455","-1.7828464898936889","-1.7828464898936889","-1.7828464898936889","-1.2788850584383957","-1.2788850584383957","-1.2788850584383957","-1.5013966326193569","-1.5013966326193569","-1.5013966326193569","-3.236396483196111","-3.236396483196111","-3.236396483196111","-2.0025468512209867","-2.0025468512209867","-2.0025468512209867","-1.4735326974443612","-1.4735326974443612","-1.4735326974443612","-1.6649425403238216","-1.6649425403238216","-1.6649425403238216","-2.3327833402985245","-2.3327833402985245","-2.3327833402985245","-1.4636872414940973","-1.4636872414940973","-1.4636872414940973","-1.4417486064720846","-1.4417486064720846","-1.4417486064720846"
"39000","-1.1597002847514193","-1.1597002847514193","-1.1597002847514193","-1.4496424166359971","-1.4496424166359971","-1.4496424166359971","-1.3495917267708837","-1.3495917267708837","-1.3495917267708837","-1.5361990849834135","-1.5361990849834135","-1.5361990849834135","-1.549073405210752","-1.549073405210752","-1.549073405210752","-1.5856484441673182","-1.5856484441673182","-1.5856484441673182","-1.5274342098888012","-1.5274342098888012","-1.5274342098888012","-1.2828068407100734","-1.2828068407100734","-1.2828068407100734","-1.6852209578430215","-1.6852209578430215","-1.6852209578430215","-1.6087385085908175","-1.6087385085908175","-1.6087385085908175","-1.8886074044203915","-1.8886074044203915","-1.8886074044203915","-1.2061018002315214","-1.2061018002315214","-1.2061018002315214","-1.733222136270315","-1.733222136270315","-1.733222136270315","-3.2217298588846277","-3.2217298588846277","-3.2217298588846277","-1.3690867620241218","-1.3690867620241218","-1.3690867620241218","-1.7591065451919454","-1.7591065451919454","-1.7591065451919454","-1.5963844013418726","-1.5963844013418726","-1.5963844013418726","-1.7305114073043986","-1.7305114073043986","-1.7305114073043986","-1.619784157016959","-1.619784157016959","-1.619784157016959","-1.354060549820415","-1.354060549820415","-1.354060549820415"
"39500","-1.3742145177686869","-1.3742145177686869","-1.3742145177686869","-1.5572266764451785","-1.5572266764451785","-1.5572266764451785","-1.27522865969329","-1.27522865969329","-1.27522865969329","-1.4048599201782819","-1.4048599201782819","-1.4048599201782819","-1.820119026782508","-1.820119026782508","-1.820119026782508","-1.519604549241433","-1.519604549241433","-1.519604549241433","-1.9287713229331718","-1.9287713229331718","-1.9287713229331718","-1.3465487377986727","-1.3465487377986727","-1.3465487377986727","-1.5370341902823375","-1.5370341902823375","-1.5370341902823375","-1.6333515981512643","-1.6333515981512643","-1.6333515981512643","-1.9339312017603052","-1.9339312017603052","-1.9339312017603052","-1.1480800773297564","-1.1480800773297564","-1.1480800773297564","-1.9861368193214417","-1.9861368193214417","-1.9861368193214417","-2.9420802032021993","-2.9420802032021993","-2.9420802032021993","-1.4575530166092956","-1.4575530166092956","-1.4575530166092956","-1.7606013485696146","-1.7606013485696146","-1.7606013485696146","-1.8426090992209379","-1.8426090992209379","-1.8426090992209379","-1.5430310452177292","-1.5430310452177292","-1.5430310452177292","-1.3559341194795593","-1.3559341194795593","-1.3559341194795593","-1.3645064214297222","-1.3645064214297222","-1.3645064214297222"
"40000","-1.3469457821060837","-1.3469457821060837","-1.3469457821060837","-1.4177960664907314","-1.4177960664907314","-1.4177960664907314","-1.48175256578169","-1.48175256578169","-1.48175256578169","-1.6765442298994304","-1.6765442298994304","-1.6765442298994304","-1.806499660174057","-1.806499660174057","-1.806499660174057","-1.6129735961226292","-1.6129735961226292","-1.6129735961226292","-1.5956539896669992","-1.5956539896669992","-1.5956539896669992","-1.2650535872040025","-1.2650535872040025","-1.2650535872040025","-1.424463581993519","-1.424463581993519","-1.424463581993519","-1.4755972977321161","-1.4755972977321161","-1.4755972977321161","-1.738990906670049","-1.738990906670049","-1.738990906670049","-0.9697633461771218","-0.9697633461771218","-0.9697633461771218","-1.6829312094805886","-1.6829312094805886","-1.6829312094805886","-3.2621386229106655","-3.2621386229106655","-3.2621386229106655","-1.149984191430302","-1.149984191430302","-1.149984191430302","-1.4849780937356873","-1.4849780937356873","-1.4849780937356873","-1.6158041263826697","-1.6158041263826697","-1.6158041263826697","-1.3391154789255746","-1.3391154789255746","-1.3391154789255746","-1.4361965803724468","-1.4361965803724468","-1.4361965803724468","-1.3397224261787224","-1.3397224261787224","-1.3397224261787224"
"40500","-1.2547193458497574","-1.2547193458497574","-1.2547193458497574","-1.34740689901919","-1.34740689901919","-1.34740689901919","-1.3860064391013318","-1.3860064391013318","-1.3860064391013318","-1.3744796276909363","-1.3744796276909363","-1.3744796276909363","-1.554161105551571","-1.554161105551571","-1.554161105551571","-1.7950422764912364","-1.7950422764912364","-1.7950422764912364","-1.721992978410134","-1.721992978410134","-1.721992978410134","-1.274869734026677","-1.274869734026677","-1.274869734026677","-1.4300148289709183","-1.4300148289709183","-1.4300148289709183","-1.4918555385292787","-1.4918555385292787","-1.4918555385292787","-1.8867343728180164","-1.8867343728180164","-1.8867343728180164","-1.2218372164125548","-1.2218372164125548","-1.2218372164125548","-2.021246896347737","-2.021246896347737","-2.021246896347737","-3.319162419041792","-3.319162419041792","-3.319162419041792","-1.7681643229197768","-1.7681643229197768","-1.7681643229197768","-1.8318764779029941","-1.8318764779029941","-1.8318764779029941","-1.5244778554508938","-1.5244778554508938","-1.5244778554508938","-1.5540878786227226","-1.5540878786227226","-1.5540878786227226","-1.9365719772214551","-1.9365719772214551","-1.9365719772214551","-1.413346027707507","-1.413346027707507","-1.413346027707507"
"41000","-1.1702066318942035","-1.1702066318942035","-1.1702066318942035","-1.534684238306521","-1.534684238306521","-1.534684238306521","-1.403031668572193","-1.403031668572193","-1.403031668572193","-1.5274800631280612","-1.5274800631280612","-1.5274800631280612","-1.7475833426631244","-1.7475833426631244","-1.7475833426631244","-1.3397278497034288","-1.3397278497034288","-1.3397278497034288","-1.882262232009517","-1.882262232009517","-1.882262232009517","-1.368374127766626","-1.368374127766626","-1.368374127766626","-1.3833692808699074","-1.3833692808699074","-1.3833692808699074","-1.5200266889046854","-1.5200266889046854","-1.5200266889046854","-1.519510028709885","-1.519510028709885","-1.519510028709885","-1.1177316516448115","-1.1177316516448115","-1.1177316516448115","-1.4142247116213515","-1.4142247116213515","-1.4142247116213515","-3.0433647883675663","-3.0433647883675663","-3.0433647883675663","-1.243099571876627","-1.243099571876627","-1.243099571876627","-2.015000708700918","-2.015000708700918","-2.015000708700918","-1.632774039628965","-1.632774039628965","-1.632774039628965","-1.3219100895945843","-1.3219100895945843","-1.3219100895945843","-1.6543931728819863","-1.6543931728819863","-1.6543931728819863","-1.631595881866934","-1.631595881866934","-1.631595881866934"
"41500","-1.6738372139899382","-1.6738372139899382","-1.6738372139899382","-1.5163142859335212","-1.5163142859335212","-1.5163142859335212","-1.7058536468021468","-1.7058536468021468","-1.7058536468021468","-1.443598648571264","-1.443598648571264","-1.443598648571264","-1.6476649968389452","-1.6476649968389452","-1.6476649968389452","-1.5034447891318858","-1.5034447891318858","-1.5034447891318858","-1.6496541126038635","-1.6496541126038635","-1.6496541126038635","-1.048472505340563","-1.048472505340563","-1.048472505340563","-1.3431048204241278","-1.3431048204241278","-1.3431048204241278","-2.0507541407870127","-2.0507541407870127","-2.0507541407870127","-1.7801028688454852","-1.7801028688454852","-1.7801028688454852","-0.9892834205237258","-0.9892834205237258","-0.9892834205237258","-1.6913292743665647","-1.6913292743665647","-1.6913292743665647","-3.7317575732020787","-3.7317575732020787","-3.7317575732020787","-1.5037212539157","-1.5037212539157","-1.5037212539157","-1.8818757930430035","-1.8818757930430035","-1.8818757930430035","-1.6186560516273392","-1.6186560516273392","-1.6186560516273392","-2.1320635127877554","-2.1320635127877554","-2.1320635127877554","-1.5328496479989755","-1.5328496479989755","-1.5328496479989755","-1.3974299895039837","-1.3974299895039837","-1.3974299895039837"
"42000","-1.1674182940401698","-1.1674182940401698","-1.1674182940401698","-1.4206815756876265","-1.4206815756876265","-1.4206815756876265","-1.3331485607047238","-1.3331485607047238","-1.3331485607047238","-1.3096207718829056","-1.3096207718829056","-1.3096207718829056","-1.7927005993686485","-1.7927005993686485","-1.7927005993686485","-1.5383721317118808","-1.5383721317118808","-1.5383721317118808","-1.4313146952460005","-1.4313146952460005","-1.4313146952460005","-1.218437406513755","-1.218437406513755","-1.218437406513755","-1.3922575926091765","-1.3922575926091765","-1.3922575926091765","-1.4802836138284325","-1.4802836138284325","-1.4802836138284325","-1.4996482756834812","-1.4996482756834812","-1.4996482756834812","-0.9725255483790903","-0.9725255483790903","-0.9725255483790903","-1.8629207115097732","-1.8629207115097732","-1.8629207115097732","-3.437822232486674","-3.437822232486674","-3.437822232486674","-1.2548741895588484","-1.2548741895588484","-1.2548741895588484","-1.8781240973598075","-1.8781240973598075","-1.8781240973598075","-1.7711291661930222","-1.7711291661930222","-1.7711291661930222","-1.636692862713152","-1.636692862713152","-1.636692862713152","-1.4858606902889506","-1.4858606902889506","-1.4858606902889506","-1.4427962965465384","-1.4427962965465384","-1.4427962965465384"
"42500","-1.6249797446238408","-1.6249797446238408","-1.6249797446238408","-1.5197791796280273","-1.5197791796280273","-1.5197791796280273","-1.4003651637661771","-1.4003651637661771","-1.4003651637661771","-1.4339876920550612","-1.4339876920550612","-1.4339876920550612","-1.8982531324566458","-1.8982531324566458","-1.8982531324566458","-1.3920721453318792","-1.3920721453318792","-1.3920721453318792","-1.6772241079750447","-1.6772241079750447","-1.6772241079750447","-0.9254144496955735","-0.9254144496955735","-0.9254144496955735","-1.4096930628385045","-1.4096930628385045","-1.4096930628385045","-1.9304018447570788","-1.9304018447570788","-1.9304018447570788","-1.4689317119718617","-1.4689317119718617","-1.4689317119718617","-1.1535316207131392","-1.1535316207131392","-1.1535316207131392","-2.058056222348508","-2.058056222348508","-2.058056222348508","-4.02592407660952","-4.02592407660952","-4.02592407660952","-1.5448673050822512","-1.5448673050822512","-1.5448673050822512","-2.0678359983151333","-2.0678359983151333","-2.0678359983151333","-1.5523806133257736","-1.5523806133257736","-1.5523806133257736","-1.8497173381669865","-1.8497173381669865","-1.8497173381669865","-1.7343727811202576","-1.7343727811202576","-1.7343727811202576","-1.391972849105598","-1.391972849105598","-1.391972849105598"
"43000","-1.1558416558984945","-1.1558416558984945","-1.1558416558984945","-1.4766343987771877","-1.4766343987771877","-1.4766343987771877","-1.284790674711897","-1.284790674711897","-1.284790674711897","-1.3917314059053023","-1.3917314059053023","-1.3917314059053023","-1.756342043857512","-1.756342043857512","-1.756342043857512","-1.3498291592166565","-1.3498291592166565","-1.3498291592166565","-1.3516209565507882","-1.3516209565507882","-1.3516209565507882","-1.2754058105017871","-1.2754058105017871","-1.2754058105017871","-1.260951247983648","-1.260951247983648","-1.260951247983648","-1.4800983583661433","-1.4800983583661433","-1.4800983583661433","-1.6135446797762305","-1.6135446797762305","-1.6135446797762305","-0.9496776551879881","-0.9496776551879881","-0.9496776551879881","-2.0721792208959915","-2.0721792208959915","-2.0721792208959915","-3.6613806386810532","-3.6613806386810532","-3.6613806386810532","-1.335590050019947","-1.335590050019947","-1.335590050019947","-1.8292708263869553","-1.8292708263869553","-1.8292708263869553","-1.5489210065223475","-1.5489210065223475","-1.5489210065223475","-2.1044832389009516","-2.1044832389009516","-2.1044832389009516","-1.431496750168494","-1.431496750168494","-1.431496750168494","-1.4250557584337067","-1.4250557584337067","-1.4250557584337067"
"43500","-1.2005536096756748","-1.2005536096756748","-1.2005536096756748","-1.4008277157582811","-1.4008277157582811","-1.4008277157582811","-1.476112749743217","-1.476112749743217","-1.476112749743217","-1.6206496961387882","-1.6206496961387882","-1.6206496961387882","-1.6876351696112462","-1.6876351696112462","-1.6876351696112462","-1.364352548873329","-1.364352548873329","-1.364352548873329","-1.4867267080149715","-1.4867267080149715","-1.4867267080149715","-1.1675502040316936","-1.1675502040316936","-1.1675502040316936","-1.4150341976242236","-1.4150341976242236","-1.4150341976242236","-1.4674810113975818","-1.4674810113975818","-1.4674810113975818","-1.5495750994360808","-1.5495750994360808","-1.5495750994360808","-1.1161266470692135","-1.1161266470692135","-1.1161266470692135","-1.8252416698147975","-1.8252416698147975","-1.8252416698147975","-3.224786557339267","-3.224786557339267","-3.224786557339267","-1.2024381522541734","-1.2024381522541734","-1.2024381522541734","-1.6636361843093543","-1.6636361843093543","-1.6636361843093543","-1.8088170214436634","-1.8088170214436634","-1.8088170214436634","-2.1610907552851706","-2.1610907552851706","-2.1610907552851706","-1.3640047100708126","-1.3640047100708126","-1.3640047100708126","-1.4172411900005932","-1.4172411900005932","-1.4172411900005932"
"44000","-1.6292263970118577","-1.6292263970118577","-1.6292263970118577","-1.4672126111668748","-1.4672126111668748","-1.4672126111668748","-1.421487870593055","-1.421487870593055","-1.421487870593055","-1.4954613973039266","-1.4954613973039266","-1.4954613973039266","-1.6656223308120288","-1.6656223308120288","-1.6656223308120288","-1.4413461547553261","-1.4413461547553261","-1.4413461547553261","-1.4725589448063756","-1.4725589448063756","-1.4725589448063756","-1.0015448384064927","-1.0015448384064927","-1.0015448384064927","-1.3049326578564382","-1.3049326578564382","-1.3049326578564382","-1.8341432377657152","-1.8341432377657152","-1.8341432377657152","-1.6585821508076823","-1.6585821508076823","-1.6585821508076823","-1.0490659762163204","-1.0490659762163204","-1.0490659762163204","-2.85549285262504","-2.85549285262504","-2.85549285262504","-3.4134812957170495","-3.4134812957170495","-3.4134812957170495","-1.0758628856492203","-1.0758628856492203","-1.0758628856492203","-1.7081131779012118","-1.7081131779012118","-1.7081131779012118","-1.7958359933451","-1.7958359933451","-1.7958359933451","-1.6424821739205477","-1.6424821739205477","-1.6424821739205477","-1.505480486746401","-1.505480486746401","-1.505480486746401","-1.4087945317062376","-1.4087945317062376","-1.4087945317062376"
"44500","-1.1726184343627923","-1.1726184343627923","-1.1726184343627923","-1.3139383314019877","-1.3139383314019877","-1.3139383314019877","-1.45092430355384","-1.45092430355384","-1.45092430355384","-1.4877676874351002","-1.4877676874351002","-1.4877676874351002","-1.7816716027804573","-1.7816716027804573","-1.7816716027804573","-1.4758452557053838","-1.4758452557053838","-1.4758452557053838","-1.6047154973427638","-1.6047154973427638","-1.6047154973427638","-1.2029019462057824","-1.2029019462057824","-1.2029019462057824","-1.1652898090111838","-1.1652898090111838","-1.1652898090111838","-1.6962527223055477","-1.6962527223055477","-1.6962527223055477","-1.6942425839111621","-1.6942425839111621","-1.6942425839111621","-0.867697146740366","-0.867697146740366","-0.867697146740366","-3.1386946508640983","-3.1386946508640983","-3.1386946508640983","-2.674914030312684","-2.674914030312684","-2.674914030312684","-1.0751063547997346","-1.0751063547997346","-1.0751063547997346","-1.5632067782822976","-1.5632067782822976","-1.5632067782822976","-1.9028920534085039","-1.9028920534085039","-1.9028920534085039","-1.5722074667926447","-1.5722074667926447","-1.5722074667926447","-1.8065661378978999","-1.8065661378978999","-1.8065661378978999","-1.3458951150929053","-1.3458951150929053","-1.3458951150929053"
"45000","-1.3117219673909868","-1.3117219673909868","-1.3117219673909868","-1.3271947370160602","-1.3271947370160602","-1.3271947370160602","-1.4558177513273212","-1.4558177513273212","-1.4558177513273212","-1.4344956581271","-1.4344956581271","-1.4344956581271","-1.8049059670761836","-1.8049059670761836","-1.8049059670761836","-1.402586783086617","-1.402586783086617","-1.402586783086617","-1.4885674355016314","-1.4885674355016314","-1.4885674355016314","-1.1461249736198675","-1.1461249736198675","-1.1461249736198675","-1.092476966390894","-1.092476966390894","-1.092476966390894","-1.981320914001295","-1.981320914001295","-1.981320914001295","-1.74107880509622","-1.74107880509622","-1.74107880509622","-0.7238279626384557","-0.7238279626384557","-0.7238279626384557","-2.283740929707349","-2.283740929707349","-2.283740929707349","-2.505461924128791","-2.505461924128791","-2.505461924128791","-1.25371238522102","-1.25371238522102","-1.25371238522102","-1.651820832216543","-1.651820832216543","-1.651820832216543","-1.6433215494038032","-1.6433215494038032","-1.6433215494038032","-1.858367389285625","-1.858367389285625","-1.858367389285625","-1.724206803301195","-1.724206803301195","-1.724206803301195","-1.427749507331805","-1.427749507331805","-1.427749507331805"
"45500","-1.79585537882089","-1.79585537882089","-1.79585537882089","-1.3784901599776522","-1.3784901599776522","-1.3784901599776522","-1.4737442515773942","-1.4737442515773942","-1.4737442515773942","-1.4101058608931787","-1.4101058608931787","-1.4101058608931787","-1.657626141057238","-1.657626141057238","-1.657626141057238","-1.4248151323103886","-1.4248151323103886","-1.4248151323103886","-1.4898045511539364","-1.4898045511539364","-1.4898045511539364","-1.1607455899582202","-1.1607455899582202","-1.1607455899582202","-1.437207354711631","-1.437207354711631","-1.437207354711631","-1.9197356204726574","-1.9197356204726574","-1.9197356204726574","-2.2402810565695948","-2.2402810565695948","-2.2402810565695948","-0.9189501922199488","-0.9189501922199488","-0.9189501922199488","-2.2123388041309546","-2.2123388041309546","-2.2123388041309546","-2.153965582679757","-2.153965582679757","-2.153965582679757","-1.24024816283064","-1.24024816283064","-1.24024816283064","-1.6414982967295644","-1.6414982967295644","-1.6414982967295644","-1.6562033588674823","-1.6562033588674823","-1.6562033588674823","-1.7648716812477236","-1.7648716812477236","-1.7648716812477236","-2.0480817847170876","-2.0480817847170876","-2.0480817847170876","-1.3213574151318128","-1.3213574151318128","-1.3213574151318128"
"46000","-1.5404033559956978","-1.5404033559956978","-1.5404033559956978","-1.343974755709693","-1.343974755709693","-1.343974755709693","-1.5213716791351126","-1.5213716791351126","-1.5213716791351126","-1.4082226235467572","-1.4082226235467572","-1.4082226235467572","-1.6958056054502866","-1.6958056054502866","-1.6958056054502866","-1.3526527964029609","-1.3526527964029609","-1.3526527964029609","-1.7112793024466235","-1.7112793024466235","-1.7112793024466235","-0.8522481683152364","-0.8522481683152364","-0.8522481683152364","-1.1867667897858964","-1.1867667897858964","-1.1867667897858964","-2.263764263436671","-2.263764263436671","-2.263764263436671","-1.8114052664719753","-1.8114052664719753","-1.8114052664719753","-0.731643345842033","-0.731643345842033","-0.731643345842033","-2.9333334770615798","-2.9333334770615798","-2.9333334770615798","-2.25168160709348","-2.25168160709348","-2.25168160709348","-1.2828315715742562","-1.2828315715742562","-1.2828315715742562","-1.9759240222710044","-1.9759240222710044","-1.9759240222710044","-1.293458782133844","-1.293458782133844","-1.293458782133844","-1.536143307033449","-1.536143307033449","-1.536143307033449","-1.7051145054574348","-1.7051145054574348","-1.7051145054574348","-1.3069366753085827","-1.3069366753085827","-1.3069366753085827"
"46500","-1.8371572308780515","-1.8371572308780515","-1.8371572308780515","-1.3217804163813751","-1.3217804163813751","-1.3217804163813751","-1.5219510942855687","-1.5219510942855687","-1.5219510942855687","-1.5180327036002736","-1.5180327036002736","-1.5180327036002736","-1.674831970883364","-1.674831970883364","-1.674831970883364","-1.5759225802677428","-1.5759225802677428","-1.5759225802677428","-1.3772949864027706","-1.3772949864027706","-1.3772949864027706","-1.1353315759592826","-1.1353315759592826","-1.1353315759592826","-1.1590200768784724","-1.1590200768784724","-1.1590200768784724","-1.9199544843475862","-1.9199544843475862","-1.9199544843475862","-1.8572944243077505","-1.8572944243077505","-1.8572944243077505","-0.9073141530640445","-0.9073141530640445","-0.9073141530640445","-1.9278558847599456","-1.9278558847599456","-1.9278558847599456","-2.1540822141034615","-2.1540822141034615","-2.1540822141034615","-1.4390938109730005","-1.4390938109730005","-1.4390938109730005","-1.7759564780815762","-1.7759564780815762","-1.7759564780815762","-1.4692088033790844","-1.4692088033790844","-1.4692088033790844","-1.7778899452430863","-1.7778899452430863","-1.7778899452430863","-1.423040121061068","-1.423040121061068","-1.423040121061068","-1.4588152309530833","-1.4588152309530833","-1.4588152309530833"
"47000","-1.6860105485978596","-1.6860105485978596","-1.6860105485978596","-1.4269340397117243","-1.4269340397117243","-1.4269340397117243","-1.5222772204589694","-1.5222772204589694","-1.5222772204589694","-1.4708089594238587","-1.4708089594238587","-1.4708089594238587","-1.7557313114077224","-1.7557313114077224","-1.7557313114077224","-1.2627035841419212","-1.2627035841419212","-1.2627035841419212","-1.5246779110400186","-1.5246779110400186","-1.5246779110400186","-1.159858965670982","-1.159858965670982","-1.159858965670982","-1.1477723229779535","-1.1477723229779535","-1.1477723229779535","-2.1000085649305094","-2.1000085649305094","-2.1000085649305094","-1.8759216291646144","-1.8759216291646144","-1.8759216291646144","-0.70900172759186","-0.70900172759186","-0.70900172759186","-2.215773848908218","-2.215773848908218","-2.215773848908218","-2.1070010332860383","-2.1070010332860383","-2.1070010332860383","-1.4977204364390866","-1.4977204364390866","-1.4977204364390866","-1.8102864782441928","-1.8102864782441928","-1.8102864782441928","-1.5142088291591285","-1.5142088291591285","-1.5142088291591285","-1.8695858245860606","-1.8695858245860606","-1.8695858245860606","-1.2598741890766376","-1.2598741890766376","-1.2598741890766376","-1.4876817701839942","-1.4876817701839942","-1.4876817701839942"
"47500","-1.5744768419838506","-1.5744768419838506","-1.5744768419838506","-1.2874081877439134","-1.2874081877439134","-1.2874081877439134","-1.4892175081878514","-1.4892175081878514","-1.4892175081878514","-1.6692415533610372","-1.6692415533610372","-1.6692415533610372","-1.6727109974551475","-1.6727109974551475","-1.6727109974551475","-1.5331158648477712","-1.5331158648477712","-1.5331158648477712","-1.4521473605075346","-1.4521473605075346","-1.4521473605075346","-1.147320695777435","-1.147320695777435","-1.147320695777435","-1.1324549553829806","-1.1324549553829806","-1.1324549553829806","-1.7374796797825058","-1.7374796797825058","-1.7374796797825058","-1.8594623847484342","-1.8594623847484342","-1.8594623847484342","-1.042468406665814","-1.042468406665814","-1.042468406665814","-2.004242233355596","-2.004242233355596","-2.004242233355596","-2.2476016847415905","-2.2476016847415905","-2.2476016847415905","-1.324858530397557","-1.324858530397557","-1.324858530397557","-1.6686886202347817","-1.6686886202347817","-1.6686886202347817","-1.5212107362111242","-1.5212107362111242","-1.5212107362111242","-1.2526648501373834","-1.2526648501373834","-1.2526648501373834","-1.4432303543504243","-1.4432303543504243","-1.4432303543504243","-1.6148763375163515","-1.6148763375163515","-1.6148763375163515"
"48000","-1.4289759359062404","-1.4289759359062404","-1.4289759359062404","-1.2090358834906088","-1.2090358834906088","-1.2090358834906088","-1.4597088224362853","-1.4597088224362853","-1.4597088224362853","-1.7236338925993142","-1.7236338925993142","-1.7236338925993142","-1.5198145319730112","-1.5198145319730112","-1.5198145319730112","-1.3733629741102702","-1.3733629741102702","-1.3733629741102702","-1.5682128758682776","-1.5682128758682776","-1.5682128758682776","-1.337460154615798","-1.337460154615798","-1.337460154615798","-1.2791761753526472","-1.2791761753526472","-1.2791761753526472","-2.1163107822975817","-2.1163107822975817","-2.1163107822975817","-1.9937653325713658","-1.9937653325713658","-1.9937653325713658","-0.9310764115042707","-0.9310764115042707","-0.9310764115042707","-1.9372975453304886","-1.9372975453304886","-1.9372975453304886","-2.243842583581229","-2.243842583581229","-2.243842583581229","-1.113843334865126","-1.113843334865126","-1.113843334865126","-2.140116412680775","-2.140116412680775","-2.140116412680775","-1.412017619829457","-1.412017619829457","-1.412017619829457","-1.3407567145376498","-1.3407567145376498","-1.3407567145376498","-1.4001133471895886","-1.4001133471895886","-1.4001133471895886","-1.5146740055961434","-1.5146740055961434","-1.5146740055961434"
"48500","-1.9748149696581279","-1.9748149696581279","-1.9748149696581279","-1.2231370310187137","-1.2231370310187137","-1.2231370310187137","-1.5111866915234944","-1.5111866915234944","-1.5111866915234944","-1.5485079652480565","-1.5485079652480565","-1.5485079652480565","-1.6127763151629488","-1.6127763151629488","-1.6127763151629488","-1.2607688283035965","-1.2607688283035965","-1.2607688283035965","-1.6100084585136343","-1.6100084585136343","-1.6100084585136343","-1.2620415615732907","-1.2620415615732907","-1.2620415615732907","-1.2645846988921818","-1.2645846988921818","-1.2645846988921818","-1.6697368533988306","-1.6697368533988306","-1.6697368533988306","-2.008767087774615","-2.008767087774615","-2.008767087774615","-0.7840946772305813","-0.7840946772305813","-0.7840946772305813","-1.690388505877884","-1.690388505877884","-1.690388505877884","-2.0447837980459402","-2.0447837980459402","-2.0447837980459402","-1.1901711383102116","-1.1901711383102116","-1.1901711383102116","-2.2659267697581607","-2.2659267697581607","-2.2659267697581607","-1.4375066462860382","-1.4375066462860382","-1.4375066462860382","-1.3667178341370703","-1.3667178341370703","-1.3667178341370703","-1.4119995817756046","-1.4119995817756046","-1.4119995817756046","-1.590999514808635","-1.590999514808635","-1.590999514808635"
"49000","-1.6256763034081074","-1.6256763034081074","-1.6256763034081074","-1.2444702365636888","-1.2444702365636888","-1.2444702365636888","-1.6451128799964967","-1.6451128799964967","-1.6451128799964967","-1.5498103697823185","-1.5498103697823185","-1.5498103697823185","-1.7842174232016201","-1.7842174232016201","-1.7842174232016201","-1.2911629863272562","-1.2911629863272562","-1.2911629863272562","-1.6204101849804247","-1.6204101849804247","-1.6204101849804247","-1.2536080830281264","-1.2536080830281264","-1.2536080830281264","-1.322696554857935","-1.322696554857935","-1.322696554857935","-1.7369096180688537","-1.7369096180688537","-1.7369096180688537","-1.8693856145218135","-1.8693856145218135","-1.8693856145218135","-0.9592081886091985","-0.9592081886091985","-0.9592081886091985","-1.6953296230820019","-1.6953296230820019","-1.6953296230820019","-2.4724898530403996","-2.4724898530403996","-2.4724898530403996","-1.1635367677581887","-1.1635367677581887","-1.1635367677581887","-2.3390086756575696","-2.3390086756575696","-2.3390086756575696","-1.4003738237677374","-1.4003738237677374","-1.4003738237677374","-1.6468957437728549","-1.6468957437728549","-1.6468957437728549","-1.259369088045605","-1.259369088045605","-1.259369088045605","-1.493254392470668","-1.493254392470668","-1.493254392470668"
"49500","-1.6913592325327318","-1.6913592325327318","-1.6913592325327318","-1.1562867168171826","-1.1562867168171826","-1.1562867168171826","-1.8283287038233305","-1.8283287038233305","-1.8283287038233305","-1.5745983973950743","-1.5745983973950743","-1.5745983973950743","-1.5594298934179722","-1.5594298934179722","-1.5594298934179722","-1.2925856494893369","-1.2925856494893369","-1.2925856494893369","-1.632211793231481","-1.632211793231481","-1.632211793231481","-1.20691810577393","-1.20691810577393","-1.20691810577393","-1.1710258088097327","-1.1710258088097327","-1.1710258088097327","-1.7272631862611643","-1.7272631862611643","-1.7272631862611643","-1.9548465799365862","-1.9548465799365862","-1.9548465799365862","-0.7849547933358575","-0.7849547933358575","-0.7849547933358575","-2.132381228760223","-2.132381228760223","-2.132381228760223","-2.1147137173285153","-2.1147137173285153","-2.1147137173285153","-1.110955701665992","-1.110955701665992","-1.110955701665992","-1.9231740970139373","-1.9231740970139373","-1.9231740970139373","-1.3273370367593311","-1.3273370367593311","-1.3273370367593311","-1.3700183123787746","-1.3700183123787746","-1.3700183123787746","-1.3486276501490195","-1.3486276501490195","-1.3486276501490195","-1.5489951362924137","-1.5489951362924137","-1.5489951362924137"
"50000","-1.6018222431134208","-1.6018222431134208","-1.6018222431134208","-1.1556546853311656","-1.1556546853311656","-1.1556546853311656","-1.459372424615961","-1.459372424615961","-1.459372424615961","-1.7590342314585652","-1.7590342314585652","-1.7590342314585652","-1.6406079383549","-1.6406079383549","-1.6406079383549","-1.0968111084510368","-1.0968111084510368","-1.0968111084510368","-1.8522038510484542","-1.8522038510484542","-1.8522038510484542","-1.0329456999361624","-1.0329456999361624","-1.0329456999361624","-1.2726143034271928","-1.2726143034271928","-1.2726143034271928","-1.7343193040307672","-1.7343193040307672","-1.7343193040307672","-2.1416770982154683","-2.1416770982154683","-2.1416770982154683","-0.999517833098337","-0.999517833098337","-0.999517833098337","-1.66953584283103","-1.66953584283103","-1.66953584283103","-2.3784471531787843","-2.3784471531787843","-2.3784471531787843","-0.9657165109625849","-0.9657165109625849","-0.9657165109625849","-1.548086091644773","-1.548086091644773","-1.548086091644773","-1.4908620974072837","-1.4908620974072837","-1.4908620974072837","-1.523066451582789","-1.523066451582789","-1.523066451582789","-1.3610019315075723","-1.3610019315075723","-1.3610019315075723","-1.5487258931779961","-1.5487258931779961","-1.5487258931779961"