"Step","DDPG_UTE_FetchReachDense-v4_9 - eval/avg_reward","DDPG_UTE_FetchReachDense-v4_9 - eval/avg_reward__MIN","DDPG_UTE_FetchReachDense-v4_9 - eval/avg_reward__MAX","DDPG_UTE_FetchReachDense-v4_19 - eval/avg_reward","DDPG_UTE_FetchReachDense-v4_19 - eval/avg_reward__MIN","DDPG_UTE_FetchReachDense-v4_19 - eval/avg_reward__MAX","DDPG_UTE_FetchReachDense-v4_14 - eval/avg_reward","DDPG_UTE_FetchReachDense-v4_14 - eval/avg_reward__MIN","DDPG_UTE_FetchReachDense-v4_14 - eval/avg_reward__MAX","DDPG_UTE_FetchReachDense-v4_4 - eval/avg_reward","DDPG_UTE_FetchReachDense-v4_4 - eval/avg_reward__MIN","DDPG_UTE_FetchReachDense-v4_4 - eval/avg_reward__MAX","DDPG_UTE_FetchReachDense-v4_8 - eval/avg_reward","DDPG_UTE_FetchReachDense-v4_8 - eval/avg_reward__MIN","DDPG_UTE_FetchReachDense-v4_8 - eval/avg_reward__MAX","DDPG_UTE_FetchReachDense-v4_18 - eval/avg_reward","DDPG_UTE_FetchReachDense-v4_18 - eval/avg_reward__MIN","DDPG_UTE_FetchReachDense-v4_18 - eval/avg_reward__MAX","DDPG_UTE_FetchReachDense-v4_13 - eval/avg_reward","DDPG_UTE_FetchReachDense-v4_13 - eval/avg_reward__MIN","DDPG_UTE_FetchReachDense-v4_13 - eval/avg_reward__MAX","DDPG_UTE_FetchReachDense-v4_3 - eval/avg_reward","DDPG_UTE_FetchReachDense-v4_3 - eval/avg_reward__MIN","DDPG_UTE_FetchReachDense-v4_3 - eval/avg_reward__MAX","DDPG_UTE_FetchReachDense-v4_7 - eval/avg_reward","DDPG_UTE_FetchReachDense-v4_7 - eval/avg_reward__MIN","DDPG_UTE_FetchReachDense-v4_7 - eval/avg_reward__MAX","DDPG_UTE_FetchReachDense-v4_17 - eval/avg_reward","DDPG_UTE_FetchReachDense-v4_17 - eval/avg_reward__MIN","DDPG_UTE_FetchReachDense-v4_17 - eval/avg_reward__MAX","DDPG_UTE_FetchReachDense-v4_12 - eval/avg_reward","DDPG_UTE_FetchReachDense-v4_12 - eval/avg_reward__MIN","DDPG_UTE_FetchReachDense-v4_12 - eval/avg_reward__MAX","DDPG_UTE_FetchReachDense-v4_2 - eval/avg_reward","DDPG_UTE_FetchReachDense-v4_2 - eval/avg_reward__MIN","DDPG_UTE_FetchReachDense-v4_2 - eval/avg_reward__MAX","DDPG_UTE_FetchReachDense-v4_16 - eval/avg_reward","DDPG_UTE_FetchReachDense-v4_16 - eval/avg_reward__MIN","DDPG_UTE_FetchReachDense-v4_16 - eval/avg_reward__MAX","DDPG_UTE_FetchReachDense-v4_6 - eval/avg_reward","DDPG_UTE_FetchReachDense-v4_6 - eval/avg_reward__MIN","DDPG_UTE_FetchReachDense-v4_6 - eval/avg_reward__MAX","DDPG_UTE_FetchReachDense-v4_11 - eval/avg_reward","DDPG_UTE_FetchReachDense-v4_11 - eval/avg_reward__MIN","DDPG_UTE_FetchReachDense-v4_11 - eval/avg_reward__MAX","DDPG_UTE_FetchReachDense-v4_1 - eval/avg_reward","DDPG_UTE_FetchReachDense-v4_1 - eval/avg_reward__MIN","DDPG_UTE_FetchReachDense-v4_1 - eval/avg_reward__MAX","DDPG_UTE_FetchReachDense-v4_15 - eval/avg_reward","DDPG_UTE_FetchReachDense-v4_15 - eval/avg_reward__MIN","DDPG_UTE_FetchReachDense-v4_15 - eval/avg_reward__MAX","DDPG_UTE_FetchReachDense-v4_10 - eval/avg_reward","DDPG_UTE_FetchReachDense-v4_10 - eval/avg_reward__MIN","DDPG_UTE_FetchReachDense-v4_10 - eval/avg_reward__MAX","DDPG_UTE_FetchReachDense-v4_5 - eval/avg_reward","DDPG_UTE_FetchReachDense-v4_5 - eval/avg_reward__MIN","DDPG_UTE_FetchReachDense-v4_5 - eval/avg_reward__MAX","DDPG_UTE_FetchReachDense-v4_0 - eval/avg_reward","DDPG_UTE_FetchReachDense-v4_0 - eval/avg_reward__MIN","DDPG_UTE_FetchReachDense-v4_0 - eval/avg_reward__MAX"
"0","-7.679211942750767","-7.679211942750767","-7.679211942750767","-10.011189222597483","-10.011189222597483","-10.011189222597483","-6.954734687917676","-6.954734687917676","-6.954734687917676","-8.628937253303393","-8.628937253303393","-8.628937253303393","-9.174356112826182","-9.174356112826182","-9.174356112826182","-10.195765963215663","-10.195765963215663","-10.195765963215663","-10.110534592634954","-10.110534592634954","-10.110534592634954","-10.489284077439406","-10.489284077439406","-10.489284077439406","-9.140485704196205","-9.140485704196205","-9.140485704196205","-11.586111526861666","-11.586111526861666","-11.586111526861666","-7.231861133171657","-7.231861133171657","-7.231861133171657","-9.77961140061163","-9.77961140061163","-9.77961140061163","-10.06671412987698","-10.06671412987698","-10.06671412987698","-12.403093904713952","-12.403093904713952","-12.403093904713952","-13.55555157961842","-13.55555157961842","-13.55555157961842","-11.51321850562787","-11.51321850562787","-11.51321850562787","-8.191991191740826","-8.191991191740826","-8.191991191740826","-14.906624656211216","-14.906624656211216","-14.906624656211216","-7.987727605256043","-7.987727605256043","-7.987727605256043","-9.648956021233827","-9.648956021233827","-9.648956021233827"
"500","-7.68111776208538","-7.68111776208538","-7.68111776208538","-10.011189222597483","-10.011189222597483","-10.011189222597483","-6.954734687917676","-6.954734687917676","-6.954734687917676","-8.628937253303393","-8.628937253303393","-8.628937253303393","-9.174356112826182","-9.174356112826182","-9.174356112826182","-10.195765963215663","-10.195765963215663","-10.195765963215663","-10.110534592634954","-10.110534592634954","-10.110534592634954","-10.489284077439406","-10.489284077439406","-10.489284077439406","-9.140485704196205","-9.140485704196205","-9.140485704196205","-11.58369543285833","-11.58369543285833","-11.58369543285833","-7.22933914428949","-7.22933914428949","-7.22933914428949","-9.77961140061163","-9.77961140061163","-9.77961140061163","-10.06671412987698","-10.06671412987698","-10.06671412987698","-12.403093904713952","-12.403093904713952","-12.403093904713952","-13.55555157961842","-13.55555157961842","-13.55555157961842","-11.51321850562787","-11.51321850562787","-11.51321850562787","-8.191991191740826","-8.191991191740826","-8.191991191740826","-14.906624656211216","-14.906624656211216","-14.906624656211216","-8.007583037843622","-8.007583037843622","-8.007583037843622","-9.648956021233827","-9.648956021233827","-9.648956021233827"
"1000","-7.232778304392559","-7.232778304392559","-7.232778304392559","-11.635084186260205","-11.635084186260205","-11.635084186260205","-6.947019955187943","-6.947019955187943","-6.947019955187943","-8.628937253303393","-8.628937253303393","-8.628937253303393","-9.174356112826182","-9.174356112826182","-9.174356112826182","-10.195765963215663","-10.195765963215663","-10.195765963215663","-10.110534592634954","-10.110534592634954","-10.110534592634954","-10.489284077439406","-10.489284077439406","-10.489284077439406","-10.025985160594622","-10.025985160594622","-10.025985160594622","-11.58369543285833","-11.58369543285833","-11.58369543285833","-7.231861133171657","-7.231861133171657","-7.231861133171657","-9.77961140061163","-9.77961140061163","-9.77961140061163","-10.06671412987698","-10.06671412987698","-10.06671412987698","-12.403093904713952","-12.403093904713952","-12.403093904713952","-13.555129543454374","-13.555129543454374","-13.555129543454374","-10.515536545241847","-10.515536545241847","-10.515536545241847","-8.191991191740826","-8.191991191740826","-8.191991191740826","-15.517197078573053","-15.517197078573053","-15.517197078573053","-8.139370572769854","-8.139370572769854","-8.139370572769854","-9.648956021233827","-9.648956021233827","-9.648956021233827"
"1500","-16.28716438626695","-16.28716438626695","-16.28716438626695","-13.726241153152419","-13.726241153152419","-13.726241153152419","-11.603579388646178","-11.603579388646178","-11.603579388646178","-26.287728200477197","-26.287728200477197","-26.287728200477197","-17.256932667468327","-17.256932667468327","-17.256932667468327","-19.91026662826971","-19.91026662826971","-19.91026662826971","-22.49254559767952","-22.49254559767952","-22.49254559767952","-27.699651410932564","-27.699651410932564","-27.699651410932564","-29.329580021842265","-29.329580021842265","-29.329580021842265","-14.483465894678105","-14.483465894678105","-14.483465894678105","-18.69495140492315","-18.69495140492315","-18.69495140492315","-21.64972588076258","-21.64972588076258","-21.64972588076258","-11.062414416298061","-11.062414416298061","-11.062414416298061","-9.639284104641884","-9.639284104641884","-9.639284104641884","-9.060149249385736","-9.060149249385736","-9.060149249385736","-15.480151211538779","-15.480151211538779","-15.480151211538779","-29.597641172484195","-29.597641172484195","-29.597641172484195","-16.18891513370726","-16.18891513370726","-16.18891513370726","-14.929782988299019","-14.929782988299019","-14.929782988299019","-25.92577989920543","-25.92577989920543","-25.92577989920543"
"2000","-9.429492960365524","-9.429492960365524","-9.429492960365524","-13.302951589051847","-13.302951589051847","-13.302951589051847","-10.42837685630747","-10.42837685630747","-10.42837685630747","-17.29187873930632","-17.29187873930632","-17.29187873930632","-13.974137706859342","-13.974137706859342","-13.974137706859342","-33.03425888343436","-33.03425888343436","-33.03425888343436","-5.127574461361725","-5.127574461361725","-5.127574461361725","-33.02288695347862","-33.02288695347862","-33.02288695347862","-15.358314238779258","-15.358314238779258","-15.358314238779258","-9.38315227615467","-9.38315227615467","-9.38315227615467","-19.101505883846094","-19.101505883846094","-19.101505883846094","-14.667006449303084","-14.667006449303084","-14.667006449303084","-9.374574246996994","-9.374574246996994","-9.374574246996994","-10.086853345818287","-10.086853345818287","-10.086853345818287","-5.925407436806606","-5.925407436806606","-5.925407436806606","-10.560584636278344","-10.560584636278344","-10.560584636278344","-42.271788353387905","-42.271788353387905","-42.271788353387905","-17.343649013451397","-17.343649013451397","-17.343649013451397","-9.030935588773268","-9.030935588773268","-9.030935588773268","-27.155630791148166","-27.155630791148166","-27.155630791148166"
"2500","-34.80444781690727","-34.80444781690727","-34.80444781690727","-13.200339745805374","-13.200339745805374","-13.200339745805374","-7.263180497143208","-7.263180497143208","-7.263180497143208","-12.77287395132625","-12.77287395132625","-12.77287395132625","-7.060422788911185","-7.060422788911185","-7.060422788911185","-9.309890722608937","-9.309890722608937","-9.309890722608937","-9.828902793477747","-9.828902793477747","-9.828902793477747","-18.772093941562467","-18.772093941562467","-18.772093941562467","-14.764322109109923","-14.764322109109923","-14.764322109109923","-7.374092738227164","-7.374092738227164","-7.374092738227164","-18.959943950577646","-18.959943950577646","-18.959943950577646","-16.41481597461324","-16.41481597461324","-16.41481597461324","-19.275923667998423","-19.275923667998423","-19.275923667998423","-7.796306745986125","-7.796306745986125","-7.796306745986125","-12.829283102624851","-12.829283102624851","-12.829283102624851","-6.8887569005181835","-6.8887569005181835","-6.8887569005181835","-15.369645418601332","-15.369645418601332","-15.369645418601332","-7.69458420242086","-7.69458420242086","-7.69458420242086","-8.616811119453681","-8.616811119453681","-8.616811119453681","-11.9382376593484","-11.9382376593484","-11.9382376593484"
"3000","-24.748300459001683","-24.748300459001683","-24.748300459001683","-7.613321585522975","-7.613321585522975","-7.613321585522975","-17.243539905855958","-17.243539905855958","-17.243539905855958","-11.066082584044498","-11.066082584044498","-11.066082584044498","-6.436299868266673","-6.436299868266673","-6.436299868266673","-6.6367374842486","-6.6367374842486","-6.6367374842486","-4.2587992199591245","-4.2587992199591245","-4.2587992199591245","-16.631496364912056","-16.631496364912056","-16.631496364912056","-18.95804248873892","-18.95804248873892","-18.95804248873892","-8.702330180677635","-8.702330180677635","-8.702330180677635","-11.675011173588892","-11.675011173588892","-11.675011173588892","-9.713767130033718","-9.713767130033718","-9.713767130033718","-6.421804937655904","-6.421804937655904","-6.421804937655904","-7.349488157374751","-7.349488157374751","-7.349488157374751","-7.916215295878376","-7.916215295878376","-7.916215295878376","-6.4253502243652365","-6.4253502243652365","-6.4253502243652365","-10.759561656725733","-10.759561656725733","-10.759561656725733","-7.275434288271259","-7.275434288271259","-7.275434288271259","-6.378446629670808","-6.378446629670808","-6.378446629670808","-5.681924297307802","-5.681924297307802","-5.681924297307802"
"3500","-14.029405378061375","-14.029405378061375","-14.029405378061375","-7.171006518762067","-7.171006518762067","-7.171006518762067","-9.978273106578087","-9.978273106578087","-9.978273106578087","-7.856735456952907","-7.856735456952907","-7.856735456952907","-6.835465645016532","-6.835465645016532","-6.835465645016532","-12.881444941136454","-12.881444941136454","-12.881444941136454","-4.458310929869485","-4.458310929869485","-4.458310929869485","-23.182632386423847","-23.182632386423847","-23.182632386423847","-10.561588355299618","-10.561588355299618","-10.561588355299618","-13.227490113978757","-13.227490113978757","-13.227490113978757","-33.341822534961324","-33.341822534961324","-33.341822534961324","-8.062347190183457","-8.062347190183457","-8.062347190183457","-40.83679958662518","-40.83679958662518","-40.83679958662518","-7.298534896109568","-7.298534896109568","-7.298534896109568","-14.849659479698392","-14.849659479698392","-14.849659479698392","-8.594628991877936","-8.594628991877936","-8.594628991877936","-5.2762424502571195","-5.2762424502571195","-5.2762424502571195","-7.597830718746683","-7.597830718746683","-7.597830718746683","-7.633745459213097","-7.633745459213097","-7.633745459213097","-9.13560958493577","-9.13560958493577","-9.13560958493577"
"4000","-7.361985625489058","-7.361985625489058","-7.361985625489058","-10.162099222400537","-10.162099222400537","-10.162099222400537","-6.462891113045304","-6.462891113045304","-6.462891113045304","-10.561057585785816","-10.561057585785816","-10.561057585785816","-9.144966026171016","-9.144966026171016","-9.144966026171016","-10.386865465580767","-10.386865465580767","-10.386865465580767","-3.327245044962467","-3.327245044962467","-3.327245044962467","-11.881996963957562","-11.881996963957562","-11.881996963957562","-10.147389173581091","-10.147389173581091","-10.147389173581091","-16.92208591246038","-16.92208591246038","-16.92208591246038","-33.49122931404462","-33.49122931404462","-33.49122931404462","-8.644831010302989","-8.644831010302989","-8.644831010302989","-19.046749422001124","-19.046749422001124","-19.046749422001124","-6.22239846822458","-6.22239846822458","-6.22239846822458","-6.637483535146506","-6.637483535146506","-6.637483535146506","-8.09854713708079","-8.09854713708079","-8.09854713708079","-6.554470535554097","-6.554470535554097","-6.554470535554097","-5.277960135175258","-5.277960135175258","-5.277960135175258","-8.046297489797453","-8.046297489797453","-8.046297489797453","-7.111492100895345","-7.111492100895345","-7.111492100895345"
"4500","-6.3722260813411005","-6.3722260813411005","-6.3722260813411005","-7.004716054733808","-7.004716054733808","-7.004716054733808","-4.426664323060907","-4.426664323060907","-4.426664323060907","-5.606255211150581","-5.606255211150581","-5.606255211150581","-5.23538901142887","-5.23538901142887","-5.23538901142887","-15.719066562265363","-15.719066562265363","-15.719066562265363","-3.6376845828825166","-3.6376845828825166","-3.6376845828825166","-6.4878806372912905","-6.4878806372912905","-6.4878806372912905","-10.758670082758304","-10.758670082758304","-10.758670082758304","-15.535503397521316","-15.535503397521316","-15.535503397521316","-33.01981453623056","-33.01981453623056","-33.01981453623056","-4.720655228466851","-4.720655228466851","-4.720655228466851","-6.970353832549317","-6.970353832549317","-6.970353832549317","-8.313410839233592","-8.313410839233592","-8.313410839233592","-9.459009260766791","-9.459009260766791","-9.459009260766791","-13.729943872137863","-13.729943872137863","-13.729943872137863","-7.240767506886451","-7.240767506886451","-7.240767506886451","-3.7750959795864283","-3.7750959795864283","-3.7750959795864283","-6.644621643986466","-6.644621643986466","-6.644621643986466","-6.6247215589486474","-6.6247215589486474","-6.6247215589486474"
"5000","-4.170570542499386","-4.170570542499386","-4.170570542499386","-8.111268323589282","-8.111268323589282","-8.111268323589282","-6.265555728338541","-6.265555728338541","-6.265555728338541","-4.4921587890613175","-4.4921587890613175","-4.4921587890613175","-4.551942979125588","-4.551942979125588","-4.551942979125588","-8.991566233627287","-8.991566233627287","-8.991566233627287","-4.962876421943426","-4.962876421943426","-4.962876421943426","-5.88032369020748","-5.88032369020748","-5.88032369020748","-11.977824298909301","-11.977824298909301","-11.977824298909301","-7.326011191830299","-7.326011191830299","-7.326011191830299","-7.430806755627154","-7.430806755627154","-7.430806755627154","-3.642235636457179","-3.642235636457179","-3.642235636457179","-6.866246465133744","-6.866246465133744","-6.866246465133744","-4.85981550565091","-4.85981550565091","-4.85981550565091","-6.943196277212552","-6.943196277212552","-6.943196277212552","-7.164951594162957","-7.164951594162957","-7.164951594162957","-8.217706168015344","-8.217706168015344","-8.217706168015344","-6.708229170102373","-6.708229170102373","-6.708229170102373","-5.338022982277435","-5.338022982277435","-5.338022982277435","-5.912848196907035","-5.912848196907035","-5.912848196907035"
"5500","-4.560310746161348","-4.560310746161348","-4.560310746161348","-4.247824577112072","-4.247824577112072","-4.247824577112072","-6.557776534812376","-6.557776534812376","-6.557776534812376","-5.06437584159777","-5.06437584159777","-5.06437584159777","-4.717850625048619","-4.717850625048619","-4.717850625048619","-6.386092666193157","-6.386092666193157","-6.386092666193157","-4.07267132382821","-4.07267132382821","-4.07267132382821","-6.047203464724072","-6.047203464724072","-6.047203464724072","-13.991063339576993","-13.991063339576993","-13.991063339576993","-5.552356091083377","-5.552356091083377","-5.552356091083377","-8.994607702030281","-8.994607702030281","-8.994607702030281","-4.3330933126724425","-4.3330933126724425","-4.3330933126724425","-5.294762286158443","-5.294762286158443","-5.294762286158443","-6.068610507972905","-6.068610507972905","-6.068610507972905","-7.436873810698198","-7.436873810698198","-7.436873810698198","-8.28241396075612","-8.28241396075612","-8.28241396075612","-4.9077000406907","-4.9077000406907","-4.9077000406907","-4.942549029869491","-4.942549029869491","-4.942549029869491","-6.624560500635154","-6.624560500635154","-6.624560500635154","-6.456221046012961","-6.456221046012961","-6.456221046012961"
"6000","-4.218417193984041","-4.218417193984041","-4.218417193984041","-4.9594956875251075","-4.9594956875251075","-4.9594956875251075","-4.202481592183593","-4.202481592183593","-4.202481592183593","-4.466365907959437","-4.466365907959437","-4.466365907959437","-3.9639400713617015","-3.9639400713617015","-3.9639400713617015","-5.991832828524715","-5.991832828524715","-5.991832828524715","-5.307823135286702","-5.307823135286702","-5.307823135286702","-5.943937771354377","-5.943937771354377","-5.943937771354377","-10.89359021564719","-10.89359021564719","-10.89359021564719","-5.0413148062085344","-5.0413148062085344","-5.0413148062085344","-8.59479726242302","-8.59479726242302","-8.59479726242302","-4.4643279045409985","-4.4643279045409985","-4.4643279045409985","-6.575108620019303","-6.575108620019303","-6.575108620019303","-16.709454951699033","-16.709454951699033","-16.709454951699033","-1.8912862520718057","-1.8912862520718057","-1.8912862520718057","-4.662682077282334","-4.662682077282334","-4.662682077282334","-3.7895448101609026","-3.7895448101609026","-3.7895448101609026","-3.5183539222151516","-3.5183539222151516","-3.5183539222151516","-6.656228048987396","-6.656228048987396","-6.656228048987396","-9.750015453712644","-9.750015453712644","-9.750015453712644"
"6500","-3.9692904245015788","-3.9692904245015788","-3.9692904245015788","-4.811590235249687","-4.811590235249687","-4.811590235249687","-3.917122616672875","-3.917122616672875","-3.917122616672875","-4.240821505476434","-4.240821505476434","-4.240821505476434","-4.164705791709484","-4.164705791709484","-4.164705791709484","-6.132960115802119","-6.132960115802119","-6.132960115802119","-9.074867332566566","-9.074867332566566","-9.074867332566566","-6.474263110953866","-6.474263110953866","-6.474263110953866","-5.869079713039957","-5.869079713039957","-5.869079713039957","-4.0812266200124885","-4.0812266200124885","-4.0812266200124885","-19.915777504425343","-19.915777504425343","-19.915777504425343","-3.712885381022287","-3.712885381022287","-3.712885381022287","-4.143797080505199","-4.143797080505199","-4.143797080505199","-5.447338745857445","-5.447338745857445","-5.447338745857445","-3.8351859285633823","-3.8351859285633823","-3.8351859285633823","-5.600043950741364","-5.600043950741364","-5.600043950741364","-10.05173831724674","-10.05173831724674","-10.05173831724674","-5.247390216740756","-5.247390216740756","-5.247390216740756","-3.8376111950284697","-3.8376111950284697","-3.8376111950284697","-4.451751308602044","-4.451751308602044","-4.451751308602044"
"7000","-3.2440347976555244","-3.2440347976555244","-3.2440347976555244","-3.8293620879982555","-3.8293620879982555","-3.8293620879982555","-4.236619123433857","-4.236619123433857","-4.236619123433857","-5.027155789258709","-5.027155789258709","-5.027155789258709","-3.4463386362828126","-3.4463386362828126","-3.4463386362828126","-10.057969173591983","-10.057969173591983","-10.057969173591983","-2.6771648271779203","-2.6771648271779203","-2.6771648271779203","-4.229637902844728","-4.229637902844728","-4.229637902844728","-4.683947102915622","-4.683947102915622","-4.683947102915622","-3.91617266565747","-3.91617266565747","-3.91617266565747","-11.777994474408422","-11.777994474408422","-11.777994474408422","-3.5206945434575223","-3.5206945434575223","-3.5206945434575223","-7.202064327230396","-7.202064327230396","-7.202064327230396","-3.496249085688375","-3.496249085688375","-3.496249085688375","-3.8614999954753797","-3.8614999954753797","-3.8614999954753797","-4.640810648574824","-4.640810648574824","-4.640810648574824","-4.398464992966047","-4.398464992966047","-4.398464992966047","-2.857283295991567","-2.857283295991567","-2.857283295991567","-3.494321980488736","-3.494321980488736","-3.494321980488736","-5.077310692194206","-5.077310692194206","-5.077310692194206"
"7500","-4.029763192836635","-4.029763192836635","-4.029763192836635","-3.700054428872439","-3.700054428872439","-3.700054428872439","-2.4118864390358503","-2.4118864390358503","-2.4118864390358503","-5.033851259143271","-5.033851259143271","-5.033851259143271","-4.264037203082497","-4.264037203082497","-4.264037203082497","-6.661183824315171","-6.661183824315171","-6.661183824315171","-2.5135812386171197","-2.5135812386171197","-2.5135812386171197","-4.956501401717853","-4.956501401717853","-4.956501401717853","-12.469530503274623","-12.469530503274623","-12.469530503274623","-2.8770118557138598","-2.8770118557138598","-2.8770118557138598","-8.196786410403579","-8.196786410403579","-8.196786410403579","-3.2836246192240153","-3.2836246192240153","-3.2836246192240153","-3.517380512067586","-3.517380512067586","-3.517380512067586","-5.588693556969583","-5.588693556969583","-5.588693556969583","-3.422443273610618","-3.422443273610618","-3.422443273610618","-5.919977448390373","-5.919977448390373","-5.919977448390373","-4.612773598323993","-4.612773598323993","-4.612773598323993","-3.151202425340297","-3.151202425340297","-3.151202425340297","-2.754271801827059","-2.754271801827059","-2.754271801827059","-3.2008486914185865","-3.2008486914185865","-3.2008486914185865"
"8000","-3.731917943915208","-3.731917943915208","-3.731917943915208","-3.377106275718643","-3.377106275718643","-3.377106275718643","-5.0241971777964","-5.0241971777964","-5.0241971777964","-4.91634900956949","-4.91634900956949","-4.91634900956949","-3.7597815666875776","-3.7597815666875776","-3.7597815666875776","-6.546080606316008","-6.546080606316008","-6.546080606316008","-2.6852581337236225","-2.6852581337236225","-2.6852581337236225","-4.170054238746572","-4.170054238746572","-4.170054238746572","-4.3342185034370955","-4.3342185034370955","-4.3342185034370955","-3.979345351600391","-3.979345351600391","-3.979345351600391","-5.484404127737913","-5.484404127737913","-5.484404127737913","-4.776869902920568","-4.776869902920568","-4.776869902920568","-3.770517671143163","-3.770517671143163","-3.770517671143163","-3.4453467555647053","-3.4453467555647053","-3.4453467555647053","-3.7968803326102383","-3.7968803326102383","-3.7968803326102383","-3.323060373294254","-3.323060373294254","-3.323060373294254","-4.73714429955611","-4.73714429955611","-4.73714429955611","-2.032727395361164","-2.032727395361164","-2.032727395361164","-3.284379395660328","-3.284379395660328","-3.284379395660328","-2.7970520461264408","-2.7970520461264408","-2.7970520461264408"
"8500","-3.886667797077373","-3.886667797077373","-3.886667797077373","-4.710429629052702","-4.710429629052702","-4.710429629052702","-3.093136654583286","-3.093136654583286","-3.093136654583286","-3.8737034450219254","-3.8737034450219254","-3.8737034450219254","-2.9918377555637066","-2.9918377555637066","-2.9918377555637066","-4.225531667136512","-4.225531667136512","-4.225531667136512","-2.1662616979361684","-2.1662616979361684","-2.1662616979361684","-3.939401687584759","-3.939401687584759","-3.939401687584759","-9.478013314228921","-9.478013314228921","-9.478013314228921","-3.1052143751469297","-3.1052143751469297","-3.1052143751469297","-6.583334527149485","-6.583334527149485","-6.583334527149485","-5.431718184981779","-5.431718184981779","-5.431718184981779","-3.3064451065145364","-3.3064451065145364","-3.3064451065145364","-3.1173521979038172","-3.1173521979038172","-3.1173521979038172","-3.432332691958402","-3.432332691958402","-3.432332691958402","-6.499245898945503","-6.499245898945503","-6.499245898945503","-3.2430338828502343","-3.2430338828502343","-3.2430338828502343","-3.0953374294248563","-3.0953374294248563","-3.0953374294248563","-2.615246866770802","-2.615246866770802","-2.615246866770802","-3.0350901136796886","-3.0350901136796886","-3.0350901136796886"
"9000","-3.316027887679182","-3.316027887679182","-3.316027887679182","-4.103380839388241","-4.103380839388241","-4.103380839388241","-2.428745659541169","-2.428745659541169","-2.428745659541169","-4.043206899679328","-4.043206899679328","-4.043206899679328","-3.929004577448449","-3.929004577448449","-3.929004577448449","-3.006158705034123","-3.006158705034123","-3.006158705034123","-4.342455584847445","-4.342455584847445","-4.342455584847445","-3.3571012774811164","-3.3571012774811164","-3.3571012774811164","-5.657647284809068","-5.657647284809068","-5.657647284809068","-6.0572461575626635","-6.0572461575626635","-6.0572461575626635","-5.701214121444754","-5.701214121444754","-5.701214121444754","-3.324074743813007","-3.324074743813007","-3.324074743813007","-2.510328443011895","-2.510328443011895","-2.510328443011895","-2.618293629504831","-2.618293629504831","-2.618293629504831","-3.5435063862090965","-3.5435063862090965","-3.5435063862090965","-2.582442026616721","-2.582442026616721","-2.582442026616721","-4.1259260229976045","-4.1259260229976045","-4.1259260229976045","-2.6105672302983685","-2.6105672302983685","-2.6105672302983685","-4.668920342741186","-4.668920342741186","-4.668920342741186","-3.5518302223510445","-3.5518302223510445","-3.5518302223510445"
"9500","-2.4729774510542084","-2.4729774510542084","-2.4729774510542084","-3.9574953712331733","-3.9574953712331733","-3.9574953712331733","-4.026128703959934","-4.026128703959934","-4.026128703959934","-3.2899369310121735","-3.2899369310121735","-3.2899369310121735","-2.875334432552925","-2.875334432552925","-2.875334432552925","-3.3732843066321374","-3.3732843066321374","-3.3732843066321374","-3.5981449628193127","-3.5981449628193127","-3.5981449628193127","-4.389331099212998","-4.389331099212998","-4.389331099212998","-4.200226004970496","-4.200226004970496","-4.200226004970496","-2.834937013759662","-2.834937013759662","-2.834937013759662","-4.012191244690326","-4.012191244690326","-4.012191244690326","-2.8493114915473394","-2.8493114915473394","-2.8493114915473394","-3.2446274836268985","-3.2446274836268985","-3.2446274836268985","-5.128448461484624","-5.128448461484624","-5.128448461484624","-3.129505583676684","-3.129505583676684","-3.129505583676684","-3.868349012546473","-3.868349012546473","-3.868349012546473","-5.046122759142922","-5.046122759142922","-5.046122759142922","-2.4216180942992556","-2.4216180942992556","-2.4216180942992556","-2.038477928759878","-2.038477928759878","-2.038477928759878","-4.587098603714203","-4.587098603714203","-4.587098603714203"
"10000","-3.774818184225969","-3.774818184225969","-3.774818184225969","-6.386139318360691","-6.386139318360691","-6.386139318360691","-2.541334249213569","-2.541334249213569","-2.541334249213569","-2.5953954100294427","-2.5953954100294427","-2.5953954100294427","-2.431616586207246","-2.431616586207246","-2.431616586207246","-3.0721406665785205","-3.0721406665785205","-3.0721406665785205","-2.0600593849529103","-2.0600593849529103","-2.0600593849529103","-5.987520773070043","-5.987520773070043","-5.987520773070043","-4.494006727782213","-4.494006727782213","-4.494006727782213","-3.8689522174842295","-3.8689522174842295","-3.8689522174842295","-4.478170020209016","-4.478170020209016","-4.478170020209016","-2.3252477485550775","-2.3252477485550775","-2.3252477485550775","-2.678535726227991","-2.678535726227991","-2.678535726227991","-2.0841299036280097","-2.0841299036280097","-2.0841299036280097","-3.9565822637232495","-3.9565822637232495","-3.9565822637232495","-6.721177408127969","-6.721177408127969","-6.721177408127969","-3.033095315231621","-3.033095315231621","-3.033095315231621","-4.584355346955519","-4.584355346955519","-4.584355346955519","-1.8892590334860837","-1.8892590334860837","-1.8892590334860837","-4.2261752240872665","-4.2261752240872665","-4.2261752240872665"
"10500","-2.096436430412098","-2.096436430412098","-2.096436430412098","-2.9683369994910693","-2.9683369994910693","-2.9683369994910693","-2.8359004217901824","-2.8359004217901824","-2.8359004217901824","-4.861624291765384","-4.861624291765384","-4.861624291765384","-2.301867469798487","-2.301867469798487","-2.301867469798487","-3.059111035364905","-3.059111035364905","-3.059111035364905","-1.9080608385215148","-1.9080608385215148","-1.9080608385215148","-4.656903477148686","-4.656903477148686","-4.656903477148686","-5.598675112411964","-5.598675112411964","-5.598675112411964","-3.2888165625350423","-3.2888165625350423","-3.2888165625350423","-3.640909870808584","-3.640909870808584","-3.640909870808584","-3.4367403618911174","-3.4367403618911174","-3.4367403618911174","-2.751406415533053","-2.751406415533053","-2.751406415533053","-3.126016119969888","-3.126016119969888","-3.126016119969888","-4.613588571532443","-4.613588571532443","-4.613588571532443","-2.2383709986262756","-2.2383709986262756","-2.2383709986262756","-2.3834676031882553","-2.3834676031882553","-2.3834676031882553","-3.3587172362682294","-3.3587172362682294","-3.3587172362682294","-3.712636805239215","-3.712636805239215","-3.712636805239215","-2.750969715371173","-2.750969715371173","-2.750969715371173"
"11000","-4.69496560019347","-4.69496560019347","-4.69496560019347","-3.515157461325469","-3.515157461325469","-3.515157461325469","-3.574903605332376","-3.574903605332376","-3.574903605332376","-2.3799644467601437","-2.3799644467601437","-2.3799644467601437","-2.9092582159183626","-2.9092582159183626","-2.9092582159183626","-5.316269093044496","-5.316269093044496","-5.316269093044496","-1.8381513084431425","-1.8381513084431425","-1.8381513084431425","-2.9868013288233786","-2.9868013288233786","-2.9868013288233786","-2.8843319934124234","-2.8843319934124234","-2.8843319934124234","-3.4994794796952804","-3.4994794796952804","-3.4994794796952804","-4.092505838422396","-4.092505838422396","-4.092505838422396","-2.0516959498687353","-2.0516959498687353","-2.0516959498687353","-3.5726191060315657","-3.5726191060315657","-3.5726191060315657","-2.472957085435747","-2.472957085435747","-2.472957085435747","-2.498660599238179","-2.498660599238179","-2.498660599238179","-2.3142414536585676","-2.3142414536585676","-2.3142414536585676","-1.7362658862831157","-1.7362658862831157","-1.7362658862831157","-1.6768382287169097","-1.6768382287169097","-1.6768382287169097","-3.0422374136967796","-3.0422374136967796","-3.0422374136967796","-2.7463296006966074","-2.7463296006966074","-2.7463296006966074"
"11500","-2.652811917298569","-2.652811917298569","-2.652811917298569","-3.520961525528791","-3.520961525528791","-3.520961525528791","-2.7229284925972688","-2.7229284925972688","-2.7229284925972688","-3.5845402485159","-3.5845402485159","-3.5845402485159","-3.079394301926814","-3.079394301926814","-3.079394301926814","-2.328439935362954","-2.328439935362954","-2.328439935362954","-1.4868895490195344","-1.4868895490195344","-1.4868895490195344","-3.68953894426093","-3.68953894426093","-3.68953894426093","-4.942719143525423","-4.942719143525423","-4.942719143525423","-3.351726762231505","-3.351726762231505","-3.351726762231505","-4.215422164913455","-4.215422164913455","-4.215422164913455","-3.6157734623584723","-3.6157734623584723","-3.6157734623584723","-3.132252890650715","-3.132252890650715","-3.132252890650715","-3.9094172496917126","-3.9094172496917126","-3.9094172496917126","-6.188978134957904","-6.188978134957904","-6.188978134957904","-2.2258404792183155","-2.2258404792183155","-2.2258404792183155","-3.9672662771135956","-3.9672662771135956","-3.9672662771135956","-3.4521762455699845","-3.4521762455699845","-3.4521762455699845","-3.495675936815966","-3.495675936815966","-3.495675936815966","-3.1633492494932955","-3.1633492494932955","-3.1633492494932955"
"12000","-4.435993000500284","-4.435993000500284","-4.435993000500284","-2.5347787357738225","-2.5347787357738225","-2.5347787357738225","-1.9529649375150924","-1.9529649375150924","-1.9529649375150924","-3.2640188531558287","-3.2640188531558287","-3.2640188531558287","-3.218128172376287","-3.218128172376287","-3.218128172376287","-1.8519798609587554","-1.8519798609587554","-1.8519798609587554","-2.2179107135978535","-2.2179107135978535","-2.2179107135978535","-2.8308614552388485","-2.8308614552388485","-2.8308614552388485","-4.176804838031956","-4.176804838031956","-4.176804838031956","-1.5796947414267004","-1.5796947414267004","-1.5796947414267004","-5.421643511893533","-5.421643511893533","-5.421643511893533","-2.079981093318588","-2.079981093318588","-2.079981093318588","-3.1485274806740153","-3.1485274806740153","-3.1485274806740153","-2.566923012858905","-2.566923012858905","-2.566923012858905","-2.7701507276846815","-2.7701507276846815","-2.7701507276846815","-2.041048558916487","-2.041048558916487","-2.041048558916487","-4.277971363878135","-4.277971363878135","-4.277971363878135","-1.6782311511332098","-1.6782311511332098","-1.6782311511332098","-2.3009868590837153","-2.3009868590837153","-2.3009868590837153","-3.1235914143938346","-3.1235914143938346","-3.1235914143938346"
"12500","-3.4345166757669388","-3.4345166757669388","-3.4345166757669388","-3.0546508222930173","-3.0546508222930173","-3.0546508222930173","-1.9980995038595555","-1.9980995038595555","-1.9980995038595555","-3.411313702596055","-3.411313702596055","-3.411313702596055","-3.426146579876235","-3.426146579876235","-3.426146579876235","-3.726578437306037","-3.726578437306037","-3.726578437306037","-2.4291877073089507","-2.4291877073089507","-2.4291877073089507","-2.7871415273688367","-2.7871415273688367","-2.7871415273688367","-2.0405846013698605","-2.0405846013698605","-2.0405846013698605","-2.3640366519313467","-2.3640366519313467","-2.3640366519313467","-4.802886899465284","-4.802886899465284","-4.802886899465284","-3.328714393347757","-3.328714393347757","-3.328714393347757","-2.296046576981323","-2.296046576981323","-2.296046576981323","-3.397510396164061","-3.397510396164061","-3.397510396164061","-2.2215628408181747","-2.2215628408181747","-2.2215628408181747","-2.391951789884833","-2.391951789884833","-2.391951789884833","-2.7642446057315526","-2.7642446057315526","-2.7642446057315526","-1.5737215904574415","-1.5737215904574415","-1.5737215904574415","-2.3106377146146655","-2.3106377146146655","-2.3106377146146655","-2.85442983639293","-2.85442983639293","-2.85442983639293"
"13000","-2.5201779248601497","-2.5201779248601497","-2.5201779248601497","-4.1535757271673415","-4.1535757271673415","-4.1535757271673415","-1.8319465373904067","-1.8319465373904067","-1.8319465373904067","-3.082494764826914","-3.082494764826914","-3.082494764826914","-3.124857824537212","-3.124857824537212","-3.124857824537212","-2.1752728862786705","-2.1752728862786705","-2.1752728862786705","-2.587401228963304","-2.587401228963304","-2.587401228963304","-4.115997230051798","-4.115997230051798","-4.115997230051798","-2.2608379804354146","-2.2608379804354146","-2.2608379804354146","-2.444406538627206","-2.444406538627206","-2.444406538627206","-2.3758807195681078","-2.3758807195681078","-2.3758807195681078","-4.940752330096553","-4.940752330096553","-4.940752330096553","-3.462353124265346","-3.462353124265346","-3.462353124265346","-2.906812055369957","-2.906812055369957","-2.906812055369957","-1.7021674439015648","-1.7021674439015648","-1.7021674439015648","-2.6603339931590697","-2.6603339931590697","-2.6603339931590697","-2.7948019206178483","-2.7948019206178483","-2.7948019206178483","-1.7979815589701205","-1.7979815589701205","-1.7979815589701205","-1.7775515157526036","-1.7775515157526036","-1.7775515157526036","-2.290103446139141","-2.290103446139141","-2.290103446139141"
"13500","-3.1119523103314317","-3.1119523103314317","-3.1119523103314317","-2.1317991926682653","-2.1317991926682653","-2.1317991926682653","-3.0878491042808074","-3.0878491042808074","-3.0878491042808074","-4.641833602006764","-4.641833602006764","-4.641833602006764","-3.324818807856869","-3.324818807856869","-3.324818807856869","-2.1769320987425838","-2.1769320987425838","-2.1769320987425838","-1.8551790011157472","-1.8551790011157472","-1.8551790011157472","-2.1799244688646318","-2.1799244688646318","-2.1799244688646318","-2.9057649258460083","-2.9057649258460083","-2.9057649258460083","-4.154282064901437","-4.154282064901437","-4.154282064901437","-2.8374381115560694","-2.8374381115560694","-2.8374381115560694","-2.649896575812199","-2.649896575812199","-2.649896575812199","-3.982631590427058","-3.982631590427058","-3.982631590427058","-2.4044447390391577","-2.4044447390391577","-2.4044447390391577","-4.158663776511069","-4.158663776511069","-4.158663776511069","-2.477088789108859","-2.477088789108859","-2.477088789108859","-3.693562482510019","-3.693562482510019","-3.693562482510019","-2.4470641898310252","-2.4470641898310252","-2.4470641898310252","-2.493965860315062","-2.493965860315062","-2.493965860315062","-2.468361872147985","-2.468361872147985","-2.468361872147985"
"14000","-1.8714855685368328","-1.8714855685368328","-1.8714855685368328","-2.986944961809244","-2.986944961809244","-2.986944961809244","-4.278574381795243","-4.278574381795243","-4.278574381795243","-2.448931709938227","-2.448931709938227","-2.448931709938227","-2.3362116914205897","-2.3362116914205897","-2.3362116914205897","-2.443940036692436","-2.443940036692436","-2.443940036692436","-2.058072592601401","-2.058072592601401","-2.058072592601401","-2.4410148785451264","-2.4410148785451264","-2.4410148785451264","-2.5971969440063405","-2.5971969440063405","-2.5971969440063405","-2.7579972772891694","-2.7579972772891694","-2.7579972772891694","-2.3107637851490317","-2.3107637851490317","-2.3107637851490317","-2.9440131169363135","-2.9440131169363135","-2.9440131169363135","-4.426857221033837","-4.426857221033837","-4.426857221033837","-3.3056515383554688","-3.3056515383554688","-3.3056515383554688","-3.6462840652464146","-3.6462840652464146","-3.6462840652464146","-3.007550969530036","-3.007550969530036","-3.007550969530036","-3.139032721336899","-3.139032721336899","-3.139032721336899","-3.0475885777794485","-3.0475885777794485","-3.0475885777794485","-1.7737333163841444","-1.7737333163841444","-1.7737333163841444","-2.28751849729365","-2.28751849729365","-2.28751849729365"
"14500","-2.151623227331145","-2.151623227331145","-2.151623227331145","-2.3654095885248245","-2.3654095885248245","-2.3654095885248245","-2.8989512600951266","-2.8989512600951266","-2.8989512600951266","-1.8855170307713762","-1.8855170307713762","-1.8855170307713762","-2.6102182262286373","-2.6102182262286373","-2.6102182262286373","-3.442128190243485","-3.442128190243485","-3.442128190243485","-1.602657745250116","-1.602657745250116","-1.602657745250116","-4.0775795739610805","-4.0775795739610805","-4.0775795739610805","-1.7934111702858928","-1.7934111702858928","-1.7934111702858928","-1.8101765147329036","-1.8101765147329036","-1.8101765147329036","-2.2578839147725445","-2.2578839147725445","-2.2578839147725445","-6.22338583777306","-6.22338583777306","-6.22338583777306","-2.6545000821366846","-2.6545000821366846","-2.6545000821366846","-2.2702704457086167","-2.2702704457086167","-2.2702704457086167","-1.8449197437149334","-1.8449197437149334","-1.8449197437149334","-2.0152597626044297","-2.0152597626044297","-2.0152597626044297","-3.957133436491538","-3.957133436491538","-3.957133436491538","-3.5324143888849933","-3.5324143888849933","-3.5324143888849933","-1.5070576325220084","-1.5070576325220084","-1.5070576325220084","-3.3346887972572654","-3.3346887972572654","-3.3346887972572654"
"15000","-1.8302031825718401","-1.8302031825718401","-1.8302031825718401","-1.6109013127860046","-1.6109013127860046","-1.6109013127860046","-4.140318331116516","-4.140318331116516","-4.140318331116516","-2.512543940286328","-2.512543940286328","-2.512543940286328","-2.1234222164449212","-2.1234222164449212","-2.1234222164449212","-2.180079931808487","-2.180079931808487","-2.180079931808487","-2.031530765763543","-2.031530765763543","-2.031530765763543","-2.2685591630147677","-2.2685591630147677","-2.2685591630147677","-3.2836614325295237","-3.2836614325295237","-3.2836614325295237","-6.247259250477747","-6.247259250477747","-6.247259250477747","-2.6712599106974255","-2.6712599106974255","-2.6712599106974255","-3.1551937400970305","-3.1551937400970305","-3.1551937400970305","-2.0567391341980974","-2.0567391341980974","-2.0567391341980974","-2.741799605978558","-2.741799605978558","-2.741799605978558","-2.444603623546153","-2.444603623546153","-2.444603623546153","-2.0593531261683866","-2.0593531261683866","-2.0593531261683866","-3.1650039802415195","-3.1650039802415195","-3.1650039802415195","-2.1792788256222586","-2.1792788256222586","-2.1792788256222586","-1.3060499492686797","-1.3060499492686797","-1.3060499492686797","-4.099998148649532","-4.099998148649532","-4.099998148649532"
"15500","-2.7632765127255223","-2.7632765127255223","-2.7632765127255223","-2.024988089530308","-2.024988089530308","-2.024988089530308","-3.838106096188821","-3.838106096188821","-3.838106096188821","-2.594345134455686","-2.594345134455686","-2.594345134455686","-2.7227535094303343","-2.7227535094303343","-2.7227535094303343","-2.0680413324932347","-2.0680413324932347","-2.0680413324932347","-1.3851399726685538","-1.3851399726685538","-1.3851399726685538","-3.2481194207572477","-3.2481194207572477","-3.2481194207572477","-1.9506786698713263","-1.9506786698713263","-1.9506786698713263","-1.574460149537888","-1.574460149537888","-1.574460149537888","-2.7463681573540124","-2.7463681573540124","-2.7463681573540124","-2.818514822552259","-2.818514822552259","-2.818514822552259","-3.0004140306377973","-3.0004140306377973","-3.0004140306377973","-2.787085184295956","-2.787085184295956","-2.787085184295956","-2.6996870545043055","-2.6996870545043055","-2.6996870545043055","-1.815246489869907","-1.815246489869907","-1.815246489869907","-2.037011476184092","-2.037011476184092","-2.037011476184092","-2.042080802499774","-2.042080802499774","-2.042080802499774","-2.361008233915741","-2.361008233915741","-2.361008233915741","-4.111581236590377","-4.111581236590377","-4.111581236590377"
"16000","-1.8810664331359175","-1.8810664331359175","-1.8810664331359175","-1.8339366394505519","-1.8339366394505519","-1.8339366394505519","-5.678769577992533","-5.678769577992533","-5.678769577992533","-3.2531961188352887","-3.2531961188352887","-3.2531961188352887","-2.4012583969664596","-2.4012583969664596","-2.4012583969664596","-1.9574813134918276","-1.9574813134918276","-1.9574813134918276","-3.2665427483793428","-3.2665427483793428","-3.2665427483793428","-2.7951315311970606","-2.7951315311970606","-2.7951315311970606","-1.5382754189534462","-1.5382754189534462","-1.5382754189534462","-1.5547740079001051","-1.5547740079001051","-1.5547740079001051","-2.086781555212012","-2.086781555212012","-2.086781555212012","-2.0585131077632175","-2.0585131077632175","-2.0585131077632175","-2.371787144736436","-2.371787144736436","-2.371787144736436","-2.980821773897487","-2.980821773897487","-2.980821773897487","-2.2536700871909447","-2.2536700871909447","-2.2536700871909447","-4.061037615438666","-4.061037615438666","-4.061037615438666","-1.7550843930827713","-1.7550843930827713","-1.7550843930827713","-1.2483198118296561","-1.2483198118296561","-1.2483198118296561","-1.3531689678508272","-1.3531689678508272","-1.3531689678508272","-2.735207603159048","-2.735207603159048","-2.735207603159048"
"16500","-3.1411946468215066","-3.1411946468215066","-3.1411946468215066","-1.4722839297461046","-1.4722839297461046","-1.4722839297461046","-1.9617452246019842","-1.9617452246019842","-1.9617452246019842","-2.7276194965039817","-2.7276194965039817","-2.7276194965039817","-3.051388566691989","-3.051388566691989","-3.051388566691989","-2.1379002821290887","-2.1379002821290887","-2.1379002821290887","-1.8585616706579355","-1.8585616706579355","-1.8585616706579355","-3.4255474869273406","-3.4255474869273406","-3.4255474869273406","-2.3442982120325295","-2.3442982120325295","-2.3442982120325295","-2.880687272966912","-2.880687272966912","-2.880687272966912","-2.2183151690327105","-2.2183151690327105","-2.2183151690327105","-2.3869020943962775","-2.3869020943962775","-2.3869020943962775","-1.9747346876390275","-1.9747346876390275","-1.9747346876390275","-3.4293282835648027","-3.4293282835648027","-3.4293282835648027","-1.9623382410940544","-1.9623382410940544","-1.9623382410940544","-1.735513265433791","-1.735513265433791","-1.735513265433791","-3.741465540347177","-3.741465540347177","-3.741465540347177","-1.6252814054880844","-1.6252814054880844","-1.6252814054880844","-1.8730296123532333","-1.8730296123532333","-1.8730296123532333","-2.4991902683908043","-2.4991902683908043","-2.4991902683908043"
"17000","-2.350673854450453","-2.350673854450453","-2.350673854450453","-1.4518614640068874","-1.4518614640068874","-1.4518614640068874","-2.6436605349300524","-2.6436605349300524","-2.6436605349300524","-2.553026606645103","-2.553026606645103","-2.553026606645103","-2.477247145653405","-2.477247145653405","-2.477247145653405","-2.163479365563636","-2.163479365563636","-2.163479365563636","-2.1660640525256163","-2.1660640525256163","-2.1660640525256163","-3.438886846450361","-3.438886846450361","-3.438886846450361","-1.2338740165879414","-1.2338740165879414","-1.2338740165879414","-1.5054477937616335","-1.5054477937616335","-1.5054477937616335","-1.9174452331551695","-1.9174452331551695","-1.9174452331551695","-1.9862041397903856","-1.9862041397903856","-1.9862041397903856","-2.1932192709305527","-2.1932192709305527","-2.1932192709305527","-2.1552018981573493","-2.1552018981573493","-2.1552018981573493","-2.1046649785032656","-2.1046649785032656","-2.1046649785032656","-2.120324119129035","-2.120324119129035","-2.120324119129035","-2.4619761291209605","-2.4619761291209605","-2.4619761291209605","-1.7654030138314654","-1.7654030138314654","-1.7654030138314654","-1.6480453948756293","-1.6480453948756293","-1.6480453948756293","-1.7664919606483511","-1.7664919606483511","-1.7664919606483511"
"17500","-3.459126224171888","-3.459126224171888","-3.459126224171888","-1.106374820359683","-1.106374820359683","-1.106374820359683","-1.73357981866056","-1.73357981866056","-1.73357981866056","-1.8664043300529758","-1.8664043300529758","-1.8664043300529758","-1.8674188487120342","-1.8674188487120342","-1.8674188487120342","-1.4232384543070526","-1.4232384543070526","-1.4232384543070526","-1.5730930181292426","-1.5730930181292426","-1.5730930181292426","-2.8379629257652828","-2.8379629257652828","-2.8379629257652828","-1.646980081266404","-1.646980081266404","-1.646980081266404","-2.0410478320415466","-2.0410478320415466","-2.0410478320415466","-1.767951109991913","-1.767951109991913","-1.767951109991913","-3.606203633796544","-3.606203633796544","-3.606203633796544","-2.6880622658046227","-2.6880622658046227","-2.6880622658046227","-2.705679838193589","-2.705679838193589","-2.705679838193589","-1.7858514067920646","-1.7858514067920646","-1.7858514067920646","-2.6060319801251106","-2.6060319801251106","-2.6060319801251106","-2.1363862907719264","-2.1363862907719264","-2.1363862907719264","-4.52495488857164","-4.52495488857164","-4.52495488857164","-1.0560100145763514","-1.0560100145763514","-1.0560100145763514","-1.8131501269322747","-1.8131501269322747","-1.8131501269322747"
"18000","-1.8863200745215984","-1.8863200745215984","-1.8863200745215984","-1.2790004777602824","-1.2790004777602824","-1.2790004777602824","-1.5245854880657765","-1.5245854880657765","-1.5245854880657765","-2.9265053117021615","-2.9265053117021615","-2.9265053117021615","-2.395577567617768","-2.395577567617768","-2.395577567617768","-1.414838322128332","-1.414838322128332","-1.414838322128332","-2.1880284911531693","-2.1880284911531693","-2.1880284911531693","-3.0505753278296917","-3.0505753278296917","-3.0505753278296917","-2.064562364394812","-2.064562364394812","-2.064562364394812","-5.241424520891175","-5.241424520891175","-5.241424520891175","-2.883472798350879","-2.883472798350879","-2.883472798350879","-2.035319977138804","-2.035319977138804","-2.035319977138804","-2.881122058194731","-2.881122058194731","-2.881122058194731","-2.624992168354509","-2.624992168354509","-2.624992168354509","-3.647638091151766","-3.647638091151766","-3.647638091151766","-2.164070484068016","-2.164070484068016","-2.164070484068016","-3.167890179725267","-3.167890179725267","-3.167890179725267","-0.9174121852956757","-0.9174121852956757","-0.9174121852956757","-2.010358591891216","-2.010358591891216","-2.010358591891216","-2.3235914946097966","-2.3235914946097966","-2.3235914946097966"
"18500","-2.4661286219229086","-2.4661286219229086","-2.4661286219229086","-1.4905477407802201","-1.4905477407802201","-1.4905477407802201","-2.210733905552849","-2.210733905552849","-2.210733905552849","-2.6604760902540887","-2.6604760902540887","-2.6604760902540887","-1.9254772134432536","-1.9254772134432536","-1.9254772134432536","-2.11923739641299","-2.11923739641299","-2.11923739641299","-2.3531982284023143","-2.3531982284023143","-2.3531982284023143","-2.9411011994834944","-2.9411011994834944","-2.9411011994834944","-1.014283798636922","-1.014283798636922","-1.014283798636922","-1.4463068869589413","-1.4463068869589413","-1.4463068869589413","-2.222299794845515","-2.222299794845515","-2.222299794845515","-1.5348839571023176","-1.5348839571023176","-1.5348839571023176","-2.557980015987642","-2.557980015987642","-2.557980015987642","-1.8539035563261552","-1.8539035563261552","-1.8539035563261552","-3.3375461686231547","-3.3375461686231547","-3.3375461686231547","-1.357852702154969","-1.357852702154969","-1.357852702154969","-2.065278104473756","-2.065278104473756","-2.065278104473756","-1.7856732429283835","-1.7856732429283835","-1.7856732429283835","-2.1314361109770585","-2.1314361109770585","-2.1314361109770585","-1.4874716978499367","-1.4874716978499367","-1.4874716978499367"
"19000","-1.9135708689138657","-1.9135708689138657","-1.9135708689138657","-1.7533090161085678","-1.7533090161085678","-1.7533090161085678","-2.903773710425095","-2.903773710425095","-2.903773710425095","-2.1684977809502315","-2.1684977809502315","-2.1684977809502315","-2.367063079682541","-2.367063079682541","-2.367063079682541","-1.8445279609651153","-1.8445279609651153","-1.8445279609651153","-1.5879124604709307","-1.5879124604709307","-1.5879124604709307","-3.149878273066895","-3.149878273066895","-3.149878273066895","-1.104507471526642","-1.104507471526642","-1.104507471526642","-2.0434136869852124","-2.0434136869852124","-2.0434136869852124","-2.657212403622245","-2.657212403622245","-2.657212403622245","-1.5139657366290358","-1.5139657366290358","-1.5139657366290358","-2.464353895244798","-2.464353895244798","-2.464353895244798","-1.5224992320257862","-1.5224992320257862","-1.5224992320257862","-2.8291541217671607","-2.8291541217671607","-2.8291541217671607","-1.8594731451653135","-1.8594731451653135","-1.8594731451653135","-2.1584762791871412","-2.1584762791871412","-2.1584762791871412","-1.8484956731108775","-1.8484956731108775","-1.8484956731108775","-2.1930794302899117","-2.1930794302899117","-2.1930794302899117","-1.775087141248375","-1.775087141248375","-1.775087141248375"
"19500","-1.5067184228067654","-1.5067184228067654","-1.5067184228067654","-1.2416319847807107","-1.2416319847807107","-1.2416319847807107","-2.6101658394932743","-2.6101658394932743","-2.6101658394932743","-2.132852859623868","-2.132852859623868","-2.132852859623868","-1.7767206674536564","-1.7767206674536564","-1.7767206674536564","-1.2689640202343828","-1.2689640202343828","-1.2689640202343828","-1.727662376957045","-1.727662376957045","-1.727662376957045","-2.330589916212866","-2.330589916212866","-2.330589916212866","-1.1344175083567989","-1.1344175083567989","-1.1344175083567989","-1.5191165243841145","-1.5191165243841145","-1.5191165243841145","-2.2478067350382314","-2.2478067350382314","-2.2478067350382314","-2.867021031223554","-2.867021031223554","-2.867021031223554","-2.114274743693355","-2.114274743693355","-2.114274743693355","-2.5644983500441465","-2.5644983500441465","-2.5644983500441465","-2.9166214205962087","-2.9166214205962087","-2.9166214205962087","-2.1634787479462103","-2.1634787479462103","-2.1634787479462103","-2.8399813476124014","-2.8399813476124014","-2.8399813476124014","-0.8568867106079254","-0.8568867106079254","-0.8568867106079254","-2.1910015377230185","-2.1910015377230185","-2.1910015377230185","-2.207451447759246","-2.207451447759246","-2.207451447759246"
"20000","-1.5421502017789035","-1.5421502017789035","-1.5421502017789035","-2.184526476109307","-2.184526476109307","-2.184526476109307","-2.0607868052883758","-2.0607868052883758","-2.0607868052883758","-1.6496140874299208","-1.6496140874299208","-1.6496140874299208","-2.447694998500136","-2.447694998500136","-2.447694998500136","-1.4284518727931057","-1.4284518727931057","-1.4284518727931057","-1.459310740769468","-1.459310740769468","-1.459310740769468","-5.59805596216957","-5.59805596216957","-5.59805596216957","-1.409458077800735","-1.409458077800735","-1.409458077800735","-1.3109710091967657","-1.3109710091967657","-1.3109710091967657","-2.0517186015802595","-2.0517186015802595","-2.0517186015802595","-3.722185581648136","-3.722185581648136","-3.722185581648136","-2.1236976157659155","-2.1236976157659155","-2.1236976157659155","-2.269649355013981","-2.269649355013981","-2.269649355013981","-2.141791184362364","-2.141791184362364","-2.141791184362364","-1.6988113784559047","-1.6988113784559047","-1.6988113784559047","-1.9557386991361443","-1.9557386991361443","-1.9557386991361443","-1.1032511370688038","-1.1032511370688038","-1.1032511370688038","-1.5187322070697777","-1.5187322070697777","-1.5187322070697777","-2.0720097804369066","-2.0720097804369066","-2.0720097804369066"
"20500","-1.5439810292368157","-1.5439810292368157","-1.5439810292368157","-1.473647632638262","-1.473647632638262","-1.473647632638262","-1.687387489249356","-1.687387489249356","-1.687387489249356","-1.7638505385894354","-1.7638505385894354","-1.7638505385894354","-1.9874984867210344","-1.9874984867210344","-1.9874984867210344","-1.595015133067126","-1.595015133067126","-1.595015133067126","-2.6893250559402384","-2.6893250559402384","-2.6893250559402384","-2.7360506507423037","-2.7360506507423037","-2.7360506507423037","-2.0118511212723353","-2.0118511212723353","-2.0118511212723353","-1.656840786276065","-1.656840786276065","-1.656840786276065","-1.5363410271384386","-1.5363410271384386","-1.5363410271384386","-1.012852268088511","-1.012852268088511","-1.012852268088511","-2.255512003579365","-2.255512003579365","-2.255512003579365","-1.6153639218125868","-1.6153639218125868","-1.6153639218125868","-2.056890700096338","-2.056890700096338","-2.056890700096338","-1.6549751560079717","-1.6549751560079717","-1.6549751560079717","-3.3987341707443663","-3.3987341707443663","-3.3987341707443663","-2.8565136809716543","-2.8565136809716543","-2.8565136809716543","-3.5639831706873886","-3.5639831706873886","-3.5639831706873886","-1.7321789026973804","-1.7321789026973804","-1.7321789026973804"
"21000","-1.5799663084358564","-1.5799663084358564","-1.5799663084358564","-1.612575212574307","-1.612575212574307","-1.612575212574307","-2.5619546739762207","-2.5619546739762207","-2.5619546739762207","-1.646255443554385","-1.646255443554385","-1.646255443554385","-1.800593425195305","-1.800593425195305","-1.800593425195305","-1.5631269479425824","-1.5631269479425824","-1.5631269479425824","-2.26024439588108","-2.26024439588108","-2.26024439588108","-2.0021861579936235","-2.0021861579936235","-2.0021861579936235","-1.9923396877456614","-1.9923396877456614","-1.9923396877456614","-1.5563153143581345","-1.5563153143581345","-1.5563153143581345","-2.223719702091664","-2.223719702091664","-2.223719702091664","-1.8869103234935047","-1.8869103234935047","-1.8869103234935047","-2.0083414139464204","-2.0083414139464204","-2.0083414139464204","-2.7260994627690183","-2.7260994627690183","-2.7260994627690183","-1.640545752112272","-1.640545752112272","-1.640545752112272","-2.0989784780891836","-2.0989784780891836","-2.0989784780891836","-4.878614577746568","-4.878614577746568","-4.878614577746568","-1.1713655136523982","-1.1713655136523982","-1.1713655136523982","-1.4998081879027771","-1.4998081879027771","-1.4998081879027771","-2.2426655404311147","-2.2426655404311147","-2.2426655404311147"
"21500","-1.68910971688014","-1.68910971688014","-1.68910971688014","-2.262178420847081","-2.262178420847081","-2.262178420847081","-2.365369030384602","-2.365369030384602","-2.365369030384602","-2.611511737801544","-2.611511737801544","-2.611511737801544","-2.068831150909671","-2.068831150909671","-2.068831150909671","-1.566944992991979","-1.566944992991979","-1.566944992991979","-2.080375212256506","-2.080375212256506","-2.080375212256506","-2.3769570501141617","-2.3769570501141617","-2.3769570501141617","-1.4660525859245728","-1.4660525859245728","-1.4660525859245728","-3.359423371420541","-3.359423371420541","-3.359423371420541","-1.1436110932927797","-1.1436110932927797","-1.1436110932927797","-1.9860097182315806","-1.9860097182315806","-1.9860097182315806","-1.7523492367458453","-1.7523492367458453","-1.7523492367458453","-1.9034175361626844","-1.9034175361626844","-1.9034175361626844","-1.2939539205642574","-1.2939539205642574","-1.2939539205642574","-2.2657922225541474","-2.2657922225541474","-2.2657922225541474","-2.0208341618695327","-2.0208341618695327","-2.0208341618695327","-1.519807800878373","-1.519807800878373","-1.519807800878373","-1.9454283184924606","-1.9454283184924606","-1.9454283184924606","-1.9611481473523944","-1.9611481473523944","-1.9611481473523944"
"22000","-1.577203189562389","-1.577203189562389","-1.577203189562389","-1.4402559311192253","-1.4402559311192253","-1.4402559311192253","-1.481552441621341","-1.481552441621341","-1.481552441621341","-2.8038917946639415","-2.8038917946639415","-2.8038917946639415","-1.8041479022888811","-1.8041479022888811","-1.8041479022888811","-2.3032788604730863","-2.3032788604730863","-2.3032788604730863","-1.9105352689495034","-1.9105352689495034","-1.9105352689495034","-2.909624388706898","-2.909624388706898","-2.909624388706898","-1.6031178660214898","-1.6031178660214898","-1.6031178660214898","-1.5247177228150925","-1.5247177228150925","-1.5247177228150925","-1.828293113345706","-1.828293113345706","-1.828293113345706","-1.1589268382814546","-1.1589268382814546","-1.1589268382814546","-1.4109602064280853","-1.4109602064280853","-1.4109602064280853","-1.2757864033250381","-1.2757864033250381","-1.2757864033250381","-1.8836719530115111","-1.8836719530115111","-1.8836719530115111","-1.6763697497109162","-1.6763697497109162","-1.6763697497109162","-2.5505423015432624","-2.5505423015432624","-2.5505423015432624","-0.9308499889008353","-0.9308499889008353","-0.9308499889008353","-2.826817115388704","-2.826817115388704","-2.826817115388704","-1.9278169805729501","-1.9278169805729501","-1.9278169805729501"
"22500","-1.5917713235138664","-1.5917713235138664","-1.5917713235138664","-1.2736953838770926","-1.2736953838770926","-1.2736953838770926","-2.644125309753047","-2.644125309753047","-2.644125309753047","-2.027082517054127","-2.027082517054127","-2.027082517054127","-1.6124491081248091","-1.6124491081248091","-1.6124491081248091","-1.6984022253496822","-1.6984022253496822","-1.6984022253496822","-1.5604962885535905","-1.5604962885535905","-1.5604962885535905","-2.6932887622489607","-2.6932887622489607","-2.6932887622489607","-2.1398557883557636","-2.1398557883557636","-2.1398557883557636","-1.3593747783407761","-1.3593747783407761","-1.3593747783407761","-1.210014184066243","-1.210014184066243","-1.210014184066243","-1.3625433600967125","-1.3625433600967125","-1.3625433600967125","-1.2574468132588121","-1.2574468132588121","-1.2574468132588121","-1.8978523268813121","-1.8978523268813121","-1.8978523268813121","-1.3516072240128818","-1.3516072240128818","-1.3516072240128818","-2.3165416206348524","-2.3165416206348524","-2.3165416206348524","-1.8649956765612192","-1.8649956765612192","-1.8649956765612192","-1.167221821265549","-1.167221821265549","-1.167221821265549","-1.2913908893140633","-1.2913908893140633","-1.2913908893140633","-2.619584920504399","-2.619584920504399","-2.619584920504399"
"23000","-1.2887532629842124","-1.2887532629842124","-1.2887532629842124","-1.1670936202480136","-1.1670936202480136","-1.1670936202480136","-2.4284354982554244","-2.4284354982554244","-2.4284354982554244","-3.363711262429309","-3.363711262429309","-3.363711262429309","-2.220855228679238","-2.220855228679238","-2.220855228679238","-1.2362963921782082","-1.2362963921782082","-1.2362963921782082","-1.5875232940494644","-1.5875232940494644","-1.5875232940494644","-2.139460537254409","-2.139460537254409","-2.139460537254409","-1.4147229368082046","-1.4147229368082046","-1.4147229368082046","-2.1610468783487975","-2.1610468783487975","-2.1610468783487975","-1.2360284436534452","-1.2360284436534452","-1.2360284436534452","-1.4339614759829753","-1.4339614759829753","-1.4339614759829753","-1.799146053974809","-1.799146053974809","-1.799146053974809","-1.602136093563883","-1.602136093563883","-1.602136093563883","-1.556163232465996","-1.556163232465996","-1.556163232465996","-1.821000881902344","-1.821000881902344","-1.821000881902344","-2.516038894634055","-2.516038894634055","-2.516038894634055","-1.1994391340315422","-1.1994391340315422","-1.1994391340315422","-1.4943727809014864","-1.4943727809014864","-1.4943727809014864","-3.265915168503659","-3.265915168503659","-3.265915168503659"
"23500","-2.1597496383392056","-2.1597496383392056","-2.1597496383392056","-1.5631381828461337","-1.5631381828461337","-1.5631381828461337","-2.2602266036326837","-2.2602266036326837","-2.2602266036326837","-1.9800420970386994","-1.9800420970386994","-1.9800420970386994","-1.779261795299946","-1.779261795299946","-1.779261795299946","-1.3807744508655877","-1.3807744508655877","-1.3807744508655877","-1.3783037216855607","-1.3783037216855607","-1.3783037216855607","-2.303244080262688","-2.303244080262688","-2.303244080262688","-1.3650518583790696","-1.3650518583790696","-1.3650518583790696","-1.2342730516852498","-1.2342730516852498","-1.2342730516852498","-1.4663190574315315","-1.4663190574315315","-1.4663190574315315","-1.542007470165247","-1.542007470165247","-1.542007470165247","-2.027778004392936","-2.027778004392936","-2.027778004392936","-2.582757875442257","-2.582757875442257","-2.582757875442257","-2.8395297089554616","-2.8395297089554616","-2.8395297089554616","-1.5049624618000235","-1.5049624618000235","-1.5049624618000235","-2.1296459534723","-2.1296459534723","-2.1296459534723","-1.1414623488922484","-1.1414623488922484","-1.1414623488922484","-1.7521630171606737","-1.7521630171606737","-1.7521630171606737","-1.849872980890193","-1.849872980890193","-1.849872980890193"
"24000","-1.4432041598868266","-1.4432041598868266","-1.4432041598868266","-1.2854479695220853","-1.2854479695220853","-1.2854479695220853","-2.1246907881732313","-2.1246907881732313","-2.1246907881732313","-2.78635567046146","-2.78635567046146","-2.78635567046146","-2.0307351719364193","-2.0307351719364193","-2.0307351719364193","-1.4251156301868915","-1.4251156301868915","-1.4251156301868915","-1.1680860414763923","-1.1680860414763923","-1.1680860414763923","-1.7071227655168582","-1.7071227655168582","-1.7071227655168582","-1.75630728428152","-1.75630728428152","-1.75630728428152","-2.071045321575042","-2.071045321575042","-2.071045321575042","-2.1641901001891255","-2.1641901001891255","-2.1641901001891255","-2.453091649518255","-2.453091649518255","-2.453091649518255","-3.4121737243496257","-3.4121737243496257","-3.4121737243496257","-2.271659721470498","-2.271659721470498","-2.271659721470498","-2.341803533578742","-2.341803533578742","-2.341803533578742","-1.8020497791618582","-1.8020497791618582","-1.8020497791618582","-2.3838317940939837","-2.3838317940939837","-2.3838317940939837","-2.3317058255270546","-2.3317058255270546","-2.3317058255270546","-1.4467933021279964","-1.4467933021279964","-1.4467933021279964","-2.7323309581116995","-2.7323309581116995","-2.7323309581116995"
"24500","-2.277244458680263","-2.277244458680263","-2.277244458680263","-1.2774117423339792","-1.2774117423339792","-1.2774117423339792","-1.2918471300071945","-1.2918471300071945","-1.2918471300071945","-2.532982863304119","-2.532982863304119","-2.532982863304119","-1.569715049970221","-1.569715049970221","-1.569715049970221","-1.8482722265768472","-1.8482722265768472","-1.8482722265768472","-1.268102983654598","-1.268102983654598","-1.268102983654598","-2.050914698807765","-2.050914698807765","-2.050914698807765","-1.3721930953332433","-1.3721930953332433","-1.3721930953332433","-1.4627367280381196","-1.4627367280381196","-1.4627367280381196","-1.7872477681762668","-1.7872477681762668","-1.7872477681762668","-2.724508362580152","-2.724508362580152","-2.724508362580152","-1.7512534096119097","-1.7512534096119097","-1.7512534096119097","-1.4870868019566061","-1.4870868019566061","-1.4870868019566061","-2.7111270258224303","-2.7111270258224303","-2.7111270258224303","-1.2259841911123417","-1.2259841911123417","-1.2259841911123417","-3.266980297677037","-3.266980297677037","-3.266980297677037","-1.0393424148606234","-1.0393424148606234","-1.0393424148606234","-1.8212927370084984","-1.8212927370084984","-1.8212927370084984","-2.5533530261064508","-2.5533530261064508","-2.5533530261064508"
"25000","-1.635856281879914","-1.635856281879914","-1.635856281879914","-1.7557363545416087","-1.7557363545416087","-1.7557363545416087","-1.996722059422077","-1.996722059422077","-1.996722059422077","-1.6528735643329635","-1.6528735643329635","-1.6528735643329635","-2.420046537671687","-2.420046537671687","-2.420046537671687","-1.7750610410574725","-1.7750610410574725","-1.7750610410574725","-1.5875360202249262","-1.5875360202249262","-1.5875360202249262","-2.1746421322443767","-2.1746421322443767","-2.1746421322443767","-1.5670817379887427","-1.5670817379887427","-1.5670817379887427","-1.7280310640361176","-1.7280310640361176","-1.7280310640361176","-1.685820269392557","-1.685820269392557","-1.685820269392557","-2.098883912555471","-2.098883912555471","-2.098883912555471","-1.7328181402831955","-1.7328181402831955","-1.7328181402831955","-1.417369036994954","-1.417369036994954","-1.417369036994954","-1.553238362931107","-1.553238362931107","-1.553238362931107","-1.3800677863255122","-1.3800677863255122","-1.3800677863255122","-2.4731470165076104","-2.4731470165076104","-2.4731470165076104","-1.1237003990295054","-1.1237003990295054","-1.1237003990295054","-1.165447868084441","-1.165447868084441","-1.165447868084441","-3.0447087952597203","-3.0447087952597203","-3.0447087952597203"
"25500","-1.4003108842153424","-1.4003108842153424","-1.4003108842153424","-1.2562291851473777","-1.2562291851473777","-1.2562291851473777","-1.1886584910502063","-1.1886584910502063","-1.1886584910502063","-1.7980840387632573","-1.7980840387632573","-1.7980840387632573","-2.1521170630862327","-2.1521170630862327","-2.1521170630862327","-1.7129096554494332","-1.7129096554494332","-1.7129096554494332","-1.2508939602108824","-1.2508939602108824","-1.2508939602108824","-2.2642144325236546","-2.2642144325236546","-2.2642144325236546","-1.2310831043678772","-1.2310831043678772","-1.2310831043678772","-1.2913257263581908","-1.2913257263581908","-1.2913257263581908","-1.4381024592802727","-1.4381024592802727","-1.4381024592802727","-1.8426353456656284","-1.8426353456656284","-1.8426353456656284","-1.7478818950214314","-1.7478818950214314","-1.7478818950214314","-1.5693100899803984","-1.5693100899803984","-1.5693100899803984","-1.530892765337234","-1.530892765337234","-1.530892765337234","-1.4221679330660644","-1.4221679330660644","-1.4221679330660644","-1.3455862665280183","-1.3455862665280183","-1.3455862665280183","-1.4477323626553766","-1.4477323626553766","-1.4477323626553766","-1.405150723306493","-1.405150723306493","-1.405150723306493","-2.324982906257375","-2.324982906257375","-2.324982906257375"
"26000","-1.1930963198324398","-1.1930963198324398","-1.1930963198324398","-1.4265900980127313","-1.4265900980127313","-1.4265900980127313","-1.6580045868836275","-1.6580045868836275","-1.6580045868836275","-2.101407580665179","-2.101407580665179","-2.101407580665179","-1.4276247909319313","-1.4276247909319313","-1.4276247909319313","-1.7160015456735898","-1.7160015456735898","-1.7160015456735898","-1.2781480698738317","-1.2781480698738317","-1.2781480698738317","-2.0293236348943178","-2.0293236348943178","-2.0293236348943178","-1.3479703235564322","-1.3479703235564322","-1.3479703235564322","-1.1717670659354948","-1.1717670659354948","-1.1717670659354948","-1.5354616418515237","-1.5354616418515237","-1.5354616418515237","-2.0529379149427087","-2.0529379149427087","-2.0529379149427087","-1.986847599754746","-1.986847599754746","-1.986847599754746","-2.0492639922747644","-2.0492639922747644","-2.0492639922747644","-1.4449276473384232","-1.4449276473384232","-1.4449276473384232","-1.2941122706540444","-1.2941122706540444","-1.2941122706540444","-3.497833106013168","-3.497833106013168","-3.497833106013168","-0.8362200945145375","-0.8362200945145375","-0.8362200945145375","-1.4500363471207787","-1.4500363471207787","-1.4500363471207787","-1.6007316760657058","-1.6007316760657058","-1.6007316760657058"
"26500","-1.29025744141028","-1.29025744141028","-1.29025744141028","-1.322568795245371","-1.322568795245371","-1.322568795245371","-1.438522092814848","-1.438522092814848","-1.438522092814848","-1.6563254541739454","-1.6563254541739454","-1.6563254541739454","-1.162581317971318","-1.162581317971318","-1.162581317971318","-1.651094289872174","-1.651094289872174","-1.651094289872174","-1.571358933332694","-1.571358933332694","-1.571358933332694","-1.6500902657165963","-1.6500902657165963","-1.6500902657165963","-1.0658516088955505","-1.0658516088955505","-1.0658516088955505","-2.0780366277023794","-2.0780366277023794","-2.0780366277023794","-1.9392155445590344","-1.9392155445590344","-1.9392155445590344","-1.7626665126510062","-1.7626665126510062","-1.7626665126510062","-1.3543179826631575","-1.3543179826631575","-1.3543179826631575","-1.9167378910149744","-1.9167378910149744","-1.9167378910149744","-1.692282273599632","-1.692282273599632","-1.692282273599632","-1.1316090374043557","-1.1316090374043557","-1.1316090374043557","-1.8829600326811249","-1.8829600326811249","-1.8829600326811249","-0.9116064303639793","-0.9116064303639793","-0.9116064303639793","-1.2343443465432027","-1.2343443465432027","-1.2343443465432027","-2.831140846042346","-2.831140846042346","-2.831140846042346"
"27000","-1.4035822097145612","-1.4035822097145612","-1.4035822097145612","-1.3622421489020025","-1.3622421489020025","-1.3622421489020025","-1.4859528388717222","-1.4859528388717222","-1.4859528388717222","-1.8147600619401623","-1.8147600619401623","-1.8147600619401623","-1.848315360310691","-1.848315360310691","-1.848315360310691","-1.6397353484628994","-1.6397353484628994","-1.6397353484628994","-1.1666444151825313","-1.1666444151825313","-1.1666444151825313","-1.7077506636062716","-1.7077506636062716","-1.7077506636062716","-1.3735886971752953","-1.3735886971752953","-1.3735886971752953","-1.5486385585300808","-1.5486385585300808","-1.5486385585300808","-1.4528625458358644","-1.4528625458358644","-1.4528625458358644","-1.3959741609732184","-1.3959741609732184","-1.3959741609732184","-1.8773935220538902","-1.8773935220538902","-1.8773935220538902","-1.9004340699531088","-1.9004340699531088","-1.9004340699531088","-2.0416316055299","-2.0416316055299","-2.0416316055299","-1.4057380296600992","-1.4057380296600992","-1.4057380296600992","-1.7874771900482305","-1.7874771900482305","-1.7874771900482305","-1.2323314315342087","-1.2323314315342087","-1.2323314315342087","-0.9115971924240407","-0.9115971924240407","-0.9115971924240407","-1.4442907740304425","-1.4442907740304425","-1.4442907740304425"
"27500","-1.4355736088001079","-1.4355736088001079","-1.4355736088001079","-1.235815608990785","-1.235815608990785","-1.235815608990785","-1.5153461918262132","-1.5153461918262132","-1.5153461918262132","-1.6627834014251441","-1.6627834014251441","-1.6627834014251441","-1.94073062552568","-1.94073062552568","-1.94073062552568","-1.489154956873648","-1.489154956873648","-1.489154956873648","-1.7832314518751105","-1.7832314518751105","-1.7832314518751105","-2.464402929642634","-2.464402929642634","-2.464402929642634","-1.0455733062123573","-1.0455733062123573","-1.0455733062123573","-2.070103355147129","-2.070103355147129","-2.070103355147129","-1.4934461003473338","-1.4934461003473338","-1.4934461003473338","-1.8924573125516222","-1.8924573125516222","-1.8924573125516222","-2.6002292366550352","-2.6002292366550352","-2.6002292366550352","-1.3025269840307643","-1.3025269840307643","-1.3025269840307643","-1.6223801181743227","-1.6223801181743227","-1.6223801181743227","-1.4577722407348153","-1.4577722407348153","-1.4577722407348153","-2.1771555442290063","-2.1771555442290063","-2.1771555442290063","-1.4775147318059734","-1.4775147318059734","-1.4775147318059734","-2.0254752856173517","-2.0254752856173517","-2.0254752856173517","-1.7664681129035362","-1.7664681129035362","-1.7664681129035362"
"28000","-1.5359375417594876","-1.5359375417594876","-1.5359375417594876","-1.5296664524519317","-1.5296664524519317","-1.5296664524519317","-1.5687982210245799","-1.5687982210245799","-1.5687982210245799","-1.4564146096104542","-1.4564146096104542","-1.4564146096104542","-1.5599596443168902","-1.5599596443168902","-1.5599596443168902","-1.8237058172988558","-1.8237058172988558","-1.8237058172988558","-1.7135532160448708","-1.7135532160448708","-1.7135532160448708","-1.8012018225896178","-1.8012018225896178","-1.8012018225896178","-1.200890143692213","-1.200890143692213","-1.200890143692213","-1.2969132187902326","-1.2969132187902326","-1.2969132187902326","-1.5391884059761132","-1.5391884059761132","-1.5391884059761132","-2.5659230753283655","-2.5659230753283655","-2.5659230753283655","-1.5686102153709114","-1.5686102153709114","-1.5686102153709114","-1.7556845693967404","-1.7556845693967404","-1.7556845693967404","-1.384751789193922","-1.384751789193922","-1.384751789193922","-1.2976494857213676","-1.2976494857213676","-1.2976494857213676","-1.9677279555494276","-1.9677279555494276","-1.9677279555494276","-1.1592525034170231","-1.1592525034170231","-1.1592525034170231","-0.9356731010823192","-0.9356731010823192","-0.9356731010823192","-1.8169600729724664","-1.8169600729724664","-1.8169600729724664"
"28500","-1.9052275833870074","-1.9052275833870074","-1.9052275833870074","-1.2731693784715759","-1.2731693784715759","-1.2731693784715759","-1.5344190197545045","-1.5344190197545045","-1.5344190197545045","-1.8272635238300832","-1.8272635238300832","-1.8272635238300832","-1.7907826992128417","-1.7907826992128417","-1.7907826992128417","-1.0401453151732007","-1.0401453151732007","-1.0401453151732007","-1.139039751362453","-1.139039751362453","-1.139039751362453","-1.6740222769670159","-1.6740222769670159","-1.6740222769670159","-1.3415818408206621","-1.3415818408206621","-1.3415818408206621","-1.3695025080512855","-1.3695025080512855","-1.3695025080512855","-1.8093424438347092","-1.8093424438347092","-1.8093424438347092","-1.2689485351533332","-1.2689485351533332","-1.2689485351533332","-1.3706237333268179","-1.3706237333268179","-1.3706237333268179","-1.6369128360945264","-1.6369128360945264","-1.6369128360945264","-1.8826980305683663","-1.8826980305683663","-1.8826980305683663","-1.7174320601809938","-1.7174320601809938","-1.7174320601809938","-1.8107391423569208","-1.8107391423569208","-1.8107391423569208","-2.1638751178703983","-2.1638751178703983","-2.1638751178703983","-1.143691956735277","-1.143691956735277","-1.143691956735277","-1.4102118474299181","-1.4102118474299181","-1.4102118474299181"
"29000","-1.7162287760384682","-1.7162287760384682","-1.7162287760384682","-1.8619592387957062","-1.8619592387957062","-1.8619592387957062","-1.2995143426346263","-1.2995143426346263","-1.2995143426346263","-1.8212714192986348","-1.8212714192986348","-1.8212714192986348","-1.7580433183096549","-1.7580433183096549","-1.7580433183096549","-1.6645976975891146","-1.6645976975891146","-1.6645976975891146","-0.9882390837803351","-0.9882390837803351","-0.9882390837803351","-1.7610709344313442","-1.7610709344313442","-1.7610709344313442","-1.7372257591870632","-1.7372257591870632","-1.7372257591870632","-1.2706367452106495","-1.2706367452106495","-1.2706367452106495","-1.2157939815973777","-1.2157939815973777","-1.2157939815973777","-1.7512303169170598","-1.7512303169170598","-1.7512303169170598","-1.5797654062390774","-1.5797654062390774","-1.5797654062390774","-1.0642757320271024","-1.0642757320271024","-1.0642757320271024","-1.2019339101021442","-1.2019339101021442","-1.2019339101021442","-2.042250222975306","-2.042250222975306","-2.042250222975306","-1.8017574664892553","-1.8017574664892553","-1.8017574664892553","-0.8340428961253735","-0.8340428961253735","-0.8340428961253735","-0.8683649306003358","-0.8683649306003358","-0.8683649306003358","-1.459524444672417","-1.459524444672417","-1.459524444672417"
"29500","-1.980920597839166","-1.980920597839166","-1.980920597839166","-1.2006547919324173","-1.2006547919324173","-1.2006547919324173","-1.8231398384397473","-1.8231398384397473","-1.8231398384397473","-1.5982691014372226","-1.5982691014372226","-1.5982691014372226","-1.593318958799792","-1.593318958799792","-1.593318958799792","-1.755257313600828","-1.755257313600828","-1.755257313600828","-1.4737862085276354","-1.4737862085276354","-1.4737862085276354","-1.8176281345461731","-1.8176281345461731","-1.8176281345461731","-0.9432756899832319","-0.9432756899832319","-0.9432756899832319","-1.4035887570897019","-1.4035887570897019","-1.4035887570897019","-1.2561090089131026","-1.2561090089131026","-1.2561090089131026","-1.3191905866310483","-1.3191905866310483","-1.3191905866310483","-1.6351003261714159","-1.6351003261714159","-1.6351003261714159","-2.077472210932172","-2.077472210932172","-2.077472210932172","-1.6226797665703523","-1.6226797665703523","-1.6226797665703523","-1.2667134082560216","-1.2667134082560216","-1.2667134082560216","-1.6558506728298454","-1.6558506728298454","-1.6558506728298454","-1.0779265371640574","-1.0779265371640574","-1.0779265371640574","-0.8853450830133595","-0.8853450830133595","-0.8853450830133595","-1.654296450349684","-1.654296450349684","-1.654296450349684"
"30000","-1.2202115929187414","-1.2202115929187414","-1.2202115929187414","-1.9079441225249383","-1.9079441225249383","-1.9079441225249383","-1.0208964641848577","-1.0208964641848577","-1.0208964641848577","-1.3892674420706124","-1.3892674420706124","-1.3892674420706124","-1.5513522466575753","-1.5513522466575753","-1.5513522466575753","-1.2420157166349566","-1.2420157166349566","-1.2420157166349566","-0.9540402397563973","-0.9540402397563973","-0.9540402397563973","-1.656104263151547","-1.656104263151547","-1.656104263151547","-0.8076656903629216","-0.8076656903629216","-0.8076656903629216","-1.3099201293933804","-1.3099201293933804","-1.3099201293933804","-1.219038571978114","-1.219038571978114","-1.219038571978114","-1.6135754928303","-1.6135754928303","-1.6135754928303","-1.5979024291840058","-1.5979024291840058","-1.5979024291840058","-1.7064156601991087","-1.7064156601991087","-1.7064156601991087","-1.5859472695241918","-1.5859472695241918","-1.5859472695241918","-1.890067683291727","-1.890067683291727","-1.890067683291727","-1.8389557660601064","-1.8389557660601064","-1.8389557660601064","-1.376888370655204","-1.376888370655204","-1.376888370655204","-0.776549087663904","-0.776549087663904","-0.776549087663904","-1.5596923124100426","-1.5596923124100426","-1.5596923124100426"
"30500","-1.6506307428319804","-1.6506307428319804","-1.6506307428319804","-0.9814257383858745","-0.9814257383858745","-0.9814257383858745","-1.0489499275547","-1.0489499275547","-1.0489499275547","-1.1967880538660405","-1.1967880538660405","-1.1967880538660405","-1.3211482383974167","-1.3211482383974167","-1.3211482383974167","-1.1210081686417759","-1.1210081686417759","-1.1210081686417759","-1.4842388614602402","-1.4842388614602402","-1.4842388614602402","-1.7352136003004641","-1.7352136003004641","-1.7352136003004641","-1.0683005584663994","-1.0683005584663994","-1.0683005584663994","-1.1819557979727473","-1.1819557979727473","-1.1819557979727473","-1.2685095461377787","-1.2685095461377787","-1.2685095461377787","-1.8769548386423587","-1.8769548386423587","-1.8769548386423587","-1.6079105501112347","-1.6079105501112347","-1.6079105501112347","-1.2157169319301633","-1.2157169319301633","-1.2157169319301633","-1.6595163428609445","-1.6595163428609445","-1.6595163428609445","-1.8595668259874891","-1.8595668259874891","-1.8595668259874891","-1.5297688488421364","-1.5297688488421364","-1.5297688488421364","-1.3995922029654424","-1.3995922029654424","-1.3995922029654424","-0.8764187869409182","-0.8764187869409182","-0.8764187869409182","-1.8268427297363452","-1.8268427297363452","-1.8268427297363452"
"31000","-1.0793367187659335","-1.0793367187659335","-1.0793367187659335","-1.216415456501767","-1.216415456501767","-1.216415456501767","-1.1453446939928493","-1.1453446939928493","-1.1453446939928493","-1.1572566743651822","-1.1572566743651822","-1.1572566743651822","-1.482826537668599","-1.482826537668599","-1.482826537668599","-1.4172637794940521","-1.4172637794940521","-1.4172637794940521","-0.9931201054198224","-0.9931201054198224","-0.9931201054198224","-1.5090655713969772","-1.5090655713969772","-1.5090655713969772","-1.1489845718594824","-1.1489845718594824","-1.1489845718594824","-1.470582840027942","-1.470582840027942","-1.470582840027942","-1.6294189036302167","-1.6294189036302167","-1.6294189036302167","-1.4736236103234535","-1.4736236103234535","-1.4736236103234535","-1.2081769022638376","-1.2081769022638376","-1.2081769022638376","-1.59182986249388","-1.59182986249388","-1.59182986249388","-1.2419711902830468","-1.2419711902830468","-1.2419711902830468","-1.6367955460715933","-1.6367955460715933","-1.6367955460715933","-1.6564644416965681","-1.6564644416965681","-1.6564644416965681","-1.1320956873226318","-1.1320956873226318","-1.1320956873226318","-0.7692802042831881","-0.7692802042831881","-0.7692802042831881","-1.3373961933644374","-1.3373961933644374","-1.3373961933644374"
"31500","-1.6209798581770751","-1.6209798581770751","-1.6209798581770751","-1.3690789567361148","-1.3690789567361148","-1.3690789567361148","-1.5773824326212835","-1.5773824326212835","-1.5773824326212835","-1.3483756856501619","-1.3483756856501619","-1.3483756856501619","-1.2800003846397234","-1.2800003846397234","-1.2800003846397234","-1.6202338949522854","-1.6202338949522854","-1.6202338949522854","-1.007186005873327","-1.007186005873327","-1.007186005873327","-1.7832903266745812","-1.7832903266745812","-1.7832903266745812","-1.312004210228678","-1.312004210228678","-1.312004210228678","-1.2060762379954872","-1.2060762379954872","-1.2060762379954872","-1.0609298310311757","-1.0609298310311757","-1.0609298310311757","-2.3897500551618913","-2.3897500551618913","-2.3897500551618913","-1.1550711114883034","-1.1550711114883034","-1.1550711114883034","-1.5092451784075112","-1.5092451784075112","-1.5092451784075112","-1.3145556936827547","-1.3145556936827547","-1.3145556936827547","-1.2301495786249972","-1.2301495786249972","-1.2301495786249972","-1.6498080143096154","-1.6498080143096154","-1.6498080143096154","-0.8079921106347054","-0.8079921106347054","-0.8079921106347054","-0.7240165397095077","-0.7240165397095077","-0.7240165397095077","-1.5162820449994316","-1.5162820449994316","-1.5162820449994316"
"32000","-1.4452231496041719","-1.4452231496041719","-1.4452231496041719","-1.0808586994049167","-1.0808586994049167","-1.0808586994049167","-1.1346859820821282","-1.1346859820821282","-1.1346859820821282","-1.4477627435117635","-1.4477627435117635","-1.4477627435117635","-1.3582716293824935","-1.3582716293824935","-1.3582716293824935","-1.4086418808121004","-1.4086418808121004","-1.4086418808121004","-0.9409812117590459","-0.9409812117590459","-0.9409812117590459","-1.3625842076005594","-1.3625842076005594","-1.3625842076005594","-1.0626627203675312","-1.0626627203675312","-1.0626627203675312","-1.269989141215626","-1.269989141215626","-1.269989141215626","-1.3396014523626838","-1.3396014523626838","-1.3396014523626838","-1.5396438615659283","-1.5396438615659283","-1.5396438615659283","-1.687984248756268","-1.687984248756268","-1.687984248756268","-1.7790557211636582","-1.7790557211636582","-1.7790557211636582","-1.8409874305604403","-1.8409874305604403","-1.8409874305604403","-1.3765715243931815","-1.3765715243931815","-1.3765715243931815","-1.4314237790058046","-1.4314237790058046","-1.4314237790058046","-0.9682485769201733","-0.9682485769201733","-0.9682485769201733","-0.6321153084109723","-0.6321153084109723","-0.6321153084109723","-1.652597308761503","-1.652597308761503","-1.652597308761503"
"32500","-1.5435389433861695","-1.5435389433861695","-1.5435389433861695","-0.8691587004684266","-0.8691587004684266","-0.8691587004684266","-1.122352274527122","-1.122352274527122","-1.122352274527122","-1.2877116472238854","-1.2877116472238854","-1.2877116472238854","-1.529819510758191","-1.529819510758191","-1.529819510758191","-1.7799827890384035","-1.7799827890384035","-1.7799827890384035","-1.0845944446372537","-1.0845944446372537","-1.0845944446372537","-1.4150514291239968","-1.4150514291239968","-1.4150514291239968","-1.5042311667758241","-1.5042311667758241","-1.5042311667758241","-1.425301381012745","-1.425301381012745","-1.425301381012745","-1.2360252912395973","-1.2360252912395973","-1.2360252912395973","-1.3807789616911754","-1.3807789616911754","-1.3807789616911754","-1.4209692547759023","-1.4209692547759023","-1.4209692547759023","-1.477622984630608","-1.477622984630608","-1.477622984630608","-1.7878454203351866","-1.7878454203351866","-1.7878454203351866","-1.5057706324674391","-1.5057706324674391","-1.5057706324674391","-1.0349423919247303","-1.0349423919247303","-1.0349423919247303","-1.1831061465008534","-1.1831061465008534","-1.1831061465008534","-0.860249424414284","-0.860249424414284","-0.860249424414284","-1.8897206613858608","-1.8897206613858608","-1.8897206613858608"
"33000","-1.4602441762796592","-1.4602441762796592","-1.4602441762796592","-1.0917312316933583","-1.0917312316933583","-1.0917312316933583","-1.6316762154097266","-1.6316762154097266","-1.6316762154097266","-1.1871846135378321","-1.1871846135378321","-1.1871846135378321","-1.7368250330872133","-1.7368250330872133","-1.7368250330872133","-1.4867807076321333","-1.4867807076321333","-1.4867807076321333","-1.1005991124959755","-1.1005991124959755","-1.1005991124959755","-1.4393282362911992","-1.4393282362911992","-1.4393282362911992","-1.3700936872898912","-1.3700936872898912","-1.3700936872898912","-1.1408601051077012","-1.1408601051077012","-1.1408601051077012","-1.284999104949017","-1.284999104949017","-1.284999104949017","-1.5537776335680165","-1.5537776335680165","-1.5537776335680165","-1.7910969176802314","-1.7910969176802314","-1.7910969176802314","-1.1684637161013554","-1.1684637161013554","-1.1684637161013554","-1.3047441166825648","-1.3047441166825648","-1.3047441166825648","-1.6435895864003178","-1.6435895864003178","-1.6435895864003178","-2.3354633846322486","-2.3354633846322486","-2.3354633846322486","-1.0737343917232574","-1.0737343917232574","-1.0737343917232574","-0.8054083002135062","-0.8054083002135062","-0.8054083002135062","-1.177971430636902","-1.177971430636902","-1.177971430636902"
"33500","-2.0456525570936464","-2.0456525570936464","-2.0456525570936464","-1.1332917815105987","-1.1332917815105987","-1.1332917815105987","-0.9756518198177659","-0.9756518198177659","-0.9756518198177659","-1.1620804812321162","-1.1620804812321162","-1.1620804812321162","-1.750969389054383","-1.750969389054383","-1.750969389054383","-1.7414690968728153","-1.7414690968728153","-1.7414690968728153","-1.0786507214859378","-1.0786507214859378","-1.0786507214859378","-1.3805718622632643","-1.3805718622632643","-1.3805718622632643","-1.2277579233368676","-1.2277579233368676","-1.2277579233368676","-1.3692201240882167","-1.3692201240882167","-1.3692201240882167","-1.7044505933534768","-1.7044505933534768","-1.7044505933534768","-1.4913007187172276","-1.4913007187172276","-1.4913007187172276","-1.6183633952373977","-1.6183633952373977","-1.6183633952373977","-1.113924366522283","-1.113924366522283","-1.113924366522283","-1.718800321503452","-1.718800321503452","-1.718800321503452","-1.223507314494969","-1.223507314494969","-1.223507314494969","-1.3997803442018388","-1.3997803442018388","-1.3997803442018388","-1.1246679053371138","-1.1246679053371138","-1.1246679053371138","-1.0186492247985397","-1.0186492247985397","-1.0186492247985397","-1.4885750990140365","-1.4885750990140365","-1.4885750990140365"
"34000","-1.8963504712089325","-1.8963504712089325","-1.8963504712089325","-1.1296415127063337","-1.1296415127063337","-1.1296415127063337","-1.4866530413228884","-1.4866530413228884","-1.4866530413228884","-0.9083128058630345","-0.9083128058630345","-0.9083128058630345","-1.330184027812395","-1.330184027812395","-1.330184027812395","-1.5558265886902536","-1.5558265886902536","-1.5558265886902536","-1.2509784049892942","-1.2509784049892942","-1.2509784049892942","-1.4169625141124076","-1.4169625141124076","-1.4169625141124076","-1.301134828613203","-1.301134828613203","-1.301134828613203","-1.2927970764085515","-1.2927970764085515","-1.2927970764085515","-1.3881925385549945","-1.3881925385549945","-1.3881925385549945","-1.2351256484050523","-1.2351256484050523","-1.2351256484050523","-1.6866626093443906","-1.6866626093443906","-1.6866626093443906","-1.4411950561263582","-1.4411950561263582","-1.4411950561263582","-1.1658761707714362","-1.1658761707714362","-1.1658761707714362","-1.6991624561750798","-1.6991624561750798","-1.6991624561750798","-1.2613801839974674","-1.2613801839974674","-1.2613801839974674","-1.156036138493636","-1.156036138493636","-1.156036138493636","-0.9699824877230914","-0.9699824877230914","-0.9699824877230914","-1.4865839344518565","-1.4865839344518565","-1.4865839344518565"
"34500","-2.013895670020522","-2.013895670020522","-2.013895670020522","-1.0716714135094496","-1.0716714135094496","-1.0716714135094496","-1.3884109174838106","-1.3884109174838106","-1.3884109174838106","-1.4323803907385992","-1.4323803907385992","-1.4323803907385992","-1.0789221546218537","-1.0789221546218537","-1.0789221546218537","-1.2625180479037894","-1.2625180479037894","-1.2625180479037894","-1.5762853061251285","-1.5762853061251285","-1.5762853061251285","-1.1973978497568472","-1.1973978497568472","-1.1973978497568472","-0.8021486764939165","-0.8021486764939165","-0.8021486764939165","-1.0075588408735254","-1.0075588408735254","-1.0075588408735254","-1.1935143503486882","-1.1935143503486882","-1.1935143503486882","-1.5523813191381173","-1.5523813191381173","-1.5523813191381173","-1.4049296718504471","-1.4049296718504471","-1.4049296718504471","-1.6638024262217503","-1.6638024262217503","-1.6638024262217503","-1.235727967165975","-1.235727967165975","-1.235727967165975","-1.1458207088503107","-1.1458207088503107","-1.1458207088503107","-1.7528981981790808","-1.7528981981790808","-1.7528981981790808","-0.9191204744812748","-0.9191204744812748","-0.9191204744812748","-0.8524119586443508","-0.8524119586443508","-0.8524119586443508","-2.086964419566443","-2.086964419566443","-2.086964419566443"
"35000","-1.9096379874731901","-1.9096379874731901","-1.9096379874731901","-0.8428849738070484","-0.8428849738070484","-0.8428849738070484","-1.2549744507713454","-1.2549744507713454","-1.2549744507713454","-1.0737202988368593","-1.0737202988368593","-1.0737202988368593","-1.1606771468300865","-1.1606771468300865","-1.1606771468300865","-1.5444431273728818","-1.5444431273728818","-1.5444431273728818","-1.2378682359901927","-1.2378682359901927","-1.2378682359901927","-1.33243922555611","-1.33243922555611","-1.33243922555611","-0.8393690277722318","-0.8393690277722318","-0.8393690277722318","-1.2707502818742031","-1.2707502818742031","-1.2707502818742031","-1.2621045785741045","-1.2621045785741045","-1.2621045785741045","-1.048967351835632","-1.048967351835632","-1.048967351835632","-1.118547122093954","-1.118547122093954","-1.118547122093954","-1.9502001016782433","-1.9502001016782433","-1.9502001016782433","-1.2774729350510998","-1.2774729350510998","-1.2774729350510998","-1.078671755343401","-1.078671755343401","-1.078671755343401","-1.6720225228204562","-1.6720225228204562","-1.6720225228204562","-0.7797718714526924","-0.7797718714526924","-0.7797718714526924","-1.3219419359938194","-1.3219419359938194","-1.3219419359938194","-1.3259173021352069","-1.3259173021352069","-1.3259173021352069"
"35500","-1.841784278823571","-1.841784278823571","-1.841784278823571","-1.0153660515101215","-1.0153660515101215","-1.0153660515101215","-1.293516613320476","-1.293516613320476","-1.293516613320476","-1.3844301275846604","-1.3844301275846604","-1.3844301275846604","-1.4043056194717216","-1.4043056194717216","-1.4043056194717216","-1.075988337551891","-1.075988337551891","-1.075988337551891","-1.1642623350629102","-1.1642623350629102","-1.1642623350629102","-0.9796588077308591","-0.9796588077308591","-0.9796588077308591","-0.8854241701235775","-0.8854241701235775","-0.8854241701235775","-0.905516605695114","-0.905516605695114","-0.905516605695114","-1.0580485929591212","-1.0580485929591212","-1.0580485929591212","-1.1196649117285213","-1.1196649117285213","-1.1196649117285213","-1.0424284366168954","-1.0424284366168954","-1.0424284366168954","-1.0450503334135355","-1.0450503334135355","-1.0450503334135355","-1.6245672567915572","-1.6245672567915572","-1.6245672567915572","-1.189007297153854","-1.189007297153854","-1.189007297153854","-1.2307557680751553","-1.2307557680751553","-1.2307557680751553","-0.8271462155416968","-0.8271462155416968","-0.8271462155416968","-0.8058374783413835","-0.8058374783413835","-0.8058374783413835","-1.3078364763552337","-1.3078364763552337","-1.3078364763552337"
"36000","-1.769414211237963","-1.769414211237963","-1.769414211237963","-0.8905751724429176","-0.8905751724429176","-0.8905751724429176","-1.613825693602783","-1.613825693602783","-1.613825693602783","-1.0290296903274763","-1.0290296903274763","-1.0290296903274763","-1.1549793437523534","-1.1549793437523534","-1.1549793437523534","-1.1573397362288205","-1.1573397362288205","-1.1573397362288205","-1.0980206626103524","-1.0980206626103524","-1.0980206626103524","-1.0334454941630704","-1.0334454941630704","-1.0334454941630704","-0.9781859390965689","-0.9781859390965689","-0.9781859390965689","-1.0068007380310382","-1.0068007380310382","-1.0068007380310382","-1.2336758528366407","-1.2336758528366407","-1.2336758528366407","-1.239936484111374","-1.239936484111374","-1.239936484111374","-1.1869786912004696","-1.1869786912004696","-1.1869786912004696","-1.756218574944678","-1.756218574944678","-1.756218574944678","-1.533970236106934","-1.533970236106934","-1.533970236106934","-1.098190894815246","-1.098190894815246","-1.098190894815246","-1.0032339395831684","-1.0032339395831684","-1.0032339395831684","-0.9435561504808639","-0.9435561504808639","-0.9435561504808639","-1.3234561902830912","-1.3234561902830912","-1.3234561902830912","-1.4304060049768275","-1.4304060049768275","-1.4304060049768275"
"36500","-1.5616322472608843","-1.5616322472608843","-1.5616322472608843","-1.0968775628001652","-1.0968775628001652","-1.0968775628001652","-1.2228581203958182","-1.2228581203958182","-1.2228581203958182","-1.3173004266988388","-1.3173004266988388","-1.3173004266988388","-1.0470202240398607","-1.0470202240398607","-1.0470202240398607","-1.1897851925162932","-1.1897851925162932","-1.1897851925162932","-1.4244685349204407","-1.4244685349204407","-1.4244685349204407","-1.4315163971165437","-1.4315163971165437","-1.4315163971165437","-1.0658339980857212","-1.0658339980857212","-1.0658339980857212","-1.4307036598321263","-1.4307036598321263","-1.4307036598321263","-1.1559391043480658","-1.1559391043480658","-1.1559391043480658","-1.268502575534232","-1.268502575534232","-1.268502575534232","-1.2332185047491684","-1.2332185047491684","-1.2332185047491684","-1.5919655202934084","-1.5919655202934084","-1.5919655202934084","-1.287441819459762","-1.287441819459762","-1.287441819459762","-1.3555160564104363","-1.3555160564104363","-1.3555160564104363","-0.842995246485269","-0.842995246485269","-0.842995246485269","-1.0893539668453813","-1.0893539668453813","-1.0893539668453813","-1.0133095390576563","-1.0133095390576563","-1.0133095390576563","-1.1653440029733226","-1.1653440029733226","-1.1653440029733226"
"37000","-1.5075107723331516","-1.5075107723331516","-1.5075107723331516","-0.7622716269708598","-0.7622716269708598","-0.7622716269708598","-1.2115663808104624","-1.2115663808104624","-1.2115663808104624","-0.9435840608434167","-0.9435840608434167","-0.9435840608434167","-1.182282806575894","-1.182282806575894","-1.182282806575894","-1.2658722155983297","-1.2658722155983297","-1.2658722155983297","-2.641672391662176","-2.641672391662176","-2.641672391662176","-1.0371100835479239","-1.0371100835479239","-1.0371100835479239","-0.8977452563993614","-0.8977452563993614","-0.8977452563993614","-0.8387761219487302","-0.8387761219487302","-0.8387761219487302","-1.2040748377628485","-1.2040748377628485","-1.2040748377628485","-1.0870188846377145","-1.0870188846377145","-1.0870188846377145","-1.179013383951532","-1.179013383951532","-1.179013383951532","-1.2682929094603526","-1.2682929094603526","-1.2682929094603526","-1.3895178532904824","-1.3895178532904824","-1.3895178532904824","-1.196178769940476","-1.196178769940476","-1.196178769940476","-1.7314374076492176","-1.7314374076492176","-1.7314374076492176","-1.236765385469449","-1.236765385469449","-1.236765385469449","-0.8055344946961899","-0.8055344946961899","-0.8055344946961899","-1.314286247104712","-1.314286247104712","-1.314286247104712"
"37500","-1.4684329584492681","-1.4684329584492681","-1.4684329584492681","-0.7847503149392671","-0.7847503149392671","-0.7847503149392671","-1.2520357874105987","-1.2520357874105987","-1.2520357874105987","-1.4574689399049539","-1.4574689399049539","-1.4574689399049539","-1.248932543526665","-1.248932543526665","-1.248932543526665","-1.1102846678239588","-1.1102846678239588","-1.1102846678239588","-1.003645414899378","-1.003645414899378","-1.003645414899378","-1.0957866536145593","-1.0957866536145593","-1.0957866536145593","-0.6865104390267983","-0.6865104390267983","-0.6865104390267983","-1.0490334876830592","-1.0490334876830592","-1.0490334876830592","-1.288260303029357","-1.288260303029357","-1.288260303029357","-1.2005645209721598","-1.2005645209721598","-1.2005645209721598","-1.0996822127249941","-1.0996822127249941","-1.0996822127249941","-1.2768587191122966","-1.2768587191122966","-1.2768587191122966","-1.3588747226112392","-1.3588747226112392","-1.3588747226112392","-1.26503864657558","-1.26503864657558","-1.26503864657558","-1.0308030498378582","-1.0308030498378582","-1.0308030498378582","-0.784217122921579","-0.784217122921579","-0.784217122921579","-0.7779790927482606","-0.7779790927482606","-0.7779790927482606","-1.33075587319357","-1.33075587319357","-1.33075587319357"
"38000","-1.352432999831054","-1.352432999831054","-1.352432999831054","-0.8423317969641275","-0.8423317969641275","-0.8423317969641275","-1.0998795876714909","-1.0998795876714909","-1.0998795876714909","-1.5106815853010498","-1.5106815853010498","-1.5106815853010498","-1.5054972256529293","-1.5054972256529293","-1.5054972256529293","-1.1490552261747962","-1.1490552261747962","-1.1490552261747962","-1.1618591098959956","-1.1618591098959956","-1.1618591098959956","-1.2633502311977831","-1.2633502311977831","-1.2633502311977831","-0.6225127766217275","-0.6225127766217275","-0.6225127766217275","-1.05241421048388","-1.05241421048388","-1.05241421048388","-1.3903230927017955","-1.3903230927017955","-1.3903230927017955","-1.3622584938908893","-1.3622584938908893","-1.3622584938908893","-1.3187028337052944","-1.3187028337052944","-1.3187028337052944","-1.3960425685923719","-1.3960425685923719","-1.3960425685923719","-1.4242978103932358","-1.4242978103932358","-1.4242978103932358","-1.0179286692025482","-1.0179286692025482","-1.0179286692025482","-1.136993604612167","-1.136993604612167","-1.136993604612167","-0.6927156900351197","-0.6927156900351197","-0.6927156900351197","-0.9044862254169488","-0.9044862254169488","-0.9044862254169488","-1.489997503051753","-1.489997503051753","-1.489997503051753"
"38500","-1.1575553293456446","-1.1575553293456446","-1.1575553293456446","-0.9360183972866881","-0.9360183972866881","-0.9360183972866881","-1.0523765917516692","-1.0523765917516692","-1.0523765917516692","-1.0092755658401813","-1.0092755658401813","-1.0092755658401813","-1.0967335093794992","-1.0967335093794992","-1.0967335093794992","-1.836214911929373","-1.836214911929373","-1.836214911929373","-1.500258329030756","-1.500258329030756","-1.500258329030756","-0.9525812169160017","-0.9525812169160017","-0.9525812169160017","-0.7015824106074549","-0.7015824106074549","-0.7015824106074549","-1.6240258629221362","-1.6240258629221362","-1.6240258629221362","-1.2677753544248405","-1.2677753544248405","-1.2677753544248405","-1.2535179737010724","-1.2535179737010724","-1.2535179737010724","-1.0970531032001856","-1.0970531032001856","-1.0970531032001856","-1.158026463919397","-1.158026463919397","-1.158026463919397","-1.4345600472630973","-1.4345600472630973","-1.4345600472630973","-1.201131519649691","-1.201131519649691","-1.201131519649691","-1.0340055953981886","-1.0340055953981886","-1.0340055953981886","-0.6777430687285431","-0.6777430687285431","-0.6777430687285431","-0.9339203187323128","-0.9339203187323128","-0.9339203187323128","-1.716961234108424","-1.716961234108424","-1.716961234108424"
"39000","-1.4145726200414563","-1.4145726200414563","-1.4145726200414563","-1.2002755384640102","-1.2002755384640102","-1.2002755384640102","-1.2315056563275166","-1.2315056563275166","-1.2315056563275166","-1.0452145711487026","-1.0452145711487026","-1.0452145711487026","-1.5524585049615722","-1.5524585049615722","-1.5524585049615722","-1.1530324347057668","-1.1530324347057668","-1.1530324347057668","-1.2580839959082617","-1.2580839959082617","-1.2580839959082617","-0.9542519251579005","-0.9542519251579005","-0.9542519251579005","-0.8291035497699066","-0.8291035497699066","-0.8291035497699066","-1.3229349428725794","-1.3229349428725794","-1.3229349428725794","-1.4253057216578533","-1.4253057216578533","-1.4253057216578533","-1.2842593807228722","-1.2842593807228722","-1.2842593807228722","-1.4459747191108512","-1.4459747191108512","-1.4459747191108512","-1.728490508391569","-1.728490508391569","-1.728490508391569","-1.5813159291418084","-1.5813159291418084","-1.5813159291418084","-1.2907727807543616","-1.2907727807543616","-1.2907727807543616","-1.2646827695915568","-1.2646827695915568","-1.2646827695915568","-0.6703470857655469","-0.6703470857655469","-0.6703470857655469","-0.895388542891703","-0.895388542891703","-0.895388542891703","-1.298064237876659","-1.298064237876659","-1.298064237876659"
"39500","-1.475573156442461","-1.475573156442461","-1.475573156442461","-0.8029275512030519","-0.8029275512030519","-0.8029275512030519","-1.4612786484101836","-1.4612786484101836","-1.4612786484101836","-1.226936793792048","-1.226936793792048","-1.226936793792048","-1.1337045532415007","-1.1337045532415007","-1.1337045532415007","-1.1454014154373966","-1.1454014154373966","-1.1454014154373966","-1.3428910746213198","-1.3428910746213198","-1.3428910746213198","-1.142080078064795","-1.142080078064795","-1.142080078064795","-0.7829118365519483","-0.7829118365519483","-0.7829118365519483","-1.0414079753314607","-1.0414079753314607","-1.0414079753314607","-1.2966859893974694","-1.2966859893974694","-1.2966859893974694","-1.440687294730724","-1.440687294730724","-1.440687294730724","-1.2201159863267776","-1.2201159863267776","-1.2201159863267776","-1.4587537601038654","-1.4587537601038654","-1.4587537601038654","-1.4556257281096507","-1.4556257281096507","-1.4556257281096507","-1.1928642184509908","-1.1928642184509908","-1.1928642184509908","-1.0700980140053207","-1.0700980140053207","-1.0700980140053207","-0.7752468300022792","-0.7752468300022792","-0.7752468300022792","-0.9402020903524708","-0.9402020903524708","-0.9402020903524708","-1.1492685946555254","-1.1492685946555254","-1.1492685946555254"
"40000","-1.1777869618243748","-1.1777869618243748","-1.1777869618243748","-0.8670877961948324","-0.8670877961948324","-0.8670877961948324","-1.3171511444532065","-1.3171511444532065","-1.3171511444532065","-0.9166798309196666","-0.9166798309196666","-0.9166798309196666","-1.1750109124427635","-1.1750109124427635","-1.1750109124427635","-1.1074176722666027","-1.1074176722666027","-1.1074176722666027","-0.9140748745610011","-0.9140748745610011","-0.9140748745610011","-1.0779464417863396","-1.0779464417863396","-1.0779464417863396","-0.8509389847726139","-0.8509389847726139","-0.8509389847726139","-1.0684671999826374","-1.0684671999826374","-1.0684671999826374","-1.4235619370512764","-1.4235619370512764","-1.4235619370512764","-1.3546528418559907","-1.3546528418559907","-1.3546528418559907","-1.2728903837232883","-1.2728903837232883","-1.2728903837232883","-1.5120810819423538","-1.5120810819423538","-1.5120810819423538","-1.3080467044266846","-1.3080467044266846","-1.3080467044266846","-1.0053073947729225","-1.0053073947729225","-1.0053073947729225","-0.91857856788584","-0.91857856788584","-0.91857856788584","-0.6725278837542099","-0.6725278837542099","-0.6725278837542099","-0.8363436306080297","-0.8363436306080297","-0.8363436306080297","-1.225587377338751","-1.225587377338751","-1.225587377338751"
"40500","-1.2835901637432432","-1.2835901637432432","-1.2835901637432432","-0.9312890098728162","-0.9312890098728162","-0.9312890098728162","-1.041425573293642","-1.041425573293642","-1.041425573293642","-1.0567984482203507","-1.0567984482203507","-1.0567984482203507","-1.422243363069931","-1.422243363069931","-1.422243363069931","-1.0565262270336682","-1.0565262270336682","-1.0565262270336682","-1.0943827333169254","-1.0943827333169254","-1.0943827333169254","-1.2211883249014788","-1.2211883249014788","-1.2211883249014788","-0.7899332903751676","-0.7899332903751676","-0.7899332903751676","-1.2251594786067694","-1.2251594786067694","-1.2251594786067694","-1.436711022718212","-1.436711022718212","-1.436711022718212","-1.1623590315373025","-1.1623590315373025","-1.1623590315373025","-1.663571806241104","-1.663571806241104","-1.663571806241104","-1.6391522747431106","-1.6391522747431106","-1.6391522747431106","-1.301268053274219","-1.301268053274219","-1.301268053274219","-1.315153902253173","-1.315153902253173","-1.315153902253173","-1.2449167810278685","-1.2449167810278685","-1.2449167810278685","-0.7724686596379617","-0.7724686596379617","-0.7724686596379617","-0.8140204968625451","-0.8140204968625451","-0.8140204968625451","-1.126305472165931","-1.126305472165931","-1.126305472165931"
"41000","-1.144381491667167","-1.144381491667167","-1.144381491667167","-1.084073954879274","-1.084073954879274","-1.084073954879274","-1.282906432713249","-1.282906432713249","-1.282906432713249","-1.3507097700388404","-1.3507097700388404","-1.3507097700388404","-1.3066776762667567","-1.3066776762667567","-1.3066776762667567","-0.9843490300498254","-0.9843490300498254","-0.9843490300498254","-1.0026393231384851","-1.0026393231384851","-1.0026393231384851","-1.1649066762613018","-1.1649066762613018","-1.1649066762613018","-0.856582149412646","-0.856582149412646","-0.856582149412646","-1.2218464342184951","-1.2218464342184951","-1.2218464342184951","-1.513208941153526","-1.513208941153526","-1.513208941153526","-1.0800831032778695","-1.0800831032778695","-1.0800831032778695","-1.258433062325405","-1.258433062325405","-1.258433062325405","-1.6284726448791944","-1.6284726448791944","-1.6284726448791944","-1.381246914126536","-1.381246914126536","-1.381246914126536","-1.0628097158296024","-1.0628097158296024","-1.0628097158296024","-1.113927792706502","-1.113927792706502","-1.113927792706502","-0.9720871259095732","-0.9720871259095732","-0.9720871259095732","-1.118963287531509","-1.118963287531509","-1.118963287531509","-1.23738672876863","-1.23738672876863","-1.23738672876863"
"41500","-1.2657064772207913","-1.2657064772207913","-1.2657064772207913","-0.8603218328989983","-0.8603218328989983","-0.8603218328989983","-1.246541918938527","-1.246541918938527","-1.246541918938527","-1.0849000929115862","-1.0849000929115862","-1.0849000929115862","-1.1569069547177575","-1.1569069547177575","-1.1569069547177575","-1.0173773808555862","-1.0173773808555862","-1.0173773808555862","-1.0693676395407314","-1.0693676395407314","-1.0693676395407314","-1.2775690823291688","-1.2775690823291688","-1.2775690823291688","-0.8731870257736528","-0.8731870257736528","-0.8731870257736528","-1.420416426573833","-1.420416426573833","-1.420416426573833","-1.1651477842520346","-1.1651477842520346","-1.1651477842520346","-1.0942449667618737","-1.0942449667618737","-1.0942449667618737","-1.5022188251560713","-1.5022188251560713","-1.5022188251560713","-1.5288562920602513","-1.5288562920602513","-1.5288562920602513","-1.2889643971930156","-1.2889643971930156","-1.2889643971930156","-1.210201791026548","-1.210201791026548","-1.210201791026548","-0.8536407863881088","-0.8536407863881088","-0.8536407863881088","-0.7553796785699133","-0.7553796785699133","-0.7553796785699133","-0.876178951079386","-0.876178951079386","-0.876178951079386","-1.3787133256666457","-1.3787133256666457","-1.3787133256666457"
"42000","-1.2409471428694374","-1.2409471428694374","-1.2409471428694374","-1.3726476136683474","-1.3726476136683474","-1.3726476136683474","-1.2096392769014186","-1.2096392769014186","-1.2096392769014186","-0.9844799971276004","-0.9844799971276004","-0.9844799971276004","-1.2090306109814761","-1.2090306109814761","-1.2090306109814761","-1.0015300665904736","-1.0015300665904736","-1.0015300665904736","-1.4636865649674342","-1.4636865649674342","-1.4636865649674342","-1.134007728821635","-1.134007728821635","-1.134007728821635","-0.7814693014234855","-0.7814693014234855","-0.7814693014234855","-1.083199241923967","-1.083199241923967","-1.083199241923967","-1.1571791552873925","-1.1571791552873925","-1.1571791552873925","-1.08744509544618","-1.08744509544618","-1.08744509544618","-1.252785621027273","-1.252785621027273","-1.252785621027273","-1.4515893872716903","-1.4515893872716903","-1.4515893872716903","-1.159858416064196","-1.159858416064196","-1.159858416064196","-1.0742087824181925","-1.0742087824181925","-1.0742087824181925","-1.4951094904856208","-1.4951094904856208","-1.4951094904856208","-0.7309506855822112","-0.7309506855822112","-0.7309506855822112","-0.7693270458402519","-0.7693270458402519","-0.7693270458402519","-1.4954347656402134","-1.4954347656402134","-1.4954347656402134"
"42500","-1.249571221649815","-1.249571221649815","-1.249571221649815","-1.0916161005514715","-1.0916161005514715","-1.0916161005514715","-1.0949173638711815","-1.0949173638711815","-1.0949173638711815","-1.1247269580688917","-1.1247269580688917","-1.1247269580688917","-1.1975835371041859","-1.1975835371041859","-1.1975835371041859","-0.9906154046465719","-0.9906154046465719","-0.9906154046465719","-1.4662556674363483","-1.4662556674363483","-1.4662556674363483","-1.1636885503809515","-1.1636885503809515","-1.1636885503809515","-0.7573764476588678","-0.7573764476588678","-0.7573764476588678","-1.5199947790939998","-1.5199947790939998","-1.5199947790939998","-1.1166655056950276","-1.1166655056950276","-1.1166655056950276","-1.0818880792214753","-1.0818880792214753","-1.0818880792214753","-1.2864457021267446","-1.2864457021267446","-1.2864457021267446","-1.5964679917745153","-1.5964679917745153","-1.5964679917745153","-1.3403307647674683","-1.3403307647674683","-1.3403307647674683","-1.1088405084118176","-1.1088405084118176","-1.1088405084118176","-1.069357354758528","-1.069357354758528","-1.069357354758528","-0.7164341240734338","-0.7164341240734338","-0.7164341240734338","-0.6828743821298643","-0.6828743821298643","-0.6828743821298643","-1.374598131876627","-1.374598131876627","-1.374598131876627"
"43000","-1.2552435365212493","-1.2552435365212493","-1.2552435365212493","-0.9074339685716651","-0.9074339685716651","-0.9074339685716651","-1.1421610820210912","-1.1421610820210912","-1.1421610820210912","-1.0683116165242965","-1.0683116165242965","-1.0683116165242965","-1.2609776185754271","-1.2609776185754271","-1.2609776185754271","-1.5036231537199654","-1.5036231537199654","-1.5036231537199654","-1.1363039692353605","-1.1363039692353605","-1.1363039692353605","-1.0652788847586594","-1.0652788847586594","-1.0652788847586594","-0.6696114925847887","-0.6696114925847887","-0.6696114925847887","-1.33924540513029","-1.33924540513029","-1.33924540513029","-1.1135562917982609","-1.1135562917982609","-1.1135562917982609","-1.254022829849537","-1.254022829849537","-1.254022829849537","-1.3730039405411698","-1.3730039405411698","-1.3730039405411698","-1.9253034405296592","-1.9253034405296592","-1.9253034405296592","-1.1711064745614874","-1.1711064745614874","-1.1711064745614874","-1.0907494478014672","-1.0907494478014672","-1.0907494478014672","-1.0177269508365705","-1.0177269508365705","-1.0177269508365705","-0.7529746409775304","-0.7529746409775304","-0.7529746409775304","-0.937378801209837","-0.937378801209837","-0.937378801209837","-1.3218116910314834","-1.3218116910314834","-1.3218116910314834"
"43500","-1.3803603958774886","-1.3803603958774886","-1.3803603958774886","-1.061247644220059","-1.061247644220059","-1.061247644220059","-1.0841443909558341","-1.0841443909558341","-1.0841443909558341","-1.0534014638643014","-1.0534014638643014","-1.0534014638643014","-1.2750783259233818","-1.2750783259233818","-1.2750783259233818","-1.0820577281226391","-1.0820577281226391","-1.0820577281226391","-1.5167245162293082","-1.5167245162293082","-1.5167245162293082","-1.136517798808686","-1.136517798808686","-1.136517798808686","-0.8801736935200282","-0.8801736935200282","-0.8801736935200282","-0.972938753504344","-0.972938753504344","-0.972938753504344","-0.9509074099661344","-0.9509074099661344","-0.9509074099661344","-1.2699295659080447","-1.2699295659080447","-1.2699295659080447","-1.3185534545243542","-1.3185534545243542","-1.3185534545243542","-1.5063212321206487","-1.5063212321206487","-1.5063212321206487","-1.2149202542459734","-1.2149202542459734","-1.2149202542459734","-1.1109433010744911","-1.1109433010744911","-1.1109433010744911","-1.2116345814930827","-1.2116345814930827","-1.2116345814930827","-0.6928470158372768","-0.6928470158372768","-0.6928470158372768","-0.9880321438808393","-0.9880321438808393","-0.9880321438808393","-1.3906056656249954","-1.3906056656249954","-1.3906056656249954"
"44000","-1.2123493100611031","-1.2123493100611031","-1.2123493100611031","-0.9559935302687883","-0.9559935302687883","-0.9559935302687883","-1.1814709350971122","-1.1814709350971122","-1.1814709350971122","-0.9458362114487372","-0.9458362114487372","-0.9458362114487372","-1.1680902991570508","-1.1680902991570508","-1.1680902991570508","-1.5893209214991817","-1.5893209214991817","-1.5893209214991817","-0.9760003938356379","-0.9760003938356379","-0.9760003938356379","-1.0605317787488064","-1.0605317787488064","-1.0605317787488064","-0.6530378785390495","-0.6530378785390495","-0.6530378785390495","-1.0987920540217737","-1.0987920540217737","-1.0987920540217737","-0.9505150699775775","-0.9505150699775775","-0.9505150699775775","-1.1437081175836057","-1.1437081175836057","-1.1437081175836057","-1.4600780205912351","-1.4600780205912351","-1.4600780205912351","-1.471591167998716","-1.471591167998716","-1.471591167998716","-1.1203235993291483","-1.1203235993291483","-1.1203235993291483","-1.0414215041045085","-1.0414215041045085","-1.0414215041045085","-1.1558523238900718","-1.1558523238900718","-1.1558523238900718","-0.718492024450615","-0.718492024450615","-0.718492024450615","-1.047819708865265","-1.047819708865265","-1.047819708865265","-1.5321393533222596","-1.5321393533222596","-1.5321393533222596"
"44500","-1.2598249193196789","-1.2598249193196789","-1.2598249193196789","-0.9106122555073191","-0.9106122555073191","-0.9106122555073191","-1.234304268447189","-1.234304268447189","-1.234304268447189","-1.0308271044728545","-1.0308271044728545","-1.0308271044728545","-1.1217180633381088","-1.1217180633381088","-1.1217180633381088","-1.2894295912432747","-1.2894295912432747","-1.2894295912432747","-1.1021037351452216","-1.1021037351452216","-1.1021037351452216","-1.1132591094236104","-1.1132591094236104","-1.1132591094236104","-0.7428803820439636","-0.7428803820439636","-0.7428803820439636","-1.3740286286180792","-1.3740286286180792","-1.3740286286180792","-0.9511950075823842","-0.9511950075823842","-0.9511950075823842","-1.1009681351437732","-1.1009681351437732","-1.1009681351437732","-1.4383302763848123","-1.4383302763848123","-1.4383302763848123","-1.4775727658840776","-1.4775727658840776","-1.4775727658840776","-1.1041881761041272","-1.1041881761041272","-1.1041881761041272","-1.1001924131089411","-1.1001924131089411","-1.1001924131089411","-1.0435495812594953","-1.0435495812594953","-1.0435495812594953","-0.9228000602978073","-0.9228000602978073","-0.9228000602978073","-0.8479981091963792","-0.8479981091963792","-0.8479981091963792","-1.4776251156867062","-1.4776251156867062","-1.4776251156867062"
"45000","-1.407111089806883","-1.407111089806883","-1.407111089806883","-1.0218843393626627","-1.0218843393626627","-1.0218843393626627","-1.357051071552234","-1.357051071552234","-1.357051071552234","-0.8798385982815315","-0.8798385982815315","-0.8798385982815315","-1.2567670505551278","-1.2567670505551278","-1.2567670505551278","-1.1989575807608261","-1.1989575807608261","-1.1989575807608261","-1.00106015457017","-1.00106015457017","-1.00106015457017","-1.126161032241074","-1.126161032241074","-1.126161032241074","-0.6208886387665017","-0.6208886387665017","-0.6208886387665017","-0.8634829880307006","-0.8634829880307006","-0.8634829880307006","-0.8882645916883843","-0.8882645916883843","-0.8882645916883843","-1.0516384931282476","-1.0516384931282476","-1.0516384931282476","-1.171630895214139","-1.171630895214139","-1.171630895214139","-1.5317494646416665","-1.5317494646416665","-1.5317494646416665","-1.0444850645268298","-1.0444850645268298","-1.0444850645268298","-1.098203425947508","-1.098203425947508","-1.098203425947508","-1.1796034545561653","-1.1796034545561653","-1.1796034545561653","-0.89244292502869","-0.89244292502869","-0.89244292502869","-0.822354585913143","-0.822354585913143","-0.822354585913143","-1.3253398052898744","-1.3253398052898744","-1.3253398052898744"
"45500","-1.3186814782359655","-1.3186814782359655","-1.3186814782359655","-0.9712469147574538","-0.9712469147574538","-0.9712469147574538","-1.1723011337696279","-1.1723011337696279","-1.1723011337696279","-0.9652709328707791","-0.9652709328707791","-0.9652709328707791","-1.1310348546308524","-1.1310348546308524","-1.1310348546308524","-1.4516757852053277","-1.4516757852053277","-1.4516757852053277","-1.1008157844273232","-1.1008157844273232","-1.1008157844273232","-1.105683415827738","-1.105683415827738","-1.105683415827738","-0.67779212594457","-0.67779212594457","-0.67779212594457","-1.0618705855601562","-1.0618705855601562","-1.0618705855601562","-0.8927190107900584","-0.8927190107900584","-0.8927190107900584","-1.1966931889589325","-1.1966931889589325","-1.1966931889589325","-1.6114991877498959","-1.6114991877498959","-1.6114991877498959","-1.4823468080236186","-1.4823468080236186","-1.4823468080236186","-0.9968782464057473","-0.9968782464057473","-0.9968782464057473","-1.0999929323359516","-1.0999929323359516","-1.0999929323359516","-1.0654315982513516","-1.0654315982513516","-1.0654315982513516","-0.7403370870894536","-0.7403370870894536","-0.7403370870894536","-1.0360605679355652","-1.0360605679355652","-1.0360605679355652","-1.3132197194653097","-1.3132197194653097","-1.3132197194653097"
"46000","-1.5870225660452557","-1.5870225660452557","-1.5870225660452557","-1.1419069064499925","-1.1419069064499925","-1.1419069064499925","-1.2042188165351537","-1.2042188165351537","-1.2042188165351537","-1.0513503110757598","-1.0513503110757598","-1.0513503110757598","-1.1751372101808175","-1.1751372101808175","-1.1751372101808175","-1.8815270133790214","-1.8815270133790214","-1.8815270133790214","-0.9864610700060427","-0.9864610700060427","-0.9864610700060427","-1.3978742099161008","-1.3978742099161008","-1.3978742099161008","-0.6681442631328457","-0.6681442631328457","-0.6681442631328457","-1.0664293491625294","-1.0664293491625294","-1.0664293491625294","-0.8193450987442346","-0.8193450987442346","-0.8193450987442346","-1.0569907134489","-1.0569907134489","-1.0569907134489","-1.2885444341091012","-1.2885444341091012","-1.2885444341091012","-1.3012138944465765","-1.3012138944465765","-1.3012138944465765","-1.0790390428497798","-1.0790390428497798","-1.0790390428497798","-0.9938975595959473","-0.9938975595959473","-0.9938975595959473","-1.1107696370052427","-1.1107696370052427","-1.1107696370052427","-0.7799389156487158","-0.7799389156487158","-0.7799389156487158","-0.7652308331935969","-0.7652308331935969","-0.7652308331935969","-1.3240509645150442","-1.3240509645150442","-1.3240509645150442"
"46500","-1.1212548997170095","-1.1212548997170095","-1.1212548997170095","-0.7904429285953964","-0.7904429285953964","-0.7904429285953964","-1.2625441557080077","-1.2625441557080077","-1.2625441557080077","-1.1114643725507762","-1.1114643725507762","-1.1114643725507762","-1.2405865937065836","-1.2405865937065836","-1.2405865937065836","-1.3971185327666125","-1.3971185327666125","-1.3971185327666125","-1.1868439136904996","-1.1868439136904996","-1.1868439136904996","-1.102556676436127","-1.102556676436127","-1.102556676436127","-0.7442041808713002","-0.7442041808713002","-0.7442041808713002","-0.9408495969064727","-0.9408495969064727","-0.9408495969064727","-0.9246148803135732","-0.9246148803135732","-0.9246148803135732","-1.1269880109344539","-1.1269880109344539","-1.1269880109344539","-1.3970549939402706","-1.3970549939402706","-1.3970549939402706","-1.384745202781423","-1.384745202781423","-1.384745202781423","-1.2406980741446905","-1.2406980741446905","-1.2406980741446905","-1.001125994409615","-1.001125994409615","-1.001125994409615","-1.4586327614884942","-1.4586327614884942","-1.4586327614884942","-0.7186387497146627","-0.7186387497146627","-0.7186387497146627","-0.8771028895160045","-0.8771028895160045","-0.8771028895160045","-1.5313343877374843","-1.5313343877374843","-1.5313343877374843"
"47000","-1.2445281538011164","-1.2445281538011164","-1.2445281538011164","-0.7050198979295056","-0.7050198979295056","-0.7050198979295056","-1.1456627162948012","-1.1456627162948012","-1.1456627162948012","-0.9311035001850355","-0.9311035001850355","-0.9311035001850355","-1.1872330611040451","-1.1872330611040451","-1.1872330611040451","-1.2377334663579027","-1.2377334663579027","-1.2377334663579027","-1.401968979886634","-1.401968979886634","-1.401968979886634","-1.086091375699072","-1.086091375699072","-1.086091375699072","-0.6348167265324782","-0.6348167265324782","-0.6348167265324782","-1.027503640527906","-1.027503640527906","-1.027503640527906","-0.9560738620143597","-0.9560738620143597","-0.9560738620143597","-1.0544521607915052","-1.0544521607915052","-1.0544521607915052","-1.3623632412050883","-1.3623632412050883","-1.3623632412050883","-1.3396135131203792","-1.3396135131203792","-1.3396135131203792","-0.8460101169288399","-0.8460101169288399","-0.8460101169288399","-1.0952479868700116","-1.0952479868700116","-1.0952479868700116","-1.4235983376794648","-1.4235983376794648","-1.4235983376794648","-0.7948575382830968","-0.7948575382830968","-0.7948575382830968","-0.9413008228972556","-0.9413008228972556","-0.9413008228972556","-1.335750163596596","-1.335750163596596","-1.335750163596596"
"47500","-1.2257940233991298","-1.2257940233991298","-1.2257940233991298","-0.8075815240172665","-0.8075815240172665","-0.8075815240172665","-1.2915649498372415","-1.2915649498372415","-1.2915649498372415","-0.9421331336158977","-0.9421331336158977","-0.9421331336158977","-1.140380914070296","-1.140380914070296","-1.140380914070296","-1.1563687614513385","-1.1563687614513385","-1.1563687614513385","-1.0668655857430043","-1.0668655857430043","-1.0668655857430043","-1.051526449828397","-1.051526449828397","-1.051526449828397","-0.6282815287839945","-0.6282815287839945","-0.6282815287839945","-0.9534079480762744","-0.9534079480762744","-0.9534079480762744","-0.9999711356800015","-0.9999711356800015","-0.9999711356800015","-1.1613607465737135","-1.1613607465737135","-1.1613607465737135","-1.2860974340478681","-1.2860974340478681","-1.2860974340478681","-1.6393908548565441","-1.6393908548565441","-1.6393908548565441","-0.9181332762644565","-0.9181332762644565","-0.9181332762644565","-1.0385187928806903","-1.0385187928806903","-1.0385187928806903","-1.1559751985344788","-1.1559751985344788","-1.1559751985344788","-0.8868980841471549","-0.8868980841471549","-0.8868980841471549","-0.844904964929969","-0.844904964929969","-0.844904964929969","-1.3688173319503305","-1.3688173319503305","-1.3688173319503305"
"48000","-1.1546757780642354","-1.1546757780642354","-1.1546757780642354","-0.8514184567220754","-0.8514184567220754","-0.8514184567220754","-1.229336872266003","-1.229336872266003","-1.229336872266003","-1.0479100081688317","-1.0479100081688317","-1.0479100081688317","-1.2755435466905867","-1.2755435466905867","-1.2755435466905867","-1.2745768808749036","-1.2745768808749036","-1.2745768808749036","-1.1707664645228038","-1.1707664645228038","-1.1707664645228038","-1.2210658814554631","-1.2210658814554631","-1.2210658814554631","-0.6719826228436483","-0.6719826228436483","-0.6719826228436483","-0.9990964818321968","-0.9990964818321968","-0.9990964818321968","-0.9436802553634613","-0.9436802553634613","-0.9436802553634613","-1.1531101403824011","-1.1531101403824011","-1.1531101403824011","-1.2871333477330542","-1.2871333477330542","-1.2871333477330542","-1.2913405570948224","-1.2913405570948224","-1.2913405570948224","-1.0029364807518324","-1.0029364807518324","-1.0029364807518324","-1.0976478793283106","-1.0976478793283106","-1.0976478793283106","-1.1495374686377013","-1.1495374686377013","-1.1495374686377013","-1.0329066572823702","-1.0329066572823702","-1.0329066572823702","-0.7760871967226859","-0.7760871967226859","-0.7760871967226859","-1.4649753394310883","-1.4649753394310883","-1.4649753394310883"
"48500","-1.2642054480296967","-1.2642054480296967","-1.2642054480296967","-1.0212232706272901","-1.0212232706272901","-1.0212232706272901","-1.2562860874197115","-1.2562860874197115","-1.2562860874197115","-1.1255150489823909","-1.1255150489823909","-1.1255150489823909","-1.1939101998316366","-1.1939101998316366","-1.1939101998316366","-1.3879358219282696","-1.3879358219282696","-1.3879358219282696","-1.1801342731662419","-1.1801342731662419","-1.1801342731662419","-1.1900391946177025","-1.1900391946177025","-1.1900391946177025","-0.6914713177910183","-0.6914713177910183","-0.6914713177910183","-1.168440629924501","-1.168440629924501","-1.168440629924501","-0.925708615540116","-0.925708615540116","-0.925708615540116","-1.0820662993309542","-1.0820662993309542","-1.0820662993309542","-1.383409406761293","-1.383409406761293","-1.383409406761293","-1.6186146627860811","-1.6186146627860811","-1.6186146627860811","-1.1903634363593119","-1.1903634363593119","-1.1903634363593119","-0.9008015817861821","-0.9008015817861821","-0.9008015817861821","-1.3221306439721112","-1.3221306439721112","-1.3221306439721112","-0.7265727528781993","-0.7265727528781993","-0.7265727528781993","-0.8138833073851981","-0.8138833073851981","-0.8138833073851981","-1.3777872345604973","-1.3777872345604973","-1.3777872345604973"
"49000","-1.1932217598216857","-1.1932217598216857","-1.1932217598216857","-0.7659169774007049","-0.7659169774007049","-0.7659169774007049","-1.2093429025719649","-1.2093429025719649","-1.2093429025719649","-1.0258493956008183","-1.0258493956008183","-1.0258493956008183","-1.2301004089519554","-1.2301004089519554","-1.2301004089519554","-1.500885548248423","-1.500885548248423","-1.500885548248423","-0.9983433058470913","-0.9983433058470913","-0.9983433058470913","-1.3026742029946903","-1.3026742029946903","-1.3026742029946903","-0.6207823240595759","-0.6207823240595759","-0.6207823240595759","-1.2185957315498528","-1.2185957315498528","-1.2185957315498528","-1.0447991990138168","-1.0447991990138168","-1.0447991990138168","-1.1588503060384607","-1.1588503060384607","-1.1588503060384607","-1.3570793420431562","-1.3570793420431562","-1.3570793420431562","-1.609054678579265","-1.609054678579265","-1.609054678579265","-1.13653734470866","-1.13653734470866","-1.13653734470866","-0.997068609240024","-0.997068609240024","-0.997068609240024","-1.068952686038621","-1.068952686038621","-1.068952686038621","-0.8455418071142098","-0.8455418071142098","-0.8455418071142098","-0.7675781706266097","-0.7675781706266097","-0.7675781706266097","-1.4306691738912316","-1.4306691738912316","-1.4306691738912316"
"49500","-1.3479306675576412","-1.3479306675576412","-1.3479306675576412","-0.8850796331466713","-0.8850796331466713","-0.8850796331466713","-1.2167383031605854","-1.2167383031605854","-1.2167383031605854","-0.9862720012118888","-0.9862720012118888","-0.9862720012118888","-1.2687108366146838","-1.2687108366146838","-1.2687108366146838","-1.2320888650618005","-1.2320888650618005","-1.2320888650618005","-0.8876032198017094","-0.8876032198017094","-0.8876032198017094","-1.3000177841220697","-1.3000177841220697","-1.3000177841220697","-0.6130337528410686","-0.6130337528410686","-0.6130337528410686","-1.08784251787134","-1.08784251787134","-1.08784251787134","-0.9110648553921983","-0.9110648553921983","-0.9110648553921983","-1.081194700554954","-1.081194700554954","-1.081194700554954","-1.3598287341051518","-1.3598287341051518","-1.3598287341051518","-1.6784158982440502","-1.6784158982440502","-1.6784158982440502","-1.1279385664148125","-1.1279385664148125","-1.1279385664148125","-1.0045684768020469","-1.0045684768020469","-1.0045684768020469","-1.2584411902495745","-1.2584411902495745","-1.2584411902495745","-0.9909645723566685","-0.9909645723566685","-0.9909645723566685","-0.9501364672780849","-0.9501364672780849","-0.9501364672780849","-1.487065494298139","-1.487065494298139","-1.487065494298139"
"50000","-1.26465574194065","-1.26465574194065","-1.26465574194065","-1.1421190080545305","-1.1421190080545305","-1.1421190080545305","-1.2139487134952456","-1.2139487134952456","-1.2139487134952456","-0.9959044624626037","-0.9959044624626037","-0.9959044624626037","-1.2729735181678021","-1.2729735181678021","-1.2729735181678021","-1.35072689981934","-1.35072689981934","-1.35072689981934","-1.285033099059453","-1.285033099059453","-1.285033099059453","-1.4339511254070656","-1.4339511254070656","-1.4339511254070656","-0.6377234112865591","-0.6377234112865591","-0.6377234112865591","-1.1624240366080367","-1.1624240366080367","-1.1624240366080367","-1.0440152362991175","-1.0440152362991175","-1.0440152362991175","-1.073075875073273","-1.073075875073273","-1.073075875073273","-1.2626261354576969","-1.2626261354576969","-1.2626261354576969","-1.508961331459887","-1.508961331459887","-1.508961331459887","-1.135690225752508","-1.135690225752508","-1.135690225752508","-0.9286443057953224","-0.9286443057953224","-0.9286443057953224","-1.1339971239946955","-1.1339971239946955","-1.1339971239946955","-0.753013911497923","-0.753013911497923","-0.753013911497923","-0.8196249107391089","-0.8196249107391089","-0.8196249107391089","-1.4323516720507827","-1.4323516720507827","-1.4323516720507827"