"Step","DDPG_UTE_FetchReachDense-v4_14 - eval/avg_reward","DDPG_UTE_FetchReachDense-v4_14 - eval/avg_reward__MIN","DDPG_UTE_FetchReachDense-v4_14 - eval/avg_reward__MAX","DDPG_UTE_FetchReachDense-v4_9 - eval/avg_reward","DDPG_UTE_FetchReachDense-v4_9 - eval/avg_reward__MIN","DDPG_UTE_FetchReachDense-v4_9 - eval/avg_reward__MAX","DDPG_UTE_FetchReachDense-v4_4 - eval/avg_reward","DDPG_UTE_FetchReachDense-v4_4 - eval/avg_reward__MIN","DDPG_UTE_FetchReachDense-v4_4 - eval/avg_reward__MAX","DDPG_UTE_FetchReachDense-v4_19 - eval/avg_reward","DDPG_UTE_FetchReachDense-v4_19 - eval/avg_reward__MIN","DDPG_UTE_FetchReachDense-v4_19 - eval/avg_reward__MAX","DDPG_UTE_FetchReachDense-v4_13 - eval/avg_reward","DDPG_UTE_FetchReachDense-v4_13 - eval/avg_reward__MIN","DDPG_UTE_FetchReachDense-v4_13 - eval/avg_reward__MAX","DDPG_UTE_FetchReachDense-v4_3 - eval/avg_reward","DDPG_UTE_FetchReachDense-v4_3 - eval/avg_reward__MIN","DDPG_UTE_FetchReachDense-v4_3 - eval/avg_reward__MAX","DDPG_UTE_FetchReachDense-v4_8 - eval/avg_reward","DDPG_UTE_FetchReachDense-v4_8 - eval/avg_reward__MIN","DDPG_UTE_FetchReachDense-v4_8 - eval/avg_reward__MAX","DDPG_UTE_FetchReachDense-v4_18 - eval/avg_reward","DDPG_UTE_FetchReachDense-v4_18 - eval/avg_reward__MIN","DDPG_UTE_FetchReachDense-v4_18 - eval/avg_reward__MAX","DDPG_UTE_FetchReachDense-v4_12 - eval/avg_reward","DDPG_UTE_FetchReachDense-v4_12 - eval/avg_reward__MIN","DDPG_UTE_FetchReachDense-v4_12 - eval/avg_reward__MAX","DDPG_UTE_FetchReachDense-v4_7 - eval/avg_reward","DDPG_UTE_FetchReachDense-v4_7 - eval/avg_reward__MIN","DDPG_UTE_FetchReachDense-v4_7 - eval/avg_reward__MAX","DDPG_UTE_FetchReachDense-v4_2 - eval/avg_reward","DDPG_UTE_FetchReachDense-v4_2 - eval/avg_reward__MIN","DDPG_UTE_FetchReachDense-v4_2 - eval/avg_reward__MAX","DDPG_UTE_FetchReachDense-v4_17 - eval/avg_reward","DDPG_UTE_FetchReachDense-v4_17 - eval/avg_reward__MIN","DDPG_UTE_FetchReachDense-v4_17 - eval/avg_reward__MAX","DDPG_UTE_FetchReachDense-v4_11 - eval/avg_reward","DDPG_UTE_FetchReachDense-v4_11 - eval/avg_reward__MIN","DDPG_UTE_FetchReachDense-v4_11 - eval/avg_reward__MAX","DDPG_UTE_FetchReachDense-v4_6 - eval/avg_reward","DDPG_UTE_FetchReachDense-v4_6 - eval/avg_reward__MIN","DDPG_UTE_FetchReachDense-v4_6 - eval/avg_reward__MAX","DDPG_UTE_FetchReachDense-v4_1 - eval/avg_reward","DDPG_UTE_FetchReachDense-v4_1 - eval/avg_reward__MIN","DDPG_UTE_FetchReachDense-v4_1 - eval/avg_reward__MAX","DDPG_UTE_FetchReachDense-v4_16 - eval/avg_reward","DDPG_UTE_FetchReachDense-v4_16 - eval/avg_reward__MIN","DDPG_UTE_FetchReachDense-v4_16 - eval/avg_reward__MAX","DDPG_UTE_FetchReachDense-v4_15 - eval/avg_reward","DDPG_UTE_FetchReachDense-v4_15 - eval/avg_reward__MIN","DDPG_UTE_FetchReachDense-v4_15 - eval/avg_reward__MAX","DDPG_UTE_FetchReachDense-v4_10 - eval/avg_reward","DDPG_UTE_FetchReachDense-v4_10 - eval/avg_reward__MIN","DDPG_UTE_FetchReachDense-v4_10 - eval/avg_reward__MAX","DDPG_UTE_FetchReachDense-v4_5 - eval/avg_reward","DDPG_UTE_FetchReachDense-v4_5 - eval/avg_reward__MIN","DDPG_UTE_FetchReachDense-v4_5 - eval/avg_reward__MAX","DDPG_UTE_FetchReachDense-v4_0 - eval/avg_reward","DDPG_UTE_FetchReachDense-v4_0 - eval/avg_reward__MIN","DDPG_UTE_FetchReachDense-v4_0 - eval/avg_reward__MAX"
"0","-6.93500112096396","-6.93500112096396","-6.93500112096396","-7.663083893770276","-7.663083893770276","-7.663083893770276","-8.64825351471705","-8.64825351471705","-8.64825351471705","-9.945768153951164","-9.945768153951164","-9.945768153951164","-9.943221371639183","-9.943221371639183","-9.943221371639183","-10.441808797576554","-10.441808797576554","-10.441808797576554","-9.174207067825957","-9.174207067825957","-9.174207067825957","-10.305575354484493","-10.305575354484493","-10.305575354484493","-7.199349068395179","-7.199349068395179","-7.199349068395179","-9.1368638631195","-9.1368638631195","-9.1368638631195","-9.790786556063477","-9.790786556063477","-9.790786556063477","-11.586765939064154","-11.586765939064154","-11.586765939064154","-13.556985523428","-13.556985523428","-13.556985523428","-12.388906026622731","-12.388906026622731","-12.388906026622731","-11.509098944194122","-11.509098944194122","-11.509098944194122","-10.083452893891328","-10.083452893891328","-10.083452893891328","-8.179482306117963","-8.179482306117963","-8.179482306117963","-14.917407456273727","-14.917407456273727","-14.917407456273727","-7.994411509322437","-7.994411509322437","-7.994411509322437","-9.64174880842432","-9.64174880842432","-9.64174880842432"
"500","-6.93500112096396","-6.93500112096396","-6.93500112096396","-7.665138868220789","-7.665138868220789","-7.665138868220789","-8.665251983540221","-8.665251983540221","-8.665251983540221","-9.945768153951164","-9.945768153951164","-9.945768153951164","-10.122734456865887","-10.122734456865887","-10.122734456865887","-10.441808797576554","-10.441808797576554","-10.441808797576554","-9.058086954063352","-9.058086954063352","-9.058086954063352","-10.359524271414925","-10.359524271414925","-10.359524271414925","-7.234161784959502","-7.234161784959502","-7.234161784959502","-9.123042125124813","-9.123042125124813","-9.123042125124813","-9.790786556063477","-9.790786556063477","-9.790786556063477","-11.586111526861666","-11.586111526861666","-11.586111526861666","-13.556985523428","-13.556985523428","-13.556985523428","-12.385166007920063","-12.385166007920063","-12.385166007920063","-11.50860779194862","-11.50860779194862","-11.50860779194862","-10.083452893891328","-10.083452893891328","-10.083452893891328","-8.104934242375204","-8.104934242375204","-8.104934242375204","-14.917407456273727","-14.917407456273727","-14.917407456273727","-8.058338901636748","-8.058338901636748","-8.058338901636748","-9.64210962792043","-9.64210962792043","-9.64210962792043"
"1000","-6.9357768251005165","-6.9357768251005165","-6.9357768251005165","-7.665138868220789","-7.665138868220789","-7.665138868220789","-8.665251983540221","-8.665251983540221","-8.665251983540221","-9.945768153951164","-9.945768153951164","-9.945768153951164","-9.943221371639183","-9.943221371639183","-9.943221371639183","-10.441808797576554","-10.441808797576554","-10.441808797576554","-9.058086954063352","-9.058086954063352","-9.058086954063352","-10.137232560967428","-10.137232560967428","-10.137232560967428","-7.199349068395179","-7.199349068395179","-7.199349068395179","-9.123042125124813","-9.123042125124813","-9.123042125124813","-9.796524533825387","-9.796524533825387","-9.796524533825387","-11.617142699151113","-11.617142699151113","-11.617142699151113","-13.556985523428","-13.556985523428","-13.556985523428","-12.385166007920063","-12.385166007920063","-12.385166007920063","-10.569843757608542","-10.569843757608542","-10.569843757608542","-10.083452893891328","-10.083452893891328","-10.083452893891328","-8.179482306117963","-8.179482306117963","-8.179482306117963","-14.917407456273727","-14.917407456273727","-14.917407456273727","-8.138976833283635","-8.138976833283635","-8.138976833283635","-8.881200282181656","-8.881200282181656","-8.881200282181656"
"1500","-19.692343979157016","-19.692343979157016","-19.692343979157016","-13.927451603550091","-13.927451603550091","-13.927451603550091","-18.3373235805463","-18.3373235805463","-18.3373235805463","-21.181846405667024","-21.181846405667024","-21.181846405667024","-12.771816150193441","-12.771816150193441","-12.771816150193441","-14.10845762694446","-14.10845762694446","-14.10845762694446","-14.077935436615189","-14.077935436615189","-14.077935436615189","-11.6890632268579","-11.6890632268579","-11.6890632268579","-19.190809012673178","-19.190809012673178","-19.190809012673178","-17.242306790918633","-17.242306790918633","-17.242306790918633","-5.466368232966692","-5.466368232966692","-5.466368232966692","-14.939789191683408","-14.939789191683408","-14.939789191683408","-6.513301457275399","-6.513301457275399","-6.513301457275399","-15.149326170814145","-15.149326170814145","-15.149326170814145","-11.635643073046902","-11.635643073046902","-11.635643073046902","-11.73874947602144","-11.73874947602144","-11.73874947602144","-7.257055361451782","-7.257055361451782","-7.257055361451782","-11.4276834329132","-11.4276834329132","-11.4276834329132","-14.358696393741269","-14.358696393741269","-14.358696393741269","-17.83118969642636","-17.83118969642636","-17.83118969642636"
"2000","-13.250291767563052","-13.250291767563052","-13.250291767563052","-6.839644437266111","-6.839644437266111","-6.839644437266111","-9.04615146681856","-9.04615146681856","-9.04615146681856","-14.98142768400299","-14.98142768400299","-14.98142768400299","-6.647340696428882","-6.647340696428882","-6.647340696428882","-8.868470154709623","-8.868470154709623","-8.868470154709623","-15.23776623269311","-15.23776623269311","-15.23776623269311","-11.06469617991203","-11.06469617991203","-11.06469617991203","-9.767172528131857","-9.767172528131857","-9.767172528131857","-11.059830093279967","-11.059830093279967","-11.059830093279967","-15.119786853172723","-15.119786853172723","-15.119786853172723","-15.258501620065715","-15.258501620065715","-15.258501620065715","-7.329853464291813","-7.329853464291813","-7.329853464291813","-19.969782921726658","-19.969782921726658","-19.969782921726658","-18.90460325140767","-18.90460325140767","-18.90460325140767","-9.247226698725893","-9.247226698725893","-9.247226698725893","-7.062499625927525","-7.062499625927525","-7.062499625927525","-43.94403939346106","-43.94403939346106","-43.94403939346106","-8.982743933113431","-8.982743933113431","-8.982743933113431","-14.415043308901033","-14.415043308901033","-14.415043308901033"
"2500","-15.126438157996555","-15.126438157996555","-15.126438157996555","-8.558173926632255","-8.558173926632255","-8.558173926632255","-7.199459550747369","-7.199459550747369","-7.199459550747369","-9.366596333471483","-9.366596333471483","-9.366596333471483","-13.656614816610212","-13.656614816610212","-13.656614816610212","-10.245108636026837","-10.245108636026837","-10.245108636026837","-12.766361684380385","-12.766361684380385","-12.766361684380385","-7.7716929504986325","-7.7716929504986325","-7.7716929504986325","-16.256571486557597","-16.256571486557597","-16.256571486557597","-17.107487281737253","-17.107487281737253","-17.107487281737253","-8.826034922349333","-8.826034922349333","-8.826034922349333","-13.000555912470523","-13.000555912470523","-13.000555912470523","-18.143705712397622","-18.143705712397622","-18.143705712397622","-7.087953028910531","-7.087953028910531","-7.087953028910531","-10.341016108056749","-10.341016108056749","-10.341016108056749","-12.04095536776061","-12.04095536776061","-12.04095536776061","-6.051799395925986","-6.051799395925986","-6.051799395925986","-6.738614111480797","-6.738614111480797","-6.738614111480797","-9.881731185199904","-9.881731185199904","-9.881731185199904","-8.377548995982659","-8.377548995982659","-8.377548995982659"
"3000","-7.9712457958498435","-7.9712457958498435","-7.9712457958498435","-8.005354022481049","-8.005354022481049","-8.005354022481049","-7.399388867365639","-7.399388867365639","-7.399388867365639","-9.531471122246458","-9.531471122246458","-9.531471122246458","-9.14070042605877","-9.14070042605877","-9.14070042605877","-6.91939917320464","-6.91939917320464","-6.91939917320464","-18.264749351095514","-18.264749351095514","-18.264749351095514","-5.7477937713463385","-5.7477937713463385","-5.7477937713463385","-7.553900488757206","-7.553900488757206","-7.553900488757206","-13.272878724898362","-13.272878724898362","-13.272878724898362","-10.512307934330742","-10.512307934330742","-10.512307934330742","-8.76802143080263","-8.76802143080263","-8.76802143080263","-11.417088870645827","-11.417088870645827","-11.417088870645827","-10.797075132696637","-10.797075132696637","-10.797075132696637","-8.925568537786276","-8.925568537786276","-8.925568537786276","-8.024274618271118","-8.024274618271118","-8.024274618271118","-8.605786620515385","-8.605786620515385","-8.605786620515385","-13.730382013288075","-13.730382013288075","-13.730382013288075","-7.067089436764801","-7.067089436764801","-7.067089436764801","-13.458461706645044","-13.458461706645044","-13.458461706645044"
"3500","-5.742734272625365","-5.742734272625365","-5.742734272625365","-9.812802331008744","-9.812802331008744","-9.812802331008744","-7.860133541553583","-7.860133541553583","-7.860133541553583","-7.179171159729016","-7.179171159729016","-7.179171159729016","-9.156392612332802","-9.156392612332802","-9.156392612332802","-7.6882035695748625","-7.6882035695748625","-7.6882035695748625","-19.791761081399635","-19.791761081399635","-19.791761081399635","-5.89696371024101","-5.89696371024101","-5.89696371024101","-6.404317240591837","-6.404317240591837","-6.404317240591837","-10.772135820986673","-10.772135820986673","-10.772135820986673","-11.336824762037224","-11.336824762037224","-11.336824762037224","-10.518164724306065","-10.518164724306065","-10.518164724306065","-6.923671751434904","-6.923671751434904","-6.923671751434904","-7.135351405457432","-7.135351405457432","-7.135351405457432","-7.856314697369939","-7.856314697369939","-7.856314697369939","-7.148811954788582","-7.148811954788582","-7.148811954788582","-6.928110508101513","-6.928110508101513","-6.928110508101513","-6.965557963526885","-6.965557963526885","-6.965557963526885","-9.546818392483683","-9.546818392483683","-9.546818392483683","-13.710428727139249","-13.710428727139249","-13.710428727139249"
"4000","-5.714227033013481","-5.714227033013481","-5.714227033013481","-6.633303774076493","-6.633303774076493","-6.633303774076493","-7.88966169207359","-7.88966169207359","-7.88966169207359","-9.327136261054926","-9.327136261054926","-9.327136261054926","-13.61693881390671","-13.61693881390671","-13.61693881390671","-10.776149518389978","-10.776149518389978","-10.776149518389978","-12.702593448203402","-12.702593448203402","-12.702593448203402","-5.49819201633212","-5.49819201633212","-5.49819201633212","-6.757596029231534","-6.757596029231534","-6.757596029231534","-18.747982822565255","-18.747982822565255","-18.747982822565255","-12.785637962060276","-12.785637962060276","-12.785637962060276","-10.767994169233496","-10.767994169233496","-10.767994169233496","-16.63019219399122","-16.63019219399122","-16.63019219399122","-9.82530243327935","-9.82530243327935","-9.82530243327935","-8.36631078637635","-8.36631078637635","-8.36631078637635","-6.221926753558863","-6.221926753558863","-6.221926753558863","-11.104287515119527","-11.104287515119527","-11.104287515119527","-6.330061365088007","-6.330061365088007","-6.330061365088007","-6.98619014053194","-6.98619014053194","-6.98619014053194","-5.854338990729721","-5.854338990729721","-5.854338990729721"
"4500","-5.5820754161678146","-5.5820754161678146","-5.5820754161678146","-7.3550951414418835","-7.3550951414418835","-7.3550951414418835","-7.186543856761797","-7.186543856761797","-7.186543856761797","-7.558405307003325","-7.558405307003325","-7.558405307003325","-7.029004118633303","-7.029004118633303","-7.029004118633303","-8.763424326851993","-8.763424326851993","-8.763424326851993","-8.059237735788987","-8.059237735788987","-8.059237735788987","-7.225838297783433","-7.225838297783433","-7.225838297783433","-7.592493142295505","-7.592493142295505","-7.592493142295505","-10.062537653569292","-10.062537653569292","-10.062537653569292","-10.72666475280677","-10.72666475280677","-10.72666475280677","-9.014964446166442","-9.014964446166442","-9.014964446166442","-4.817901283019772","-4.817901283019772","-4.817901283019772","-6.902893208675598","-6.902893208675598","-6.902893208675598","-8.148172565382064","-8.148172565382064","-8.148172565382064","-6.2168669122881965","-6.2168669122881965","-6.2168669122881965","-4.574538240455959","-4.574538240455959","-4.574538240455959","-10.108844415716543","-10.108844415716543","-10.108844415716543","-5.974432855186693","-5.974432855186693","-5.974432855186693","-10.965376438531488","-10.965376438531488","-10.965376438531488"
"5000","-3.5236135727999303","-3.5236135727999303","-3.5236135727999303","-5.5178265064546945","-5.5178265064546945","-5.5178265064546945","-6.4411005088826645","-6.4411005088826645","-6.4411005088826645","-7.303744583350768","-7.303744583350768","-7.303744583350768","-6.795070674804256","-6.795070674804256","-6.795070674804256","-9.99197091522454","-9.99197091522454","-9.99197091522454","-12.671464112390076","-12.671464112390076","-12.671464112390076","-7.91780211865855","-7.91780211865855","-7.91780211865855","-5.62670231921533","-5.62670231921533","-5.62670231921533","-8.558895875337875","-8.558895875337875","-8.558895875337875","-11.414880828701232","-11.414880828701232","-11.414880828701232","-14.030370541930996","-14.030370541930996","-14.030370541930996","-5.6016396485019415","-5.6016396485019415","-5.6016396485019415","-5.956751825451958","-5.956751825451958","-5.956751825451958","-10.241392969652946","-10.241392969652946","-10.241392969652946","-7.45667761753859","-7.45667761753859","-7.45667761753859","-6.278636577315707","-6.278636577315707","-6.278636577315707","-10.08985003962123","-10.08985003962123","-10.08985003962123","-4.685480568338571","-4.685480568338571","-4.685480568338571","-8.671680490353724","-8.671680490353724","-8.671680490353724"
"5500","-3.84125833268228","-3.84125833268228","-3.84125833268228","-8.895322433895178","-8.895322433895178","-8.895322433895178","-5.966861550181333","-5.966861550181333","-5.966861550181333","-4.814814887994731","-4.814814887994731","-4.814814887994731","-4.584310107949892","-4.584310107949892","-4.584310107949892","-6.510061292839102","-6.510061292839102","-6.510061292839102","-7.4621089858694685","-7.4621089858694685","-7.4621089858694685","-4.943685917294407","-4.943685917294407","-4.943685917294407","-5.566013391894519","-5.566013391894519","-5.566013391894519","-7.325821105380586","-7.325821105380586","-7.325821105380586","-9.19641369872483","-9.19641369872483","-9.19641369872483","-15.120927324992564","-15.120927324992564","-15.120927324992564","-5.068685630468913","-5.068685630468913","-5.068685630468913","-6.212873809894381","-6.212873809894381","-6.212873809894381","-10.56106654951391","-10.56106654951391","-10.56106654951391","-6.766499732242275","-6.766499732242275","-6.766499732242275","-6.268235090091805","-6.268235090091805","-6.268235090091805","-5.878271764649662","-5.878271764649662","-5.878271764649662","-5.179605108494635","-5.179605108494635","-5.179605108494635","-6.839793751339857","-6.839793751339857","-6.839793751339857"
"6000","-4.168637356757473","-4.168637356757473","-4.168637356757473","-9.112896446237823","-9.112896446237823","-9.112896446237823","-7.230936648617673","-7.230936648617673","-7.230936648617673","-6.426342920687153","-6.426342920687153","-6.426342920687153","-3.1240141328763054","-3.1240141328763054","-3.1240141328763054","-5.102432102961862","-5.102432102961862","-5.102432102961862","-5.896556554053733","-5.896556554053733","-5.896556554053733","-6.13846703093242","-6.13846703093242","-6.13846703093242","-5.250345146605362","-5.250345146605362","-5.250345146605362","-8.62132909282764","-8.62132909282764","-8.62132909282764","-6.260438330518968","-6.260438330518968","-6.260438330518968","-13.710647596661682","-13.710647596661682","-13.710647596661682","-5.316871590640876","-5.316871590640876","-5.316871590640876","-6.8527413761062945","-6.8527413761062945","-6.8527413761062945","-6.75838203835585","-6.75838203835585","-6.75838203835585","-6.973772982951092","-6.973772982951092","-6.973772982951092","-6.400475671759963","-6.400475671759963","-6.400475671759963","-9.810902812162563","-9.810902812162563","-9.810902812162563","-6.682680228666048","-6.682680228666048","-6.682680228666048","-8.971428654523283","-8.971428654523283","-8.971428654523283"
"6500","-2.956275721656101","-2.956275721656101","-2.956275721656101","-6.0092964189356515","-6.0092964189356515","-6.0092964189356515","-7.407083148325848","-7.407083148325848","-7.407083148325848","-5.83545699002414","-5.83545699002414","-5.83545699002414","-5.792488314254696","-5.792488314254696","-5.792488314254696","-6.133146808603198","-6.133146808603198","-6.133146808603198","-6.439931112958408","-6.439931112958408","-6.439931112958408","-4.202875346313507","-4.202875346313507","-4.202875346313507","-5.509504646035453","-5.509504646035453","-5.509504646035453","-8.56901717172539","-8.56901717172539","-8.56901717172539","-5.5048707864467366","-5.5048707864467366","-5.5048707864467366","-8.806613325370261","-8.806613325370261","-8.806613325370261","-8.385467388785178","-8.385467388785178","-8.385467388785178","-8.662996602568281","-8.662996602568281","-8.662996602568281","-8.385468037775734","-8.385468037775734","-8.385468037775734","-6.89014981845809","-6.89014981845809","-6.89014981845809","-4.777027032441618","-4.777027032441618","-4.777027032441618","-8.470018208582449","-8.470018208582449","-8.470018208582449","-9.47354574400567","-9.47354574400567","-9.47354574400567","-8.41376681332169","-8.41376681332169","-8.41376681332169"
"7000","-3.9574452923375816","-3.9574452923375816","-3.9574452923375816","-5.715204326761489","-5.715204326761489","-5.715204326761489","-5.640601880878718","-5.640601880878718","-5.640601880878718","-6.057875104234958","-6.057875104234958","-6.057875104234958","-6.188950607734902","-6.188950607734902","-6.188950607734902","-5.264127644417475","-5.264127644417475","-5.264127644417475","-4.445451633652323","-4.445451633652323","-4.445451633652323","-3.9578105645233443","-3.9578105645233443","-3.9578105645233443","-6.228210241443696","-6.228210241443696","-6.228210241443696","-9.769463200517787","-9.769463200517787","-9.769463200517787","-4.7452173090969705","-4.7452173090969705","-4.7452173090969705","-8.340487016677828","-8.340487016677828","-8.340487016677828","-7.55996368909272","-7.55996368909272","-7.55996368909272","-6.0039159720187385","-6.0039159720187385","-6.0039159720187385","-6.2550758552312375","-6.2550758552312375","-6.2550758552312375","-6.545061386151119","-6.545061386151119","-6.545061386151119","-4.790658812767087","-4.790658812767087","-4.790658812767087","-5.040791422564707","-5.040791422564707","-5.040791422564707","-6.219635623415504","-6.219635623415504","-6.219635623415504","-8.118982003608053","-8.118982003608053","-8.118982003608053"
"7500","-4.700628574042424","-4.700628574042424","-4.700628574042424","-6.375181405288835","-6.375181405288835","-6.375181405288835","-6.020230063145248","-6.020230063145248","-6.020230063145248","-6.115037416058338","-6.115037416058338","-6.115037416058338","-2.805269201926799","-2.805269201926799","-2.805269201926799","-4.4374552679414245","-4.4374552679414245","-4.4374552679414245","-3.643192130164773","-3.643192130164773","-3.643192130164773","-3.9885789568162053","-3.9885789568162053","-3.9885789568162053","-5.276102333953373","-5.276102333953373","-5.276102333953373","-9.807036765529741","-9.807036765529741","-9.807036765529741","-5.596906261352762","-5.596906261352762","-5.596906261352762","-8.510732903939203","-8.510732903939203","-8.510732903939203","-3.8846314761868923","-3.8846314761868923","-3.8846314761868923","-4.707498503862455","-4.707498503862455","-4.707498503862455","-6.075764285046117","-6.075764285046117","-6.075764285046117","-5.860075090798851","-5.860075090798851","-5.860075090798851","-4.823506624643984","-4.823506624643984","-4.823506624643984","-6.581845659287822","-6.581845659287822","-6.581845659287822","-7.900200881133239","-7.900200881133239","-7.900200881133239","-5.197578942688691","-5.197578942688691","-5.197578942688691"
"8000","-4.339385725739243","-4.339385725739243","-4.339385725739243","-6.125180539303387","-6.125180539303387","-6.125180539303387","-3.147534302872752","-3.147534302872752","-3.147534302872752","-5.1285806282374455","-5.1285806282374455","-5.1285806282374455","-3.5435980706575725","-3.5435980706575725","-3.5435980706575725","-3.916080845699389","-3.916080845699389","-3.916080845699389","-6.152448884972891","-6.152448884972891","-6.152448884972891","-5.805550234653533","-5.805550234653533","-5.805550234653533","-5.878793457211133","-5.878793457211133","-5.878793457211133","-9.671885513910398","-9.671885513910398","-9.671885513910398","-7.675346781994328","-7.675346781994328","-7.675346781994328","-7.441029380891901","-7.441029380891901","-7.441029380891901","-4.4499246273609625","-4.4499246273609625","-4.4499246273609625","-6.919412237514509","-6.919412237514509","-6.919412237514509","-4.535789186427044","-4.535789186427044","-4.535789186427044","-7.073330312056394","-7.073330312056394","-7.073330312056394","-6.161303070269477","-6.161303070269477","-6.161303070269477","-9.18810394697126","-9.18810394697126","-9.18810394697126","-5.529242427141016","-5.529242427141016","-5.529242427141016","-8.041018846893266","-8.041018846893266","-8.041018846893266"
"8500","-4.4051295976723495","-4.4051295976723495","-4.4051295976723495","-4.962585629032473","-4.962585629032473","-4.962585629032473","-2.987469550007083","-2.987469550007083","-2.987469550007083","-5.798748522904778","-5.798748522904778","-5.798748522904778","-4.088229052832177","-4.088229052832177","-4.088229052832177","-4.896614141811974","-4.896614141811974","-4.896614141811974","-6.127295799816056","-6.127295799816056","-6.127295799816056","-8.326277381147511","-8.326277381147511","-8.326277381147511","-4.472084002738685","-4.472084002738685","-4.472084002738685","-9.079895717373166","-9.079895717373166","-9.079895717373166","-6.575050220331102","-6.575050220331102","-6.575050220331102","-5.01402464844387","-5.01402464844387","-5.01402464844387","-3.679294138336272","-3.679294138336272","-3.679294138336272","-6.4582675478728175","-6.4582675478728175","-6.4582675478728175","-7.5081574369795945","-7.5081574369795945","-7.5081574369795945","-5.364658634995445","-5.364658634995445","-5.364658634995445","-6.961160830242184","-6.961160830242184","-6.961160830242184","-9.573418813916536","-9.573418813916536","-9.573418813916536","-4.896309823781212","-4.896309823781212","-4.896309823781212","-4.326367602503515","-4.326367602503515","-4.326367602503515"
"9000","-2.9281157201952004","-2.9281157201952004","-2.9281157201952004","-4.03921148495738","-4.03921148495738","-4.03921148495738","-5.770222361509223","-5.770222361509223","-5.770222361509223","-4.957839026352454","-4.957839026352454","-4.957839026352454","-4.416659198826611","-4.416659198826611","-4.416659198826611","-5.055623794767094","-5.055623794767094","-5.055623794767094","-4.610757580993179","-4.610757580993179","-4.610757580993179","-4.786565997559521","-4.786565997559521","-4.786565997559521","-4.683863961962578","-4.683863961962578","-4.683863961962578","-4.53140115844089","-4.53140115844089","-4.53140115844089","-5.042637489153702","-5.042637489153702","-5.042637489153702","-7.143879760311037","-7.143879760311037","-7.143879760311037","-4.373988429665014","-4.373988429665014","-4.373988429665014","-5.611787847301519","-5.611787847301519","-5.611787847301519","-7.0494657652945065","-7.0494657652945065","-7.0494657652945065","-4.204026159150835","-4.204026159150835","-4.204026159150835","-4.758682102766502","-4.758682102766502","-4.758682102766502","-7.5043320066625565","-7.5043320066625565","-7.5043320066625565","-4.357309595830959","-4.357309595830959","-4.357309595830959","-3.9873757530399048","-3.9873757530399048","-3.9873757530399048"
"9500","-2.9186610653656837","-2.9186610653656837","-2.9186610653656837","-4.080669418136028","-4.080669418136028","-4.080669418136028","-5.540408736582575","-5.540408736582575","-5.540408736582575","-5.590176947193564","-5.590176947193564","-5.590176947193564","-3.8764773341774172","-3.8764773341774172","-3.8764773341774172","-5.013732948108226","-5.013732948108226","-5.013732948108226","-6.197983264067577","-6.197983264067577","-6.197983264067577","-5.525112460046316","-5.525112460046316","-5.525112460046316","-5.124021839650052","-5.124021839650052","-5.124021839650052","-4.152586393165792","-4.152586393165792","-4.152586393165792","-4.2718374829217804","-4.2718374829217804","-4.2718374829217804","-6.533021356987997","-6.533021356987997","-6.533021356987997","-5.170485350676309","-5.170485350676309","-5.170485350676309","-5.251627501478938","-5.251627501478938","-5.251627501478938","-5.936556416719628","-5.936556416719628","-5.936556416719628","-5.515906589313758","-5.515906589313758","-5.515906589313758","-4.132065425032572","-4.132065425032572","-4.132065425032572","-6.084419591926255","-6.084419591926255","-6.084419591926255","-4.655419388384431","-4.655419388384431","-4.655419388384431","-4.507724073292423","-4.507724073292423","-4.507724073292423"
"10000","-4.02038525345807","-4.02038525345807","-4.02038525345807","-4.418460373441552","-4.418460373441552","-4.418460373441552","-4.115830970994781","-4.115830970994781","-4.115830970994781","-5.784174494023758","-5.784174494023758","-5.784174494023758","-3.4584393832855276","-3.4584393832855276","-3.4584393832855276","-3.168826774205985","-3.168826774205985","-3.168826774205985","-4.413210525427048","-4.413210525427048","-4.413210525427048","-3.91308782879714","-3.91308782879714","-3.91308782879714","-5.129905163284636","-5.129905163284636","-5.129905163284636","-3.283886398433572","-3.283886398433572","-3.283886398433572","-3.38226588537414","-3.38226588537414","-3.38226588537414","-3.776395379378497","-3.776395379378497","-3.776395379378497","-3.190620472231206","-3.190620472231206","-3.190620472231206","-3.6416351363582455","-3.6416351363582455","-3.6416351363582455","-5.445969628935511","-5.445969628935511","-5.445969628935511","-4.787818670551755","-4.787818670551755","-4.787818670551755","-3.9976907046471184","-3.9976907046471184","-3.9976907046471184","-4.699970144409542","-4.699970144409542","-4.699970144409542","-2.6087972395250367","-2.6087972395250367","-2.6087972395250367","-4.480365576593266","-4.480365576593266","-4.480365576593266"
"10500","-3.7988095196795206","-3.7988095196795206","-3.7988095196795206","-2.96378725222907","-2.96378725222907","-2.96378725222907","-2.8999253318331455","-2.8999253318331455","-2.8999253318331455","-3.6254898469987564","-3.6254898469987564","-3.6254898469987564","-3.3754308241158943","-3.3754308241158943","-3.3754308241158943","-4.2821800212419605","-4.2821800212419605","-4.2821800212419605","-3.0316925655318707","-3.0316925655318707","-3.0316925655318707","-3.4126819019080856","-3.4126819019080856","-3.4126819019080856","-4.915377545792888","-4.915377545792888","-4.915377545792888","-2.896467014877883","-2.896467014877883","-2.896467014877883","-3.8082615102729696","-3.8082615102729696","-3.8082615102729696","-4.032483235121839","-4.032483235121839","-4.032483235121839","-2.9418629745810696","-2.9418629745810696","-2.9418629745810696","-4.10042817889685","-4.10042817889685","-4.10042817889685","-4.1985826924506","-4.1985826924506","-4.1985826924506","-5.615631872847872","-5.615631872847872","-5.615631872847872","-4.653463227974619","-4.653463227974619","-4.653463227974619","-3.8401001909085055","-3.8401001909085055","-3.8401001909085055","-3.196570367382601","-3.196570367382601","-3.196570367382601","-5.407215699325677","-5.407215699325677","-5.407215699325677"
"11000","-4.157848641881514","-4.157848641881514","-4.157848641881514","-3.6571893772240776","-3.6571893772240776","-3.6571893772240776","-4.117737152966586","-4.117737152966586","-4.117737152966586","-3.2106455164502727","-3.2106455164502727","-3.2106455164502727","-4.214600533230029","-4.214600533230029","-4.214600533230029","-2.770021653940442","-2.770021653940442","-2.770021653940442","-3.5233682155904114","-3.5233682155904114","-3.5233682155904114","-4.435667853062452","-4.435667853062452","-4.435667853062452","-3.665978191117907","-3.665978191117907","-3.665978191117907","-3.4241330425854803","-3.4241330425854803","-3.4241330425854803","-3.788053446175111","-3.788053446175111","-3.788053446175111","-4.049790533895411","-4.049790533895411","-4.049790533895411","-4.2316824978703655","-4.2316824978703655","-4.2316824978703655","-4.364680806196584","-4.364680806196584","-4.364680806196584","-5.39328691297967","-5.39328691297967","-5.39328691297967","-4.171578731015168","-4.171578731015168","-4.171578731015168","-3.9758796234485443","-3.9758796234485443","-3.9758796234485443","-4.946528464350537","-4.946528464350537","-4.946528464350537","-3.2046096379654045","-3.2046096379654045","-3.2046096379654045","-5.240131184880584","-5.240131184880584","-5.240131184880584"
"11500","-3.3939041387618354","-3.3939041387618354","-3.3939041387618354","-3.6003831655472283","-3.6003831655472283","-3.6003831655472283","-2.44729020496393","-2.44729020496393","-2.44729020496393","-3.588119148551025","-3.588119148551025","-3.588119148551025","-2.6505977887201544","-2.6505977887201544","-2.6505977887201544","-2.7202010312534073","-2.7202010312534073","-2.7202010312534073","-3.2766569350606454","-3.2766569350606454","-3.2766569350606454","-3.7992810002111606","-3.7992810002111606","-3.7992810002111606","-3.9304308905738017","-3.9304308905738017","-3.9304308905738017","-4.215878348309026","-4.215878348309026","-4.215878348309026","-2.626842526807464","-2.626842526807464","-2.626842526807464","-4.687886282205691","-4.687886282205691","-4.687886282205691","-2.798779557437123","-2.798779557437123","-2.798779557437123","-5.3229901927279375","-5.3229901927279375","-5.3229901927279375","-4.493293120804514","-4.493293120804514","-4.493293120804514","-2.6181271722218176","-2.6181271722218176","-2.6181271722218176","-5.020380244750525","-5.020380244750525","-5.020380244750525","-3.2676701926616714","-3.2676701926616714","-3.2676701926616714","-2.2111669353849046","-2.2111669353849046","-2.2111669353849046","-4.762326392425327","-4.762326392425327","-4.762326392425327"
"12000","-4.709910397471417","-4.709910397471417","-4.709910397471417","-2.711871141010771","-2.711871141010771","-2.711871141010771","-2.856694333587562","-2.856694333587562","-2.856694333587562","-5.085702461711859","-5.085702461711859","-5.085702461711859","-3.2730570607638776","-3.2730570607638776","-3.2730570607638776","-2.7695232116937456","-2.7695232116937456","-2.7695232116937456","-2.8668402278772875","-2.8668402278772875","-2.8668402278772875","-2.5625702847636314","-2.5625702847636314","-2.5625702847636314","-5.933244549263199","-5.933244549263199","-5.933244549263199","-2.7577774717998333","-2.7577774717998333","-2.7577774717998333","-3.814614944673901","-3.814614944673901","-3.814614944673901","-4.0532228081368284","-4.0532228081368284","-4.0532228081368284","-3.0491628857561315","-3.0491628857561315","-3.0491628857561315","-4.804534063818667","-4.804534063818667","-4.804534063818667","-4.265050156998778","-4.265050156998778","-4.265050156998778","-2.48281629683722","-2.48281629683722","-2.48281629683722","-4.146391454744694","-4.146391454744694","-4.146391454744694","-3.679802837250145","-3.679802837250145","-3.679802837250145","-2.9021557612389044","-2.9021557612389044","-2.9021557612389044","-4.191336676767035","-4.191336676767035","-4.191336676767035"
"12500","-5.2429332654419785","-5.2429332654419785","-5.2429332654419785","-2.676817270663565","-2.676817270663565","-2.676817270663565","-3.3852784395109508","-3.3852784395109508","-3.3852784395109508","-2.989218289501459","-2.989218289501459","-2.989218289501459","-3.250884262570712","-3.250884262570712","-3.250884262570712","-2.760956133697759","-2.760956133697759","-2.760956133697759","-2.770109902101523","-2.770109902101523","-2.770109902101523","-3.217047008261808","-3.217047008261808","-3.217047008261808","-3.1877053978912953","-3.1877053978912953","-3.1877053978912953","-2.462504097680509","-2.462504097680509","-2.462504097680509","-3.0756306384654066","-3.0756306384654066","-3.0756306384654066","-3.961539129537259","-3.961539129537259","-3.961539129537259","-2.9086773491389386","-2.9086773491389386","-2.9086773491389386","-4.432150948015322","-4.432150948015322","-4.432150948015322","-4.129063353697866","-4.129063353697866","-4.129063353697866","-4.84480861482215","-4.84480861482215","-4.84480861482215","-2.9596789716176195","-2.9596789716176195","-2.9596789716176195","-4.9853275120184035","-4.9853275120184035","-4.9853275120184035","-3.62477068359671","-3.62477068359671","-3.62477068359671","-4.3119314789672005","-4.3119314789672005","-4.3119314789672005"
"13000","-3.4796329784914044","-3.4796329784914044","-3.4796329784914044","-3.1561792185974555","-3.1561792185974555","-3.1561792185974555","-3.1400061220241082","-3.1400061220241082","-3.1400061220241082","-2.722619368577283","-2.722619368577283","-2.722619368577283","-3.215001510862347","-3.215001510862347","-3.215001510862347","-4.133236994451525","-4.133236994451525","-4.133236994451525","-2.484390704521396","-2.484390704521396","-2.484390704521396","-3.0526418852829584","-3.0526418852829584","-3.0526418852829584","-3.780706075267907","-3.780706075267907","-3.780706075267907","-3.6546810371292486","-3.6546810371292486","-3.6546810371292486","-4.573037541927749","-4.573037541927749","-4.573037541927749","-2.913581811814281","-2.913581811814281","-2.913581811814281","-3.0536278276202844","-3.0536278276202844","-3.0536278276202844","-3.933047338915351","-3.933047338915351","-3.933047338915351","-4.428931914517378","-4.428931914517378","-4.428931914517378","-2.620231343063525","-2.620231343063525","-2.620231343063525","-3.2408496314089503","-3.2408496314089503","-3.2408496314089503","-3.6538175441703586","-3.6538175441703586","-3.6538175441703586","-1.8505098597764633","-1.8505098597764633","-1.8505098597764633","-3.1586631744092144","-3.1586631744092144","-3.1586631744092144"
"13500","-3.726923313068707","-3.726923313068707","-3.726923313068707","-2.382691502190416","-2.382691502190416","-2.382691502190416","-2.481312810503319","-2.481312810503319","-2.481312810503319","-3.1597492026044653","-3.1597492026044653","-3.1597492026044653","-2.461391037166391","-2.461391037166391","-2.461391037166391","-2.3702965808363663","-2.3702965808363663","-2.3702965808363663","-3.4000275049038486","-3.4000275049038486","-3.4000275049038486","-3.059929506671897","-3.059929506671897","-3.059929506671897","-4.136515333181677","-4.136515333181677","-4.136515333181677","-5.424003416621259","-5.424003416621259","-5.424003416621259","-3.165681047490939","-3.165681047490939","-3.165681047490939","-3.049517695917358","-3.049517695917358","-3.049517695917358","-3.4583850647730636","-3.4583850647730636","-3.4583850647730636","-3.976002656320064","-3.976002656320064","-3.976002656320064","-3.6852822923078796","-3.6852822923078796","-3.6852822923078796","-2.2357725616143735","-2.2357725616143735","-2.2357725616143735","-2.7041309170992904","-2.7041309170992904","-2.7041309170992904","-5.426219101544746","-5.426219101544746","-5.426219101544746","-3.0028879939843014","-3.0028879939843014","-3.0028879939843014","-5.784714641768358","-5.784714641768358","-5.784714641768358"
"14000","-3.072191778239854","-3.072191778239854","-3.072191778239854","-2.069434070351631","-2.069434070351631","-2.069434070351631","-2.3175952448474173","-2.3175952448474173","-2.3175952448474173","-3.035000694639684","-3.035000694639684","-3.035000694639684","-2.1064712393552645","-2.1064712393552645","-2.1064712393552645","-3.343660999206173","-3.343660999206173","-3.343660999206173","-3.926003121840175","-3.926003121840175","-3.926003121840175","-2.677488815808839","-2.677488815808839","-2.677488815808839","-2.803606942823042","-2.803606942823042","-2.803606942823042","-3.0243961962118897","-3.0243961962118897","-3.0243961962118897","-3.3101099191122927","-3.3101099191122927","-3.3101099191122927","-2.18774863231954","-2.18774863231954","-2.18774863231954","-2.2159247661895294","-2.2159247661895294","-2.2159247661895294","-4.315304547819859","-4.315304547819859","-4.315304547819859","-2.602245450177688","-2.602245450177688","-2.602245450177688","-3.0150781832696194","-3.0150781832696194","-3.0150781832696194","-4.539474523838062","-4.539474523838062","-4.539474523838062","-4.114834526278168","-4.114834526278168","-4.114834526278168","-4.325008392098522","-4.325008392098522","-4.325008392098522","-3.373742884595849","-3.373742884595849","-3.373742884595849"
"14500","-3.245871717491854","-3.245871717491854","-3.245871717491854","-3.1483180588569106","-3.1483180588569106","-3.1483180588569106","-1.7414014334316963","-1.7414014334316963","-1.7414014334316963","-3.2631472804797923","-3.2631472804797923","-3.2631472804797923","-2.336059720545072","-2.336059720545072","-2.336059720545072","-3.4648861365653887","-3.4648861365653887","-3.4648861365653887","-2.5182177907887384","-2.5182177907887384","-2.5182177907887384","-3.121058073795858","-3.121058073795858","-3.121058073795858","-4.0125132732849025","-4.0125132732849025","-4.0125132732849025","-2.4170068501468824","-2.4170068501468824","-2.4170068501468824","-2.784879693485686","-2.784879693485686","-2.784879693485686","-2.9206031836179536","-2.9206031836179536","-2.9206031836179536","-2.2869591672037233","-2.2869591672037233","-2.2869591672037233","-3.7199494244079014","-3.7199494244079014","-3.7199494244079014","-2.630621618334409","-2.630621618334409","-2.630621618334409","-2.4641491682609944","-2.4641491682609944","-2.4641491682609944","-2.610400128242347","-2.610400128242347","-2.610400128242347","-3.0882785641320987","-3.0882785641320987","-3.0882785641320987","-2.8294541938482696","-2.8294541938482696","-2.8294541938482696","-4.250344436684647","-4.250344436684647","-4.250344436684647"
"15000","-3.1093659766830597","-3.1093659766830597","-3.1093659766830597","-2.2757672131022497","-2.2757672131022497","-2.2757672131022497","-2.940282785650061","-2.940282785650061","-2.940282785650061","-2.979747614443915","-2.979747614443915","-2.979747614443915","-3.7677378733415994","-3.7677378733415994","-3.7677378733415994","-3.2721711179693593","-3.2721711179693593","-3.2721711179693593","-2.7454994819259824","-2.7454994819259824","-2.7454994819259824","-2.5574729760357107","-2.5574729760357107","-2.5574729760357107","-3.384777803637584","-3.384777803637584","-3.384777803637584","-2.9907260315727813","-2.9907260315727813","-2.9907260315727813","-2.422757842272083","-2.422757842272083","-2.422757842272083","-2.9177889205646244","-2.9177889205646244","-2.9177889205646244","-2.18568393841947","-2.18568393841947","-2.18568393841947","-3.8036452945060284","-3.8036452945060284","-3.8036452945060284","-2.6292147429881685","-2.6292147429881685","-2.6292147429881685","-2.411276820159825","-2.411276820159825","-2.411276820159825","-5.62471496146082","-5.62471496146082","-5.62471496146082","-1.88195111483017","-1.88195111483017","-1.88195111483017","-3.417261580629919","-3.417261580629919","-3.417261580629919","-3.7654088945691386","-3.7654088945691386","-3.7654088945691386"
"15500","-2.842196786252625","-2.842196786252625","-2.842196786252625","-2.6321454012435614","-2.6321454012435614","-2.6321454012435614","-4.727160397784143","-4.727160397784143","-4.727160397784143","-3.190305717415444","-3.190305717415444","-3.190305717415444","-2.550644668159827","-2.550644668159827","-2.550644668159827","-1.656609505553051","-1.656609505553051","-1.656609505553051","-2.354249843983864","-2.354249843983864","-2.354249843983864","-5.27013727531048","-5.27013727531048","-5.27013727531048","-2.49769745681016","-2.49769745681016","-2.49769745681016","-2.1021198052680896","-2.1021198052680896","-2.1021198052680896","-3.232629368443349","-3.232629368443349","-3.232629368443349","-2.9713937024405035","-2.9713937024405035","-2.9713937024405035","-2.238050638231486","-2.238050638231486","-2.238050638231486","-2.9980458699779846","-2.9980458699779846","-2.9980458699779846","-2.9989155131360974","-2.9989155131360974","-2.9989155131360974","-2.53397321822787","-2.53397321822787","-2.53397321822787","-2.110131009040731","-2.110131009040731","-2.110131009040731","-2.326125788334231","-2.326125788334231","-2.326125788334231","-3.627639577645263","-3.627639577645263","-3.627639577645263","-2.877436951156688","-2.877436951156688","-2.877436951156688"
"16000","-2.267713657164655","-2.267713657164655","-2.267713657164655","-2.464039103317975","-2.464039103317975","-2.464039103317975","-3.545467633650378","-3.545467633650378","-3.545467633650378","-2.730846734173526","-2.730846734173526","-2.730846734173526","-2.6063357487513854","-2.6063357487513854","-2.6063357487513854","-2.2173108580947547","-2.2173108580947547","-2.2173108580947547","-4.965844946071887","-4.965844946071887","-4.965844946071887","-2.9211581212893107","-2.9211581212893107","-2.9211581212893107","-2.284157187554875","-2.284157187554875","-2.284157187554875","-2.870623624204235","-2.870623624204235","-2.870623624204235","-2.4176292134842745","-2.4176292134842745","-2.4176292134842745","-2.837112479379765","-2.837112479379765","-2.837112479379765","-2.295132547897763","-2.295132547897763","-2.295132547897763","-2.6813849682129587","-2.6813849682129587","-2.6813849682129587","-2.50570602467607","-2.50570602467607","-2.50570602467607","-2.4945608900863996","-2.4945608900863996","-2.4945608900863996","-2.596159343577212","-2.596159343577212","-2.596159343577212","-2.1423768336848314","-2.1423768336848314","-2.1423768336848314","-2.069897216061065","-2.069897216061065","-2.069897216061065","-3.226404513615594","-3.226404513615594","-3.226404513615594"
"16500","-3.478075395000198","-3.478075395000198","-3.478075395000198","-2.0971400531331486","-2.0971400531331486","-2.0971400531331486","-2.9991298359163894","-2.9991298359163894","-2.9991298359163894","-2.6575879002699816","-2.6575879002699816","-2.6575879002699816","-2.670473307765848","-2.670473307765848","-2.670473307765848","-2.1543119498724344","-2.1543119498724344","-2.1543119498724344","-6.073248092795529","-6.073248092795529","-6.073248092795529","-3.2468377220708553","-3.2468377220708553","-3.2468377220708553","-2.634541076826139","-2.634541076826139","-2.634541076826139","-3.0372147295260246","-3.0372147295260246","-3.0372147295260246","-2.986705744011174","-2.986705744011174","-2.986705744011174","-4.156778898515816","-4.156778898515816","-4.156778898515816","-3.0524671545828803","-3.0524671545828803","-3.0524671545828803","-2.676702405458547","-2.676702405458547","-2.676702405458547","-3.0961127361581617","-3.0961127361581617","-3.0961127361581617","-2.4323550018614353","-2.4323550018614353","-2.4323550018614353","-2.982253261740669","-2.982253261740669","-2.982253261740669","-2.676941397124847","-2.676941397124847","-2.676941397124847","-3.34233351026516","-3.34233351026516","-3.34233351026516","-3.6403735510541595","-3.6403735510541595","-3.6403735510541595"
"17000","-2.0128754635208823","-2.0128754635208823","-2.0128754635208823","-2.5102517664407094","-2.5102517664407094","-2.5102517664407094","-2.6118382433439407","-2.6118382433439407","-2.6118382433439407","-2.574094715631091","-2.574094715631091","-2.574094715631091","-2.0070574248159376","-2.0070574248159376","-2.0070574248159376","-4.379269333331747","-4.379269333331747","-4.379269333331747","-3.735399541478395","-3.735399541478395","-3.735399541478395","-1.6542018286169313","-1.6542018286169313","-1.6542018286169313","-2.490916215228107","-2.490916215228107","-2.490916215228107","-2.9490558976887735","-2.9490558976887735","-2.9490558976887735","-4.609433190661146","-4.609433190661146","-4.609433190661146","-3.391326668742484","-3.391326668742484","-3.391326668742484","-1.4758039394824474","-1.4758039394824474","-1.4758039394824474","-2.4720303624787254","-2.4720303624787254","-2.4720303624787254","-2.068804134578039","-2.068804134578039","-2.068804134578039","-2.4889407279083047","-2.4889407279083047","-2.4889407279083047","-2.719923818692446","-2.719923818692446","-2.719923818692446","-2.1752786852713375","-2.1752786852713375","-2.1752786852713375","-2.0630346333801475","-2.0630346333801475","-2.0630346333801475","-4.206592853892345","-4.206592853892345","-4.206592853892345"
"17500","-1.938087729311885","-1.938087729311885","-1.938087729311885","-2.496443023427579","-2.496443023427579","-2.496443023427579","-3.0570997822366253","-3.0570997822366253","-3.0570997822366253","-2.537965796323137","-2.537965796323137","-2.537965796323137","-2.2172335893684267","-2.2172335893684267","-2.2172335893684267","-2.2214338324077985","-2.2214338324077985","-2.2214338324077985","-3.602678677819776","-3.602678677819776","-3.602678677819776","-4.203488899714079","-4.203488899714079","-4.203488899714079","-4.674980824634045","-4.674980824634045","-4.674980824634045","-2.632325935848601","-2.632325935848601","-2.632325935848601","-2.403188831600662","-2.403188831600662","-2.403188831600662","-1.8588239390337367","-1.8588239390337367","-1.8588239390337367","-1.4430193783003764","-1.4430193783003764","-1.4430193783003764","-2.2940857861122863","-2.2940857861122863","-2.2940857861122863","-2.4628332006591633","-2.4628332006591633","-2.4628332006591633","-3.5072140891973604","-3.5072140891973604","-3.5072140891973604","-1.9625333367162832","-1.9625333367162832","-1.9625333367162832","-2.0267832331725666","-2.0267832331725666","-2.0267832331725666","-3.2125275255185244","-3.2125275255185244","-3.2125275255185244","-3.0751333913686083","-3.0751333913686083","-3.0751333913686083"
"18000","-2.0091678941547992","-2.0091678941547992","-2.0091678941547992","-2.0616635651363318","-2.0616635651363318","-2.0616635651363318","-4.4982203915940495","-4.4982203915940495","-4.4982203915940495","-2.517353115540121","-2.517353115540121","-2.517353115540121","-1.9112392349431748","-1.9112392349431748","-1.9112392349431748","-2.405696754554765","-2.405696754554765","-2.405696754554765","-4.348556072052327","-4.348556072052327","-4.348556072052327","-3.4347320961113694","-3.4347320961113694","-3.4347320961113694","-3.275743975151825","-3.275743975151825","-3.275743975151825","-2.3360191389320386","-2.3360191389320386","-2.3360191389320386","-3.066827167384749","-3.066827167384749","-3.066827167384749","-2.3009001683633885","-2.3009001683633885","-2.3009001683633885","-3.3418750590007087","-3.3418750590007087","-3.3418750590007087","-2.051981083930179","-2.051981083930179","-2.051981083930179","-2.5855445632359086","-2.5855445632359086","-2.5855445632359086","-2.4159039963144755","-2.4159039963144755","-2.4159039963144755","-1.9998895049159373","-1.9998895049159373","-1.9998895049159373","-3.263171943045897","-3.263171943045897","-3.263171943045897","-2.2019225044271016","-2.2019225044271016","-2.2019225044271016","-2.9950260857955655","-2.9950260857955655","-2.9950260857955655"
"18500","-1.9582819752799892","-1.9582819752799892","-1.9582819752799892","-2.359731228969374","-2.359731228969374","-2.359731228969374","-1.9868724905376713","-1.9868724905376713","-1.9868724905376713","-2.2315097752034183","-2.2315097752034183","-2.2315097752034183","-2.580631846684573","-2.580631846684573","-2.580631846684573","-2.4807157204603825","-2.4807157204603825","-2.4807157204603825","-2.7140787600957816","-2.7140787600957816","-2.7140787600957816","-4.734202176711483","-4.734202176711483","-4.734202176711483","-2.2704881964993713","-2.2704881964993713","-2.2704881964993713","-1.770354532720684","-1.770354532720684","-1.770354532720684","-3.108506401166177","-3.108506401166177","-3.108506401166177","-3.0887624666350115","-3.0887624666350115","-3.0887624666350115","-2.271178644679479","-2.271178644679479","-2.271178644679479","-2.668660997684568","-2.668660997684568","-2.668660997684568","-3.221769614723237","-3.221769614723237","-3.221769614723237","-2.3054383345722727","-2.3054383345722727","-2.3054383345722727","-3.8665497120021377","-3.8665497120021377","-3.8665497120021377","-1.746015185294722","-1.746015185294722","-1.746015185294722","-2.8062877239960735","-2.8062877239960735","-2.8062877239960735","-2.98951921886734","-2.98951921886734","-2.98951921886734"
"19000","-1.7245259059502263","-1.7245259059502263","-1.7245259059502263","-2.8125703101955812","-2.8125703101955812","-2.8125703101955812","-2.7129310692444646","-2.7129310692444646","-2.7129310692444646","-2.737952143140127","-2.737952143140127","-2.737952143140127","-3.2222712119684807","-3.2222712119684807","-3.2222712119684807","-2.4308006818060752","-2.4308006818060752","-2.4308006818060752","-2.2309200513708767","-2.2309200513708767","-2.2309200513708767","-3.203513395544352","-3.203513395544352","-3.203513395544352","-3.904606223834782","-3.904606223834782","-3.904606223834782","-4.371069885384509","-4.371069885384509","-4.371069885384509","-2.663431676330436","-2.663431676330436","-2.663431676330436","-2.499181780841987","-2.499181780841987","-2.499181780841987","-4.07410549818147","-4.07410549818147","-4.07410549818147","-3.0919770792246988","-3.0919770792246988","-3.0919770792246988","-2.7813399830189356","-2.7813399830189356","-2.7813399830189356","-3.1142404937644956","-3.1142404937644956","-3.1142404937644956","-2.04128628897721","-2.04128628897721","-2.04128628897721","-2.5699252742382948","-2.5699252742382948","-2.5699252742382948","-1.7550006044952398","-1.7550006044952398","-1.7550006044952398","-3.6909760157202145","-3.6909760157202145","-3.6909760157202145"
"19500","-1.5944835871012408","-1.5944835871012408","-1.5944835871012408","-2.1544613384834563","-2.1544613384834563","-2.1544613384834563","-3.765449166320611","-3.765449166320611","-3.765449166320611","-2.2359063075625807","-2.2359063075625807","-2.2359063075625807","-2.4865942732029076","-2.4865942732029076","-2.4865942732029076","-2.1542514863593594","-2.1542514863593594","-2.1542514863593594","-3.4132366273904786","-3.4132366273904786","-3.4132366273904786","-4.30946594311598","-4.30946594311598","-4.30946594311598","-1.3589269287292995","-1.3589269287292995","-1.3589269287292995","-1.813708928286483","-1.813708928286483","-1.813708928286483","-2.7608134005904392","-2.7608134005904392","-2.7608134005904392","-2.86193921647439","-2.86193921647439","-2.86193921647439","-3.004138877589366","-3.004138877589366","-3.004138877589366","-3.1596761401388656","-3.1596761401388656","-3.1596761401388656","-3.6744847183960574","-3.6744847183960574","-3.6744847183960574","-3.2164097020175637","-3.2164097020175637","-3.2164097020175637","-2.3372452537002824","-2.3372452537002824","-2.3372452537002824","-2.277285822508129","-2.277285822508129","-2.277285822508129","-2.5276173717093915","-2.5276173717093915","-2.5276173717093915","-3.0924040437773215","-3.0924040437773215","-3.0924040437773215"
"20000","-2.172160156676925","-2.172160156676925","-2.172160156676925","-2.17614258107847","-2.17614258107847","-2.17614258107847","-3.687338994758432","-3.687338994758432","-3.687338994758432","-2.964796607501476","-2.964796607501476","-2.964796607501476","-2.2795449547241184","-2.2795449547241184","-2.2795449547241184","-2.7764256108644987","-2.7764256108644987","-2.7764256108644987","-2.693796174344887","-2.693796174344887","-2.693796174344887","-3.4003047018759553","-3.4003047018759553","-3.4003047018759553","-2.727528297028142","-2.727528297028142","-2.727528297028142","-2.1677310809814125","-2.1677310809814125","-2.1677310809814125","-4.132822190363449","-4.132822190363449","-4.132822190363449","-1.8876697285502402","-1.8876697285502402","-1.8876697285502402","-1.7679697667142613","-1.7679697667142613","-1.7679697667142613","-2.394677888467077","-2.394677888467077","-2.394677888467077","-2.150715561233099","-2.150715561233099","-2.150715561233099","-2.5393991063053734","-2.5393991063053734","-2.5393991063053734","-2.4725912320304877","-2.4725912320304877","-2.4725912320304877","-2.6148261281934824","-2.6148261281934824","-2.6148261281934824","-3.119777877523436","-3.119777877523436","-3.119777877523436","-2.6798844392029166","-2.6798844392029166","-2.6798844392029166"
"20500","-1.7044425004943857","-1.7044425004943857","-1.7044425004943857","-1.8840859522680902","-1.8840859522680902","-1.8840859522680902","-2.7066937063617638","-2.7066937063617638","-2.7066937063617638","-1.9554744740526342","-1.9554744740526342","-1.9554744740526342","-2.2696369859604144","-2.2696369859604144","-2.2696369859604144","-3.1615100775649934","-3.1615100775649934","-3.1615100775649934","-2.423825156294351","-2.423825156294351","-2.423825156294351","-2.1758833621091203","-2.1758833621091203","-2.1758833621091203","-2.025787048273875","-2.025787048273875","-2.025787048273875","-1.843896196695788","-1.843896196695788","-1.843896196695788","-2.185337411170866","-2.185337411170866","-2.185337411170866","-1.7572817982807394","-1.7572817982807394","-1.7572817982807394","-1.5400093325514925","-1.5400093325514925","-1.5400093325514925","-3.3666213866760044","-3.3666213866760044","-3.3666213866760044","-2.514228369850557","-2.514228369850557","-2.514228369850557","-2.0859612866061954","-2.0859612866061954","-2.0859612866061954","-2.3061851577408174","-2.3061851577408174","-2.3061851577408174","-2.8690792922713455","-2.8690792922713455","-2.8690792922713455","-2.710352260782384","-2.710352260782384","-2.710352260782384","-3.3650470431015505","-3.3650470431015505","-3.3650470431015505"
"21000","-2.916675948067836","-2.916675948067836","-2.916675948067836","-2.1133133507171697","-2.1133133507171697","-2.1133133507171697","-2.127351549925719","-2.127351549925719","-2.127351549925719","-2.111608300473783","-2.111608300473783","-2.111608300473783","-2.9770763610721263","-2.9770763610721263","-2.9770763610721263","-3.103518024122317","-3.103518024122317","-3.103518024122317","-2.6818846072214026","-2.6818846072214026","-2.6818846072214026","-3.078604181395277","-3.078604181395277","-3.078604181395277","-1.939801228542155","-1.939801228542155","-1.939801228542155","-1.8324885467877934","-1.8324885467877934","-1.8324885467877934","-2.5921338198747734","-2.5921338198747734","-2.5921338198747734","-2.014608153973934","-2.014608153973934","-2.014608153973934","-1.6579568144649712","-1.6579568144649712","-1.6579568144649712","-1.6455751068069664","-1.6455751068069664","-1.6455751068069664","-2.357765714802302","-2.357765714802302","-2.357765714802302","-2.6970695396850872","-2.6970695396850872","-2.6970695396850872","-1.7580288839953933","-1.7580288839953933","-1.7580288839953933","-2.0045701025716105","-2.0045701025716105","-2.0045701025716105","-2.912163729060338","-2.912163729060338","-2.912163729060338","-2.6920098837545074","-2.6920098837545074","-2.6920098837545074"
"21500","-1.5989330718335455","-1.5989330718335455","-1.5989330718335455","-2.6202666679763853","-2.6202666679763853","-2.6202666679763853","-3.458835118493495","-3.458835118493495","-3.458835118493495","-2.852468477637756","-2.852468477637756","-2.852468477637756","-1.8591397184403302","-1.8591397184403302","-1.8591397184403302","-2.6103310970198534","-2.6103310970198534","-2.6103310970198534","-2.9562099109908027","-2.9562099109908027","-2.9562099109908027","-1.3598012319138468","-1.3598012319138468","-1.3598012319138468","-1.4004730360586792","-1.4004730360586792","-1.4004730360586792","-1.8013811628645549","-1.8013811628645549","-1.8013811628645549","-2.4178363177761235","-2.4178363177761235","-2.4178363177761235","-2.3558978475980057","-2.3558978475980057","-2.3558978475980057","-1.5993588879078449","-1.5993588879078449","-1.5993588879078449","-2.7012637011393017","-2.7012637011393017","-2.7012637011393017","-1.7576835659750287","-1.7576835659750287","-1.7576835659750287","-2.025773029461007","-2.025773029461007","-2.025773029461007","-2.0585895140933888","-2.0585895140933888","-2.0585895140933888","-1.955145766146647","-1.955145766146647","-1.955145766146647","-1.6569586777441643","-1.6569586777441643","-1.6569586777441643","-2.5795249871781625","-2.5795249871781625","-2.5795249871781625"
"22000","-1.3593095272642937","-1.3593095272642937","-1.3593095272642937","-1.843973813173049","-1.843973813173049","-1.843973813173049","-2.101795084071528","-2.101795084071528","-2.101795084071528","-2.087888903413309","-2.087888903413309","-2.087888903413309","-1.790519377002994","-1.790519377002994","-1.790519377002994","-4.203869515959751","-4.203869515959751","-4.203869515959751","-2.07863913771272","-2.07863913771272","-2.07863913771272","-2.7107050212369126","-2.7107050212369126","-2.7107050212369126","-1.1460913243768995","-1.1460913243768995","-1.1460913243768995","-2.4193340470089395","-2.4193340470089395","-2.4193340470089395","-1.7111600587288973","-1.7111600587288973","-1.7111600587288973","-1.7926125211191333","-1.7926125211191333","-1.7926125211191333","-2.649772797728215","-2.649772797728215","-2.649772797728215","-1.8619619226206499","-1.8619619226206499","-1.8619619226206499","-2.9101554952444566","-2.9101554952444566","-2.9101554952444566","-1.6836290898722162","-1.6836290898722162","-1.6836290898722162","-3.036990520802666","-3.036990520802666","-3.036990520802666","-2.143627436862494","-2.143627436862494","-2.143627436862494","-2.2548226476639424","-2.2548226476639424","-2.2548226476639424","-2.638637934690036","-2.638637934690036","-2.638637934690036"
"22500","-1.8844397011931266","-1.8844397011931266","-1.8844397011931266","-2.337365391829486","-2.337365391829486","-2.337365391829486","-2.578324704957137","-2.578324704957137","-2.578324704957137","-2.6739048501873475","-2.6739048501873475","-2.6739048501873475","-1.7630725290206855","-1.7630725290206855","-1.7630725290206855","-4.097155458909262","-4.097155458909262","-4.097155458909262","-3.2070805616131253","-3.2070805616131253","-3.2070805616131253","-1.7580527908540167","-1.7580527908540167","-1.7580527908540167","-2.1167988098481247","-2.1167988098481247","-2.1167988098481247","-1.6225690623130435","-1.6225690623130435","-1.6225690623130435","-1.7611161677294755","-1.7611161677294755","-1.7611161677294755","-2.266541185664915","-2.266541185664915","-2.266541185664915","-1.60164544236522","-1.60164544236522","-1.60164544236522","-1.9745114307177851","-1.9745114307177851","-1.9745114307177851","-1.5183172872411226","-1.5183172872411226","-1.5183172872411226","-1.6986455466978527","-1.6986455466978527","-1.6986455466978527","-1.6413680654611031","-1.6413680654611031","-1.6413680654611031","-2.1175333054165475","-2.1175333054165475","-2.1175333054165475","-1.9407866399194493","-1.9407866399194493","-1.9407866399194493","-3.477023135680562","-3.477023135680562","-3.477023135680562"
"23000","-1.6680082275683392","-1.6680082275683392","-1.6680082275683392","-1.8339844293719991","-1.8339844293719991","-1.8339844293719991","-2.1628874048758724","-2.1628874048758724","-2.1628874048758724","-3.463523811249716","-3.463523811249716","-3.463523811249716","-2.844687596508261","-2.844687596508261","-2.844687596508261","-3.1082834798572216","-3.1082834798572216","-3.1082834798572216","-2.827504115605567","-2.827504115605567","-2.827504115605567","-1.7826950220650386","-1.7826950220650386","-1.7826950220650386","-2.449631474494703","-2.449631474494703","-2.449631474494703","-1.8650651733495909","-1.8650651733495909","-1.8650651733495909","-1.9713372606819413","-1.9713372606819413","-1.9713372606819413","-1.9945891119210362","-1.9945891119210362","-1.9945891119210362","-3.169515581017129","-3.169515581017129","-3.169515581017129","-2.3053875692800503","-2.3053875692800503","-2.3053875692800503","-1.9920969612891155","-1.9920969612891155","-1.9920969612891155","-1.7157076545126793","-1.7157076545126793","-1.7157076545126793","-1.594246410522999","-1.594246410522999","-1.594246410522999","-2.597209134279543","-2.597209134279543","-2.597209134279543","-2.0991328892961416","-2.0991328892961416","-2.0991328892961416","-3.157077817695272","-3.157077817695272","-3.157077817695272"
"23500","-1.7401630707844542","-1.7401630707844542","-1.7401630707844542","-2.776864770823496","-2.776864770823496","-2.776864770823496","-2.752511801310757","-2.752511801310757","-2.752511801310757","-2.147799666399279","-2.147799666399279","-2.147799666399279","-1.8471851091374152","-1.8471851091374152","-1.8471851091374152","-3.0590247266268498","-3.0590247266268498","-3.0590247266268498","-2.182942318897067","-2.182942318897067","-2.182942318897067","-2.4112312794870854","-2.4112312794870854","-2.4112312794870854","-2.288275291400746","-2.288275291400746","-2.288275291400746","-2.130554445238564","-2.130554445238564","-2.130554445238564","-1.9697792926105975","-1.9697792926105975","-1.9697792926105975","-1.506137922654294","-1.506137922654294","-1.506137922654294","-1.9610510960318108","-1.9610510960318108","-1.9610510960318108","-2.6038914670165823","-2.6038914670165823","-2.6038914670165823","-1.8425126593783756","-1.8425126593783756","-1.8425126593783756","-1.3234151119684738","-1.3234151119684738","-1.3234151119684738","-2.35546488296131","-2.35546488296131","-2.35546488296131","-2.5333636156320516","-2.5333636156320516","-2.5333636156320516","-2.6064422314689315","-2.6064422314689315","-2.6064422314689315","-2.791819054615883","-2.791819054615883","-2.791819054615883"
"24000","-1.8329456581902863","-1.8329456581902863","-1.8329456581902863","-2.9349895219743036","-2.9349895219743036","-2.9349895219743036","-2.9694866245553886","-2.9694866245553886","-2.9694866245553886","-2.24096330072461","-2.24096330072461","-2.24096330072461","-1.6750953031681868","-1.6750953031681868","-1.6750953031681868","-1.8215178463831463","-1.8215178463831463","-1.8215178463831463","-2.2229184174456633","-2.2229184174456633","-2.2229184174456633","-1.9246216566915983","-1.9246216566915983","-1.9246216566915983","-2.2241834765039608","-2.2241834765039608","-2.2241834765039608","-1.824367925325919","-1.824367925325919","-1.824367925325919","-2.667330842359516","-2.667330842359516","-2.667330842359516","-2.222638133924287","-2.222638133924287","-2.222638133924287","-2.0045737167804396","-2.0045737167804396","-2.0045737167804396","-3.4929102757391455","-3.4929102757391455","-3.4929102757391455","-2.232416945611739","-2.232416945611739","-2.232416945611739","-2.4345145561735584","-2.4345145561735584","-2.4345145561735584","-3.8905854223708665","-3.8905854223708665","-3.8905854223708665","-3.166384650291586","-3.166384650291586","-3.166384650291586","-1.332313019597405","-1.332313019597405","-1.332313019597405","-2.5165822076360094","-2.5165822076360094","-2.5165822076360094"
"24500","-2.0803212366144415","-2.0803212366144415","-2.0803212366144415","-1.6854214215188421","-1.6854214215188421","-1.6854214215188421","-2.2890147213179666","-2.2890147213179666","-2.2890147213179666","-2.657305498870772","-2.657305498870772","-2.657305498870772","-1.6712461689789841","-1.6712461689789841","-1.6712461689789841","-2.7313098624482257","-2.7313098624482257","-2.7313098624482257","-2.190961677468389","-2.190961677468389","-2.190961677468389","-2.4115388285319996","-2.4115388285319996","-2.4115388285319996","-1.7282613545683625","-1.7282613545683625","-1.7282613545683625","-1.4984094788082678","-1.4984094788082678","-1.4984094788082678","-2.3371461723914146","-2.3371461723914146","-2.3371461723914146","-1.4103663853579147","-1.4103663853579147","-1.4103663853579147","-1.7769296345825256","-1.7769296345825256","-1.7769296345825256","-2.9656581341308983","-2.9656581341308983","-2.9656581341308983","-1.7845119553416133","-1.7845119553416133","-1.7845119553416133","-1.9195569288520347","-1.9195569288520347","-1.9195569288520347","-3.0017836762094516","-3.0017836762094516","-3.0017836762094516","-2.454450459378351","-2.454450459378351","-2.454450459378351","-1.6693961404278554","-1.6693961404278554","-1.6693961404278554","-3.291245090624559","-3.291245090624559","-3.291245090624559"
"25000","-1.334059642755404","-1.334059642755404","-1.334059642755404","-1.6866717271198772","-1.6866717271198772","-1.6866717271198772","-3.178209418175263","-3.178209418175263","-3.178209418175263","-2.41011604115869","-2.41011604115869","-2.41011604115869","-1.963945524159227","-1.963945524159227","-1.963945524159227","-2.5398960065685854","-2.5398960065685854","-2.5398960065685854","-1.9788846245332672","-1.9788846245332672","-1.9788846245332672","-1.5728347358403512","-1.5728347358403512","-1.5728347358403512","-2.3865861535746857","-2.3865861535746857","-2.3865861535746857","-3.0071739160835564","-3.0071739160835564","-3.0071739160835564","-3.6899034833642737","-3.6899034833642737","-3.6899034833642737","-1.6132578011429204","-1.6132578011429204","-1.6132578011429204","-1.859394337756291","-1.859394337756291","-1.859394337756291","-2.684585077323723","-2.684585077323723","-2.684585077323723","-1.724408855781968","-1.724408855781968","-1.724408855781968","-2.348092061705187","-2.348092061705187","-2.348092061705187","-4.585049180193353","-4.585049180193353","-4.585049180193353","-1.8886466866289158","-1.8886466866289158","-1.8886466866289158","-1.9400477974690602","-1.9400477974690602","-1.9400477974690602","-2.3784909021675755","-2.3784909021675755","-2.3784909021675755"
"25500","-1.6249416450116663","-1.6249416450116663","-1.6249416450116663","-2.1882714307636344","-2.1882714307636344","-2.1882714307636344","-2.1076535397749714","-2.1076535397749714","-2.1076535397749714","-2.658449918021938","-2.658449918021938","-2.658449918021938","-1.8382963098825087","-1.8382963098825087","-1.8382963098825087","-4.382597215256753","-4.382597215256753","-4.382597215256753","-2.257829323227857","-2.257829323227857","-2.257829323227857","-1.4510524650077699","-1.4510524650077699","-1.4510524650077699","-2.7327316246960676","-2.7327316246960676","-2.7327316246960676","-1.750687536047573","-1.750687536047573","-1.750687536047573","-4.065861303637439","-4.065861303637439","-4.065861303637439","-2.308365448705734","-2.308365448705734","-2.308365448705734","-1.5850677162814173","-1.5850677162814173","-1.5850677162814173","-2.3147683392420566","-2.3147683392420566","-2.3147683392420566","-1.9476889109422395","-1.9476889109422395","-1.9476889109422395","-1.478954863918261","-1.478954863918261","-1.478954863918261","-1.348534281648176","-1.348534281648176","-1.348534281648176","-1.7552970714892737","-1.7552970714892737","-1.7552970714892737","-1.4110709043571479","-1.4110709043571479","-1.4110709043571479","-2.446398807893445","-2.446398807893445","-2.446398807893445"
"26000","-1.7548867746954067","-1.7548867746954067","-1.7548867746954067","-1.8925687956654635","-1.8925687956654635","-1.8925687956654635","-2.7829864883985924","-2.7829864883985924","-2.7829864883985924","-2.3475402796848583","-2.3475402796848583","-2.3475402796848583","-1.7942473439615738","-1.7942473439615738","-1.7942473439615738","-2.630883737951069","-2.630883737951069","-2.630883737951069","-2.289023760847992","-2.289023760847992","-2.289023760847992","-1.6548667539916626","-1.6548667539916626","-1.6548667539916626","-3.547105456217502","-3.547105456217502","-3.547105456217502","-1.5457481011576646","-1.5457481011576646","-1.5457481011576646","-2.3937238051582916","-2.3937238051582916","-2.3937238051582916","-2.440793025652181","-2.440793025652181","-2.440793025652181","-1.3476870893800843","-1.3476870893800843","-1.3476870893800843","-2.1900338603109573","-2.1900338603109573","-2.1900338603109573","-1.5464429787815415","-1.5464429787815415","-1.5464429787815415","-1.6752318461398203","-1.6752318461398203","-1.6752318461398203","-2.29146405854005","-2.29146405854005","-2.29146405854005","-2.777031008297737","-2.777031008297737","-2.777031008297737","-1.3592079519084972","-1.3592079519084972","-1.3592079519084972","-2.2358261726154094","-2.2358261726154094","-2.2358261726154094"
"26500","-1.5577986029332216","-1.5577986029332216","-1.5577986029332216","-2.32486284138241","-2.32486284138241","-2.32486284138241","-1.9684496037679513","-1.9684496037679513","-1.9684496037679513","-1.7818767117912926","-1.7818767117912926","-1.7818767117912926","-1.9952068473489208","-1.9952068473489208","-1.9952068473489208","-2.113234092613008","-2.113234092613008","-2.113234092613008","-3.1851269076715862","-3.1851269076715862","-3.1851269076715862","-2.5199610225472275","-2.5199610225472275","-2.5199610225472275","-1.6928351942843964","-1.6928351942843964","-1.6928351942843964","-1.9809455420601243","-1.9809455420601243","-1.9809455420601243","-2.573226413933173","-2.573226413933173","-2.573226413933173","-1.6193264887173835","-1.6193264887173835","-1.6193264887173835","-1.3407757662571538","-1.3407757662571538","-1.3407757662571538","-3.4767686804079103","-3.4767686804079103","-3.4767686804079103","-2.2853223186212874","-2.2853223186212874","-2.2853223186212874","-1.456316247083808","-1.456316247083808","-1.456316247083808","-2.5414194564011554","-2.5414194564011554","-2.5414194564011554","-2.1086942143795318","-2.1086942143795318","-2.1086942143795318","-1.393102240063738","-1.393102240063738","-1.393102240063738","-2.080406867146813","-2.080406867146813","-2.080406867146813"
"27000","-1.7964533551114807","-1.7964533551114807","-1.7964533551114807","-2.02971513027829","-2.02971513027829","-2.02971513027829","-2.163396854214531","-2.163396854214531","-2.163396854214531","-2.4243885994410475","-2.4243885994410475","-2.4243885994410475","-1.8995340998418917","-1.8995340998418917","-1.8995340998418917","-2.35804667669466","-2.35804667669466","-2.35804667669466","-2.6313608417698213","-2.6313608417698213","-2.6313608417698213","-1.2550488689741464","-1.2550488689741464","-1.2550488689741464","-1.4895354029982997","-1.4895354029982997","-1.4895354029982997","-2.0073011280075077","-2.0073011280075077","-2.0073011280075077","-3.2603372584970716","-3.2603372584970716","-3.2603372584970716","-1.7007784390764762","-1.7007784390764762","-1.7007784390764762","-1.6068675355490807","-1.6068675355490807","-1.6068675355490807","-2.169027050473857","-2.169027050473857","-2.169027050473857","-2.22728700213037","-2.22728700213037","-2.22728700213037","-1.5045724076765326","-1.5045724076765326","-1.5045724076765326","-1.6746999008680157","-1.6746999008680157","-1.6746999008680157","-2.1880238701427523","-2.1880238701427523","-2.1880238701427523","-3.141389914941878","-3.141389914941878","-3.141389914941878","-2.0325371304527287","-2.0325371304527287","-2.0325371304527287"
"27500","-1.3890024412555757","-1.3890024412555757","-1.3890024412555757","-1.565210573374099","-1.565210573374099","-1.565210573374099","-2.4660027023090447","-2.4660027023090447","-2.4660027023090447","-2.0209872638058535","-2.0209872638058535","-2.0209872638058535","-1.489859485980301","-1.489859485980301","-1.489859485980301","-2.192691019725467","-2.192691019725467","-2.192691019725467","-2.2165028189643365","-2.2165028189643365","-2.2165028189643365","-2.273065648806659","-2.273065648806659","-2.273065648806659","-1.6075856841314782","-1.6075856841314782","-1.6075856841314782","-1.3864283195867988","-1.3864283195867988","-1.3864283195867988","-2.8900195546329366","-2.8900195546329366","-2.8900195546329366","-2.3572354358979175","-2.3572354358979175","-2.3572354358979175","-2.072567730035543","-2.072567730035543","-2.072567730035543","-2.626250846951394","-2.626250846951394","-2.626250846951394","-1.5155998581938392","-1.5155998581938392","-1.5155998581938392","-1.681350221741123","-1.681350221741123","-1.681350221741123","-2.6679249567632963","-2.6679249567632963","-2.6679249567632963","-2.9287081567243325","-2.9287081567243325","-2.9287081567243325","-1.9640580907081848","-1.9640580907081848","-1.9640580907081848","-1.7668236601338534","-1.7668236601338534","-1.7668236601338534"
"28000","-1.5870554477257026","-1.5870554477257026","-1.5870554477257026","-1.8038330820292074","-1.8038330820292074","-1.8038330820292074","-2.5549559127892487","-2.5549559127892487","-2.5549559127892487","-1.9869736201923278","-1.9869736201923278","-1.9869736201923278","-1.9257756180108596","-1.9257756180108596","-1.9257756180108596","-2.546088575930505","-2.546088575930505","-2.546088575930505","-2.885660063668639","-2.885660063668639","-2.885660063668639","-1.7964131913659762","-1.7964131913659762","-1.7964131913659762","-2.049191218865043","-2.049191218865043","-2.049191218865043","-1.4472460106294898","-1.4472460106294898","-1.4472460106294898","-2.2783890960787723","-2.2783890960787723","-2.2783890960787723","-2.3058426078940117","-2.3058426078940117","-2.3058426078940117","-1.6097641240397955","-1.6097641240397955","-1.6097641240397955","-2.6630831602588163","-2.6630831602588163","-2.6630831602588163","-1.6537010512071109","-1.6537010512071109","-1.6537010512071109","-1.1570826765793454","-1.1570826765793454","-1.1570826765793454","-1.996989091526808","-1.996989091526808","-1.996989091526808","-2.21670470820282","-2.21670470820282","-2.21670470820282","-2.1902346051377313","-2.1902346051377313","-2.1902346051377313","-1.9873732251979745","-1.9873732251979745","-1.9873732251979745"
"28500","-1.7883234252282207","-1.7883234252282207","-1.7883234252282207","-1.7919423934718353","-1.7919423934718353","-1.7919423934718353","-2.185735914942139","-2.185735914942139","-2.185735914942139","-1.8488791524133155","-1.8488791524133155","-1.8488791524133155","-1.7360762684661477","-1.7360762684661477","-1.7360762684661477","-2.0738806461593264","-2.0738806461593264","-2.0738806461593264","-2.9812117140741337","-2.9812117140741337","-2.9812117140741337","-1.7179783944589282","-1.7179783944589282","-1.7179783944589282","-1.281514362947621","-1.281514362947621","-1.281514362947621","-1.727500649363489","-1.727500649363489","-1.727500649363489","-2.5654124632993414","-2.5654124632993414","-2.5654124632993414","-1.517809207134496","-1.517809207134496","-1.517809207134496","-2.06454004701452","-2.06454004701452","-2.06454004701452","-3.351226685312728","-3.351226685312728","-3.351226685312728","-1.4806605413491092","-1.4806605413491092","-1.4806605413491092","-1.6302424866301295","-1.6302424866301295","-1.6302424866301295","-2.0300912677938703","-2.0300912677938703","-2.0300912677938703","-2.385146121916737","-2.385146121916737","-2.385146121916737","-1.598743890346239","-1.598743890346239","-1.598743890346239","-2.484221068706451","-2.484221068706451","-2.484221068706451"
"29000","-1.4193578287748723","-1.4193578287748723","-1.4193578287748723","-1.560650320150571","-1.560650320150571","-1.560650320150571","-2.3089073996998852","-2.3089073996998852","-2.3089073996998852","-2.0571388085536637","-2.0571388085536637","-2.0571388085536637","-1.854635465532614","-1.854635465532614","-1.854635465532614","-1.5446488160838219","-1.5446488160838219","-1.5446488160838219","-3.1054471025873234","-3.1054471025873234","-3.1054471025873234","-1.4181570678986615","-1.4181570678986615","-1.4181570678986615","-1.4012466261213272","-1.4012466261213272","-1.4012466261213272","-2.179261736073913","-2.179261736073913","-2.179261736073913","-2.180767444043565","-2.180767444043565","-2.180767444043565","-1.7551653422882083","-1.7551653422882083","-1.7551653422882083","-1.4678077489979553","-1.4678077489979553","-1.4678077489979553","-2.5507851847264575","-2.5507851847264575","-2.5507851847264575","-1.317248216343782","-1.317248216343782","-1.317248216343782","-1.7851829446757166","-1.7851829446757166","-1.7851829446757166","-2.0844888186400796","-2.0844888186400796","-2.0844888186400796","-2.1106103975836636","-2.1106103975836636","-2.1106103975836636","-2.3628396226824284","-2.3628396226824284","-2.3628396226824284","-2.0715589819514566","-2.0715589819514566","-2.0715589819514566"
"29500","-1.5334022055451224","-1.5334022055451224","-1.5334022055451224","-1.5449800154002826","-1.5449800154002826","-1.5449800154002826","-2.1496494931179315","-2.1496494931179315","-2.1496494931179315","-2.232541917264688","-2.232541917264688","-2.232541917264688","-1.5720660127901283","-1.5720660127901283","-1.5720660127901283","-1.6595798173589464","-1.6595798173589464","-1.6595798173589464","-2.4685196725490712","-2.4685196725490712","-2.4685196725490712","-1.7618158510947186","-1.7618158510947186","-1.7618158510947186","-1.4709233854713153","-1.4709233854713153","-1.4709233854713153","-1.651752003245185","-1.651752003245185","-1.651752003245185","-2.104084919999342","-2.104084919999342","-2.104084919999342","-1.9114043695467147","-1.9114043695467147","-1.9114043695467147","-1.9922185992541188","-1.9922185992541188","-1.9922185992541188","-3.541969975901523","-3.541969975901523","-3.541969975901523","-1.7342391259522607","-1.7342391259522607","-1.7342391259522607","-1.3000363962422412","-1.3000363962422412","-1.3000363962422412","-1.7541747593203687","-1.7541747593203687","-1.7541747593203687","-2.4073069060587646","-2.4073069060587646","-2.4073069060587646","-1.4024664989134237","-1.4024664989134237","-1.4024664989134237","-2.5914012376138915","-2.5914012376138915","-2.5914012376138915"
"30000","-1.7650207255247536","-1.7650207255247536","-1.7650207255247536","-1.5594296801632832","-1.5594296801632832","-1.5594296801632832","-2.223501769189991","-2.223501769189991","-2.223501769189991","-2.7376002774017847","-2.7376002774017847","-2.7376002774017847","-1.5685642246090916","-1.5685642246090916","-1.5685642246090916","-2.514743370645644","-2.514743370645644","-2.514743370645644","-2.455006181832693","-2.455006181832693","-2.455006181832693","-1.486096701941736","-1.486096701941736","-1.486096701941736","-1.2863362997910728","-1.2863362997910728","-1.2863362997910728","-1.476481183123107","-1.476481183123107","-1.476481183123107","-1.7767384534017943","-1.7767384534017943","-1.7767384534017943","-1.5129796520846417","-1.5129796520846417","-1.5129796520846417","-1.345149651901527","-1.345149651901527","-1.345149651901527","-2.386342690598935","-2.386342690598935","-2.386342690598935","-1.4206820896335923","-1.4206820896335923","-1.4206820896335923","-1.3339301223447098","-1.3339301223447098","-1.3339301223447098","-1.9467455259568993","-1.9467455259568993","-1.9467455259568993","-2.1386174390201083","-2.1386174390201083","-2.1386174390201083","-1.807834524201256","-1.807834524201256","-1.807834524201256","-2.1508959745129084","-2.1508959745129084","-2.1508959745129084"
"30500","-2.0197191828146264","-2.0197191828146264","-2.0197191828146264","-1.352414051345943","-1.352414051345943","-1.352414051345943","-2.044281110754473","-2.044281110754473","-2.044281110754473","-1.6211403913381432","-1.6211403913381432","-1.6211403913381432","-1.9218239927786414","-1.9218239927786414","-1.9218239927786414","-1.3537013239812878","-1.3537013239812878","-1.3537013239812878","-2.453463278126764","-2.453463278126764","-2.453463278126764","-1.4597954902706696","-1.4597954902706696","-1.4597954902706696","-1.6955726166748648","-1.6955726166748648","-1.6955726166748648","-1.600268050980106","-1.600268050980106","-1.600268050980106","-2.215328620164646","-2.215328620164646","-2.215328620164646","-1.6330126841483004","-1.6330126841483004","-1.6330126841483004","-2.0075623667865754","-2.0075623667865754","-2.0075623667865754","-2.5294986483194997","-2.5294986483194997","-2.5294986483194997","-1.452276254514008","-1.452276254514008","-1.452276254514008","-1.5579456008750054","-1.5579456008750054","-1.5579456008750054","-1.9248646347013505","-1.9248646347013505","-1.9248646347013505","-2.3100897408189964","-2.3100897408189964","-2.3100897408189964","-1.7137888640398458","-1.7137888640398458","-1.7137888640398458","-2.064014567873257","-2.064014567873257","-2.064014567873257"
"31000","-1.6948926006455263","-1.6948926006455263","-1.6948926006455263","-2.9177139912135517","-2.9177139912135517","-2.9177139912135517","-1.8449837310413404","-1.8449837310413404","-1.8449837310413404","-2.28845789944001","-2.28845789944001","-2.28845789944001","-2.1378550381595374","-2.1378550381595374","-2.1378550381595374","-2.354152758118663","-2.354152758118663","-2.354152758118663","-2.737865573923004","-2.737865573923004","-2.737865573923004","-1.8090259606554824","-1.8090259606554824","-1.8090259606554824","-1.3675114537159159","-1.3675114537159159","-1.3675114537159159","-1.9090012671977223","-1.9090012671977223","-1.9090012671977223","-2.4620066470944275","-2.4620066470944275","-2.4620066470944275","-1.5804303280547505","-1.5804303280547505","-1.5804303280547505","-1.6771921878643865","-1.6771921878643865","-1.6771921878643865","-2.336914943314775","-2.336914943314775","-2.336914943314775","-1.3965625369556696","-1.3965625369556696","-1.3965625369556696","-1.3793778178593585","-1.3793778178593585","-1.3793778178593585","-1.3702268863157432","-1.3702268863157432","-1.3702268863157432","-1.9878280744964296","-1.9878280744964296","-1.9878280744964296","-1.7698998001340822","-1.7698998001340822","-1.7698998001340822","-2.4953172947325553","-2.4953172947325553","-2.4953172947325553"
"31500","-1.8019115470001552","-1.8019115470001552","-1.8019115470001552","-1.7662287538201649","-1.7662287538201649","-1.7662287538201649","-1.7558437250222187","-1.7558437250222187","-1.7558437250222187","-1.9437439181936675","-1.9437439181936675","-1.9437439181936675","-1.4935572214152102","-1.4935572214152102","-1.4935572214152102","-2.04678666968102","-2.04678666968102","-2.04678666968102","-3.0674936380069173","-3.0674936380069173","-3.0674936380069173","-1.3296773562107993","-1.3296773562107993","-1.3296773562107993","-1.2256330894324914","-1.2256330894324914","-1.2256330894324914","-1.3196190868662068","-1.3196190868662068","-1.3196190868662068","-2.320948414830183","-2.320948414830183","-2.320948414830183","-1.9662143525051063","-1.9662143525051063","-1.9662143525051063","-1.5425388878391721","-1.5425388878391721","-1.5425388878391721","-1.6639241206862336","-1.6639241206862336","-1.6639241206862336","-1.6468702502786055","-1.6468702502786055","-1.6468702502786055","-1.2117670221937407","-1.2117670221937407","-1.2117670221937407","-1.6112800692306197","-1.6112800692306197","-1.6112800692306197","-1.8145472440638304","-1.8145472440638304","-1.8145472440638304","-1.3831881879884695","-1.3831881879884695","-1.3831881879884695","-1.8672851838008075","-1.8672851838008075","-1.8672851838008075"
"32000","-1.685509945894496","-1.685509945894496","-1.685509945894496","-2.076496122224833","-2.076496122224833","-2.076496122224833","-2.0866814071505986","-2.0866814071505986","-2.0866814071505986","-1.8017961383036618","-1.8017961383036618","-1.8017961383036618","-1.3203629598012785","-1.3203629598012785","-1.3203629598012785","-1.6743428868865948","-1.6743428868865948","-1.6743428868865948","-2.9096253516058446","-2.9096253516058446","-2.9096253516058446","-1.4171713352882083","-1.4171713352882083","-1.4171713352882083","-1.4406358330315068","-1.4406358330315068","-1.4406358330315068","-1.432678703835587","-1.432678703835587","-1.432678703835587","-2.867822318402635","-2.867822318402635","-2.867822318402635","-1.8551513709199772","-1.8551513709199772","-1.8551513709199772","-1.192089137461637","-1.192089137461637","-1.192089137461637","-1.692829127378171","-1.692829127378171","-1.692829127378171","-1.754653032698279","-1.754653032698279","-1.754653032698279","-1.7216759471931131","-1.7216759471931131","-1.7216759471931131","-1.484600721118952","-1.484600721118952","-1.484600721118952","-2.548408225001816","-2.548408225001816","-2.548408225001816","-1.6826203751733224","-1.6826203751733224","-1.6826203751733224","-1.7487241679592203","-1.7487241679592203","-1.7487241679592203"
"32500","-1.4985138822322408","-1.4985138822322408","-1.4985138822322408","-2.044169924341684","-2.044169924341684","-2.044169924341684","-3.382405960452721","-3.382405960452721","-3.382405960452721","-1.842200398858445","-1.842200398858445","-1.842200398858445","-2.121116601750365","-2.121116601750365","-2.121116601750365","-1.9249927505573932","-1.9249927505573932","-1.9249927505573932","-3.1227239759481655","-3.1227239759481655","-3.1227239759481655","-1.2096111188794736","-1.2096111188794736","-1.2096111188794736","-1.191226400558786","-1.191226400558786","-1.191226400558786","-1.5755952822868071","-1.5755952822868071","-1.5755952822868071","-2.4743617793002826","-2.4743617793002826","-2.4743617793002826","-1.809696286038631","-1.809696286038631","-1.809696286038631","-1.5907727040753317","-1.5907727040753317","-1.5907727040753317","-2.0996661931861738","-2.0996661931861738","-2.0996661931861738","-1.5943699955874286","-1.5943699955874286","-1.5943699955874286","-1.6415508463616297","-1.6415508463616297","-1.6415508463616297","-1.678824132899085","-1.678824132899085","-1.678824132899085","-1.9502395978038087","-1.9502395978038087","-1.9502395978038087","-2.863430593435312","-2.863430593435312","-2.863430593435312","-2.3544475944911802","-2.3544475944911802","-2.3544475944911802"
"33000","-1.7892384632230667","-1.7892384632230667","-1.7892384632230667","-1.77858660660477","-1.77858660660477","-1.77858660660477","-1.7074918083029484","-1.7074918083029484","-1.7074918083029484","-2.0279732075333565","-2.0279732075333565","-2.0279732075333565","-1.7306231568324577","-1.7306231568324577","-1.7306231568324577","-2.2052786153729285","-2.2052786153729285","-2.2052786153729285","-3.1669231790666705","-3.1669231790666705","-3.1669231790666705","-1.5253898169423556","-1.5253898169423556","-1.5253898169423556","-1.2415348856887423","-1.2415348856887423","-1.2415348856887423","-1.6904682648528486","-1.6904682648528486","-1.6904682648528486","-2.378951358744527","-2.378951358744527","-2.378951358744527","-1.5523851106453261","-1.5523851106453261","-1.5523851106453261","-1.2629113981296496","-1.2629113981296496","-1.2629113981296496","-2.0210232726448982","-2.0210232726448982","-2.0210232726448982","-1.3955548099854975","-1.3955548099854975","-1.3955548099854975","-1.3016814458689594","-1.3016814458689594","-1.3016814458689594","-2.4884933246916683","-2.4884933246916683","-2.4884933246916683","-2.1165051453876624","-2.1165051453876624","-2.1165051453876624","-1.9164010383662113","-1.9164010383662113","-1.9164010383662113","-2.29060675111226","-2.29060675111226","-2.29060675111226"
"33500","-1.0864906783489947","-1.0864906783489947","-1.0864906783489947","-1.4380808862747336","-1.4380808862747336","-1.4380808862747336","-2.123162446289365","-2.123162446289365","-2.123162446289365","-1.8167526560264224","-1.8167526560264224","-1.8167526560264224","-1.9255062895775723","-1.9255062895775723","-1.9255062895775723","-1.8495013987623605","-1.8495013987623605","-1.8495013987623605","-2.4340973986776553","-2.4340973986776553","-2.4340973986776553","-1.3465451575506147","-1.3465451575506147","-1.3465451575506147","-1.4896668422377894","-1.4896668422377894","-1.4896668422377894","-1.6961666818916001","-1.6961666818916001","-1.6961666818916001","-2.89882524397534","-2.89882524397534","-2.89882524397534","-1.3701419930101402","-1.3701419930101402","-1.3701419930101402","-1.8848547730918352","-1.8848547730918352","-1.8848547730918352","-1.8045322976430218","-1.8045322976430218","-1.8045322976430218","-1.5221605058427596","-1.5221605058427596","-1.5221605058427596","-1.43663367056579","-1.43663367056579","-1.43663367056579","-2.0240390724395474","-2.0240390724395474","-2.0240390724395474","-2.554704300244768","-2.554704300244768","-2.554704300244768","-1.7962674570846182","-1.7962674570846182","-1.7962674570846182","-1.8866039430180734","-1.8866039430180734","-1.8866039430180734"
"34000","-1.3562595214938908","-1.3562595214938908","-1.3562595214938908","-1.4953264412346279","-1.4953264412346279","-1.4953264412346279","-2.070380225334474","-2.070380225334474","-2.070380225334474","-2.2372305393027188","-2.2372305393027188","-2.2372305393027188","-1.6547142562582973","-1.6547142562582973","-1.6547142562582973","-1.9855095421081672","-1.9855095421081672","-1.9855095421081672","-2.5307209989506156","-2.5307209989506156","-2.5307209989506156","-1.0458577351099843","-1.0458577351099843","-1.0458577351099843","-1.3278011768446645","-1.3278011768446645","-1.3278011768446645","-1.9360653043454146","-1.9360653043454146","-1.9360653043454146","-2.3328856177440893","-2.3328856177440893","-2.3328856177440893","-1.8066558741094347","-1.8066558741094347","-1.8066558741094347","-1.2519837232044773","-1.2519837232044773","-1.2519837232044773","-1.7631660963539122","-1.7631660963539122","-1.7631660963539122","-1.8078676605225212","-1.8078676605225212","-1.8078676605225212","-1.5965234766850203","-1.5965234766850203","-1.5965234766850203","-1.3733493342103145","-1.3733493342103145","-1.3733493342103145","-2.04103737229842","-2.04103737229842","-2.04103737229842","-1.4185069878689307","-1.4185069878689307","-1.4185069878689307","-1.733499956663239","-1.733499956663239","-1.733499956663239"
"34500","-1.1257655269056337","-1.1257655269056337","-1.1257655269056337","-1.4282272186131935","-1.4282272186131935","-1.4282272186131935","-1.8131766288871485","-1.8131766288871485","-1.8131766288871485","-1.8521623927786308","-1.8521623927786308","-1.8521623927786308","-1.958142422333418","-1.958142422333418","-1.958142422333418","-2.0290358980873275","-2.0290358980873275","-2.0290358980873275","-2.7181674551832087","-2.7181674551832087","-2.7181674551832087","-1.3344619735273509","-1.3344619735273509","-1.3344619735273509","-1.1623268375136737","-1.1623268375136737","-1.1623268375136737","-1.7662999070093754","-1.7662999070093754","-1.7662999070093754","-2.3367304543791088","-2.3367304543791088","-2.3367304543791088","-1.6724444755022272","-1.6724444755022272","-1.6724444755022272","-1.372913915397073","-1.372913915397073","-1.372913915397073","-1.7028399741233016","-1.7028399741233016","-1.7028399741233016","-1.6334853439610604","-1.6334853439610604","-1.6334853439610604","-1.5019610919701967","-1.5019610919701967","-1.5019610919701967","-1.4883083925816256","-1.4883083925816256","-1.4883083925816256","-2.214612775366633","-2.214612775366633","-2.214612775366633","-1.293401385183367","-1.293401385183367","-1.293401385183367","-1.6299550949005752","-1.6299550949005752","-1.6299550949005752"
"35000","-1.4184168788272669","-1.4184168788272669","-1.4184168788272669","-2.064960070574055","-2.064960070574055","-2.064960070574055","-1.810597201205384","-1.810597201205384","-1.810597201205384","-1.737679792541878","-1.737679792541878","-1.737679792541878","-1.3191604696509351","-1.3191604696509351","-1.3191604696509351","-2.505745843462183","-2.505745843462183","-2.505745843462183","-1.9959514449338471","-1.9959514449338471","-1.9959514449338471","-1.6638521930632724","-1.6638521930632724","-1.6638521930632724","-1.466882964552729","-1.466882964552729","-1.466882964552729","-1.5830663165613093","-1.5830663165613093","-1.5830663165613093","-2.14854713872099","-2.14854713872099","-2.14854713872099","-1.6583557183952777","-1.6583557183952777","-1.6583557183952777","-1.311273893125615","-1.311273893125615","-1.311273893125615","-1.6065711546811214","-1.6065711546811214","-1.6065711546811214","-1.5703943353599725","-1.5703943353599725","-1.5703943353599725","-1.9227792298483564","-1.9227792298483564","-1.9227792298483564","-2.3369335334869787","-2.3369335334869787","-2.3369335334869787","-1.7352345122793131","-1.7352345122793131","-1.7352345122793131","-1.1930900566883398","-1.1930900566883398","-1.1930900566883398","-2.0496957200348254","-2.0496957200348254","-2.0496957200348254"
"35500","-1.5925367842374143","-1.5925367842374143","-1.5925367842374143","-1.617865903805317","-1.617865903805317","-1.617865903805317","-1.7130238149556232","-1.7130238149556232","-1.7130238149556232","-2.191227101214049","-2.191227101214049","-2.191227101214049","-1.4862135895492172","-1.4862135895492172","-1.4862135895492172","-2.0238617854764933","-2.0238617854764933","-2.0238617854764933","-2.1775333697121524","-2.1775333697121524","-2.1775333697121524","-1.4452499752741188","-1.4452499752741188","-1.4452499752741188","-1.693264317412892","-1.693264317412892","-1.693264317412892","-1.7283397884979794","-1.7283397884979794","-1.7283397884979794","-2.2888692410823817","-2.2888692410823817","-2.2888692410823817","-1.865411923969375","-1.865411923969375","-1.865411923969375","-1.3791878731112792","-1.3791878731112792","-1.3791878731112792","-1.5722510784429304","-1.5722510784429304","-1.5722510784429304","-1.42438686306145","-1.42438686306145","-1.42438686306145","-1.5481741061366556","-1.5481741061366556","-1.5481741061366556","-1.8259609302160418","-1.8259609302160418","-1.8259609302160418","-1.8428953380228286","-1.8428953380228286","-1.8428953380228286","-1.1196204410454842","-1.1196204410454842","-1.1196204410454842","-2.1715207201039233","-2.1715207201039233","-2.1715207201039233"
"36000","-0.9635089391676118","-0.9635089391676118","-0.9635089391676118","-1.7833460842328706","-1.7833460842328706","-1.7833460842328706","-1.846588645152935","-1.846588645152935","-1.846588645152935","-2.2115183244816636","-2.2115183244816636","-2.2115183244816636","-1.5113159815111277","-1.5113159815111277","-1.5113159815111277","-2.418572526120684","-2.418572526120684","-2.418572526120684","-1.948962632781567","-1.948962632781567","-1.948962632781567","-1.2621777713296933","-1.2621777713296933","-1.2621777713296933","-1.1878210659727602","-1.1878210659727602","-1.1878210659727602","-1.459524461212672","-1.459524461212672","-1.459524461212672","-2.1471782257155736","-2.1471782257155736","-2.1471782257155736","-1.6414279690981761","-1.6414279690981761","-1.6414279690981761","-1.560144116026803","-1.560144116026803","-1.560144116026803","-1.7816132333925232","-1.7816132333925232","-1.7816132333925232","-1.6013464102663257","-1.6013464102663257","-1.6013464102663257","-1.5192164698560782","-1.5192164698560782","-1.5192164698560782","-1.2130757618644452","-1.2130757618644452","-1.2130757618644452","-1.9913313860167066","-1.9913313860167066","-1.9913313860167066","-1.292575731153347","-1.292575731153347","-1.292575731153347","-1.88356347230729","-1.88356347230729","-1.88356347230729"
"36500","-1.4750179540848585","-1.4750179540848585","-1.4750179540848585","-1.7949084932413377","-1.7949084932413377","-1.7949084932413377","-2.277482327974462","-2.277482327974462","-2.277482327974462","-1.7440906352313044","-1.7440906352313044","-1.7440906352313044","-1.2544114007275107","-1.2544114007275107","-1.2544114007275107","-2.4745428553727753","-2.4745428553727753","-2.4745428553727753","-1.9005598859910542","-1.9005598859910542","-1.9005598859910542","-1.315901929294056","-1.315901929294056","-1.315901929294056","-1.2681773380523673","-1.2681773380523673","-1.2681773380523673","-1.2917233633073129","-1.2917233633073129","-1.2917233633073129","-1.9190634513002878","-1.9190634513002878","-1.9190634513002878","-1.118238099861691","-1.118238099861691","-1.118238099861691","-1.6519096499233576","-1.6519096499233576","-1.6519096499233576","-1.5378959179423415","-1.5378959179423415","-1.5378959179423415","-1.6509593725914224","-1.6509593725914224","-1.6509593725914224","-1.3925010332929009","-1.3925010332929009","-1.3925010332929009","-1.308106167227288","-1.308106167227288","-1.308106167227288","-2.1751506269326932","-2.1751506269326932","-2.1751506269326932","-1.7044629862866494","-1.7044629862866494","-1.7044629862866494","-1.9077800096068132","-1.9077800096068132","-1.9077800096068132"
"37000","-1.599146020695327","-1.599146020695327","-1.599146020695327","-1.6704633673631402","-1.6704633673631402","-1.6704633673631402","-1.5869359687290545","-1.5869359687290545","-1.5869359687290545","-1.8533559597792038","-1.8533559597792038","-1.8533559597792038","-1.1785126169169833","-1.1785126169169833","-1.1785126169169833","-2.1729837173917383","-2.1729837173917383","-2.1729837173917383","-2.132086168985561","-2.132086168985561","-2.132086168985561","-1.3373786868564994","-1.3373786868564994","-1.3373786868564994","-1.2818725739036494","-1.2818725739036494","-1.2818725739036494","-1.5193858469255255","-1.5193858469255255","-1.5193858469255255","-1.8552841218739764","-1.8552841218739764","-1.8552841218739764","-1.1856196945198674","-1.1856196945198674","-1.1856196945198674","-1.279761868557056","-1.279761868557056","-1.279761868557056","-1.6936543013411007","-1.6936543013411007","-1.6936543013411007","-1.4782946745480499","-1.4782946745480499","-1.4782946745480499","-1.547757067069353","-1.547757067069353","-1.547757067069353","-0.9663298477014125","-0.9663298477014125","-0.9663298477014125","-2.0846434481887046","-2.0846434481887046","-2.0846434481887046","-1.4105950304191426","-1.4105950304191426","-1.4105950304191426","-2.1859264091898587","-2.1859264091898587","-2.1859264091898587"
"37500","-1.394331394807924","-1.394331394807924","-1.394331394807924","-1.749858696765322","-1.749858696765322","-1.749858696765322","-2.010832006550369","-2.010832006550369","-2.010832006550369","-2.0379577995820335","-2.0379577995820335","-2.0379577995820335","-1.3818501567438495","-1.3818501567438495","-1.3818501567438495","-1.6719166800366785","-1.6719166800366785","-1.6719166800366785","-2.0162124197661018","-2.0162124197661018","-2.0162124197661018","-1.2398401671399641","-1.2398401671399641","-1.2398401671399641","-1.2046630315255151","-1.2046630315255151","-1.2046630315255151","-1.142570735099886","-1.142570735099886","-1.142570735099886","-1.8773400569830865","-1.8773400569830865","-1.8773400569830865","-1.2931502201971519","-1.2931502201971519","-1.2931502201971519","-1.3901839428096519","-1.3901839428096519","-1.3901839428096519","-1.5673828644376635","-1.5673828644376635","-1.5673828644376635","-1.568269111279056","-1.568269111279056","-1.568269111279056","-1.6731684973990695","-1.6731684973990695","-1.6731684973990695","-1.156273802713855","-1.156273802713855","-1.156273802713855","-1.952329108949656","-1.952329108949656","-1.952329108949656","-1.6698932819838306","-1.6698932819838306","-1.6698932819838306","-1.9589677407509387","-1.9589677407509387","-1.9589677407509387"
"38000","-1.2843086997794195","-1.2843086997794195","-1.2843086997794195","-1.6965779343470515","-1.6965779343470515","-1.6965779343470515","-1.938802597375212","-1.938802597375212","-1.938802597375212","-2.108346971886206","-2.108346971886206","-2.108346971886206","-1.4326571506349335","-1.4326571506349335","-1.4326571506349335","-1.9657156079650324","-1.9657156079650324","-1.9657156079650324","-1.9337883565887508","-1.9337883565887508","-1.9337883565887508","-1.1931509704741852","-1.1931509704741852","-1.1931509704741852","-1.0758136872350914","-1.0758136872350914","-1.0758136872350914","-1.3612218380449839","-1.3612218380449839","-1.3612218380449839","-2.21894786314002","-2.21894786314002","-2.21894786314002","-1.0896144081600272","-1.0896144081600272","-1.0896144081600272","-1.2439867716513495","-1.2439867716513495","-1.2439867716513495","-1.5558099562788197","-1.5558099562788197","-1.5558099562788197","-1.433963905212965","-1.433963905212965","-1.433963905212965","-1.5766692935219606","-1.5766692935219606","-1.5766692935219606","-1.1418486336024243","-1.1418486336024243","-1.1418486336024243","-1.9247775694390916","-1.9247775694390916","-1.9247775694390916","-1.8125213699284448","-1.8125213699284448","-1.8125213699284448","-2.275287667826568","-2.275287667826568","-2.275287667826568"
"38500","-1.4169299675598472","-1.4169299675598472","-1.4169299675598472","-1.784564685571653","-1.784564685571653","-1.784564685571653","-1.8936451363206426","-1.8936451363206426","-1.8936451363206426","-1.9009580292357153","-1.9009580292357153","-1.9009580292357153","-1.2586734677699174","-1.2586734677699174","-1.2586734677699174","-1.5093772619815926","-1.5093772619815926","-1.5093772619815926","-1.9431786640152886","-1.9431786640152886","-1.9431786640152886","-1.3173420037049364","-1.3173420037049364","-1.3173420037049364","-1.2577542809156683","-1.2577542809156683","-1.2577542809156683","-1.3505061165183583","-1.3505061165183583","-1.3505061165183583","-2.4593764025510203","-2.4593764025510203","-2.4593764025510203","-1.4911427787431344","-1.4911427787431344","-1.4911427787431344","-1.1315171282256908","-1.1315171282256908","-1.1315171282256908","-1.5830891371833882","-1.5830891371833882","-1.5830891371833882","-1.503561810048703","-1.503561810048703","-1.503561810048703","-2.0028599142623285","-2.0028599142623285","-2.0028599142623285","-1.0328260124404909","-1.0328260124404909","-1.0328260124404909","-1.8374343644865991","-1.8374343644865991","-1.8374343644865991","-1.2800860700149108","-1.2800860700149108","-1.2800860700149108","-2.010708570423974","-2.010708570423974","-2.010708570423974"
"39000","-1.2376630234141763","-1.2376630234141763","-1.2376630234141763","-1.671324072692451","-1.671324072692451","-1.671324072692451","-2.69386220926487","-2.69386220926487","-2.69386220926487","-1.950721527863741","-1.950721527863741","-1.950721527863741","-1.2193737678607426","-1.2193737678607426","-1.2193737678607426","-1.4377414353533182","-1.4377414353533182","-1.4377414353533182","-1.8613132355164814","-1.8613132355164814","-1.8613132355164814","-1.2140351563265568","-1.2140351563265568","-1.2140351563265568","-1.5122540549374743","-1.5122540549374743","-1.5122540549374743","-1.4137237531419369","-1.4137237531419369","-1.4137237531419369","-2.1194417151371825","-2.1194417151371825","-2.1194417151371825","-1.4200704027859885","-1.4200704027859885","-1.4200704027859885","-1.2632888994083","-1.2632888994083","-1.2632888994083","-1.450558642582753","-1.450558642582753","-1.450558642582753","-1.416442946380138","-1.416442946380138","-1.416442946380138","-1.4087691845249388","-1.4087691845249388","-1.4087691845249388","-1.2478077492856152","-1.2478077492856152","-1.2478077492856152","-1.9616993353618948","-1.9616993353618948","-1.9616993353618948","-1.9087764318416827","-1.9087764318416827","-1.9087764318416827","-2.0784473898036517","-2.0784473898036517","-2.0784473898036517"
"39500","-1.446807365619366","-1.446807365619366","-1.446807365619366","-1.5501154276785833","-1.5501154276785833","-1.5501154276785833","-1.64229214276268","-1.64229214276268","-1.64229214276268","-1.9873659666144234","-1.9873659666144234","-1.9873659666144234","-1.8318670193610742","-1.8318670193610742","-1.8318670193610742","-1.6951566158028881","-1.6951566158028881","-1.6951566158028881","-2.1309903153816405","-2.1309903153816405","-2.1309903153816405","-1.5145370796434","-1.5145370796434","-1.5145370796434","-1.1259349371368796","-1.1259349371368796","-1.1259349371368796","-1.6605114300252324","-1.6605114300252324","-1.6605114300252324","-2.237085138635331","-2.237085138635331","-2.237085138635331","-1.6767110717502327","-1.6767110717502327","-1.6767110717502327","-1.1536998187604228","-1.1536998187604228","-1.1536998187604228","-1.3837724155145188","-1.3837724155145188","-1.3837724155145188","-1.5947609898738255","-1.5947609898738255","-1.5947609898738255","-1.894750655865515","-1.894750655865515","-1.894750655865515","-1.0151097204772324","-1.0151097204772324","-1.0151097204772324","-1.692059464500656","-1.692059464500656","-1.692059464500656","-1.932606006493129","-1.932606006493129","-1.932606006493129","-2.5122283453964482","-2.5122283453964482","-2.5122283453964482"
"40000","-1.4207958989191805","-1.4207958989191805","-1.4207958989191805","-1.6892387882194473","-1.6892387882194473","-1.6892387882194473","-1.544158575513474","-1.544158575513474","-1.544158575513474","-2.0753156239181423","-2.0753156239181423","-2.0753156239181423","-1.3983321136728064","-1.3983321136728064","-1.3983321136728064","-1.5817851683139477","-1.5817851683139477","-1.5817851683139477","-2.1951496610565275","-2.1951496610565275","-2.1951496610565275","-1.1626148801423422","-1.1626148801423422","-1.1626148801423422","-1.149835999446469","-1.149835999446469","-1.149835999446469","-1.3808146377891117","-1.3808146377891117","-1.3808146377891117","-2.2203313095623924","-2.2203313095623924","-2.2203313095623924","-1.3507235497645396","-1.3507235497645396","-1.3507235497645396","-1.3187031630332786","-1.3187031630332786","-1.3187031630332786","-1.3684616727899575","-1.3684616727899575","-1.3684616727899575","-1.2951106416154594","-1.2951106416154594","-1.2951106416154594","-1.9758017283439167","-1.9758017283439167","-1.9758017283439167","-1.2997182342640958","-1.2997182342640958","-1.2997182342640958","-1.7156774425977666","-1.7156774425977666","-1.7156774425977666","-1.770790221064588","-1.770790221064588","-1.770790221064588","-2.3332606242536853","-2.3332606242536853","-2.3332606242536853"
"40500","-1.152327945546904","-1.152327945546904","-1.152327945546904","-1.614761414336575","-1.614761414336575","-1.614761414336575","-2.085929874687755","-2.085929874687755","-2.085929874687755","-1.8320230507840436","-1.8320230507840436","-1.8320230507840436","-1.3648583896421924","-1.3648583896421924","-1.3648583896421924","-1.7424043328245589","-1.7424043328245589","-1.7424043328245589","-2.175635091976094","-2.175635091976094","-2.175635091976094","-1.3782701739336702","-1.3782701739336702","-1.3782701739336702","-1.2079190816577996","-1.2079190816577996","-1.2079190816577996","-1.5459823435390996","-1.5459823435390996","-1.5459823435390996","-1.9623532774126784","-1.9623532774126784","-1.9623532774126784","-1.4808421523782997","-1.4808421523782997","-1.4808421523782997","-1.0701817303112637","-1.0701817303112637","-1.0701817303112637","-1.3714617344428768","-1.3714617344428768","-1.3714617344428768","-1.3406815626549669","-1.3406815626549669","-1.3406815626549669","-1.7789398082254368","-1.7789398082254368","-1.7789398082254368","-0.9186275713578766","-0.9186275713578766","-0.9186275713578766","-1.7275552802508376","-1.7275552802508376","-1.7275552802508376","-1.5867621939974346","-1.5867621939974346","-1.5867621939974346","-2.2918686830228503","-2.2918686830228503","-2.2918686830228503"
"41000","-1.8130716563658045","-1.8130716563658045","-1.8130716563658045","-1.5483803520470063","-1.5483803520470063","-1.5483803520470063","-1.840775440582668","-1.840775440582668","-1.840775440582668","-2.03289729627786","-2.03289729627786","-2.03289729627786","-1.3803813297944407","-1.3803813297944407","-1.3803813297944407","-1.7335705138494304","-1.7335705138494304","-1.7335705138494304","-2.771311706653216","-2.771311706653216","-2.771311706653216","-1.0726965373877124","-1.0726965373877124","-1.0726965373877124","-1.1186097647945532","-1.1186097647945532","-1.1186097647945532","-1.3872524551551606","-1.3872524551551606","-1.3872524551551606","-2.4600208329068285","-2.4600208329068285","-2.4600208329068285","-1.3006574396860051","-1.3006574396860051","-1.3006574396860051","-1.3488106279431218","-1.3488106279431218","-1.3488106279431218","-1.3514846849475703","-1.3514846849475703","-1.3514846849475703","-1.2956615179300102","-1.2956615179300102","-1.2956615179300102","-1.2862278544843833","-1.2862278544843833","-1.2862278544843833","-1.0124323325663966","-1.0124323325663966","-1.0124323325663966","-1.9089999185036857","-1.9089999185036857","-1.9089999185036857","-1.772627308891813","-1.772627308891813","-1.772627308891813","-2.2071817613422957","-2.2071817613422957","-2.2071817613422957"
"41500","-1.0605619248529627","-1.0605619248529627","-1.0605619248529627","-1.7285142411804078","-1.7285142411804078","-1.7285142411804078","-2.019129618801933","-2.019129618801933","-2.019129618801933","-2.0032007591357845","-2.0032007591357845","-2.0032007591357845","-1.4918446698744396","-1.4918446698744396","-1.4918446698744396","-1.7028945164309548","-1.7028945164309548","-1.7028945164309548","-1.8799914250166239","-1.8799914250166239","-1.8799914250166239","-1.3339680408636885","-1.3339680408636885","-1.3339680408636885","-1.1104201922404815","-1.1104201922404815","-1.1104201922404815","-1.607780014422141","-1.607780014422141","-1.607780014422141","-1.7915539005275207","-1.7915539005275207","-1.7915539005275207","-1.2132099150534672","-1.2132099150534672","-1.2132099150534672","-1.0451385673666802","-1.0451385673666802","-1.0451385673666802","-1.3534912641890946","-1.3534912641890946","-1.3534912641890946","-1.534562494570282","-1.534562494570282","-1.534562494570282","-1.6610020058918409","-1.6610020058918409","-1.6610020058918409","-1.0363966964083482","-1.0363966964083482","-1.0363966964083482","-1.5447372320150698","-1.5447372320150698","-1.5447372320150698","-1.6168615318718995","-1.6168615318718995","-1.6168615318718995","-2.1336822637126827","-2.1336822637126827","-2.1336822637126827"
"42000","-1.0867407690389408","-1.0867407690389408","-1.0867407690389408","-1.5830450479969476","-1.5830450479969476","-1.5830450479969476","-1.5461777495509437","-1.5461777495509437","-1.5461777495509437","-2.0342817817557934","-2.0342817817557934","-2.0342817817557934","-1.3140777845971263","-1.3140777845971263","-1.3140777845971263","-1.7631322576620794","-1.7631322576620794","-1.7631322576620794","-2.570203105811681","-2.570203105811681","-2.570203105811681","-1.1592659145939002","-1.1592659145939002","-1.1592659145939002","-1.3203047627519424","-1.3203047627519424","-1.3203047627519424","-1.6159391460779635","-1.6159391460779635","-1.6159391460779635","-1.939781718576939","-1.939781718576939","-1.939781718576939","-1.6174398386863906","-1.6174398386863906","-1.6174398386863906","-1.1780862065205842","-1.1780862065205842","-1.1780862065205842","-1.369132572878692","-1.369132572878692","-1.369132572878692","-1.2555930711069736","-1.2555930711069736","-1.2555930711069736","-1.4792553625010534","-1.4792553625010534","-1.4792553625010534","-0.9773557629361258","-0.9773557629361258","-0.9773557629361258","-1.7717737163436755","-1.7717737163436755","-1.7717737163436755","-1.5611768905933832","-1.5611768905933832","-1.5611768905933832","-2.4150803344110776","-2.4150803344110776","-2.4150803344110776"
"42500","-1.1628781439769678","-1.1628781439769678","-1.1628781439769678","-1.5762202915794128","-1.5762202915794128","-1.5762202915794128","-1.4676651042156195","-1.4676651042156195","-1.4676651042156195","-1.7606162884486405","-1.7606162884486405","-1.7606162884486405","-1.2614208939915748","-1.2614208939915748","-1.2614208939915748","-1.6565958807275887","-1.6565958807275887","-1.6565958807275887","-1.8649101652904647","-1.8649101652904647","-1.8649101652904647","-1.1267338371808582","-1.1267338371808582","-1.1267338371808582","-1.1389335467003567","-1.1389335467003567","-1.1389335467003567","-1.608319570525235","-1.608319570525235","-1.608319570525235","-1.6163065233073795","-1.6163065233073795","-1.6163065233073795","-1.317259430934811","-1.317259430934811","-1.317259430934811","-1.0687757380803746","-1.0687757380803746","-1.0687757380803746","-1.351213599595469","-1.351213599595469","-1.351213599595469","-1.1706034409686867","-1.1706034409686867","-1.1706034409686867","-1.8223559185238045","-1.8223559185238045","-1.8223559185238045","-0.9035731802393367","-0.9035731802393367","-0.9035731802393367","-1.5944322066616998","-1.5944322066616998","-1.5944322066616998","-1.48985906901981","-1.48985906901981","-1.48985906901981","-2.5980227936619773","-2.5980227936619773","-2.5980227936619773"
"43000","-1.02193866439124","-1.02193866439124","-1.02193866439124","-1.650879816179312","-1.650879816179312","-1.650879816179312","-1.5371394597820662","-1.5371394597820662","-1.5371394597820662","-1.77786264626056","-1.77786264626056","-1.77786264626056","-1.3118870697698923","-1.3118870697698923","-1.3118870697698923","-1.720063691156166","-1.720063691156166","-1.720063691156166","-1.6893184697569594","-1.6893184697569594","-1.6893184697569594","-0.9907262195256831","-0.9907262195256831","-0.9907262195256831","-1.440141194946718","-1.440141194946718","-1.440141194946718","-1.5650562785597166","-1.5650562785597166","-1.5650562785597166","-1.5386699129534607","-1.5386699129534607","-1.5386699129534607","-1.4888953436443688","-1.4888953436443688","-1.4888953436443688","-1.4056144320948998","-1.4056144320948998","-1.4056144320948998","-1.3054289175236566","-1.3054289175236566","-1.3054289175236566","-1.3355891485277904","-1.3355891485277904","-1.3355891485277904","-1.5344234318609624","-1.5344234318609624","-1.5344234318609624","-0.9341899907383979","-0.9341899907383979","-0.9341899907383979","-1.8064777870636703","-1.8064777870636703","-1.8064777870636703","-1.7162992256437597","-1.7162992256437597","-1.7162992256437597","-2.707121138535363","-2.707121138535363","-2.707121138535363"
"43500","-1.012362902623521","-1.012362902623521","-1.012362902623521","-1.478514088795197","-1.478514088795197","-1.478514088795197","-1.7768025555548939","-1.7768025555548939","-1.7768025555548939","-1.7196098111297622","-1.7196098111297622","-1.7196098111297622","-1.3231881181302774","-1.3231881181302774","-1.3231881181302774","-1.5772644813868852","-1.5772644813868852","-1.5772644813868852","-1.9110104461420625","-1.9110104461420625","-1.9110104461420625","-1.0535166466594401","-1.0535166466594401","-1.0535166466594401","-1.6335406209849288","-1.6335406209849288","-1.6335406209849288","-1.5829900984059908","-1.5829900984059908","-1.5829900984059908","-1.2213779523241608","-1.2213779523241608","-1.2213779523241608","-1.4143973588285452","-1.4143973588285452","-1.4143973588285452","-1.1686771532544404","-1.1686771532544404","-1.1686771532544404","-1.3583103313986833","-1.3583103313986833","-1.3583103313986833","-1.2116695306784364","-1.2116695306784364","-1.2116695306784364","-1.3784993228358964","-1.3784993228358964","-1.3784993228358964","-1.1739473305889967","-1.1739473305889967","-1.1739473305889967","-1.5683199983347236","-1.5683199983347236","-1.5683199983347236","-1.3516258328142612","-1.3516258328142612","-1.3516258328142612","-2.4466602901209638","-2.4466602901209638","-2.4466602901209638"
"44000","-0.8919211145188599","-0.8919211145188599","-0.8919211145188599","-1.511874352081745","-1.511874352081745","-1.511874352081745","-1.558770722705179","-1.558770722705179","-1.558770722705179","-1.6805321202095609","-1.6805321202095609","-1.6805321202095609","-1.264256797336578","-1.264256797336578","-1.264256797336578","-1.3568239138511493","-1.3568239138511493","-1.3568239138511493","-1.7447656217008958","-1.7447656217008958","-1.7447656217008958","-0.9629562419401978","-0.9629562419401978","-0.9629562419401978","-1.64184774011121","-1.64184774011121","-1.64184774011121","-1.372227779302588","-1.372227779302588","-1.372227779302588","-1.4773486968115421","-1.4773486968115421","-1.4773486968115421","-1.2528679011391368","-1.2528679011391368","-1.2528679011391368","-1.0897524108812502","-1.0897524108812502","-1.0897524108812502","-1.2905133379533695","-1.2905133379533695","-1.2905133379533695","-1.1721275060642296","-1.1721275060642296","-1.1721275060642296","-1.4919636816713162","-1.4919636816713162","-1.4919636816713162","-0.9538152344053138","-0.9538152344053138","-0.9538152344053138","-1.6300563224112967","-1.6300563224112967","-1.6300563224112967","-1.3234545581954358","-1.3234545581954358","-1.3234545581954358","-2.3173500512538245","-2.3173500512538245","-2.3173500512538245"
"44500","-0.869225436314381","-0.869225436314381","-0.869225436314381","-1.3940506024209984","-1.3940506024209984","-1.3940506024209984","-1.4482341903283342","-1.4482341903283342","-1.4482341903283342","-1.935242780532769","-1.935242780532769","-1.935242780532769","-1.3557244862667122","-1.3557244862667122","-1.3557244862667122","-1.4793032557649326","-1.4793032557649326","-1.4793032557649326","-1.9736649369378838","-1.9736649369378838","-1.9736649369378838","-1.1573260932530673","-1.1573260932530673","-1.1573260932530673","-1.418824333109373","-1.418824333109373","-1.418824333109373","-1.427298309368502","-1.427298309368502","-1.427298309368502","-1.3285064215917077","-1.3285064215917077","-1.3285064215917077","-1.2585898429727338","-1.2585898429727338","-1.2585898429727338","-1.023038241566074","-1.023038241566074","-1.023038241566074","-1.4160496654937027","-1.4160496654937027","-1.4160496654937027","-1.3402113903248585","-1.3402113903248585","-1.3402113903248585","-1.7521017705242723","-1.7521017705242723","-1.7521017705242723","-1.0524857095341205","-1.0524857095341205","-1.0524857095341205","-1.322713741751557","-1.322713741751557","-1.322713741751557","-1.4888122181339756","-1.4888122181339756","-1.4888122181339756","-2.3958439018676487","-2.3958439018676487","-2.3958439018676487"
"45000","-1.2294262182732496","-1.2294262182732496","-1.2294262182732496","-1.4050958166006753","-1.4050958166006753","-1.4050958166006753","-1.3658661885059111","-1.3658661885059111","-1.3658661885059111","-1.8735545906467599","-1.8735545906467599","-1.8735545906467599","-1.3545111743435618","-1.3545111743435618","-1.3545111743435618","-1.7406758212610711","-1.7406758212610711","-1.7406758212610711","-1.9321240544291913","-1.9321240544291913","-1.9321240544291913","-0.9593767297755713","-0.9593767297755713","-0.9593767297755713","-1.463811855180262","-1.463811855180262","-1.463811855180262","-1.4805676424713596","-1.4805676424713596","-1.4805676424713596","-1.1734962478614195","-1.1734962478614195","-1.1734962478614195","-1.2312345198008043","-1.2312345198008043","-1.2312345198008043","-1.1697184542796133","-1.1697184542796133","-1.1697184542796133","-1.2746990538178722","-1.2746990538178722","-1.2746990538178722","-1.1929671357098655","-1.1929671357098655","-1.1929671357098655","-1.770070684580335","-1.770070684580335","-1.770070684580335","-0.9909075970593907","-0.9909075970593907","-0.9909075970593907","-1.2369225920351048","-1.2369225920351048","-1.2369225920351048","-1.2688231163068378","-1.2688231163068378","-1.2688231163068378","-2.495072764451462","-2.495072764451462","-2.495072764451462"
"45500","-0.9207813326456618","-0.9207813326456618","-0.9207813326456618","-1.4276744921619566","-1.4276744921619566","-1.4276744921619566","-1.4444768596632431","-1.4444768596632431","-1.4444768596632431","-2.370323121777742","-2.370323121777742","-2.370323121777742","-1.5164422474024626","-1.5164422474024626","-1.5164422474024626","-1.6447977712015536","-1.6447977712015536","-1.6447977712015536","-2.1979434083607066","-2.1979434083607066","-2.1979434083607066","-1.1325493592451428","-1.1325493592451428","-1.1325493592451428","-1.4933606388504592","-1.4933606388504592","-1.4933606388504592","-1.335462817660367","-1.335462817660367","-1.335462817660367","-1.4277345989161838","-1.4277345989161838","-1.4277345989161838","-1.1980384952027148","-1.1980384952027148","-1.1980384952027148","-1.263558047472879","-1.263558047472879","-1.263558047472879","-1.2759200574724279","-1.2759200574724279","-1.2759200574724279","-1.2520118589793308","-1.2520118589793308","-1.2520118589793308","-1.5411753302544555","-1.5411753302544555","-1.5411753302544555","-1.0357682336906529","-1.0357682336906529","-1.0357682336906529","-1.177962908345259","-1.177962908345259","-1.177962908345259","-1.3730908564667537","-1.3730908564667537","-1.3730908564667537","-2.612556749589282","-2.612556749589282","-2.612556749589282"
"46000","-1.1064164474485225","-1.1064164474485225","-1.1064164474485225","-1.475686558162281","-1.475686558162281","-1.475686558162281","-1.4416377345464493","-1.4416377345464493","-1.4416377345464493","-2.636293862455534","-2.636293862455534","-2.636293862455534","-1.349996332612084","-1.349996332612084","-1.349996332612084","-1.3555264901012247","-1.3555264901012247","-1.3555264901012247","-2.138875856886758","-2.138875856886758","-2.138875856886758","-1.0639853479151884","-1.0639853479151884","-1.0639853479151884","-1.5741078555805912","-1.5741078555805912","-1.5741078555805912","-1.3911906154943634","-1.3911906154943634","-1.3911906154943634","-1.3198562616314713","-1.3198562616314713","-1.3198562616314713","-1.0097048319822195","-1.0097048319822195","-1.0097048319822195","-1.0312383285131497","-1.0312383285131497","-1.0312383285131497","-1.423850464673062","-1.423850464673062","-1.423850464673062","-1.2223610469818937","-1.2223610469818937","-1.2223610469818937","-1.5975804163873002","-1.5975804163873002","-1.5975804163873002","-1.0661815697508974","-1.0661815697508974","-1.0661815697508974","-1.1896823536049943","-1.1896823536049943","-1.1896823536049943","-1.2554946822179867","-1.2554946822179867","-1.2554946822179867","-2.5992554381804904","-2.5992554381804904","-2.5992554381804904"
"46500","-1.0085590969007368","-1.0085590969007368","-1.0085590969007368","-1.3837318077334542","-1.3837318077334542","-1.3837318077334542","-1.5024782412113924","-1.5024782412113924","-1.5024782412113924","-2.3806629709576947","-2.3806629709576947","-2.3806629709576947","-1.592862840394386","-1.592862840394386","-1.592862840394386","-1.3263855264612783","-1.3263855264612783","-1.3263855264612783","-2.2699598808870824","-2.2699598808870824","-2.2699598808870824","-1.0420269594814813","-1.0420269594814813","-1.0420269594814813","-1.4515329173719658","-1.4515329173719658","-1.4515329173719658","-1.2879215776124882","-1.2879215776124882","-1.2879215776124882","-1.2373851975464552","-1.2373851975464552","-1.2373851975464552","-1.2739755801545283","-1.2739755801545283","-1.2739755801545283","-1.1215672903847587","-1.1215672903847587","-1.1215672903847587","-1.4647356309493778","-1.4647356309493778","-1.4647356309493778","-1.2691374151765944","-1.2691374151765944","-1.2691374151765944","-1.5528580993864103","-1.5528580993864103","-1.5528580993864103","-0.9751722820046572","-0.9751722820046572","-0.9751722820046572","-1.233331160142575","-1.233331160142575","-1.233331160142575","-1.2201229262725306","-1.2201229262725306","-1.2201229262725306","-2.5226394853107412","-2.5226394853107412","-2.5226394853107412"
"47000","-0.9372309601098412","-0.9372309601098412","-0.9372309601098412","-1.4349303702274647","-1.4349303702274647","-1.4349303702274647","-1.4060969231889984","-1.4060969231889984","-1.4060969231889984","-2.2882048729336404","-2.2882048729336404","-2.2882048729336404","-1.5067873651819732","-1.5067873651819732","-1.5067873651819732","-1.4617193339177863","-1.4617193339177863","-1.4617193339177863","-2.0171442207685333","-2.0171442207685333","-2.0171442207685333","-1.29341905320454","-1.29341905320454","-1.29341905320454","-1.334425161606442","-1.334425161606442","-1.334425161606442","-1.1827437704834431","-1.1827437704834431","-1.1827437704834431","-1.5429380419430878","-1.5429380419430878","-1.5429380419430878","-1.0026883085747946","-1.0026883085747946","-1.0026883085747946","-1.1473679752076982","-1.1473679752076982","-1.1473679752076982","-1.3693330396343528","-1.3693330396343528","-1.3693330396343528","-1.2271158203643602","-1.2271158203643602","-1.2271158203643602","-1.4905425676891355","-1.4905425676891355","-1.4905425676891355","-0.9973649582238313","-0.9973649582238313","-0.9973649582238313","-1.095462575821248","-1.095462575821248","-1.095462575821248","-1.3254222724875822","-1.3254222724875822","-1.3254222724875822","-2.4412143041681067","-2.4412143041681067","-2.4412143041681067"
"47500","-1.0769192915499173","-1.0769192915499173","-1.0769192915499173","-1.5246615573869513","-1.5246615573869513","-1.5246615573869513","-1.3297148193195607","-1.3297148193195607","-1.3297148193195607","-2.8184453496114754","-2.8184453496114754","-2.8184453496114754","-1.2961634429918205","-1.2961634429918205","-1.2961634429918205","-1.3845708822576526","-1.3845708822576526","-1.3845708822576526","-2.181283647683375","-2.181283647683375","-2.181283647683375","-1.066671237204662","-1.066671237204662","-1.066671237204662","-1.3421634672315583","-1.3421634672315583","-1.3421634672315583","-1.145529772046586","-1.145529772046586","-1.145529772046586","-1.4913736560902648","-1.4913736560902648","-1.4913736560902648","-1.3238035048419496","-1.3238035048419496","-1.3238035048419496","-1.2087272182595892","-1.2087272182595892","-1.2087272182595892","-1.256357156539352","-1.256357156539352","-1.256357156539352","-1.2664827500157805","-1.2664827500157805","-1.2664827500157805","-1.6055568946794192","-1.6055568946794192","-1.6055568946794192","-1.0386548763830799","-1.0386548763830799","-1.0386548763830799","-1.0613715606928362","-1.0613715606928362","-1.0613715606928362","-1.4605739585301327","-1.4605739585301327","-1.4605739585301327","-2.4430831635058077","-2.4430831635058077","-2.4430831635058077"
"48000","-1.0191351691383588","-1.0191351691383588","-1.0191351691383588","-1.3807084802888436","-1.3807084802888436","-1.3807084802888436","-1.4186685704972386","-1.4186685704972386","-1.4186685704972386","-1.8544126477941816","-1.8544126477941816","-1.8544126477941816","-1.207508002880107","-1.207508002880107","-1.207508002880107","-1.2721273411190004","-1.2721273411190004","-1.2721273411190004","-2.0064376519327465","-2.0064376519327465","-2.0064376519327465","-1.294072653140653","-1.294072653140653","-1.294072653140653","-1.1974510872090465","-1.1974510872090465","-1.1974510872090465","-1.191169382012602","-1.191169382012602","-1.191169382012602","-1.9729474186287213","-1.9729474186287213","-1.9729474186287213","-1.1773065916641592","-1.1773065916641592","-1.1773065916641592","-1.1841572952475783","-1.1841572952475783","-1.1841572952475783","-1.292906568283323","-1.292906568283323","-1.292906568283323","-1.338205522534744","-1.338205522534744","-1.338205522534744","-1.6521121931467504","-1.6521121931467504","-1.6521121931467504","-1.1043678426322754","-1.1043678426322754","-1.1043678426322754","-0.9881171804967286","-0.9881171804967286","-0.9881171804967286","-1.3621944608440684","-1.3621944608440684","-1.3621944608440684","-2.293051192770894","-2.293051192770894","-2.293051192770894"
"48500","-1.0089861051336706","-1.0089861051336706","-1.0089861051336706","-1.4438976430637047","-1.4438976430637047","-1.4438976430637047","-1.545118401205039","-1.545118401205039","-1.545118401205039","-1.7734547335530344","-1.7734547335530344","-1.7734547335530344","-1.285958499965476","-1.285958499965476","-1.285958499965476","-1.1650057771631888","-1.1650057771631888","-1.1650057771631888","-1.8945256522664486","-1.8945256522664486","-1.8945256522664486","-1.0680177372204873","-1.0680177372204873","-1.0680177372204873","-1.3475061748803288","-1.3475061748803288","-1.3475061748803288","-1.3279126912532528","-1.3279126912532528","-1.3279126912532528","-1.565871379253868","-1.565871379253868","-1.565871379253868","-1.018167794113739","-1.018167794113739","-1.018167794113739","-1.088600086650983","-1.088600086650983","-1.088600086650983","-1.28784729470542","-1.28784729470542","-1.28784729470542","-1.3572146263603222","-1.3572146263603222","-1.3572146263603222","-1.6457086908334493","-1.6457086908334493","-1.6457086908334493","-1.0072504214312203","-1.0072504214312203","-1.0072504214312203","-1.0699503982229412","-1.0699503982229412","-1.0699503982229412","-1.4270429952131447","-1.4270429952131447","-1.4270429952131447","-2.0525419730435184","-2.0525419730435184","-2.0525419730435184"
"49000","-1.2431957718145965","-1.2431957718145965","-1.2431957718145965","-1.6418645049481","-1.6418645049481","-1.6418645049481","-1.4317049160811588","-1.4317049160811588","-1.4317049160811588","-2.114573045295493","-2.114573045295493","-2.114573045295493","-1.3703500851203478","-1.3703500851203478","-1.3703500851203478","-1.1698547631451564","-1.1698547631451564","-1.1698547631451564","-2.0918295336771857","-2.0918295336771857","-2.0918295336771857","-1.0831269851188534","-1.0831269851188534","-1.0831269851188534","-1.414572487113752","-1.414572487113752","-1.414572487113752","-1.2333863224750063","-1.2333863224750063","-1.2333863224750063","-1.7380062228479265","-1.7380062228479265","-1.7380062228479265","-1.0263642896381584","-1.0263642896381584","-1.0263642896381584","-1.107733744025261","-1.107733744025261","-1.107733744025261","-1.204650639767678","-1.204650639767678","-1.204650639767678","-1.4021735159975157","-1.4021735159975157","-1.4021735159975157","-1.8698089982480859","-1.8698089982480859","-1.8698089982480859","-1.1295159237654908","-1.1295159237654908","-1.1295159237654908","-1.198491658437453","-1.198491658437453","-1.198491658437453","-1.4192717797880336","-1.4192717797880336","-1.4192717797880336","-2.003314220203838","-2.003314220203838","-2.003314220203838"
"49500","-0.8986269983617501","-0.8986269983617501","-0.8986269983617501","-1.3826469843817528","-1.3826469843817528","-1.3826469843817528","-1.4027204460886682","-1.4027204460886682","-1.4027204460886682","-2.093206070091305","-2.093206070091305","-2.093206070091305","-1.2766011848120933","-1.2766011848120933","-1.2766011848120933","-1.173585234195634","-1.173585234195634","-1.173585234195634","-2.007742492778993","-2.007742492778993","-2.007742492778993","-1.0079596591372397","-1.0079596591372397","-1.0079596591372397","-1.2447549968825564","-1.2447549968825564","-1.2447549968825564","-1.3821660309108839","-1.3821660309108839","-1.3821660309108839","-1.3952096673150147","-1.3952096673150147","-1.3952096673150147","-1.1006531793567227","-1.1006531793567227","-1.1006531793567227","-1.2428971827770627","-1.2428971827770627","-1.2428971827770627","-1.2872717160558715","-1.2872717160558715","-1.2872717160558715","-1.2025347958682424","-1.2025347958682424","-1.2025347958682424","-1.7527744593987638","-1.7527744593987638","-1.7527744593987638","-1.0612675742530746","-1.0612675742530746","-1.0612675742530746","-0.9632717679451895","-0.9632717679451895","-0.9632717679451895","-1.5622453845777526","-1.5622453845777526","-1.5622453845777526","-1.9329656054120694","-1.9329656054120694","-1.9329656054120694"
"50000","-0.9233061506421573","-0.9233061506421573","-0.9233061506421573","-1.396019599945286","-1.396019599945286","-1.396019599945286","-1.4705086269844767","-1.4705086269844767","-1.4705086269844767","-1.8054914582950594","-1.8054914582950594","-1.8054914582950594","-1.2352730490293595","-1.2352730490293595","-1.2352730490293595","-1.2743500262382885","-1.2743500262382885","-1.2743500262382885","-2.086877995906098","-2.086877995906098","-2.086877995906098","-1.250728718932224","-1.250728718932224","-1.250728718932224","-1.133403778980473","-1.133403778980473","-1.133403778980473","-1.156603761818737","-1.156603761818737","-1.156603761818737","-1.3752577473044163","-1.3752577473044163","-1.3752577473044163","-1.0413554757906682","-1.0413554757906682","-1.0413554757906682","-1.0528238521165107","-1.0528238521165107","-1.0528238521165107","-1.21208977026786","-1.21208977026786","-1.21208977026786","-1.3125096670580798","-1.3125096670580798","-1.3125096670580798","-1.58677252828901","-1.58677252828901","-1.58677252828901","-0.9615928898261084","-0.9615928898261084","-0.9615928898261084","-1.115897990439228","-1.115897990439228","-1.115897990439228","-1.201858108898817","-1.201858108898817","-1.201858108898817","-1.7915496018117654","-1.7915496018117654","-1.7915496018117654"