"Step","DDPG_EQL_PointMaze_Medium_Diverse_GRDense-v3_9 - eval/avg_reward","DDPG_EQL_PointMaze_Medium_Diverse_GRDense-v3_9 - eval/avg_reward__MIN","DDPG_EQL_PointMaze_Medium_Diverse_GRDense-v3_9 - eval/avg_reward__MAX","DDPG_EQL_PointMaze_Medium_Diverse_GRDense-v3_8 - eval/avg_reward","DDPG_EQL_PointMaze_Medium_Diverse_GRDense-v3_8 - eval/avg_reward__MIN","DDPG_EQL_PointMaze_Medium_Diverse_GRDense-v3_8 - eval/avg_reward__MAX","DDPG_EQL_PointMaze_Medium_Diverse_GRDense-v3_7 - eval/avg_reward","DDPG_EQL_PointMaze_Medium_Diverse_GRDense-v3_7 - eval/avg_reward__MIN","DDPG_EQL_PointMaze_Medium_Diverse_GRDense-v3_7 - eval/avg_reward__MAX","DDPG_EQL_PointMaze_Medium_Diverse_GRDense-v3_6 - eval/avg_reward","DDPG_EQL_PointMaze_Medium_Diverse_GRDense-v3_6 - eval/avg_reward__MIN","DDPG_EQL_PointMaze_Medium_Diverse_GRDense-v3_6 - eval/avg_reward__MAX","DDPG_EQL_PointMaze_Medium_Diverse_GRDense-v3_5 - eval/avg_reward","DDPG_EQL_PointMaze_Medium_Diverse_GRDense-v3_5 - eval/avg_reward__MIN","DDPG_EQL_PointMaze_Medium_Diverse_GRDense-v3_5 - eval/avg_reward__MAX","DDPG_EQL_PointMaze_Medium_Diverse_GRDense-v3_4 - eval/avg_reward","DDPG_EQL_PointMaze_Medium_Diverse_GRDense-v3_4 - eval/avg_reward__MIN","DDPG_EQL_PointMaze_Medium_Diverse_GRDense-v3_4 - eval/avg_reward__MAX","DDPG_EQL_PointMaze_Medium_Diverse_GRDense-v3_3 - eval/avg_reward","DDPG_EQL_PointMaze_Medium_Diverse_GRDense-v3_3 - eval/avg_reward__MIN","DDPG_EQL_PointMaze_Medium_Diverse_GRDense-v3_3 - eval/avg_reward__MAX","DDPG_EQL_PointMaze_Medium_Diverse_GRDense-v3_2 - eval/avg_reward","DDPG_EQL_PointMaze_Medium_Diverse_GRDense-v3_2 - eval/avg_reward__MIN","DDPG_EQL_PointMaze_Medium_Diverse_GRDense-v3_2 - eval/avg_reward__MAX","DDPG_EQL_PointMaze_Medium_Diverse_GRDense-v3_19 - eval/avg_reward","DDPG_EQL_PointMaze_Medium_Diverse_GRDense-v3_19 - eval/avg_reward__MIN","DDPG_EQL_PointMaze_Medium_Diverse_GRDense-v3_19 - eval/avg_reward__MAX","DDPG_EQL_PointMaze_Medium_Diverse_GRDense-v3_18 - eval/avg_reward","DDPG_EQL_PointMaze_Medium_Diverse_GRDense-v3_18 - eval/avg_reward__MIN","DDPG_EQL_PointMaze_Medium_Diverse_GRDense-v3_18 - eval/avg_reward__MAX","DDPG_EQL_PointMaze_Medium_Diverse_GRDense-v3_17 - eval/avg_reward","DDPG_EQL_PointMaze_Medium_Diverse_GRDense-v3_17 - eval/avg_reward__MIN","DDPG_EQL_PointMaze_Medium_Diverse_GRDense-v3_17 - eval/avg_reward__MAX","DDPG_EQL_PointMaze_Medium_Diverse_GRDense-v3_16 - eval/avg_reward","DDPG_EQL_PointMaze_Medium_Diverse_GRDense-v3_16 - eval/avg_reward__MIN","DDPG_EQL_PointMaze_Medium_Diverse_GRDense-v3_16 - eval/avg_reward__MAX","DDPG_EQL_PointMaze_Medium_Diverse_GRDense-v3_15 - eval/avg_reward","DDPG_EQL_PointMaze_Medium_Diverse_GRDense-v3_15 - eval/avg_reward__MIN","DDPG_EQL_PointMaze_Medium_Diverse_GRDense-v3_15 - eval/avg_reward__MAX","DDPG_EQL_PointMaze_Medium_Diverse_GRDense-v3_14 - eval/avg_reward","DDPG_EQL_PointMaze_Medium_Diverse_GRDense-v3_14 - eval/avg_reward__MIN","DDPG_EQL_PointMaze_Medium_Diverse_GRDense-v3_14 - eval/avg_reward__MAX","DDPG_EQL_PointMaze_Medium_Diverse_GRDense-v3_13 - eval/avg_reward","DDPG_EQL_PointMaze_Medium_Diverse_GRDense-v3_13 - eval/avg_reward__MIN","DDPG_EQL_PointMaze_Medium_Diverse_GRDense-v3_13 - eval/avg_reward__MAX","DDPG_EQL_PointMaze_Medium_Diverse_GRDense-v3_12 - eval/avg_reward","DDPG_EQL_PointMaze_Medium_Diverse_GRDense-v3_12 - eval/avg_reward__MIN","DDPG_EQL_PointMaze_Medium_Diverse_GRDense-v3_12 - eval/avg_reward__MAX","DDPG_EQL_PointMaze_Medium_Diverse_GRDense-v3_11 - eval/avg_reward","DDPG_EQL_PointMaze_Medium_Diverse_GRDense-v3_11 - eval/avg_reward__MIN","DDPG_EQL_PointMaze_Medium_Diverse_GRDense-v3_11 - eval/avg_reward__MAX","DDPG_EQL_PointMaze_Medium_Diverse_GRDense-v3_10 - eval/avg_reward","DDPG_EQL_PointMaze_Medium_Diverse_GRDense-v3_10 - eval/avg_reward__MIN","DDPG_EQL_PointMaze_Medium_Diverse_GRDense-v3_10 - eval/avg_reward__MAX","DDPG_EQL_PointMaze_Medium_Diverse_GRDense-v3_1 - eval/avg_reward","DDPG_EQL_PointMaze_Medium_Diverse_GRDense-v3_1 - eval/avg_reward__MIN","DDPG_EQL_PointMaze_Medium_Diverse_GRDense-v3_1 - eval/avg_reward__MAX","DDPG_EQL_PointMaze_Medium_Diverse_GRDense-v3_0 - eval/avg_reward","DDPG_EQL_PointMaze_Medium_Diverse_GRDense-v3_0 - eval/avg_reward__MIN","DDPG_EQL_PointMaze_Medium_Diverse_GRDense-v3_0 - eval/avg_reward__MAX"
"0","16.80951473146576","16.80951473146576","16.80951473146576","13.788447224985044","13.788447224985044","13.788447224985044","42.299381200309384","42.299381200309384","42.299381200309384","4.53764197294319","4.53764197294319","4.53764197294319","2.7113472675460186","2.7113472675460186","2.7113472675460186","13.96168542746552","13.96168542746552","13.96168542746552","6.525772680379954","6.525772680379954","6.525772680379954","4.723462580267801","4.723462580267801","4.723462580267801","12.649025796756186","12.649025796756186","12.649025796756186","22.142586886258325","22.142586886258325","22.142586886258325","5.618534182130749","5.618534182130749","5.618534182130749","28.935697458099174","28.935697458099174","28.935697458099174","15.015048724020795","15.015048724020795","15.015048724020795","17.18041673084686","17.18041673084686","17.18041673084686","8.42488460452272","8.42488460452272","8.42488460452272","2.693117183700034","2.693117183700034","2.693117183700034","7.876533768625142","7.876533768625142","7.876533768625142","36.27183051738649","36.27183051738649","36.27183051738649","4.327886977974736","4.327886977974736","4.327886977974736","2.95754412605061","2.95754412605061","2.95754412605061"
"4000","5.228583529661041","5.228583529661041","5.228583529661041","16.83812492749517","16.83812492749517","16.83812492749517","14.310425965382006","14.310425965382006","14.310425965382006","4.340806841113114","4.340806841113114","4.340806841113114","5.958417149246255","5.958417149246255","5.958417149246255","24.624714671895","24.624714671895","24.624714671895","4.793705472539186","4.793705472539186","4.793705472539186","6.054617856712866","6.054617856712866","6.054617856712866","2.269586147924405","2.269586147924405","2.269586147924405","7.137774540867542","7.137774540867542","7.137774540867542","67.82615101362656","67.82615101362656","67.82615101362656","6.923823071782772","6.923823071782772","6.923823071782772","21.006100412459066","21.006100412459066","21.006100412459066","5.550848661751212","5.550848661751212","5.550848661751212","53.564555159744046","53.564555159744046","53.564555159744046","12.80319694519378","12.80319694519378","12.80319694519378","10.179084750206684","10.179084750206684","10.179084750206684","18.176625929218964","18.176625929218964","18.176625929218964","40.62567801903049","40.62567801903049","40.62567801903049","17.117213197341997","17.117213197341997","17.117213197341997"
"8000","59.245394662376135","59.245394662376135","59.245394662376135","15.22562210569526","15.22562210569526","15.22562210569526","27.221741400205843","27.221741400205843","27.221741400205843","13.4589501135305","13.4589501135305","13.4589501135305","6.306471279951154","6.306471279951154","6.306471279951154","15.127733344459784","15.127733344459784","15.127733344459784","57.624774569596525","57.624774569596525","57.624774569596525","6.159654049822247","6.159654049822247","6.159654049822247","5.184778413032675","5.184778413032675","5.184778413032675","3.286003406985403","3.286003406985403","3.286003406985403","5.230797332003423","5.230797332003423","5.230797332003423","6.760893135318838","6.760893135318838","6.760893135318838","9.098809877616421","9.098809877616421","9.098809877616421","51.71467140645758","51.71467140645758","51.71467140645758","39.74517378370301","39.74517378370301","39.74517378370301","42.47340559400085","42.47340559400085","42.47340559400085","10.101006803489712","10.101006803489712","10.101006803489712","19.845491296923576","19.845491296923576","19.845491296923576","55.07711815504471","55.07711815504471","55.07711815504471","17.111451757122172","17.111451757122172","17.111451757122172"
"12000","56.6348507965302","56.6348507965302","56.6348507965302","13.837729266777378","13.837729266777378","13.837729266777378","28.385270473376305","28.385270473376305","28.385270473376305","21.060876858933796","21.060876858933796","21.060876858933796","47.79781767308553","47.79781767308553","47.79781767308553","15.0465527777906","15.0465527777906","15.0465527777906","45.549119475808084","45.549119475808084","45.549119475808084","18.774540340576362","18.774540340576362","18.774540340576362","52.45916443039941","52.45916443039941","52.45916443039941","16.633671429513527","16.633671429513527","16.633671429513527","5.802258794346752","5.802258794346752","5.802258794346752","5.8783357454258285","5.8783357454258285","5.8783357454258285","6.741099330356668","6.741099330356668","6.741099330356668","45.13851566996715","45.13851566996715","45.13851566996715","56.38194855862474","56.38194855862474","56.38194855862474","5.561565179621596","5.561565179621596","5.561565179621596","4.078789160260952","4.078789160260952","4.078789160260952","24.426008405510597","24.426008405510597","24.426008405510597","35.55992637140091","35.55992637140091","35.55992637140091","17.34582479373811","17.34582479373811","17.34582479373811"
"16000","43.47748136284364","43.47748136284364","43.47748136284364","37.093094047540376","37.093094047540376","37.093094047540376","7.043346478970183","7.043346478970183","7.043346478970183","11.34273752054694","11.34273752054694","11.34273752054694","56.97642827557678","56.97642827557678","56.97642827557678","16.902330711865943","16.902330711865943","16.902330711865943","61.00886557623303","61.00886557623303","61.00886557623303","50.96081684204493","50.96081684204493","50.96081684204493","10.763633138551265","10.763633138551265","10.763633138551265","21.319020760215427","21.319020760215427","21.319020760215427","4.454479728440026","4.454479728440026","4.454479728440026","1.484484799151843","1.484484799151843","1.484484799151843","8.550390396695281","8.550390396695281","8.550390396695281","6.280910697767728","6.280910697767728","6.280910697767728","54.06226208702158","54.06226208702158","54.06226208702158","49.92763642280716","49.92763642280716","49.92763642280716","4.181451894220548","4.181451894220548","4.181451894220548","25.225374990711042","25.225374990711042","25.225374990711042","38.175723147914766","38.175723147914766","38.175723147914766","17.288135308857242","17.288135308857242","17.288135308857242"
"20000","35.41100010138739","35.41100010138739","35.41100010138739","32.19384744036279","32.19384744036279","32.19384744036279","7.257290732727751","7.257290732727751","7.257290732727751","23.41714860597405","23.41714860597405","23.41714860597405","56.98189603520952","56.98189603520952","56.98189603520952","49.45725178836402","49.45725178836402","49.45725178836402","36.41812806111714","36.41812806111714","36.41812806111714","68.79987188287356","68.79987188287356","68.79987188287356","9.631448949017969","9.631448949017969","9.631448949017969","21.31715689793504","21.31715689793504","21.31715689793504","4.240269255413602","4.240269255413602","4.240269255413602","1.484889618186831","1.484889618186831","1.484889618186831","7.227351510353694","7.227351510353694","7.227351510353694","47.814149441795024","47.814149441795024","47.814149441795024","48.938333764464446","48.938333764464446","48.938333764464446","60.7935646511613","60.7935646511613","60.7935646511613","4.127368929797884","4.127368929797884","4.127368929797884","43.99903171367755","43.99903171367755","43.99903171367755","35.9970965648423","35.9970965648423","35.9970965648423","17.22179498300217","17.22179498300217","17.22179498300217"
"24000","29.735784884852972","29.735784884852972","29.735784884852972","50.078848281761694","50.078848281761694","50.078848281761694","4.918474729822909","4.918474729822909","4.918474729822909","19.71747700301329","19.71747700301329","19.71747700301329","42.61208935010156","42.61208935010156","42.61208935010156","19.024470222961003","19.024470222961003","19.024470222961003","37.80621984400978","37.80621984400978","37.80621984400978","61.54300211957968","61.54300211957968","61.54300211957968","10.745708799341646","10.745708799341646","10.745708799341646","21.25570298577157","21.25570298577157","21.25570298577157","8.138727748045016","8.138727748045016","8.138727748045016","6.7755059121279455","6.7755059121279455","6.7755059121279455","22.541419670061003","22.541419670061003","22.541419670061003","21.457741406481997","21.457741406481997","21.457741406481997","53.58665317108755","53.58665317108755","53.58665317108755","84.62169748465928","84.62169748465928","84.62169748465928","4.119161251578557","4.119161251578557","4.119161251578557","44.80591948472736","44.80591948472736","44.80591948472736","35.60883497595706","35.60883497595706","35.60883497595706","17.217873906331214","17.217873906331214","17.217873906331214"
"28000","26.25821790311614","26.25821790311614","26.25821790311614","46.19992921076228","46.19992921076228","46.19992921076228","9.445680904029683","9.445680904029683","9.445680904029683","33.96700183637957","33.96700183637957","33.96700183637957","42.60878511906878","42.60878511906878","42.60878511906878","19.174584418415023","19.174584418415023","19.174584418415023","33.162385594806075","33.162385594806075","33.162385594806075","66.47311260054194","66.47311260054194","66.47311260054194","55.81282020851167","55.81282020851167","55.81282020851167","21.2311783955306","21.2311783955306","21.2311783955306","14.668264969938864","14.668264969938864","14.668264969938864","31.02269572557309","31.02269572557309","31.02269572557309","12.358096433452845","12.358096433452845","12.358096433452845","19.142573108005077","19.142573108005077","19.142573108005077","59.883014983799214","59.883014983799214","59.883014983799214","89.45752578658097","89.45752578658097","89.45752578658097","39.752437449039576","39.752437449039576","39.752437449039576","44.33599955560392","44.33599955560392","44.33599955560392","37.65924272397176","37.65924272397176","37.65924272397176","17.221470089285148","17.221470089285148","17.221470089285148"
"32000","49.76380244277893","49.76380244277893","49.76380244277893","69.78704092551209","69.78704092551209","69.78704092551209","9.849825155499165","9.849825155499165","9.849825155499165","27.90650574530248","27.90650574530248","27.90650574530248","42.61655594005544","42.61655594005544","42.61655594005544","23.8063783368771","23.8063783368771","23.8063783368771","27.744535572097725","27.744535572097725","27.744535572097725","24.035940055540387","24.035940055540387","24.035940055540387","13.31008309428297","13.31008309428297","13.31008309428297","17.286463091959344","17.286463091959344","17.286463091959344","5.624796598592079","5.624796598592079","5.624796598592079","47.931419671720754","47.931419671720754","47.931419671720754","18.3240648569795","18.3240648569795","18.3240648569795","20.779301743559138","20.779301743559138","20.779301743559138","55.07679942146848","55.07679942146848","55.07679942146848","54.93236088161473","54.93236088161473","54.93236088161473","45.32924448750408","45.32924448750408","45.32924448750408","44.153549278477996","44.153549278477996","44.153549278477996","37.72355221652197","37.72355221652197","37.72355221652197","17.224337986342082","17.224337986342082","17.224337986342082"
"36000","41.12573391099702","41.12573391099702","41.12573391099702","79.75473739176375","79.75473739176375","79.75473739176375","31.77032646384334","31.77032646384334","31.77032646384334","38.18413051741123","38.18413051741123","38.18413051741123","39.86693065773124","39.86693065773124","39.86693065773124","33.795353849037504","33.795353849037504","33.795353849037504","10.527011674385772","10.527011674385772","10.527011674385772","24.19510225062599","24.19510225062599","24.19510225062599","10.653896385785421","10.653896385785421","10.653896385785421","18.22069510254139","18.22069510254139","18.22069510254139","5.344844944516497","5.344844944516497","5.344844944516497","45.2333667144538","45.2333667144538","45.2333667144538","26.51735457917721","26.51735457917721","26.51735457917721","41.47601563187397","41.47601563187397","41.47601563187397","54.40761604075685","54.40761604075685","54.40761604075685","58.22572356700658","58.22572356700658","58.22572356700658","10.207789215626565","10.207789215626565","10.207789215626565","44.316417508102994","44.316417508102994","44.316417508102994","63.79502543332226","63.79502543332226","63.79502543332226","17.224351869685297","17.224351869685297","17.224351869685297"
"40000","48.87704121709034","48.87704121709034","48.87704121709034","77.66064341657389","77.66064341657389","77.66064341657389","53.97071073492627","53.97071073492627","53.97071073492627","68.98151052550699","68.98151052550699","68.98151052550699","43.196897860337515","43.196897860337515","43.196897860337515","34.68929663690892","34.68929663690892","34.68929663690892","41.12916479227043","41.12916479227043","41.12916479227043","34.84526469199362","34.84526469199362","34.84526469199362","10.778225054062307","10.778225054062307","10.778225054062307","13.838175241251454","13.838175241251454","13.838175241251454","5.015666201175743","5.015666201175743","5.015666201175743","43.182065491910194","43.182065491910194","43.182065491910194","26.42299854101405","26.42299854101405","26.42299854101405","38.94220040209363","38.94220040209363","38.94220040209363","53.84846182620041","53.84846182620041","53.84846182620041","86.4285615069927","86.4285615069927","86.4285615069927","10.186627543752934","10.186627543752934","10.186627543752934","43.66423035209736","43.66423035209736","43.66423035209736","69.21269631103101","69.21269631103101","69.21269631103101","17.224365577906454","17.224365577906454","17.224365577906454"
"44000","48.64654123710127","48.64654123710127","48.64654123710127","73.92464866444433","73.92464866444433","73.92464866444433","53.367489445492495","53.367489445492495","53.367489445492495","54.6044451367483","54.6044451367483","54.6044451367483","42.22469245152046","42.22469245152046","42.22469245152046","37.08580587624514","37.08580587624514","37.08580587624514","32.95360169436494","32.95360169436494","32.95360169436494","66.37957486513577","66.37957486513577","66.37957486513577","10.964482029484143","10.964482029484143","10.964482029484143","12.96398424016437","12.96398424016437","12.96398424016437","5.258684877570036","5.258684877570036","5.258684877570036","107.79942088708906","107.79942088708906","107.79942088708906","40.85006839516622","40.85006839516622","40.85006839516622","46.9941011032882","46.9941011032882","46.9941011032882","55.505833373112786","55.505833373112786","55.505833373112786","84.47022462650226","84.47022462650226","84.47022462650226","10.31666355227319","10.31666355227319","10.31666355227319","44.771341011573284","44.771341011573284","44.771341011573284","53.75074112066876","53.75074112066876","53.75074112066876","17.214589158653983","17.214589158653983","17.214589158653983"
"48000","96.72948384624067","96.72948384624067","96.72948384624067","77.88530995123244","77.88530995123244","77.88530995123244","53.817915449852464","53.817915449852464","53.817915449852464","54.98459561597438","54.98459561597438","54.98459561597438","41.24389906810442","41.24389906810442","41.24389906810442","35.712282177612344","35.712282177612344","35.712282177612344","42.04971783318728","42.04971783318728","42.04971783318728","73.7156921734144","73.7156921734144","73.7156921734144","55.29179846138406","55.29179846138406","55.29179846138406","12.941829148973857","12.941829148973857","12.941829148973857","5.247344257023494","5.247344257023494","5.247344257023494","90.60615757774582","90.60615757774582","90.60615757774582","25.62570066984846","25.62570066984846","25.62570066984846","45.0414377493291","45.0414377493291","45.0414377493291","53.8273263235581","53.8273263235581","53.8273263235581","50.91001584635272","50.91001584635272","50.91001584635272","11.102929880151624","11.102929880151624","11.102929880151624","44.09566162412214","44.09566162412214","44.09566162412214","32.77224458591509","32.77224458591509","32.77224458591509","17.23924590749801","17.23924590749801","17.23924590749801"
"52000","71.46685551566844","71.46685551566844","71.46685551566844","113.70365957866122","113.70365957866122","113.70365957866122","65.91681106275821","65.91681106275821","65.91681106275821","84.91361320161444","84.91361320161444","84.91361320161444","43.31364941668484","43.31364941668484","43.31364941668484","52.85342488049828","52.85342488049828","52.85342488049828","45.82026015337915","45.82026015337915","45.82026015337915","103.61821468401338","103.61821468401338","103.61821468401338","60.380296072074614","60.380296072074614","60.380296072074614","26.146935398827473","26.146935398827473","26.146935398827473","5.189636302430818","5.189636302430818","5.189636302430818","82.44574885305222","82.44574885305222","82.44574885305222","28.87782454918739","28.87782454918739","28.87782454918739","48.236534595491015","48.236534595491015","48.236534595491015","49.55582209634751","49.55582209634751","49.55582209634751","56.43224496159197","56.43224496159197","56.43224496159197","64.59757660524681","64.59757660524681","64.59757660524681","44.14836398034764","44.14836398034764","44.14836398034764","37.84942807962592","37.84942807962592","37.84942807962592","17.196925348672334","17.196925348672334","17.196925348672334"
"56000","52.06397075585511","52.06397075585511","52.06397075585511","96.65858717205028","96.65858717205028","96.65858717205028","64.94617291240343","64.94617291240343","64.94617291240343","86.0099018473366","86.0099018473366","86.0099018473366","43.31949252648998","43.31949252648998","43.31949252648998","38.3407342839108","38.3407342839108","38.3407342839108","90.28143634505548","90.28143634505548","90.28143634505548","82.38549168247683","82.38549168247683","82.38549168247683","72.73599498667404","72.73599498667404","72.73599498667404","52.08652839415627","52.08652839415627","52.08652839415627","5.1576414968537225","5.1576414968537225","5.1576414968537225","88.84451863002198","88.84451863002198","88.84451863002198","29.418651705847786","29.418651705847786","29.418651705847786","54.32994471086047","54.32994471086047","54.32994471086047","111.23244053083044","111.23244053083044","111.23244053083044","37.88942680587694","37.88942680587694","37.88942680587694","14.49247379658853","14.49247379658853","14.49247379658853","82.03568703858375","82.03568703858375","82.03568703858375","16.94073683021751","16.94073683021751","16.94073683021751","17.196925080000337","17.196925080000337","17.196925080000337"
"60000","82.85440704622698","82.85440704622698","82.85440704622698","111.96789691903766","111.96789691903766","111.96789691903766","52.913966265570195","52.913966265570195","52.913966265570195","84.86852645907206","84.86852645907206","84.86852645907206","43.3080163558524","43.3080163558524","43.3080163558524","78.0077381339407","78.0077381339407","78.0077381339407","105.4965244077548","105.4965244077548","105.4965244077548","88.88166843301642","88.88166843301642","88.88166843301642","72.11344304136284","72.11344304136284","72.11344304136284","53.73056152122441","53.73056152122441","53.73056152122441","16.83802931036382","16.83802931036382","16.83802931036382","93.57889444752682","93.57889444752682","93.57889444752682","28.7944124536628","28.7944124536628","28.7944124536628","55.00798625714915","55.00798625714915","55.00798625714915","118.66979491993239","118.66979491993239","118.66979491993239","41.412053968975684","41.412053968975684","41.412053968975684","135.62028920680217","135.62028920680217","135.62028920680217","86.12020477531455","86.12020477531455","86.12020477531455","17.138238750564913","17.138238750564913","17.138238750564913","17.196925063058004","17.196925063058004","17.196925063058004"
"64000","68.14019052252489","68.14019052252489","68.14019052252489","122.33419095906102","122.33419095906102","122.33419095906102","53.605963168001985","53.605963168001985","53.605963168001985","62.988246735759866","62.988246735759866","62.988246735759866","43.63849140768162","43.63849140768162","43.63849140768162","57.60039842852925","57.60039842852925","57.60039842852925","102.01154468474388","102.01154468474388","102.01154468474388","92.96376560008966","92.96376560008966","92.96376560008966","72.00049465166943","72.00049465166943","72.00049465166943","5.53904127369904","5.53904127369904","5.53904127369904","82.59756953310269","82.59756953310269","82.59756953310269","112.15894668711587","112.15894668711587","112.15894668711587","41.82572283170807","41.82572283170807","41.82572283170807","58.200482601552174","58.200482601552174","58.200482601552174","127.38424431150051","127.38424431150051","127.38424431150051","48.720264708036964","48.720264708036964","48.720264708036964","85.78055524860554","85.78055524860554","85.78055524860554","84.85552795079907","84.85552795079907","84.85552795079907","41.839606771159644","41.839606771159644","41.839606771159644","17.19692506208306","17.19692506208306","17.19692506208306"
"68000","52.09412747395943","52.09412747395943","52.09412747395943","108.5942680276866","108.5942680276866","108.5942680276866","75.82025768281088","75.82025768281088","75.82025768281088","69.99375130928915","69.99375130928915","69.99375130928915","49.411156429344636","49.411156429344636","49.411156429344636","40.87137640754426","40.87137640754426","40.87137640754426","145.46706891621417","145.46706891621417","145.46706891621417","125.55336172573773","125.55336172573773","125.55336172573773","67.42355777155811","67.42355777155811","67.42355777155811","5.488810699513969","5.488810699513969","5.488810699513969","198.08583016821916","198.08583016821916","198.08583016821916","142.20108700603095","142.20108700603095","142.20108700603095","59.467276350606404","59.467276350606404","59.467276350606404","49.242725972464186","49.242725972464186","49.242725972464186","174.99989794556228","174.99989794556228","174.99989794556228","44.13877863114146","44.13877863114146","44.13877863114146","51.19170495550701","51.19170495550701","51.19170495550701","52.978420813731965","52.978420813731965","52.978420813731965","49.01975494560399","49.01975494560399","49.01975494560399","17.196835310294006","17.196835310294006","17.196835310294006"
"72000","47.89129575390923","47.89129575390923","47.89129575390923","96.08730719007947","96.08730719007947","96.08730719007947","35.83748632467233","35.83748632467233","35.83748632467233","91.69489207691792","91.69489207691792","91.69489207691792","25.153137918507007","25.153137918507007","25.153137918507007","34.985144966102304","34.985144966102304","34.985144966102304","137.5166742041644","137.5166742041644","137.5166742041644","118.028467519287","118.028467519287","118.028467519287","68.66548612022815","68.66548612022815","68.66548612022815","5.572182946257344","5.572182946257344","5.572182946257344","171.5567298265784","171.5567298265784","171.5567298265784","138.63613185256096","138.63613185256096","138.63613185256096","58.49514878858656","58.49514878858656","58.49514878858656","23.667150056289657","23.667150056289657","23.667150056289657","167.49592530324236","167.49592530324236","167.49592530324236","50.88183355086902","50.88183355086902","50.88183355086902","52.7033224642812","52.7033224642812","52.7033224642812","64.0956807189959","64.0956807189959","64.0956807189959","42.74857936423733","42.74857936423733","42.74857936423733","17.196875754713954","17.196875754713954","17.196875754713954"
"76000","155.96551052139475","155.96551052139475","155.96551052139475","121.03236012741509","121.03236012741509","121.03236012741509","93.60324543031767","93.60324543031767","93.60324543031767","79.44417867846592","79.44417867846592","79.44417867846592","25.844952984199505","25.844952984199505","25.844952984199505","36.37826712971464","36.37826712971464","36.37826712971464","142.08680831702645","142.08680831702645","142.08680831702645","126.40130426378042","126.40130426378042","126.40130426378042","78.47397637055032","78.47397637055032","78.47397637055032","5.820625373983308","5.820625373983308","5.820625373983308","172.70313830195207","172.70313830195207","172.70313830195207","152.5742559755783","152.5742559755783","152.5742559755783","71.28825028792214","71.28825028792214","71.28825028792214","81.0258650708797","81.0258650708797","81.0258650708797","179.53943165260876","179.53943165260876","179.53943165260876","64.92491973172339","64.92491973172339","64.92491973172339","51.51988525783918","51.51988525783918","51.51988525783918","77.40112199336454","77.40112199336454","77.40112199336454","50.15597550398108","50.15597550398108","50.15597550398108","17.196841961315442","17.196841961315442","17.196841961315442"
"80000","146.87386886930966","146.87386886930966","146.87386886930966","135.4698016110862","135.4698016110862","135.4698016110862","56.74329762528845","56.74329762528845","56.74329762528845","90.52787180569828","90.52787180569828","90.52787180569828","25.301027032766527","25.301027032766527","25.301027032766527","34.23272925003668","34.23272925003668","34.23272925003668","107.05434965099982","107.05434965099982","107.05434965099982","96.38800926341682","96.38800926341682","96.38800926341682","76.9026833965168","76.9026833965168","76.9026833965168","5.6857719111510905","5.6857719111510905","5.6857719111510905","161.9406447191506","161.9406447191506","161.9406447191506","141.32738290962874","141.32738290962874","141.32738290962874","77.90750440917459","77.90750440917459","77.90750440917459","50.089985883482086","50.089985883482086","50.089985883482086","144.2962049791859","144.2962049791859","144.2962049791859","42.78578413041298","42.78578413041298","42.78578413041298","48.48467368840706","48.48467368840706","48.48467368840706","68.6875937005467","68.6875937005467","68.6875937005467","61.401570901155154","61.401570901155154","61.401570901155154","17.200095955640144","17.200095955640144","17.200095955640144"
"84000","104.21522414926362","104.21522414926362","104.21522414926362","105.53209375678121","105.53209375678121","105.53209375678121","104.59121579093251","104.59121579093251","104.59121579093251","100.98242008837747","100.98242008837747","100.98242008837747","28.872224721478563","28.872224721478563","28.872224721478563","34.825631819523615","34.825631819523615","34.825631819523615","108.94684359733427","108.94684359733427","108.94684359733427","139.02026727336354","139.02026727336354","139.02026727336354","98.0803804388228","98.0803804388228","98.0803804388228","48.86364638202887","48.86364638202887","48.86364638202887","157.24586344042112","157.24586344042112","157.24586344042112","122.17492505149798","122.17492505149798","122.17492505149798","50.97454480884632","50.97454480884632","50.97454480884632","50.61962330373542","50.61962330373542","50.61962330373542","130.0552350144119","130.0552350144119","130.0552350144119","43.51926429093761","43.51926429093761","43.51926429093761","90.32673635382274","90.32673635382274","90.32673635382274","74.74631205575542","74.74631205575542","74.74631205575542","86.83422417684065","86.83422417684065","86.83422417684065","17.200603095969328","17.200603095969328","17.200603095969328"
"88000","105.52552073367524","105.52552073367524","105.52552073367524","107.29752318848982","107.29752318848982","107.29752318848982","84.54089342169114","84.54089342169114","84.54089342169114","98.75949625077175","98.75949625077175","98.75949625077175","15.518467682384046","15.518467682384046","15.518467682384046","13.620855571223501","13.620855571223501","13.620855571223501","141.64865849544248","141.64865849544248","141.64865849544248","123.68013751410089","123.68013751410089","123.68013751410089","81.13264878834629","81.13264878834629","81.13264878834629","38.69153852780102","38.69153852780102","38.69153852780102","119.71992930075844","119.71992930075844","119.71992930075844","123.57459100220595","123.57459100220595","123.57459100220595","50.6466782978175","50.6466782978175","50.6466782978175","61.3420011422446","61.3420011422446","61.3420011422446","157.20830447246388","157.20830447246388","157.20830447246388","77.92091184629143","77.92091184629143","77.92091184629143","53.87883916432777","53.87883916432777","53.87883916432777","72.13748286689318","72.13748286689318","72.13748286689318","114.41413945599302","114.41413945599302","114.41413945599302","17.217153445772638","17.217153445772638","17.217153445772638"
"92000","147.873244446242","147.873244446242","147.873244446242","101.92347876172512","101.92347876172512","101.92347876172512","56.57228511975285","56.57228511975285","56.57228511975285","103.30461655030622","103.30461655030622","103.30461655030622","15.059609408789637","15.059609408789637","15.059609408789637","8.740055139194752","8.740055139194752","8.740055139194752","118.70596512056277","118.70596512056277","118.70596512056277","125.18532372880122","125.18532372880122","125.18532372880122","86.67711506534508","86.67711506534508","86.67711506534508","38.6980979236656","38.6980979236656","38.6980979236656","70.26649806851948","70.26649806851948","70.26649806851948","173.90017044900887","173.90017044900887","173.90017044900887","40.99280291946231","40.99280291946231","40.99280291946231","61.28072105773039","61.28072105773039","61.28072105773039","165.06085796754732","165.06085796754732","165.06085796754732","81.23025440230815","81.23025440230815","81.23025440230815","46.34225697768549","46.34225697768549","46.34225697768549","79.55899024120711","79.55899024120711","79.55899024120711","180.82576757996375","180.82576757996375","180.82576757996375","17.22051697210147","17.22051697210147","17.22051697210147"
"96000","195.30434532599185","195.30434532599185","195.30434532599185","115.30908784363127","115.30908784363127","115.30908784363127","59.290122158179905","59.290122158179905","59.290122158179905","105.03519321692724","105.03519321692724","105.03519321692724","17.563523256624514","17.563523256624514","17.563523256624514","33.00079258461366","33.00079258461366","33.00079258461366","125.42026130248584","125.42026130248584","125.42026130248584","119.24167533106886","119.24167533106886","119.24167533106886","91.39740012314049","91.39740012314049","91.39740012314049","58.310567194007945","58.310567194007945","58.310567194007945","214.59431580399942","214.59431580399942","214.59431580399942","174.28435336432176","174.28435336432176","174.28435336432176","85.31639493726158","85.31639493726158","85.31639493726158","63.46960245337832","63.46960245337832","63.46960245337832","159.3883348545494","159.3883348545494","159.3883348545494","78.50814924398848","78.50814924398848","78.50814924398848","32.22149699730843","32.22149699730843","32.22149699730843","83.00714753460053","83.00714753460053","83.00714753460053","156.06575580778605","156.06575580778605","156.06575580778605","17.202787705093705","17.202787705093705","17.202787705093705"
"100000","201.06033926317022","201.06033926317022","201.06033926317022","110.81620011785738","110.81620011785738","110.81620011785738","40.855473466932395","40.855473466932395","40.855473466932395","105.7652723075419","105.7652723075419","105.7652723075419","20.330785117329775","20.330785117329775","20.330785117329775","33.80815405274946","33.80815405274946","33.80815405274946","146.00432362347345","146.00432362347345","146.00432362347345","126.54491850204161","126.54491850204161","126.54491850204161","101.59766003928056","101.59766003928056","101.59766003928056","58.288895447513895","58.288895447513895","58.288895447513895","104.3692329917828","104.3692329917828","104.3692329917828","178.99373336912373","178.99373336912373","178.99373336912373","80.54477202859299","80.54477202859299","80.54477202859299","62.12441685235824","62.12441685235824","62.12441685235824","125.9742080252449","125.9742080252449","125.9742080252449","45.56911097063283","45.56911097063283","45.56911097063283","42.22461521646335","42.22461521646335","42.22461521646335","79.751884693081","79.751884693081","79.751884693081","143.01896281780697","143.01896281780697","143.01896281780697","4.911484130245665","4.911484130245665","4.911484130245665"
"104000","200.61960266665275","200.61960266665275","200.61960266665275","133.8764919738099","133.8764919738099","133.8764919738099","60.1489092218686","60.1489092218686","60.1489092218686","104.71687179812336","104.71687179812336","104.71687179812336","20.250988307570953","20.250988307570953","20.250988307570953","54.134372127032535","54.134372127032535","54.134372127032535","140.2343310167179","140.2343310167179","140.2343310167179","127.30191810096582","127.30191810096582","127.30191810096582","93.61465896653344","93.61465896653344","93.61465896653344","56.9074395695229","56.9074395695229","56.9074395695229","90.22054885505544","90.22054885505544","90.22054885505544","174.18874866742303","174.18874866742303","174.18874866742303","63.6776674941112","63.6776674941112","63.6776674941112","70.5941743303144","70.5941743303144","70.5941743303144","119.34413999686349","119.34413999686349","119.34413999686349","50.297979234859824","50.297979234859824","50.297979234859824","39.98629282874441","39.98629282874441","39.98629282874441","72.2147897943776","72.2147897943776","72.2147897943776","141.199576283821","141.199576283821","141.199576283821","17.208144293902652","17.208144293902652","17.208144293902652"
"108000","224.37542438884128","224.37542438884128","224.37542438884128","135.73379083511344","135.73379083511344","135.73379083511344","91.75775693110396","91.75775693110396","91.75775693110396","110.95943443362239","110.95943443362239","110.95943443362239","28.275939117827715","28.275939117827715","28.275939117827715","43.05936589091404","43.05936589091404","43.05936589091404","136.90707315580775","136.90707315580775","136.90707315580775","115.10247485987368","115.10247485987368","115.10247485987368","100.15770658227694","100.15770658227694","100.15770658227694","52.45498617585374","52.45498617585374","52.45498617585374","2.856853987107983","2.856853987107983","2.856853987107983","130.50964215202418","130.50964215202418","130.50964215202418","45.23709706838756","45.23709706838756","45.23709706838756","60.780191246749574","60.780191246749574","60.780191246749574","166.88204513697727","166.88204513697727","166.88204513697727","111.80590124993815","111.80590124993815","111.80590124993815","11.277501108939727","11.277501108939727","11.277501108939727","83.55496733766506","83.55496733766506","83.55496733766506","86.212881787117","86.212881787117","86.212881787117","17.21411352604982","17.21411352604982","17.21411352604982"
"112000","217.5781118844818","217.5781118844818","217.5781118844818","140.90130592156575","140.90130592156575","140.90130592156575","96.02093477569812","96.02093477569812","96.02093477569812","111.37633222369384","111.37633222369384","111.37633222369384","34.59874331815241","34.59874331815241","34.59874331815241","31.9885439174939","31.9885439174939","31.9885439174939","148.32404558429894","148.32404558429894","148.32404558429894","57.929276549199656","57.929276549199656","57.929276549199656","103.23236647194035","103.23236647194035","103.23236647194035","15.215978031607253","15.215978031607253","15.215978031607253","3.012840598400105","3.012840598400105","3.012840598400105","131.06858460517807","131.06858460517807","131.06858460517807","62.236161429022744","62.236161429022744","62.236161429022744","104.88500269802232","104.88500269802232","104.88500269802232","185.89050913588903","185.89050913588903","185.89050913588903","111.46311769816376","111.46311769816376","111.46311769816376","77.10273924688586","77.10273924688586","77.10273924688586","76.66844062375485","76.66844062375485","76.66844062375485","141.27925874640982","141.27925874640982","141.27925874640982","17.217244893595115","17.217244893595115","17.217244893595115"
"116000","216.29760304314928","216.29760304314928","216.29760304314928","134.46686430930103","134.46686430930103","134.46686430930103","97.83551963974038","97.83551963974038","97.83551963974038","107.94207259720622","107.94207259720622","107.94207259720622","118.14668365392727","118.14668365392727","118.14668365392727","31.913981277603607","31.913981277603607","31.913981277603607","147.19563143595184","147.19563143595184","147.19563143595184","59.734369489505596","59.734369489505596","59.734369489505596","117.86009451557659","117.86009451557659","117.86009451557659","66.06915237864762","66.06915237864762","66.06915237864762","116.45474264276076","116.45474264276076","116.45474264276076","143.8075073756016","143.8075073756016","143.8075073756016","100.63347814506172","100.63347814506172","100.63347814506172","60.337136052622746","60.337136052622746","60.337136052622746","180.98649508327767","180.98649508327767","180.98649508327767","106.19715618457394","106.19715618457394","106.19715618457394","32.93154110873688","32.93154110873688","32.93154110873688","92.18528766049084","92.18528766049084","92.18528766049084","36.22628413637982","36.22628413637982","36.22628413637982","17.214330363277664","17.214330363277664","17.214330363277664"
"120000","214.78084522408295","214.78084522408295","214.78084522408295","119.76873873947059","119.76873873947059","119.76873873947059","78.5382252257356","78.5382252257356","78.5382252257356","108.4627901916951","108.4627901916951","108.4627901916951","115.99554076187243","115.99554076187243","115.99554076187243","31.78104268206411","31.78104268206411","31.78104268206411","149.64007029537052","149.64007029537052","149.64007029537052","52.56415687601511","52.56415687601511","52.56415687601511","121.50289369322427","121.50289369322427","121.50289369322427","69.89217603449654","69.89217603449654","69.89217603449654","142.6215667308391","142.6215667308391","142.6215667308391","156.98053751278994","156.98053751278994","156.98053751278994","61.31969099358112","61.31969099358112","61.31969099358112","78.04300121745345","78.04300121745345","78.04300121745345","188.85172874054993","188.85172874054993","188.85172874054993","200.48909506827633","200.48909506827633","200.48909506827633","72.34578013762574","72.34578013762574","72.34578013762574","98.87230912612294","98.87230912612294","98.87230912612294","69.03755754827716","69.03755754827716","69.03755754827716","17.286194509540177","17.286194509540177","17.286194509540177"
"124000","225.96040469352948","225.96040469352948","225.96040469352948","115.83813806614046","115.83813806614046","115.83813806614046","72.79803270510298","72.79803270510298","72.79803270510298","110.70870093108665","110.70870093108665","110.70870093108665","118.43302761127525","118.43302761127525","118.43302761127525","31.281471151111795","31.281471151111795","31.281471151111795","142.23779010705823","142.23779010705823","142.23779010705823","55.703499924128074","55.703499924128074","55.703499924128074","132.07365230194642","132.07365230194642","132.07365230194642","66.95498438102011","66.95498438102011","66.95498438102011","134.16357929900607","134.16357929900607","134.16357929900607","124.01890619591923","124.01890619591923","124.01890619591923","70.401635588786","70.401635588786","70.401635588786","87.84275233512923","87.84275233512923","87.84275233512923","182.61902028385418","182.61902028385418","182.61902028385418","207.97377327298082","207.97377327298082","207.97377327298082","59.34824095755905","59.34824095755905","59.34824095755905","100.96018171844867","100.96018171844867","100.96018171844867","176.96769966576755","176.96769966576755","176.96769966576755","6.374956226022001","6.374956226022001","6.374956226022001"
"128000","237.83008906579653","237.83008906579653","237.83008906579653","109.636281257108","109.636281257108","109.636281257108","73.19231659963454","73.19231659963454","73.19231659963454","56.945954002039514","56.945954002039514","56.945954002039514","116.055750261285","116.055750261285","116.055750261285","32.636993877079185","32.636993877079185","32.636993877079185","155.1623815639769","155.1623815639769","155.1623815639769","60.3986418935331","60.3986418935331","60.3986418935331","142.36343067208458","142.36343067208458","142.36343067208458","70.81930370802851","70.81930370802851","70.81930370802851","132.18505100657472","132.18505100657472","132.18505100657472","161.06094230364513","161.06094230364513","161.06094230364513","58.1939329038402","58.1939329038402","58.1939329038402","70.2564354443916","70.2564354443916","70.2564354443916","185.66309508139358","185.66309508139358","185.66309508139358","171.86550208686285","171.86550208686285","171.86550208686285","57.78134318333546","57.78134318333546","57.78134318333546","88.76675293298857","88.76675293298857","88.76675293298857","167.79940569642457","167.79940569642457","167.79940569642457","17.317994023144287","17.317994023144287","17.317994023144287"
"132000","230.33843353979287","230.33843353979287","230.33843353979287","132.44985085373213","132.44985085373213","132.44985085373213","66.16491591128377","66.16491591128377","66.16491591128377","104.11408998743018","104.11408998743018","104.11408998743018","115.72058927602613","115.72058927602613","115.72058927602613","61.2593563578615","61.2593563578615","61.2593563578615","158.95981108515804","158.95981108515804","158.95981108515804","79.74306140915166","79.74306140915166","79.74306140915166","141.70507425983257","141.70507425983257","141.70507425983257","56.340659955138335","56.340659955138335","56.340659955138335","3.1483062720021437","3.1483062720021437","3.1483062720021437","132.23080407994047","132.23080407994047","132.23080407994047","49.38303165052716","49.38303165052716","49.38303165052716","98.44254453723704","98.44254453723704","98.44254453723704","163.70984773951992","163.70984773951992","163.70984773951992","201.30253168692465","201.30253168692465","201.30253168692465","120.84068354612766","120.84068354612766","120.84068354612766","96.05918661347422","96.05918661347422","96.05918661347422","159.6152065768455","159.6152065768455","159.6152065768455","17.306152079908152","17.306152079908152","17.306152079908152"
"136000","236.15518293119777","236.15518293119777","236.15518293119777","128.9516740393879","128.9516740393879","128.9516740393879","65.94790045755126","65.94790045755126","65.94790045755126","102.79275376747766","102.79275376747766","102.79275376747766","109.99018771972388","109.99018771972388","109.99018771972388","43.38930347293588","43.38930347293588","43.38930347293588","153.9613754729109","153.9613754729109","153.9613754729109","64.88514530288812","64.88514530288812","64.88514530288812","148.0524563458959","148.0524563458959","148.0524563458959","30.963173118740308","30.963173118740308","30.963173118740308","60.54430846104528","60.54430846104528","60.54430846104528","150.93149708999795","150.93149708999795","150.93149708999795","63.792842413274094","63.792842413274094","63.792842413274094","111.51705954868244","111.51705954868244","111.51705954868244","172.10242454517692","172.10242454517692","172.10242454517692","201.24779239628032","201.24779239628032","201.24779239628032","159.5192111713366","159.5192111713366","159.5192111713366","99.9045263914006","99.9045263914006","99.9045263914006","174.53713172134212","174.53713172134212","174.53713172134212","17.297676378453765","17.297676378453765","17.297676378453765"
"140000","239.34353270468267","239.34353270468267","239.34353270468267","146.17304404047246","146.17304404047246","146.17304404047246","66.01382661026146","66.01382661026146","66.01382661026146","102.14569800225195","102.14569800225195","102.14569800225195","112.41100746725871","112.41100746725871","112.41100746725871","39.461897202726746","39.461897202726746","39.461897202726746","100.69009994600472","100.69009994600472","100.69009994600472","93.64009487273128","93.64009487273128","93.64009487273128","134.6564809410062","134.6564809410062","134.6564809410062","34.62976799503882","34.62976799503882","34.62976799503882","73.35482363627736","73.35482363627736","73.35482363627736","146.79636706774102","146.79636706774102","146.79636706774102","85.5713087027876","85.5713087027876","85.5713087027876","106.45551029010457","106.45551029010457","106.45551029010457","159.90159519349584","159.90159519349584","159.90159519349584","204.8497544471696","204.8497544471696","204.8497544471696","175.8456639425799","175.8456639425799","175.8456639425799","101.2347726030179","101.2347726030179","101.2347726030179","171.75637331787078","171.75637331787078","171.75637331787078","17.312431773077016","17.312431773077016","17.312431773077016"
"144000","235.9823082320815","235.9823082320815","235.9823082320815","173.59307857207006","173.59307857207006","173.59307857207006","77.99420045378693","77.99420045378693","77.99420045378693","159.86544037510512","159.86544037510512","159.86544037510512","118.27144985200653","118.27144985200653","118.27144985200653","34.971936034674286","34.971936034674286","34.971936034674286","101.51725057060115","101.51725057060115","101.51725057060115","84.57686029852647","84.57686029852647","84.57686029852647","138.14957242405183","138.14957242405183","138.14957242405183","33.284704390916275","33.284704390916275","33.284704390916275","59.974828762580316","59.974828762580316","59.974828762580316","130.21956571619518","130.21956571619518","130.21956571619518","78.1007533560175","78.1007533560175","78.1007533560175","138.0178381841261","138.0178381841261","138.0178381841261","175.4354799613746","175.4354799613746","175.4354799613746","215.4435940006339","215.4435940006339","215.4435940006339","143.6233379436711","143.6233379436711","143.6233379436711","100.03328001084478","100.03328001084478","100.03328001084478","182.37043751518655","182.37043751518655","182.37043751518655","17.311464949756967","17.311464949756967","17.311464949756967"
"148000","211.997416474163","211.997416474163","211.997416474163","142.4120099063761","142.4120099063761","142.4120099063761","82.0267215740098","82.0267215740098","82.0267215740098","96.58678567670165","96.58678567670165","96.58678567670165","121.83087124147612","121.83087124147612","121.83087124147612","34.03844393254537","34.03844393254537","34.03844393254537","100.55609203360385","100.55609203360385","100.55609203360385","81.9195653376299","81.9195653376299","81.9195653376299","154.27366611723227","154.27366611723227","154.27366611723227","50.97623782545136","50.97623782545136","50.97623782545136","69.9715095833119","69.9715095833119","69.9715095833119","114.83155429213457","114.83155429213457","114.83155429213457","86.08836488170846","86.08836488170846","86.08836488170846","170.78928448764407","170.78928448764407","170.78928448764407","184.42230132598405","184.42230132598405","184.42230132598405","215.85436526213442","215.85436526213442","215.85436526213442","125.49454292721535","125.49454292721535","125.49454292721535","93.32097686390748","93.32097686390748","93.32097686390748","179.9392560152113","179.9392560152113","179.9392560152113","17.299212036191932","17.299212036191932","17.299212036191932"
"152000","238.5018003591114","238.5018003591114","238.5018003591114","139.1497850353554","139.1497850353554","139.1497850353554","75.06956700830796","75.06956700830796","75.06956700830796","109.60955016212293","109.60955016212293","109.60955016212293","121.39426417885468","121.39426417885468","121.39426417885468","44.88136779651062","44.88136779651062","44.88136779651062","84.23971063147768","84.23971063147768","84.23971063147768","84.59251207198513","84.59251207198513","84.59251207198513","155.0711634583071","155.0711634583071","155.0711634583071","99.75282816352203","99.75282816352203","99.75282816352203","72.74606721020454","72.74606721020454","72.74606721020454","81.81452711600238","81.81452711600238","81.81452711600238","63.79470237062596","63.79470237062596","63.79470237062596","165.14348644647313","165.14348644647313","165.14348644647313","184.0237913064739","184.0237913064739","184.0237913064739","228.71319328189392","228.71319328189392","228.71319328189392","141.68302828980347","141.68302828980347","141.68302828980347","77.32169421815927","77.32169421815927","77.32169421815927","173.6152733668136","173.6152733668136","173.6152733668136","17.298476843903423","17.298476843903423","17.298476843903423"
"156000","256.17750812039117","256.17750812039117","256.17750812039117","141.72384375615366","141.72384375615366","141.72384375615366","61.60378447638617","61.60378447638617","61.60378447638617","93.96388069106973","93.96388069106973","93.96388069106973","125.38283994611774","125.38283994611774","125.38283994611774","35.836252348641686","35.836252348641686","35.836252348641686","103.37321763826428","103.37321763826428","103.37321763826428","90.28710521485428","90.28710521485428","90.28710521485428","155.98136960807318","155.98136960807318","155.98136960807318","104.19265021435508","104.19265021435508","104.19265021435508","70.41971204200448","70.41971204200448","70.41971204200448","100.16867178331275","100.16867178331275","100.16867178331275","60.23361380772493","60.23361380772493","60.23361380772493","192.69674582212488","192.69674582212488","192.69674582212488","198.04407599511237","198.04407599511237","198.04407599511237","218.1788652453898","218.1788652453898","218.1788652453898","139.62196874279306","139.62196874279306","139.62196874279306","98.04601120856509","98.04601120856509","98.04601120856509","176.61602387344823","176.61602387344823","176.61602387344823","17.297807729901557","17.297807729901557","17.297807729901557"
"160000","255.0668181216825","255.0668181216825","255.0668181216825","141.40778021251563","141.40778021251563","141.40778021251563","66.40757748352493","66.40757748352493","66.40757748352493","141.000054590903","141.000054590903","141.000054590903","28.25962141779425","28.25962141779425","28.25962141779425","51.67056393544398","51.67056393544398","51.67056393544398","162.5787809597286","162.5787809597286","162.5787809597286","99.32645720844395","99.32645720844395","99.32645720844395","166.3371548884915","166.3371548884915","166.3371548884915","131.71942780371324","131.71942780371324","131.71942780371324","78.0973305459091","78.0973305459091","78.0973305459091","200.84835714460647","200.84835714460647","200.84835714460647","83.82613314660202","83.82613314660202","83.82613314660202","233.69857981976025","233.69857981976025","233.69857981976025","172.04356387721234","172.04356387721234","172.04356387721234","215.19183070375811","215.19183070375811","215.19183070375811","135.56486854183328","135.56486854183328","135.56486854183328","100.28642755519783","100.28642755519783","100.28642755519783","162.79538529134243","162.79538529134243","162.79538529134243","17.30192480545464","17.30192480545464","17.30192480545464"
"164000","267.57721407892524","267.57721407892524","267.57721407892524","153.74421652758173","153.74421652758173","153.74421652758173","89.16504545944021","89.16504545944021","89.16504545944021","158.15859621571244","158.15859621571244","158.15859621571244","23.82486480060073","23.82486480060073","23.82486480060073","60.5966672065632","60.5966672065632","60.5966672065632","160.4134542477525","160.4134542477525","160.4134542477525","70.41649933800886","70.41649933800886","70.41649933800886","201.8070350082352","201.8070350082352","201.8070350082352","101.02260964726216","101.02260964726216","101.02260964726216","74.10698831880208","74.10698831880208","74.10698831880208","151.90181489220245","151.90181489220245","151.90181489220245","100.44598153975886","100.44598153975886","100.44598153975886","202.07180013286688","202.07180013286688","202.07180013286688","188.8972033411444","188.8972033411444","188.8972033411444","177.1462723885977","177.1462723885977","177.1462723885977","145.34567685171828","145.34567685171828","145.34567685171828","106.47999884261628","106.47999884261628","106.47999884261628","191.30608704458984","191.30608704458984","191.30608704458984","17.29572026503931","17.29572026503931","17.29572026503931"
"168000","280.81458706639876","280.81458706639876","280.81458706639876","145.63502177444468","145.63502177444468","145.63502177444468","90.92079589249624","90.92079589249624","90.92079589249624","198.3456286538192","198.3456286538192","198.3456286538192","35.15622101268601","35.15622101268601","35.15622101268601","35.03482088742313","35.03482088742313","35.03482088742313","144.50246773861153","144.50246773861153","144.50246773861153","114.67540619248375","114.67540619248375","114.67540619248375","181.07828052782565","181.07828052782565","181.07828052782565","120.48481049017141","120.48481049017141","120.48481049017141","70.43864412692983","70.43864412692983","70.43864412692983","96.47201374666183","96.47201374666183","96.47201374666183","99.50315144920582","99.50315144920582","99.50315144920582","258.8430942212336","258.8430942212336","258.8430942212336","183.42532306929303","183.42532306929303","183.42532306929303","173.56110951517482","173.56110951517482","173.56110951517482","116.93218786053157","116.93218786053157","116.93218786053157","100.194294079103","100.194294079103","100.194294079103","130.3915361236784","130.3915361236784","130.3915361236784","17.299673187724594","17.299673187724594","17.299673187724594"
"172000","274.5361667140311","274.5361667140311","274.5361667140311","168.83005742015945","168.83005742015945","168.83005742015945","91.21384498807743","91.21384498807743","91.21384498807743","188.9905198410402","188.9905198410402","188.9905198410402","20.9240138654634","20.9240138654634","20.9240138654634","34.952281226720004","34.952281226720004","34.952281226720004","155.317559293319","155.317559293319","155.317559293319","111.21690434798427","111.21690434798427","111.21690434798427","197.6381159119658","197.6381159119658","197.6381159119658","115.70588507224961","115.70588507224961","115.70588507224961","59.3378754823024","59.3378754823024","59.3378754823024","95.63874874343863","95.63874874343863","95.63874874343863","114.88922568182852","114.88922568182852","114.88922568182852","234.21753620618702","234.21753620618702","234.21753620618702","84.73337404171609","84.73337404171609","84.73337404171609","200.7672786176486","200.7672786176486","200.7672786176486","138.05900724355735","138.05900724355735","138.05900724355735","116.37273846099372","116.37273846099372","116.37273846099372","129.49345125221183","129.49345125221183","129.49345125221183","17.303532171977015","17.303532171977015","17.303532171977015"
"176000","264.54469913191934","264.54469913191934","264.54469913191934","170.87933720419375","170.87933720419375","170.87933720419375","89.77634082468725","89.77634082468725","89.77634082468725","205.54469861728603","205.54469861728603","205.54469861728603","19.208882114201487","19.208882114201487","19.208882114201487","33.976520616435266","33.976520616435266","33.976520616435266","150.20586734613636","150.20586734613636","150.20586734613636","115.50598610995185","115.50598610995185","115.50598610995185","153.94906252975636","153.94906252975636","153.94906252975636","117.27486849413455","117.27486849413455","117.27486849413455","45.8193187619986","45.8193187619986","45.8193187619986","138.4578476647217","138.4578476647217","138.4578476647217","89.1699557615719","89.1699557615719","89.1699557615719","237.69871466122885","237.69871466122885","237.69871466122885","85.57385932275712","85.57385932275712","85.57385932275712","194.7566929613642","194.7566929613642","194.7566929613642","114.2954967124223","114.2954967124223","114.2954967124223","59.53954555776947","59.53954555776947","59.53954555776947","136.24448807597304","136.24448807597304","136.24448807597304","17.298007766599902","17.298007766599902","17.298007766599902"
"180000","267.88033810791774","267.88033810791774","267.88033810791774","170.94343609921845","170.94343609921845","170.94343609921845","89.97382077174164","89.97382077174164","89.97382077174164","184.65755062689306","184.65755062689306","184.65755062689306","17.96271486812784","17.96271486812784","17.96271486812784","31.30816556268316","31.30816556268316","31.30816556268316","134.44865455349773","134.44865455349773","134.44865455349773","130.73306352747736","130.73306352747736","130.73306352747736","156.84695722348903","156.84695722348903","156.84695722348903","83.18058773715994","83.18058773715994","83.18058773715994","25.91894940551852","25.91894940551852","25.91894940551852","88.35860259717737","88.35860259717737","88.35860259717737","117.62547188237025","117.62547188237025","117.62547188237025","239.95047683046647","239.95047683046647","239.95047683046647","144.3757782878642","144.3757782878642","144.3757782878642","181.49305910737996","181.49305910737996","181.49305910737996","182.90333457520865","182.90333457520865","182.90333457520865","65.6749569815264","65.6749569815264","65.6749569815264","144.61903517782645","144.61903517782645","144.61903517782645","17.301646710097046","17.301646710097046","17.301646710097046"
"184000","218.70939121707661","218.70939121707661","218.70939121707661","151.93813585889924","151.93813585889924","151.93813585889924","119.91140543729509","119.91140543729509","119.91140543729509","199.527589199458","199.527589199458","199.527589199458","19.184003564232853","19.184003564232853","19.184003564232853","35.90907617504056","35.90907617504056","35.90907617504056","125.09844113131389","125.09844113131389","125.09844113131389","139.6768008573191","139.6768008573191","139.6768008573191","148.46839633160465","148.46839633160465","148.46839633160465","85.829205095297","85.829205095297","85.829205095297","5.6869201188695975","5.6869201188695975","5.6869201188695975","129.50078606562852","129.50078606562852","129.50078606562852","95.13070433095537","95.13070433095537","95.13070433095537","242.86724211924053","242.86724211924053","242.86724211924053","206.66874138487728","206.66874138487728","206.66874138487728","183.23018347835182","183.23018347835182","183.23018347835182","182.95856258303533","182.95856258303533","182.95856258303533","77.10392597818345","77.10392597818345","77.10392597818345","137.6358836235852","137.6358836235852","137.6358836235852","17.29533276293464","17.29533276293464","17.29533276293464"
"188000","237.47880281188276","237.47880281188276","237.47880281188276","163.2247632128727","163.2247632128727","163.2247632128727","113.38927973249524","113.38927973249524","113.38927973249524","220.42016505075904","220.42016505075904","220.42016505075904","20.95906622377019","20.95906622377019","20.95906622377019","51.4107134400095","51.4107134400095","51.4107134400095","122.3143523308227","122.3143523308227","122.3143523308227","130.20653509676347","130.20653509676347","130.20653509676347","168.2305987136052","168.2305987136052","168.2305987136052","86.62748940488004","86.62748940488004","86.62748940488004","5.481900295677148","5.481900295677148","5.481900295677148","111.8806943324873","111.8806943324873","111.8806943324873","130.5801568652971","130.5801568652971","130.5801568652971","274.87397450774654","274.87397450774654","274.87397450774654","184.1377549105775","184.1377549105775","184.1377549105775","181.4694164244383","181.4694164244383","181.4694164244383","206.25295454509583","206.25295454509583","206.25295454509583","80.38962265197547","80.38962265197547","80.38962265197547","143.40610841159463","143.40610841159463","143.40610841159463","17.29994920859276","17.29994920859276","17.29994920859276"
"192000","228.2604518733021","228.2604518733021","228.2604518733021","158.15163809174504","158.15163809174504","158.15163809174504","58.637893088144764","58.637893088144764","58.637893088144764","214.09994814519592","214.09994814519592","214.09994814519592","43.590419492912666","43.590419492912666","43.590419492912666","35.89756875965872","35.89756875965872","35.89756875965872","114.01996108427147","114.01996108427147","114.01996108427147","119.67867371524622","119.67867371524622","119.67867371524622","170.3112734247486","170.3112734247486","170.3112734247486","60.376608403366674","60.376608403366674","60.376608403366674","5.374217569123703","5.374217569123703","5.374217569123703","93.84213284807778","93.84213284807778","93.84213284807778","85.66659619550676","85.66659619550676","85.66659619550676","249.97484926484586","249.97484926484586","249.97484926484586","208.43546347491102","208.43546347491102","208.43546347491102","162.1174282945071","162.1174282945071","162.1174282945071","216.13607532589486","216.13607532589486","216.13607532589486","98.28733286017835","98.28733286017835","98.28733286017835","149.13612302877118","149.13612302877118","149.13612302877118","17.29667834566481","17.29667834566481","17.29667834566481"
"196000","276.076758808289","276.076758808289","276.076758808289","146.90547476946935","146.90547476946935","146.90547476946935","58.72369513711152","58.72369513711152","58.72369513711152","212.54470552393414","212.54470552393414","212.54470552393414","107.60869079978079","107.60869079978079","107.60869079978079","37.253397940221205","37.253397940221205","37.253397940221205","115.14958306526395","115.14958306526395","115.14958306526395","170.72307649283115","170.72307649283115","170.72307649283115","161.2490582820958","161.2490582820958","161.2490582820958","112.44046452500177","112.44046452500177","112.44046452500177","5.205453403430381","5.205453403430381","5.205453403430381","214.5490376262275","214.5490376262275","214.5490376262275","115.57657852007674","115.57657852007674","115.57657852007674","244.96101369845664","244.96101369845664","244.96101369845664","186.4667943341869","186.4667943341869","186.4667943341869","212.8903209173646","212.8903209173646","212.8903209173646","202.38853521342028","202.38853521342028","202.38853521342028","85.80876734430788","85.80876734430788","85.80876734430788","146.6061301996917","146.6061301996917","146.6061301996917","17.29231657653667","17.29231657653667","17.29231657653667"
"200000","175.62228441393353","175.62228441393353","175.62228441393353","161.59223857980345","161.59223857980345","161.59223857980345","54.50158182065017","54.50158182065017","54.50158182065017","201.37814637801876","201.37814637801876","201.37814637801876","117.9776602109334","117.9776602109334","117.9776602109334","37.196823328722225","37.196823328722225","37.196823328722225","122.94113395213904","122.94113395213904","122.94113395213904","187.57898204873405","187.57898204873405","187.57898204873405","174.64811582030373","174.64811582030373","174.64811582030373","125.33371988873735","125.33371988873735","125.33371988873735","4.88775089394639","4.88775089394639","4.88775089394639","156.91114934475002","156.91114934475002","156.91114934475002","147.09313546077496","147.09313546077496","147.09313546077496","257.3312506563896","257.3312506563896","257.3312506563896","220.21513659654633","220.21513659654633","220.21513659654633","176.28627534223637","176.28627534223637","176.28627534223637","198.17737126680362","198.17737126680362","198.17737126680362","87.94353826688852","87.94353826688852","87.94353826688852","196.97417416942363","196.97417416942363","196.97417416942363","17.28682651230682","17.28682651230682","17.28682651230682"
"204000","188.64673247247734","188.64673247247734","188.64673247247734","123.1473963749481","123.1473963749481","123.1473963749481","41.46960963586683","41.46960963586683","41.46960963586683","225.17184177586947","225.17184177586947","225.17184177586947","126.58005535987073","126.58005535987073","126.58005535987073","35.26379970985194","35.26379970985194","35.26379970985194","116.85052528967717","116.85052528967717","116.85052528967717","181.17279033027702","181.17279033027702","181.17279033027702","170.96146457922617","170.96146457922617","170.96146457922617","84.80271928961994","84.80271928961994","84.80271928961994","4.804119153316092","4.804119153316092","4.804119153316092","102.54963244399387","102.54963244399387","102.54963244399387","138.50595960597187","138.50595960597187","138.50595960597187","253.23170983615347","253.23170983615347","253.23170983615347","226.00377625796742","226.00377625796742","226.00377625796742","207.60869534576827","207.60869534576827","207.60869534576827","205.68058284275276","205.68058284275276","205.68058284275276","94.55538927982317","94.55538927982317","94.55538927982317","195.32011176839205","195.32011176839205","195.32011176839205","17.27696714058049","17.27696714058049","17.27696714058049"
"208000","170.53710214606338","170.53710214606338","170.53710214606338","163.45282733301897","163.45282733301897","163.45282733301897","22.765474655165274","22.765474655165274","22.765474655165274","222.32592738557386","222.32592738557386","222.32592738557386","125.83026448056421","125.83026448056421","125.83026448056421","62.852398071940385","62.852398071940385","62.852398071940385","85.08843951563838","85.08843951563838","85.08843951563838","163.064297853698","163.064297853698","163.064297853698","167.23897494721814","167.23897494721814","167.23897494721814","105.16632169468456","105.16632169468456","105.16632169468456","4.761038945821452","4.761038945821452","4.761038945821452","98.89661128530196","98.89661128530196","98.89661128530196","118.33111284157708","118.33111284157708","118.33111284157708","246.69189453868142","246.69189453868142","246.69189453868142","240.75659506578114","240.75659506578114","240.75659506578114","201.74454741790686","201.74454741790686","201.74454741790686","209.0845189751522","209.0845189751522","209.0845189751522","81.60176762926281","81.60176762926281","81.60176762926281","113.24006467913304","113.24006467913304","113.24006467913304","17.283081920732226","17.283081920732226","17.283081920732226"
"212000","189.50945560403437","189.50945560403437","189.50945560403437","166.71621419569578","166.71621419569578","166.71621419569578","22.26711307620945","22.26711307620945","22.26711307620945","206.15930054398686","206.15930054398686","206.15930054398686","122.74934788192976","122.74934788192976","122.74934788192976","72.30830477111584","72.30830477111584","72.30830477111584","80.28679785390939","80.28679785390939","80.28679785390939","188.8846608592973","188.8846608592973","188.8846608592973","162.6334522150787","162.6334522150787","162.6334522150787","100.91994214127675","100.91994214127675","100.91994214127675","146.65201176421664","146.65201176421664","146.65201176421664","136.20211832293555","136.20211832293555","136.20211832293555","127.3485521067073","127.3485521067073","127.3485521067073","279.93365994392366","279.93365994392366","279.93365994392366","233.72282934579917","233.72282934579917","233.72282934579917","172.033101976813","172.033101976813","172.033101976813","120.54559410376234","120.54559410376234","120.54559410376234","93.35876310127352","93.35876310127352","93.35876310127352","126.53964174330663","126.53964174330663","126.53964174330663","17.264189648755504","17.264189648755504","17.264189648755504"
"216000","248.31420028050792","248.31420028050792","248.31420028050792","135.00843348922317","135.00843348922317","135.00843348922317","21.90843841589703","21.90843841589703","21.90843841589703","233.2456145086523","233.2456145086523","233.2456145086523","123.14396728719824","123.14396728719824","123.14396728719824","49.206449854602546","49.206449854602546","49.206449854602546","130.00005145172796","130.00005145172796","130.00005145172796","166.7755616052094","166.7755616052094","166.7755616052094","175.42962137004332","175.42962137004332","175.42962137004332","105.52604513518301","105.52604513518301","105.52604513518301","159.97574114938794","159.97574114938794","159.97574114938794","130.73775925061628","130.73775925061628","130.73775925061628","120.50818574960269","120.50818574960269","120.50818574960269","248.70984276262894","248.70984276262894","248.70984276262894","243.17158668236738","243.17158668236738","243.17158668236738","169.8557005768991","169.8557005768991","169.8557005768991","117.67208266430639","117.67208266430639","117.67208266430639","108.01004350305229","108.01004350305229","108.01004350305229","132.3326822895196","132.3326822895196","132.3326822895196","17.270909417557704","17.270909417557704","17.270909417557704"
"220000","239.15016802064306","239.15016802064306","239.15016802064306","164.02919191230473","164.02919191230473","164.02919191230473","67.68536035716633","67.68536035716633","67.68536035716633","230.83701442621867","230.83701442621867","230.83701442621867","117.81615360701828","117.81615360701828","117.81615360701828","25.784988536715975","25.784988536715975","25.784988536715975","116.13266497911249","116.13266497911249","116.13266497911249","185.58447894988822","185.58447894988822","185.58447894988822","187.4387059361699","187.4387059361699","187.4387059361699","89.1285666825031","89.1285666825031","89.1285666825031","142.70858469379877","142.70858469379877","142.70858469379877","162.64575076456043","162.64575076456043","162.64575076456043","117.93296288045936","117.93296288045936","117.93296288045936","304.4962263039872","304.4962263039872","304.4962263039872","251.67999798442165","251.67999798442165","251.67999798442165","235.1460445498802","235.1460445498802","235.1460445498802","109.20819379782226","109.20819379782226","109.20819379782226","101.97380723001841","101.97380723001841","101.97380723001841","152.77314978211064","152.77314978211064","152.77314978211064","17.27739353724343","17.27739353724343","17.27739353724343"
"224000","236.21810664679296","236.21810664679296","236.21810664679296","144.55904552305373","144.55904552305373","144.55904552305373","68.13807328965324","68.13807328965324","68.13807328965324","233.83534046363758","233.83534046363758","233.83534046363758","132.35006899464665","132.35006899464665","132.35006899464665","10.105134394445864","10.105134394445864","10.105134394445864","127.47565151535461","127.47565151535461","127.47565151535461","211.67482051440635","211.67482051440635","211.67482051440635","187.40607845790504","187.40607845790504","187.40607845790504","106.61533961892368","106.61533961892368","106.61533961892368","147.91142369450887","147.91142369450887","147.91142369450887","154.65391677316444","154.65391677316444","154.65391677316444","113.42132829243243","113.42132829243243","113.42132829243243","260.8774653219486","260.8774653219486","260.8774653219486","257.4273152883606","257.4273152883606","257.4273152883606","254.21413143672925","254.21413143672925","254.21413143672925","120.66027681196552","120.66027681196552","120.66027681196552","91.99461503762423","91.99461503762423","91.99461503762423","204.94904295707119","204.94904295707119","204.94904295707119","17.28523690461862","17.28523690461862","17.28523690461862"
"228000","232.08106260463418","232.08106260463418","232.08106260463418","141.23886573203953","141.23886573203953","141.23886573203953","91.8373968957213","91.8373968957213","91.8373968957213","215.67539484159775","215.67539484159775","215.67539484159775","122.205665511407","122.205665511407","122.205665511407","32.147356455732904","32.147356455732904","32.147356455732904","139.90436752435477","139.90436752435477","139.90436752435477","202.66597706904614","202.66597706904614","202.66597706904614","182.93121743281867","182.93121743281867","182.93121743281867","109.86058771299614","109.86058771299614","109.86058771299614","158.726056461309","158.726056461309","158.726056461309","149.1883142258741","149.1883142258741","149.1883142258741","143.78816137789102","143.78816137789102","143.78816137789102","265.60048647754263","265.60048647754263","265.60048647754263","273.4838055689892","273.4838055689892","273.4838055689892","191.26290229734497","191.26290229734497","191.26290229734497","110.23565353224221","110.23565353224221","110.23565353224221","84.65151974498538","84.65151974498538","84.65151974498538","138.83390822317278","138.83390822317278","138.83390822317278","17.297916932606604","17.297916932606604","17.297916932606604"
"232000","263.7385171275854","263.7385171275854","263.7385171275854","130.46072646059594","130.46072646059594","130.46072646059594","97.18257102175089","97.18257102175089","97.18257102175089","215.89106735167343","215.89106735167343","215.89106735167343","125.75899274293322","125.75899274293322","125.75899274293322","35.16771024762999","35.16771024762999","35.16771024762999","106.77342462542951","106.77342462542951","106.77342462542951","171.45102454101067","171.45102454101067","171.45102454101067","171.5843726204493","171.5843726204493","171.5843726204493","112.10490208869469","112.10490208869469","112.10490208869469","158.7280126685741","158.7280126685741","158.7280126685741","81.56701911860827","81.56701911860827","81.56701911860827","132.41797560201434","132.41797560201434","132.41797560201434","205.5878184792487","205.5878184792487","205.5878184792487","266.7473557848472","266.7473557848472","266.7473557848472","238.118861740695","238.118861740695","238.118861740695","113.35986755782501","113.35986755782501","113.35986755782501","110.23872129819054","110.23872129819054","110.23872129819054","197.26357970700295","197.26357970700295","197.26357970700295","17.301106664936135","17.301106664936135","17.301106664936135"
"236000","252.10597337503958","252.10597337503958","252.10597337503958","156.9977556368728","156.9977556368728","156.9977556368728","107.87006330627291","107.87006330627291","107.87006330627291","233.778042500459","233.778042500459","233.778042500459","124.58119661903504","124.58119661903504","124.58119661903504","25.26334486533507","25.26334486533507","25.26334486533507","85.68864170494619","85.68864170494619","85.68864170494619","192.20772139871792","192.20772139871792","192.20772139871792","174.60209744035006","174.60209744035006","174.60209744035006","110.05884009264373","110.05884009264373","110.05884009264373","132.60834781104717","132.60834781104717","132.60834781104717","131.12691517547677","131.12691517547677","131.12691517547677","142.33071615949206","142.33071615949206","142.33071615949206","243.84982095055483","243.84982095055483","243.84982095055483","269.61509081239336","269.61509081239336","269.61509081239336","208.27815967284056","208.27815967284056","208.27815967284056","190.932924917772","190.932924917772","190.932924917772","90.86424304702197","90.86424304702197","90.86424304702197","189.80621717023791","189.80621717023791","189.80621717023791","17.295950502454083","17.295950502454083","17.295950502454083"
"240000","248.8579916596289","248.8579916596289","248.8579916596289","166.72628403354958","166.72628403354958","166.72628403354958","91.57054063322325","91.57054063322325","91.57054063322325","205.00136180799387","205.00136180799387","205.00136180799387","121.5371557494723","121.5371557494723","121.5371557494723","23.865186804405816","23.865186804405816","23.865186804405816","89.41404379555868","89.41404379555868","89.41404379555868","205.2049705386881","205.2049705386881","205.2049705386881","176.8460791144938","176.8460791144938","176.8460791144938","100.68985974738199","100.68985974738199","100.68985974738199","148.2838165418219","148.2838165418219","148.2838165418219","109.95353546410279","109.95353546410279","109.95353546410279","144.5978053628923","144.5978053628923","144.5978053628923","295.05249931656715","295.05249931656715","295.05249931656715","267.2429028960699","267.2429028960699","267.2429028960699","247.97407646410457","247.97407646410457","247.97407646410457","147.72627607052715","147.72627607052715","147.72627607052715","95.04840070520824","95.04840070520824","95.04840070520824","143.46970913947365","143.46970913947365","143.46970913947365","17.2838547978188","17.2838547978188","17.2838547978188"
"244000","257.859283635999","257.859283635999","257.859283635999","164.16123652601544","164.16123652601544","164.16123652601544","127.57054159620093","127.57054159620093","127.57054159620093","203.50600125618803","203.50600125618803","203.50600125618803","116.35777488672616","116.35777488672616","116.35777488672616","34.11963259565636","34.11963259565636","34.11963259565636","88.72645834458021","88.72645834458021","88.72645834458021","206.41505994547097","206.41505994547097","206.41505994547097","167.78213529416064","167.78213529416064","167.78213529416064","98.21030938561111","98.21030938561111","98.21030938561111","133.24727794116228","133.24727794116228","133.24727794116228","145.64929840192565","145.64929840192565","145.64929840192565","146.27807113539956","146.27807113539956","146.27807113539956","282.9700741698904","282.9700741698904","282.9700741698904","236.45163658741913","236.45163658741913","236.45163658741913","256.1228882705574","256.1228882705574","256.1228882705574","202.3915507817444","202.3915507817444","202.3915507817444","125.64101791890839","125.64101791890839","125.64101791890839","180.9645553003915","180.9645553003915","180.9645553003915","17.28720549112975","17.28720549112975","17.28720549112975"
"248000","261.47603853213843","261.47603853213843","261.47603853213843","230.67352946539418","230.67352946539418","230.67352946539418","119.08034512942774","119.08034512942774","119.08034512942774","230.83774082945243","230.83774082945243","230.83774082945243","152.6606704459544","152.6606704459544","152.6606704459544","38.06978912113027","38.06978912113027","38.06978912113027","86.39804832654718","86.39804832654718","86.39804832654718","218.12300648799328","218.12300648799328","218.12300648799328","189.51722129065595","189.51722129065595","189.51722129065595","94.7256944638777","94.7256944638777","94.7256944638777","116.68469240805643","116.68469240805643","116.68469240805643","158.5077282932661","158.5077282932661","158.5077282932661","136.74023076414815","136.74023076414815","136.74023076414815","266.9782589141379","266.9782589141379","266.9782589141379","231.31598381448725","231.31598381448725","231.31598381448725","226.02492834330968","226.02492834330968","226.02492834330968","197.6245549828555","197.6245549828555","197.6245549828555","123.87743866655333","123.87743866655333","123.87743866655333","201.074093046189","201.074093046189","201.074093046189","17.253572860986452","17.253572860986452","17.253572860986452"
"252000","267.50055125759354","267.50055125759354","267.50055125759354","237.16308652078615","237.16308652078615","237.16308652078615","120.81510352256802","120.81510352256802","120.81510352256802","248.55437972829037","248.55437972829037","248.55437972829037","143.66737697544653","143.66737697544653","143.66737697544653","38.89828433807658","38.89828433807658","38.89828433807658","79.61251086724464","79.61251086724464","79.61251086724464","210.56404102048432","210.56404102048432","210.56404102048432","193.520107216763","193.520107216763","193.520107216763","104.82795264423055","104.82795264423055","104.82795264423055","49.87966103385592","49.87966103385592","49.87966103385592","166.40630390968508","166.40630390968508","166.40630390968508","135.63321151626477","135.63321151626477","135.63321151626477","245.03480759548174","245.03480759548174","245.03480759548174","231.3859076165677","231.3859076165677","231.3859076165677","247.02181355247663","247.02181355247663","247.02181355247663","205.79699195697012","205.79699195697012","205.79699195697012","116.12464011592661","116.12464011592661","116.12464011592661","209.69601826579333","209.69601826579333","209.69601826579333","17.260428860059594","17.260428860059594","17.260428860059594"
"256000","234.08677317155838","234.08677317155838","234.08677317155838","163.41122677522822","163.41122677522822","163.41122677522822","90.79952245389241","90.79952245389241","90.79952245389241","230.27550720480235","230.27550720480235","230.27550720480235","128.10580552967866","128.10580552967866","128.10580552967866","56.34811487916211","56.34811487916211","56.34811487916211","85.3866610875202","85.3866610875202","85.3866610875202","212.27916812580074","212.27916812580074","212.27916812580074","182.18096669071699","182.18096669071699","182.18096669071699","108.96678392210586","108.96678392210586","108.96678392210586","2.8814479410354314","2.8814479410354314","2.8814479410354314","202.20044106285363","202.20044106285363","202.20044106285363","145.0562462494214","145.0562462494214","145.0562462494214","299.3051371482609","299.3051371482609","299.3051371482609","273.81655714453416","273.81655714453416","273.81655714453416","211.08658290373143","211.08658290373143","211.08658290373143","220.91894433465967","220.91894433465967","220.91894433465967","151.73544882695177","151.73544882695177","151.73544882695177","214.57046334522565","214.57046334522565","214.57046334522565","17.258319745605522","17.258319745605522","17.258319745605522"
"260000","278.8360376414287","278.8360376414287","278.8360376414287","209.67982874835084","209.67982874835084","209.67982874835084","115.65409434890971","115.65409434890971","115.65409434890971","222.78283273555448","222.78283273555448","222.78283273555448","128.7475761063103","128.7475761063103","128.7475761063103","54.65080935258237","54.65080935258237","54.65080935258237","89.94089326882616","89.94089326882616","89.94089326882616","205.6408345805084","205.6408345805084","205.6408345805084","172.69127929241122","172.69127929241122","172.69127929241122","54.275682325191255","54.275682325191255","54.275682325191255","236.33020612464355","236.33020612464355","236.33020612464355","169.1602960470463","169.1602960470463","169.1602960470463","165.95155037066846","165.95155037066846","165.95155037066846","267.94361607776455","267.94361607776455","267.94361607776455","260.8254334661051","260.8254334661051","260.8254334661051","204.12067074739429","204.12067074739429","204.12067074739429","242.84232769568985","242.84232769568985","242.84232769568985","117.55420078277957","117.55420078277957","117.55420078277957","104.11902110826566","104.11902110826566","104.11902110826566","17.26714297873074","17.26714297873074","17.26714297873074"
"264000","273.9544389322522","273.9544389322522","273.9544389322522","208.53145322826686","208.53145322826686","208.53145322826686","96.34933783150724","96.34933783150724","96.34933783150724","219.93295496400324","219.93295496400324","219.93295496400324","130.82115534233316","130.82115534233316","130.82115534233316","56.05097828063113","56.05097828063113","56.05097828063113","142.8582669672422","142.8582669672422","142.8582669672422","222.1187506525609","222.1187506525609","222.1187506525609","187.0301430650714","187.0301430650714","187.0301430650714","101.49977144413253","101.49977144413253","101.49977144413253","207.12619845203994","207.12619845203994","207.12619845203994","198.14965294826553","198.14965294826553","198.14965294826553","171.52816490168408","171.52816490168408","171.52816490168408","271.8605867800819","271.8605867800819","271.8605867800819","253.7535205160719","253.7535205160719","253.7535205160719","250.25714193192624","250.25714193192624","250.25714193192624","247.74889339492387","247.74889339492387","247.74889339492387","125.56367997709765","125.56367997709765","125.56367997709765","131.12338048144292","131.12338048144292","131.12338048144292","17.275015762279658","17.275015762279658","17.275015762279658"
"268000","292.19639774540036","292.19639774540036","292.19639774540036","236.19581158310515","236.19581158310515","236.19581158310515","99.12676054265657","99.12676054265657","99.12676054265657","220.63167846274783","220.63167846274783","220.63167846274783","139.5132907752494","139.5132907752494","139.5132907752494","79.61745366090754","79.61745366090754","79.61745366090754","90.57444595945523","90.57444595945523","90.57444595945523","179.31334826017044","179.31334826017044","179.31334826017044","196.72279793664285","196.72279793664285","196.72279793664285","95.50234136589334","95.50234136589334","95.50234136589334","196.34633063041437","196.34633063041437","196.34633063041437","201.44835348922635","201.44835348922635","201.44835348922635","166.765828884072","166.765828884072","166.765828884072","290.59630889827486","290.59630889827486","290.59630889827486","263.102929733591","263.102929733591","263.102929733591","234.32266469094674","234.32266469094674","234.32266469094674","191.16385587596972","191.16385587596972","191.16385587596972","111.36876234052833","111.36876234052833","111.36876234052833","122.82429014598173","122.82429014598173","122.82429014598173","17.269432611969684","17.269432611969684","17.269432611969684"
"272000","299.0592304519979","299.0592304519979","299.0592304519979","230.94418931985956","230.94418931985956","230.94418931985956","98.57346749274791","98.57346749274791","98.57346749274791","220.1689305562623","220.1689305562623","220.1689305562623","132.17872692871256","132.17872692871256","132.17872692871256","50.63357320848739","50.63357320848739","50.63357320848739","81.09914773352052","81.09914773352052","81.09914773352052","218.65497287445424","218.65497287445424","218.65497287445424","191.62106797866687","191.62106797866687","191.62106797866687","101.32890596262527","101.32890596262527","101.32890596262527","104.29197625767252","104.29197625767252","104.29197625767252","164.7182153176365","164.7182153176365","164.7182153176365","122.55280328879788","122.55280328879788","122.55280328879788","279.7683122426723","279.7683122426723","279.7683122426723","291.1949198807969","291.1949198807969","291.1949198807969","218.84302690652407","218.84302690652407","218.84302690652407","231.2972245226818","231.2972245226818","231.2972245226818","147.71682606554666","147.71682606554666","147.71682606554666","137.99105923805703","137.99105923805703","137.99105923805703","17.273033152412474","17.273033152412474","17.273033152412474"
"276000","301.30485447908563","301.30485447908563","301.30485447908563","258.0073740226326","258.0073740226326","258.0073740226326","101.1727895372226","101.1727895372226","101.1727895372226","208.36272751894984","208.36272751894984","208.36272751894984","130.4092042418309","130.4092042418309","130.4092042418309","76.66288876259017","76.66288876259017","76.66288876259017","141.1949610650591","141.1949610650591","141.1949610650591","206.039578683505","206.039578683505","206.039578683505","191.4140473231301","191.4140473231301","191.4140473231301","93.68832872515789","93.68832872515789","93.68832872515789","169.89021134024932","169.89021134024932","169.89021134024932","159.9813742733555","159.9813742733555","159.9813742733555","113.54969784861449","113.54969784861449","113.54969784861449","254.8075628516014","254.8075628516014","254.8075628516014","284.2304085289642","284.2304085289642","284.2304085289642","206.84542477379372","206.84542477379372","206.84542477379372","229.3478006303495","229.3478006303495","229.3478006303495","126.89214379940259","126.89214379940259","126.89214379940259","175.4952096252752","175.4952096252752","175.4952096252752","17.27638224365021","17.27638224365021","17.27638224365021"
"280000","303.6679691128576","303.6679691128576","303.6679691128576","191.6594896528789","191.6594896528789","191.6594896528789","96.85879057572666","96.85879057572666","96.85879057572666","235.23702765792305","235.23702765792305","235.23702765792305","123.87768149823356","123.87768149823356","123.87768149823356","94.25820834908957","94.25820834908957","94.25820834908957","84.91026121746575","84.91026121746575","84.91026121746575","206.49402050432786","206.49402050432786","206.49402050432786","204.26267806158248","204.26267806158248","204.26267806158248","95.52352501477299","95.52352501477299","95.52352501477299","218.63974995686834","218.63974995686834","218.63974995686834","156.09886637020293","156.09886637020293","156.09886637020293","111.60971390775387","111.60971390775387","111.60971390775387","258.9603974572478","258.9603974572478","258.9603974572478","276.27583287596406","276.27583287596406","276.27583287596406","218.9405030142169","218.9405030142169","218.9405030142169","225.48863303424622","225.48863303424622","225.48863303424622","111.68862478484122","111.68862478484122","111.68862478484122","156.19821304570723","156.19821304570723","156.19821304570723","17.253083609784262","17.253083609784262","17.253083609784262"
"284000","306.4046074558627","306.4046074558627","306.4046074558627","190.1105578497034","190.1105578497034","190.1105578497034","102.39255640802183","102.39255640802183","102.39255640802183","232.96646841270172","232.96646841270172","232.96646841270172","126.81991621239528","126.81991621239528","126.81991621239528","100.00907951034343","100.00907951034343","100.00907951034343","71.15708165104498","71.15708165104498","71.15708165104498","209.07084338128772","209.07084338128772","209.07084338128772","204.5613328893633","204.5613328893633","204.5613328893633","49.24267457510261","49.24267457510261","49.24267457510261","161.88934422478283","161.88934422478283","161.88934422478283","148.52440499122292","148.52440499122292","148.52440499122292","96.6112497664791","96.6112497664791","96.6112497664791","256.077451436429","256.077451436429","256.077451436429","274.6015563714661","274.6015563714661","274.6015563714661","214.38374311403885","214.38374311403885","214.38374311403885","211.73438207866184","211.73438207866184","211.73438207866184","134.43011234265563","134.43011234265563","134.43011234265563","157.50021265986476","157.50021265986476","157.50021265986476","17.276418480035176","17.276418480035176","17.276418480035176"
"288000","288.49819710345406","288.49819710345406","288.49819710345406","206.31375276891058","206.31375276891058","206.31375276891058","95.02767762126786","95.02767762126786","95.02767762126786","223.85599993274877","223.85599993274877","223.85599993274877","124.04302554564033","124.04302554564033","124.04302554564033","67.34595940262145","67.34595940262145","67.34595940262145","107.91455518477127","107.91455518477127","107.91455518477127","211.2828808105506","211.2828808105506","211.2828808105506","206.55358019629733","206.55358019629733","206.55358019629733","75.2511542000105","75.2511542000105","75.2511542000105","151.95614227034463","151.95614227034463","151.95614227034463","151.68745005590196","151.68745005590196","151.68745005590196","94.71683988200297","94.71683988200297","94.71683988200297","251.57893586474574","251.57893586474574","251.57893586474574","291.3593557328728","291.3593557328728","291.3593557328728","265.6963906251109","265.6963906251109","265.6963906251109","213.98273707695589","213.98273707695589","213.98273707695589","108.24757108843396","108.24757108843396","108.24757108843396","216.10866443893764","216.10866443893764","216.10866443893764","17.274800083092746","17.274800083092746","17.274800083092746"
"292000","287.849237213581","287.849237213581","287.849237213581","210.8640410842519","210.8640410842519","210.8640410842519","83.57308088394419","83.57308088394419","83.57308088394419","233.92750084570844","233.92750084570844","233.92750084570844","119.69805486365885","119.69805486365885","119.69805486365885","83.18089930176932","83.18089930176932","83.18089930176932","121.03516675629078","121.03516675629078","121.03516675629078","212.43755288264214","212.43755288264214","212.43755288264214","195.09082077638246","195.09082077638246","195.09082077638246","50.09352311265945","50.09352311265945","50.09352311265945","198.99565788572104","198.99565788572104","198.99565788572104","135.61239473174965","135.61239473174965","135.61239473174965","109.7582941568882","109.7582941568882","109.7582941568882","269.4120820694126","269.4120820694126","269.4120820694126","284.11866013487213","284.11866013487213","284.11866013487213","256.3683610303297","256.3683610303297","256.3683610303297","221.44071027429268","221.44071027429268","221.44071027429268","118.61389065154006","118.61389065154006","118.61389065154006","229.37231283172454","229.37231283172454","229.37231283172454","17.277867883098054","17.277867883098054","17.277867883098054"
"296000","292.3355398641023","292.3355398641023","292.3355398641023","257.83240279030866","257.83240279030866","257.83240279030866","86.3916095870663","86.3916095870663","86.3916095870663","272.60071958864467","272.60071958864467","272.60071958864467","150.3338839699158","150.3338839699158","150.3338839699158","57.518932655679194","57.518932655679194","57.518932655679194","114.4999146605575","114.4999146605575","114.4999146605575","227.8224354431637","227.8224354431637","227.8224354431637","196.5700641984781","196.5700641984781","196.5700641984781","50.601117691211925","50.601117691211925","50.601117691211925","187.22827587047306","187.22827587047306","187.22827587047306","94.91505348757984","94.91505348757984","94.91505348757984","125.9017046477857","125.9017046477857","125.9017046477857","280.70659254924306","280.70659254924306","280.70659254924306","286.38468490443773","286.38468490443773","286.38468490443773","249.81099075277402","249.81099075277402","249.81099075277402","195.0923660438884","195.0923660438884","195.0923660438884","83.26511208975637","83.26511208975637","83.26511208975637","231.79852328372309","231.79852328372309","231.79852328372309","7.233792946748456","7.233792946748456","7.233792946748456"
"300000","268.2197345709178","268.2197345709178","268.2197345709178","256.76827880777506","256.76827880777506","256.76827880777506","88.05717190152924","88.05717190152924","88.05717190152924","267.546655991511","267.546655991511","267.546655991511","151.7924487478728","151.7924487478728","151.7924487478728","58.857103781836585","58.857103781836585","58.857103781836585","124.8222129080394","124.8222129080394","124.8222129080394","223.14621960644644","223.14621960644644","223.14621960644644","192.36290921772323","192.36290921772323","192.36290921772323","95.21025767560428","95.21025767560428","95.21025767560428","190.7118411539026","190.7118411539026","190.7118411539026","106.58347884771851","106.58347884771851","106.58347884771851","118.84306304429644","118.84306304429644","118.84306304429644","291.8299789707391","291.8299789707391","291.8299789707391","282.9847918378015","282.9847918378015","282.9847918378015","254.18046684546033","254.18046684546033","254.18046684546033","217.65602079569493","217.65602079569493","217.65602079569493","88.73244068645351","88.73244068645351","88.73244068645351","229.941495441294","229.941495441294","229.941495441294","16.560235936064863","16.560235936064863","16.560235936064863"
"304000","243.87074686144848","243.87074686144848","243.87074686144848","176.21250414302452","176.21250414302452","176.21250414302452","88.79153798159426","88.79153798159426","88.79153798159426","255.5703981638363","255.5703981638363","255.5703981638363","149.61077698752902","149.61077698752902","149.61077698752902","60.67390777484265","60.67390777484265","60.67390777484265","122.1656770270115","122.1656770270115","122.1656770270115","192.8131042569778","192.8131042569778","192.8131042569778","195.1960300873624","195.1960300873624","195.1960300873624","152.7969602290372","152.7969602290372","152.7969602290372","176.41252312066828","176.41252312066828","176.41252312066828","111.55959037353962","111.55959037353962","111.55959037353962","132.69663310318987","132.69663310318987","132.69663310318987","263.4346217500476","263.4346217500476","263.4346217500476","302.2590126926456","302.2590126926456","302.2590126926456","207.12051514646527","207.12051514646527","207.12051514646527","241.70763568851743","241.70763568851743","241.70763568851743","91.98597150127185","91.98597150127185","91.98597150127185","247.38739955848155","247.38739955848155","247.38739955848155","14.438473980943465","14.438473980943465","14.438473980943465"
"308000","215.9614159764992","215.9614159764992","215.9614159764992","177.11497679622497","177.11497679622497","177.11497679622497","103.91050166344193","103.91050166344193","103.91050166344193","258.32150617525633","258.32150617525633","258.32150617525633","72.59809910329155","72.59809910329155","72.59809910329155","63.21480893995347","63.21480893995347","63.21480893995347","95.87321660415739","95.87321660415739","95.87321660415739","195.05041039162427","195.05041039162427","195.05041039162427","217.87880127229127","217.87880127229127","217.87880127229127","151.937110690257","151.937110690257","151.937110690257","164.32235892600823","164.32235892600823","164.32235892600823","108.26274472437224","108.26274472437224","108.26274472437224","127.733185891406","127.733185891406","127.733185891406","312.56988071124016","312.56988071124016","312.56988071124016","298.8045480077225","298.8045480077225","298.8045480077225","259.2850574627304","259.2850574627304","259.2850574627304","240.64247141691757","240.64247141691757","240.64247141691757","107.23324841314061","107.23324841314061","107.23324841314061","247.28194419021034","247.28194419021034","247.28194419021034","17.2244987905973","17.2244987905973","17.2244987905973"
"312000","224.62708622182123","224.62708622182123","224.62708622182123","233.56430368394777","233.56430368394777","233.56430368394777","82.6789865722994","82.6789865722994","82.6789865722994","236.71188665686222","236.71188665686222","236.71188665686222","120.73199946807509","120.73199946807509","120.73199946807509","111.16207897575275","111.16207897575275","111.16207897575275","111.19948190376968","111.19948190376968","111.19948190376968","187.93875759063744","187.93875759063744","187.93875759063744","229.7631057862332","229.7631057862332","229.7631057862332","148.35238956427486","148.35238956427486","148.35238956427486","156.7989047568512","156.7989047568512","156.7989047568512","125.96126588161383","125.96126588161383","125.96126588161383","141.71506617731146","141.71506617731146","141.71506617731146","294.5114746218116","294.5114746218116","294.5114746218116","294.0225981128612","294.0225981128612","294.0225981128612","265.474130016422","265.474130016422","265.474130016422","207.696556942884","207.696556942884","207.696556942884","101.49318902287234","101.49318902287234","101.49318902287234","239.86070050871194","239.86070050871194","239.86070050871194","17.235817976933923","17.235817976933923","17.235817976933923"
"316000","211.13009709941534","211.13009709941534","211.13009709941534","210.72583768079897","210.72583768079897","210.72583768079897","125.83030802920749","125.83030802920749","125.83030802920749","267.3717133347802","267.3717133347802","267.3717133347802","120.62419914087623","120.62419914087623","120.62419914087623","107.43843044449095","107.43843044449095","107.43843044449095","110.77266711120342","110.77266711120342","110.77266711120342","206.5484586642633","206.5484586642633","206.5484586642633","216.573479873346","216.573479873346","216.573479873346","145.05789531466158","145.05789531466158","145.05789531466158","162.95585894877564","162.95585894877564","162.95585894877564","198.71533734252736","198.71533734252736","198.71533734252736","137.9957999394685","137.9957999394685","137.9957999394685","261.3683766005868","261.3683766005868","261.3683766005868","265.45292114045196","265.45292114045196","265.45292114045196","249.83705915913205","249.83705915913205","249.83705915913205","181.08448609148195","181.08448609148195","181.08448609148195","103.94855706010192","103.94855706010192","103.94855706010192","242.08248384379104","242.08248384379104","242.08248384379104","17.206335964388586","17.206335964388586","17.206335964388586"
"320000","230.2084558050088","230.2084558050088","230.2084558050088","245.5857749506992","245.5857749506992","245.5857749506992","100.77991080781624","100.77991080781624","100.77991080781624","270.2628539200248","270.2628539200248","270.2628539200248","122.3608354788892","122.3608354788892","122.3608354788892","109.15665895954226","109.15665895954226","109.15665895954226","125.6282615434374","125.6282615434374","125.6282615434374","212.43171966265373","212.43171966265373","212.43171966265373","238.75813143041114","238.75813143041114","238.75813143041114","149.3147027153216","149.3147027153216","149.3147027153216","167.83698135617206","167.83698135617206","167.83698135617206","161.22363851369","161.22363851369","161.22363851369","145.56413112007513","145.56413112007513","145.56413112007513","279.5326193132339","279.5326193132339","279.5326193132339","267.5717436260844","267.5717436260844","267.5717436260844","253.1891106729907","253.1891106729907","253.1891106729907","85.01046901289158","85.01046901289158","85.01046901289158","105.58174513384469","105.58174513384469","105.58174513384469","249.2482261420226","249.2482261420226","249.2482261420226","17.21643796642012","17.21643796642012","17.21643796642012"
"324000","307.26406156684357","307.26406156684357","307.26406156684357","226.95261157389714","226.95261157389714","226.95261157389714","104.91196067200644","104.91196067200644","104.91196067200644","263.23836884954073","263.23836884954073","263.23836884954073","123.23771818686036","123.23771818686036","123.23771818686036","111.56520725194545","111.56520725194545","111.56520725194545","126.05338122398946","126.05338122398946","126.05338122398946","195.76442214135568","195.76442214135568","195.76442214135568","236.67400144965882","236.67400144965882","236.67400144965882","122.99780918189416","122.99780918189416","122.99780918189416","170.33670892146915","170.33670892146915","170.33670892146915","175.45033934809325","175.45033934809325","175.45033934809325","139.0124358087366","139.0124358087366","139.0124358087366","293.2611352913433","293.2611352913433","293.2611352913433","278.0016819295077","278.0016819295077","278.0016819295077","272.5315907761402","272.5315907761402","272.5315907761402","123.88441495254817","123.88441495254817","123.88441495254817","97.8349623875265","97.8349623875265","97.8349623875265","219.78596925005272","219.78596925005272","219.78596925005272","17.216138204936932","17.216138204936932","17.216138204936932"
"328000","310.20561066405355","310.20561066405355","310.20561066405355","245.23033198588715","245.23033198588715","245.23033198588715","95.82167310021802","95.82167310021802","95.82167310021802","258.1596465836832","258.1596465836832","258.1596465836832","118.79547435147113","118.79547435147113","118.79547435147113","71.8153044804059","71.8153044804059","71.8153044804059","126.96400675157516","126.96400675157516","126.96400675157516","205.55492566150173","205.55492566150173","205.55492566150173","209.58881839093016","209.58881839093016","209.58881839093016","153.53659386586475","153.53659386586475","153.53659386586475","167.97660004103432","167.97660004103432","167.97660004103432","226.25654503271753","226.25654503271753","226.25654503271753","140.74327143667355","140.74327143667355","140.74327143667355","264.8279533934913","264.8279533934913","264.8279533934913","293.5203007945087","293.5203007945087","293.5203007945087","273.7053117745492","273.7053117745492","273.7053117745492","104.08358108020659","104.08358108020659","104.08358108020659","113.65940142542873","113.65940142542873","113.65940142542873","170.37531487214397","170.37531487214397","170.37531487214397","23.0416015548657","23.0416015548657","23.0416015548657"
"332000","246.87875869733085","246.87875869733085","246.87875869733085","232.91683281875444","232.91683281875444","232.91683281875444","82.23654869283013","82.23654869283013","82.23654869283013","248.91118125930774","248.91118125930774","248.91118125930774","133.48436745159347","133.48436745159347","133.48436745159347","76.18004753021953","76.18004753021953","76.18004753021953","130.28830616542146","130.28830616542146","130.28830616542146","215.0052368721295","215.0052368721295","215.0052368721295","246.04744714138897","246.04744714138897","246.04744714138897","151.9561806196412","151.9561806196412","151.9561806196412","92.36420714029995","92.36420714029995","92.36420714029995","230.01186380128402","230.01186380128402","230.01186380128402","151.7796079743428","151.7796079743428","151.7796079743428","291.0768533889992","291.0768533889992","291.0768533889992","274.3054617861544","274.3054617861544","274.3054617861544","281.70411711479386","281.70411711479386","281.70411711479386","82.63211068953231","82.63211068953231","82.63211068953231","114.48561314066914","114.48561314066914","114.48561314066914","185.1192032110979","185.1192032110979","185.1192032110979","30.95326764582566","30.95326764582566","30.95326764582566"
"336000","237.54281527015783","237.54281527015783","237.54281527015783","216.64322843378028","216.64322843378028","216.64322843378028","77.42501526054649","77.42501526054649","77.42501526054649","254.3643783922922","254.3643783922922","254.3643783922922","135.45974243792654","135.45974243792654","135.45974243792654","56.67786231232302","56.67786231232302","56.67786231232302","165.41235444705282","165.41235444705282","165.41235444705282","213.36136307200877","213.36136307200877","213.36136307200877","228.61327104588494","228.61327104588494","228.61327104588494","124.5159365662741","124.5159365662741","124.5159365662741","133.8186315439882","133.8186315439882","133.8186315439882","178.06750680288675","178.06750680288675","178.06750680288675","134.53828400768916","134.53828400768916","134.53828400768916","290.5145684250687","290.5145684250687","290.5145684250687","268.54867611626526","268.54867611626526","268.54867611626526","313.16493214478265","313.16493214478265","313.16493214478265","146.2161760066606","146.2161760066606","146.2161760066606","125.82279815016027","125.82279815016027","125.82279815016027","182.6713972037472","182.6713972037472","182.6713972037472","33.68582414781696","33.68582414781696","33.68582414781696"
"340000","279.34889898806057","279.34889898806057","279.34889898806057","183.7315118881547","183.7315118881547","183.7315118881547","94.33565212994297","94.33565212994297","94.33565212994297","165.5417029009173","165.5417029009173","165.5417029009173","153.46999578908702","153.46999578908702","153.46999578908702","56.713378013606565","56.713378013606565","56.713378013606565","157.79820469637542","157.79820469637542","157.79820469637542","208.38620335263764","208.38620335263764","208.38620335263764","247.00265796204485","247.00265796204485","247.00265796204485","145.781077288436","145.781077288436","145.781077288436","113.63260485985923","113.63260485985923","113.63260485985923","182.47623384107203","182.47623384107203","182.47623384107203","137.26153307327849","137.26153307327849","137.26153307327849","290.74099248151845","290.74099248151845","290.74099248151845","281.52674585909597","281.52674585909597","281.52674585909597","288.3169185377507","288.3169185377507","288.3169185377507","110.52588878290177","110.52588878290177","110.52588878290177","124.07332604645005","124.07332604645005","124.07332604645005","172.3170077184408","172.3170077184408","172.3170077184408","47.939879745364095","47.939879745364095","47.939879745364095"
"344000","293.6017181645176","293.6017181645176","293.6017181645176","260.9697807177591","260.9697807177591","260.9697807177591","114.2883697973056","114.2883697973056","114.2883697973056","152.34603110346592","152.34603110346592","152.34603110346592","159.2615189325535","159.2615189325535","159.2615189325535","68.31662360313842","68.31662360313842","68.31662360313842","142.42627618559453","142.42627618559453","142.42627618559453","172.78358681137667","172.78358681137667","172.78358681137667","243.19769513749958","243.19769513749958","243.19769513749958","138.19184739115013","138.19184739115013","138.19184739115013","141.77679644011081","141.77679644011081","141.77679644011081","177.98769884599918","177.98769884599918","177.98769884599918","143.73400191294863","143.73400191294863","143.73400191294863","273.8565162141836","273.8565162141836","273.8565162141836","292.1391901271524","292.1391901271524","292.1391901271524","269.2982641450668","269.2982641450668","269.2982641450668","174.98214448365871","174.98214448365871","174.98214448365871","141.94920655371527","141.94920655371527","141.94920655371527","201.38386319071932","201.38386319071932","201.38386319071932","79.4248693452349","79.4248693452349","79.4248693452349"
"348000","255.49479817608275","255.49479817608275","255.49479817608275","242.15767755289397","242.15767755289397","242.15767755289397","108.93612256651866","108.93612256651866","108.93612256651866","157.73520102031085","157.73520102031085","157.73520102031085","175.82162056708108","175.82162056708108","175.82162056708108","70.17578134486808","70.17578134486808","70.17578134486808","154.9848800336684","154.9848800336684","154.9848800336684","224.46768174288644","224.46768174288644","224.46768174288644","241.56618157920843","241.56618157920843","241.56618157920843","155.9511860811189","155.9511860811189","155.9511860811189","150.01459911393596","150.01459911393596","150.01459911393596","188.34607151887516","188.34607151887516","188.34607151887516","163.49561771963047","163.49561771963047","163.49561771963047","280.107185239542","280.107185239542","280.107185239542","292.3402831221649","292.3402831221649","292.3402831221649","285.6766432656924","285.6766432656924","285.6766432656924","217.1941651618343","217.1941651618343","217.1941651618343","166.35335981494282","166.35335981494282","166.35335981494282","201.1272878324824","201.1272878324824","201.1272878324824","48.914098872584546","48.914098872584546","48.914098872584546"
"352000","308.83646949588916","308.83646949588916","308.83646949588916","274.8487408216275","274.8487408216275","274.8487408216275","117.20987284888886","117.20987284888886","117.20987284888886","169.18252205711124","169.18252205711124","169.18252205711124","144.12284178580416","144.12284178580416","144.12284178580416","82.79494651061559","82.79494651061559","82.79494651061559","127.88624316075921","127.88624316075921","127.88624316075921","224.60278122339247","224.60278122339247","224.60278122339247","219.24226828145734","219.24226828145734","219.24226828145734","139.18864494197703","139.18864494197703","139.18864494197703","168.91490074969616","168.91490074969616","168.91490074969616","193.93633574989184","193.93633574989184","193.93633574989184","161.68059443236808","161.68059443236808","161.68059443236808","307.394592138433","307.394592138433","307.394592138433","291.7091520283268","291.7091520283268","291.7091520283268","288.42287619498126","288.42287619498126","288.42287619498126","120.34344809603317","120.34344809603317","120.34344809603317","162.8279742548833","162.8279742548833","162.8279742548833","97.56387322486336","97.56387322486336","97.56387322486336","78.77702244920602","78.77702244920602","78.77702244920602"
"356000","317.2397650866759","317.2397650866759","317.2397650866759","284.9083319943561","284.9083319943561","284.9083319943561","138.79002315434695","138.79002315434695","138.79002315434695","176.7737464162571","176.7737464162571","176.7737464162571","138.8166272893249","138.8166272893249","138.8166272893249","82.54787272519675","82.54787272519675","82.54787272519675","167.0535694553627","167.0535694553627","167.0535694553627","226.90632848967954","226.90632848967954","226.90632848967954","224.2708835481172","224.2708835481172","224.2708835481172","165.22877548064136","165.22877548064136","165.22877548064136","155.26329536240158","155.26329536240158","155.26329536240158","234.1092504256115","234.1092504256115","234.1092504256115","158.3460199762515","158.3460199762515","158.3460199762515","290.82726466358963","290.82726466358963","290.82726466358963","288.37744577473995","288.37744577473995","288.37744577473995","256.49398960946894","256.49398960946894","256.49398960946894","161.46586391306246","161.46586391306246","161.46586391306246","154.70077725097133","154.70077725097133","154.70077725097133","118.24026142360944","118.24026142360944","118.24026142360944","89.69727003656276","89.69727003656276","89.69727003656276"
"360000","323.37297824949445","323.37297824949445","323.37297824949445","260.91626057086853","260.91626057086853","260.91626057086853","115.29230884664442","115.29230884664442","115.29230884664442","188.13324410593904","188.13324410593904","188.13324410593904","151.71422942653402","151.71422942653402","151.71422942653402","82.53541731516547","82.53541731516547","82.53541731516547","154.63080436359868","154.63080436359868","154.63080436359868","224.63656181261436","224.63656181261436","224.63656181261436","221.13086053209508","221.13086053209508","221.13086053209508","163.35016620115812","163.35016620115812","163.35016620115812","170.64150891012036","170.64150891012036","170.64150891012036","241.99479651831817","241.99479651831817","241.99479651831817","158.80562674497554","158.80562674497554","158.80562674497554","283.92762240994074","283.92762240994074","283.92762240994074","283.4411158865179","283.4411158865179","283.4411158865179","286.69319869083336","286.69319869083336","286.69319869083336","146.86226334572964","146.86226334572964","146.86226334572964","87.61233050957244","87.61233050957244","87.61233050957244","151.44268765089745","151.44268765089745","151.44268765089745","100.05730334523977","100.05730334523977","100.05730334523977"
"364000","251.07237709279462","251.07237709279462","251.07237709279462","263.72633793764714","263.72633793764714","263.72633793764714","134.2473923351377","134.2473923351377","134.2473923351377","188.53688772032166","188.53688772032166","188.53688772032166","144.45213680172773","144.45213680172773","144.45213680172773","74.64609614922418","74.64609614922418","74.64609614922418","161.36610952515434","161.36610952515434","161.36610952515434","214.87121097934624","214.87121097934624","214.87121097934624","244.14638225452327","244.14638225452327","244.14638225452327","131.909681959706","131.909681959706","131.909681959706","172.29758541166933","172.29758541166933","172.29758541166933","236.1574515384278","236.1574515384278","236.1574515384278","141.72923875015857","141.72923875015857","141.72923875015857","228.15644510855023","228.15644510855023","228.15644510855023","280.87257159206155","280.87257159206155","280.87257159206155","282.90540918639556","282.90540918639556","282.90540918639556","123.73332977532164","123.73332977532164","123.73332977532164","101.96452753390048","101.96452753390048","101.96452753390048","205.06411375246836","205.06411375246836","205.06411375246836","102.41924614273132","102.41924614273132","102.41924614273132"
"368000","271.2736194774359","271.2736194774359","271.2736194774359","265.4086513931928","265.4086513931928","265.4086513931928","129.44468197718177","129.44468197718177","129.44468197718177","181.03580875901505","181.03580875901505","181.03580875901505","145.8875541457134","145.8875541457134","145.8875541457134","73.98199804913277","73.98199804913277","73.98199804913277","171.76026802454732","171.76026802454732","171.76026802454732","208.6598096900331","208.6598096900331","208.6598096900331","248.81911023678103","248.81911023678103","248.81911023678103","137.03338196285867","137.03338196285867","137.03338196285867","174.1729926930932","174.1729926930932","174.1729926930932","181.05895728646698","181.05895728646698","181.05895728646698","141.0283546739194","141.0283546739194","141.0283546739194","275.41892220143086","275.41892220143086","275.41892220143086","253.44129884800213","253.44129884800213","253.44129884800213","299.92712960211554","299.92712960211554","299.92712960211554","66.77772245529977","66.77772245529977","66.77772245529977","84.96915133052616","84.96915133052616","84.96915133052616","204.85432014761236","204.85432014761236","204.85432014761236","104.74640000548838","104.74640000548838","104.74640000548838"
"372000","266.47392469798575","266.47392469798575","266.47392469798575","302.8817581029605","302.8817581029605","302.8817581029605","71.50528624722598","71.50528624722598","71.50528624722598","159.5995983564897","159.5995983564897","159.5995983564897","146.65700524020374","146.65700524020374","146.65700524020374","70.4205386215112","70.4205386215112","70.4205386215112","170.41447059578735","170.41447059578735","170.41447059578735","210.59961018968414","210.59961018968414","210.59961018968414","238.3477932919788","238.3477932919788","238.3477932919788","100.66922912167584","100.66922912167584","100.66922912167584","163.1705690908337","163.1705690908337","163.1705690908337","188.5776754843881","188.5776754843881","188.5776754843881","154.98675664613705","154.98675664613705","154.98675664613705","269.23314180543684","269.23314180543684","269.23314180543684","281.9834976357332","281.9834976357332","281.9834976357332","289.11039177395526","289.11039177395526","289.11039177395526","106.57558033969565","106.57558033969565","106.57558033969565","84.00929245372579","84.00929245372579","84.00929245372579","203.60665707191603","203.60665707191603","203.60665707191603","80.44417400074819","80.44417400074819","80.44417400074819"
"376000","317.52602205197843","317.52602205197843","317.52602205197843","267.1602981447147","267.1602981447147","267.1602981447147","113.94499875499696","113.94499875499696","113.94499875499696","141.6833727363196","141.6833727363196","141.6833727363196","126.619940175702","126.619940175702","126.619940175702","75.39360609463515","75.39360609463515","75.39360609463515","207.51979356484622","207.51979356484622","207.51979356484622","228.81750549925454","228.81750549925454","228.81750549925454","252.41895469245213","252.41895469245213","252.41895469245213","113.61765916498527","113.61765916498527","113.61765916498527","159.3219535816329","159.3219535816329","159.3219535816329","136.81978670850725","136.81978670850725","136.81978670850725","159.78256684770048","159.78256684770048","159.78256684770048","296.1079841827647","296.1079841827647","296.1079841827647","284.71563033186527","284.71563033186527","284.71563033186527","248.17455896543993","248.17455896543993","248.17455896543993","101.12520720079303","101.12520720079303","101.12520720079303","98.24283007545787","98.24283007545787","98.24283007545787","209.382036509512","209.382036509512","209.382036509512","106.50739727614716","106.50739727614716","106.50739727614716"
"380000","329.06470622245473","329.06470622245473","329.06470622245473","289.91891483321086","289.91891483321086","289.91891483321086","115.354679986733","115.354679986733","115.354679986733","131.12206734827816","131.12206734827816","131.12206734827816","151.7716923727025","151.7716923727025","151.7716923727025","87.61885161508802","87.61885161508802","87.61885161508802","159.3650609916035","159.3650609916035","159.3650609916035","223.4581890130741","223.4581890130741","223.4581890130741","245.6878983171655","245.6878983171655","245.6878983171655","111.35525539468831","111.35525539468831","111.35525539468831","155.52384440543793","155.52384440543793","155.52384440543793","172.46805910245297","172.46805910245297","172.46805910245297","151.2814540654737","151.2814540654737","151.2814540654737","285.53339584727763","285.53339584727763","285.53339584727763","277.69158715437754","277.69158715437754","277.69158715437754","228.16610909834426","228.16610909834426","228.16610909834426","172.1153496923119","172.1153496923119","172.1153496923119","144.42256328977936","144.42256328977936","144.42256328977936","212.16127480288984","212.16127480288984","212.16127480288984","93.70805851455604","93.70805851455604","93.70805851455604"
"384000","278.0534252245822","278.0534252245822","278.0534252245822","264.9083372683559","264.9083372683559","264.9083372683559","116.7332215688787","116.7332215688787","116.7332215688787","170.37649388289333","170.37649388289333","170.37649388289333","159.81094040074422","159.81094040074422","159.81094040074422","59.45844772764415","59.45844772764415","59.45844772764415","222.44608370891623","222.44608370891623","222.44608370891623","174.53585852220039","174.53585852220039","174.53585852220039","247.9122056781746","247.9122056781746","247.9122056781746","167.20009574907857","167.20009574907857","167.20009574907857","161.53207948205045","161.53207948205045","161.53207948205045","153.70796936312613","153.70796936312613","153.70796936312613","146.59837211620504","146.59837211620504","146.59837211620504","270.29907920886774","270.29907920886774","270.29907920886774","294.09349250862414","294.09349250862414","294.09349250862414","240.793160027352","240.793160027352","240.793160027352","176.01202084581953","176.01202084581953","176.01202084581953","141.34202784161135","141.34202784161135","141.34202784161135","200.59230883416214","200.59230883416214","200.59230883416214","94.95631826909445","94.95631826909445","94.95631826909445"
"388000","319.04308748217693","319.04308748217693","319.04308748217693","247.07780720810214","247.07780720810214","247.07780720810214","105.98092037916156","105.98092037916156","105.98092037916156","175.52536591400226","175.52536591400226","175.52536591400226","150.52133469599337","150.52133469599337","150.52133469599337","65.25370147802468","65.25370147802468","65.25370147802468","159.86797675712612","159.86797675712612","159.86797675712612","183.27057204542066","183.27057204542066","183.27057204542066","203.27802724179173","203.27802724179173","203.27802724179173","125.14458990817461","125.14458990817461","125.14458990817461","169.22313824470706","169.22313824470706","169.22313824470706","154.1234032504849","154.1234032504849","154.1234032504849","142.99570890757985","142.99570890757985","142.99570890757985","274.87727823518173","274.87727823518173","274.87727823518173","290.69592138100353","290.69592138100353","290.69592138100353","217.3486748419153","217.3486748419153","217.3486748419153","148.98222013374186","148.98222013374186","148.98222013374186","165.54744996672565","165.54744996672565","165.54744996672565","212.28546993400596","212.28546993400596","212.28546993400596","91.72704013698234","91.72704013698234","91.72704013698234"
"392000","324.61193676884375","324.61193676884375","324.61193676884375","249.73705808534942","249.73705808534942","249.73705808534942","111.58360375658734","111.58360375658734","111.58360375658734","165.56183548814138","165.56183548814138","165.56183548814138","151.39448231652582","151.39448231652582","151.39448231652582","65.60193996536006","65.60193996536006","65.60193996536006","180.44065301649022","180.44065301649022","180.44065301649022","193.91517389013393","193.91517389013393","193.91517389013393","210.5583207597171","210.5583207597171","210.5583207597171","126.87902267665277","126.87902267665277","126.87902267665277","166.20596187544373","166.20596187544373","166.20596187544373","155.49913066388868","155.49913066388868","155.49913066388868","141.06838513624064","141.06838513624064","141.06838513624064","275.5260055919378","275.5260055919378","275.5260055919378","274.56758636640006","274.56758636640006","274.56758636640006","198.56762306470515","198.56762306470515","198.56762306470515","155.83855394817937","155.83855394817937","155.83855394817937","170.08588232550466","170.08588232550466","170.08588232550466","216.3744479748746","216.3744479748746","216.3744479748746","95.84064781389377","95.84064781389377","95.84064781389377"
"396000","321.85444264817426","321.85444264817426","321.85444264817426","284.47337399652304","284.47337399652304","284.47337399652304","109.22889201415236","109.22889201415236","109.22889201415236","132.2099317835856","132.2099317835856","132.2099317835856","165.29049770839313","165.29049770839313","165.29049770839313","74.58876048704822","74.58876048704822","74.58876048704822","202.29768748386036","202.29768748386036","202.29768748386036","247.75978996318227","247.75978996318227","247.75978996318227","226.09791751368124","226.09791751368124","226.09791751368124","92.00954006504497","92.00954006504497","92.00954006504497","163.95580940996416","163.95580940996416","163.95580940996416","173.89408534390336","173.89408534390336","173.89408534390336","142.75323216283113","142.75323216283113","142.75323216283113","263.7690703331127","263.7690703331127","263.7690703331127","270.62849290470973","270.62849290470973","270.62849290470973","227.5678327228039","227.5678327228039","227.5678327228039","179.14998882542915","179.14998882542915","179.14998882542915","146.66253451025676","146.66253451025676","146.66253451025676","205.97007873760157","205.97007873760157","205.97007873760157","94.56706266760179","94.56706266760179","94.56706266760179"
"400000","319.760124499919","319.760124499919","319.760124499919","288.28304078799334","288.28304078799334","288.28304078799334","121.50978617983931","121.50978617983931","121.50978617983931","160.46887263387075","160.46887263387075","160.46887263387075","132.8594324496334","132.8594324496334","132.8594324496334","73.39677599761067","73.39677599761067","73.39677599761067","227.63999987503183","227.63999987503183","227.63999987503183","214.3645977221281","214.3645977221281","214.3645977221281","225.19139304366522","225.19139304366522","225.19139304366522","74.96862276609178","74.96862276609178","74.96862276609178","147.42584407722967","147.42584407722967","147.42584407722967","188.60231610062323","188.60231610062323","188.60231610062323","147.07722162586785","147.07722162586785","147.07722162586785","217.46027277326817","217.46027277326817","217.46027277326817","277.13189054098","277.13189054098","277.13189054098","195.3486838026009","195.3486838026009","195.3486838026009","168.7008249222609","168.7008249222609","168.7008249222609","146.25089065306452","146.25089065306452","146.25089065306452","207.71478128516628","207.71478128516628","207.71478128516628","94.908988013595","94.908988013595","94.908988013595"