"Step","DDPG_EQL_PointMaze_Medium_Diverse_GRDense-v3_9 - eval/avg_reward","DDPG_EQL_PointMaze_Medium_Diverse_GRDense-v3_9 - eval/avg_reward__MIN","DDPG_EQL_PointMaze_Medium_Diverse_GRDense-v3_9 - eval/avg_reward__MAX","DDPG_EQL_PointMaze_Medium_Diverse_GRDense-v3_8 - eval/avg_reward","DDPG_EQL_PointMaze_Medium_Diverse_GRDense-v3_8 - eval/avg_reward__MIN","DDPG_EQL_PointMaze_Medium_Diverse_GRDense-v3_8 - eval/avg_reward__MAX","DDPG_EQL_PointMaze_Medium_Diverse_GRDense-v3_7 - eval/avg_reward","DDPG_EQL_PointMaze_Medium_Diverse_GRDense-v3_7 - eval/avg_reward__MIN","DDPG_EQL_PointMaze_Medium_Diverse_GRDense-v3_7 - eval/avg_reward__MAX","DDPG_EQL_PointMaze_Medium_Diverse_GRDense-v3_6 - eval/avg_reward","DDPG_EQL_PointMaze_Medium_Diverse_GRDense-v3_6 - eval/avg_reward__MIN","DDPG_EQL_PointMaze_Medium_Diverse_GRDense-v3_6 - eval/avg_reward__MAX","DDPG_EQL_PointMaze_Medium_Diverse_GRDense-v3_5 - eval/avg_reward","DDPG_EQL_PointMaze_Medium_Diverse_GRDense-v3_5 - eval/avg_reward__MIN","DDPG_EQL_PointMaze_Medium_Diverse_GRDense-v3_5 - eval/avg_reward__MAX","DDPG_EQL_PointMaze_Medium_Diverse_GRDense-v3_4 - eval/avg_reward","DDPG_EQL_PointMaze_Medium_Diverse_GRDense-v3_4 - eval/avg_reward__MIN","DDPG_EQL_PointMaze_Medium_Diverse_GRDense-v3_4 - eval/avg_reward__MAX","DDPG_EQL_PointMaze_Medium_Diverse_GRDense-v3_3 - eval/avg_reward","DDPG_EQL_PointMaze_Medium_Diverse_GRDense-v3_3 - eval/avg_reward__MIN","DDPG_EQL_PointMaze_Medium_Diverse_GRDense-v3_3 - eval/avg_reward__MAX","DDPG_EQL_PointMaze_Medium_Diverse_GRDense-v3_2 - eval/avg_reward","DDPG_EQL_PointMaze_Medium_Diverse_GRDense-v3_2 - eval/avg_reward__MIN","DDPG_EQL_PointMaze_Medium_Diverse_GRDense-v3_2 - eval/avg_reward__MAX","DDPG_EQL_PointMaze_Medium_Diverse_GRDense-v3_19 - eval/avg_reward","DDPG_EQL_PointMaze_Medium_Diverse_GRDense-v3_19 - eval/avg_reward__MIN","DDPG_EQL_PointMaze_Medium_Diverse_GRDense-v3_19 - eval/avg_reward__MAX","DDPG_EQL_PointMaze_Medium_Diverse_GRDense-v3_18 - eval/avg_reward","DDPG_EQL_PointMaze_Medium_Diverse_GRDense-v3_18 - eval/avg_reward__MIN","DDPG_EQL_PointMaze_Medium_Diverse_GRDense-v3_18 - eval/avg_reward__MAX","DDPG_EQL_PointMaze_Medium_Diverse_GRDense-v3_17 - eval/avg_reward","DDPG_EQL_PointMaze_Medium_Diverse_GRDense-v3_17 - eval/avg_reward__MIN","DDPG_EQL_PointMaze_Medium_Diverse_GRDense-v3_17 - eval/avg_reward__MAX","DDPG_EQL_PointMaze_Medium_Diverse_GRDense-v3_16 - eval/avg_reward","DDPG_EQL_PointMaze_Medium_Diverse_GRDense-v3_16 - eval/avg_reward__MIN","DDPG_EQL_PointMaze_Medium_Diverse_GRDense-v3_16 - eval/avg_reward__MAX","DDPG_EQL_PointMaze_Medium_Diverse_GRDense-v3_15 - eval/avg_reward","DDPG_EQL_PointMaze_Medium_Diverse_GRDense-v3_15 - eval/avg_reward__MIN","DDPG_EQL_PointMaze_Medium_Diverse_GRDense-v3_15 - eval/avg_reward__MAX","DDPG_EQL_PointMaze_Medium_Diverse_GRDense-v3_14 - eval/avg_reward","DDPG_EQL_PointMaze_Medium_Diverse_GRDense-v3_14 - eval/avg_reward__MIN","DDPG_EQL_PointMaze_Medium_Diverse_GRDense-v3_14 - eval/avg_reward__MAX","DDPG_EQL_PointMaze_Medium_Diverse_GRDense-v3_13 - eval/avg_reward","DDPG_EQL_PointMaze_Medium_Diverse_GRDense-v3_13 - eval/avg_reward__MIN","DDPG_EQL_PointMaze_Medium_Diverse_GRDense-v3_13 - eval/avg_reward__MAX","DDPG_EQL_PointMaze_Medium_Diverse_GRDense-v3_12 - eval/avg_reward","DDPG_EQL_PointMaze_Medium_Diverse_GRDense-v3_12 - eval/avg_reward__MIN","DDPG_EQL_PointMaze_Medium_Diverse_GRDense-v3_12 - eval/avg_reward__MAX","DDPG_EQL_PointMaze_Medium_Diverse_GRDense-v3_11 - eval/avg_reward","DDPG_EQL_PointMaze_Medium_Diverse_GRDense-v3_11 - eval/avg_reward__MIN","DDPG_EQL_PointMaze_Medium_Diverse_GRDense-v3_11 - eval/avg_reward__MAX","DDPG_EQL_PointMaze_Medium_Diverse_GRDense-v3_10 - eval/avg_reward","DDPG_EQL_PointMaze_Medium_Diverse_GRDense-v3_10 - eval/avg_reward__MIN","DDPG_EQL_PointMaze_Medium_Diverse_GRDense-v3_10 - eval/avg_reward__MAX","DDPG_EQL_PointMaze_Medium_Diverse_GRDense-v3_1 - eval/avg_reward","DDPG_EQL_PointMaze_Medium_Diverse_GRDense-v3_1 - eval/avg_reward__MIN","DDPG_EQL_PointMaze_Medium_Diverse_GRDense-v3_1 - eval/avg_reward__MAX","DDPG_EQL_PointMaze_Medium_Diverse_GRDense-v3_0 - eval/avg_reward","DDPG_EQL_PointMaze_Medium_Diverse_GRDense-v3_0 - eval/avg_reward__MIN","DDPG_EQL_PointMaze_Medium_Diverse_GRDense-v3_0 - eval/avg_reward__MAX"
"0","16.80951473146576","16.80951473146576","16.80951473146576","13.788447224985044","13.788447224985044","13.788447224985044","42.299381200309384","42.299381200309384","42.299381200309384","4.53764197294319","4.53764197294319","4.53764197294319","2.7113472675460186","2.7113472675460186","2.7113472675460186","13.96168542746552","13.96168542746552","13.96168542746552","6.525772680379954","6.525772680379954","6.525772680379954","4.723462580267801","4.723462580267801","4.723462580267801","12.649025796756186","12.649025796756186","12.649025796756186","22.142586886258325","22.142586886258325","22.142586886258325","5.618534182130749","5.618534182130749","5.618534182130749","28.935697458099174","28.935697458099174","28.935697458099174","15.015048724020795","15.015048724020795","15.015048724020795","17.18041673084686","17.18041673084686","17.18041673084686","8.42488460452272","8.42488460452272","8.42488460452272","2.693117183700034","2.693117183700034","2.693117183700034","7.876533768625142","7.876533768625142","7.876533768625142","36.27183051738649","36.27183051738649","36.27183051738649","4.327886977974736","4.327886977974736","4.327886977974736","2.95754412605061","2.95754412605061","2.95754412605061"
"4000","44.54959690540905","44.54959690540905","44.54959690540905","2.6353464932878436","2.6353464932878436","2.6353464932878436","6.196109274058639","6.196109274058639","6.196109274058639","57.73680132176527","57.73680132176527","57.73680132176527","4.529692912030432","4.529692912030432","4.529692912030432","31.068819958213375","31.068819958213375","31.068819958213375","6.190477275733579","6.190477275733579","6.190477275733579","54.795048799426766","54.795048799426766","54.795048799426766","46.63990709688971","46.63990709688971","46.63990709688971","2.5691373718899673","2.5691373718899673","2.5691373718899673","4.528158392839616","4.528158392839616","4.528158392839616","3.5066615792707267","3.5066615792707267","3.5066615792707267","9.31485707749155","9.31485707749155","9.31485707749155","4.04730318352293","4.04730318352293","4.04730318352293","8.673106330588801","8.673106330588801","8.673106330588801","15.654853768816064","15.654853768816064","15.654853768816064","16.051073611676678","16.051073611676678","16.051073611676678","18.074338463505022","18.074338463505022","18.074338463505022","4.542753805205433","4.542753805205433","4.542753805205433","55.71066103830533","55.71066103830533","55.71066103830533"
"8000","25.849268157867062","25.849268157867062","25.849268157867062","8.340322508983572","8.340322508983572","8.340322508983572","9.474215872000796","9.474215872000796","9.474215872000796","6.765168168614343","6.765168168614343","6.765168168614343","3.098326026510022","3.098326026510022","3.098326026510022","37.21215545232807","37.21215545232807","37.21215545232807","4.447712308085711","4.447712308085711","4.447712308085711","54.16148604893273","54.16148604893273","54.16148604893273","30.026521466440432","30.026521466440432","30.026521466440432","11.279656383971133","11.279656383971133","11.279656383971133","5.683447937299642","5.683447937299642","5.683447937299642","10.064691807033984","10.064691807033984","10.064691807033984","5.887328383572576","5.887328383572576","5.887328383572576","4.950889678074473","4.950889678074473","4.950889678074473","35.38103001261452","35.38103001261452","35.38103001261452","15.445126858071921","15.445126858071921","15.445126858071921","6.627157271417991","6.627157271417991","6.627157271417991","61.63650400219044","61.63650400219044","61.63650400219044","4.841031227369455","4.841031227369455","4.841031227369455","14.191365080863926","14.191365080863926","14.191365080863926"
"12000","45.397193336758406","45.397193336758406","45.397193336758406","38.7428736220393","38.7428736220393","38.7428736220393","13.701043110819086","13.701043110819086","13.701043110819086","1.9483842427365083","1.9483842427365083","1.9483842427365083","4.04196729539257","4.04196729539257","4.04196729539257","32.48284124284947","32.48284124284947","32.48284124284947","4.442322876397133","4.442322876397133","4.442322876397133","48.22933904253345","48.22933904253345","48.22933904253345","26.742156366922636","26.742156366922636","26.742156366922636","10.987081947295911","10.987081947295911","10.987081947295911","4.357123937302211","4.357123937302211","4.357123937302211","25.21271873859327","25.21271873859327","25.21271873859327","7.920302258818327","7.920302258818327","7.920302258818327","4.023192012092901","4.023192012092901","4.023192012092901","36.02995520812274","36.02995520812274","36.02995520812274","16.31300240642131","16.31300240642131","16.31300240642131","88.11030028289572","88.11030028289572","88.11030028289572","60.55508465437413","60.55508465437413","60.55508465437413","2.991541040547461","2.991541040547461","2.991541040547461","6.99636871555852","6.99636871555852","6.99636871555852"
"16000","47.087038724930196","47.087038724930196","47.087038724930196","42.712723289585526","42.712723289585526","42.712723289585526","25.90479808040239","25.90479808040239","25.90479808040239","5.511130386526945","5.511130386526945","5.511130386526945","6.522582330520694","6.522582330520694","6.522582330520694","21.786120405692312","21.786120405692312","21.786120405692312","4.597685034957034","4.597685034957034","4.597685034957034","51.583056452180166","51.583056452180166","51.583056452180166","20.52003832733589","20.52003832733589","20.52003832733589","10.825791837912119","10.825791837912119","10.825791837912119","4.845039809548416","4.845039809548416","4.845039809548416","3.2502843017826395","3.2502843017826395","3.2502843017826395","7.623603434954537","7.623603434954537","7.623603434954537","6.01121303940851","6.01121303940851","6.01121303940851","56.44689298920675","56.44689298920675","56.44689298920675","19.50969399616056","19.50969399616056","19.50969399616056","96.19058481358643","96.19058481358643","96.19058481358643","43.02220529717115","43.02220529717115","43.02220529717115","3.8183829963507385","3.8183829963507385","3.8183829963507385","5.6115791112455575","5.6115791112455575","5.6115791112455575"
"20000","48.59535101308818","48.59535101308818","48.59535101308818","69.70556196290657","69.70556196290657","69.70556196290657","29.775531218886755","29.775531218886755","29.775531218886755","44.166371093928525","44.166371093928525","44.166371093928525","7.49796334777191","7.49796334777191","7.49796334777191","41.6850797810396","41.6850797810396","41.6850797810396","4.494292410357619","4.494292410357619","4.494292410357619","100.49224513915787","100.49224513915787","100.49224513915787","22.999823080595228","22.999823080595228","22.999823080595228","22.965487412393053","22.965487412393053","22.965487412393053","3.375190517041993","3.375190517041993","3.375190517041993","33.044723439512076","33.044723439512076","33.044723439512076","6.636985417631496","6.636985417631496","6.636985417631496","6.013510751560143","6.013510751560143","6.013510751560143","55.346794143001674","55.346794143001674","55.346794143001674","20.42339284686281","20.42339284686281","20.42339284686281","92.90540525138402","92.90540525138402","92.90540525138402","88.27305701071336","88.27305701071336","88.27305701071336","3.898262618078315","3.898262618078315","3.898262618078315","3.9406666034970628","3.9406666034970628","3.9406666034970628"
"24000","39.32557747929948","39.32557747929948","39.32557747929948","25.978360412729096","25.978360412729096","25.978360412729096","43.8724016473658","43.8724016473658","43.8724016473658","39.26896065328704","39.26896065328704","39.26896065328704","6.877142685813358","6.877142685813358","6.877142685813358","39.288379939110214","39.288379939110214","39.288379939110214","5.935070461385865","5.935070461385865","5.935070461385865","66.16862550299587","66.16862550299587","66.16862550299587","18.31300474354681","18.31300474354681","18.31300474354681","22.9506622654424","22.9506622654424","22.9506622654424","4.296222240141012","4.296222240141012","4.296222240141012","35.15655570229493","35.15655570229493","35.15655570229493","7.255289519253547","7.255289519253547","7.255289519253547","11.208837770072522","11.208837770072522","11.208837770072522","37.61634818747888","37.61634818747888","37.61634818747888","22.687060327215296","22.687060327215296","22.687060327215296","134.89388212452164","134.89388212452164","134.89388212452164","97.00764661750672","97.00764661750672","97.00764661750672","6.899526026837026","6.899526026837026","6.899526026837026","4.9178767498077836","4.9178767498077836","4.9178767498077836"
"28000","44.549640988002594","44.549640988002594","44.549640988002594","25.60481219759425","25.60481219759425","25.60481219759425","30.335841656205066","30.335841656205066","30.335841656205066","52.59562755355644","52.59562755355644","52.59562755355644","5.150181952184892","5.150181952184892","5.150181952184892","52.942930683711026","52.942930683711026","52.942930683711026","14.074700497599341","14.074700497599341","14.074700497599341","66.0218493755372","66.0218493755372","66.0218493755372","41.82049284273366","41.82049284273366","41.82049284273366","22.961523443980163","22.961523443980163","22.961523443980163","4.357045725313405","4.357045725313405","4.357045725313405","19.669100971626573","19.669100971626573","19.669100971626573","7.206455789302811","7.206455789302811","7.206455789302811","38.4015445264868","38.4015445264868","38.4015445264868","35.934594184864736","35.934594184864736","35.934594184864736","47.046555954034275","47.046555954034275","47.046555954034275","128.41518010065516","128.41518010065516","128.41518010065516","69.82680392360356","69.82680392360356","69.82680392360356","13.137318618103896","13.137318618103896","13.137318618103896","17.672857687680214","17.672857687680214","17.672857687680214"
"32000","72.44228720547048","72.44228720547048","72.44228720547048","23.827886955104283","23.827886955104283","23.827886955104283","73.36616344828997","73.36616344828997","73.36616344828997","50.70949669504703","50.70949669504703","50.70949669504703","7.126611601054407","7.126611601054407","7.126611601054407","36.72763786647725","36.72763786647725","36.72763786647725","14.433820167697226","14.433820167697226","14.433820167697226","44.269336527019604","44.269336527019604","44.269336527019604","27.75115393578009","27.75115393578009","27.75115393578009","22.929826471216593","22.929826471216593","22.929826471216593","4.69140536334829","4.69140536334829","4.69140536334829","29.069802309126892","29.069802309126892","29.069802309126892","7.463523780614494","7.463523780614494","7.463523780614494","22.75747312045256","22.75747312045256","22.75747312045256","38.577935072081324","38.577935072081324","38.577935072081324","53.47552882035946","53.47552882035946","53.47552882035946","94.39070519934805","94.39070519934805","94.39070519934805","67.29043906564507","67.29043906564507","67.29043906564507","14.675482820142426","14.675482820142426","14.675482820142426","30.003984109983737","30.003984109983737","30.003984109983737"
"36000","73.0696723853778","73.0696723853778","73.0696723853778","33.63831003923727","33.63831003923727","33.63831003923727","44.774280000230895","44.774280000230895","44.774280000230895","50.906001676241104","50.906001676241104","50.906001676241104","10.686332138034517","10.686332138034517","10.686332138034517","72.79755885229044","72.79755885229044","72.79755885229044","46.546824947866796","46.546824947866796","46.546824947866796","37.32571351709915","37.32571351709915","37.32571351709915","27.95189343645999","27.95189343645999","27.95189343645999","22.597306107700142","22.597306107700142","22.597306107700142","4.691405668664295","4.691405668664295","4.691405668664295","32.472012626056774","32.472012626056774","32.472012626056774","10.37369522392925","10.37369522392925","10.37369522392925","18.434156161407266","18.434156161407266","18.434156161407266","36.98131425370849","36.98131425370849","36.98131425370849","53.21201556079476","53.21201556079476","53.21201556079476","80.29477262665377","80.29477262665377","80.29477262665377","77.19325636157684","77.19325636157684","77.19325636157684","29.32530584446833","29.32530584446833","29.32530584446833","23.706400950691382","23.706400950691382","23.706400950691382"
"40000","82.76014715273034","82.76014715273034","82.76014715273034","74.4386051433959","74.4386051433959","74.4386051433959","53.5806866755938","53.5806866755938","53.5806866755938","54.651627258270196","54.651627258270196","54.651627258270196","10.543614046298664","10.543614046298664","10.543614046298664","61.28162730091219","61.28162730091219","61.28162730091219","56.47400733561216","56.47400733561216","56.47400733561216","32.44496467976553","32.44496467976553","32.44496467976553","27.068328584266034","27.068328584266034","27.068328584266034","22.938151174211296","22.938151174211296","22.938151174211296","5.687462681118556","5.687462681118556","5.687462681118556","34.498300571612496","34.498300571612496","34.498300571612496","19.767034508908942","19.767034508908942","19.767034508908942","24.740207489300012","24.740207489300012","24.740207489300012","56.40380944502117","56.40380944502117","56.40380944502117","56.87284908570291","56.87284908570291","56.87284908570291","79.64593938292852","79.64593938292852","79.64593938292852","75.8236724813457","75.8236724813457","75.8236724813457","61.50117193929543","61.50117193929543","61.50117193929543","14.207235415866396","14.207235415866396","14.207235415866396"
"44000","89.54593046700683","89.54593046700683","89.54593046700683","70.85218168235482","70.85218168235482","70.85218168235482","28.91166580028696","28.91166580028696","28.91166580028696","56.53551664911411","56.53551664911411","56.53551664911411","6.603707434950808","6.603707434950808","6.603707434950808","65.46236109432868","65.46236109432868","65.46236109432868","47.569780111664464","47.569780111664464","47.569780111664464","53.12415655081402","53.12415655081402","53.12415655081402","38.376598929008246","38.376598929008246","38.376598929008246","22.93684182157454","22.93684182157454","22.93684182157454","5.68745088797573","5.68745088797573","5.68745088797573","34.141886122660836","34.141886122660836","34.141886122660836","28.82340255187243","28.82340255187243","28.82340255187243","12.391628282525666","12.391628282525666","12.391628282525666","48.999015552644124","48.999015552644124","48.999015552644124","55.60380100495953","55.60380100495953","55.60380100495953","121.84898955067816","121.84898955067816","121.84898955067816","110.40646876918349","110.40646876918349","110.40646876918349","63.36943096618087","63.36943096618087","63.36943096618087","28.718476744137355","28.718476744137355","28.718476744137355"
"48000","122.5609980850746","122.5609980850746","122.5609980850746","74.85402127307299","74.85402127307299","74.85402127307299","14.140215970285393","14.140215970285393","14.140215970285393","49.63450390735577","49.63450390735577","49.63450390735577","5.974665502259336","5.974665502259336","5.974665502259336","55.812103858452716","55.812103858452716","55.812103858452716","46.18206327365004","46.18206327365004","46.18206327365004","140.50102288972903","140.50102288972903","140.50102288972903","46.43424065005563","46.43424065005563","46.43424065005563","22.931315107612992","22.931315107612992","22.931315107612992","5.6870416113100974","5.6870416113100974","5.6870416113100974","33.94421726396262","33.94421726396262","33.94421726396262","11.419210180440746","11.419210180440746","11.419210180440746","23.1336174836459","23.1336174836459","23.1336174836459","46.80217441221778","46.80217441221778","46.80217441221778","55.3244930950224","55.3244930950224","55.3244930950224","141.57704824296687","141.57704824296687","141.57704824296687","118.2206971018019","118.2206971018019","118.2206971018019","32.40589755360527","32.40589755360527","32.40589755360527","11.039205893189147","11.039205893189147","11.039205893189147"
"52000","73.54852907489786","73.54852907489786","73.54852907489786","38.21715920948826","38.21715920948826","38.21715920948826","13.01546105013919","13.01546105013919","13.01546105013919","27.858385921513143","27.858385921513143","27.858385921513143","11.311858079914085","11.311858079914085","11.311858079914085","64.42520229116245","64.42520229116245","64.42520229116245","46.02467214327739","46.02467214327739","46.02467214327739","106.42637968718739","106.42637968718739","106.42637968718739","55.18394848205274","55.18394848205274","55.18394848205274","22.93026314781971","22.93026314781971","22.93026314781971","5.210471140010382","5.210471140010382","5.210471140010382","50.140136651845204","50.140136651845204","50.140136651845204","18.271322548248673","18.271322548248673","18.271322548248673","23.551782725942367","23.551782725942367","23.551782725942367","44.061787080371104","44.061787080371104","44.061787080371104","55.36937488947102","55.36937488947102","55.36937488947102","174.1635410316243","174.1635410316243","174.1635410316243","114.28786712500076","114.28786712500076","114.28786712500076","28.678129888282417","28.678129888282417","28.678129888282417","20.142887156660855","20.142887156660855","20.142887156660855"
"56000","79.06400673883219","79.06400673883219","79.06400673883219","33.99034784016365","33.99034784016365","33.99034784016365","20.174570694836422","20.174570694836422","20.174570694836422","29.434491043079714","29.434491043079714","29.434491043079714","7.343012489187588","7.343012489187588","7.343012489187588","26.74763608233504","26.74763608233504","26.74763608233504","36.75938702894254","36.75938702894254","36.75938702894254","106.33082287575436","106.33082287575436","106.33082287575436","53.885490453571904","53.885490453571904","53.885490453571904","22.948043801499125","22.948043801499125","22.948043801499125","5.12919679635151","5.12919679635151","5.12919679635151","49.16696956545381","49.16696956545381","49.16696956545381","15.417950472451688","15.417950472451688","15.417950472451688","24.08435230690257","24.08435230690257","24.08435230690257","38.92413431966162","38.92413431966162","38.92413431966162","54.70716309761396","54.70716309761396","54.70716309761396","169.30697255196702","169.30697255196702","169.30697255196702","116.60474689849968","116.60474689849968","116.60474689849968","39.67811818113971","39.67811818113971","39.67811818113971","13.0028754260827","13.0028754260827","13.0028754260827"
"60000","78.48199315478902","78.48199315478902","78.48199315478902","118.91550698049313","118.91550698049313","118.91550698049313","26.043760362488882","26.043760362488882","26.043760362488882","32.59570203677485","32.59570203677485","32.59570203677485","9.00550800543398","9.00550800543398","9.00550800543398","36.03959217224811","36.03959217224811","36.03959217224811","51.1371691634283","51.1371691634283","51.1371691634283","121.83183131144077","121.83183131144077","121.83183131144077","62.37813165740916","62.37813165740916","62.37813165740916","22.95313462939457","22.95313462939457","22.95313462939457","5.27083326619628","5.27083326619628","5.27083326619628","48.10942293928648","48.10942293928648","48.10942293928648","14.63129531893575","14.63129531893575","14.63129531893575","21.909975977330554","21.909975977330554","21.909975977330554","59.36872745626649","59.36872745626649","59.36872745626649","54.74133039140065","54.74133039140065","54.74133039140065","184.05327668871834","184.05327668871834","184.05327668871834","104.9655344964345","104.9655344964345","104.9655344964345","69.05464176822248","69.05464176822248","69.05464176822248","16.640083934787402","16.640083934787402","16.640083934787402"
"64000","81.54585407972193","81.54585407972193","81.54585407972193","55.0485048457369","55.0485048457369","55.0485048457369","31.238591198199934","31.238591198199934","31.238591198199934","45.945467077414484","45.945467077414484","45.945467077414484","34.268428317629464","34.268428317629464","34.268428317629464","86.48909576178235","86.48909576178235","86.48909576178235","38.774833238524","38.774833238524","38.774833238524","91.2178023159087","91.2178023159087","91.2178023159087","79.06130037184927","79.06130037184927","79.06130037184927","22.947671450347013","22.947671450347013","22.947671450347013","5.167652606240208","5.167652606240208","5.167652606240208","42.87626357369427","42.87626357369427","42.87626357369427","18.286777661636954","18.286777661636954","18.286777661636954","31.989009899935148","31.989009899935148","31.989009899935148","61.129938170046955","61.129938170046955","61.129938170046955","54.59365725974685","54.59365725974685","54.59365725974685","208.78162919487494","208.78162919487494","208.78162919487494","106.3005706047584","106.3005706047584","106.3005706047584","98.29496493332121","98.29496493332121","98.29496493332121","87.8817278977936","87.8817278977936","87.8817278977936"
"68000","150.7059886655649","150.7059886655649","150.7059886655649","51.75501189933529","51.75501189933529","51.75501189933529","19.721977680964688","19.721977680964688","19.721977680964688","54.819730484267765","54.819730484267765","54.819730484267765","18.486752459281384","18.486752459281384","18.486752459281384","34.48542573842633","34.48542573842633","34.48542573842633","47.926012068282716","47.926012068282716","47.926012068282716","113.61806462194286","113.61806462194286","113.61806462194286","63.0331138422487","63.0331138422487","63.0331138422487","22.957178061123404","22.957178061123404","22.957178061123404","3.5080381913345704","3.5080381913345704","3.5080381913345704","47.26054617639329","47.26054617639329","47.26054617639329","12.126502357073749","12.126502357073749","12.126502357073749","49.09872947399226","49.09872947399226","49.09872947399226","58.903840433042205","58.903840433042205","58.903840433042205","54.258585565895785","54.258585565895785","54.258585565895785","222.39432410882978","222.39432410882978","222.39432410882978","96.60617133557544","96.60617133557544","96.60617133557544","101.13073533250376","101.13073533250376","101.13073533250376","48.010031597617555","48.010031597617555","48.010031597617555"
"72000","156.19372324579146","156.19372324579146","156.19372324579146","75.8960495668171","75.8960495668171","75.8960495668171","13.379000000373676","13.379000000373676","13.379000000373676","55.437910360658485","55.437910360658485","55.437910360658485","10.411714588732425","10.411714588732425","10.411714588732425","61.3320023653932","61.3320023653932","61.3320023653932","48.48383927986997","48.48383927986997","48.48383927986997","105.90571390354717","105.90571390354717","105.90571390354717","65.01736694397496","65.01736694397496","65.01736694397496","22.946907030435646","22.946907030435646","22.946907030435646","4.811732645376944","4.811732645376944","4.811732645376944","79.90734914999469","79.90734914999469","79.90734914999469","59.86061447298988","59.86061447298988","59.86061447298988","40.49199472505782","40.49199472505782","40.49199472505782","60.365848214390326","60.365848214390326","60.365848214390326","66.04388070157336","66.04388070157336","66.04388070157336","146.55067813312593","146.55067813312593","146.55067813312593","102.05241317996578","102.05241317996578","102.05241317996578","73.19939851493959","73.19939851493959","73.19939851493959","141.01241191999253","141.01241191999253","141.01241191999253"
"76000","138.96606286173773","138.96606286173773","138.96606286173773","109.00316696654893","109.00316696654893","109.00316696654893","56.96684485076162","56.96684485076162","56.96684485076162","52.93183995625684","52.93183995625684","52.93183995625684","12.333153688012604","12.333153688012604","12.333153688012604","42.40815419189642","42.40815419189642","42.40815419189642","62.316278421872724","62.316278421872724","62.316278421872724","102.73231673976875","102.73231673976875","102.73231673976875","58.71610288023554","58.71610288023554","58.71610288023554","22.945453823340756","22.945453823340756","22.945453823340756","4.311955531601188","4.311955531601188","4.311955531601188","119.55572079247008","119.55572079247008","119.55572079247008","70.61695319497497","70.61695319497497","70.61695319497497","54.4543943059025","54.4543943059025","54.4543943059025","60.097149485675764","60.097149485675764","60.097149485675764","68.86130109319691","68.86130109319691","68.86130109319691","122.77102554930562","122.77102554930562","122.77102554930562","104.37717239262804","104.37717239262804","104.37717239262804","72.6974971933743","72.6974971933743","72.6974971933743","56.44334816069012","56.44334816069012","56.44334816069012"
"80000","140.10303915098632","140.10303915098632","140.10303915098632","118.04082079137822","118.04082079137822","118.04082079137822","55.75848855183362","55.75848855183362","55.75848855183362","75.25991769536856","75.25991769536856","75.25991769536856","10.626245558810718","10.626245558810718","10.626245558810718","58.7763375230263","58.7763375230263","58.7763375230263","53.511224425274555","53.511224425274555","53.511224425274555","98.14717957009256","98.14717957009256","98.14717957009256","65.50707135186805","65.50707135186805","65.50707135186805","22.938177639559704","22.938177639559704","22.938177639559704","3.6068707456282403","3.6068707456282403","3.6068707456282403","122.93666421793361","122.93666421793361","122.93666421793361","95.9718497055878","95.9718497055878","95.9718497055878","72.83077241710608","72.83077241710608","72.83077241710608","59.72707797346844","59.72707797346844","59.72707797346844","80.97920015694717","80.97920015694717","80.97920015694717","152.45684911804548","152.45684911804548","152.45684911804548","111.58343409657145","111.58343409657145","111.58343409657145","71.89583795360518","71.89583795360518","71.89583795360518","57.76011772826452","57.76011772826452","57.76011772826452"
"84000","182.77447235515103","182.77447235515103","182.77447235515103","118.83412330824133","118.83412330824133","118.83412330824133","53.1406570237213","53.1406570237213","53.1406570237213","54.7741363441404","54.7741363441404","54.7741363441404","14.848343183548058","14.848343183548058","14.848343183548058","43.06842765325884","43.06842765325884","43.06842765325884","89.00291580153379","89.00291580153379","89.00291580153379","100.40542442967926","100.40542442967926","100.40542442967926","86.41422370834178","86.41422370834178","86.41422370834178","22.94214287778056","22.94214287778056","22.94214287778056","3.788157792296098","3.788157792296098","3.788157792296098","131.09820771623555","131.09820771623555","131.09820771623555","80.81945214944454","80.81945214944454","80.81945214944454","54.388395457009075","54.388395457009075","54.388395457009075","41.82246627285575","41.82246627285575","41.82246627285575","74.47106737387954","74.47106737387954","74.47106737387954","128.8951511676844","128.8951511676844","128.8951511676844","111.18797585312686","111.18797585312686","111.18797585312686","72.20597584948572","72.20597584948572","72.20597584948572","68.12683250158018","68.12683250158018","68.12683250158018"
"88000","155.02598135306994","155.02598135306994","155.02598135306994","106.31203248352426","106.31203248352426","106.31203248352426","101.06562251056538","101.06562251056538","101.06562251056538","54.315536897557706","54.315536897557706","54.315536897557706","16.96657113265899","16.96657113265899","16.96657113265899","42.893954272889864","42.893954272889864","42.893954272889864","81.45207819944622","81.45207819944622","81.45207819944622","103.19055979881122","103.19055979881122","103.19055979881122","65.34611934456953","65.34611934456953","65.34611934456953","22.94915585850052","22.94915585850052","22.94915585850052","3.875155365095688","3.875155365095688","3.875155365095688","100.0858471667831","100.0858471667831","100.0858471667831","109.27703202497403","109.27703202497403","109.27703202497403","61.56134030875306","61.56134030875306","61.56134030875306","38.67808897875341","38.67808897875341","38.67808897875341","78.3936055900856","78.3936055900856","78.3936055900856","220.52363359183718","220.52363359183718","220.52363359183718","91.79893282959367","91.79893282959367","91.79893282959367","89.16987126940492","89.16987126940492","89.16987126940492","65.8896812662951","65.8896812662951","65.8896812662951"
"92000","195.44456700448575","195.44456700448575","195.44456700448575","116.09561065135142","116.09561065135142","116.09561065135142","103.02789355475568","103.02789355475568","103.02789355475568","6.0664705523303475","6.0664705523303475","6.0664705523303475","21.683292174370152","21.683292174370152","21.683292174370152","41.82395414606443","41.82395414606443","41.82395414606443","90.49167828721436","90.49167828721436","90.49167828721436","137.6571418426907","137.6571418426907","137.6571418426907","52.884513162408645","52.884513162408645","52.884513162408645","22.86850283418344","22.86850283418344","22.86850283418344","1.6980594666274762","1.6980594666274762","1.6980594666274762","131.8875301028143","131.8875301028143","131.8875301028143","102.63744693044939","102.63744693044939","102.63744693044939","70.44032264997745","70.44032264997745","70.44032264997745","83.75961225625672","83.75961225625672","83.75961225625672","74.17784209589959","74.17784209589959","74.17784209589959","222.5081925155789","222.5081925155789","222.5081925155789","87.40606728378116","87.40606728378116","87.40606728378116","34.72287381634774","34.72287381634774","34.72287381634774","94.6161910586815","94.6161910586815","94.6161910586815"
"96000","181.51163513020512","181.51163513020512","181.51163513020512","114.40441440256606","114.40441440256606","114.40441440256606","92.96800892785997","92.96800892785997","92.96800892785997","37.89998490372649","37.89998490372649","37.89998490372649","9.41679415784434","9.41679415784434","9.41679415784434","42.6665799386862","42.6665799386862","42.6665799386862","99.54027856900487","99.54027856900487","99.54027856900487","138.64090438868084","138.64090438868084","138.64090438868084","62.71212895900519","62.71212895900519","62.71212895900519","22.95744276523858","22.95744276523858","22.95744276523858","1.0224016003600678","1.0224016003600678","1.0224016003600678","160.42081646499668","160.42081646499668","160.42081646499668","141.96845912522616","141.96845912522616","141.96845912522616","97.56424505053823","97.56424505053823","97.56424505053823","62.62150903679484","62.62150903679484","62.62150903679484","71.01377331449109","71.01377331449109","71.01377331449109","154.43276679403886","154.43276679403886","154.43276679403886","89.60533801860744","89.60533801860744","89.60533801860744","34.92491711068898","34.92491711068898","34.92491711068898","64.25840831846426","64.25840831846426","64.25840831846426"
"100000","172.9137857086394","172.9137857086394","172.9137857086394","128.02279499957257","128.02279499957257","128.02279499957257","104.41741952347255","104.41741952347255","104.41741952347255","53.22875425951395","53.22875425951395","53.22875425951395","6.71817876420847","6.71817876420847","6.71817876420847","43.18183004419933","43.18183004419933","43.18183004419933","101.46846210378835","101.46846210378835","101.46846210378835","133.95668306897718","133.95668306897718","133.95668306897718","72.98262953250874","72.98262953250874","72.98262953250874","22.969443505608172","22.969443505608172","22.969443505608172","149.02539246196065","149.02539246196065","149.02539246196065","191.2503881539489","191.2503881539489","191.2503881539489","112.3860389401934","112.3860389401934","112.3860389401934","99.0549759728597","99.0549759728597","99.0549759728597","38.248119318826795","38.248119318826795","38.248119318826795","65.3260132965365","65.3260132965365","65.3260132965365","214.73519275477693","214.73519275477693","214.73519275477693","93.01755716389077","93.01755716389077","93.01755716389077","34.2642009180738","34.2642009180738","34.2642009180738","91.10764404514414","91.10764404514414","91.10764404514414"
"104000","171.50962794530082","171.50962794530082","171.50962794530082","115.83309402093035","115.83309402093035","115.83309402093035","114.32714509908983","114.32714509908983","114.32714509908983","96.81269608816208","96.81269608816208","96.81269608816208","6.7676325349187225","6.7676325349187225","6.7676325349187225","43.7006835394655","43.7006835394655","43.7006835394655","76.77836365266099","76.77836365266099","76.77836365266099","104.1955175408688","104.1955175408688","104.1955175408688","89.10857984343366","89.10857984343366","89.10857984343366","22.967733070274246","22.967733070274246","22.967733070274246","142.48542585844615","142.48542585844615","142.48542585844615","181.94316374577951","181.94316374577951","181.94316374577951","139.18254323019727","139.18254323019727","139.18254323019727","104.50152026172653","104.50152026172653","104.50152026172653","7.378152790203048","7.378152790203048","7.378152790203048","73.6486844621734","73.6486844621734","73.6486844621734","241.47167424423984","241.47167424423984","241.47167424423984","88.27708171010138","88.27708171010138","88.27708171010138","9.260013102587983","9.260013102587983","9.260013102587983","97.90928891634663","97.90928891634663","97.90928891634663"
"108000","181.7804741321566","181.7804741321566","181.7804741321566","100.17362945655819","100.17362945655819","100.17362945655819","111.94156296897472","111.94156296897472","111.94156296897472","70.76961486558105","70.76961486558105","70.76961486558105","6.6098969529534175","6.6098969529534175","6.6098969529534175","40.75397812833502","40.75397812833502","40.75397812833502","77.59276200215086","77.59276200215086","77.59276200215086","95.40136735352749","95.40136735352749","95.40136735352749","99.51845771507865","99.51845771507865","99.51845771507865","22.972603037984975","22.972603037984975","22.972603037984975","238.9941842507808","238.9941842507808","238.9941842507808","129.36229510315798","129.36229510315798","129.36229510315798","163.71599207622714","163.71599207622714","163.71599207622714","101.21452633469485","101.21452633469485","101.21452633469485","5.399360028531238","5.399360028531238","5.399360028531238","64.15822181161334","64.15822181161334","64.15822181161334","251.44456655958157","251.44456655958157","251.44456655958157","105.54825392511994","105.54825392511994","105.54825392511994","6.0297632466284","6.0297632466284","6.0297632466284","99.66772884385918","99.66772884385918","99.66772884385918"
"112000","181.0429260935884","181.0429260935884","181.0429260935884","117.86823404344361","117.86823404344361","117.86823404344361","122.0076741337521","122.0076741337521","122.0076741337521","61.788528003750244","61.788528003750244","61.788528003750244","7.177604677840421","7.177604677840421","7.177604677840421","39.114744713151346","39.114744713151346","39.114744713151346","61.73440617676562","61.73440617676562","61.73440617676562","83.37736242462151","83.37736242462151","83.37736242462151","84.11064779395825","84.11064779395825","84.11064779395825","22.944153068094806","22.944153068094806","22.944153068094806","35.76964320675913","35.76964320675913","35.76964320675913","141.7238945259122","141.7238945259122","141.7238945259122","148.64157900965506","148.64157900965506","148.64157900965506","72.89714296995592","72.89714296995592","72.89714296995592","5.194844221857079","5.194844221857079","5.194844221857079","70.42031432216416","70.42031432216416","70.42031432216416","246.3100060230015","246.3100060230015","246.3100060230015","100.08182287237274","100.08182287237274","100.08182287237274","7.457885171241136","7.457885171241136","7.457885171241136","99.47969288501852","99.47969288501852","99.47969288501852"
"116000","167.06485421343575","167.06485421343575","167.06485421343575","121.69113719124466","121.69113719124466","121.69113719124466","115.59380065543128","115.59380065543128","115.59380065543128","85.72032186815866","85.72032186815866","85.72032186815866","8.122794892268614","8.122794892268614","8.122794892268614","38.98617051687634","38.98617051687634","38.98617051687634","42.48918958383789","42.48918958383789","42.48918958383789","94.00307245889262","94.00307245889262","94.00307245889262","68.80975880351005","68.80975880351005","68.80975880351005","22.971424838277557","22.971424838277557","22.971424838277557","146.38501112776083","146.38501112776083","146.38501112776083","131.91065852594534","131.91065852594534","131.91065852594534","126.23886910446876","126.23886910446876","126.23886910446876","99.19842981779831","99.19842981779831","99.19842981779831","5.067051771713241","5.067051771713241","5.067051771713241","74.52842952492772","74.52842952492772","74.52842952492772","259.37346112231256","259.37346112231256","259.37346112231256","89.50094439616055","89.50094439616055","89.50094439616055","8.592762553252879","8.592762553252879","8.592762553252879","100.03288872252685","100.03288872252685","100.03288872252685"
"120000","167.4276052199548","167.4276052199548","167.4276052199548","134.4542677444952","134.4542677444952","134.4542677444952","120.28578067060546","120.28578067060546","120.28578067060546","44.967976394382525","44.967976394382525","44.967976394382525","8.306317664771196","8.306317664771196","8.306317664771196","109.01142173047592","109.01142173047592","109.01142173047592","92.54380351226128","92.54380351226128","92.54380351226128","139.7198675476739","139.7198675476739","139.7198675476739","79.01117983194843","79.01117983194843","79.01117983194843","22.92619127723392","22.92619127723392","22.92619127723392","113.98531731176634","113.98531731176634","113.98531731176634","145.2017235112836","145.2017235112836","145.2017235112836","115.98963577806519","115.98963577806519","115.98963577806519","71.93155161885663","71.93155161885663","71.93155161885663","2.9765644297291787","2.9765644297291787","2.9765644297291787","64.20105057461572","64.20105057461572","64.20105057461572","227.2424102622087","227.2424102622087","227.2424102622087","72.86946804994025","72.86946804994025","72.86946804994025","52.18612285225346","52.18612285225346","52.18612285225346","92.94065204293376","92.94065204293376","92.94065204293376"
"124000","172.93137444122775","172.93137444122775","172.93137444122775","128.38389618102957","128.38389618102957","128.38389618102957","121.21966649825598","121.21966649825598","121.21966649825598","80.11377522389884","80.11377522389884","80.11377522389884","10.084752378036871","10.084752378036871","10.084752378036871","80.20452702223518","80.20452702223518","80.20452702223518","67.88657091609758","67.88657091609758","67.88657091609758","173.4048701567555","173.4048701567555","173.4048701567555","83.39760692689063","83.39760692689063","83.39760692689063","22.964010808623993","22.964010808623993","22.964010808623993","174.641536625482","174.641536625482","174.641536625482","214.79397934265975","214.79397934265975","214.79397934265975","123.44533001894054","123.44533001894054","123.44533001894054","100.93460923628092","100.93460923628092","100.93460923628092","7.329559772442178","7.329559772442178","7.329559772442178","43.79361468556652","43.79361468556652","43.79361468556652","201.1609136734567","201.1609136734567","201.1609136734567","75.38639912293807","75.38639912293807","75.38639912293807","133.19434301795349","133.19434301795349","133.19434301795349","61.76057297508945","61.76057297508945","61.76057297508945"
"128000","159.65158969281111","159.65158969281111","159.65158969281111","102.66401843416335","102.66401843416335","102.66401843416335","88.31348433336983","88.31348433336983","88.31348433336983","96.24097164919517","96.24097164919517","96.24097164919517","10.488883673462976","10.488883673462976","10.488883673462976","70.80886182908037","70.80886182908037","70.80886182908037","75.03460806423129","75.03460806423129","75.03460806423129","202.34006230641825","202.34006230641825","202.34006230641825","96.56984073967399","96.56984073967399","96.56984073967399","22.95558562192373","22.95558562192373","22.95558562192373","185.73951151363636","185.73951151363636","185.73951151363636","215.2178997981513","215.2178997981513","215.2178997981513","103.61149127553821","103.61149127553821","103.61149127553821","112.01327905304731","112.01327905304731","112.01327905304731","10.420555381054323","10.420555381054323","10.420555381054323","37.45224175424794","37.45224175424794","37.45224175424794","190.807665593707","190.807665593707","190.807665593707","106.28836801336843","106.28836801336843","106.28836801336843","101.7609738236159","101.7609738236159","101.7609738236159","91.48803529265714","91.48803529265714","91.48803529265714"
"132000","167.94776001863534","167.94776001863534","167.94776001863534","129.57958208104944","129.57958208104944","129.57958208104944","149.59635437147807","149.59635437147807","149.59635437147807","91.41617523924546","91.41617523924546","91.41617523924546","13.012587973469593","13.012587973469593","13.012587973469593","79.15600474439717","79.15600474439717","79.15600474439717","109.58016443458325","109.58016443458325","109.58016443458325","197.7981513683366","197.7981513683366","197.7981513683366","90.83268110898005","90.83268110898005","90.83268110898005","22.96427512795363","22.96427512795363","22.96427512795363","68.13808479042012","68.13808479042012","68.13808479042012","203.31209839738568","203.31209839738568","203.31209839738568","114.75992673049927","114.75992673049927","114.75992673049927","104.45783173714953","104.45783173714953","104.45783173714953","25.928370843703426","25.928370843703426","25.928370843703426","49.462487694117065","49.462487694117065","49.462487694117065","180.1542166282149","180.1542166282149","180.1542166282149","87.56916191226279","87.56916191226279","87.56916191226279","88.88181799682852","88.88181799682852","88.88181799682852","99.60160426407944","99.60160426407944","99.60160426407944"
"136000","167.97046736800812","167.97046736800812","167.97046736800812","139.40690094280177","139.40690094280177","139.40690094280177","101.99139067406799","101.99139067406799","101.99139067406799","77.24178337323903","77.24178337323903","77.24178337323903","11.873966515830114","11.873966515830114","11.873966515830114","40.02001195464476","40.02001195464476","40.02001195464476","127.99050600959416","127.99050600959416","127.99050600959416","198.2211223567962","198.2211223567962","198.2211223567962","89.13493837826152","89.13493837826152","89.13493837826152","22.968711470956187","22.968711470956187","22.968711470956187","78.7293058133335","78.7293058133335","78.7293058133335","206.09689246397335","206.09689246397335","206.09689246397335","145.86588528944415","145.86588528944415","145.86588528944415","101.73925931792168","101.73925931792168","101.73925931792168","16.30196896152054","16.30196896152054","16.30196896152054","47.40045941096512","47.40045941096512","47.40045941096512","183.87363756613013","183.87363756613013","183.87363756613013","93.50606224495962","93.50606224495962","93.50606224495962","7.4346364095253445","7.4346364095253445","7.4346364095253445","168.2156768865381","168.2156768865381","168.2156768865381"
"140000","182.02023915728165","182.02023915728165","182.02023915728165","142.72630311784405","142.72630311784405","142.72630311784405","99.9223799122307","99.9223799122307","99.9223799122307","94.13670547695867","94.13670547695867","94.13670547695867","11.54266029623136","11.54266029623136","11.54266029623136","85.9008586861398","85.9008586861398","85.9008586861398","40.94014448389389","40.94014448389389","40.94014448389389","195.34470284565822","195.34470284565822","195.34470284565822","94.9035648316711","94.9035648316711","94.9035648316711","22.946082623941663","22.946082623941663","22.946082623941663","73.4857829869728","73.4857829869728","73.4857829869728","191.77094095540514","191.77094095540514","191.77094095540514","156.702091250294","156.702091250294","156.702091250294","106.34293896253021","106.34293896253021","106.34293896253021","10.312660881380204","10.312660881380204","10.312660881380204","53.96291140718436","53.96291140718436","53.96291140718436","192.84462716335278","192.84462716335278","192.84462716335278","91.70188527449162","91.70188527449162","91.70188527449162","20.266996007452512","20.266996007452512","20.266996007452512","165.86708659367935","165.86708659367935","165.86708659367935"
"144000","189.65143839286577","189.65143839286577","189.65143839286577","129.58784407962884","129.58784407962884","129.58784407962884","126.88550768498715","126.88550768498715","126.88550768498715","105.73725491323628","105.73725491323628","105.73725491323628","9.651516625345042","9.651516625345042","9.651516625345042","91.62454350022003","91.62454350022003","91.62454350022003","42.214763582715534","42.214763582715534","42.214763582715534","166.19244788384188","166.19244788384188","166.19244788384188","116.53418432032966","116.53418432032966","116.53418432032966","22.96747494833483","22.96747494833483","22.96747494833483","82.44814161573977","82.44814161573977","82.44814161573977","213.90153972090926","213.90153972090926","213.90153972090926","143.46432216275076","143.46432216275076","143.46432216275076","94.55918293387384","94.55918293387384","94.55918293387384","9.739898339165396","9.739898339165396","9.739898339165396","51.846903976993794","51.846903976993794","51.846903976993794","197.6497507250362","197.6497507250362","197.6497507250362","54.775377494333895","54.775377494333895","54.775377494333895","16.004462860535675","16.004462860535675","16.004462860535675","167.6860310078194","167.6860310078194","167.6860310078194"
"148000","190.62671917899516","190.62671917899516","190.62671917899516","138.7089659981138","138.7089659981138","138.7089659981138","86.86847065876447","86.86847065876447","86.86847065876447","97.5093577972486","97.5093577972486","97.5093577972486","8.84054463464919","8.84054463464919","8.84054463464919","121.20937192054275","121.20937192054275","121.20937192054275","42.56017728879652","42.56017728879652","42.56017728879652","176.4957979259224","176.4957979259224","176.4957979259224","119.064228332121","119.064228332121","119.064228332121","22.950827857735593","22.950827857735593","22.950827857735593","76.21850660136913","76.21850660136913","76.21850660136913","214.68079436139223","214.68079436139223","214.68079436139223","161.07458385058573","161.07458385058573","161.07458385058573","102.71309908324558","102.71309908324558","102.71309908324558","8.081496815601199","8.081496815601199","8.081496815601199","46.959252839333615","46.959252839333615","46.959252839333615","196.44482819552096","196.44482819552096","196.44482819552096","32.31975302567819","32.31975302567819","32.31975302567819","30.59251083829567","30.59251083829567","30.59251083829567","95.32279158949882","95.32279158949882","95.32279158949882"
"152000","203.78382880546056","203.78382880546056","203.78382880546056","151.75144129281367","151.75144129281367","151.75144129281367","83.42500193957596","83.42500193957596","83.42500193957596","101.42353415633816","101.42353415633816","101.42353415633816","7.2805881535477965","7.2805881535477965","7.2805881535477965","126.93140822457235","126.93140822457235","126.93140822457235","73.485896605031","73.485896605031","73.485896605031","182.00508739923734","182.00508739923734","182.00508739923734","123.9975025728041","123.9975025728041","123.9975025728041","22.94949771506655","22.94949771506655","22.94949771506655","5.617905203699204","5.617905203699204","5.617905203699204","194.51312165305504","194.51312165305504","194.51312165305504","160.23439029795782","160.23439029795782","160.23439029795782","126.76399263030662","126.76399263030662","126.76399263030662","9.031943958802827","9.031943958802827","9.031943958802827","53.6718449052427","53.6718449052427","53.6718449052427","214.88088817507546","214.88088817507546","214.88088817507546","43.417880557323635","43.417880557323635","43.417880557323635","41.25615040772486","41.25615040772486","41.25615040772486","92.49995263983492","92.49995263983492","92.49995263983492"
"156000","206.24797572295665","206.24797572295665","206.24797572295665","138.09602542531618","138.09602542531618","138.09602542531618","89.63697918143451","89.63697918143451","89.63697918143451","90.65623323240895","90.65623323240895","90.65623323240895","10.181968318945247","10.181968318945247","10.181968318945247","114.86788036593774","114.86788036593774","114.86788036593774","93.84085996999569","93.84085996999569","93.84085996999569","136.39858142576048","136.39858142576048","136.39858142576048","113.66076844498575","113.66076844498575","113.66076844498575","22.909190514667113","22.909190514667113","22.909190514667113","5.622825983812306","5.622825983812306","5.622825983812306","200.61219264867484","200.61219264867484","200.61219264867484","154.2742570491272","154.2742570491272","154.2742570491272","117.62922743094718","117.62922743094718","117.62922743094718","10.430419354613395","10.430419354613395","10.430419354613395","53.01777756687255","53.01777756687255","53.01777756687255","197.89345264799","197.89345264799","197.89345264799","39.7881407899858","39.7881407899858","39.7881407899858","36.04130295042196","36.04130295042196","36.04130295042196","93.74769659866487","93.74769659866487","93.74769659866487"
"160000","181.51412244415945","181.51412244415945","181.51412244415945","153.1127486306138","153.1127486306138","153.1127486306138","85.83599879127107","85.83599879127107","85.83599879127107","130.5538167323852","130.5538167323852","130.5538167323852","54.98207595174135","54.98207595174135","54.98207595174135","99.6341383723043","99.6341383723043","99.6341383723043","87.51339036475413","87.51339036475413","87.51339036475413","152.9260410351089","152.9260410351089","152.9260410351089","86.27127452326845","86.27127452326845","86.27127452326845","22.013714721270198","22.013714721270198","22.013714721270198","40.65745071174449","40.65745071174449","40.65745071174449","180.23706684045823","180.23706684045823","180.23706684045823","150.0999407061312","150.0999407061312","150.0999407061312","113.31199667798997","113.31199667798997","113.31199667798997","12.72101906290556","12.72101906290556","12.72101906290556","49.174535500664284","49.174535500664284","49.174535500664284","190.1713872889846","190.1713872889846","190.1713872889846","33.38812394391847","33.38812394391847","33.38812394391847","23.75592316139306","23.75592316139306","23.75592316139306","85.33161381402321","85.33161381402321","85.33161381402321"
"164000","179.89908589182343","179.89908589182343","179.89908589182343","143.73857203728488","143.73857203728488","143.73857203728488","86.48572996120409","86.48572996120409","86.48572996120409","130.21837740077353","130.21837740077353","130.21837740077353","51.08288915017428","51.08288915017428","51.08288915017428","91.87346116406746","91.87346116406746","91.87346116406746","33.39275157074114","33.39275157074114","33.39275157074114","153.076777954162","153.076777954162","153.076777954162","80.68728998600088","80.68728998600088","80.68728998600088","22.216882134403612","22.216882134403612","22.216882134403612","4.626390503779359","4.626390503779359","4.626390503779359","195.90479918306906","195.90479918306906","195.90479918306906","117.25480309517593","117.25480309517593","117.25480309517593","117.48111585507452","117.48111585507452","117.48111585507452","9.751279083868857","9.751279083868857","9.751279083868857","67.61294456041905","67.61294456041905","67.61294456041905","194.5033313739209","194.5033313739209","194.5033313739209","44.119822123179844","44.119822123179844","44.119822123179844","21.028218469838077","21.028218469838077","21.028218469838077","155.24292862313203","155.24292862313203","155.24292862313203"
"168000","202.62341388840645","202.62341388840645","202.62341388840645","142.9858446618198","142.9858446618198","142.9858446618198","172.41020649083762","172.41020649083762","172.41020649083762","124.60240204110444","124.60240204110444","124.60240204110444","110.82046574773133","110.82046574773133","110.82046574773133","136.115637877666","136.115637877666","136.115637877666","25.75462169195554","25.75462169195554","25.75462169195554","156.7566525854279","156.7566525854279","156.7566525854279","112.4183704867171","112.4183704867171","112.4183704867171","21.785663688872468","21.785663688872468","21.785663688872468","4.634193959373963","4.634193959373963","4.634193959373963","131.93073451933688","131.93073451933688","131.93073451933688","163.29295862689702","163.29295862689702","163.29295862689702","112.11157371497511","112.11157371497511","112.11157371497511","26.06342867222815","26.06342867222815","26.06342867222815","114.29567184563037","114.29567184563037","114.29567184563037","202.66644864509544","202.66644864509544","202.66644864509544","33.25161896544037","33.25161896544037","33.25161896544037","23.785251853851012","23.785251853851012","23.785251853851012","145.76841637864567","145.76841637864567","145.76841637864567"
"172000","251.16762088025015","251.16762088025015","251.16762088025015","161.45449780650907","161.45449780650907","161.45449780650907","170.0426949546114","170.0426949546114","170.0426949546114","64.28490452969415","64.28490452969415","64.28490452969415","102.55103392832719","102.55103392832719","102.55103392832719","69.5861494067047","69.5861494067047","69.5861494067047","28.741052958278708","28.741052958278708","28.741052958278708","161.9005894943353","161.9005894943353","161.9005894943353","124.84277659449364","124.84277659449364","124.84277659449364","21.800655932480403","21.800655932480403","21.800655932480403","59.828010510935506","59.828010510935506","59.828010510935506","134.77576639484752","134.77576639484752","134.77576639484752","128.5319255517159","128.5319255517159","128.5319255517159","108.56358292969396","108.56358292969396","108.56358292969396","24.41785920105917","24.41785920105917","24.41785920105917","80.77440558476505","80.77440558476505","80.77440558476505","209.78506632482305","209.78506632482305","209.78506632482305","32.97234495855271","32.97234495855271","32.97234495855271","22.642334461813345","22.642334461813345","22.642334461813345","145.5522341296409","145.5522341296409","145.5522341296409"
"176000","226.8786092921931","226.8786092921931","226.8786092921931","167.03179407840634","167.03179407840634","167.03179407840634","199.364143502836","199.364143502836","199.364143502836","120.16823968485983","120.16823968485983","120.16823968485983","53.78238747616293","53.78238747616293","53.78238747616293","79.191802176705","79.191802176705","79.191802176705","24.826576524224897","24.826576524224897","24.826576524224897","164.651307004961","164.651307004961","164.651307004961","93.27454934992048","93.27454934992048","93.27454934992048","21.86206133263327","21.86206133263327","21.86206133263327","36.24333269589978","36.24333269589978","36.24333269589978","153.96996633930627","153.96996633930627","153.96996633930627","127.79789193155682","127.79789193155682","127.79789193155682","120.60327846909067","120.60327846909067","120.60327846909067","24.989131704916314","24.989131704916314","24.989131704916314","122.73450480479218","122.73450480479218","122.73450480479218","209.2907556823881","209.2907556823881","209.2907556823881","33.93750792901298","33.93750792901298","33.93750792901298","82.88222459382396","82.88222459382396","82.88222459382396","169.53020506308664","169.53020506308664","169.53020506308664"
"180000","217.81190138673395","217.81190138673395","217.81190138673395","141.48772838351493","141.48772838351493","141.48772838351493","145.7003881482617","145.7003881482617","145.7003881482617","82.23024458662378","82.23024458662378","82.23024458662378","57.643377670728384","57.643377670728384","57.643377670728384","69.52124087382968","69.52124087382968","69.52124087382968","32.1820808638198","32.1820808638198","32.1820808638198","163.28197476478454","163.28197476478454","163.28197476478454","127.47997446151274","127.47997446151274","127.47997446151274","22.048555656252937","22.048555656252937","22.048555656252937","126.26973305635988","126.26973305635988","126.26973305635988","176.36840566817068","176.36840566817068","176.36840566817068","130.88144403251167","130.88144403251167","130.88144403251167","132.25047403179752","132.25047403179752","132.25047403179752","16.734459916928166","16.734459916928166","16.734459916928166","80.56595173796356","80.56595173796356","80.56595173796356","208.4877282198648","208.4877282198648","208.4877282198648","59.814378742417645","59.814378742417645","59.814378742417645","27.0034920550715","27.0034920550715","27.0034920550715","165.05530353736006","165.05530353736006","165.05530353736006"
"184000","206.7321619943169","206.7321619943169","206.7321619943169","136.75510211233544","136.75510211233544","136.75510211233544","147.97218625801685","147.97218625801685","147.97218625801685","85.5274361499958","85.5274361499958","85.5274361499958","57.09259495348006","57.09259495348006","57.09259495348006","68.56053853998618","68.56053853998618","68.56053853998618","32.492600977408415","32.492600977408415","32.492600977408415","159.4892051856643","159.4892051856643","159.4892051856643","172.42031878509482","172.42031878509482","172.42031878509482","21.54669739552627","21.54669739552627","21.54669739552627","6.95026980243257","6.95026980243257","6.95026980243257","138.00854212655338","138.00854212655338","138.00854212655338","157.4273050914688","157.4273050914688","157.4273050914688","131.26953731182314","131.26953731182314","131.26953731182314","15.15654543686436","15.15654543686436","15.15654543686436","78.67384138906382","78.67384138906382","78.67384138906382","221.82411500107742","221.82411500107742","221.82411500107742","49.40252885006581","49.40252885006581","49.40252885006581","32.294687132906546","32.294687132906546","32.294687132906546","180.79392826070452","180.79392826070452","180.79392826070452"
"188000","208.1517147869732","208.1517147869732","208.1517147869732","139.43799344935874","139.43799344935874","139.43799344935874","225.42559548550759","225.42559548550759","225.42559548550759","119.71208819059628","119.71208819059628","119.71208819059628","77.0575259919153","77.0575259919153","77.0575259919153","67.10146535087392","67.10146535087392","67.10146535087392","49.41932453611851","49.41932453611851","49.41932453611851","140.1990403873606","140.1990403873606","140.1990403873606","168.08492829257239","168.08492829257239","168.08492829257239","21.61048055053534","21.61048055053534","21.61048055053534","101.70074178135339","101.70074178135339","101.70074178135339","199.11416277641226","199.11416277641226","199.11416277641226","118.98860063129321","118.98860063129321","118.98860063129321","128.25245467322995","128.25245467322995","128.25245467322995","23.12202973480248","23.12202973480248","23.12202973480248","70.6324939769877","70.6324939769877","70.6324939769877","267.86520091240254","267.86520091240254","267.86520091240254","37.713128231371265","37.713128231371265","37.713128231371265","25.076205639739808","25.076205639739808","25.076205639739808","179.38728446639178","179.38728446639178","179.38728446639178"
"192000","223.11126924326095","223.11126924326095","223.11126924326095","139.03688214185743","139.03688214185743","139.03688214185743","155.57919629901494","155.57919629901494","155.57919629901494","122.32661195936066","122.32661195936066","122.32661195936066","78.34343808704132","78.34343808704132","78.34343808704132","87.15091610482264","87.15091610482264","87.15091610482264","45.0555341265833","45.0555341265833","45.0555341265833","133.15705427691393","133.15705427691393","133.15705427691393","152.5859814371118","152.5859814371118","152.5859814371118","21.547483926231095","21.547483926231095","21.547483926231095","107.9055849195499","107.9055849195499","107.9055849195499","233.80500519555932","233.80500519555932","233.80500519555932","114.42186544048384","114.42186544048384","114.42186544048384","113.9744902813054","113.9744902813054","113.9744902813054","17.90426276203099","17.90426276203099","17.90426276203099","69.9969876769967","69.9969876769967","69.9969876769967","259.8107109947342","259.8107109947342","259.8107109947342","70.84454517086098","70.84454517086098","70.84454517086098","50.56515277510146","50.56515277510146","50.56515277510146","176.45742457408323","176.45742457408323","176.45742457408323"
"196000","240.2601438024248","240.2601438024248","240.2601438024248","123.91556884169286","123.91556884169286","123.91556884169286","184.05674094895744","184.05674094895744","184.05674094895744","123.62700495855128","123.62700495855128","123.62700495855128","93.98724577128726","93.98724577128726","93.98724577128726","109.4394465721198","109.4394465721198","109.4394465721198","66.58454036614603","66.58454036614603","66.58454036614603","125.71231730387672","125.71231730387672","125.71231730387672","179.753024826513","179.753024826513","179.753024826513","21.69697824765041","21.69697824765041","21.69697824765041","3.4804409127371327","3.4804409127371327","3.4804409127371327","233.4220206171855","233.4220206171855","233.4220206171855","110.3840811796144","110.3840811796144","110.3840811796144","113.72846436754212","113.72846436754212","113.72846436754212","15.504006878239966","15.504006878239966","15.504006878239966","71.94176353852001","71.94176353852001","71.94176353852001","281.60421876673547","281.60421876673547","281.60421876673547","32.81424882735949","32.81424882735949","32.81424882735949","64.35443503030598","64.35443503030598","64.35443503030598","162.3633538432163","162.3633538432163","162.3633538432163"
"200000","239.0604592421842","239.0604592421842","239.0604592421842","148.81009997297852","148.81009997297852","148.81009997297852","181.13900319594535","181.13900319594535","181.13900319594535","124.91201323100317","124.91201323100317","124.91201323100317","89.66047712136961","89.66047712136961","89.66047712136961","158.21542181507544","158.21542181507544","158.21542181507544","80.6068240534489","80.6068240534489","80.6068240534489","141.24255085715936","141.24255085715936","141.24255085715936","175.87435545657465","175.87435545657465","175.87435545657465","21.591694028178367","21.591694028178367","21.591694028178367","3.403060608855475","3.403060608855475","3.403060608855475","241.83616307383136","241.83616307383136","241.83616307383136","113.87598079023023","113.87598079023023","113.87598079023023","146.86684579733765","146.86684579733765","146.86684579733765","17.231311418116835","17.231311418116835","17.231311418116835","74.89750792021695","74.89750792021695","74.89750792021695","266.33206959745075","266.33206959745075","266.33206959745075","11.147341161511942","11.147341161511942","11.147341161511942","42.39481156172758","42.39481156172758","42.39481156172758","170.59246997225836","170.59246997225836","170.59246997225836"
"204000","224.8008228348634","224.8008228348634","224.8008228348634","149.50284570342427","149.50284570342427","149.50284570342427","195.27657175669725","195.27657175669725","195.27657175669725","123.04724901849609","123.04724901849609","123.04724901849609","93.27366469698266","93.27366469698266","93.27366469698266","91.19610380100539","91.19610380100539","91.19610380100539","84.56426724087385","84.56426724087385","84.56426724087385","160.58511662508675","160.58511662508675","160.58511662508675","160.0597063534919","160.0597063534919","160.0597063534919","21.696383703454284","21.696383703454284","21.696383703454284","3.4081036068425554","3.4081036068425554","3.4081036068425554","222.3145733756309","222.3145733756309","222.3145733756309","118.15133162052777","118.15133162052777","118.15133162052777","149.53586055926866","149.53586055926866","149.53586055926866","13.707617271228703","13.707617271228703","13.707617271228703","146.55604822225587","146.55604822225587","146.55604822225587","250.9447358571073","250.9447358571073","250.9447358571073","11.471312848385818","11.471312848385818","11.471312848385818","45.75530804071798","45.75530804071798","45.75530804071798","166.28217573815283","166.28217573815283","166.28217573815283"
"208000","243.12589880389746","243.12589880389746","243.12589880389746","173.13761092512829","173.13761092512829","173.13761092512829","197.79010332291622","197.79010332291622","197.79010332291622","124.97991288838686","124.97991288838686","124.97991288838686","75.09884315918353","75.09884315918353","75.09884315918353","164.2960292267334","164.2960292267334","164.2960292267334","95.13235208109458","95.13235208109458","95.13235208109458","163.17661504819213","163.17661504819213","163.17661504819213","137.91516657439587","137.91516657439587","137.91516657439587","21.95754058739474","21.95754058739474","21.95754058739474","92.48425846702648","92.48425846702648","92.48425846702648","248.26129845524412","248.26129845524412","248.26129845524412","141.65958786939183","141.65958786939183","141.65958786939183","153.32814826295052","153.32814826295052","153.32814826295052","58.9947104602622","58.9947104602622","58.9947104602622","114.709418645164","114.709418645164","114.709418645164","278.59636250578217","278.59636250578217","278.59636250578217","9.66546456072766","9.66546456072766","9.66546456072766","62.34722027023869","62.34722027023869","62.34722027023869","168.8471820935921","168.8471820935921","168.8471820935921"
"212000","233.65706412719743","233.65706412719743","233.65706412719743","186.6059350885355","186.6059350885355","186.6059350885355","179.06715918503693","179.06715918503693","179.06715918503693","118.45610427085121","118.45610427085121","118.45610427085121","75.28835874794252","75.28835874794252","75.28835874794252","139.5682272281303","139.5682272281303","139.5682272281303","117.49351969784183","117.49351969784183","117.49351969784183","155.83813241373485","155.83813241373485","155.83813241373485","135.02389237045998","135.02389237045998","135.02389237045998","22.300397583591394","22.300397583591394","22.300397583591394","156.50454140516325","156.50454140516325","156.50454140516325","244.67831467902323","244.67831467902323","244.67831467902323","131.39817766322375","131.39817766322375","131.39817766322375","145.6370887023647","145.6370887023647","145.6370887023647","56.729771403192956","56.729771403192956","56.729771403192956","165.66535987208508","165.66535987208508","165.66535987208508","261.23715037100317","261.23715037100317","261.23715037100317","48.353269299850844","48.353269299850844","48.353269299850844","66.38526677044624","66.38526677044624","66.38526677044624","182.56208715252552","182.56208715252552","182.56208715252552"
"216000","229.2267005839404","229.2267005839404","229.2267005839404","152.723041607227","152.723041607227","152.723041607227","126.52073331556237","126.52073331556237","126.52073331556237","122.60255025933301","122.60255025933301","122.60255025933301","70.90664166100761","70.90664166100761","70.90664166100761","161.9186761663321","161.9186761663321","161.9186761663321","51.94412837567613","51.94412837567613","51.94412837567613","199.4380528578919","199.4380528578919","199.4380528578919","120.30532333493102","120.30532333493102","120.30532333493102","22.277803825738964","22.277803825738964","22.277803825738964","171.99176442345646","171.99176442345646","171.99176442345646","246.66652923706692","246.66652923706692","246.66652923706692","130.79585000835218","130.79585000835218","130.79585000835218","138.49809135477352","138.49809135477352","138.49809135477352","51.084084896469975","51.084084896469975","51.084084896469975","160.8321911201041","160.8321911201041","160.8321911201041","285.95012775981456","285.95012775981456","285.95012775981456","10.865904921255815","10.865904921255815","10.865904921255815","39.03138438876779","39.03138438876779","39.03138438876779","184.63518107866372","184.63518107866372","184.63518107866372"
"220000","239.1239344869908","239.1239344869908","239.1239344869908","157.1060066625064","157.1060066625064","157.1060066625064","90.66351122763402","90.66351122763402","90.66351122763402","124.7326273564181","124.7326273564181","124.7326273564181","89.03373181624491","89.03373181624491","89.03373181624491","113.83593947844341","113.83593947844341","113.83593947844341","59.8438727730581","59.8438727730581","59.8438727730581","211.412281088883","211.412281088883","211.412281088883","130.0188264653648","130.0188264653648","130.0188264653648","21.546151876280852","21.546151876280852","21.546151876280852","176.4357847569285","176.4357847569285","176.4357847569285","245.7463729386649","245.7463729386649","245.7463729386649","143.12878070699654","143.12878070699654","143.12878070699654","115.32237248288853","115.32237248288853","115.32237248288853","45.02462165256024","45.02462165256024","45.02462165256024","156.21414731101078","156.21414731101078","156.21414731101078","262.4712531094515","262.4712531094515","262.4712531094515","10.54861445590527","10.54861445590527","10.54861445590527","30.10532293050421","30.10532293050421","30.10532293050421","180.9910791146898","180.9910791146898","180.9910791146898"
"224000","222.55491136987627","222.55491136987627","222.55491136987627","162.5871317508134","162.5871317508134","162.5871317508134","202.26754481331858","202.26754481331858","202.26754481331858","107.45905148226407","107.45905148226407","107.45905148226407","45.01787703719126","45.01787703719126","45.01787703719126","122.16349148642946","122.16349148642946","122.16349148642946","75.24223457575705","75.24223457575705","75.24223457575705","219.16270345634794","219.16270345634794","219.16270345634794","132.63857583703836","132.63857583703836","132.63857583703836","21.776695321572394","21.776695321572394","21.776695321572394","177.65093978797077","177.65093978797077","177.65093978797077","233.91055282183237","233.91055282183237","233.91055282183237","153.70903906879886","153.70903906879886","153.70903906879886","114.0440310558294","114.0440310558294","114.0440310558294","62.24251380463331","62.24251380463331","62.24251380463331","173.38654131064715","173.38654131064715","173.38654131064715","278.55672059762304","278.55672059762304","278.55672059762304","55.48901469582014","55.48901469582014","55.48901469582014","37.60370474713386","37.60370474713386","37.60370474713386","115.04867098810378","115.04867098810378","115.04867098810378"
"228000","224.78736966152724","224.78736966152724","224.78736966152724","150.93443012380152","150.93443012380152","150.93443012380152","139.12496002288282","139.12496002288282","139.12496002288282","100.50966313083283","100.50966313083283","100.50966313083283","46.34220526463336","46.34220526463336","46.34220526463336","87.26414638823084","87.26414638823084","87.26414638823084","74.90262706732382","74.90262706732382","74.90262706732382","224.12312865565772","224.12312865565772","224.12312865565772","165.28573149876294","165.28573149876294","165.28573149876294","21.787684762016525","21.787684762016525","21.787684762016525","174.28115703890927","174.28115703890927","174.28115703890927","227.08554515849715","227.08554515849715","227.08554515849715","144.54656772627237","144.54656772627237","144.54656772627237","112.24055944854452","112.24055944854452","112.24055944854452","42.69668058998295","42.69668058998295","42.69668058998295","85.77435995508449","85.77435995508449","85.77435995508449","256.76792689403544","256.76792689403544","256.76792689403544","58.5962122275857","58.5962122275857","58.5962122275857","43.384617148688086","43.384617148688086","43.384617148688086","92.90853078914782","92.90853078914782","92.90853078914782"
"232000","237.86020731694666","237.86020731694666","237.86020731694666","194.7413987563172","194.7413987563172","194.7413987563172","171.76938216694253","171.76938216694253","171.76938216694253","84.26661402948577","84.26661402948577","84.26661402948577","44.69558845155415","44.69558845155415","44.69558845155415","100.79719963937931","100.79719963937931","100.79719963937931","77.37206467935309","77.37206467935309","77.37206467935309","236.86753689806875","236.86753689806875","236.86753689806875","161.08655188993663","161.08655188993663","161.08655188993663","21.856871207503556","21.856871207503556","21.856871207503556","171.70521243025254","171.70521243025254","171.70521243025254","265.4088447094017","265.4088447094017","265.4088447094017","114.81313145457099","114.81313145457099","114.81313145457099","112.94236561012637","112.94236561012637","112.94236561012637","52.35986123659715","52.35986123659715","52.35986123659715","126.07996681590797","126.07996681590797","126.07996681590797","271.60099109942644","271.60099109942644","271.60099109942644","11.397143772406302","11.397143772406302","11.397143772406302","87.39072536576342","87.39072536576342","87.39072536576342","93.57175439622758","93.57175439622758","93.57175439622758"
"236000","235.49191144822717","235.49191144822717","235.49191144822717","188.23900846035","188.23900846035","188.23900846035","104.16340800823757","104.16340800823757","104.16340800823757","92.11279849377033","92.11279849377033","92.11279849377033","34.59812878030289","34.59812878030289","34.59812878030289","109.8488919398296","109.8488919398296","109.8488919398296","66.20876033898978","66.20876033898978","66.20876033898978","232.85104140396976","232.85104140396976","232.85104140396976","170.15231192393998","170.15231192393998","170.15231192393998","22.241756667504493","22.241756667504493","22.241756667504493","169.56968059901027","169.56968059901027","169.56968059901027","260.70636655927865","260.70636655927865","260.70636655927865","137.7040123073968","137.7040123073968","137.7040123073968","113.95815326245695","113.95815326245695","113.95815326245695","46.80651984933263","46.80651984933263","46.80651984933263","126.950858047164","126.950858047164","126.950858047164","279.22566391674206","279.22566391674206","279.22566391674206","10.704696892016376","10.704696892016376","10.704696892016376","64.41931838619631","64.41931838619631","64.41931838619631","104.99839888815048","104.99839888815048","104.99839888815048"
"240000","250.97925114171818","250.97925114171818","250.97925114171818","195.99708868366102","195.99708868366102","195.99708868366102","94.58962908787652","94.58962908787652","94.58962908787652","89.97578606196137","89.97578606196137","89.97578606196137","48.07158723777555","48.07158723777555","48.07158723777555","86.65821055111249","86.65821055111249","86.65821055111249","65.24021167604005","65.24021167604005","65.24021167604005","236.3083497951724","236.3083497951724","236.3083497951724","156.83348825262095","156.83348825262095","156.83348825262095","22.407957759082468","22.407957759082468","22.407957759082468","249.32309976847932","249.32309976847932","249.32309976847932","240.2111465995134","240.2111465995134","240.2111465995134","134.2015643513613","134.2015643513613","134.2015643513613","121.81772235191124","121.81772235191124","121.81772235191124","45.10615196056401","45.10615196056401","45.10615196056401","97.05501130678523","97.05501130678523","97.05501130678523","286.30696267641645","286.30696267641645","286.30696267641645","9.012787816610459","9.012787816610459","9.012787816610459","63.980572915509825","63.980572915509825","63.980572915509825","116.92418632527863","116.92418632527863","116.92418632527863"
"244000","256.4521806198592","256.4521806198592","256.4521806198592","206.29874418989357","206.29874418989357","206.29874418989357","195.09368864410217","195.09368864410217","195.09368864410217","80.76751829071313","80.76751829071313","80.76751829071313","84.05236945735803","84.05236945735803","84.05236945735803","74.32061402145975","74.32061402145975","74.32061402145975","78.65273191306963","78.65273191306963","78.65273191306963","202.4106187788762","202.4106187788762","202.4106187788762","119.33899755476334","119.33899755476334","119.33899755476334","21.944346918124825","21.944346918124825","21.944346918124825","240.4514551325213","240.4514551325213","240.4514551325213","156.47822291629916","156.47822291629916","156.47822291629916","138.39466830862233","138.39466830862233","138.39466830862233","118.70959799003774","118.70959799003774","118.70959799003774","42.930022847979885","42.930022847979885","42.930022847979885","134.3961380274542","134.3961380274542","134.3961380274542","248.48871079141765","248.48871079141765","248.48871079141765","13.685888155457613","13.685888155457613","13.685888155457613","106.51870121216582","106.51870121216582","106.51870121216582","181.64404364619762","181.64404364619762","181.64404364619762"
"248000","249.35900755380788","249.35900755380788","249.35900755380788","185.68265663427997","185.68265663427997","185.68265663427997","183.4529810761432","183.4529810761432","183.4529810761432","80.8851512762732","80.8851512762732","80.8851512762732","97.49571071204335","97.49571071204335","97.49571071204335","103.24393579823467","103.24393579823467","103.24393579823467","84.57126377032954","84.57126377032954","84.57126377032954","166.61971526590196","166.61971526590196","166.61971526590196","94.54454799098286","94.54454799098286","94.54454799098286","21.84921328264953","21.84921328264953","21.84921328264953","183.44362669532083","183.44362669532083","183.44362669532083","210.7287975840091","210.7287975840091","210.7287975840091","181.74936944410933","181.74936944410933","181.74936944410933","125.28261944163705","125.28261944163705","125.28261944163705","40.77538911578047","40.77538911578047","40.77538911578047","167.27961464432906","167.27961464432906","167.27961464432906","242.69574573126448","242.69574573126448","242.69574573126448","22.718989466134378","22.718989466134378","22.718989466134378","142.44351568312612","142.44351568312612","142.44351568312612","188.72624958112618","188.72624958112618","188.72624958112618"
"252000","277.6354519032876","277.6354519032876","277.6354519032876","180.70841462294945","180.70841462294945","180.70841462294945","188.4776734252283","188.4776734252283","188.4776734252283","38.0697819120315","38.0697819120315","38.0697819120315","61.48135631485718","61.48135631485718","61.48135631485718","71.80521680597202","71.80521680597202","71.80521680597202","148.9481417345457","148.9481417345457","148.9481417345457","159.48343027787132","159.48343027787132","159.48343027787132","98.7621384466332","98.7621384466332","98.7621384466332","21.87674408403346","21.87674408403346","21.87674408403346","176.12319629191384","176.12319629191384","176.12319629191384","250.60734319671002","250.60734319671002","250.60734319671002","170.9639357350257","170.9639357350257","170.9639357350257","121.2791731572838","121.2791731572838","121.2791731572838","32.460316015321","32.460316015321","32.460316015321","109.49560604247986","109.49560604247986","109.49560604247986","235.18005840593892","235.18005840593892","235.18005840593892","40.60242563917631","40.60242563917631","40.60242563917631","143.61058336701814","143.61058336701814","143.61058336701814","181.87005521553024","181.87005521553024","181.87005521553024"
"256000","249.13468995076497","249.13468995076497","249.13468995076497","166.41804200044552","166.41804200044552","166.41804200044552","218.05998903609452","218.05998903609452","218.05998903609452","99.91250678702045","99.91250678702045","99.91250678702045","73.52390005661867","73.52390005661867","73.52390005661867","71.06842833394673","71.06842833394673","71.06842833394673","151.457820474142","151.457820474142","151.457820474142","142.6589025463996","142.6589025463996","142.6589025463996","114.16343313435875","114.16343313435875","114.16343313435875","22.17772013229501","22.17772013229501","22.17772013229501","168.4810773176903","168.4810773176903","168.4810773176903","262.3905436119942","262.3905436119942","262.3905436119942","176.4359644585758","176.4359644585758","176.4359644585758","127.86121743392967","127.86121743392967","127.86121743392967","39.20172944366136","39.20172944366136","39.20172944366136","160.84620861577486","160.84620861577486","160.84620861577486","245.46049104669927","245.46049104669927","245.46049104669927","25.26844917456851","25.26844917456851","25.26844917456851","71.25541102650007","71.25541102650007","71.25541102650007","184.53792007344742","184.53792007344742","184.53792007344742"
"260000","254.0830685018581","254.0830685018581","254.0830685018581","167.87961230335668","167.87961230335668","167.87961230335668","226.36350348148002","226.36350348148002","226.36350348148002","89.08701700836886","89.08701700836886","89.08701700836886","19.455666634930353","19.455666634930353","19.455666634930353","83.32386881432475","83.32386881432475","83.32386881432475","152.90580814500908","152.90580814500908","152.90580814500908","137.89935167215882","137.89935167215882","137.89935167215882","97.77678225702834","97.77678225702834","97.77678225702834","22.319284227113528","22.319284227113528","22.319284227113528","230.39612110999306","230.39612110999306","230.39612110999306","151.6465705383534","151.6465705383534","151.6465705383534","188.71320781194794","188.71320781194794","188.71320781194794","124.90859796104239","124.90859796104239","124.90859796104239","42.29208762604579","42.29208762604579","42.29208762604579","125.04382881358417","125.04382881358417","125.04382881358417","247.78133744191027","247.78133744191027","247.78133744191027","27.012031991591652","27.012031991591652","27.012031991591652","71.81682217436307","71.81682217436307","71.81682217436307","148.23031985718944","148.23031985718944","148.23031985718944"
"264000","244.77217418327785","244.77217418327785","244.77217418327785","151.8916938444555","151.8916938444555","151.8916938444555","190.02375405835883","190.02375405835883","190.02375405835883","96.62016332465586","96.62016332465586","96.62016332465586","19.202674650126784","19.202674650126784","19.202674650126784","117.41263479934203","117.41263479934203","117.41263479934203","164.6238345775326","164.6238345775326","164.6238345775326","149.77519538895984","149.77519538895984","149.77519538895984","181.69321316964167","181.69321316964167","181.69321316964167","22.10067113666958","22.10067113666958","22.10067113666958","218.32360533084474","218.32360533084474","218.32360533084474","189.88752561190103","189.88752561190103","189.88752561190103","188.10833270115012","188.10833270115012","188.10833270115012","126.09441181818245","126.09441181818245","126.09441181818245","41.30513545773592","41.30513545773592","41.30513545773592","176.64633798277302","176.64633798277302","176.64633798277302","241.39048190928594","241.39048190928594","241.39048190928594","23.58399476259013","23.58399476259013","23.58399476259013","71.40183256688056","71.40183256688056","71.40183256688056","193.50323598364685","193.50323598364685","193.50323598364685"
"268000","245.24641308712316","245.24641308712316","245.24641308712316","132.6756881753534","132.6756881753534","132.6756881753534","196.93648745999263","196.93648745999263","196.93648745999263","120.15208682157213","120.15208682157213","120.15208682157213","64.19086463999975","64.19086463999975","64.19086463999975","129.68730530498289","129.68730530498289","129.68730530498289","140.6351004631155","140.6351004631155","140.6351004631155","202.10087398405284","202.10087398405284","202.10087398405284","168.08434185581615","168.08434185581615","168.08434185581615","36.981820022558345","36.981820022558345","36.981820022558345","165.63018433533406","165.63018433533406","165.63018433533406","189.49190372474615","189.49190372474615","189.49190372474615","185.11440414755808","185.11440414755808","185.11440414755808","118.93313256696781","118.93313256696781","118.93313256696781","41.233338914521696","41.233338914521696","41.233338914521696","189.64078799364444","189.64078799364444","189.64078799364444","288.9033593265322","288.9033593265322","288.9033593265322","30.98307086290074","30.98307086290074","30.98307086290074","70.9210622982946","70.9210622982946","70.9210622982946","188.5446181842764","188.5446181842764","188.5446181842764"
"272000","248.28143031078608","248.28143031078608","248.28143031078608","102.40067924447344","102.40067924447344","102.40067924447344","203.87138885091963","203.87138885091963","203.87138885091963","106.34346628499051","106.34346628499051","106.34346628499051","62.44797698528852","62.44797698528852","62.44797698528852","121.6965980111759","121.6965980111759","121.6965980111759","115.52074618663718","115.52074618663718","115.52074618663718","211.9234596705034","211.9234596705034","211.9234596705034","174.5453497497479","174.5453497497479","174.5453497497479","45.92916552718267","45.92916552718267","45.92916552718267","160.81711516482272","160.81711516482272","160.81711516482272","174.41239947646417","174.41239947646417","174.41239947646417","179.195000848111","179.195000848111","179.195000848111","128.5633808911286","128.5633808911286","128.5633808911286","41.523079951475886","41.523079951475886","41.523079951475886","186.58577151449322","186.58577151449322","186.58577151449322","293.4658667125842","293.4658667125842","293.4658667125842","25.53958993984066","25.53958993984066","25.53958993984066","37.54339754137632","37.54339754137632","37.54339754137632","163.39700719617613","163.39700719617613","163.39700719617613"
"276000","254.32404725856495","254.32404725856495","254.32404725856495","46.76929822537957","46.76929822537957","46.76929822537957","176.96016745245464","176.96016745245464","176.96016745245464","133.95793398155965","133.95793398155965","133.95793398155965","121.20327028112345","121.20327028112345","121.20327028112345","112.53820078412957","112.53820078412957","112.53820078412957","124.15148649971343","124.15148649971343","124.15148649971343","238.47604542776648","238.47604542776648","238.47604542776648","179.87426097575872","179.87426097575872","179.87426097575872","53.271811907609425","53.271811907609425","53.271811907609425","140.89458245784377","140.89458245784377","140.89458245784377","165.3056560542656","165.3056560542656","165.3056560542656","161.08166445936138","161.08166445936138","161.08166445936138","120.7873330328398","120.7873330328398","120.7873330328398","40.70553299112592","40.70553299112592","40.70553299112592","180.8270443944785","180.8270443944785","180.8270443944785","202.23155076666947","202.23155076666947","202.23155076666947","24.114655562408398","24.114655562408398","24.114655562408398","38.512149114725226","38.512149114725226","38.512149114725226","126.8470583416544","126.8470583416544","126.8470583416544"
"280000","250.73576005141405","250.73576005141405","250.73576005141405","43.07089426819491","43.07089426819491","43.07089426819491","178.23750952679006","178.23750952679006","178.23750952679006","134.53412746515636","134.53412746515636","134.53412746515636","126.55331289190858","126.55331289190858","126.55331289190858","121.26413505374589","121.26413505374589","121.26413505374589","149.92495323077137","149.92495323077137","149.92495323077137","229.14547794485094","229.14547794485094","229.14547794485094","172.5782272323751","172.5782272323751","172.5782272323751","67.64205893165935","67.64205893165935","67.64205893165935","158.6278425635735","158.6278425635735","158.6278425635735","150.98118578305738","150.98118578305738","150.98118578305738","182.4501611680156","182.4501611680156","182.4501611680156","111.4157762238184","111.4157762238184","111.4157762238184","40.611946779799695","40.611946779799695","40.611946779799695","170.12533489112562","170.12533489112562","170.12533489112562","238.28823540978738","238.28823540978738","238.28823540978738","15.406313619822914","15.406313619822914","15.406313619822914","38.06291118721114","38.06291118721114","38.06291118721114","117.31534820223244","117.31534820223244","117.31534820223244"
"284000","253.49555430183014","253.49555430183014","253.49555430183014","30.162614934431605","30.162614934431605","30.162614934431605","176.02979405011945","176.02979405011945","176.02979405011945","105.85364656184507","105.85364656184507","105.85364656184507","138.18329978369647","138.18329978369647","138.18329978369647","131.42517852434554","131.42517852434554","131.42517852434554","113.58875727445236","113.58875727445236","113.58875727445236","220.99138099502633","220.99138099502633","220.99138099502633","177.50486468731566","177.50486468731566","177.50486468731566","61.904511965182074","61.904511965182074","61.904511965182074","165.41993929479457","165.41993929479457","165.41993929479457","175.0062523251797","175.0062523251797","175.0062523251797","162.5403126282509","162.5403126282509","162.5403126282509","112.86482803785835","112.86482803785835","112.86482803785835","43.04641999824757","43.04641999824757","43.04641999824757","164.4273571033811","164.4273571033811","164.4273571033811","239.72266597650642","239.72266597650642","239.72266597650642","27.944806305334204","27.944806305334204","27.944806305334204","37.309890299487485","37.309890299487485","37.309890299487485","174.14813535551576","174.14813535551576","174.14813535551576"
"288000","254.55642228270395","254.55642228270395","254.55642228270395","26.090862710574577","26.090862710574577","26.090862710574577","249.61284075416455","249.61284075416455","249.61284075416455","57.81728481491808","57.81728481491808","57.81728481491808","139.8428390850396","139.8428390850396","139.8428390850396","115.53703043327255","115.53703043327255","115.53703043327255","116.3065631708168","116.3065631708168","116.3065631708168","236.93504969505747","236.93504969505747","236.93504969505747","189.92596155039095","189.92596155039095","189.92596155039095","82.13459658782884","82.13459658782884","82.13459658782884","150.57968539131713","150.57968539131713","150.57968539131713","182.92491742754154","182.92491742754154","182.92491742754154","180.68944709847162","180.68944709847162","180.68944709847162","110.66929818699244","110.66929818699244","110.66929818699244","44.270907890304485","44.270907890304485","44.270907890304485","149.83545109346832","149.83545109346832","149.83545109346832","233.37516046010856","233.37516046010856","233.37516046010856","32.149215308519686","32.149215308519686","32.149215308519686","38.189532310550085","38.189532310550085","38.189532310550085","184.74492715212708","184.74492715212708","184.74492715212708"
"292000","238.99203827019338","238.99203827019338","238.99203827019338","27.6841268930723","27.6841268930723","27.6841268930723","209.6441241902757","209.6441241902757","209.6441241902757","48.95699217110872","48.95699217110872","48.95699217110872","126.70921074743288","126.70921074743288","126.70921074743288","120.05155291954902","120.05155291954902","120.05155291954902","110.49184689259695","110.49184689259695","110.49184689259695","243.36854740414756","243.36854740414756","243.36854740414756","189.00569314071672","189.00569314071672","189.00569314071672","50.15909767916344","50.15909767916344","50.15909767916344","175.76197026974128","175.76197026974128","175.76197026974128","170.1834849760395","170.1834849760395","170.1834849760395","207.6270770445113","207.6270770445113","207.6270770445113","116.00772466599035","116.00772466599035","116.00772466599035","37.82034811276178","37.82034811276178","37.82034811276178","166.5917186566149","166.5917186566149","166.5917186566149","231.68093730548912","231.68093730548912","231.68093730548912","30.476769909850304","30.476769909850304","30.476769909850304","36.095714710608256","36.095714710608256","36.095714710608256","185.70702739681337","185.70702739681337","185.70702739681337"
"296000","241.09606772365632","241.09606772365632","241.09606772365632","28.50324738654077","28.50324738654077","28.50324738654077","225.78081002613234","225.78081002613234","225.78081002613234","44.66019990699006","44.66019990699006","44.66019990699006","146.6535006859763","146.6535006859763","146.6535006859763","129.3127753871408","129.3127753871408","129.3127753871408","117.7938781498267","117.7938781498267","117.7938781498267","243.6376893725856","243.6376893725856","243.6376893725856","202.65816645488385","202.65816645488385","202.65816645488385","46.26939609907875","46.26939609907875","46.26939609907875","122.6306988845095","122.6306988845095","122.6306988845095","267.3294543798456","267.3294543798456","267.3294543798456","208.97047660363023","208.97047660363023","208.97047660363023","133.17217889679117","133.17217889679117","133.17217889679117","66.27235039137386","66.27235039137386","66.27235039137386","164.576301449371","164.576301449371","164.576301449371","247.6691933504269","247.6691933504269","247.6691933504269","87.25269698825652","87.25269698825652","87.25269698825652","36.81396552430726","36.81396552430726","36.81396552430726","173.86901445376856","173.86901445376856","173.86901445376856"
"300000","243.64010931900788","243.64010931900788","243.64010931900788","28.395703881136882","28.395703881136882","28.395703881136882","188.05225593584348","188.05225593584348","188.05225593584348","57.77357969916992","57.77357969916992","57.77357969916992","139.60537813670186","139.60537813670186","139.60537813670186","143.9084252090121","143.9084252090121","143.9084252090121","118.4898216449697","118.4898216449697","118.4898216449697","238.96832031174296","238.96832031174296","238.96832031174296","209.4775315060249","209.4775315060249","209.4775315060249","52.75513177100269","52.75513177100269","52.75513177100269","136.53052376381842","136.53052376381842","136.53052376381842","276.51654421800185","276.51654421800185","276.51654421800185","191.44541730550247","191.44541730550247","191.44541730550247","107.87648322125449","107.87648322125449","107.87648322125449","53.24168894093485","53.24168894093485","53.24168894093485","172.939696434258","172.939696434258","172.939696434258","285.6724305456868","285.6724305456868","285.6724305456868","79.4904504578622","79.4904504578622","79.4904504578622","49.31852125190425","49.31852125190425","49.31852125190425","177.1140290761896","177.1140290761896","177.1140290761896"
"304000","262.651532556948","262.651532556948","262.651532556948","40.468059546308346","40.468059546308346","40.468059546308346","210.86011335455146","210.86011335455146","210.86011335455146","61.41064449039849","61.41064449039849","61.41064449039849","112.87168957054561","112.87168957054561","112.87168957054561","144.71590861041986","144.71590861041986","144.71590861041986","169.0900525623293","169.0900525623293","169.0900525623293","238.56777974309875","238.56777974309875","238.56777974309875","221.48802908525477","221.48802908525477","221.48802908525477","51.16593257253159","51.16593257253159","51.16593257253159","3.6844755130793834","3.6844755130793834","3.6844755130793834","264.62702468595273","264.62702468595273","264.62702468595273","191.09957676544872","191.09957676544872","191.09957676544872","117.10045372947722","117.10045372947722","117.10045372947722","38.1142545509437","38.1142545509437","38.1142545509437","167.87287393811008","167.87287393811008","167.87287393811008","291.42344303377246","291.42344303377246","291.42344303377246","84.2429778130463","84.2429778130463","84.2429778130463","89.07855480902217","89.07855480902217","89.07855480902217","177.35270612205298","177.35270612205298","177.35270612205298"
"308000","254.37827679095517","254.37827679095517","254.37827679095517","40.55672716561442","40.55672716561442","40.55672716561442","225.15878586102275","225.15878586102275","225.15878586102275","77.47397546836581","77.47397546836581","77.47397546836581","121.09425056973005","121.09425056973005","121.09425056973005","134.67603648569425","134.67603648569425","134.67603648569425","201.86944927567745","201.86944927567745","201.86944927567745","213.34415710178618","213.34415710178618","213.34415710178618","221.1904080294151","221.1904080294151","221.1904080294151","54.43206620752427","54.43206620752427","54.43206620752427","3.8259584136958664","3.8259584136958664","3.8259584136958664","260.54898964598476","260.54898964598476","260.54898964598476","131.7456682563581","131.7456682563581","131.7456682563581","129.42318974105632","129.42318974105632","129.42318974105632","14.36513057009428","14.36513057009428","14.36513057009428","160.4353121495618","160.4353121495618","160.4353121495618","248.42301193703832","248.42301193703832","248.42301193703832","41.875898764991","41.875898764991","41.875898764991","107.15101501208122","107.15101501208122","107.15101501208122","174.9985938353337","174.9985938353337","174.9985938353337"
"312000","264.32329834045794","264.32329834045794","264.32329834045794","42.08461702322241","42.08461702322241","42.08461702322241","207.3296001793063","207.3296001793063","207.3296001793063","102.07181585509474","102.07181585509474","102.07181585509474","78.82743611904576","78.82743611904576","78.82743611904576","142.2759841450517","142.2759841450517","142.2759841450517","191.02156227110794","191.02156227110794","191.02156227110794","215.66278448411572","215.66278448411572","215.66278448411572","193.27458145738223","193.27458145738223","193.27458145738223","72.75468710293504","72.75468710293504","72.75468710293504","61.66369611392188","61.66369611392188","61.66369611392188","261.3131933865335","261.3131933865335","261.3131933865335","140.4493655353483","140.4493655353483","140.4493655353483","133.9900463422415","133.9900463422415","133.9900463422415","49.589828004695605","49.589828004695605","49.589828004695605","181.44107276873","181.44107276873","181.44107276873","290.785311878547","290.785311878547","290.785311878547","79.5484345884751","79.5484345884751","79.5484345884751","131.50477467483046","131.50477467483046","131.50477467483046","178.45010623052286","178.45010623052286","178.45010623052286"
"316000","275.4361205032161","275.4361205032161","275.4361205032161","41.97037833348905","41.97037833348905","41.97037833348905","213.13795639412484","213.13795639412484","213.13795639412484","48.08635299278173","48.08635299278173","48.08635299278173","67.02240816453786","67.02240816453786","67.02240816453786","134.14783375519463","134.14783375519463","134.14783375519463","183.1907269465225","183.1907269465225","183.1907269465225","217.95691518913537","217.95691518913537","217.95691518913537","236.32025026488273","236.32025026488273","236.32025026488273","49.79771653115602","49.79771653115602","49.79771653115602","167.93635431811785","167.93635431811785","167.93635431811785","252.0193640378684","252.0193640378684","252.0193640378684","195.88803173246825","195.88803173246825","195.88803173246825","129.67718834378536","129.67718834378536","129.67718834378536","25.476950030967892","25.476950030967892","25.476950030967892","182.0579680862696","182.0579680862696","182.0579680862696","294.79131181028924","294.79131181028924","294.79131181028924","62.373894452408706","62.373894452408706","62.373894452408706","117.99780198740652","117.99780198740652","117.99780198740652","174.74956965630008","174.74956965630008","174.74956965630008"
"320000","286.52699913629823","286.52699913629823","286.52699913629823","57.77816276468078","57.77816276468078","57.77816276468078","210.89633582001275","210.89633582001275","210.89633582001275","56.11409621522241","56.11409621522241","56.11409621522241","92.49799923402654","92.49799923402654","92.49799923402654","144.5174933366568","144.5174933366568","144.5174933366568","173.48879205480648","173.48879205480648","173.48879205480648","224.84107804716905","224.84107804716905","224.84107804716905","191.22658515185213","191.22658515185213","191.22658515185213","48.45384760500697","48.45384760500697","48.45384760500697","184.40259053677173","184.40259053677173","184.40259053677173","270.634930502881","270.634930502881","270.634930502881","107.18674783852563","107.18674783852563","107.18674783852563","129.02891041100855","129.02891041100855","129.02891041100855","40.61058473796513","40.61058473796513","40.61058473796513","165.74800353309936","165.74800353309936","165.74800353309936","290.93509588886667","290.93509588886667","290.93509588886667","52.53054768029857","52.53054768029857","52.53054768029857","123.59421705939042","123.59421705939042","123.59421705939042","177.55486367288682","177.55486367288682","177.55486367288682"
"324000","255.70751815834805","255.70751815834805","255.70751815834805","59.59776809597817","59.59776809597817","59.59776809597817","198.72272107067317","198.72272107067317","198.72272107067317","105.37933822994603","105.37933822994603","105.37933822994603","56.16948542375169","56.16948542375169","56.16948542375169","132.0992695544502","132.0992695544502","132.0992695544502","180.81355890895549","180.81355890895549","180.81355890895549","258.36629981401563","258.36629981401563","258.36629981401563","201.99805812469648","201.99805812469648","201.99805812469648","54.277276622798624","54.277276622798624","54.277276622798624","148.32418337973292","148.32418337973292","148.32418337973292","255.08981101100102","255.08981101100102","255.08981101100102","216.1982562601892","216.1982562601892","216.1982562601892","158.24937244483084","158.24937244483084","158.24937244483084","56.548263680924606","56.548263680924606","56.548263680924606","176.76308389559458","176.76308389559458","176.76308389559458","299.98771581115454","299.98771581115454","299.98771581115454","39.34518836441481","39.34518836441481","39.34518836441481","133.98910884882187","133.98910884882187","133.98910884882187","177.8985459802041","177.8985459802041","177.8985459802041"
"328000","266.7516682148667","266.7516682148667","266.7516682148667","47.92709670193839","47.92709670193839","47.92709670193839","224.17908948588064","224.17908948588064","224.17908948588064","99.52906952919132","99.52906952919132","99.52906952919132","56.79266543070075","56.79266543070075","56.79266543070075","124.12862642527736","124.12862642527736","124.12862642527736","179.81333177665576","179.81333177665576","179.81333177665576","260.04732121897604","260.04732121897604","260.04732121897604","159.0376807902675","159.0376807902675","159.0376807902675","47.633380588968805","47.633380588968805","47.633380588968805","150.9720546736923","150.9720546736923","150.9720546736923","249.86266141645237","249.86266141645237","249.86266141645237","244.42247958181943","244.42247958181943","244.42247958181943","150.97989739062518","150.97989739062518","150.97989739062518","89.22836469305945","89.22836469305945","89.22836469305945","183.02565507270148","183.02565507270148","183.02565507270148","295.76035069609446","295.76035069609446","295.76035069609446","23.360265729178366","23.360265729178366","23.360265729178366","131.4036309836635","131.4036309836635","131.4036309836635","183.62534396609834","183.62534396609834","183.62534396609834"
"332000","263.44223293880134","263.44223293880134","263.44223293880134","46.89736253107563","46.89736253107563","46.89736253107563","217.9762253802593","217.9762253802593","217.9762253802593","66.70552738040332","66.70552738040332","66.70552738040332","132.28571060367247","132.28571060367247","132.28571060367247","126.98615722270738","126.98615722270738","126.98615722270738","188.00049061530746","188.00049061530746","188.00049061530746","269.0023873744939","269.0023873744939","269.0023873744939","132.23023575947863","132.23023575947863","132.23023575947863","46.230797016379185","46.230797016379185","46.230797016379185","152.0069659914182","152.0069659914182","152.0069659914182","253.96060584386686","253.96060584386686","253.96060584386686","182.48611237566342","182.48611237566342","182.48611237566342","157.85886035580046","157.85886035580046","157.85886035580046","97.01191725358285","97.01191725358285","97.01191725358285","98.16262076480443","98.16262076480443","98.16262076480443","302.66724785451305","302.66724785451305","302.66724785451305","40.06718696986248","40.06718696986248","40.06718696986248","136.36006580595105","136.36006580595105","136.36006580595105","184.10234830211988","184.10234830211988","184.10234830211988"
"336000","254.24914154788976","254.24914154788976","254.24914154788976","61.4402626191105","61.4402626191105","61.4402626191105","219.50999954297768","219.50999954297768","219.50999954297768","61.6040816353752","61.6040816353752","61.6040816353752","139.2286925014048","139.2286925014048","139.2286925014048","128.41152770391705","128.41152770391705","128.41152770391705","222.0670467447133","222.0670467447133","222.0670467447133","253.60434531810483","253.60434531810483","253.60434531810483","109.43195100644303","109.43195100644303","109.43195100644303","42.068753803007255","42.068753803007255","42.068753803007255","160.16938673544988","160.16938673544988","160.16938673544988","266.11500090855134","266.11500090855134","266.11500090855134","112.41846421765865","112.41846421765865","112.41846421765865","203.78772117545958","203.78772117545958","203.78772117545958","54.030982346239924","54.030982346239924","54.030982346239924","89.10956313534507","89.10956313534507","89.10956313534507","304.5566417912836","304.5566417912836","304.5566417912836","46.55064903772294","46.55064903772294","46.55064903772294","128.62273547579122","128.62273547579122","128.62273547579122","191.38466128549695","191.38466128549695","191.38466128549695"
"340000","270.15340437227945","270.15340437227945","270.15340437227945","58.207046817789546","58.207046817789546","58.207046817789546","238.99762997147218","238.99762997147218","238.99762997147218","47.769092812689436","47.769092812689436","47.769092812689436","129.78785935223868","129.78785935223868","129.78785935223868","128.7641237401895","128.7641237401895","128.7641237401895","207.89239261630456","207.89239261630456","207.89239261630456","266.73600853241896","266.73600853241896","266.73600853241896","201.10447591074956","201.10447591074956","201.10447591074956","32.602115126103214","32.602115126103214","32.602115126103214","22.684743181048358","22.684743181048358","22.684743181048358","267.3982568211359","267.3982568211359","267.3982568211359","139.49304208985902","139.49304208985902","139.49304208985902","206.82471977494023","206.82471977494023","206.82471977494023","47.56672898839024","47.56672898839024","47.56672898839024","104.89400600474183","104.89400600474183","104.89400600474183","299.98518049163806","299.98518049163806","299.98518049163806","22.50210890023283","22.50210890023283","22.50210890023283","118.58466217630095","118.58466217630095","118.58466217630095","180.39746985728047","180.39746985728047","180.39746985728047"
"344000","256.8866695199397","256.8866695199397","256.8866695199397","48.49342619145129","48.49342619145129","48.49342619145129","234.77233343023076","234.77233343023076","234.77233343023076","58.2936927821565","58.2936927821565","58.2936927821565","122.8878125679951","122.8878125679951","122.8878125679951","146.15768768947908","146.15768768947908","146.15768768947908","194.16911762662465","194.16911762662465","194.16911762662465","271.43205081506096","271.43205081506096","271.43205081506096","212.95272726838328","212.95272726838328","212.95272726838328","14.91322133911793","14.91322133911793","14.91322133911793","54.57603510501497","54.57603510501497","54.57603510501497","289.1971671162535","289.1971671162535","289.1971671162535","88.67632461278664","88.67632461278664","88.67632461278664","200.8660003920648","200.8660003920648","200.8660003920648","87.07284469692452","87.07284469692452","87.07284469692452","110.88091056313837","110.88091056313837","110.88091056313837","270.98184136513635","270.98184136513635","270.98184136513635","49.800587234644624","49.800587234644624","49.800587234644624","118.989528121917","118.989528121917","118.989528121917","189.29089957024408","189.29089957024408","189.29089957024408"
"348000","258.6015052779311","258.6015052779311","258.6015052779311","54.07320237634622","54.07320237634622","54.07320237634622","233.69177620169935","233.69177620169935","233.69177620169935","100.65693388699496","100.65693388699496","100.65693388699496","118.79850467432803","118.79850467432803","118.79850467432803","133.93445729656287","133.93445729656287","133.93445729656287","201.68021853176938","201.68021853176938","201.68021853176938","254.2544480454115","254.2544480454115","254.2544480454115","236.15780908061782","236.15780908061782","236.15780908061782","14.966941097893988","14.966941097893988","14.966941097893988","58.34715304723888","58.34715304723888","58.34715304723888","276.7992937061982","276.7992937061982","276.7992937061982","123.97597622084932","123.97597622084932","123.97597622084932","192.71766390011436","192.71766390011436","192.71766390011436","75.59561893896236","75.59561893896236","75.59561893896236","186.70081385875045","186.70081385875045","186.70081385875045","291.5068616270375","291.5068616270375","291.5068616270375","90.61075591351643","90.61075591351643","90.61075591351643","127.09058914341063","127.09058914341063","127.09058914341063","207.94263179098934","207.94263179098934","207.94263179098934"
"352000","265.4914469520172","265.4914469520172","265.4914469520172","63.81118964315482","63.81118964315482","63.81118964315482","219.66861341142962","219.66861341142962","219.66861341142962","80.41593623058387","80.41593623058387","80.41593623058387","126.2800476394131","126.2800476394131","126.2800476394131","154.17738557639942","154.17738557639942","154.17738557639942","201.77827570519258","201.77827570519258","201.77827570519258","269.35462129695503","269.35462129695503","269.35462129695503","211.98055071148445","211.98055071148445","211.98055071148445","14.893553513316416","14.893553513316416","14.893553513316416","4.258405438997143","4.258405438997143","4.258405438997143","290.6465150290768","290.6465150290768","290.6465150290768","114.6334901447049","114.6334901447049","114.6334901447049","165.33203642706397","165.33203642706397","165.33203642706397","66.37356789189542","66.37356789189542","66.37356789189542","186.32574904189534","186.32574904189534","186.32574904189534","263.125756597639","263.125756597639","263.125756597639","87.08009892071846","87.08009892071846","87.08009892071846","137.78057059100826","137.78057059100826","137.78057059100826","192.494950138305","192.494950138305","192.494950138305"
"356000","278.1810954705103","278.1810954705103","278.1810954705103","53.25708488473109","53.25708488473109","53.25708488473109","263.9931213323057","263.9931213323057","263.9931213323057","122.42558941794842","122.42558941794842","122.42558941794842","138.32217082372077","138.32217082372077","138.32217082372077","147.54620980308025","147.54620980308025","147.54620980308025","201.53483201700223","201.53483201700223","201.53483201700223","285.3695558407518","285.3695558407518","285.3695558407518","146.04825322932967","146.04825322932967","146.04825322932967","11.702846231455926","11.702846231455926","11.702846231455926","159.93356592118894","159.93356592118894","159.93356592118894","277.78725666778394","277.78725666778394","277.78725666778394","139.02228750183207","139.02228750183207","139.02228750183207","185.32366243224735","185.32366243224735","185.32366243224735","61.255312882650024","61.255312882650024","61.255312882650024","190.73883582829544","190.73883582829544","190.73883582829544","288.729598602648","288.729598602648","288.729598602648","94.43835892442742","94.43835892442742","94.43835892442742","144.0277705901622","144.0277705901622","144.0277705901622","211.410316414319","211.410316414319","211.410316414319"
"360000","272.2100187961351","272.2100187961351","272.2100187961351","51.449389660356154","51.449389660356154","51.449389660356154","233.68356339190032","233.68356339190032","233.68356339190032","105.80032511318231","105.80032511318231","105.80032511318231","134.2690794916017","134.2690794916017","134.2690794916017","127.66785423865868","127.66785423865868","127.66785423865868","207.09596480509543","207.09596480509543","207.09596480509543","267.77792691853864","267.77792691853864","267.77792691853864","153.61554862932505","153.61554862932505","153.61554862932505","11.972874003738147","11.972874003738147","11.972874003738147","24.21052977698961","24.21052977698961","24.21052977698961","236.16468265511125","236.16468265511125","236.16468265511125","147.90365212473677","147.90365212473677","147.90365212473677","190.3140871548177","190.3140871548177","190.3140871548177","111.77100767799068","111.77100767799068","111.77100767799068","187.5362893354664","187.5362893354664","187.5362893354664","289.07295455129645","289.07295455129645","289.07295455129645","76.06649253952658","76.06649253952658","76.06649253952658","126.3120648469204","126.3120648469204","126.3120648469204","194.53906445040442","194.53906445040442","194.53906445040442"
"364000","232.6264280079153","232.6264280079153","232.6264280079153","54.51188908852511","54.51188908852511","54.51188908852511","243.89307794317511","243.89307794317511","243.89307794317511","115.0344777632658","115.0344777632658","115.0344777632658","160.44509109477906","160.44509109477906","160.44509109477906","143.27713555017806","143.27713555017806","143.27713555017806","212.86672309841788","212.86672309841788","212.86672309841788","274.10397957686774","274.10397957686774","274.10397957686774","169.6320841101205","169.6320841101205","169.6320841101205","12.24096683981084","12.24096683981084","12.24096683981084","3.7512948285687857","3.7512948285687857","3.7512948285687857","153.68636418414252","153.68636418414252","153.68636418414252","137.1739590557253","137.1739590557253","137.1739590557253","191.8889558627523","191.8889558627523","191.8889558627523","69.29770760089352","69.29770760089352","69.29770760089352","156.71880979220242","156.71880979220242","156.71880979220242","307.9073287599309","307.9073287599309","307.9073287599309","13.619598872803811","13.619598872803811","13.619598872803811","131.78719173047182","131.78719173047182","131.78719173047182","232.7151573903463","232.7151573903463","232.7151573903463"
"368000","257.8844237183504","257.8844237183504","257.8844237183504","40.0172020800458","40.0172020800458","40.0172020800458","248.98645937439233","248.98645937439233","248.98645937439233","109.93405812757194","109.93405812757194","109.93405812757194","147.7292654825793","147.7292654825793","147.7292654825793","135.63985524504278","135.63985524504278","135.63985524504278","177.93032211976134","177.93032211976134","177.93032211976134","250.23829303688893","250.23829303688893","250.23829303688893","148.3677015651228","148.3677015651228","148.3677015651228","11.987080984997833","11.987080984997833","11.987080984997833","3.3250762808783163","3.3250762808783163","3.3250762808783163","178.47547113399634","178.47547113399634","178.47547113399634","140.1147880429469","140.1147880429469","140.1147880429469","191.4963842485857","191.4963842485857","191.4963842485857","31.619775819122662","31.619775819122662","31.619775819122662","160.44712485554675","160.44712485554675","160.44712485554675","258.6951733667282","258.6951733667282","258.6951733667282","74.42704373125187","74.42704373125187","74.42704373125187","121.91944552831822","121.91944552831822","121.91944552831822","211.00967593081708","211.00967593081708","211.00967593081708"
"372000","265.83676353597724","265.83676353597724","265.83676353597724","42.50239775207823","42.50239775207823","42.50239775207823","230.4402653889071","230.4402653889071","230.4402653889071","102.85544547831145","102.85544547831145","102.85544547831145","141.7420564886086","141.7420564886086","141.7420564886086","137.09346932433144","137.09346932433144","137.09346932433144","199.00385335148138","199.00385335148138","199.00385335148138","229.42919753208065","229.42919753208065","229.42919753208065","151.89321749351808","151.89321749351808","151.89321749351808","12.055435030692198","12.055435030692198","12.055435030692198","2.673428425659025","2.673428425659025","2.673428425659025","290.4725635157396","290.4725635157396","290.4725635157396","148.49114159125867","148.49114159125867","148.49114159125867","151.15209520561146","151.15209520561146","151.15209520561146","80.28053091429904","80.28053091429904","80.28053091429904","161.8060974610113","161.8060974610113","161.8060974610113","258.92212986911653","258.92212986911653","258.92212986911653","44.61382750521159","44.61382750521159","44.61382750521159","133.57907425635142","133.57907425635142","133.57907425635142","193.9564473500091","193.9564473500091","193.9564473500091"
"376000","272.9311210534556","272.9311210534556","272.9311210534556","42.0721917140234","42.0721917140234","42.0721917140234","223.43167533741956","223.43167533741956","223.43167533741956","92.45462730592074","92.45462730592074","92.45462730592074","143.60038513000814","143.60038513000814","143.60038513000814","139.3642407754889","139.3642407754889","139.3642407754889","212.93050458093222","212.93050458093222","212.93050458093222","242.9075702908223","242.9075702908223","242.9075702908223","173.84260600057283","173.84260600057283","173.84260600057283","16.049701715967547","16.049701715967547","16.049701715967547","0.9543186795994749","0.9543186795994749","0.9543186795994749","266.3870760919454","266.3870760919454","266.3870760919454","168.4394547665273","168.4394547665273","168.4394547665273","155.46795340254306","155.46795340254306","155.46795340254306","105.4634021285103","105.4634021285103","105.4634021285103","181.34587335591624","181.34587335591624","181.34587335591624","258.49160594730233","258.49160594730233","258.49160594730233","42.61166813470398","42.61166813470398","42.61166813470398","136.59727172982633","136.59727172982633","136.59727172982633","224.99760893749325","224.99760893749325","224.99760893749325"
"380000","272.1134089371827","272.1134089371827","272.1134089371827","42.00847643363781","42.00847643363781","42.00847643363781","246.4730268828552","246.4730268828552","246.4730268828552","96.52846863027145","96.52846863027145","96.52846863027145","147.19815911383026","147.19815911383026","147.19815911383026","150.48477150784845","150.48477150784845","150.48477150784845","199.9302684384301","199.9302684384301","199.9302684384301","256.87480214265975","256.87480214265975","256.87480214265975","123.15924794743259","123.15924794743259","123.15924794743259","22.848473652382623","22.848473652382623","22.848473652382623","0.9572506948949047","0.9572506948949047","0.9572506948949047","233.54486401206714","233.54486401206714","233.54486401206714","171.7086640338468","171.7086640338468","171.7086640338468","189.0032198646889","189.0032198646889","189.0032198646889","122.97455887091841","122.97455887091841","122.97455887091841","168.3672617820935","168.3672617820935","168.3672617820935","256.56867077976955","256.56867077976955","256.56867077976955","49.62499263977669","49.62499263977669","49.62499263977669","126.59085060851552","126.59085060851552","126.59085060851552","223.74405334115272","223.74405334115272","223.74405334115272"
"384000","265.45413546085786","265.45413546085786","265.45413546085786","24.401111018818757","24.401111018818757","24.401111018818757","243.86749357210766","243.86749357210766","243.86749357210766","100.89066182758424","100.89066182758424","100.89066182758424","146.2078030109632","146.2078030109632","146.2078030109632","146.14250280341867","146.14250280341867","146.14250280341867","207.1227147889953","207.1227147889953","207.1227147889953","230.61639063080497","230.61639063080497","230.61639063080497","144.02067297025798","144.02067297025798","144.02067297025798","12.491040745183353","12.491040745183353","12.491040745183353","2.138980367863624","2.138980367863624","2.138980367863624","179.7575941925023","179.7575941925023","179.7575941925023","168.5138799013273","168.5138799013273","168.5138799013273","191.18949143808877","191.18949143808877","191.18949143808877","131.55616966344894","131.55616966344894","131.55616966344894","172.78651675698842","172.78651675698842","172.78651675698842","295.212620453426","295.212620453426","295.212620453426","67.14852345606157","67.14852345606157","67.14852345606157","127.05174359785454","127.05174359785454","127.05174359785454","218.0471127171993","218.0471127171993","218.0471127171993"
"388000","275.87769269257626","275.87769269257626","275.87769269257626","23.765818304775443","23.765818304775443","23.765818304775443","217.75378096185378","217.75378096185378","217.75378096185378","105.81996601432263","105.81996601432263","105.81996601432263","151.49044020402957","151.49044020402957","151.49044020402957","115.69961033126621","115.69961033126621","115.69961033126621","196.5615973826325","196.5615973826325","196.5615973826325","247.4575877461344","247.4575877461344","247.4575877461344","152.29205261916124","152.29205261916124","152.29205261916124","11.321708184292278","11.321708184292278","11.321708184292278","2.1071396730358782","2.1071396730358782","2.1071396730358782","274.98005029130974","274.98005029130974","274.98005029130974","156.73274080051567","156.73274080051567","156.73274080051567","197.56371535383215","197.56371535383215","197.56371535383215","144.00264028466796","144.00264028466796","144.00264028466796","173.4664680954778","173.4664680954778","173.4664680954778","305.3972872473749","305.3972872473749","305.3972872473749","93.27923232921705","93.27923232921705","93.27923232921705","122.30193314544594","122.30193314544594","122.30193314544594","198.22269359534926","198.22269359534926","198.22269359534926"
"392000","278.50150589381815","278.50150589381815","278.50150589381815","31.54570945756759","31.54570945756759","31.54570945756759","246.71551558034116","246.71551558034116","246.71551558034116","106.05906671754342","106.05906671754342","106.05906671754342","122.75814682730154","122.75814682730154","122.75814682730154","117.53444962841016","117.53444962841016","117.53444962841016","177.2987024084929","177.2987024084929","177.2987024084929","230.0522045630204","230.0522045630204","230.0522045630204","190.31338430120792","190.31338430120792","190.31338430120792","11.430178046094587","11.430178046094587","11.430178046094587","2.129452222526296","2.129452222526296","2.129452222526296","217.1838739478785","217.1838739478785","217.1838739478785","164.58704288044828","164.58704288044828","164.58704288044828","210.03053148117698","210.03053148117698","210.03053148117698","104.15396981983706","104.15396981983706","104.15396981983706","153.6975520663961","153.6975520663961","153.6975520663961","302.1502684304565","302.1502684304565","302.1502684304565","96.35251779890012","96.35251779890012","96.35251779890012","129.11962890191924","129.11962890191924","129.11962890191924","180.31807535032465","180.31807535032465","180.31807535032465"
"396000","273.7637629373584","273.7637629373584","273.7637629373584","31.327635404104633","31.327635404104633","31.327635404104633","140.09222378280606","140.09222378280606","140.09222378280606","124.12605984569396","124.12605984569396","124.12605984569396","93.17897043523249","93.17897043523249","93.17897043523249","140.0506749508333","140.0506749508333","140.0506749508333","194.3443567584763","194.3443567584763","194.3443567584763","251.21660173945966","251.21660173945966","251.21660173945966","190.74415396005548","190.74415396005548","190.74415396005548","12.159678278058834","12.159678278058834","12.159678278058834","217.94474696527064","217.94474696527064","217.94474696527064","265.53052586343705","265.53052586343705","265.53052586343705","147.6448930761025","147.6448930761025","147.6448930761025","207.84525137578126","207.84525137578126","207.84525137578126","167.11438854050084","167.11438854050084","167.11438854050084","163.63000359067988","163.63000359067988","163.63000359067988","294.84561208476725","294.84561208476725","294.84561208476725","99.20974349167805","99.20974349167805","99.20974349167805","134.0636105935996","134.0636105935996","134.0636105935996","202.40686066856176","202.40686066856176","202.40686066856176"
"400000","275.6085363247579","275.6085363247579","275.6085363247579","38.9573550896614","38.9573550896614","38.9573550896614","190.1334175735435","190.1334175735435","190.1334175735435","101.79964810628067","101.79964810628067","101.79964810628067","159.9764700744149","159.9764700744149","159.9764700744149","136.74998354043737","136.74998354043737","136.74998354043737","191.27363349731291","191.27363349731291","191.27363349731291","254.51223273984542","254.51223273984542","254.51223273984542","188.11082046737752","188.11082046737752","188.11082046737752","12.701819618189427","12.701819618189427","12.701819618189427","272.9756285057609","272.9756285057609","272.9756285057609","270.9482729486884","270.9482729486884","270.9482729486884","146.7629087337975","146.7629087337975","146.7629087337975","169.53553112986003","169.53553112986003","169.53553112986003","99.72923612721334","99.72923612721334","99.72923612721334","172.4133188549257","172.4133188549257","172.4133188549257","263.9791438492458","263.9791438492458","263.9791438492458","95.84307482834029","95.84307482834029","95.84307482834029","151.52437099688268","151.52437099688268","151.52437099688268","161.0358974889652","161.0358974889652","161.0358974889652"