"Step","DDPG_EQL_PointMaze_Medium_Diverse_GRDense-v3_9 - eval/avg_reward","DDPG_EQL_PointMaze_Medium_Diverse_GRDense-v3_9 - eval/avg_reward__MIN","DDPG_EQL_PointMaze_Medium_Diverse_GRDense-v3_9 - eval/avg_reward__MAX","DDPG_EQL_PointMaze_Medium_Diverse_GRDense-v3_8 - eval/avg_reward","DDPG_EQL_PointMaze_Medium_Diverse_GRDense-v3_8 - eval/avg_reward__MIN","DDPG_EQL_PointMaze_Medium_Diverse_GRDense-v3_8 - eval/avg_reward__MAX","DDPG_EQL_PointMaze_Medium_Diverse_GRDense-v3_7 - eval/avg_reward","DDPG_EQL_PointMaze_Medium_Diverse_GRDense-v3_7 - eval/avg_reward__MIN","DDPG_EQL_PointMaze_Medium_Diverse_GRDense-v3_7 - eval/avg_reward__MAX","DDPG_EQL_PointMaze_Medium_Diverse_GRDense-v3_6 - eval/avg_reward","DDPG_EQL_PointMaze_Medium_Diverse_GRDense-v3_6 - eval/avg_reward__MIN","DDPG_EQL_PointMaze_Medium_Diverse_GRDense-v3_6 - eval/avg_reward__MAX","DDPG_EQL_PointMaze_Medium_Diverse_GRDense-v3_5 - eval/avg_reward","DDPG_EQL_PointMaze_Medium_Diverse_GRDense-v3_5 - eval/avg_reward__MIN","DDPG_EQL_PointMaze_Medium_Diverse_GRDense-v3_5 - eval/avg_reward__MAX","DDPG_EQL_PointMaze_Medium_Diverse_GRDense-v3_4 - eval/avg_reward","DDPG_EQL_PointMaze_Medium_Diverse_GRDense-v3_4 - eval/avg_reward__MIN","DDPG_EQL_PointMaze_Medium_Diverse_GRDense-v3_4 - eval/avg_reward__MAX","DDPG_EQL_PointMaze_Medium_Diverse_GRDense-v3_3 - eval/avg_reward","DDPG_EQL_PointMaze_Medium_Diverse_GRDense-v3_3 - eval/avg_reward__MIN","DDPG_EQL_PointMaze_Medium_Diverse_GRDense-v3_3 - eval/avg_reward__MAX","DDPG_EQL_PointMaze_Medium_Diverse_GRDense-v3_2 - eval/avg_reward","DDPG_EQL_PointMaze_Medium_Diverse_GRDense-v3_2 - eval/avg_reward__MIN","DDPG_EQL_PointMaze_Medium_Diverse_GRDense-v3_2 - eval/avg_reward__MAX","DDPG_EQL_PointMaze_Medium_Diverse_GRDense-v3_19 - eval/avg_reward","DDPG_EQL_PointMaze_Medium_Diverse_GRDense-v3_19 - eval/avg_reward__MIN","DDPG_EQL_PointMaze_Medium_Diverse_GRDense-v3_19 - eval/avg_reward__MAX","DDPG_EQL_PointMaze_Medium_Diverse_GRDense-v3_18 - eval/avg_reward","DDPG_EQL_PointMaze_Medium_Diverse_GRDense-v3_18 - eval/avg_reward__MIN","DDPG_EQL_PointMaze_Medium_Diverse_GRDense-v3_18 - eval/avg_reward__MAX","DDPG_EQL_PointMaze_Medium_Diverse_GRDense-v3_17 - eval/avg_reward","DDPG_EQL_PointMaze_Medium_Diverse_GRDense-v3_17 - eval/avg_reward__MIN","DDPG_EQL_PointMaze_Medium_Diverse_GRDense-v3_17 - eval/avg_reward__MAX","DDPG_EQL_PointMaze_Medium_Diverse_GRDense-v3_16 - eval/avg_reward","DDPG_EQL_PointMaze_Medium_Diverse_GRDense-v3_16 - eval/avg_reward__MIN","DDPG_EQL_PointMaze_Medium_Diverse_GRDense-v3_16 - eval/avg_reward__MAX","DDPG_EQL_PointMaze_Medium_Diverse_GRDense-v3_15 - eval/avg_reward","DDPG_EQL_PointMaze_Medium_Diverse_GRDense-v3_15 - eval/avg_reward__MIN","DDPG_EQL_PointMaze_Medium_Diverse_GRDense-v3_15 - eval/avg_reward__MAX","DDPG_EQL_PointMaze_Medium_Diverse_GRDense-v3_14 - eval/avg_reward","DDPG_EQL_PointMaze_Medium_Diverse_GRDense-v3_14 - eval/avg_reward__MIN","DDPG_EQL_PointMaze_Medium_Diverse_GRDense-v3_14 - eval/avg_reward__MAX","DDPG_EQL_PointMaze_Medium_Diverse_GRDense-v3_13 - eval/avg_reward","DDPG_EQL_PointMaze_Medium_Diverse_GRDense-v3_13 - eval/avg_reward__MIN","DDPG_EQL_PointMaze_Medium_Diverse_GRDense-v3_13 - eval/avg_reward__MAX","DDPG_EQL_PointMaze_Medium_Diverse_GRDense-v3_12 - eval/avg_reward","DDPG_EQL_PointMaze_Medium_Diverse_GRDense-v3_12 - eval/avg_reward__MIN","DDPG_EQL_PointMaze_Medium_Diverse_GRDense-v3_12 - eval/avg_reward__MAX","DDPG_EQL_PointMaze_Medium_Diverse_GRDense-v3_11 - eval/avg_reward","DDPG_EQL_PointMaze_Medium_Diverse_GRDense-v3_11 - eval/avg_reward__MIN","DDPG_EQL_PointMaze_Medium_Diverse_GRDense-v3_11 - eval/avg_reward__MAX","DDPG_EQL_PointMaze_Medium_Diverse_GRDense-v3_10 - eval/avg_reward","DDPG_EQL_PointMaze_Medium_Diverse_GRDense-v3_10 - eval/avg_reward__MIN","DDPG_EQL_PointMaze_Medium_Diverse_GRDense-v3_10 - eval/avg_reward__MAX","DDPG_EQL_PointMaze_Medium_Diverse_GRDense-v3_1 - eval/avg_reward","DDPG_EQL_PointMaze_Medium_Diverse_GRDense-v3_1 - eval/avg_reward__MIN","DDPG_EQL_PointMaze_Medium_Diverse_GRDense-v3_1 - eval/avg_reward__MAX","DDPG_EQL_PointMaze_Medium_Diverse_GRDense-v3_0 - eval/avg_reward","DDPG_EQL_PointMaze_Medium_Diverse_GRDense-v3_0 - eval/avg_reward__MIN","DDPG_EQL_PointMaze_Medium_Diverse_GRDense-v3_0 - eval/avg_reward__MAX"
"0","16.80951473146576","16.80951473146576","16.80951473146576","13.788447224985044","13.788447224985044","13.788447224985044","42.299381200309384","42.299381200309384","42.299381200309384","4.53764197294319","4.53764197294319","4.53764197294319","2.7113472675460186","2.7113472675460186","2.7113472675460186","13.96168542746552","13.96168542746552","13.96168542746552","6.525772680379954","6.525772680379954","6.525772680379954","4.723462580267801","4.723462580267801","4.723462580267801","12.649025796756186","12.649025796756186","12.649025796756186","22.142586886258325","22.142586886258325","22.142586886258325","5.618534182130749","5.618534182130749","5.618534182130749","28.935697458099174","28.935697458099174","28.935697458099174","15.015048724020795","15.015048724020795","15.015048724020795","17.18041673084686","17.18041673084686","17.18041673084686","8.42488460452272","8.42488460452272","8.42488460452272","2.693117183700034","2.693117183700034","2.693117183700034","7.876533768625142","7.876533768625142","7.876533768625142","36.27183051738649","36.27183051738649","36.27183051738649","4.327886977974736","4.327886977974736","4.327886977974736","2.95754412605061","2.95754412605061","2.95754412605061"
"4000","38.45422614617807","38.45422614617807","38.45422614617807","9.184583588426893","9.184583588426893","9.184583588426893","8.271645001852244","8.271645001852244","8.271645001852244","25.36942816994346","25.36942816994346","25.36942816994346","5.29051810341972","5.29051810341972","5.29051810341972","26.00695106405833","26.00695106405833","26.00695106405833","16.179053504535624","16.179053504535624","16.179053504535624","12.218239002218814","12.218239002218814","12.218239002218814","7.512715324844177","7.512715324844177","7.512715324844177","18.78633114745657","18.78633114745657","18.78633114745657","1.3787218915091457","1.3787218915091457","1.3787218915091457","4.018207341794595","4.018207341794595","4.018207341794595","18.74662934796627","18.74662934796627","18.74662934796627","9.398660224930985","9.398660224930985","9.398660224930985","24.843699201371013","24.843699201371013","24.843699201371013","10.827420296533216","10.827420296533216","10.827420296533216","6.396353597950744","6.396353597950744","6.396353597950744","55.11059359597276","55.11059359597276","55.11059359597276","30.814744660994336","30.814744660994336","30.814744660994336","8.25393334832793","8.25393334832793","8.25393334832793"
"8000","12.236581600870087","12.236581600870087","12.236581600870087","8.882831398496158","8.882831398496158","8.882831398496158","7.650463711889273","7.650463711889273","7.650463711889273","9.555048594264077","9.555048594264077","9.555048594264077","6.77267357653721","6.77267357653721","6.77267357653721","5.3274557616715095","5.3274557616715095","5.3274557616715095","17.30953339930123","17.30953339930123","17.30953339930123","31.023930913857292","31.023930913857292","31.023930913857292","24.496086137710872","24.496086137710872","24.496086137710872","21.17611590471618","21.17611590471618","21.17611590471618","1.2752944381220346","1.2752944381220346","1.2752944381220346","3.295773855242485","3.295773855242485","3.295773855242485","23.318666653694702","23.318666653694702","23.318666653694702","5.606546962589663","5.606546962589663","5.606546962589663","79.33099347782198","79.33099347782198","79.33099347782198","5.291942772292458","5.291942772292458","5.291942772292458","5.759101313055884","5.759101313055884","5.759101313055884","47.828819777878856","47.828819777878856","47.828819777878856","42.078915745829036","42.078915745829036","42.078915745829036","32.62623658652906","32.62623658652906","32.62623658652906"
"12000","4.745155968490716","4.745155968490716","4.745155968490716","8.657051757156587","8.657051757156587","8.657051757156587","3.67815888590969","3.67815888590969","3.67815888590969","4.837282212822531","4.837282212822531","4.837282212822531","6.7627027747889965","6.7627027747889965","6.7627027747889965","32.90240249242981","32.90240249242981","32.90240249242981","39.20596441708061","39.20596441708061","39.20596441708061","29.2096378451973","29.2096378451973","29.2096378451973","19.571968512169306","19.571968512169306","19.571968512169306","24.220925455218634","24.220925455218634","24.220925455218634","1.4040705763230605","1.4040705763230605","1.4040705763230605","7.873090904874751","7.873090904874751","7.873090904874751","34.17897578611987","34.17897578611987","34.17897578611987","5.082750400463817","5.082750400463817","5.082750400463817","43.9267021056403","43.9267021056403","43.9267021056403","14.849252672145084","14.849252672145084","14.849252672145084","21.271853655534336","21.271853655534336","21.271853655534336","28.61138426724484","28.61138426724484","28.61138426724484","61.99909987341215","61.99909987341215","61.99909987341215","15.392884909275221","15.392884909275221","15.392884909275221"
"16000","4.736251788908715","4.736251788908715","4.736251788908715","26.147742728813558","26.147742728813558","26.147742728813558","9.604669729614221","9.604669729614221","9.604669729614221","4.756121130832278","4.756121130832278","4.756121130832278","6.7726870600894475","6.7726870600894475","6.7726870600894475","39.262454135302235","39.262454135302235","39.262454135302235","18.911921494046634","18.911921494046634","18.911921494046634","8.467035507018988","8.467035507018988","8.467035507018988","30.2955896761043","30.2955896761043","30.2955896761043","24.2526365490142","24.2526365490142","24.2526365490142","1.2432989060249802","1.2432989060249802","1.2432989060249802","7.301446851766625","7.301446851766625","7.301446851766625","41.873309776650935","41.873309776650935","41.873309776650935","14.80003627170539","14.80003627170539","14.80003627170539","15.385326126209682","15.385326126209682","15.385326126209682","17.056907285886652","17.056907285886652","17.056907285886652","14.582388692584933","14.582388692584933","14.582388692584933","39.186817607780334","39.186817607780334","39.186817607780334","68.70157367644401","68.70157367644401","68.70157367644401","25.835245669569325","25.835245669569325","25.835245669569325"
"20000","4.746740018860573","4.746740018860573","4.746740018860573","26.420915981194803","26.420915981194803","26.420915981194803","4.278766107480131","4.278766107480131","4.278766107480131","5.585496765709488","5.585496765709488","5.585496765709488","55.189637819570045","55.189637819570045","55.189637819570045","34.805268190002565","34.805268190002565","34.805268190002565","32.83546709055014","32.83546709055014","32.83546709055014","37.292682170972185","37.292682170972185","37.292682170972185","28.403183331839642","28.403183331839642","28.403183331839642","39.64662179107202","39.64662179107202","39.64662179107202","1.02048107001287","1.02048107001287","1.02048107001287","23.06434041113406","23.06434041113406","23.06434041113406","43.296861382136775","43.296861382136775","43.296861382136775","19.416202765799156","19.416202765799156","19.416202765799156","49.780296578102806","49.780296578102806","49.780296578102806","35.30731580249242","35.30731580249242","35.30731580249242","27.695940267928773","27.695940267928773","27.695940267928773","52.68328550610399","52.68328550610399","52.68328550610399","66.91369051766412","66.91369051766412","66.91369051766412","43.608342233744146","43.608342233744146","43.608342233744146"
"24000","4.6784476714177705","4.6784476714177705","4.6784476714177705","24.116558678023814","24.116558678023814","24.116558678023814","5.077485772011767","5.077485772011767","5.077485772011767","5.58539527933309","5.58539527933309","5.58539527933309","56.485904170509386","56.485904170509386","56.485904170509386","16.67396642082974","16.67396642082974","16.67396642082974","23.516390494827252","23.516390494827252","23.516390494827252","29.97053208759554","29.97053208759554","29.97053208759554","40.52584698581164","40.52584698581164","40.52584698581164","37.038619487046915","37.038619487046915","37.038619487046915","1.0271980972645929","1.0271980972645929","1.0271980972645929","31.46040141226934","31.46040141226934","31.46040141226934","62.49390529475888","62.49390529475888","62.49390529475888","20.16910688077842","20.16910688077842","20.16910688077842","54.674437607049846","54.674437607049846","54.674437607049846","26.36619432283544","26.36619432283544","26.36619432283544","31.401078302755934","31.401078302755934","31.401078302755934","50.35079132973167","50.35079132973167","50.35079132973167","67.2576945322738","67.2576945322738","67.2576945322738","54.879712629934204","54.879712629934204","54.879712629934204"
"28000","5.427497652441497","5.427497652441497","5.427497652441497","24.149661278770534","24.149661278770534","24.149661278770534","58.915940729530305","58.915940729530305","58.915940729530305","5.586850577627663","5.586850577627663","5.586850577627663","55.49177915867479","55.49177915867479","55.49177915867479","41.85092064070825","41.85092064070825","41.85092064070825","33.19581549518252","33.19581549518252","33.19581549518252","53.89041430666045","53.89041430666045","53.89041430666045","39.51405464272584","39.51405464272584","39.51405464272584","43.71098724776142","43.71098724776142","43.71098724776142","1.035952066684581","1.035952066684581","1.035952066684581","33.41349220113906","33.41349220113906","33.41349220113906","28.237095694978535","28.237095694978535","28.237095694978535","20.944200210680037","20.944200210680037","20.944200210680037","59.249767717454986","59.249767717454986","59.249767717454986","25.38209684946958","25.38209684946958","25.38209684946958","31.14455593014215","31.14455593014215","31.14455593014215","53.140048747654625","53.140048747654625","53.140048747654625","69.32661307880848","69.32661307880848","69.32661307880848","53.030879929913226","53.030879929913226","53.030879929913226"
"32000","6.422992617617242","6.422992617617242","6.422992617617242","28.47011318054024","28.47011318054024","28.47011318054024","36.69250830807729","36.69250830807729","36.69250830807729","5.376781188689137","5.376781188689137","5.376781188689137","53.77425656804252","53.77425656804252","53.77425656804252","22.6266672394271","22.6266672394271","22.6266672394271","41.248229171477156","41.248229171477156","41.248229171477156","46.34081302070992","46.34081302070992","46.34081302070992","46.73171561129089","46.73171561129089","46.73171561129089","48.11831532670379","48.11831532670379","48.11831532670379","1.0594223683105164","1.0594223683105164","1.0594223683105164","33.33622940548821","33.33622940548821","33.33622940548821","31.74797324916535","31.74797324916535","31.74797324916535","47.72058797336669","47.72058797336669","47.72058797336669","57.65491905113564","57.65491905113564","57.65491905113564","25.73694323715663","25.73694323715663","25.73694323715663","32.55668052514982","32.55668052514982","32.55668052514982","54.73795217148114","54.73795217148114","54.73795217148114","68.09042152680487","68.09042152680487","68.09042152680487","53.263542350806084","53.263542350806084","53.263542350806084"
"36000","22.824952344217454","22.824952344217454","22.824952344217454","24.219950836287833","24.219950836287833","24.219950836287833","7.031385070849284","7.031385070849284","7.031385070849284","4.9414651623156995","4.9414651623156995","4.9414651623156995","57.98275058196663","57.98275058196663","57.98275058196663","20.900464335574682","20.900464335574682","20.900464335574682","43.178988870564716","43.178988870564716","43.178988870564716","45.8657646465383","45.8657646465383","45.8657646465383","48.57207865071298","48.57207865071298","48.57207865071298","42.87848261671273","42.87848261671273","42.87848261671273","1.0424501925210425","1.0424501925210425","1.0424501925210425","31.868060121767417","31.868060121767417","31.868060121767417","68.628592058916","68.628592058916","68.628592058916","56.32071942452702","56.32071942452702","56.32071942452702","80.61033598956325","80.61033598956325","80.61033598956325","25.904235549252622","25.904235549252622","25.904235549252622","31.236053203027403","31.236053203027403","31.236053203027403","57.16637512579143","57.16637512579143","57.16637512579143","68.4131871831387","68.4131871831387","68.4131871831387","62.36607356409034","62.36607356409034","62.36607356409034"
"40000","20.667007792201037","20.667007792201037","20.667007792201037","24.916152190670065","24.916152190670065","24.916152190670065","7.189794816635796","7.189794816635796","7.189794816635796","4.919796070799593","4.919796070799593","4.919796070799593","63.98928227584556","63.98928227584556","63.98928227584556","21.151885158931783","21.151885158931783","21.151885158931783","46.30344675493998","46.30344675493998","46.30344675493998","37.53348938255603","37.53348938255603","37.53348938255603","80.92459609928264","80.92459609928264","80.92459609928264","43.93675186213047","43.93675186213047","43.93675186213047","1.0484613077282687","1.0484613077282687","1.0484613077282687","28.017675065704765","28.017675065704765","28.017675065704765","56.82051633067546","56.82051633067546","56.82051633067546","55.90642113154081","55.90642113154081","55.90642113154081","83.84659408616983","83.84659408616983","83.84659408616983","60.09506937864874","60.09506937864874","60.09506937864874","31.744840482839596","31.744840482839596","31.744840482839596","73.893026203057","73.893026203057","73.893026203057","68.60682388727031","68.60682388727031","68.60682388727031","56.48408135975319","56.48408135975319","56.48408135975319"
"44000","52.567867360459125","52.567867360459125","52.567867360459125","25.34657605905273","25.34657605905273","25.34657605905273","8.935508033311217","8.935508033311217","8.935508033311217","4.941846540819453","4.941846540819453","4.941846540819453","56.12772374225983","56.12772374225983","56.12772374225983","21.685542625121162","21.685542625121162","21.685542625121162","47.52396896355993","47.52396896355993","47.52396896355993","61.940325941918616","61.940325941918616","61.940325941918616","62.37137578070038","62.37137578070038","62.37137578070038","62.10286326820476","62.10286326820476","62.10286326820476","1.0816858615683542","1.0816858615683542","1.0816858615683542","39.72308603650831","39.72308603650831","39.72308603650831","56.25150190283667","56.25150190283667","56.25150190283667","68.04160730229736","68.04160730229736","68.04160730229736","84.2351617156533","84.2351617156533","84.2351617156533","26.10311319675116","26.10311319675116","26.10311319675116","32.588802210389176","32.588802210389176","32.588802210389176","49.208118225346176","49.208118225346176","49.208118225346176","67.90965881319839","67.90965881319839","67.90965881319839","64.56633022548426","64.56633022548426","64.56633022548426"
"48000","56.91131716756221","56.91131716756221","56.91131716756221","24.185960003412205","24.185960003412205","24.185960003412205","10.185600443871655","10.185600443871655","10.185600443871655","11.81771883296698","11.81771883296698","11.81771883296698","61.62235997056755","61.62235997056755","61.62235997056755","52.31550873194759","52.31550873194759","52.31550873194759","47.33476572201255","47.33476572201255","47.33476572201255","82.6622912025759","82.6622912025759","82.6622912025759","65.50410139576682","65.50410139576682","65.50410139576682","66.39600909135142","66.39600909135142","66.39600909135142","1.181399930525684","1.181399930525684","1.181399930525684","24.989664105208785","24.989664105208785","24.989664105208785","52.140210633692924","52.140210633692924","52.140210633692924","64.4942581992398","64.4942581992398","64.4942581992398","86.57273931054571","86.57273931054571","86.57273931054571","40.318611052419456","40.318611052419456","40.318611052419456","32.485729012374705","32.485729012374705","32.485729012374705","51.581850577443205","51.581850577443205","51.581850577443205","68.43765500333788","68.43765500333788","68.43765500333788","58.43029872890003","58.43029872890003","58.43029872890003"
"52000","75.96339227063666","75.96339227063666","75.96339227063666","25.286698983385843","25.286698983385843","25.286698983385843","13.105923977066345","13.105923977066345","13.105923977066345","8.716484382182735","8.716484382182735","8.716484382182735","57.49684244153652","57.49684244153652","57.49684244153652","117.58359011600506","117.58359011600506","117.58359011600506","46.466906170422455","46.466906170422455","46.466906170422455","83.34859429110095","83.34859429110095","83.34859429110095","66.39921940588972","66.39921940588972","66.39921940588972","63.08081219805702","63.08081219805702","63.08081219805702","1.244075020301556","1.244075020301556","1.244075020301556","27.42930733836881","27.42930733836881","27.42930733836881","71.61269584332635","71.61269584332635","71.61269584332635","70.31107635463306","70.31107635463306","70.31107635463306","91.1922980591268","91.1922980591268","91.1922980591268","70.28507538510897","70.28507538510897","70.28507538510897","32.82839123647132","32.82839123647132","32.82839123647132","51.365900937215976","51.365900937215976","51.365900937215976","70.49421778875319","70.49421778875319","70.49421778875319","66.72890738281784","66.72890738281784","66.72890738281784"
"56000","66.3417193427827","66.3417193427827","66.3417193427827","41.69486828372613","41.69486828372613","41.69486828372613","12.563130843657394","12.563130843657394","12.563130843657394","34.6850680769679","34.6850680769679","34.6850680769679","58.04796754012548","58.04796754012548","58.04796754012548","106.44225824886146","106.44225824886146","106.44225824886146","55.0256751569833","55.0256751569833","55.0256751569833","104.41164970512582","104.41164970512582","104.41164970512582","64.48514184080719","64.48514184080719","64.48514184080719","60.03204006655525","60.03204006655525","60.03204006655525","1.2313892041820427","1.2313892041820427","1.2313892041820427","44.34473529144959","44.34473529144959","44.34473529144959","67.82116617242927","67.82116617242927","67.82116617242927","70.75720637051676","70.75720637051676","70.75720637051676","96.56883341449989","96.56883341449989","96.56883341449989","67.65721848472006","67.65721848472006","67.65721848472006","32.20560576293586","32.20560576293586","32.20560576293586","60.98959105390853","60.98959105390853","60.98959105390853","68.56360021151364","68.56360021151364","68.56360021151364","69.56704840752738","69.56704840752738","69.56704840752738"
"60000","23.620284109917037","23.620284109917037","23.620284109917037","54.284522249839554","54.284522249839554","54.284522249839554","42.89671921464206","42.89671921464206","42.89671921464206","8.506084292009843","8.506084292009843","8.506084292009843","58.04784608002253","58.04784608002253","58.04784608002253","96.77720176093955","96.77720176093955","96.77720176093955","50.43377322275768","50.43377322275768","50.43377322275768","84.84756502981232","84.84756502981232","84.84756502981232","66.90579814638889","66.90579814638889","66.90579814638889","63.76150435473464","63.76150435473464","63.76150435473464","1.3737455672922367","1.3737455672922367","1.3737455672922367","22.444821993807434","22.444821993807434","22.444821993807434","71.84240056127834","71.84240056127834","71.84240056127834","72.61026000505015","72.61026000505015","72.61026000505015","131.78867518809253","131.78867518809253","131.78867518809253","52.06262140392969","52.06262140392969","52.06262140392969","32.76840385177828","32.76840385177828","32.76840385177828","68.40286594760279","68.40286594760279","68.40286594760279","68.97526654623933","68.97526654623933","68.97526654623933","68.4997691971349","68.4997691971349","68.4997691971349"
"64000","27.408231041864628","27.408231041864628","27.408231041864628","55.713077180643936","55.713077180643936","55.713077180643936","49.927620664035985","49.927620664035985","49.927620664035985","17.81939675113174","17.81939675113174","17.81939675113174","58.04643564107645","58.04643564107645","58.04643564107645","105.0343184014459","105.0343184014459","105.0343184014459","73.53905794864252","73.53905794864252","73.53905794864252","78.86434907175075","78.86434907175075","78.86434907175075","66.10570776792159","66.10570776792159","66.10570776792159","65.30150283537992","65.30150283537992","65.30150283537992","1.4743485923569641","1.4743485923569641","1.4743485923569641","21.382766982977888","21.382766982977888","21.382766982977888","71.91954770201042","71.91954770201042","71.91954770201042","72.13549370340152","72.13549370340152","72.13549370340152","149.07292214261926","149.07292214261926","149.07292214261926","69.54029880384273","69.54029880384273","69.54029880384273","32.83137664378664","32.83137664378664","32.83137664378664","72.76512895164963","72.76512895164963","72.76512895164963","49.937061922801256","49.937061922801256","49.937061922801256","53.94416321711376","53.94416321711376","53.94416321711376"
"68000","77.24324369637301","77.24324369637301","77.24324369637301","66.96937960194512","66.96937960194512","66.96937960194512","60.44877068207692","60.44877068207692","60.44877068207692","8.280343141587462","8.280343141587462","8.280343141587462","57.3216970688528","57.3216970688528","57.3216970688528","105.31791409041564","105.31791409041564","105.31791409041564","58.32611997739893","58.32611997739893","58.32611997739893","50.98568986318454","50.98568986318454","50.98568986318454","65.83406242861767","65.83406242861767","65.83406242861767","59.21855501082572","59.21855501082572","59.21855501082572","1.3926267502803047","1.3926267502803047","1.3926267502803047","28.19002181525775","28.19002181525775","28.19002181525775","86.06986867134232","86.06986867134232","86.06986867134232","71.96031885849017","71.96031885849017","71.96031885849017","145.6768407949585","145.6768407949585","145.6768407949585","73.60990234924452","73.60990234924452","73.60990234924452","32.71161424376699","32.71161424376699","32.71161424376699","50.08560265898344","50.08560265898344","50.08560265898344","34.10655839756579","34.10655839756579","34.10655839756579","66.7132720962238","66.7132720962238","66.7132720962238"
"72000","84.71295739748692","84.71295739748692","84.71295739748692","83.18807814155775","83.18807814155775","83.18807814155775","57.83452596840927","57.83452596840927","57.83452596840927","52.785689232144456","52.785689232144456","52.785689232144456","58.08053612756887","58.08053612756887","58.08053612756887","114.69124818905964","114.69124818905964","114.69124818905964","79.72905989084806","79.72905989084806","79.72905989084806","74.13654964923487","74.13654964923487","74.13654964923487","65.26129052010228","65.26129052010228","65.26129052010228","65.36944164950155","65.36944164950155","65.36944164950155","1.4398517779960756","1.4398517779960756","1.4398517779960756","42.61813814940278","42.61813814940278","42.61813814940278","35.76630241053365","35.76630241053365","35.76630241053365","62.525154330478564","62.525154330478564","62.525154330478564","143.2601178538313","143.2601178538313","143.2601178538313","64.31719351590229","64.31719351590229","64.31719351590229","83.06752265452545","83.06752265452545","83.06752265452545","62.50798839234285","62.50798839234285","62.50798839234285","34.928054503986765","34.928054503986765","34.928054503986765","76.74311750881091","76.74311750881091","76.74311750881091"
"76000","67.62693295344255","67.62693295344255","67.62693295344255","80.80051816583406","80.80051816583406","80.80051816583406","59.37740233940319","59.37740233940319","59.37740233940319","18.7306328739134","18.7306328739134","18.7306328739134","58.04447309571308","58.04447309571308","58.04447309571308","114.70233206958372","114.70233206958372","114.70233206958372","102.23882662692286","102.23882662692286","102.23882662692286","46.50348319646971","46.50348319646971","46.50348319646971","69.06114862339203","69.06114862339203","69.06114862339203","62.94815664902037","62.94815664902037","62.94815664902037","4.551518354374808","4.551518354374808","4.551518354374808","30.93496516914996","30.93496516914996","30.93496516914996","38.41859438339284","38.41859438339284","38.41859438339284","108.52361151630741","108.52361151630741","108.52361151630741","157.75041775779812","157.75041775779812","157.75041775779812","64.03210468621879","64.03210468621879","64.03210468621879","58.80171756693377","58.80171756693377","58.80171756693377","38.81687398981806","38.81687398981806","38.81687398981806","35.13185877453634","35.13185877453634","35.13185877453634","73.12221185307511","73.12221185307511","73.12221185307511"
"80000","60.01743912161883","60.01743912161883","60.01743912161883","82.74071344080035","82.74071344080035","82.74071344080035","62.1829010354547","62.1829010354547","62.1829010354547","38.394670630921226","38.394670630921226","38.394670630921226","58.061519990967795","58.061519990967795","58.061519990967795","106.87586236443425","106.87586236443425","106.87586236443425","128.220702181755","128.220702181755","128.220702181755","51.19654844476841","51.19654844476841","51.19654844476841","102.19913283711969","102.19913283711969","102.19913283711969","64.73176384395566","64.73176384395566","64.73176384395566","3.887888460943169","3.887888460943169","3.887888460943169","61.30580107994016","61.30580107994016","61.30580107994016","58.805752000613076","58.805752000613076","58.805752000613076","106.41097502634061","106.41097502634061","106.41097502634061","133.7328398926884","133.7328398926884","133.7328398926884","72.10857312151445","72.10857312151445","72.10857312151445","62.72852768281774","62.72852768281774","62.72852768281774","40.420951398736904","40.420951398736904","40.420951398736904","34.79737311941368","34.79737311941368","34.79737311941368","52.672984858154464","52.672984858154464","52.672984858154464"
"84000","90.20502624711897","90.20502624711897","90.20502624711897","86.61067262768545","86.61067262768545","86.61067262768545","65.643536890535","65.643536890535","65.643536890535","15.341771398335771","15.341771398335771","15.341771398335771","58.044102310328455","58.044102310328455","58.044102310328455","118.98579722835981","118.98579722835981","118.98579722835981","87.14821514579043","87.14821514579043","87.14821514579043","92.24572297570654","92.24572297570654","92.24572297570654","130.16156568654662","130.16156568654662","130.16156568654662","65.1098223422632","65.1098223422632","65.1098223422632","4.033610075297365","4.033610075297365","4.033610075297365","51.95686058605092","51.95686058605092","51.95686058605092","51.85211422351567","51.85211422351567","51.85211422351567","63.016020626930434","63.016020626930434","63.016020626930434","100.48163982600592","100.48163982600592","100.48163982600592","73.28080974879","73.28080974879","73.28080974879","51.42216371771303","51.42216371771303","51.42216371771303","31.329916784470136","31.329916784470136","31.329916784470136","64.15405974761964","64.15405974761964","64.15405974761964","58.46169174662212","58.46169174662212","58.46169174662212"
"88000","90.56130221326592","90.56130221326592","90.56130221326592","53.96117585587069","53.96117585587069","53.96117585587069","81.13775809218997","81.13775809218997","81.13775809218997","42.73910742847328","42.73910742847328","42.73910742847328","58.04759886200391","58.04759886200391","58.04759886200391","124.97435172013653","124.97435172013653","124.97435172013653","98.91037972471591","98.91037972471591","98.91037972471591","76.66780803748117","76.66780803748117","76.66780803748117","155.00557400688166","155.00557400688166","155.00557400688166","70.0807322352682","70.0807322352682","70.0807322352682","4.5275066503880925","4.5275066503880925","4.5275066503880925","86.80361751277516","86.80361751277516","86.80361751277516","38.37925427968039","38.37925427968039","38.37925427968039","84.45440014408219","84.45440014408219","84.45440014408219","116.18959819235764","116.18959819235764","116.18959819235764","72.6525464008966","72.6525464008966","72.6525464008966","89.89552554523515","89.89552554523515","89.89552554523515","15.638134281668474","15.638134281668474","15.638134281668474","40.06251649320634","40.06251649320634","40.06251649320634","57.76704949183242","57.76704949183242","57.76704949183242"
"92000","89.51055823295037","89.51055823295037","89.51055823295037","67.42103229648535","67.42103229648535","67.42103229648535","62.585583465990204","62.585583465990204","62.585583465990204","44.50701465546508","44.50701465546508","44.50701465546508","87.73284422465329","87.73284422465329","87.73284422465329","111.671648952499","111.671648952499","111.671648952499","103.49803540630361","103.49803540630361","103.49803540630361","94.49607686499117","94.49607686499117","94.49607686499117","149.39137761114338","149.39137761114338","149.39137761114338","62.17394528542559","62.17394528542559","62.17394528542559","4.48747237398553","4.48747237398553","4.48747237398553","55.09955340391489","55.09955340391489","55.09955340391489","43.12544889953224","43.12544889953224","43.12544889953224","62.05854639248277","62.05854639248277","62.05854639248277","166.8483249729143","166.8483249729143","166.8483249729143","147.1796555864343","147.1796555864343","147.1796555864343","65.15553361093218","65.15553361093218","65.15553361093218","51.65913853104951","51.65913853104951","51.65913853104951","20.524109557861046","20.524109557861046","20.524109557861046","71.27497304114426","71.27497304114426","71.27497304114426"
"96000","91.1862648541877","91.1862648541877","91.1862648541877","43.85286634467685","43.85286634467685","43.85286634467685","61.844472416538736","61.844472416538736","61.844472416538736","127.44855624664645","127.44855624664645","127.44855624664645","93.55855825621217","93.55855825621217","93.55855825621217","116.40487813099847","116.40487813099847","116.40487813099847","98.31742840133997","98.31742840133997","98.31742840133997","93.67025322519903","93.67025322519903","93.67025322519903","113.7881586098031","113.7881586098031","113.7881586098031","51.6864696564832","51.6864696564832","51.6864696564832","4.393015558064165","4.393015558064165","4.393015558064165","61.75003200651796","61.75003200651796","61.75003200651796","91.85013735772645","91.85013735772645","91.85013735772645","49.24407970325346","49.24407970325346","49.24407970325346","173.88770980546525","173.88770980546525","173.88770980546525","134.46820289155403","134.46820289155403","134.46820289155403","88.15676313913187","88.15676313913187","88.15676313913187","96.92479888491245","96.92479888491245","96.92479888491245","9.042750460439994","9.042750460439994","9.042750460439994","91.62200049278792","91.62200049278792","91.62200049278792"
"100000","89.42703486788034","89.42703486788034","89.42703486788034","38.7560642233581","38.7560642233581","38.7560642233581","45.92167294351366","45.92167294351366","45.92167294351366","128.08756922736467","128.08756922736467","128.08756922736467","104.89660279038262","104.89660279038262","104.89660279038262","39.8668031851839","39.8668031851839","39.8668031851839","115.02415404347782","115.02415404347782","115.02415404347782","105.7811787735845","105.7811787735845","105.7811787735845","90.01921143255825","90.01921143255825","90.01921143255825","57.60509575012865","57.60509575012865","57.60509575012865","4.338576433856591","4.338576433856591","4.338576433856591","60.32774783208164","60.32774783208164","60.32774783208164","91.54776083603431","91.54776083603431","91.54776083603431","46.90143723772083","46.90143723772083","46.90143723772083","150.25512437800498","150.25512437800498","150.25512437800498","155.44133339621135","155.44133339621135","155.44133339621135","95.06729053441624","95.06729053441624","95.06729053441624","56.46460713269181","56.46460713269181","56.46460713269181","20.848302200732423","20.848302200732423","20.848302200732423","108.491832590751","108.491832590751","108.491832590751"
"104000","84.33439942083903","84.33439942083903","84.33439942083903","22.217626458466512","22.217626458466512","22.217626458466512","45.96883817431855","45.96883817431855","45.96883817431855","101.48809374839188","101.48809374839188","101.48809374839188","90.34243633655919","90.34243633655919","90.34243633655919","27.439733829383663","27.439733829383663","27.439733829383663","103.78068961133162","103.78068961133162","103.78068961133162","98.53199550857107","98.53199550857107","98.53199550857107","107.04074544880282","107.04074544880282","107.04074544880282","37.12414284188738","37.12414284188738","37.12414284188738","3.8088737657458913","3.8088737657458913","3.8088737657458913","61.15581644272879","61.15581644272879","61.15581644272879","140.8314727963199","140.8314727963199","140.8314727963199","17.753042790383077","17.753042790383077","17.753042790383077","168.98262502087928","168.98262502087928","168.98262502087928","74.45862630405766","74.45862630405766","74.45862630405766","54.70736001443329","54.70736001443329","54.70736001443329","104.79236456659757","104.79236456659757","104.79236456659757","34.817240137999","34.817240137999","34.817240137999","108.64532291996213","108.64532291996213","108.64532291996213"
"108000","110.7784872696669","110.7784872696669","110.7784872696669","35.31646316133923","35.31646316133923","35.31646316133923","23.96718108772921","23.96718108772921","23.96718108772921","134.0664337731742","134.0664337731742","134.0664337731742","111.99379366752696","111.99379366752696","111.99379366752696","57.562562601742556","57.562562601742556","57.562562601742556","104.47131471390583","104.47131471390583","104.47131471390583","127.978160805457","127.978160805457","127.978160805457","162.53878528986476","162.53878528986476","162.53878528986476","43.30433401734585","43.30433401734585","43.30433401734585","2.4353492739144693","2.4353492739144693","2.4353492739144693","82.88057820182276","82.88057820182276","82.88057820182276","109.78175869041786","109.78175869041786","109.78175869041786","61.691515698903935","61.691515698903935","61.691515698903935","153.5276261559482","153.5276261559482","153.5276261559482","73.67658516510014","73.67658516510014","73.67658516510014","64.78654078864827","64.78654078864827","64.78654078864827","68.90492144208218","68.90492144208218","68.90492144208218","34.01150240915825","34.01150240915825","34.01150240915825","91.12435963866342","91.12435963866342","91.12435963866342"
"112000","104.4921507623153","104.4921507623153","104.4921507623153","38.015548490569856","38.015548490569856","38.015548490569856","19.808758325539237","19.808758325539237","19.808758325539237","94.665433343071","94.665433343071","94.665433343071","110.50344078728422","110.50344078728422","110.50344078728422","43.79459550843789","43.79459550843789","43.79459550843789","115.86986860542875","115.86986860542875","115.86986860542875","104.2682885107806","104.2682885107806","104.2682885107806","97.28079224304193","97.28079224304193","97.28079224304193","44.400356627744905","44.400356627744905","44.400356627744905","2.494699330222665","2.494699330222665","2.494699330222665","84.61162910861246","84.61162910861246","84.61162910861246","103.42866208368768","103.42866208368768","103.42866208368768","30.278642759118735","30.278642759118735","30.278642759118735","182.05583321692765","182.05583321692765","182.05583321692765","107.49775013790766","107.49775013790766","107.49775013790766","95.82517705205494","95.82517705205494","95.82517705205494","112.37896865761783","112.37896865761783","112.37896865761783","11.544657793205214","11.544657793205214","11.544657793205214","95.43917150329125","95.43917150329125","95.43917150329125"
"116000","102.6204275556865","102.6204275556865","102.6204275556865","68.17087411922628","68.17087411922628","68.17087411922628","7.883047023701133","7.883047023701133","7.883047023701133","114.53851818526637","114.53851818526637","114.53851818526637","109.22878807871405","109.22878807871405","109.22878807871405","25.595057651451043","25.595057651451043","25.595057651451043","106.26389642307629","106.26389642307629","106.26389642307629","54.21233099925556","54.21233099925556","54.21233099925556","124.29024367383056","124.29024367383056","124.29024367383056","44.50416027782938","44.50416027782938","44.50416027782938","2.4036287154498877","2.4036287154498877","2.4036287154498877","105.2822516106456","105.2822516106456","105.2822516106456","68.1319071820752","68.1319071820752","68.1319071820752","19.949768583270735","19.949768583270735","19.949768583270735","133.87541457699749","133.87541457699749","133.87541457699749","100.80487642660796","100.80487642660796","100.80487642660796","16.679337024221688","16.679337024221688","16.679337024221688","95.79387856948111","95.79387856948111","95.79387856948111","78.45946830223389","78.45946830223389","78.45946830223389","108.20852536940966","108.20852536940966","108.20852536940966"
"120000","102.59953436162796","102.59953436162796","102.59953436162796","97.65494673687537","97.65494673687537","97.65494673687537","6.647866225698313","6.647866225698313","6.647866225698313","124.51763316650488","124.51763316650488","124.51763316650488","111.4415591647598","111.4415591647598","111.4415591647598","51.32733445798974","51.32733445798974","51.32733445798974","81.05812456970338","81.05812456970338","81.05812456970338","58.11178404561001","58.11178404561001","58.11178404561001","102.03518898867752","102.03518898867752","102.03518898867752","48.71785417971573","48.71785417971573","48.71785417971573","2.4924782039795264","2.4924782039795264","2.4924782039795264","96.23851266431096","96.23851266431096","96.23851266431096","77.18368502486044","77.18368502486044","77.18368502486044","65.77010293259322","65.77010293259322","65.77010293259322","142.61409434474632","142.61409434474632","142.61409434474632","143.03408963606987","143.03408963606987","143.03408963606987","43.98966693405714","43.98966693405714","43.98966693405714","96.13559052258105","96.13559052258105","96.13559052258105","64.62152511523696","64.62152511523696","64.62152511523696","101.94815539740311","101.94815539740311","101.94815539740311"
"124000","107.11512346069242","107.11512346069242","107.11512346069242","97.36740175860353","97.36740175860353","97.36740175860353","10.75599607138113","10.75599607138113","10.75599607138113","82.62722010581436","82.62722010581436","82.62722010581436","132.0244871274105","132.0244871274105","132.0244871274105","53.33673565028911","53.33673565028911","53.33673565028911","90.33295864509935","90.33295864509935","90.33295864509935","17.67581272323502","17.67581272323502","17.67581272323502","98.52212263767231","98.52212263767231","98.52212263767231","53.90400188342842","53.90400188342842","53.90400188342842","5.604003624166333","5.604003624166333","5.604003624166333","90.19041541279107","90.19041541279107","90.19041541279107","80.84433150205007","80.84433150205007","80.84433150205007","60.55766017763644","60.55766017763644","60.55766017763644","157.48057204685324","157.48057204685324","157.48057204685324","98.77270830830693","98.77270830830693","98.77270830830693","89.47453068756195","89.47453068756195","89.47453068756195","119.76039946191395","119.76039946191395","119.76039946191395","69.28458112686312","69.28458112686312","69.28458112686312","106.87834301929816","106.87834301929816","106.87834301929816"
"128000","105.92077464820582","105.92077464820582","105.92077464820582","75.25383678337317","75.25383678337317","75.25383678337317","19.4314941338424","19.4314941338424","19.4314941338424","87.5425913227395","87.5425913227395","87.5425913227395","122.57341163980448","122.57341163980448","122.57341163980448","51.26749561240663","51.26749561240663","51.26749561240663","85.74250770924206","85.74250770924206","85.74250770924206","18.665918756077353","18.665918756077353","18.665918756077353","106.08365854408935","106.08365854408935","106.08365854408935","50.56262595247221","50.56262595247221","50.56262595247221","5.643785184217981","5.643785184217981","5.643785184217981","106.61838457110119","106.61838457110119","106.61838457110119","74.45002287490266","74.45002287490266","74.45002287490266","100.86823658912928","100.86823658912928","100.86823658912928","191.60357883999035","191.60357883999035","191.60357883999035","145.81844427783483","145.81844427783483","145.81844427783483","67.67708173044969","67.67708173044969","67.67708173044969","121.76414315757863","121.76414315757863","121.76414315757863","64.92033662833008","64.92033662833008","64.92033662833008","133.3020787763922","133.3020787763922","133.3020787763922"
"132000","120.31210705081078","120.31210705081078","120.31210705081078","119.46516725420649","119.46516725420649","119.46516725420649","33.01243018264161","33.01243018264161","33.01243018264161","105.26515103204417","105.26515103204417","105.26515103204417","122.52780686775876","122.52780686775876","122.52780686775876","46.28770452665276","46.28770452665276","46.28770452665276","76.79525836620307","76.79525836620307","76.79525836620307","22.0802355660514","22.0802355660514","22.0802355660514","110.82229138389812","110.82229138389812","110.82229138389812","79.0363648332721","79.0363648332721","79.0363648332721","5.543775984614663","5.543775984614663","5.543775984614663","101.98737026101985","101.98737026101985","101.98737026101985","78.05156201093493","78.05156201093493","78.05156201093493","31.066081571614575","31.066081571614575","31.066081571614575","190.89843928022054","190.89843928022054","190.89843928022054","134.95471444792028","134.95471444792028","134.95471444792028","82.71661139868338","82.71661139868338","82.71661139868338","113.90552639477134","113.90552639477134","113.90552639477134","77.19782794972873","77.19782794972873","77.19782794972873","171.08877886965416","171.08877886965416","171.08877886965416"
"136000","113.69672416254272","113.69672416254272","113.69672416254272","109.08784337426951","109.08784337426951","109.08784337426951","33.546354589906635","33.546354589906635","33.546354589906635","111.57220466641638","111.57220466641638","111.57220466641638","108.81716564614358","108.81716564614358","108.81716564614358","43.274784593389256","43.274784593389256","43.274784593389256","100.05695115264379","100.05695115264379","100.05695115264379","33.60435088096011","33.60435088096011","33.60435088096011","101.03596809354532","101.03596809354532","101.03596809354532","101.0574539516138","101.0574539516138","101.0574539516138","5.1774701987051985","5.1774701987051985","5.1774701987051985","94.9560383101009","94.9560383101009","94.9560383101009","69.14892373823164","69.14892373823164","69.14892373823164","74.96120371127917","74.96120371127917","74.96120371127917","204.44412587081246","204.44412587081246","204.44412587081246","111.26229565832014","111.26229565832014","111.26229565832014","17.34882968074934","17.34882968074934","17.34882968074934","124.39886543217536","124.39886543217536","124.39886543217536","75.70754160349301","75.70754160349301","75.70754160349301","194.63097587798273","194.63097587798273","194.63097587798273"
"140000","113.03987546222956","113.03987546222956","113.03987546222956","138.7286428522462","138.7286428522462","138.7286428522462","34.74934061548413","34.74934061548413","34.74934061548413","82.27124891754923","82.27124891754923","82.27124891754923","128.16802343588435","128.16802343588435","128.16802343588435","36.075962382405535","36.075962382405535","36.075962382405535","120.34907090014292","120.34907090014292","120.34907090014292","21.83194798629838","21.83194798629838","21.83194798629838","110.31732018124482","110.31732018124482","110.31732018124482","106.55077928011626","106.55077928011626","106.55077928011626","5.1885764619239385","5.1885764619239385","5.1885764619239385","83.53134174642246","83.53134174642246","83.53134174642246","89.62187214532526","89.62187214532526","89.62187214532526","78.2633295844458","78.2633295844458","78.2633295844458","202.49172402543053","202.49172402543053","202.49172402543053","164.05888867118642","164.05888867118642","164.05888867118642","17.352099171837914","17.352099171837914","17.352099171837914","140.89716586573076","140.89716586573076","140.89716586573076","74.09222560047291","74.09222560047291","74.09222560047291","164.78834647902084","164.78834647902084","164.78834647902084"
"144000","116.86894707909396","116.86894707909396","116.86894707909396","84.47679370387316","84.47679370387316","84.47679370387316","35.301925605190725","35.301925605190725","35.301925605190725","75.31517567111608","75.31517567111608","75.31517567111608","122.73263797816348","122.73263797816348","122.73263797816348","12.160078617989239","12.160078617989239","12.160078617989239","125.64566533470938","125.64566533470938","125.64566533470938","40.48518795731796","40.48518795731796","40.48518795731796","103.65424177936136","103.65424177936136","103.65424177936136","73.5530648037263","73.5530648037263","73.5530648037263","5.14984275625314","5.14984275625314","5.14984275625314","86.72043857576013","86.72043857576013","86.72043857576013","93.65435991262615","93.65435991262615","93.65435991262615","78.43259268487165","78.43259268487165","78.43259268487165","209.04063227893144","209.04063227893144","209.04063227893144","232.61210025645602","232.61210025645602","232.61210025645602","17.33138126501783","17.33138126501783","17.33138126501783","119.1505624529347","119.1505624529347","119.1505624529347","72.23428541206086","72.23428541206086","72.23428541206086","175.347639452365","175.347639452365","175.347639452365"
"148000","113.07492178989135","113.07492178989135","113.07492178989135","133.33346291229165","133.33346291229165","133.33346291229165","65.10997705103675","65.10997705103675","65.10997705103675","67.33628700392521","67.33628700392521","67.33628700392521","127.78372786255606","127.78372786255606","127.78372786255606","57.27498045188457","57.27498045188457","57.27498045188457","97.09531488337075","97.09531488337075","97.09531488337075","10.86303605044716","10.86303605044716","10.86303605044716","126.83142969498768","126.83142969498768","126.83142969498768","46.35483586767761","46.35483586767761","46.35483586767761","5.148240769839055","5.148240769839055","5.148240769839055","72.95067819797667","72.95067819797667","72.95067819797667","113.31490528536725","113.31490528536725","113.31490528536725","79.42313200893045","79.42313200893045","79.42313200893045","206.63796338032483","206.63796338032483","206.63796338032483","232.2327615203893","232.2327615203893","232.2327615203893","16.04512185743551","16.04512185743551","16.04512185743551","142.82535679603046","142.82535679603046","142.82535679603046","103.57770426855893","103.57770426855893","103.57770426855893","164.94668755644233","164.94668755644233","164.94668755644233"
"152000","125.0884726690851","125.0884726690851","125.0884726690851","170.76429207988562","170.76429207988562","170.76429207988562","65.25130363749574","65.25130363749574","65.25130363749574","69.1662393966633","69.1662393966633","69.1662393966633","130.42104253763188","130.42104253763188","130.42104253763188","58.85197245276369","58.85197245276369","58.85197245276369","93.55737433684052","93.55737433684052","93.55737433684052","26.695674951841305","26.695674951841305","26.695674951841305","147.84229799315153","147.84229799315153","147.84229799315153","45.997968019883096","45.997968019883096","45.997968019883096","13.394774121081946","13.394774121081946","13.394774121081946","65.69422316263925","65.69422316263925","65.69422316263925","93.02836759163934","93.02836759163934","93.02836759163934","80.9345210058508","80.9345210058508","80.9345210058508","216.24810164766404","216.24810164766404","216.24810164766404","210.36759736797717","210.36759736797717","210.36759736797717","51.60490676641215","51.60490676641215","51.60490676641215","138.40442942072588","138.40442942072588","138.40442942072588","99.17969906230323","99.17969906230323","99.17969906230323","185.35417823834044","185.35417823834044","185.35417823834044"
"156000","164.76836668096539","164.76836668096539","164.76836668096539","114.74589603538895","114.74589603538895","114.74589603538895","35.7241799276387","35.7241799276387","35.7241799276387","54.723189467789005","54.723189467789005","54.723189467789005","130.50944608457414","130.50944608457414","130.50944608457414","56.64583878392217","56.64583878392217","56.64583878392217","136.26719079078129","136.26719079078129","136.26719079078129","40.94256287614702","40.94256287614702","40.94256287614702","141.6622448263634","141.6622448263634","141.6622448263634","46.99571633454411","46.99571633454411","46.99571633454411","12.341249176106055","12.341249176106055","12.341249176106055","61.013203347661126","61.013203347661126","61.013203347661126","99.9452436141209","99.9452436141209","99.9452436141209","74.40389982566276","74.40389982566276","74.40389982566276","200.84925874552624","200.84925874552624","200.84925874552624","229.5285688001063","229.5285688001063","229.5285688001063","53.41933322967098","53.41933322967098","53.41933322967098","116.80599494351183","116.80599494351183","116.80599494351183","79.64160755736438","79.64160755736438","79.64160755736438","177.15211615780285","177.15211615780285","177.15211615780285"
"160000","181.3145221700724","181.3145221700724","181.3145221700724","126.47652380600611","126.47652380600611","126.47652380600611","6.471645245720009","6.471645245720009","6.471645245720009","131.7796623120182","131.7796623120182","131.7796623120182","127.43546246988267","127.43546246988267","127.43546246988267","53.573990365530236","53.573990365530236","53.573990365530236","95.58706906944764","95.58706906944764","95.58706906944764","46.549983624661785","46.549983624661785","46.549983624661785","136.21555102872043","136.21555102872043","136.21555102872043","47.50115750545394","47.50115750545394","47.50115750545394","14.599337511310967","14.599337511310967","14.599337511310967","61.5639579473901","61.5639579473901","61.5639579473901","75.33535538012764","75.33535538012764","75.33535538012764","80.85980645715674","80.85980645715674","80.85980645715674","205.80305723948868","205.80305723948868","205.80305723948868","245.7171005173349","245.7171005173349","245.7171005173349","54.31577529251318","54.31577529251318","54.31577529251318","112.82920110064387","112.82920110064387","112.82920110064387","122.19560205813475","122.19560205813475","122.19560205813475","111.27120607054174","111.27120607054174","111.27120607054174"
"164000","175.96760192115119","175.96760192115119","175.96760192115119","144.78325282479165","144.78325282479165","144.78325282479165","71.00054508593858","71.00054508593858","71.00054508593858","125.45788080796952","125.45788080796952","125.45788080796952","128.60251455541922","128.60251455541922","128.60251455541922","63.4675698933411","63.4675698933411","63.4675698933411","99.92371469590408","99.92371469590408","99.92371469590408","23.40346368175596","23.40346368175596","23.40346368175596","131.85607102892658","131.85607102892658","131.85607102892658","52.487077028674626","52.487077028674626","52.487077028674626","15.269968717885352","15.269968717885352","15.269968717885352","104.90756602779243","104.90756602779243","104.90756602779243","72.52264134736717","72.52264134736717","72.52264134736717","124.90653505717884","124.90653505717884","124.90653505717884","211.81700715626434","211.81700715626434","211.81700715626434","248.66437783475652","248.66437783475652","248.66437783475652","56.2786361934367","56.2786361934367","56.2786361934367","119.20733775869148","119.20733775869148","119.20733775869148","89.2596072672964","89.2596072672964","89.2596072672964","173.87543944615612","173.87543944615612","173.87543944615612"
"168000","226.7389236757123","226.7389236757123","226.7389236757123","108.88528292402899","108.88528292402899","108.88528292402899","72.06456872781501","72.06456872781501","72.06456872781501","108.91285779800509","108.91285779800509","108.91285779800509","131.46014214111614","131.46014214111614","131.46014214111614","65.84001982264223","65.84001982264223","65.84001982264223","143.78657881076774","143.78657881076774","143.78657881076774","42.62335334448194","42.62335334448194","42.62335334448194","133.75205145045743","133.75205145045743","133.75205145045743","52.17486213620892","52.17486213620892","52.17486213620892","7.6444627730780725","7.6444627730780725","7.6444627730780725","84.07797283692744","84.07797283692744","84.07797283692744","82.0971358420779","82.0971358420779","82.0971358420779","129.92975323379818","129.92975323379818","129.92975323379818","219.94022795590482","219.94022795590482","219.94022795590482","237.68022621032114","237.68022621032114","237.68022621032114","55.66403691971592","55.66403691971592","55.66403691971592","135.68733741413595","135.68733741413595","135.68733741413595","109.244363048579","109.244363048579","109.244363048579","143.19197726919265","143.19197726919265","143.19197726919265"
"172000","234.70383156125405","234.70383156125405","234.70383156125405","126.16143091891217","126.16143091891217","126.16143091891217","34.76062166538136","34.76062166538136","34.76062166538136","129.03290629414388","129.03290629414388","129.03290629414388","129.0529346542616","129.0529346542616","129.0529346542616","65.4684612622935","65.4684612622935","65.4684612622935","146.6930449916569","146.6930449916569","146.6930449916569","44.927333353502085","44.927333353502085","44.927333353502085","149.87206957997748","149.87206957997748","149.87206957997748","50.93603639079239","50.93603639079239","50.93603639079239","7.159951754538125","7.159951754538125","7.159951754538125","64.29039539923272","64.29039539923272","64.29039539923272","75.92187153763861","75.92187153763861","75.92187153763861","127.3046848041773","127.3046848041773","127.3046848041773","219.08610093951546","219.08610093951546","219.08610093951546","265.60719756989835","265.60719756989835","265.60719756989835","54.62872272773048","54.62872272773048","54.62872272773048","112.66259898134145","112.66259898134145","112.66259898134145","100.47269297022564","100.47269297022564","100.47269297022564","158.43864840312432","158.43864840312432","158.43864840312432"
"176000","199.84416104197055","199.84416104197055","199.84416104197055","129.27070002430375","129.27070002430375","129.27070002430375","66.1983632918584","66.1983632918584","66.1983632918584","132.14848195512099","132.14848195512099","132.14848195512099","124.42741384488882","124.42741384488882","124.42741384488882","99.69060963487911","99.69060963487911","99.69060963487911","149.225269549118","149.225269549118","149.225269549118","43.74114784815312","43.74114784815312","43.74114784815312","133.6052170759539","133.6052170759539","133.6052170759539","35.98853034535148","35.98853034535148","35.98853034535148","10.089205261379803","10.089205261379803","10.089205261379803","69.73870277153804","69.73870277153804","69.73870277153804","79.50650131302555","79.50650131302555","79.50650131302555","124.2028494439332","124.2028494439332","124.2028494439332","227.34821652748934","227.34821652748934","227.34821652748934","243.80062577890058","243.80062577890058","243.80062577890058","54.562132634865385","54.562132634865385","54.562132634865385","122.01908446013454","122.01908446013454","122.01908446013454","76.06420521418403","76.06420521418403","76.06420521418403","158.82705973691955","158.82705973691955","158.82705973691955"
"180000","99.93741497504594","99.93741497504594","99.93741497504594","143.28494325577196","143.28494325577196","143.28494325577196","80.66421183390692","80.66421183390692","80.66421183390692","140.70787687385808","140.70787687385808","140.70787687385808","132.62937425807087","132.62937425807087","132.62937425807087","97.21801022842038","97.21801022842038","97.21801022842038","157.67969995268922","157.67969995268922","157.67969995268922","34.337290944812125","34.337290944812125","34.337290944812125","160.72587609237831","160.72587609237831","160.72587609237831","21.873268605791026","21.873268605791026","21.873268605791026","9.574985435128589","9.574985435128589","9.574985435128589","57.24759491608487","57.24759491608487","57.24759491608487","69.51465034586724","69.51465034586724","69.51465034586724","129.2749723203465","129.2749723203465","129.2749723203465","233.02773194173105","233.02773194173105","233.02773194173105","241.34753538488272","241.34753538488272","241.34753538488272","53.494530768774155","53.494530768774155","53.494530768774155","114.72161976265303","114.72161976265303","114.72161976265303","104.94285028354855","104.94285028354855","104.94285028354855","164.57294897087027","164.57294897087027","164.57294897087027"
"184000","121.44875739775077","121.44875739775077","121.44875739775077","154.06297569946773","154.06297569946773","154.06297569946773","79.12805181573314","79.12805181573314","79.12805181573314","177.98376115789858","177.98376115789858","177.98376115789858","82.48162050675977","82.48162050675977","82.48162050675977","77.31547347479685","77.31547347479685","77.31547347479685","140.20026519764863","140.20026519764863","140.20026519764863","17.181891578665535","17.181891578665535","17.181891578665535","162.62736163426337","162.62736163426337","162.62736163426337","22.625941495843144","22.625941495843144","22.625941495843144","2.801515939569713","2.801515939569713","2.801515939569713","145.84215686581445","145.84215686581445","145.84215686581445","75.45007910963183","75.45007910963183","75.45007910963183","171.7635589579257","171.7635589579257","171.7635589579257","221.73264974964522","221.73264974964522","221.73264974964522","244.4569566777753","244.4569566777753","244.4569566777753","136.30392480141418","136.30392480141418","136.30392480141418","125.0016028239093","125.0016028239093","125.0016028239093","109.97985680420511","109.97985680420511","109.97985680420511","174.48831048174912","174.48831048174912","174.48831048174912"
"188000","145.07044819606466","145.07044819606466","145.07044819606466","153.55699182673732","153.55699182673732","153.55699182673732","76.78130853670629","76.78130853670629","76.78130853670629","69.46995406765248","69.46995406765248","69.46995406765248","129.081004359811","129.081004359811","129.081004359811","78.8781789520812","78.8781789520812","78.8781789520812","199.14714108835025","199.14714108835025","199.14714108835025","21.52457247551429","21.52457247551429","21.52457247551429","172.947507182264","172.947507182264","172.947507182264","22.81331342313154","22.81331342313154","22.81331342313154","2.7551382134649463","2.7551382134649463","2.7551382134649463","127.50238174206973","127.50238174206973","127.50238174206973","80.58664133324996","80.58664133324996","80.58664133324996","168.71409354812394","168.71409354812394","168.71409354812394","216.85008347201205","216.85008347201205","216.85008347201205","254.77717042865189","254.77717042865189","254.77717042865189","120.32897738915884","120.32897738915884","120.32897738915884","137.69812264287793","137.69812264287793","137.69812264287793","122.00845953767725","122.00845953767725","122.00845953767725","179.85275577206792","179.85275577206792","179.85275577206792"
"192000","132.95507657245005","132.95507657245005","132.95507657245005","141.0607015254268","141.0607015254268","141.0607015254268","39.96876841309623","39.96876841309623","39.96876841309623","99.8497523646876","99.8497523646876","99.8497523646876","130.05198869857298","130.05198869857298","130.05198869857298","88.43394241731094","88.43394241731094","88.43394241731094","186.8320855864019","186.8320855864019","186.8320855864019","26.12913864118268","26.12913864118268","26.12913864118268","169.12481092033573","169.12481092033573","169.12481092033573","11.597852734671436","11.597852734671436","11.597852734671436","9.96789589136857","9.96789589136857","9.96789589136857","169.25644497127718","169.25644497127718","169.25644497127718","105.37630914191342","105.37630914191342","105.37630914191342","168.62084898957485","168.62084898957485","168.62084898957485","208.0032173242354","208.0032173242354","208.0032173242354","264.6836225727801","264.6836225727801","264.6836225727801","134.9499853928916","134.9499853928916","134.9499853928916","94.1594900399192","94.1594900399192","94.1594900399192","139.2286660572186","139.2286660572186","139.2286660572186","159.04540067775397","159.04540067775397","159.04540067775397"
"196000","112.91034329259787","112.91034329259787","112.91034329259787","156.86909063685826","156.86909063685826","156.86909063685826","11.111895060937496","11.111895060937496","11.111895060937496","57.66879831115174","57.66879831115174","57.66879831115174","132.76977413815808","132.76977413815808","132.76977413815808","76.58461164941758","76.58461164941758","76.58461164941758","127.89071329419016","127.89071329419016","127.89071329419016","18.511868250002202","18.511868250002202","18.511868250002202","172.0402451134682","172.0402451134682","172.0402451134682","34.63933139960127","34.63933139960127","34.63933139960127","10.99795649484937","10.99795649484937","10.99795649484937","172.54470410503728","172.54470410503728","172.54470410503728","138.62706225568095","138.62706225568095","138.62706225568095","124.5577048573045","124.5577048573045","124.5577048573045","204.70044373273146","204.70044373273146","204.70044373273146","237.08320814185558","237.08320814185558","237.08320814185558","128.45626683256296","128.45626683256296","128.45626683256296","127.66112667957918","127.66112667957918","127.66112667957918","155.05716608593755","155.05716608593755","155.05716608593755","187.64658253540057","187.64658253540057","187.64658253540057"
"200000","93.11715324575161","93.11715324575161","93.11715324575161","148.1532402876447","148.1532402876447","148.1532402876447","14.226595389534449","14.226595389534449","14.226595389534449","123.53555152802801","123.53555152802801","123.53555152802801","135.57647620798429","135.57647620798429","135.57647620798429","67.96128566163618","67.96128566163618","67.96128566163618","134.8088295971326","134.8088295971326","134.8088295971326","36.61872549161164","36.61872549161164","36.61872549161164","179.86887913557504","179.86887913557504","179.86887913557504","22.278352484504907","22.278352484504907","22.278352484504907","12.870600127154924","12.870600127154924","12.870600127154924","168.189963291932","168.189963291932","168.189963291932","136.23912428275656","136.23912428275656","136.23912428275656","120.49852526345425","120.49852526345425","120.49852526345425","204.00880934399453","204.00880934399453","204.00880934399453","246.07056487132436","246.07056487132436","246.07056487132436","126.4795188354016","126.4795188354016","126.4795188354016","106.21953687365915","106.21953687365915","106.21953687365915","216.74896849300535","216.74896849300535","216.74896849300535","174.39381005011586","174.39381005011586","174.39381005011586"
"204000","173.1245101436343","173.1245101436343","173.1245101436343","99.54672654473816","99.54672654473816","99.54672654473816","17.350248161822122","17.350248161822122","17.350248161822122","133.88974563716215","133.88974563716215","133.88974563716215","135.46183188979938","135.46183188979938","135.46183188979938","66.80969635314845","66.80969635314845","66.80969635314845","146.67029935906638","146.67029935906638","146.67029935906638","21.43136430626014","21.43136430626014","21.43136430626014","172.98039508420973","172.98039508420973","172.98039508420973","5.152572134153905","5.152572134153905","5.152572134153905","13.226729823397685","13.226729823397685","13.226729823397685","168.47825791368967","168.47825791368967","168.47825791368967","155.29161229892236","155.29161229892236","155.29161229892236","129.43706923986036","129.43706923986036","129.43706923986036","215.07792967138874","215.07792967138874","215.07792967138874","261.4645712785446","261.4645712785446","261.4645712785446","125.43274527088786","125.43274527088786","125.43274527088786","134.96158921390685","134.96158921390685","134.96158921390685","193.94733908381315","193.94733908381315","193.94733908381315","178.310566997369","178.310566997369","178.310566997369"
"208000","175.4149427057626","175.4149427057626","175.4149427057626","145.11037556754405","145.11037556754405","145.11037556754405","69.49231335261538","69.49231335261538","69.49231335261538","127.19254351785553","127.19254351785553","127.19254351785553","134.26387767528212","134.26387767528212","134.26387767528212","66.24964427148832","66.24964427148832","66.24964427148832","149.24047689070053","149.24047689070053","149.24047689070053","21.995375983142974","21.995375983142974","21.995375983142974","171.40692863877854","171.40692863877854","171.40692863877854","27.32454561357532","27.32454561357532","27.32454561357532","14.119056618274794","14.119056618274794","14.119056618274794","175.16025459694393","175.16025459694393","175.16025459694393","99.38933937230526","99.38933937230526","99.38933937230526","154.29408773536764","154.29408773536764","154.29408773536764","233.84658196692052","233.84658196692052","233.84658196692052","263.2943687986347","263.2943687986347","263.2943687986347","126.07618382860774","126.07618382860774","126.07618382860774","147.8513841616602","147.8513841616602","147.8513841616602","189.77082784254964","189.77082784254964","189.77082784254964","177.26248457930947","177.26248457930947","177.26248457930947"
"212000","177.72180453055913","177.72180453055913","177.72180453055913","180.55031774813096","180.55031774813096","180.55031774813096","64.09930338169039","64.09930338169039","64.09930338169039","140.88724645328267","140.88724645328267","140.88724645328267","132.77028763160598","132.77028763160598","132.77028763160598","70.32102155546252","70.32102155546252","70.32102155546252","163.26748874783988","163.26748874783988","163.26748874783988","13.348063797842215","13.348063797842215","13.348063797842215","172.6984929949984","172.6984929949984","172.6984929949984","7.128336726393795","7.128336726393795","7.128336726393795","15.973871630954639","15.973871630954639","15.973871630954639","177.6877201584715","177.6877201584715","177.6877201584715","119.002532900962","119.002532900962","119.002532900962","169.58518929677172","169.58518929677172","169.58518929677172","232.98919075988124","232.98919075988124","232.98919075988124","273.5485962481257","273.5485962481257","273.5485962481257","123.91351999406679","123.91351999406679","123.91351999406679","145.01020839062943","145.01020839062943","145.01020839062943","212.78862655921392","212.78862655921392","212.78862655921392","190.11856999764535","190.11856999764535","190.11856999764535"
"216000","169.03803202716773","169.03803202716773","169.03803202716773","142.71570263140308","142.71570263140308","142.71570263140308","26.18866882867919","26.18866882867919","26.18866882867919","149.67482078868773","149.67482078868773","149.67482078868773","114.16403455780232","114.16403455780232","114.16403455780232","75.14248019627027","75.14248019627027","75.14248019627027","171.7000019139789","171.7000019139789","171.7000019139789","27.717709425419503","27.717709425419503","27.717709425419503","185.61515756830414","185.61515756830414","185.61515756830414","5.224322936712893","5.224322936712893","5.224322936712893","42.899745440809966","42.899745440809966","42.899745440809966","183.97850248790917","183.97850248790917","183.97850248790917","93.86962636157013","93.86962636157013","93.86962636157013","163.8554290227628","163.8554290227628","163.8554290227628","220.20260805855537","220.20260805855537","220.20260805855537","268.0121131903776","268.0121131903776","268.0121131903776","130.62553756697156","130.62553756697156","130.62553756697156","92.88605621346981","92.88605621346981","92.88605621346981","205.96067876592224","205.96067876592224","205.96067876592224","219.40493649740378","219.40493649740378","219.40493649740378"
"220000","172.5733176943824","172.5733176943824","172.5733176943824","120.66975162097567","120.66975162097567","120.66975162097567","37.67084224470942","37.67084224470942","37.67084224470942","146.41701090437252","146.41701090437252","146.41701090437252","121.8039913987955","121.8039913987955","121.8039913987955","104.98903432373314","104.98903432373314","104.98903432373314","143.90626634743643","143.90626634743643","143.90626634743643","7.205116052545868","7.205116052545868","7.205116052545868","194.97632281909137","194.97632281909137","194.97632281909137","3.9128351699053967","3.9128351699053967","3.9128351699053967","22.966669906916678","22.966669906916678","22.966669906916678","130.1014674229628","130.1014674229628","130.1014674229628","98.4210433795549","98.4210433795549","98.4210433795549","167.73027057162363","167.73027057162363","167.73027057162363","241.9395657242052","241.9395657242052","241.9395657242052","268.07434851572526","268.07434851572526","268.07434851572526","166.11494225427575","166.11494225427575","166.11494225427575","147.6695222875391","147.6695222875391","147.6695222875391","208.16982539641648","208.16982539641648","208.16982539641648","189.11843149057","189.11843149057","189.11843149057"
"224000","191.8895135085403","191.8895135085403","191.8895135085403","142.24835915944038","142.24835915944038","142.24835915944038","38.18218040858775","38.18218040858775","38.18218040858775","149.25923368323154","149.25923368323154","149.25923368323154","110.64478459669506","110.64478459669506","110.64478459669506","98.44446688636016","98.44446688636016","98.44446688636016","120.76057803177689","120.76057803177689","120.76057803177689","19.345301531098194","19.345301531098194","19.345301531098194","195.57982457703466","195.57982457703466","195.57982457703466","10.286090799430564","10.286090799430564","10.286090799430564","101.40704217470484","101.40704217470484","101.40704217470484","64.33297874895402","64.33297874895402","64.33297874895402","96.47920287767897","96.47920287767897","96.47920287767897","159.66236452380323","159.66236452380323","159.66236452380323","228.5050760625671","228.5050760625671","228.5050760625671","273.67256427355795","273.67256427355795","273.67256427355795","143.9161963712212","143.9161963712212","143.9161963712212","137.71738599710096","137.71738599710096","137.71738599710096","195.46054721180172","195.46054721180172","195.46054721180172","205.0208045813587","205.0208045813587","205.0208045813587"
"228000","226.21545199158703","226.21545199158703","226.21545199158703","127.46472534371085","127.46472534371085","127.46472534371085","35.80608260627836","35.80608260627836","35.80608260627836","151.92104813755492","151.92104813755492","151.92104813755492","98.01392768185352","98.01392768185352","98.01392768185352","103.639659598274","103.639659598274","103.639659598274","123.63194366013803","123.63194366013803","123.63194366013803","9.147649017736267","9.147649017736267","9.147649017736267","191.11457083017163","191.11457083017163","191.11457083017163","16.249433636125406","16.249433636125406","16.249433636125406","107.92017092240198","107.92017092240198","107.92017092240198","78.78714290145797","78.78714290145797","78.78714290145797","87.36503481315177","87.36503481315177","87.36503481315177","157.51482483934402","157.51482483934402","157.51482483934402","236.12072336905885","236.12072336905885","236.12072336905885","270.151354516434","270.151354516434","270.151354516434","152.95246879778898","152.95246879778898","152.95246879778898","130.35378782925716","130.35378782925716","130.35378782925716","207.359291226387","207.359291226387","207.359291226387","190.44156560693554","190.44156560693554","190.44156560693554"
"232000","221.8696299385121","221.8696299385121","221.8696299385121","112.2778957195469","112.2778957195469","112.2778957195469","75.75628887807417","75.75628887807417","75.75628887807417","145.42680861990888","145.42680861990888","145.42680861990888","89.40864165327","89.40864165327","89.40864165327","109.0537541993189","109.0537541993189","109.0537541993189","162.11472749552235","162.11472749552235","162.11472749552235","10.43918457468147","10.43918457468147","10.43918457468147","225.31249661159526","225.31249661159526","225.31249661159526","4.670125816675322","4.670125816675322","4.670125816675322","97.6156294163938","97.6156294163938","97.6156294163938","76.37432593116854","76.37432593116854","76.37432593116854","127.84089599544862","127.84089599544862","127.84089599544862","157.85508748944517","157.85508748944517","157.85508748944517","247.59338989421616","247.59338989421616","247.59338989421616","263.4734062002381","263.4734062002381","263.4734062002381","159.89804318840464","159.89804318840464","159.89804318840464","96.5436189521853","96.5436189521853","96.5436189521853","193.90498813146007","193.90498813146007","193.90498813146007","172.4681414059506","172.4681414059506","172.4681414059506"
"236000","241.34445056353405","241.34445056353405","241.34445056353405","64.87430575421654","64.87430575421654","64.87430575421654","26.375315881305983","26.375315881305983","26.375315881305983","142.1809493802528","142.1809493802528","142.1809493802528","51.46683346247171","51.46683346247171","51.46683346247171","84.59406841005713","84.59406841005713","84.59406841005713","120.61171402482466","120.61171402482466","120.61171402482466","9.37960683897874","9.37960683897874","9.37960683897874","234.0809929261844","234.0809929261844","234.0809929261844","3.936160336655829","3.936160336655829","3.936160336655829","140.34818171304275","140.34818171304275","140.34818171304275","77.01462060637367","77.01462060637367","77.01462060637367","135.6088317779915","135.6088317779915","135.6088317779915","165.60976565271332","165.60976565271332","165.60976565271332","252.29232645654218","252.29232645654218","252.29232645654218","282.0367309582365","282.0367309582365","282.0367309582365","154.97798451104126","154.97798451104126","154.97798451104126","94.34277243711043","94.34277243711043","94.34277243711043","199.50593603298336","199.50593603298336","199.50593603298336","219.00870386666628","219.00870386666628","219.00870386666628"
"240000","284.69584093157124","284.69584093157124","284.69584093157124","87.56983308799751","87.56983308799751","87.56983308799751","26.37389394776444","26.37389394776444","26.37389394776444","124.85093796054562","124.85093796054562","124.85093796054562","48.25843459524536","48.25843459524536","48.25843459524536","109.053040343174","109.053040343174","109.053040343174","131.43624358207097","131.43624358207097","131.43624358207097","19.421495246434233","19.421495246434233","19.421495246434233","224.10022050238177","224.10022050238177","224.10022050238177","5.2234813889319645","5.2234813889319645","5.2234813889319645","147.62245402412955","147.62245402412955","147.62245402412955","94.39149295536764","94.39149295536764","94.39149295536764","135.8232411571761","135.8232411571761","135.8232411571761","143.45753765318494","143.45753765318494","143.45753765318494","70.89809185370663","70.89809185370663","70.89809185370663","282.08037028092474","282.08037028092474","282.08037028092474","142.9559315058615","142.9559315058615","142.9559315058615","85.31041390392105","85.31041390392105","85.31041390392105","205.2969410184851","205.2969410184851","205.2969410184851","205.13756844342691","205.13756844342691","205.13756844342691"
"244000","268.22175303893357","268.22175303893357","268.22175303893357","57.42403615966832","57.42403615966832","57.42403615966832","80.31222583554121","80.31222583554121","80.31222583554121","132.90140599163357","132.90140599163357","132.90140599163357","96.29395153611496","96.29395153611496","96.29395153611496","112.17626381604312","112.17626381604312","112.17626381604312","105.51652044883716","105.51652044883716","105.51652044883716","31.073153211876683","31.073153211876683","31.073153211876683","213.74560069361877","213.74560069361877","213.74560069361877","4.879214444558812","4.879214444558812","4.879214444558812","144.40164787786534","144.40164787786534","144.40164787786534","98.73847557538531","98.73847557538531","98.73847557538531","123.78154039426965","123.78154039426965","123.78154039426965","205.8968967417522","205.8968967417522","205.8968967417522","84.38808748764114","84.38808748764114","84.38808748764114","278.7507820265401","278.7507820265401","278.7507820265401","104.42775997876034","104.42775997876034","104.42775997876034","72.52758667184666","72.52758667184666","72.52758667184666","232.45561684814098","232.45561684814098","232.45561684814098","242.91602856486375","242.91602856486375","242.91602856486375"
"248000","246.61728317818478","246.61728317818478","246.61728317818478","148.45951292924514","148.45951292924514","148.45951292924514","98.7482244219558","98.7482244219558","98.7482244219558","120.52929841103953","120.52929841103953","120.52929841103953","94.8897421050892","94.8897421050892","94.8897421050892","111.28124742541328","111.28124742541328","111.28124742541328","94.40511775049933","94.40511775049933","94.40511775049933","34.00177726080413","34.00177726080413","34.00177726080413","212.78563025728658","212.78563025728658","212.78563025728658","11.143067224231036","11.143067224231036","11.143067224231036","139.66852611532445","139.66852611532445","139.66852611532445","93.89987424279882","93.89987424279882","93.89987424279882","146.2013767169461","146.2013767169461","146.2013767169461","195.00768766087936","195.00768766087936","195.00768766087936","74.35948387667499","74.35948387667499","74.35948387667499","268.70149515064077","268.70149515064077","268.70149515064077","124.75730356305124","124.75730356305124","124.75730356305124","72.59468526768453","72.59468526768453","72.59468526768453","233.17011456262017","233.17011456262017","233.17011456262017","219.9776893738005","219.9776893738005","219.9776893738005"
"252000","285.33818449231865","285.33818449231865","285.33818449231865","155.32998929819118","155.32998929819118","155.32998929819118","109.09770769810316","109.09770769810316","109.09770769810316","127.77184075042535","127.77184075042535","127.77184075042535","97.52469895593654","97.52469895593654","97.52469895593654","115.85283865847153","115.85283865847153","115.85283865847153","94.26343328041906","94.26343328041906","94.26343328041906","32.59929351558714","32.59929351558714","32.59929351558714","209.5991570596353","209.5991570596353","209.5991570596353","13.66282097859408","13.66282097859408","13.66282097859408","143.25565167766558","143.25565167766558","143.25565167766558","84.2658056214972","84.2658056214972","84.2658056214972","132.60725271504782","132.60725271504782","132.60725271504782","194.65682955991602","194.65682955991602","194.65682955991602","138.25588773091482","138.25588773091482","138.25588773091482","292.59821772849995","292.59821772849995","292.59821772849995","95.99181730628162","95.99181730628162","95.99181730628162","73.89889515403199","73.89889515403199","73.89889515403199","235.95417951372005","235.95417951372005","235.95417951372005","224.94062414154723","224.94062414154723","224.94062414154723"
"256000","291.1799007835546","291.1799007835546","291.1799007835546","141.1493153686692","141.1493153686692","141.1493153686692","107.86421434045454","107.86421434045454","107.86421434045454","131.31672406773598","131.31672406773598","131.31672406773598","133.03964384636419","133.03964384636419","133.03964384636419","127.28303337161587","127.28303337161587","127.28303337161587","96.54460632231617","96.54460632231617","96.54460632231617","35.674827025147714","35.674827025147714","35.674827025147714","215.9978587353452","215.9978587353452","215.9978587353452","11.427620122786333","11.427620122786333","11.427620122786333","154.55796757770577","154.55796757770577","154.55796757770577","82.6737008705347","82.6737008705347","82.6737008705347","131.49349752274512","131.49349752274512","131.49349752274512","209.0301684737977","209.0301684737977","209.0301684737977","153.18852997870601","153.18852997870601","153.18852997870601","298.93420790301155","298.93420790301155","298.93420790301155","104.92516571521124","104.92516571521124","104.92516571521124","77.62271102522274","77.62271102522274","77.62271102522274","245.82209388341158","245.82209388341158","245.82209388341158","213.76233895027016","213.76233895027016","213.76233895027016"
"260000","274.2913482485784","274.2913482485784","274.2913482485784","160.6003122996457","160.6003122996457","160.6003122996457","141.90770539284","141.90770539284","141.90770539284","133.98409971508175","133.98409971508175","133.98409971508175","123.42897404703949","123.42897404703949","123.42897404703949","149.67418499942886","149.67418499942886","149.67418499942886","101.6264057688745","101.6264057688745","101.6264057688745","39.04041109739125","39.04041109739125","39.04041109739125","210.81960003518185","210.81960003518185","210.81960003518185","8.85178925716471","8.85178925716471","8.85178925716471","130.63666611169705","130.63666611169705","130.63666611169705","105.61386488625757","105.61386488625757","105.61386488625757","149.90319615039223","149.90319615039223","149.90319615039223","275.1145033572359","275.1145033572359","275.1145033572359","156.39320709855326","156.39320709855326","156.39320709855326","289.9715341879315","289.9715341879315","289.9715341879315","136.38601347498178","136.38601347498178","136.38601347498178","79.52631308777588","79.52631308777588","79.52631308777588","226.84660050131893","226.84660050131893","226.84660050131893","210.19344218965188","210.19344218965188","210.19344218965188"
"264000","260.7278662396857","260.7278662396857","260.7278662396857","130.40362933923987","130.40362933923987","130.40362933923987","142.95082436449493","142.95082436449493","142.95082436449493","134.3253604815905","134.3253604815905","134.3253604815905","131.07044581897634","131.07044581897634","131.07044581897634","100.35653227591473","100.35653227591473","100.35653227591473","105.7890801763132","105.7890801763132","105.7890801763132","15.792913589474562","15.792913589474562","15.792913589474562","202.04782935575702","202.04782935575702","202.04782935575702","12.927702923762308","12.927702923762308","12.927702923762308","78.61921009155361","78.61921009155361","78.61921009155361","110.93246607529208","110.93246607529208","110.93246607529208","117.63135955049086","117.63135955049086","117.63135955049086","221.23782314051823","221.23782314051823","221.23782314051823","145.92393738806192","145.92393738806192","145.92393738806192","293.5787021715693","293.5787021715693","293.5787021715693","139.20455708256708","139.20455708256708","139.20455708256708","65.4261679199871","65.4261679199871","65.4261679199871","232.8676560034557","232.8676560034557","232.8676560034557","204.76202050830915","204.76202050830915","204.76202050830915"
"268000","270.989013688846","270.989013688846","270.989013688846","148.68928912962335","148.68928912962335","148.68928912962335","131.4059114260219","131.4059114260219","131.4059114260219","132.000221272526","132.000221272526","132.000221272526","61.86432551823118","61.86432551823118","61.86432551823118","129.91305878535616","129.91305878535616","129.91305878535616","156.63543783197636","156.63543783197636","156.63543783197636","9.661649803015068","9.661649803015068","9.661649803015068","215.88987053043562","215.88987053043562","215.88987053043562","6.698231092870081","6.698231092870081","6.698231092870081","7.336288290752881","7.336288290752881","7.336288290752881","106.24883944805647","106.24883944805647","106.24883944805647","118.08291449900528","118.08291449900528","118.08291449900528","212.34160812927485","212.34160812927485","212.34160812927485","137.6093136408053","137.6093136408053","137.6093136408053","299.22830174239164","299.22830174239164","299.22830174239164","186.10149790413706","186.10149790413706","186.10149790413706","88.22833234515298","88.22833234515298","88.22833234515298","185.68584288328177","185.68584288328177","185.68584288328177","200.04109037602754","200.04109037602754","200.04109037602754"
"272000","289.593972967978","289.593972967978","289.593972967978","141.13178579775666","141.13178579775666","141.13178579775666","133.35984017022253","133.35984017022253","133.35984017022253","137.84678431097535","137.84678431097535","137.84678431097535","122.25874012568097","122.25874012568097","122.25874012568097","139.59188415911018","139.59188415911018","139.59188415911018","205.44878798842205","205.44878798842205","205.44878798842205","17.704322251318704","17.704322251318704","17.704322251318704","203.59355746229673","203.59355746229673","203.59355746229673","6.76545816366159","6.76545816366159","6.76545816366159","14.023777269373303","14.023777269373303","14.023777269373303","100.40022504222495","100.40022504222495","100.40022504222495","138.1930414826799","138.1930414826799","138.1930414826799","179.05069828008226","179.05069828008226","179.05069828008226","138.8733204361426","138.8733204361426","138.8733204361426","221.65956713565066","221.65956713565066","221.65956713565066","143.54612039550994","143.54612039550994","143.54612039550994","110.94315927372523","110.94315927372523","110.94315927372523","186.2553020783326","186.2553020783326","186.2553020783326","184.07405508881476","184.07405508881476","184.07405508881476"
"276000","269.04508672102367","269.04508672102367","269.04508672102367","156.51540344674257","156.51540344674257","156.51540344674257","142.6771574823556","142.6771574823556","142.6771574823556","120.57309112071684","120.57309112071684","120.57309112071684","124.18948370574711","124.18948370574711","124.18948370574711","139.99676709386256","139.99676709386256","139.99676709386256","161.08477718484636","161.08477718484636","161.08477718484636","21.08723146802567","21.08723146802567","21.08723146802567","212.1960635240144","212.1960635240144","212.1960635240144","6.322812110408425","6.322812110408425","6.322812110408425","37.959224319732314","37.959224319732314","37.959224319732314","104.71216591096189","104.71216591096189","104.71216591096189","110.24435692504423","110.24435692504423","110.24435692504423","214.40674838193027","214.40674838193027","214.40674838193027","133.28144621401162","133.28144621401162","133.28144621401162","286.4778283953659","286.4778283953659","286.4778283953659","163.27140255554482","163.27140255554482","163.27140255554482","139.16699663875647","139.16699663875647","139.16699663875647","232.08602711894346","232.08602711894346","232.08602711894346","216.85739264203434","216.85739264203434","216.85739264203434"
"280000","295.1656580891351","295.1656580891351","295.1656580891351","164.18623508537235","164.18623508537235","164.18623508537235","134.08753327610688","134.08753327610688","134.08753327610688","122.66478525704156","122.66478525704156","122.66478525704156","120.19631591126594","120.19631591126594","120.19631591126594","151.46996825826665","151.46996825826665","151.46996825826665","168.41959497763628","168.41959497763628","168.41959497763628","13.09477776323953","13.09477776323953","13.09477776323953","214.12797178147835","214.12797178147835","214.12797178147835","5.151532746966104","5.151532746966104","5.151532746966104","5.040173156322511","5.040173156322511","5.040173156322511","112.64443915363874","112.64443915363874","112.64443915363874","95.0891559669808","95.0891559669808","95.0891559669808","213.90611779435625","213.90611779435625","213.90611779435625","131.88713097151827","131.88713097151827","131.88713097151827","283.1528119844362","283.1528119844362","283.1528119844362","183.0612142624425","183.0612142624425","183.0612142624425","175.92880179387782","175.92880179387782","175.92880179387782","240.71938723768076","240.71938723768076","240.71938723768076","196.45486843913878","196.45486843913878","196.45486843913878"
"284000","285.6260241877609","285.6260241877609","285.6260241877609","168.82942109988144","168.82942109988144","168.82942109988144","138.3143621954186","138.3143621954186","138.3143621954186","96.76875422597372","96.76875422597372","96.76875422597372","125.88658795492147","125.88658795492147","125.88658795492147","120.05243690280017","120.05243690280017","120.05243690280017","168.37418803482052","168.37418803482052","168.37418803482052","10.315489430995585","10.315489430995585","10.315489430995585","231.55195177272964","231.55195177272964","231.55195177272964","4.846138580191603","4.846138580191603","4.846138580191603","5.073193173359098","5.073193173359098","5.073193173359098","98.73913005550892","98.73913005550892","98.73913005550892","119.64379463744126","119.64379463744126","119.64379463744126","208.2643594804622","208.2643594804622","208.2643594804622","165.53518812733753","165.53518812733753","165.53518812733753","302.9965551743494","302.9965551743494","302.9965551743494","158.33246546082623","158.33246546082623","158.33246546082623","162.3012762151042","162.3012762151042","162.3012762151042","277.93558117012816","277.93558117012816","277.93558117012816","203.17949569962698","203.17949569962698","203.17949569962698"
"288000","280.87256636974223","280.87256636974223","280.87256636974223","149.8404281639948","149.8404281639948","149.8404281639948","131.86457315692465","131.86457315692465","131.86457315692465","138.42602325804302","138.42602325804302","138.42602325804302","128.23764984715893","128.23764984715893","128.23764984715893","125.36315554719538","125.36315554719538","125.36315554719538","162.85279206787771","162.85279206787771","162.85279206787771","10.40910222752402","10.40910222752402","10.40910222752402","235.76787383342307","235.76787383342307","235.76787383342307","4.821064926715715","4.821064926715715","4.821064926715715","4.922359138624432","4.922359138624432","4.922359138624432","178.69018070345834","178.69018070345834","178.69018070345834","125.54053755145483","125.54053755145483","125.54053755145483","212.59956278164927","212.59956278164927","212.59956278164927","248.0634819090197","248.0634819090197","248.0634819090197","271.59880062219054","271.59880062219054","271.59880062219054","115.84315963280594","115.84315963280594","115.84315963280594","161.24597218381777","161.24597218381777","161.24597218381777","297.4384591659385","297.4384591659385","297.4384591659385","208.24057657992557","208.24057657992557","208.24057657992557"
"292000","285.9397241037145","285.9397241037145","285.9397241037145","133.02056769037932","133.02056769037932","133.02056769037932","141.84275491519688","141.84275491519688","141.84275491519688","144.12760316431354","144.12760316431354","144.12760316431354","125.64156704510205","125.64156704510205","125.64156704510205","124.10477899839523","124.10477899839523","124.10477899839523","162.24424292608325","162.24424292608325","162.24424292608325","38.32004595528027","38.32004595528027","38.32004595528027","237.2533376025961","237.2533376025961","237.2533376025961","3.885608112751247","3.885608112751247","3.885608112751247","103.8192582334209","103.8192582334209","103.8192582334209","102.72798156132292","102.72798156132292","102.72798156132292","93.14893176302682","93.14893176302682","93.14893176302682","214.37862433499686","214.37862433499686","214.37862433499686","220.0938287589046","220.0938287589046","220.0938287589046","285.3075276480556","285.3075276480556","285.3075276480556","132.0802565843184","132.0802565843184","132.0802565843184","160.55636900826872","160.55636900826872","160.55636900826872","270.3293384132847","270.3293384132847","270.3293384132847","233.66645697963105","233.66645697963105","233.66645697963105"
"296000","298.17519953071906","298.17519953071906","298.17519953071906","121.93272738762548","121.93272738762548","121.93272738762548","129.00062498320753","129.00062498320753","129.00062498320753","145.9576319968553","145.9576319968553","145.9576319968553","101.64054276105804","101.64054276105804","101.64054276105804","154.39717143390038","154.39717143390038","154.39717143390038","171.7756234597471","171.7756234597471","171.7756234597471","9.653197407230284","9.653197407230284","9.653197407230284","235.27290640129505","235.27290640129505","235.27290640129505","4.350947796768023","4.350947796768023","4.350947796768023","77.12292207174559","77.12292207174559","77.12292207174559","178.19066700336663","178.19066700336663","178.19066700336663","89.61565269587973","89.61565269587973","89.61565269587973","200.80539949612276","200.80539949612276","200.80539949612276","232.9396052704828","232.9396052704828","232.9396052704828","290.86630760938004","290.86630760938004","290.86630760938004","153.24956772191734","153.24956772191734","153.24956772191734","123.52732402869371","123.52732402869371","123.52732402869371","273.06386975096603","273.06386975096603","273.06386975096603","231.67164700941794","231.67164700941794","231.67164700941794"
"300000","272.6666561345181","272.6666561345181","272.6666561345181","125.14288653968734","125.14288653968734","125.14288653968734","134.30537177193625","134.30537177193625","134.30537177193625","145.74295873821137","145.74295873821137","145.74295873821137","117.39172120247017","117.39172120247017","117.39172120247017","115.02912359682891","115.02912359682891","115.02912359682891","168.883374927066","168.883374927066","168.883374927066","7.065586635718207","7.065586635718207","7.065586635718207","235.57458973325424","235.57458973325424","235.57458973325424","4.601149082104103","4.601149082104103","4.601149082104103","136.80753327831312","136.80753327831312","136.80753327831312","127.91434081185628","127.91434081185628","127.91434081185628","102.75712216490885","102.75712216490885","102.75712216490885","187.00141275549407","187.00141275549407","187.00141275549407","223.72271381345848","223.72271381345848","223.72271381345848","275.16360502099246","275.16360502099246","275.16360502099246","157.85613548604573","157.85613548604573","157.85613548604573","150.49912793290076","150.49912793290076","150.49912793290076","210.08433290348017","210.08433290348017","210.08433290348017","203.37087712417875","203.37087712417875","203.37087712417875"
"304000","275.70469768463596","275.70469768463596","275.70469768463596","105.28302074441517","105.28302074441517","105.28302074441517","126.44499453238029","126.44499453238029","126.44499453238029","140.01192330023952","140.01192330023952","140.01192330023952","150.0741629362417","150.0741629362417","150.0741629362417","105.33181962309484","105.33181962309484","105.33181962309484","172.10134915595535","172.10134915595535","172.10134915595535","25.48501673882897","25.48501673882897","25.48501673882897","243.48911071571405","243.48911071571405","243.48911071571405","7.174579074665094","7.174579074665094","7.174579074665094","69.79514604605735","69.79514604605735","69.79514604605735","179.24388643760398","179.24388643760398","179.24388643760398","106.77283055913124","106.77283055913124","106.77283055913124","185.37049625212802","185.37049625212802","185.37049625212802","247.7893475308143","247.7893475308143","247.7893475308143","290.4763812332847","290.4763812332847","290.4763812332847","125.60833335058037","125.60833335058037","125.60833335058037","163.37543084403654","163.37543084403654","163.37543084403654","201.53139855297542","201.53139855297542","201.53139855297542","214.0378138086367","214.0378138086367","214.0378138086367"
"308000","281.45791824250284","281.45791824250284","281.45791824250284","147.8931261956364","147.8931261956364","147.8931261956364","139.63967915015007","139.63967915015007","139.63967915015007","173.07813784311517","173.07813784311517","173.07813784311517","147.11321725110116","147.11321725110116","147.11321725110116","107.09888427826851","107.09888427826851","107.09888427826851","180.29790115614998","180.29790115614998","180.29790115614998","18.4388864225812","18.4388864225812","18.4388864225812","249.4865526469765","249.4865526469765","249.4865526469765","5.941721410013885","5.941721410013885","5.941721410013885","120.38771278988239","120.38771278988239","120.38771278988239","162.0062671065511","162.0062671065511","162.0062671065511","130.44614032948851","130.44614032948851","130.44614032948851","160.18162011580893","160.18162011580893","160.18162011580893","250.50985441680328","250.50985441680328","250.50985441680328","287.08545689393605","287.08545689393605","287.08545689393605","187.6411526173775","187.6411526173775","187.6411526173775","126.15593243390836","126.15593243390836","126.15593243390836","209.5474818618533","209.5474818618533","209.5474818618533","211.626628875081","211.626628875081","211.626628875081"
"312000","287.576848806053","287.576848806053","287.576848806053","139.09584065604693","139.09584065604693","139.09584065604693","146.5809337871071","146.5809337871071","146.5809337871071","142.77430061366917","142.77430061366917","142.77430061366917","112.33429471568493","112.33429471568493","112.33429471568493","127.05083845343165","127.05083845343165","127.05083845343165","217.5911955792989","217.5911955792989","217.5911955792989","26.79661535510258","26.79661535510258","26.79661535510258","259.4896528701352","259.4896528701352","259.4896528701352","5.4667778450622295","5.4667778450622295","5.4667778450622295","154.65077205266974","154.65077205266974","154.65077205266974","163.2808857963022","163.2808857963022","163.2808857963022","133.87476476365086","133.87476476365086","133.87476476365086","155.80910886171964","155.80910886171964","155.80910886171964","256.4260757870188","256.4260757870188","256.4260757870188","276.87343596752396","276.87343596752396","276.87343596752396","134.7562880605257","134.7562880605257","134.7562880605257","137.13073208023508","137.13073208023508","137.13073208023508","267.0434116704661","267.0434116704661","267.0434116704661","211.5878248321641","211.5878248321641","211.5878248321641"
"316000","275.5541701210397","275.5541701210397","275.5541701210397","141.19940925078149","141.19940925078149","141.19940925078149","197.2833696458666","197.2833696458666","197.2833696458666","141.10265476927412","141.10265476927412","141.10265476927412","109.20341411029706","109.20341411029706","109.20341411029706","112.37868962979137","112.37868962979137","112.37868962979137","203.19740141293124","203.19740141293124","203.19740141293124","14.694661349926875","14.694661349926875","14.694661349926875","244.97490453961345","244.97490453961345","244.97490453961345","42.980372615263335","42.980372615263335","42.980372615263335","150.34683005457524","150.34683005457524","150.34683005457524","123.98448675384506","123.98448675384506","123.98448675384506","125.27533036513971","125.27533036513971","125.27533036513971","157.7107319838045","157.7107319838045","157.7107319838045","231.71538769952517","231.71538769952517","231.71538769952517","297.8264324416277","297.8264324416277","297.8264324416277","139.52443790214622","139.52443790214622","139.52443790214622","119.95328059375929","119.95328059375929","119.95328059375929","281.7941112362681","281.7941112362681","281.7941112362681","198.79239194007118","198.79239194007118","198.79239194007118"
"320000","281.2263218098879","281.2263218098879","281.2263218098879","181.6082966295301","181.6082966295301","181.6082966295301","190.5454888809669","190.5454888809669","190.5454888809669","135.55446858850604","135.55446858850604","135.55446858850604","90.0517982088613","90.0517982088613","90.0517982088613","115.32918768293379","115.32918768293379","115.32918768293379","219.63249535751794","219.63249535751794","219.63249535751794","11.635709744162941","11.635709744162941","11.635709744162941","234.22794310776152","234.22794310776152","234.22794310776152","42.378794674262465","42.378794674262465","42.378794674262465","143.82685497795927","143.82685497795927","143.82685497795927","110.79136270757351","110.79136270757351","110.79136270757351","130.33782876060047","130.33782876060047","130.33782876060047","149.67911092779167","149.67911092779167","149.67911092779167","233.52070341406534","233.52070341406534","233.52070341406534","258.83965241090857","258.83965241090857","258.83965241090857","141.25310337233512","141.25310337233512","141.25310337233512","125.18106740528961","125.18106740528961","125.18106740528961","267.43180649219835","267.43180649219835","267.43180649219835","206.94242138606438","206.94242138606438","206.94242138606438"
"324000","308.140432708075","308.140432708075","308.140432708075","205.84992589679632","205.84992589679632","205.84992589679632","151.81259987933362","151.81259987933362","151.81259987933362","132.68722040698762","132.68722040698762","132.68722040698762","56.32740410946726","56.32740410946726","56.32740410946726","121.34747068132465","121.34747068132465","121.34747068132465","211.92997479151995","211.92997479151995","211.92997479151995","56.1221053568205","56.1221053568205","56.1221053568205","240.5066524552173","240.5066524552173","240.5066524552173","46.379208524180925","46.379208524180925","46.379208524180925","141.6603721414791","141.6603721414791","141.6603721414791","86.60057789358918","86.60057789358918","86.60057789358918","122.00082316188643","122.00082316188643","122.00082316188643","140.54280026692265","140.54280026692265","140.54280026692265","236.63993969822127","236.63993969822127","236.63993969822127","237.29802697267473","237.29802697267473","237.29802697267473","139.33433016586167","139.33433016586167","139.33433016586167","117.20214112349728","117.20214112349728","117.20214112349728","262.6806552055744","262.6806552055744","262.6806552055744","196.56068452233515","196.56068452233515","196.56068452233515"
"328000","278.8802935142452","278.8802935142452","278.8802935142452","176.82035408546318","176.82035408546318","176.82035408546318","194.526075265447","194.526075265447","194.526075265447","139.8797825968473","139.8797825968473","139.8797825968473","10.798891239066805","10.798891239066805","10.798891239066805","114.03598268651544","114.03598268651544","114.03598268651544","216.22516820844368","216.22516820844368","216.22516820844368","33.615636031340216","33.615636031340216","33.615636031340216","239.47119701036428","239.47119701036428","239.47119701036428","37.11374191109454","37.11374191109454","37.11374191109454","139.56993161182064","139.56993161182064","139.56993161182064","111.56343297544768","111.56343297544768","111.56343297544768","133.4364738414851","133.4364738414851","133.4364738414851","187.48056464826612","187.48056464826612","187.48056464826612","232.1255783319616","232.1255783319616","232.1255783319616","237.94894234729873","237.94894234729873","237.94894234729873","147.51598460709056","147.51598460709056","147.51598460709056","136.0426680620544","136.0426680620544","136.0426680620544","263.387063449011","263.387063449011","263.387063449011","217.8025207088254","217.8025207088254","217.8025207088254"
"332000","301.9553750050224","301.9553750050224","301.9553750050224","149.1474075983913","149.1474075983913","149.1474075983913","214.4791776808739","214.4791776808739","214.4791776808739","120.51640610566622","120.51640610566622","120.51640610566622","10.631992148558254","10.631992148558254","10.631992148558254","113.23350909169324","113.23350909169324","113.23350909169324","173.1532501005398","173.1532501005398","173.1532501005398","22.35397632251769","22.35397632251769","22.35397632251769","233.8901875511389","233.8901875511389","233.8901875511389","5.720831425529909","5.720831425529909","5.720831425529909","137.6934984392854","137.6934984392854","137.6934984392854","113.19666329075326","113.19666329075326","113.19666329075326","117.94284347133801","117.94284347133801","117.94284347133801","195.46018387491503","195.46018387491503","195.46018387491503","222.37498609931285","222.37498609931285","222.37498609931285","234.33264132754175","234.33264132754175","234.33264132754175","140.73878644121234","140.73878644121234","140.73878644121234","120.09882486287852","120.09882486287852","120.09882486287852","261.6964951860171","261.6964951860171","261.6964951860171","209.72222640950673","209.72222640950673","209.72222640950673"
"336000","268.0204499768665","268.0204499768665","268.0204499768665","170.99739608464157","170.99739608464157","170.99739608464157","217.11413822453582","217.11413822453582","217.11413822453582","117.02218531635863","117.02218531635863","117.02218531635863","10.31807404040839","10.31807404040839","10.31807404040839","115.24623187597126","115.24623187597126","115.24623187597126","225.95830036124576","225.95830036124576","225.95830036124576","10.853252224233206","10.853252224233206","10.853252224233206","244.28152789952614","244.28152789952614","244.28152789952614","48.98093919426057","48.98093919426057","48.98093919426057","141.23384503737066","141.23384503737066","141.23384503737066","109.1889752994224","109.1889752994224","109.1889752994224","119.43340573399755","119.43340573399755","119.43340573399755","200.06986657482832","200.06986657482832","200.06986657482832","216.95554876251532","216.95554876251532","216.95554876251532","260.5369545549342","260.5369545549342","260.5369545549342","142.0740691223993","142.0740691223993","142.0740691223993","125.98568046557833","125.98568046557833","125.98568046557833","268.1617359526437","268.1617359526437","268.1617359526437","207.1426403707057","207.1426403707057","207.1426403707057"
"340000","283.2891949784812","283.2891949784812","283.2891949784812","191.32658712591032","191.32658712591032","191.32658712591032","210.14380751721038","210.14380751721038","210.14380751721038","118.62669352267915","118.62669352267915","118.62669352267915","122.49160672474002","122.49160672474002","122.49160672474002","126.95901214874182","126.95901214874182","126.95901214874182","211.1258430913079","211.1258430913079","211.1258430913079","30.111308904555266","30.111308904555266","30.111308904555266","251.40197910503858","251.40197910503858","251.40197910503858","62.82085048680832","62.82085048680832","62.82085048680832","133.07616466637586","133.07616466637586","133.07616466637586","114.29235229607768","114.29235229607768","114.29235229607768","110.80746782603771","110.80746782603771","110.80746782603771","194.1705756278384","194.1705756278384","194.1705756278384","244.80618505381207","244.80618505381207","244.80618505381207","239.29809360172914","239.29809360172914","239.29809360172914","152.2925690280935","152.2925690280935","152.2925690280935","122.72468234419914","122.72468234419914","122.72468234419914","271.51309893618253","271.51309893618253","271.51309893618253","195.77617223184922","195.77617223184922","195.77617223184922"
"344000","288.7105394895692","288.7105394895692","288.7105394895692","199.359477531447","199.359477531447","199.359477531447","204.9756310263436","204.9756310263436","204.9756310263436","139.99863495003618","139.99863495003618","139.99863495003618","124.25365195335833","124.25365195335833","124.25365195335833","127.94145769164618","127.94145769164618","127.94145769164618","216.96825256953585","216.96825256953585","216.96825256953585","38.374161583832944","38.374161583832944","38.374161583832944","256.8174478949069","256.8174478949069","256.8174478949069","83.39827602784067","83.39827602784067","83.39827602784067","146.6997395293265","146.6997395293265","146.6997395293265","112.3531496367898","112.3531496367898","112.3531496367898","128.32071697434728","128.32071697434728","128.32071697434728","195.88577982733858","195.88577982733858","195.88577982733858","184.24192100707768","184.24192100707768","184.24192100707768","231.36731419859046","231.36731419859046","231.36731419859046","153.28583965273518","153.28583965273518","153.28583965273518","127.76968706443681","127.76968706443681","127.76968706443681","238.664603390673","238.664603390673","238.664603390673","234.06801161984586","234.06801161984586","234.06801161984586"
"348000","289.97037905415414","289.97037905415414","289.97037905415414","191.0581872850343","191.0581872850343","191.0581872850343","202.61945679597997","202.61945679597997","202.61945679597997","134.89660965543356","134.89660965543356","134.89660965543356","122.31210422513679","122.31210422513679","122.31210422513679","124.3711346289659","124.3711346289659","124.3711346289659","219.98551094392397","219.98551094392397","219.98551094392397","35.54603192168847","35.54603192168847","35.54603192168847","234.44683891169748","234.44683891169748","234.44683891169748","57.559337825866145","57.559337825866145","57.559337825866145","149.06857151066612","149.06857151066612","149.06857151066612","120.11809230276549","120.11809230276549","120.11809230276549","130.11122048594086","130.11122048594086","130.11122048594086","208.32127962617702","208.32127962617702","208.32127962617702","183.81245928048952","183.81245928048952","183.81245928048952","226.45238107531037","226.45238107531037","226.45238107531037","152.88317816161867","152.88317816161867","152.88317816161867","141.69183497989147","141.69183497989147","141.69183497989147","241.90134910441876","241.90134910441876","241.90134910441876","238.28530682735308","238.28530682735308","238.28530682735308"
"352000","308.23586165077836","308.23586165077836","308.23586165077836","145.32526979717622","145.32526979717622","145.32526979717622","170.78001832415333","170.78001832415333","170.78001832415333","189.31826413104196","189.31826413104196","189.31826413104196","111.9904264174332","111.9904264174332","111.9904264174332","122.91013767688689","122.91013767688689","122.91013767688689","224.21289816465097","224.21289816465097","224.21289816465097","53.939278689895275","53.939278689895275","53.939278689895275","217.82732328467029","217.82732328467029","217.82732328467029","12.948560199822401","12.948560199822401","12.948560199822401","146.43932213753405","146.43932213753405","146.43932213753405","106.78418995154857","106.78418995154857","106.78418995154857","133.3969907596663","133.3969907596663","133.3969907596663","206.18408773062964","206.18408773062964","206.18408773062964","246.16258698630048","246.16258698630048","246.16258698630048","267.07751844767694","267.07751844767694","267.07751844767694","154.60316591421767","154.60316591421767","154.60316591421767","135.01358951783843","135.01358951783843","135.01358951783843","217.36059315064864","217.36059315064864","217.36059315064864","237.36865393237025","237.36865393237025","237.36865393237025"
"356000","305.69733013415777","305.69733013415777","305.69733013415777","151.53422499405872","151.53422499405872","151.53422499405872","215.92648905937176","215.92648905937176","215.92648905937176","151.5151085927355","151.5151085927355","151.5151085927355","109.80329854205925","109.80329854205925","109.80329854205925","117.7781664130533","117.7781664130533","117.7781664130533","238.33552372612726","238.33552372612726","238.33552372612726","33.274660122350454","33.274660122350454","33.274660122350454","221.51032958678144","221.51032958678144","221.51032958678144","6.630483652817645","6.630483652817645","6.630483652817645","155.2778931729742","155.2778931729742","155.2778931729742","115.17664983366645","115.17664983366645","115.17664983366645","109.82191739551165","109.82191739551165","109.82191739551165","201.92018003117914","201.92018003117914","201.92018003117914","198.5251909604558","198.5251909604558","198.5251909604558","233.20991544880252","233.20991544880252","233.20991544880252","150.22760843441384","150.22760843441384","150.22760843441384","147.84572083029448","147.84572083029448","147.84572083029448","180.22992308075334","180.22992308075334","180.22992308075334","237.6280564299871","237.6280564299871","237.6280564299871"
"360000","292.44030623765263","292.44030623765263","292.44030623765263","153.701987616302","153.701987616302","153.701987616302","158.6303289611588","158.6303289611588","158.6303289611588","128.2130629197389","128.2130629197389","128.2130629197389","161.74219504243814","161.74219504243814","161.74219504243814","124.55684259135782","124.55684259135782","124.55684259135782","244.7719904996141","244.7719904996141","244.7719904996141","59.93521773625813","59.93521773625813","59.93521773625813","259.6641703445438","259.6641703445438","259.6641703445438","24.88640054678261","24.88640054678261","24.88640054678261","125.80286763553866","125.80286763553866","125.80286763553866","123.01609346017415","123.01609346017415","123.01609346017415","99.44527066802848","99.44527066802848","99.44527066802848","206.01108752771538","206.01108752771538","206.01108752771538","249.41958608159362","249.41958608159362","249.41958608159362","249.0353329489179","249.0353329489179","249.0353329489179","146.56966908843316","146.56966908843316","146.56966908843316","150.67922221708804","150.67922221708804","150.67922221708804","179.56042503101924","179.56042503101924","179.56042503101924","231.2539341450841","231.2539341450841","231.2539341450841"
"364000","294.69723039273896","294.69723039273896","294.69723039273896","163.23029011308756","163.23029011308756","163.23029011308756","140.87428454302457","140.87428454302457","140.87428454302457","137.26990590413342","137.26990590413342","137.26990590413342","153.02733681813692","153.02733681813692","153.02733681813692","129.7071151626933","129.7071151626933","129.7071151626933","241.0565778611382","241.0565778611382","241.0565778611382","59.382608842475165","59.382608842475165","59.382608842475165","246.25088950512804","246.25088950512804","246.25088950512804","49.0450314854735","49.0450314854735","49.0450314854735","149.4726533364504","149.4726533364504","149.4726533364504","124.94482746272426","124.94482746272426","124.94482746272426","91.36661725528744","91.36661725528744","91.36661725528744","208.09852516423234","208.09852516423234","208.09852516423234","258.82346087379983","258.82346087379983","258.82346087379983","265.5799385829468","265.5799385829468","265.5799385829468","146.96839266139915","146.96839266139915","146.96839266139915","150.394710155719","150.394710155719","150.394710155719","258.1457822810479","258.1457822810479","258.1457822810479","244.43550564126704","244.43550564126704","244.43550564126704"
"368000","311.60867462164134","311.60867462164134","311.60867462164134","198.44241083515635","198.44241083515635","198.44241083515635","147.8276996782015","147.8276996782015","147.8276996782015","144.35673840961064","144.35673840961064","144.35673840961064","139.6288942914591","139.6288942914591","139.6288942914591","155.50354468690745","155.50354468690745","155.50354468690745","236.3436445329276","236.3436445329276","236.3436445329276","83.03901917434148","83.03901917434148","83.03901917434148","255.06533151250747","255.06533151250747","255.06533151250747","49.72273367349594","49.72273367349594","49.72273367349594","120.70928373524319","120.70928373524319","120.70928373524319","114.4419539817854","114.4419539817854","114.4419539817854","129.63774440084367","129.63774440084367","129.63774440084367","206.05872437665545","206.05872437665545","206.05872437665545","256.17601667328097","256.17601667328097","256.17601667328097","304.3174899772066","304.3174899772066","304.3174899772066","148.60852742075477","148.60852742075477","148.60852742075477","142.66437156303374","142.66437156303374","142.66437156303374","177.97744162280563","177.97744162280563","177.97744162280563","247.99423984933887","247.99423984933887","247.99423984933887"
"372000","312.7665003358395","312.7665003358395","312.7665003358395","167.90926794126784","167.90926794126784","167.90926794126784","195.15699566870384","195.15699566870384","195.15699566870384","130.7194618832132","130.7194618832132","130.7194618832132","100.80203363784479","100.80203363784479","100.80203363784479","147.46440714755582","147.46440714755582","147.46440714755582","233.2483419082761","233.2483419082761","233.2483419082761","79.34754187202599","79.34754187202599","79.34754187202599","250.39269988300848","250.39269988300848","250.39269988300848","56.987520724056026","56.987520724056026","56.987520724056026","104.13149164470283","104.13149164470283","104.13149164470283","115.79479407956646","115.79479407956646","115.79479407956646","134.16464963322","134.16464963322","134.16464963322","206.538692449461","206.538692449461","206.538692449461","242.27523037995223","242.27523037995223","242.27523037995223","292.9753380268343","292.9753380268343","292.9753380268343","150.90513807624586","150.90513807624586","150.90513807624586","147.5173163354737","147.5173163354737","147.5173163354737","192.3584450405822","192.3584450405822","192.3584450405822","241.03074891257933","241.03074891257933","241.03074891257933"
"376000","301.38188591233836","301.38188591233836","301.38188591233836","163.15201933313875","163.15201933313875","163.15201933313875","207.9068812322097","207.9068812322097","207.9068812322097","140.17532350582906","140.17532350582906","140.17532350582906","122.43085347369625","122.43085347369625","122.43085347369625","126.12053259055219","126.12053259055219","126.12053259055219","226.50434756587657","226.50434756587657","226.50434756587657","18.77121389262408","18.77121389262408","18.77121389262408","248.23913485458206","248.23913485458206","248.23913485458206","58.75515350300467","58.75515350300467","58.75515350300467","19.577137294524782","19.577137294524782","19.577137294524782","108.23826294376288","108.23826294376288","108.23826294376288","135.834027575822","135.834027575822","135.834027575822","253.910864879254","253.910864879254","253.910864879254","262.95106871555765","262.95106871555765","262.95106871555765","289.6750813907571","289.6750813907571","289.6750813907571","148.9570511188527","148.9570511188527","148.9570511188527","142.8195947067839","142.8195947067839","142.8195947067839","219.36779463481625","219.36779463481625","219.36779463481625","247.12449438720097","247.12449438720097","247.12449438720097"
"380000","306.66419409573274","306.66419409573274","306.66419409573274","125.54265621271313","125.54265621271313","125.54265621271313","204.64384201903738","204.64384201903738","204.64384201903738","151.82255054814584","151.82255054814584","151.82255054814584","168.8138133214016","168.8138133214016","168.8138133214016","125.59371089699455","125.59371089699455","125.59371089699455","208.88191705757336","208.88191705757336","208.88191705757336","38.1735884415702","38.1735884415702","38.1735884415702","232.1848018276131","232.1848018276131","232.1848018276131","36.71713415692598","36.71713415692598","36.71713415692598","3.342247347161245","3.342247347161245","3.342247347161245","114.11776463088249","114.11776463088249","114.11776463088249","127.79217863294689","127.79217863294689","127.79217863294689","242.75372352364997","242.75372352364997","242.75372352364997","228.26545320614431","228.26545320614431","228.26545320614431","287.62845512344154","287.62845512344154","287.62845512344154","144.3003919492624","144.3003919492624","144.3003919492624","137.14145653471493","137.14145653471493","137.14145653471493","155.34578753492133","155.34578753492133","155.34578753492133","247.91674135894988","247.91674135894988","247.91674135894988"
"384000","306.63942489008826","306.63942489008826","306.63942489008826","191.03497888078445","191.03497888078445","191.03497888078445","205.60727673620084","205.60727673620084","205.60727673620084","150.32102452910857","150.32102452910857","150.32102452910857","177.9651407628061","177.9651407628061","177.9651407628061","140.17823036670788","140.17823036670788","140.17823036670788","232.32280338643892","232.32280338643892","232.32280338643892","17.173406596467935","17.173406596467935","17.173406596467935","266.19706998925176","266.19706998925176","266.19706998925176","23.014239909807337","23.014239909807337","23.014239909807337","11.10210003045291","11.10210003045291","11.10210003045291","154.07479717996569","154.07479717996569","154.07479717996569","122.50834139537069","122.50834139537069","122.50834139537069","242.52854227787398","242.52854227787398","242.52854227787398","232.62039908659344","232.62039908659344","232.62039908659344","288.1720943518311","288.1720943518311","288.1720943518311","140.28762138113316","140.28762138113316","140.28762138113316","118.24518827912331","118.24518827912331","118.24518827912331","110.9484563554859","110.9484563554859","110.9484563554859","239.9127309899471","239.9127309899471","239.9127309899471"
"388000","329.09200919947455","329.09200919947455","329.09200919947455","135.2595418869947","135.2595418869947","135.2595418869947","195.97175741845643","195.97175741845643","195.97175741845643","144.60914538035976","144.60914538035976","144.60914538035976","157.92226100287198","157.92226100287198","157.92226100287198","137.7889479497069","137.7889479497069","137.7889479497069","231.2995369788871","231.2995369788871","231.2995369788871","11.580975441690985","11.580975441690985","11.580975441690985","268.9488861389849","268.9488861389849","268.9488861389849","24.50782071894287","24.50782071894287","24.50782071894287","9.690582425030243","9.690582425030243","9.690582425030243","113.43369851467284","113.43369851467284","113.43369851467284","127.88599317191476","127.88599317191476","127.88599317191476","261.2778717210979","261.2778717210979","261.2778717210979","223.84380190875908","223.84380190875908","223.84380190875908","274.1129884666736","274.1129884666736","274.1129884666736","178.99136501715824","178.99136501715824","178.99136501715824","125.64621477827373","125.64621477827373","125.64621477827373","93.03097509719194","93.03097509719194","93.03097509719194","253.25446346299015","253.25446346299015","253.25446346299015"
"392000","308.7532092047907","308.7532092047907","308.7532092047907","127.0342725378335","127.0342725378335","127.0342725378335","147.57945137177842","147.57945137177842","147.57945137177842","156.24274977202018","156.24274977202018","156.24274977202018","151.26355718652536","151.26355718652536","151.26355718652536","122.4019961707833","122.4019961707833","122.4019961707833","266.70281687910784","266.70281687910784","266.70281687910784","9.176074956187197","9.176074956187197","9.176074956187197","250.95854959335537","250.95854959335537","250.95854959335537","22.235900653010816","22.235900653010816","22.235900653010816","95.4947755573331","95.4947755573331","95.4947755573331","109.18187248287595","109.18187248287595","109.18187248287595","156.02418665747345","156.02418665747345","156.02418665747345","211.31711333550552","211.31711333550552","211.31711333550552","229.56671347744464","229.56671347744464","229.56671347744464","299.5223765248294","299.5223765248294","299.5223765248294","122.23460005183715","122.23460005183715","122.23460005183715","159.64686183759406","159.64686183759406","159.64686183759406","122.20735603383369","122.20735603383369","122.20735603383369","251.55020362607138","251.55020362607138","251.55020362607138"
"396000","310.586136590814","310.586136590814","310.586136590814","78.91962303154229","78.91962303154229","78.91962303154229","123.14754973380647","123.14754973380647","123.14754973380647","163.41433174341492","163.41433174341492","163.41433174341492","170.218564158764","170.218564158764","170.218564158764","126.2223845406317","126.2223845406317","126.2223845406317","212.1815781374011","212.1815781374011","212.1815781374011","8.497386075074541","8.497386075074541","8.497386075074541","168.14069809273494","168.14069809273494","168.14069809273494","24.235127712159528","24.235127712159528","24.235127712159528","103.34004151911965","103.34004151911965","103.34004151911965","112.65487300323855","112.65487300323855","112.65487300323855","146.0182612220471","146.0182612220471","146.0182612220471","194.92332890491562","194.92332890491562","194.92332890491562","210.72049544332972","210.72049544332972","210.72049544332972","298.20337253229917","298.20337253229917","298.20337253229917","138.38817966469523","138.38817966469523","138.38817966469523","160.5369388689733","160.5369388689733","160.5369388689733","261.1097002921754","261.1097002921754","261.1097002921754","255.4642128231666","255.4642128231666","255.4642128231666"
"400000","298.0427334263623","298.0427334263623","298.0427334263623","75.33849677429956","75.33849677429956","75.33849677429956","122.34746589102163","122.34746589102163","122.34746589102163","141.07158276992453","141.07158276992453","141.07158276992453","156.8981475955739","156.8981475955739","156.8981475955739","122.3063034485419","122.3063034485419","122.3063034485419","245.12966960622174","245.12966960622174","245.12966960622174","8.182500411703325","8.182500411703325","8.182500411703325","195.3423097643689","195.3423097643689","195.3423097643689","30.02460646001801","30.02460646001801","30.02460646001801","137.8907614206219","137.8907614206219","137.8907614206219","86.24806795981588","86.24806795981588","86.24806795981588","136.52409402097211","136.52409402097211","136.52409402097211","200.3633941658568","200.3633941658568","200.3633941658568","173.00422418047555","173.00422418047555","173.00422418047555","294.34022785326994","294.34022785326994","294.34022785326994","174.22286714895645","174.22286714895645","174.22286714895645","132.9031287469928","132.9031287469928","132.9031287469928","238.49992056866768","238.49992056866768","238.49992056866768","231.33876979666334","231.33876979666334","231.33876979666334"