"Step","DDPG_EQL_PointMaze_Medium_Diverse_GRDense-v3_9 - eval/avg_reward","DDPG_EQL_PointMaze_Medium_Diverse_GRDense-v3_9 - eval/avg_reward__MIN","DDPG_EQL_PointMaze_Medium_Diverse_GRDense-v3_9 - eval/avg_reward__MAX","DDPG_EQL_PointMaze_Medium_Diverse_GRDense-v3_8 - eval/avg_reward","DDPG_EQL_PointMaze_Medium_Diverse_GRDense-v3_8 - eval/avg_reward__MIN","DDPG_EQL_PointMaze_Medium_Diverse_GRDense-v3_8 - eval/avg_reward__MAX","DDPG_EQL_PointMaze_Medium_Diverse_GRDense-v3_7 - eval/avg_reward","DDPG_EQL_PointMaze_Medium_Diverse_GRDense-v3_7 - eval/avg_reward__MIN","DDPG_EQL_PointMaze_Medium_Diverse_GRDense-v3_7 - eval/avg_reward__MAX","DDPG_EQL_PointMaze_Medium_Diverse_GRDense-v3_6 - eval/avg_reward","DDPG_EQL_PointMaze_Medium_Diverse_GRDense-v3_6 - eval/avg_reward__MIN","DDPG_EQL_PointMaze_Medium_Diverse_GRDense-v3_6 - eval/avg_reward__MAX","DDPG_EQL_PointMaze_Medium_Diverse_GRDense-v3_5 - eval/avg_reward","DDPG_EQL_PointMaze_Medium_Diverse_GRDense-v3_5 - eval/avg_reward__MIN","DDPG_EQL_PointMaze_Medium_Diverse_GRDense-v3_5 - eval/avg_reward__MAX","DDPG_EQL_PointMaze_Medium_Diverse_GRDense-v3_4 - eval/avg_reward","DDPG_EQL_PointMaze_Medium_Diverse_GRDense-v3_4 - eval/avg_reward__MIN","DDPG_EQL_PointMaze_Medium_Diverse_GRDense-v3_4 - eval/avg_reward__MAX","DDPG_EQL_PointMaze_Medium_Diverse_GRDense-v3_3 - eval/avg_reward","DDPG_EQL_PointMaze_Medium_Diverse_GRDense-v3_3 - eval/avg_reward__MIN","DDPG_EQL_PointMaze_Medium_Diverse_GRDense-v3_3 - eval/avg_reward__MAX","DDPG_EQL_PointMaze_Medium_Diverse_GRDense-v3_2 - eval/avg_reward","DDPG_EQL_PointMaze_Medium_Diverse_GRDense-v3_2 - eval/avg_reward__MIN","DDPG_EQL_PointMaze_Medium_Diverse_GRDense-v3_2 - eval/avg_reward__MAX","DDPG_EQL_PointMaze_Medium_Diverse_GRDense-v3_19 - eval/avg_reward","DDPG_EQL_PointMaze_Medium_Diverse_GRDense-v3_19 - eval/avg_reward__MIN","DDPG_EQL_PointMaze_Medium_Diverse_GRDense-v3_19 - eval/avg_reward__MAX","DDPG_EQL_PointMaze_Medium_Diverse_GRDense-v3_18 - eval/avg_reward","DDPG_EQL_PointMaze_Medium_Diverse_GRDense-v3_18 - eval/avg_reward__MIN","DDPG_EQL_PointMaze_Medium_Diverse_GRDense-v3_18 - eval/avg_reward__MAX","DDPG_EQL_PointMaze_Medium_Diverse_GRDense-v3_17 - eval/avg_reward","DDPG_EQL_PointMaze_Medium_Diverse_GRDense-v3_17 - eval/avg_reward__MIN","DDPG_EQL_PointMaze_Medium_Diverse_GRDense-v3_17 - eval/avg_reward__MAX","DDPG_EQL_PointMaze_Medium_Diverse_GRDense-v3_16 - eval/avg_reward","DDPG_EQL_PointMaze_Medium_Diverse_GRDense-v3_16 - eval/avg_reward__MIN","DDPG_EQL_PointMaze_Medium_Diverse_GRDense-v3_16 - eval/avg_reward__MAX","DDPG_EQL_PointMaze_Medium_Diverse_GRDense-v3_15 - eval/avg_reward","DDPG_EQL_PointMaze_Medium_Diverse_GRDense-v3_15 - eval/avg_reward__MIN","DDPG_EQL_PointMaze_Medium_Diverse_GRDense-v3_15 - eval/avg_reward__MAX","DDPG_EQL_PointMaze_Medium_Diverse_GRDense-v3_14 - eval/avg_reward","DDPG_EQL_PointMaze_Medium_Diverse_GRDense-v3_14 - eval/avg_reward__MIN","DDPG_EQL_PointMaze_Medium_Diverse_GRDense-v3_14 - eval/avg_reward__MAX","DDPG_EQL_PointMaze_Medium_Diverse_GRDense-v3_13 - eval/avg_reward","DDPG_EQL_PointMaze_Medium_Diverse_GRDense-v3_13 - eval/avg_reward__MIN","DDPG_EQL_PointMaze_Medium_Diverse_GRDense-v3_13 - eval/avg_reward__MAX","DDPG_EQL_PointMaze_Medium_Diverse_GRDense-v3_12 - eval/avg_reward","DDPG_EQL_PointMaze_Medium_Diverse_GRDense-v3_12 - eval/avg_reward__MIN","DDPG_EQL_PointMaze_Medium_Diverse_GRDense-v3_12 - eval/avg_reward__MAX","DDPG_EQL_PointMaze_Medium_Diverse_GRDense-v3_11 - eval/avg_reward","DDPG_EQL_PointMaze_Medium_Diverse_GRDense-v3_11 - eval/avg_reward__MIN","DDPG_EQL_PointMaze_Medium_Diverse_GRDense-v3_11 - eval/avg_reward__MAX","DDPG_EQL_PointMaze_Medium_Diverse_GRDense-v3_10 - eval/avg_reward","DDPG_EQL_PointMaze_Medium_Diverse_GRDense-v3_10 - eval/avg_reward__MIN","DDPG_EQL_PointMaze_Medium_Diverse_GRDense-v3_10 - eval/avg_reward__MAX","DDPG_EQL_PointMaze_Medium_Diverse_GRDense-v3_1 - eval/avg_reward","DDPG_EQL_PointMaze_Medium_Diverse_GRDense-v3_1 - eval/avg_reward__MIN","DDPG_EQL_PointMaze_Medium_Diverse_GRDense-v3_1 - eval/avg_reward__MAX","DDPG_EQL_PointMaze_Medium_Diverse_GRDense-v3_0 - eval/avg_reward","DDPG_EQL_PointMaze_Medium_Diverse_GRDense-v3_0 - eval/avg_reward__MIN","DDPG_EQL_PointMaze_Medium_Diverse_GRDense-v3_0 - eval/avg_reward__MAX"
"0","16.80951473146576","16.80951473146576","16.80951473146576","13.788447224985044","13.788447224985044","13.788447224985044","42.299381200309384","42.299381200309384","42.299381200309384","4.53764197294319","4.53764197294319","4.53764197294319","2.7113472675460186","2.7113472675460186","2.7113472675460186","13.96168542746552","13.96168542746552","13.96168542746552","6.525772680379954","6.525772680379954","6.525772680379954","4.723462580267801","4.723462580267801","4.723462580267801","12.649025796756186","12.649025796756186","12.649025796756186","22.142586886258325","22.142586886258325","22.142586886258325","5.618534182130749","5.618534182130749","5.618534182130749","28.935697458099174","28.935697458099174","28.935697458099174","15.015048724020795","15.015048724020795","15.015048724020795","17.18041673084686","17.18041673084686","17.18041673084686","8.42488460452272","8.42488460452272","8.42488460452272","2.693117183700034","2.693117183700034","2.693117183700034","7.876533768625142","7.876533768625142","7.876533768625142","36.27183051738649","36.27183051738649","36.27183051738649","4.327886977974736","4.327886977974736","4.327886977974736","2.95754412605061","2.95754412605061","2.95754412605061"
"4000","34.7399793149351","34.7399793149351","34.7399793149351","26.755051452284174","26.755051452284174","26.755051452284174","28.412199180905326","28.412199180905326","28.412199180905326","1.7970018800036236","1.7970018800036236","1.7970018800036236","6.150088676348075","6.150088676348075","6.150088676348075","15.752452726134512","15.752452726134512","15.752452726134512","9.670354658103651","9.670354658103651","9.670354658103651","6.146580759885297","6.146580759885297","6.146580759885297","2.203781172354063","2.203781172354063","2.203781172354063","2.376532790040141","2.376532790040141","2.376532790040141","0.940963591290027","0.940963591290027","0.940963591290027","1.9071856455101526","1.9071856455101526","1.9071856455101526","31.60343281246937","31.60343281246937","31.60343281246937","56.06981316404489","56.06981316404489","56.06981316404489","8.746233524368217","8.746233524368217","8.746233524368217","2.530169528733363","2.530169528733363","2.530169528733363","1.955208823635207","1.955208823635207","1.955208823635207","14.456859219769305","14.456859219769305","14.456859219769305","5.000593783504415","5.000593783504415","5.000593783504415","17.16024905213397","17.16024905213397","17.16024905213397"
"8000","50.23178037972061","50.23178037972061","50.23178037972061","10.72507818740144","10.72507818740144","10.72507818740144","58.39583343271047","58.39583343271047","58.39583343271047","2.9619015101823836","2.9619015101823836","2.9619015101823836","6.233392598807768","6.233392598807768","6.233392598807768","26.67023681095508","26.67023681095508","26.67023681095508","51.62458116122798","51.62458116122798","51.62458116122798","7.669899425634478","7.669899425634478","7.669899425634478","26.781964585868376","26.781964585868376","26.781964585868376","3.9389872055303505","3.9389872055303505","3.9389872055303505","0.9409906061430352","0.9409906061430352","0.9409906061430352","7.212753324679174","7.212753324679174","7.212753324679174","46.1963111446439","46.1963111446439","46.1963111446439","40.412332741135145","40.412332741135145","40.412332741135145","8.746305141955471","8.746305141955471","8.746305141955471","10.075333816711566","10.075333816711566","10.075333816711566","2.719430247089044","2.719430247089044","2.719430247089044","27.51629740731635","27.51629740731635","27.51629740731635","5.395724932432833","5.395724932432833","5.395724932432833","17.16751975237506","17.16751975237506","17.16751975237506"
"12000","35.75730699849267","35.75730699849267","35.75730699849267","19.778309358557273","19.778309358557273","19.778309358557273","47.989431889309664","47.989431889309664","47.989431889309664","4.753748544170513","4.753748544170513","4.753748544170513","48.64347596149125","48.64347596149125","48.64347596149125","23.08820503005751","23.08820503005751","23.08820503005751","29.092570021479663","29.092570021479663","29.092570021479663","11.080714492133474","11.080714492133474","11.080714492133474","7.76961099677315","7.76961099677315","7.76961099677315","3.941916671769259","3.941916671769259","3.941916671769259","4.10573521175376","4.10573521175376","4.10573521175376","24.010670676963535","24.010670676963535","24.010670676963535","50.0063144661598","50.0063144661598","50.0063144661598","57.17348006991356","57.17348006991356","57.17348006991356","8.746177376330907","8.746177376330907","8.746177376330907","28.669290974076176","28.669290974076176","28.669290974076176","21.464122807079466","21.464122807079466","21.464122807079466","26.749448497908833","26.749448497908833","26.749448497908833","7.335406247628505","7.335406247628505","7.335406247628505","78.82158257021356","78.82158257021356","78.82158257021356"
"16000","30.62426291805877","30.62426291805877","30.62426291805877","3.7788242993789667","3.7788242993789667","3.7788242993789667","44.6631136652953","44.6631136652953","44.6631136652953","5.283928221661971","5.283928221661971","5.283928221661971","45.89252574799997","45.89252574799997","45.89252574799997","26.965966311834116","26.965966311834116","26.965966311834116","80.28276903665613","80.28276903665613","80.28276903665613","11.322720199551096","11.322720199551096","11.322720199551096","6.981289271734442","6.981289271734442","6.981289271734442","2.3797207941325476","2.3797207941325476","2.3797207941325476","3.3510220759100995","3.3510220759100995","3.3510220759100995","18.61941239086797","18.61941239086797","18.61941239086797","56.28121296726918","56.28121296726918","56.28121296726918","53.330950482464836","53.330950482464836","53.330950482464836","8.746130954966434","8.746130954966434","8.746130954966434","27.650247685073367","27.650247685073367","27.650247685073367","48.23829132427305","48.23829132427305","48.23829132427305","10.646240489806216","10.646240489806216","10.646240489806216","7.813836735028644","7.813836735028644","7.813836735028644","44.020504051899664","44.020504051899664","44.020504051899664"
"20000","31.046858297074397","31.046858297074397","31.046858297074397","18.831685345344866","18.831685345344866","18.831685345344866","175.7052702290593","175.7052702290593","175.7052702290593","5.2945413053004255","5.2945413053004255","5.2945413053004255","52.92603177817201","52.92603177817201","52.92603177817201","88.08548563636232","88.08548563636232","88.08548563636232","12.976168897169265","12.976168897169265","12.976168897169265","12.762555498842726","12.762555498842726","12.762555498842726","6.607372797466519","6.607372797466519","6.607372797466519","2.3785482213793907","2.3785482213793907","2.3785482213793907","4.48347503347176","4.48347503347176","4.48347503347176","33.842507200418595","33.842507200418595","33.842507200418595","42.43476318466444","42.43476318466444","42.43476318466444","47.59596257691","47.59596257691","47.59596257691","49.85705665618514","49.85705665618514","49.85705665618514","38.027883325756804","38.027883325756804","38.027883325756804","50.639778749637465","50.639778749637465","50.639778749637465","27.866674347230703","27.866674347230703","27.866674347230703","26.409336956047888","26.409336956047888","26.409336956047888","29.428416358076607","29.428416358076607","29.428416358076607"
"24000","35.379131863285664","35.379131863285664","35.379131863285664","19.083766865801667","19.083766865801667","19.083766865801667","165.75110577068273","165.75110577068273","165.75110577068273","5.307343901451568","5.307343901451568","5.307343901451568","53.070625384835466","53.070625384835466","53.070625384835466","59.39858810138797","59.39858810138797","59.39858810138797","20.333034049078123","20.333034049078123","20.333034049078123","11.774235090080374","11.774235090080374","11.774235090080374","5.394177811292414","5.394177811292414","5.394177811292414","2.522975080975192","2.522975080975192","2.522975080975192","11.132630677055284","11.132630677055284","11.132630677055284","43.85030800564382","43.85030800564382","43.85030800564382","55.16072332338572","55.16072332338572","55.16072332338572","61.92852456083462","61.92852456083462","61.92852456083462","50.861436707240905","50.861436707240905","50.861436707240905","43.43675047331196","43.43675047331196","43.43675047331196","47.970830675433284","47.970830675433284","47.970830675433284","31.610252581902767","31.610252581902767","31.610252581902767","23.533652940251315","23.533652940251315","23.533652940251315","29.326238621012926","29.326238621012926","29.326238621012926"
"28000","36.755197864302076","36.755197864302076","36.755197864302076","39.507137154699855","39.507137154699855","39.507137154699855","23.878943857481776","23.878943857481776","23.878943857481776","4.483591221933877","4.483591221933877","4.483591221933877","53.18755353351368","53.18755353351368","53.18755353351368","40.628817060968814","40.628817060968814","40.628817060968814","19.90384622277544","19.90384622277544","19.90384622277544","17.181660274628463","17.181660274628463","17.181660274628463","9.181836665067205","9.181836665067205","9.181836665067205","3.949700445238163","3.949700445238163","3.949700445238163","7.8103510988324345","7.8103510988324345","7.8103510988324345","51.13779658917612","51.13779658917612","51.13779658917612","48.73348489237356","48.73348489237356","48.73348489237356","66.29346131370345","66.29346131370345","66.29346131370345","32.14777408009536","32.14777408009536","32.14777408009536","53.2001361930743","53.2001361930743","53.2001361930743","47.84433510646774","47.84433510646774","47.84433510646774","14.001017855969215","14.001017855969215","14.001017855969215","31.613027893465915","31.613027893465915","31.613027893465915","68.35088933662175","68.35088933662175","68.35088933662175"
"32000","37.599191176190686","37.599191176190686","37.599191176190686","19.786100095109212","19.786100095109212","19.786100095109212","73.24939474323531","73.24939474323531","73.24939474323531","4.5085806880348445","4.5085806880348445","4.5085806880348445","53.040204123041896","53.040204123041896","53.040204123041896","58.13582959944595","58.13582959944595","58.13582959944595","51.142173228101264","51.142173228101264","51.142173228101264","26.90606741764602","26.90606741764602","26.90606741764602","39.17959438999704","39.17959438999704","39.17959438999704","3.9475788143485344","3.9475788143485344","3.9475788143485344","9.303438300772179","9.303438300772179","9.303438300772179","74.23444004571111","74.23444004571111","74.23444004571111","58.96111515914187","58.96111515914187","58.96111515914187","62.001719199324086","62.001719199324086","62.001719199324086","50.46618373625419","50.46618373625419","50.46618373625419","22.007849754657038","22.007849754657038","22.007849754657038","13.463235116802661","13.463235116802661","13.463235116802661","14.781425786232186","14.781425786232186","14.781425786232186","88.47899771215091","88.47899771215091","88.47899771215091","58.19216940200115","58.19216940200115","58.19216940200115"
"36000","38.31518856616643","38.31518856616643","38.31518856616643","20.758431475577247","20.758431475577247","20.758431475577247","58.99491257102517","58.99491257102517","58.99491257102517","4.879363457701977","4.879363457701977","4.879363457701977","53.146176588811485","53.146176588811485","53.146176588811485","74.09074684511901","74.09074684511901","74.09074684511901","61.8056609331493","61.8056609331493","61.8056609331493","45.19614579901259","45.19614579901259","45.19614579901259","49.911804371286074","49.911804371286074","49.911804371286074","3.9561059165650314","3.9561059165650314","3.9561059165650314","4.438121717539557","4.438121717539557","4.438121717539557","49.85808711207149","49.85808711207149","49.85808711207149","71.67705823219134","71.67705823219134","71.67705823219134","59.44794541375777","59.44794541375777","59.44794541375777","50.783227968470264","50.783227968470264","50.783227968470264","46.02608305869903","46.02608305869903","46.02608305869903","9.928768494145846","9.928768494145846","9.928768494145846","14.3335925252024","14.3335925252024","14.3335925252024","132.1094726357898","132.1094726357898","132.1094726357898","49.73832800639688","49.73832800639688","49.73832800639688"
"40000","39.469196443418184","39.469196443418184","39.469196443418184","21.003974465454313","21.003974465454313","21.003974465454313","61.54148251913673","61.54148251913673","61.54148251913673","5.3117805644171785","5.3117805644171785","5.3117805644171785","53.96496634063523","53.96496634063523","53.96496634063523","74.98277266243348","74.98277266243348","74.98277266243348","83.95337359513732","83.95337359513732","83.95337359513732","46.905002214591576","46.905002214591576","46.905002214591576","48.76450892681741","48.76450892681741","48.76450892681741","3.954458765519056","3.954458765519056","3.954458765519056","4.245051898656088","4.245051898656088","4.245051898656088","83.65285773146812","83.65285773146812","83.65285773146812","67.24790910094309","67.24790910094309","67.24790910094309","60.795145459325816","60.795145459325816","60.795145459325816","50.04767639630847","50.04767639630847","50.04767639630847","73.8359946860285","73.8359946860285","73.8359946860285","15.726233919515721","15.726233919515721","15.726233919515721","14.67224380420132","14.67224380420132","14.67224380420132","146.08480403108902","146.08480403108902","146.08480403108902","66.73290006957188","66.73290006957188","66.73290006957188"
"44000","46.1881513039004","46.1881513039004","46.1881513039004","20.820898374214135","20.820898374214135","20.820898374214135","51.016196781496014","51.016196781496014","51.016196781496014","22.90360273371269","22.90360273371269","22.90360273371269","53.85550553592934","53.85550553592934","53.85550553592934","54.62577831376031","54.62577831376031","54.62577831376031","78.99236191613952","78.99236191613952","78.99236191613952","47.84655247700971","47.84655247700971","47.84655247700971","45.900556359639786","45.900556359639786","45.900556359639786","4.145655734454455","4.145655734454455","4.145655734454455","4.217313447236479","4.217313447236479","4.217313447236479","107.44325975526692","107.44325975526692","107.44325975526692","59.88450347626156","59.88450347626156","59.88450347626156","84.49771279034076","84.49771279034076","84.49771279034076","49.757737024857676","49.757737024857676","49.757737024857676","81.98445801958864","81.98445801958864","81.98445801958864","10.02228241490401","10.02228241490401","10.02228241490401","12.78355716701493","12.78355716701493","12.78355716701493","113.25154255983516","113.25154255983516","113.25154255983516","50.849961903660876","50.849961903660876","50.849961903660876"
"48000","44.54013372626535","44.54013372626535","44.54013372626535","22.10535555986417","22.10535555986417","22.10535555986417","57.503501983187014","57.503501983187014","57.503501983187014","9.999374199317097","9.999374199317097","9.999374199317097","53.747968191292856","53.747968191292856","53.747968191292856","77.12246619385039","77.12246619385039","77.12246619385039","84.14344521440698","84.14344521440698","84.14344521440698","49.42681445704265","49.42681445704265","49.42681445704265","46.50276377066574","46.50276377066574","46.50276377066574","4.131254383662318","4.131254383662318","4.131254383662318","5.450634951093174","5.450634951093174","5.450634951093174","101.13244634944436","101.13244634944436","101.13244634944436","81.49068200851387","81.49068200851387","81.49068200851387","73.99484978851024","73.99484978851024","73.99484978851024","51.79686788811375","51.79686788811375","51.79686788811375","87.64428831796216","87.64428831796216","87.64428831796216","8.477946894911186","8.477946894911186","8.477946894911186","40.94390536019816","40.94390536019816","40.94390536019816","144.920751872463","144.920751872463","144.920751872463","46.52110550676924","46.52110550676924","46.52110550676924"
"52000","54.27537214701349","54.27537214701349","54.27537214701349","23.53329475952133","23.53329475952133","23.53329475952133","64.41482424627708","64.41482424627708","64.41482424627708","9.790409601638157","9.790409601638157","9.790409601638157","54.16609963495072","54.16609963495072","54.16609963495072","81.09790139596595","81.09790139596595","81.09790139596595","88.57382654528824","88.57382654528824","88.57382654528824","50.037567483295","50.037567483295","50.037567483295","56.21249646233481","56.21249646233481","56.21249646233481","4.131352062747577","4.131352062747577","4.131352062747577","5.344477093084391","5.344477093084391","5.344477093084391","94.9884365119251","94.9884365119251","94.9884365119251","102.75574533754896","102.75574533754896","102.75574533754896","123.53442546583415","123.53442546583415","123.53442546583415","52.42604949779312","52.42604949779312","52.42604949779312","81.25023724987224","81.25023724987224","81.25023724987224","47.007430679401686","47.007430679401686","47.007430679401686","55.42916462598215","55.42916462598215","55.42916462598215","79.38651740548428","79.38651740548428","79.38651740548428","43.918772815875535","43.918772815875535","43.918772815875535"
"56000","53.755331205539264","53.755331205539264","53.755331205539264","20.64074608303988","20.64074608303988","20.64074608303988","77.68075813798639","77.68075813798639","77.68075813798639","10.35827084613096","10.35827084613096","10.35827084613096","53.71828404980812","53.71828404980812","53.71828404980812","39.332414086252115","39.332414086252115","39.332414086252115","102.36923732932192","102.36923732932192","102.36923732932192","53.04040324552797","53.04040324552797","53.04040324552797","66.76725803806771","66.76725803806771","66.76725803806771","4.13192228882629","4.13192228882629","4.13192228882629","2.7418627398518476","2.7418627398518476","2.7418627398518476","101.17818103922698","101.17818103922698","101.17818103922698","104.67765442071013","104.67765442071013","104.67765442071013","76.2396630266937","76.2396630266937","76.2396630266937","49.41039855192601","49.41039855192601","49.41039855192601","76.5841436403687","76.5841436403687","76.5841436403687","88.58398264620575","88.58398264620575","88.58398264620575","56.26732198170689","56.26732198170689","56.26732198170689","189.40656187384621","189.40656187384621","189.40656187384621","47.440408237627445","47.440408237627445","47.440408237627445"
"60000","52.49440466809479","52.49440466809479","52.49440466809479","34.06655467097726","34.06655467097726","34.06655467097726","66.71354777483404","66.71354777483404","66.71354777483404","21.06610852266848","21.06610852266848","21.06610852266848","18.293577433657138","18.293577433657138","18.293577433657138","39.410751581681446","39.410751581681446","39.410751581681446","168.9167442375793","168.9167442375793","168.9167442375793","50.117416395059706","50.117416395059706","50.117416395059706","66.01949875490644","66.01949875490644","66.01949875490644","4.132511198775454","4.132511198775454","4.132511198775454","104.98770542750734","104.98770542750734","104.98770542750734","94.98484804752673","94.98484804752673","94.98484804752673","137.9891510548782","137.9891510548782","137.9891510548782","80.70217328076146","80.70217328076146","80.70217328076146","54.45977712203027","54.45977712203027","54.45977712203027","113.42468971200913","113.42468971200913","113.42468971200913","13.126267802336368","13.126267802336368","13.126267802336368","58.42728310486895","58.42728310486895","58.42728310486895","112.68207186956404","112.68207186956404","112.68207186956404","57.13276965753566","57.13276965753566","57.13276965753566"
"64000","56.059271618518245","56.059271618518245","56.059271618518245","19.980335626503713","19.980335626503713","19.980335626503713","150.95500393293185","150.95500393293185","150.95500393293185","17.680706098556527","17.680706098556527","17.680706098556527","18.597173000950797","18.597173000950797","18.597173000950797","42.50441993085251","42.50441993085251","42.50441993085251","160.76747081284347","160.76747081284347","160.76747081284347","35.024686460250834","35.024686460250834","35.024686460250834","68.08609244494339","68.08609244494339","68.08609244494339","21.54082922334712","21.54082922334712","21.54082922334712","89.22409277737518","89.22409277737518","89.22409277737518","103.8840306286022","103.8840306286022","103.8840306286022","96.57033930717247","96.57033930717247","96.57033930717247","82.9030687974882","82.9030687974882","82.9030687974882","52.873577102229376","52.873577102229376","52.873577102229376","114.55489484754375","114.55489484754375","114.55489484754375","13.437648666387002","13.437648666387002","13.437648666387002","41.223201952334136","41.223201952334136","41.223201952334136","116.8048343243344","116.8048343243344","116.8048343243344","57.32784172739434","57.32784172739434","57.32784172739434"
"68000","67.30256729521913","67.30256729521913","67.30256729521913","21.25772198768043","21.25772198768043","21.25772198768043","138.65990343616613","138.65990343616613","138.65990343616613","19.354414968276803","19.354414968276803","19.354414968276803","17.24718900533146","17.24718900533146","17.24718900533146","28.945614764561657","28.945614764561657","28.945614764561657","169.49102741660687","169.49102741660687","169.49102741660687","42.6007715619085","42.6007715619085","42.6007715619085","57.92903384986401","57.92903384986401","57.92903384986401","16.757954759938478","16.757954759938478","16.757954759938478","92.42455656970267","92.42455656970267","92.42455656970267","83.60530596971958","83.60530596971958","83.60530596971958","122.63416548574826","122.63416548574826","122.63416548574826","78.1865056932887","78.1865056932887","78.1865056932887","53.02965998038146","53.02965998038146","53.02965998038146","152.6680162525747","152.6680162525747","152.6680162525747","27.867036346843985","27.867036346843985","27.867036346843985","50.17205416471765","50.17205416471765","50.17205416471765","120.6151049302309","120.6151049302309","120.6151049302309","57.410887936792086","57.410887936792086","57.410887936792086"
"72000","61.71952993854427","61.71952993854427","61.71952993854427","8.91196104980051","8.91196104980051","8.91196104980051","171.79647595547823","171.79647595547823","171.79647595547823","19.716625186559675","19.716625186559675","19.716625186559675","16.82471891963243","16.82471891963243","16.82471891963243","67.1183278530909","67.1183278530909","67.1183278530909","131.58062169014457","131.58062169014457","131.58062169014457","25.960518541680422","25.960518541680422","25.960518541680422","77.0698272224225","77.0698272224225","77.0698272224225","15.210279018551976","15.210279018551976","15.210279018551976","73.5063084347619","73.5063084347619","73.5063084347619","75.38902299668297","75.38902299668297","75.38902299668297","123.9232062076197","123.9232062076197","123.9232062076197","108.28848507392561","108.28848507392561","108.28848507392561","53.162277695469754","53.162277695469754","53.162277695469754","114.97023187108152","114.97023187108152","114.97023187108152","28.026094335252605","28.026094335252605","28.026094335252605","50.65601160540622","50.65601160540622","50.65601160540622","117.64248314472691","117.64248314472691","117.64248314472691","57.52304231179827","57.52304231179827","57.52304231179827"
"76000","60.013052632250925","60.013052632250925","60.013052632250925","9.577161729110784","9.577161729110784","9.577161729110784","104.75666196308994","104.75666196308994","104.75666196308994","19.931199208992474","19.931199208992474","19.931199208992474","5.192270459928456","5.192270459928456","5.192270459928456","67.07842781424583","67.07842781424583","67.07842781424583","141.44720212438318","141.44720212438318","141.44720212438318","29.9019665509538","29.9019665509538","29.9019665509538","76.67406957460005","76.67406957460005","76.67406957460005","14.995569522133001","14.995569522133001","14.995569522133001","98.34411131601254","98.34411131601254","98.34411131601254","111.58834573976256","111.58834573976256","111.58834573976256","118.4789027356617","118.4789027356617","118.4789027356617","106.41600720168609","106.41600720168609","106.41600720168609","56.27490850332957","56.27490850332957","56.27490850332957","157.2384249885","157.2384249885","157.2384249885","47.639657930554094","47.639657930554094","47.639657930554094","26.794330871497216","26.794330871497216","26.794330871497216","122.41427340611892","122.41427340611892","122.41427340611892","57.58476107409764","57.58476107409764","57.58476107409764"
"80000","63.21292833638903","63.21292833638903","63.21292833638903","5.731648253108807","5.731648253108807","5.731648253108807","76.80723925374949","76.80723925374949","76.80723925374949","22.897170315871485","22.897170315871485","22.897170315871485","6.772699115059623","6.772699115059623","6.772699115059623","68.37421287317923","68.37421287317923","68.37421287317923","172.80763879922733","172.80763879922733","172.80763879922733","25.84805392224077","25.84805392224077","25.84805392224077","65.27710066312775","65.27710066312775","65.27710066312775","14.575453146344278","14.575453146344278","14.575453146344278","139.44709941013292","139.44709941013292","139.44709941013292","120.18003218090409","120.18003218090409","120.18003218090409","144.519580828059","144.519580828059","144.519580828059","117.83162031747845","117.83162031747845","117.83162031747845","55.25911721489636","55.25911721489636","55.25911721489636","159.67291688768253","159.67291688768253","159.67291688768253","13.720318948917631","13.720318948917631","13.720318948917631","26.563640126045488","26.563640126045488","26.563640126045488","149.09818961034944","149.09818961034944","149.09818961034944","55.50714888787765","55.50714888787765","55.50714888787765"
"84000","69.29543313529987","69.29543313529987","69.29543313529987","4.4263635998251845","4.4263635998251845","4.4263635998251845","107.5019190406479","107.5019190406479","107.5019190406479","25.14991983095863","25.14991983095863","25.14991983095863","6.771621923576957","6.771621923576957","6.771621923576957","60.8075251596013","60.8075251596013","60.8075251596013","145.88153744986693","145.88153744986693","145.88153744986693","54.11158988354854","54.11158988354854","54.11158988354854","81.83837378931196","81.83837378931196","81.83837378931196","16.644121245338244","16.644121245338244","16.644121245338244","138.14612615471998","138.14612615471998","138.14612615471998","141.64683434203613","141.64683434203613","141.64683434203613","125.68275762438864","125.68275762438864","125.68275762438864","134.78968829061108","134.78968829061108","134.78968829061108","57.17934750226816","57.17934750226816","57.17934750226816","157.4361863484041","157.4361863484041","157.4361863484041","13.69389789563445","13.69389789563445","13.69389789563445","25.501274797009863","25.501274797009863","25.501274797009863","177.47838368365944","177.47838368365944","177.47838368365944","58.46752247664192","58.46752247664192","58.46752247664192"
"88000","76.08785035495987","76.08785035495987","76.08785035495987","6.736225049834855","6.736225049834855","6.736225049834855","62.67622572483566","62.67622572483566","62.67622572483566","22.910283154599018","22.910283154599018","22.910283154599018","6.772621344985242","6.772621344985242","6.772621344985242","51.46175077293526","51.46175077293526","51.46175077293526","141.15637415216597","141.15637415216597","141.15637415216597","39.562836678029534","39.562836678029534","39.562836678029534","70.3758774565317","70.3758774565317","70.3758774565317","23.9666220443641","23.9666220443641","23.9666220443641","133.9149714839104","133.9149714839104","133.9149714839104","140.4424832731021","140.4424832731021","140.4424832731021","157.29159266311618","157.29159266311618","157.29159266311618","124.5074474447973","124.5074474447973","124.5074474447973","54.71771009073285","54.71771009073285","54.71771009073285","155.05395156794793","155.05395156794793","155.05395156794793","71.05429857543662","71.05429857543662","71.05429857543662","26.212452948328018","26.212452948328018","26.212452948328018","152.75110975862214","152.75110975862214","152.75110975862214","125.32570520212496","125.32570520212496","125.32570520212496"
"92000","78.14312039210411","78.14312039210411","78.14312039210411","5.846583819490656","5.846583819490656","5.846583819490656","77.41425776254114","77.41425776254114","77.41425776254114","31.011279487678298","31.011279487678298","31.011279487678298","6.29380975739971","6.29380975739971","6.29380975739971","67.3765802142087","67.3765802142087","67.3765802142087","167.00404390232262","167.00404390232262","167.00404390232262","48.28351618572502","48.28351618572502","48.28351618572502","56.07293065232943","56.07293065232943","56.07293065232943","33.13910005220562","33.13910005220562","33.13910005220562","122.68848029681435","122.68848029681435","122.68848029681435","126.83567326086329","126.83567326086329","126.83567326086329","117.33079912326382","117.33079912326382","117.33079912326382","122.08704557451975","122.08704557451975","122.08704557451975","53.367127649916064","53.367127649916064","53.367127649916064","161.49098215473072","161.49098215473072","161.49098215473072","67.77843607113493","67.77843607113493","67.77843607113493","26.056513986188207","26.056513986188207","26.056513986188207","163.84698914903586","163.84698914903586","163.84698914903586","132.49859908653744","132.49859908653744","132.49859908653744"
"96000","79.26404862709383","79.26404862709383","79.26404862709383","6.043655674607595","6.043655674607595","6.043655674607595","78.16624525056912","78.16624525056912","78.16624525056912","23.740913745559915","23.740913745559915","23.740913745559915","6.252631365947411","6.252631365947411","6.252631365947411","84.46421195155072","84.46421195155072","84.46421195155072","174.0282752634965","174.0282752634965","174.0282752634965","127.48931349478855","127.48931349478855","127.48931349478855","40.98074358647045","40.98074358647045","40.98074358647045","29.7574492820562","29.7574492820562","29.7574492820562","104.4627094942856","104.4627094942856","104.4627094942856","131.88400032598446","131.88400032598446","131.88400032598446","94.56198168472538","94.56198168472538","94.56198168472538","109.01882577035933","109.01882577035933","109.01882577035933","93.74107018448868","93.74107018448868","93.74107018448868","163.83312492420515","163.83312492420515","163.83312492420515","133.5181924788824","133.5181924788824","133.5181924788824","53.04626486917259","53.04626486917259","53.04626486917259","185.1907712874869","185.1907712874869","185.1907712874869","142.9262530811836","142.9262530811836","142.9262530811836"
"100000","76.86128139048296","76.86128139048296","76.86128139048296","4.815053239898477","4.815053239898477","4.815053239898477","87.80461802908084","87.80461802908084","87.80461802908084","23.548554284853672","23.548554284853672","23.548554284853672","5.490750299479084","5.490750299479084","5.490750299479084","112.96700476798893","112.96700476798893","112.96700476798893","175.14720983257757","175.14720983257757","175.14720983257757","136.03298909143143","136.03298909143143","136.03298909143143","129.21065172381404","129.21065172381404","129.21065172381404","26.946193377364686","26.946193377364686","26.946193377364686","129.70475694063975","129.70475694063975","129.70475694063975","76.02998336725508","76.02998336725508","76.02998336725508","126.18716882504353","126.18716882504353","126.18716882504353","19.230843943697867","19.230843943697867","19.230843943697867","96.48481706212965","96.48481706212965","96.48481706212965","161.52142567328525","161.52142567328525","161.52142567328525","103.83651314796558","103.83651314796558","103.83651314796558","42.443325644244695","42.443325644244695","42.443325644244695","201.13549238722126","201.13549238722126","201.13549238722126","153.41304292348192","153.41304292348192","153.41304292348192"
"104000","80.61353234590106","80.61353234590106","80.61353234590106","5.025944029524106","5.025944029524106","5.025944029524106","77.53196411032096","77.53196411032096","77.53196411032096","6.060011293844464","6.060011293844464","6.060011293844464","5.697687805391366","5.697687805391366","5.697687805391366","75.70137060820589","75.70137060820589","75.70137060820589","169.31164993824254","169.31164993824254","169.31164993824254","106.51759556053719","106.51759556053719","106.51759556053719","58.583201573386134","58.583201573386134","58.583201573386134","26.780492740467857","26.780492740467857","26.780492740467857","135.1509792628587","135.1509792628587","135.1509792628587","76.53130488493574","76.53130488493574","76.53130488493574","136.55092506737031","136.55092506737031","136.55092506737031","9.779294135908458","9.779294135908458","9.779294135908458","98.40316018418214","98.40316018418214","98.40316018418214","148.2212992262213","148.2212992262213","148.2212992262213","37.8283460132976","37.8283460132976","37.8283460132976","27.39332148676906","27.39332148676906","27.39332148676906","200.33835041383117","200.33835041383117","200.33835041383117","128.05027813681775","128.05027813681775","128.05027813681775"
"108000","86.80001964874347","86.80001964874347","86.80001964874347","4.885889269799394","4.885889269799394","4.885889269799394","169.2336915112747","169.2336915112747","169.2336915112747","8.079083361637164","8.079083361637164","8.079083361637164","6.7401340738755335","6.7401340738755335","6.7401340738755335","111.90983848136747","111.90983848136747","111.90983848136747","185.12568956338532","185.12568956338532","185.12568956338532","102.40073469977366","102.40073469977366","102.40073469977366","76.79799063784073","76.79799063784073","76.79799063784073","60.517076481075264","60.517076481075264","60.517076481075264","86.27958212393231","86.27958212393231","86.27958212393231","134.96039511584632","134.96039511584632","134.96039511584632","123.95578147873675","123.95578147873675","123.95578147873675","75.00952255616316","75.00952255616316","75.00952255616316","87.86032435906661","87.86032435906661","87.86032435906661","157.16023524359306","157.16023524359306","157.16023524359306","16.712617196307363","16.712617196307363","16.712617196307363","16.212578952505332","16.212578952505332","16.212578952505332","198.61877867439725","198.61877867439725","198.61877867439725","65.75589781873506","65.75589781873506","65.75589781873506"
"112000","72.75099749215762","72.75099749215762","72.75099749215762","5.128623919498107","5.128623919498107","5.128623919498107","148.3528929022786","148.3528929022786","148.3528929022786","21.284042169808334","21.284042169808334","21.284042169808334","6.3478497246259","6.3478497246259","6.3478497246259","131.38832393771727","131.38832393771727","131.38832393771727","137.08379814971133","137.08379814971133","137.08379814971133","100.622802004016","100.622802004016","100.622802004016","69.61150154491003","69.61150154491003","69.61150154491003","28.85268057640286","28.85268057640286","28.85268057640286","5.188897158221112","5.188897158221112","5.188897158221112","147.76753356134364","147.76753356134364","147.76753356134364","137.27965298571834","137.27965298571834","137.27965298571834","10.528931236263336","10.528931236263336","10.528931236263336","191.62683116010726","191.62683116010726","191.62683116010726","217.3905537834643","217.3905537834643","217.3905537834643","17.554710121868112","17.554710121868112","17.554710121868112","22.752259042082972","22.752259042082972","22.752259042082972","190.27383178794847","190.27383178794847","190.27383178794847","65.56760640063067","65.56760640063067","65.56760640063067"
"116000","86.47108928486362","86.47108928486362","86.47108928486362","5.407946301455208","5.407946301455208","5.407946301455208","143.7457496047826","143.7457496047826","143.7457496047826","23.551098244308143","23.551098244308143","23.551098244308143","4.741983740600628","4.741983740600628","4.741983740600628","102.32468405807188","102.32468405807188","102.32468405807188","145.09729423988261","145.09729423988261","145.09729423988261","131.01925478513522","131.01925478513522","131.01925478513522","91.59963496809185","91.59963496809185","91.59963496809185","57.38861244772702","57.38861244772702","57.38861244772702","53.357923219308795","53.357923219308795","53.357923219308795","160.42130891178482","160.42130891178482","160.42130891178482","141.63951059523598","141.63951059523598","141.63951059523598","9.377164532348148","9.377164532348148","9.377164532348148","138.16733533701242","138.16733533701242","138.16733533701242","220.15997607806304","220.15997607806304","220.15997607806304","87.22436208394868","87.22436208394868","87.22436208394868","7.645040594948578","7.645040594948578","7.645040594948578","191.73717668766187","191.73717668766187","191.73717668766187","136.58905692233384","136.58905692233384","136.58905692233384"
"120000","89.21252133462345","89.21252133462345","89.21252133462345","5.618372177375069","5.618372177375069","5.618372177375069","238.5354693913233","238.5354693913233","238.5354693913233","36.118394888712615","36.118394888712615","36.118394888712615","4.335045935735491","4.335045935735491","4.335045935735491","108.84018552177281","108.84018552177281","108.84018552177281","185.27198363359443","185.27198363359443","185.27198363359443","124.0788066958319","124.0788066958319","124.0788066958319","125.88094497900381","125.88094497900381","125.88094497900381","28.02839341136008","28.02839341136008","28.02839341136008","5.292225172017678","5.292225172017678","5.292225172017678","146.69079014972314","146.69079014972314","146.69079014972314","143.8248128304635","143.8248128304635","143.8248128304635","22.857327851058592","22.857327851058592","22.857327851058592","174.40572135717963","174.40572135717963","174.40572135717963","222.23671647168294","222.23671647168294","222.23671647168294","52.88353866424724","52.88353866424724","52.88353866424724","24.286566131986728","24.286566131986728","24.286566131986728","187.98630437932889","187.98630437932889","187.98630437932889","148.4619930301603","148.4619930301603","148.4619930301603"
"124000","82.86863012253845","82.86863012253845","82.86863012253845","3.8415055086258247","3.8415055086258247","3.8415055086258247","227.15756146054227","227.15756146054227","227.15756146054227","47.53835949688757","47.53835949688757","47.53835949688757","3.6916103400038778","3.6916103400038778","3.6916103400038778","105.91044251339808","105.91044251339808","105.91044251339808","116.90032468818924","116.90032468818924","116.90032468818924","124.33618148890066","124.33618148890066","124.33618148890066","89.39872095223522","89.39872095223522","89.39872095223522","60.998808623407626","60.998808623407626","60.998808623407626","150.65155299640972","150.65155299640972","150.65155299640972","138.90522834335934","138.90522834335934","138.90522834335934","116.12720767485034","116.12720767485034","116.12720767485034","56.07188667066625","56.07188667066625","56.07188667066625","144.41391366252813","144.41391366252813","144.41391366252813","203.3556328931963","203.3556328931963","203.3556328931963","87.58553007485187","87.58553007485187","87.58553007485187","12.971734779175737","12.971734779175737","12.971734779175737","157.27877213400484","157.27877213400484","157.27877213400484","148.15455955711218","148.15455955711218","148.15455955711218"
"128000","90.55235422301696","90.55235422301696","90.55235422301696","5.708364217112951","5.708364217112951","5.708364217112951","207.03454956116192","207.03454956116192","207.03454956116192","24.90063895386455","24.90063895386455","24.90063895386455","5.152007794577962","5.152007794577962","5.152007794577962","136.8581138369516","136.8581138369516","136.8581138369516","79.0429904423501","79.0429904423501","79.0429904423501","138.31888235349373","138.31888235349373","138.31888235349373","102.40413658738385","102.40413658738385","102.40413658738385","50.276490774924696","50.276490774924696","50.276490774924696","151.31885839896773","151.31885839896773","151.31885839896773","146.78863485746888","146.78863485746888","146.78863485746888","142.5328999615602","142.5328999615602","142.5328999615602","64.95463055444097","64.95463055444097","64.95463055444097","143.27307983495018","143.27307983495018","143.27307983495018","205.7423235993148","205.7423235993148","205.7423235993148","161.2579488530485","161.2579488530485","161.2579488530485","25.407183481377263","25.407183481377263","25.407183481377263","179.13817100308657","179.13817100308657","179.13817100308657","145.9995114229324","145.9995114229324","145.9995114229324"
"132000","89.3916483295557","89.3916483295557","89.3916483295557","9.317973783802177","9.317973783802177","9.317973783802177","234.28983419897878","234.28983419897878","234.28983419897878","25.06843410346058","25.06843410346058","25.06843410346058","4.1097300611505965","4.1097300611505965","4.1097300611505965","99.44221543690384","99.44221543690384","99.44221543690384","92.77711953725417","92.77711953725417","92.77711953725417","136.79887324791457","136.79887324791457","136.79887324791457","125.35913220987827","125.35913220987827","125.35913220987827","64.21371001369607","64.21371001369607","64.21371001369607","149.7714007595916","149.7714007595916","149.7714007595916","135.8050117322804","135.8050117322804","135.8050117322804","132.30781807618877","132.30781807618877","132.30781807618877","96.19870060828694","96.19870060828694","96.19870060828694","148.0119110747898","148.0119110747898","148.0119110747898","217.36454376661777","217.36454376661777","217.36454376661777","185.4502481913847","185.4502481913847","185.4502481913847","28.022487969926356","28.022487969926356","28.022487969926356","183.93912812896335","183.93912812896335","183.93912812896335","149.66933478022383","149.66933478022383","149.66933478022383"
"136000","89.26352299646528","89.26352299646528","89.26352299646528","11.391481150530963","11.391481150530963","11.391481150530963","229.47977087192967","229.47977087192967","229.47977087192967","25.41504770281069","25.41504770281069","25.41504770281069","5.893318656061174","5.893318656061174","5.893318656061174","114.21822781653819","114.21822781653819","114.21822781653819","81.11394616110256","81.11394616110256","81.11394616110256","134.17564434357186","134.17564434357186","134.17564434357186","215.9343448041061","215.9343448041061","215.9343448041061","75.00398433675976","75.00398433675976","75.00398433675976","185.40663921112923","185.40663921112923","185.40663921112923","142.3758591795295","142.3758591795295","142.3758591795295","128.65971876852777","128.65971876852777","128.65971876852777","63.1165897662482","63.1165897662482","63.1165897662482","187.18687201608063","187.18687201608063","187.18687201608063","192.52127903540983","192.52127903540983","192.52127903540983","148.09481660612818","148.09481660612818","148.09481660612818","30.670998262609068","30.670998262609068","30.670998262609068","196.0242048899426","196.0242048899426","196.0242048899426","169.9691990205833","169.9691990205833","169.9691990205833"
"140000","91.16539507393558","91.16539507393558","91.16539507393558","9.202701568069786","9.202701568069786","9.202701568069786","213.54321461705914","213.54321461705914","213.54321461705914","25.666955474546274","25.666955474546274","25.666955474546274","5.682127387326352","5.682127387326352","5.682127387326352","104.09731006781121","104.09731006781121","104.09731006781121","41.55598602695282","41.55598602695282","41.55598602695282","115.55296351909662","115.55296351909662","115.55296351909662","154.20859924906077","154.20859924906077","154.20859924906077","73.85042827370219","73.85042827370219","73.85042827370219","134.18246309764908","134.18246309764908","134.18246309764908","145.61027352989393","145.61027352989393","145.61027352989393","127.97685352127374","127.97685352127374","127.97685352127374","61.547127432870425","61.547127432870425","61.547127432870425","189.69977958620802","189.69977958620802","189.69977958620802","194.0533535858222","194.0533535858222","194.0533535858222","160.89149057456956","160.89149057456956","160.89149057456956","26.558232521377896","26.558232521377896","26.558232521377896","173.85271671252414","173.85271671252414","173.85271671252414","180.57240051188188","180.57240051188188","180.57240051188188"
"144000","90.48182974148123","90.48182974148123","90.48182974148123","14.0342553483712","14.0342553483712","14.0342553483712","209.930840795814","209.930840795814","209.930840795814","26.794089882694003","26.794089882694003","26.794089882694003","4.475717176862131","4.475717176862131","4.475717176862131","109.91457995152753","109.91457995152753","109.91457995152753","34.700664415879025","34.700664415879025","34.700664415879025","117.89928821203293","117.89928821203293","117.89928821203293","157.2344625007516","157.2344625007516","157.2344625007516","78.12483802346676","78.12483802346676","78.12483802346676","145.88242459590006","145.88242459590006","145.88242459590006","166.96115061024852","166.96115061024852","166.96115061024852","142.80672470108766","142.80672470108766","142.80672470108766","54.0922198849344","54.0922198849344","54.0922198849344","102.07589328058947","102.07589328058947","102.07589328058947","236.0773761061492","236.0773761061492","236.0773761061492","117.93751350605498","117.93751350605498","117.93751350605498","9.09236088235111","9.09236088235111","9.09236088235111","175.01740235639392","175.01740235639392","175.01740235639392","147.65785593341653","147.65785593341653","147.65785593341653"
"148000","89.68059927733515","89.68059927733515","89.68059927733515","21.78363150259917","21.78363150259917","21.78363150259917","222.51160910912586","222.51160910912586","222.51160910912586","46.52454072384657","46.52454072384657","46.52454072384657","4.451330284902818","4.451330284902818","4.451330284902818","93.66960041653763","93.66960041653763","93.66960041653763","74.81515771445008","74.81515771445008","74.81515771445008","145.46455305941728","145.46455305941728","145.46455305941728","154.96361233099094","154.96361233099094","154.96361233099094","51.80908556752608","51.80908556752608","51.80908556752608","138.390654086053","138.390654086053","138.390654086053","157.3253990757632","157.3253990757632","157.3253990757632","150.11410349114777","150.11410349114777","150.11410349114777","29.368703292634756","29.368703292634756","29.368703292634756","187.0379369798698","187.0379369798698","187.0379369798698","226.20591321183602","226.20591321183602","226.20591321183602","175.92020926224606","175.92020926224606","175.92020926224606","26.16235221473844","26.16235221473844","26.16235221473844","169.59402162693087","169.59402162693087","169.59402162693087","146.3515485579414","146.3515485579414","146.3515485579414"
"152000","91.21503493578618","91.21503493578618","91.21503493578618","8.201615718945341","8.201615718945341","8.201615718945341","238.89044861858605","238.89044861858605","238.89044861858605","26.138049034412468","26.138049034412468","26.138049034412468","7.029236031127551","7.029236031127551","7.029236031127551","92.71790526531784","92.71790526531784","92.71790526531784","129.4310625133513","129.4310625133513","129.4310625133513","142.15773005378793","142.15773005378793","142.15773005378793","104.26018582371357","104.26018582371357","104.26018582371357","64.81001555600797","64.81001555600797","64.81001555600797","122.83079647896598","122.83079647896598","122.83079647896598","73.10138567622076","73.10138567622076","73.10138567622076","127.02686271427658","127.02686271427658","127.02686271427658","42.481927314200135","42.481927314200135","42.481927314200135","93.5592029691214","93.5592029691214","93.5592029691214","233.10360382511598","233.10360382511598","233.10360382511598","90.00699661244037","90.00699661244037","90.00699661244037","32.100261265258666","32.100261265258666","32.100261265258666","186.3448566362986","186.3448566362986","186.3448566362986","171.5176078381058","171.5176078381058","171.5176078381058"
"156000","86.88468415060694","86.88468415060694","86.88468415060694","8.703418806037927","8.703418806037927","8.703418806037927","247.54507794437723","247.54507794437723","247.54507794437723","50.310309054484","50.310309054484","50.310309054484","29.97459509364574","29.97459509364574","29.97459509364574","79.43060655613021","79.43060655613021","79.43060655613021","101.43060061302988","101.43060061302988","101.43060061302988","171.4206757715917","171.4206757715917","171.4206757715917","78.30018139349059","78.30018139349059","78.30018139349059","65.56791764602033","65.56791764602033","65.56791764602033","64.29200416901267","64.29200416901267","64.29200416901267","168.96126327601678","168.96126327601678","168.96126327601678","132.22715319734783","132.22715319734783","132.22715319734783","62.6983966094312","62.6983966094312","62.6983966094312","74.46318133261855","74.46318133261855","74.46318133261855","220.67281905094563","220.67281905094563","220.67281905094563","103.91093349658145","103.91093349658145","103.91093349658145","46.83529501750831","46.83529501750831","46.83529501750831","189.74122488846479","189.74122488846479","189.74122488846479","173.82889766083855","173.82889766083855","173.82889766083855"
"160000","88.77260129243179","88.77260129243179","88.77260129243179","18.956276339173993","18.956276339173993","18.956276339173993","187.00101905702053","187.00101905702053","187.00101905702053","56.646108316387696","56.646108316387696","56.646108316387696","104.93007842323905","104.93007842323905","104.93007842323905","102.21736701487372","102.21736701487372","102.21736701487372","120.25645199547644","120.25645199547644","120.25645199547644","188.29697353202613","188.29697353202613","188.29697353202613","123.83803320337174","123.83803320337174","123.83803320337174","69.26851018160197","69.26851018160197","69.26851018160197","39.10531974931598","39.10531974931598","39.10531974931598","110.33371233919561","110.33371233919561","110.33371233919561","131.01145742832784","131.01145742832784","131.01145742832784","47.91893466005046","47.91893466005046","47.91893466005046","65.41809831073945","65.41809831073945","65.41809831073945","219.43410463957375","219.43410463957375","219.43410463957375","113.51847770365585","113.51847770365585","113.51847770365585","51.03169177443743","51.03169177443743","51.03169177443743","199.16277838785865","199.16277838785865","199.16277838785865","130.04994544535433","130.04994544535433","130.04994544535433"
"164000","84.27110591315588","84.27110591315588","84.27110591315588","7.203590777066336","7.203590777066336","7.203590777066336","182.6717743500289","182.6717743500289","182.6717743500289","55.163648014368505","55.163648014368505","55.163648014368505","95.59083536139597","95.59083536139597","95.59083536139597","99.857833896617","99.857833896617","99.857833896617","135.1333290365373","135.1333290365373","135.1333290365373","141.9734315762143","141.9734315762143","141.9734315762143","72.32731987152786","72.32731987152786","72.32731987152786","49.61491125692711","49.61491125692711","49.61491125692711","88.93059267935237","88.93059267935237","88.93059267935237","101.91111216708586","101.91111216708586","101.91111216708586","148.31175531604995","148.31175531604995","148.31175531604995","64.03522350259395","64.03522350259395","64.03522350259395","155.63256023002418","155.63256023002418","155.63256023002418","225.87156479750246","225.87156479750246","225.87156479750246","196.01494775669582","196.01494775669582","196.01494775669582","53.047345930018516","53.047345930018516","53.047345930018516","205.62430085318505","205.62430085318505","205.62430085318505","138.9739337910222","138.9739337910222","138.9739337910222"
"168000","85.67315624749241","85.67315624749241","85.67315624749241","37.934793853725665","37.934793853725665","37.934793853725665","248.7504071685962","248.7504071685962","248.7504071685962","53.61687945401549","53.61687945401549","53.61687945401549","56.20352885049274","56.20352885049274","56.20352885049274","62.605693570058165","62.605693570058165","62.605693570058165","126.92793886920859","126.92793886920859","126.92793886920859","139.1757807090025","139.1757807090025","139.1757807090025","50.318864709996205","50.318864709996205","50.318864709996205","68.75319570522677","68.75319570522677","68.75319570522677","101.39384010147299","101.39384010147299","101.39384010147299","110.86343331397168","110.86343331397168","110.86343331397168","139.40589551560396","139.40589551560396","139.40589551560396","84.12186831641561","84.12186831641561","84.12186831641561","98.00699751934702","98.00699751934702","98.00699751934702","187.34685722263353","187.34685722263353","187.34685722263353","244.1215108620592","244.1215108620592","244.1215108620592","62.3094181856693","62.3094181856693","62.3094181856693","214.80541476146155","214.80541476146155","214.80541476146155","146.04634703194625","146.04634703194625","146.04634703194625"
"172000","85.9794214310215","85.9794214310215","85.9794214310215","16.675480520342482","16.675480520342482","16.675480520342482","244.05577371491762","244.05577371491762","244.05577371491762","55.86816947817979","55.86816947817979","55.86816947817979","19.55314617240598","19.55314617240598","19.55314617240598","100.64711065219757","100.64711065219757","100.64711065219757","146.38512639584732","146.38512639584732","146.38512639584732","110.57238044991934","110.57238044991934","110.57238044991934","94.06234500665396","94.06234500665396","94.06234500665396","71.14387660285547","71.14387660285547","71.14387660285547","112.99922886407867","112.99922886407867","112.99922886407867","104.88872096339449","104.88872096339449","104.88872096339449","140.7682199776689","140.7682199776689","140.7682199776689","146.86467425282345","146.86467425282345","146.86467425282345","181.21588616880075","181.21588616880075","181.21588616880075","227.66517688478152","227.66517688478152","227.66517688478152","208.19426963481223","208.19426963481223","208.19426963481223","78.91278466318717","78.91278466318717","78.91278466318717","207.5352645877569","207.5352645877569","207.5352645877569","137.73843924010845","137.73843924010845","137.73843924010845"
"176000","83.30613717928841","83.30613717928841","83.30613717928841","25.70265256027803","25.70265256027803","25.70265256027803","250.37216013096048","250.37216013096048","250.37216013096048","26.09345688446826","26.09345688446826","26.09345688446826","7.32427293766901","7.32427293766901","7.32427293766901","50.41156666887524","50.41156666887524","50.41156666887524","144.97951224956176","144.97951224956176","144.97951224956176","95.79628452260282","95.79628452260282","95.79628452260282","109.4309519432683","109.4309519432683","109.4309519432683","37.396852771438866","37.396852771438866","37.396852771438866","90.24454609219643","90.24454609219643","90.24454609219643","95.13021250401424","95.13021250401424","95.13021250401424","130.74048369738222","130.74048369738222","130.74048369738222","124.92703131562507","124.92703131562507","124.92703131562507","191.37072977872677","191.37072977872677","191.37072977872677","206.9333260242632","206.9333260242632","206.9333260242632","234.84404159044934","234.84404159044934","234.84404159044934","53.153758792037955","53.153758792037955","53.153758792037955","214.7261107174386","214.7261107174386","214.7261107174386","148.5450708599712","148.5450708599712","148.5450708599712"
"180000","89.42896699282223","89.42896699282223","89.42896699282223","12.953040253519088","12.953040253519088","12.953040253519088","254.8742300180078","254.8742300180078","254.8742300180078","23.608671213673603","23.608671213673603","23.608671213673603","9.691178137144522","9.691178137144522","9.691178137144522","51.019166574045","51.019166574045","51.019166574045","140.9457500282215","140.9457500282215","140.9457500282215","93.1018317590651","93.1018317590651","93.1018317590651","80.95238937134397","80.95238937134397","80.95238937134397","45.52650663871966","45.52650663871966","45.52650663871966","65.27145776411467","65.27145776411467","65.27145776411467","71.19136664880399","71.19136664880399","71.19136664880399","140.2763268860419","140.2763268860419","140.2763268860419","81.41663966880148","81.41663966880148","81.41663966880148","191.22754861106975","191.22754861106975","191.22754861106975","225.25014310477454","225.25014310477454","225.25014310477454","243.0237113436694","243.0237113436694","243.0237113436694","38.031782854493564","38.031782854493564","38.031782854493564","223.82390400857398","223.82390400857398","223.82390400857398","142.25956330416903","142.25956330416903","142.25956330416903"
"184000","86.301534926578","86.301534926578","86.301534926578","15.738044534965747","15.738044534965747","15.738044534965747","127.15048121005475","127.15048121005475","127.15048121005475","24.01203771095115","24.01203771095115","24.01203771095115","22.706133134753173","22.706133134753173","22.706133134753173","56.329061557271835","56.329061557271835","56.329061557271835","97.08977434005469","97.08977434005469","97.08977434005469","115.50844562358463","115.50844562358463","115.50844562358463","58.594735158005484","58.594735158005484","58.594735158005484","82.05224924634066","82.05224924634066","82.05224924634066","81.45697887560512","81.45697887560512","81.45697887560512","85.26511384281089","85.26511384281089","85.26511384281089","143.66880187045336","143.66880187045336","143.66880187045336","94.3049471358966","94.3049471358966","94.3049471358966","182.6159440738792","182.6159440738792","182.6159440738792","209.918117752162","209.918117752162","209.918117752162","216.42927082058932","216.42927082058932","216.42927082058932","54.69026345295043","54.69026345295043","54.69026345295043","220.27851593761048","220.27851593761048","220.27851593761048","144.27119511584692","144.27119511584692","144.27119511584692"
"188000","89.19662036210498","89.19662036210498","89.19662036210498","23.016003925320923","23.016003925320923","23.016003925320923","242.49344866784108","242.49344866784108","242.49344866784108","53.88014284238769","53.88014284238769","53.88014284238769","17.715026513315586","17.715026513315586","17.715026513315586","59.48071312595022","59.48071312595022","59.48071312595022","120.88829822861362","120.88829822861362","120.88829822861362","132.98086142407317","132.98086142407317","132.98086142407317","10.328926104954292","10.328926104954292","10.328926104954292","59.888970593461565","59.888970593461565","59.888970593461565","2.5592060824110736","2.5592060824110736","2.5592060824110736","64.79274928558593","64.79274928558593","64.79274928558593","143.5095086221998","143.5095086221998","143.5095086221998","71.70538916491105","71.70538916491105","71.70538916491105","94.37136032359146","94.37136032359146","94.37136032359146","218.2635575627747","218.2635575627747","218.2635575627747","181.2870558881391","181.2870558881391","181.2870558881391","55.28585721687076","55.28585721687076","55.28585721687076","217.40421306104358","217.40421306104358","217.40421306104358","141.49838994215392","141.49838994215392","141.49838994215392"
"192000","88.1921897900371","88.1921897900371","88.1921897900371","8.344498362559188","8.344498362559188","8.344498362559188","253.70902537843693","253.70902537843693","253.70902537843693","77.25853288664497","77.25853288664497","77.25853288664497","20.537555108653557","20.537555108653557","20.537555108653557","56.50987972850415","56.50987972850415","56.50987972850415","149.29547533654107","149.29547533654107","149.29547533654107","98.97462809330082","98.97462809330082","98.97462809330082","50.17653087876209","50.17653087876209","50.17653087876209","35.59476552630144","35.59476552630144","35.59476552630144","2.696959064745911","2.696959064745911","2.696959064745911","134.86774192854915","134.86774192854915","134.86774192854915","112.65999501583272","112.65999501583272","112.65999501583272","107.53140226822134","107.53140226822134","107.53140226822134","103.89488845030071","103.89488845030071","103.89488845030071","240.31042689211603","240.31042689211603","240.31042689211603","184.92165495563958","184.92165495563958","184.92165495563958","70.53615536671785","70.53615536671785","70.53615536671785","230.56834667707963","230.56834667707963","230.56834667707963","200.94156006651104","200.94156006651104","200.94156006651104"
"196000","87.54538693849798","87.54538693849798","87.54538693849798","9.83083890143163","9.83083890143163","9.83083890143163","182.79816338823858","182.79816338823858","182.79816338823858","81.31591963277565","81.31591963277565","81.31591963277565","22.558597321608918","22.558597321608918","22.558597321608918","62.020835930806626","62.020835930806626","62.020835930806626","152.68473586936258","152.68473586936258","152.68473586936258","138.56297508359728","138.56297508359728","138.56297508359728","8.880582487953866","8.880582487953866","8.880582487953866","54.289613908793925","54.289613908793925","54.289613908793925","2.5963546772553667","2.5963546772553667","2.5963546772553667","135.74442071624722","135.74442071624722","135.74442071624722","113.15384321993636","113.15384321993636","113.15384321993636","190.44194117444917","190.44194117444917","190.44194117444917","106.18214659978477","106.18214659978477","106.18214659978477","255.68577474527677","255.68577474527677","255.68577474527677","157.81377964826225","157.81377964826225","157.81377964826225","100.14344886133786","100.14344886133786","100.14344886133786","213.7807774727215","213.7807774727215","213.7807774727215","142.10629428067938","142.10629428067938","142.10629428067938"
"200000","73.26448095714048","73.26448095714048","73.26448095714048","25.280479765940214","25.280479765940214","25.280479765940214","229.25501014837118","229.25501014837118","229.25501014837118","105.52190851326918","105.52190851326918","105.52190851326918","24.95530367028153","24.95530367028153","24.95530367028153","57.78306524701909","57.78306524701909","57.78306524701909","175.3926394451334","175.3926394451334","175.3926394451334","150.20347200836233","150.20347200836233","150.20347200836233","55.229944064477095","55.229944064477095","55.229944064477095","65.76542473364415","65.76542473364415","65.76542473364415","2.5186767395825482","2.5186767395825482","2.5186767395825482","112.56542692537946","112.56542692537946","112.56542692537946","111.14833801828817","111.14833801828817","111.14833801828817","161.0561534049069","161.0561534049069","161.0561534049069","149.5130185870247","149.5130185870247","149.5130185870247","260.0426686090912","260.0426686090912","260.0426686090912","195.6083613446278","195.6083613446278","195.6083613446278","93.80913234885836","93.80913234885836","93.80913234885836","210.02446490184698","210.02446490184698","210.02446490184698","140.85936434022295","140.85936434022295","140.85936434022295"
"204000","73.11434882522077","73.11434882522077","73.11434882522077","39.998964305756665","39.998964305756665","39.998964305756665","238.83440036337896","238.83440036337896","238.83440036337896","78.46800029327412","78.46800029327412","78.46800029327412","8.920613567721741","8.920613567721741","8.920613567721741","54.52178747322273","54.52178747322273","54.52178747322273","165.81840459754898","165.81840459754898","165.81840459754898","145.0831912065102","145.0831912065102","145.0831912065102","51.43785860627681","51.43785860627681","51.43785860627681","63.89189768744336","63.89189768744336","63.89189768744336","2.9502023134447013","2.9502023134447013","2.9502023134447013","78.56426713925327","78.56426713925327","78.56426713925327","104.05766820479923","104.05766820479923","104.05766820479923","113.23557196289933","113.23557196289933","113.23557196289933","156.2959787309819","156.2959787309819","156.2959787309819","248.80048457007834","248.80048457007834","248.80048457007834","198.16746865679403","198.16746865679403","198.16746865679403","91.97641508594123","91.97641508594123","91.97641508594123","210.75705815618616","210.75705815618616","210.75705815618616","156.57945826346676","156.57945826346676","156.57945826346676"
"208000","73.61126876777965","73.61126876777965","73.61126876777965","8.130535304789628","8.130535304789628","8.130535304789628","249.95692710739021","249.95692710739021","249.95692710739021","77.84057409227793","77.84057409227793","77.84057409227793","15.303600922695377","15.303600922695377","15.303600922695377","54.03887501014026","54.03887501014026","54.03887501014026","176.1437103346362","176.1437103346362","176.1437103346362","128.13366811602836","128.13366811602836","128.13366811602836","49.118297263022704","49.118297263022704","49.118297263022704","66.89275529581398","66.89275529581398","66.89275529581398","43.407583696641","43.407583696641","43.407583696641","79.52384043702472","79.52384043702472","79.52384043702472","117.13442805762536","117.13442805762536","117.13442805762536","157.18648652550428","157.18648652550428","157.18648652550428","135.6610509064792","135.6610509064792","135.6610509064792","230.07120795849147","230.07120795849147","230.07120795849147","198.28402548374524","198.28402548374524","198.28402548374524","71.1753100850394","71.1753100850394","71.1753100850394","220.89390180698524","220.89390180698524","220.89390180698524","152.90928582300634","152.90928582300634","152.90928582300634"
"212000","81.03692471717122","81.03692471717122","81.03692471717122","52.884044489930396","52.884044489930396","52.884044489930396","248.77001281988092","248.77001281988092","248.77001281988092","66.82960950152092","66.82960950152092","66.82960950152092","26.94468417891567","26.94468417891567","26.94468417891567","49.69900885478065","49.69900885478065","49.69900885478065","203.18931881714684","203.18931881714684","203.18931881714684","135.78778793693442","135.78778793693442","135.78778793693442","50.35691955042698","50.35691955042698","50.35691955042698","67.15896281955358","67.15896281955358","67.15896281955358","63.10065346274526","63.10065346274526","63.10065346274526","64.88584894719244","64.88584894719244","64.88584894719244","151.55719606076792","151.55719606076792","151.55719606076792","131.7170148928878","131.7170148928878","131.7170148928878","102.65908149591897","102.65908149591897","102.65908149591897","243.68816261685296","243.68816261685296","243.68816261685296","192.7185301303295","192.7185301303295","192.7185301303295","54.92032539594125","54.92032539594125","54.92032539594125","209.1793526723007","209.1793526723007","209.1793526723007","157.04537713858798","157.04537713858798","157.04537713858798"
"216000","82.89869967360184","82.89869967360184","82.89869967360184","39.144179157763716","39.144179157763716","39.144179157763716","250.70882681885655","250.70882681885655","250.70882681885655","72.71529115499047","72.71529115499047","72.71529115499047","39.54721969419275","39.54721969419275","39.54721969419275","52.15386517514511","52.15386517514511","52.15386517514511","204.20635617043763","204.20635617043763","204.20635617043763","137.56850885991213","137.56850885991213","137.56850885991213","49.25384732639874","49.25384732639874","49.25384732639874","72.08239265020214","72.08239265020214","72.08239265020214","57.134503326205206","57.134503326205206","57.134503326205206","95.48730728547784","95.48730728547784","95.48730728547784","146.13620341270806","146.13620341270806","146.13620341270806","152.727989385554","152.727989385554","152.727989385554","164.62565082057472","164.62565082057472","164.62565082057472","255.86648717315583","255.86648717315583","255.86648717315583","209.96427370003545","209.96427370003545","209.96427370003545","67.35127148892634","67.35127148892634","67.35127148892634","228.62913132205904","228.62913132205904","228.62913132205904","180.33424348761517","180.33424348761517","180.33424348761517"
"220000","83.00695301500716","83.00695301500716","83.00695301500716","30.4536134648553","30.4536134648553","30.4536134648553","245.07007712859308","245.07007712859308","245.07007712859308","81.82622007430655","81.82622007430655","81.82622007430655","27.28356557621088","27.28356557621088","27.28356557621088","63.28162594655746","63.28162594655746","63.28162594655746","210.0519168829879","210.0519168829879","210.0519168829879","151.6584882254515","151.6584882254515","151.6584882254515","60.13230012217538","60.13230012217538","60.13230012217538","97.73512023929266","97.73512023929266","97.73512023929266","5.006737890044514","5.006737890044514","5.006737890044514","63.971580862415195","63.971580862415195","63.971580862415195","146.86021160816455","146.86021160816455","146.86021160816455","157.33862297746438","157.33862297746438","157.33862297746438","194.30477747055102","194.30477747055102","194.30477747055102","268.4723526077281","268.4723526077281","268.4723526077281","208.82155684958934","208.82155684958934","208.82155684958934","55.195969327325486","55.195969327325486","55.195969327325486","220.4151698176748","220.4151698176748","220.4151698176748","194.83503018828318","194.83503018828318","194.83503018828318"
"224000","88.35610513161724","88.35610513161724","88.35610513161724","55.780622948951205","55.780622948951205","55.780622948951205","258.30345923357703","258.30345923357703","258.30345923357703","80.34087938686073","80.34087938686073","80.34087938686073","19.310351436363238","19.310351436363238","19.310351436363238","64.99449865730477","64.99449865730477","64.99449865730477","212.30582607221308","212.30582607221308","212.30582607221308","145.60232619603443","145.60232619603443","145.60232619603443","30.03783165191253","30.03783165191253","30.03783165191253","45.20526022783622","45.20526022783622","45.20526022783622","4.988263174334891","4.988263174334891","4.988263174334891","118.29421230408529","118.29421230408529","118.29421230408529","142.22718003494492","142.22718003494492","142.22718003494492","175.44478863469936","175.44478863469936","175.44478863469936","141.6387547404958","141.6387547404958","141.6387547404958","275.498964414902","275.498964414902","275.498964414902","247.63544895349065","247.63544895349065","247.63544895349065","28.85387044534799","28.85387044534799","28.85387044534799","238.03844396049016","238.03844396049016","238.03844396049016","215.8400266511781","215.8400266511781","215.8400266511781"
"228000","87.77127193592317","87.77127193592317","87.77127193592317","60.05769777501","60.05769777501","60.05769777501","251.82624929857212","251.82624929857212","251.82624929857212","79.31173700171979","79.31173700171979","79.31173700171979","14.209138437794218","14.209138437794218","14.209138437794218","101.14226046361367","101.14226046361367","101.14226046361367","184.06617278345846","184.06617278345846","184.06617278345846","154.07655086790754","154.07655086790754","154.07655086790754","99.0705125814635","99.0705125814635","99.0705125814635","45.91330289588118","45.91330289588118","45.91330289588118","5.025396193115528","5.025396193115528","5.025396193115528","120.87185101898504","120.87185101898504","120.87185101898504","157.4193169494498","157.4193169494498","157.4193169494498","182.9740819220542","182.9740819220542","182.9740819220542","137.9685059428278","137.9685059428278","137.9685059428278","270.3862726533431","270.3862726533431","270.3862726533431","217.99258188253606","217.99258188253606","217.99258188253606","28.313862095506245","28.313862095506245","28.313862095506245","226.15268129846785","226.15268129846785","226.15268129846785","175.86578312299906","175.86578312299906","175.86578312299906"
"232000","73.73614222668417","73.73614222668417","73.73614222668417","82.97936833361805","82.97936833361805","82.97936833361805","233.1371813989644","233.1371813989644","233.1371813989644","58.35790554091551","58.35790554091551","58.35790554091551","25.95812452671759","25.95812452671759","25.95812452671759","111.77647437510873","111.77647437510873","111.77647437510873","179.98704326787282","179.98704326787282","179.98704326787282","159.34569332594282","159.34569332594282","159.34569332594282","46.9184759647532","46.9184759647532","46.9184759647532","66.38476817601581","66.38476817601581","66.38476817601581","5.03491098082875","5.03491098082875","5.03491098082875","166.20350687995474","166.20350687995474","166.20350687995474","132.18423533552883","132.18423533552883","132.18423533552883","168.57605706751636","168.57605706751636","168.57605706751636","161.4211158783575","161.4211158783575","161.4211158783575","262.93422895694823","262.93422895694823","262.93422895694823","220.70782406157286","220.70782406157286","220.70782406157286","74.6216248523337","74.6216248523337","74.6216248523337","216.38832134726508","216.38832134726508","216.38832134726508","220.60105385764865","220.60105385764865","220.60105385764865"
"236000","89.03923900990654","89.03923900990654","89.03923900990654","82.87725890128998","82.87725890128998","82.87725890128998","233.37460748027343","233.37460748027343","233.37460748027343","64.9633461785704","64.9633461785704","64.9633461785704","14.143019296996082","14.143019296996082","14.143019296996082","105.91723530150747","105.91723530150747","105.91723530150747","198.12207494297638","198.12207494297638","198.12207494297638","151.15209853363558","151.15209853363558","151.15209853363558","90.23098543019344","90.23098543019344","90.23098543019344","138.2648803589628","138.2648803589628","138.2648803589628","5.044391198282559","5.044391198282559","5.044391198282559","174.71336877707506","174.71336877707506","174.71336877707506","132.75678383578753","132.75678383578753","132.75678383578753","118.14687122094094","118.14687122094094","118.14687122094094","194.66773022484932","194.66773022484932","194.66773022484932","278.01020947197065","278.01020947197065","278.01020947197065","212.9256550074474","212.9256550074474","212.9256550074474","29.32412835603468","29.32412835603468","29.32412835603468","220.86309652526887","220.86309652526887","220.86309652526887","220.56915435413484","220.56915435413484","220.56915435413484"
"240000","125.10175142976564","125.10175142976564","125.10175142976564","49.25086391618667","49.25086391618667","49.25086391618667","254.70597683940005","254.70597683940005","254.70597683940005","66.56936276531569","66.56936276531569","66.56936276531569","87.67411565959715","87.67411565959715","87.67411565959715","97.75713658295771","97.75713658295771","97.75713658295771","211.04940833322334","211.04940833322334","211.04940833322334","174.36940467158624","174.36940467158624","174.36940467158624","89.62624972360979","89.62624972360979","89.62624972360979","63.22928097036403","63.22928097036403","63.22928097036403","5.034770568453437","5.034770568453437","5.034770568453437","173.12729658272082","173.12729658272082","173.12729658272082","155.83461105459352","155.83461105459352","155.83461105459352","196.36106502024526","196.36106502024526","196.36106502024526","201.33452810706578","201.33452810706578","201.33452810706578","274.67304141451734","274.67304141451734","274.67304141451734","257.89033549969844","257.89033549969844","257.89033549969844","34.08674504863047","34.08674504863047","34.08674504863047","226.2239387571633","226.2239387571633","226.2239387571633","204.87479979784626","204.87479979784626","204.87479979784626"
"244000","127.27452209711014","127.27452209711014","127.27452209711014","55.306537057596415","55.306537057596415","55.306537057596415","260.5715050051171","260.5715050051171","260.5715050051171","79.32992715450675","79.32992715450675","79.32992715450675","83.94878466303155","83.94878466303155","83.94878466303155","102.73914960915916","102.73914960915916","102.73914960915916","223.54490434105497","223.54490434105497","223.54490434105497","155.49739712751096","155.49739712751096","155.49739712751096","102.31470516870658","102.31470516870658","102.31470516870658","62.584734037269314","62.584734037269314","62.584734037269314","48.33383792372224","48.33383792372224","48.33383792372224","167.13128642745227","167.13128642745227","167.13128642745227","154.5410398582218","154.5410398582218","154.5410398582218","165.81106118269355","165.81106118269355","165.81106118269355","215.02391539847196","215.02391539847196","215.02391539847196","272.547481238407","272.547481238407","272.547481238407","246.3947042747804","246.3947042747804","246.3947042747804","71.50195357925331","71.50195357925331","71.50195357925331","225.1713153612905","225.1713153612905","225.1713153612905","166.91221067065067","166.91221067065067","166.91221067065067"
"248000","127.56429580238027","127.56429580238027","127.56429580238027","54.91206712153561","54.91206712153561","54.91206712153561","254.99385420908857","254.99385420908857","254.99385420908857","56.695533861452404","56.695533861452404","56.695533861452404","23.524764407133574","23.524764407133574","23.524764407133574","98.07788749007656","98.07788749007656","98.07788749007656","180.64513555722988","180.64513555722988","180.64513555722988","169.68532180253942","169.68532180253942","169.68532180253942","111.29388204741795","111.29388204741795","111.29388204741795","56.7135322228371","56.7135322228371","56.7135322228371","63.77301569243447","63.77301569243447","63.77301569243447","160.7517664972392","160.7517664972392","160.7517664972392","164.97349733809287","164.97349733809287","164.97349733809287","177.0020193805274","177.0020193805274","177.0020193805274","186.88413398241522","186.88413398241522","186.88413398241522","276.4060037557172","276.4060037557172","276.4060037557172","223.0891855351997","223.0891855351997","223.0891855351997","58.45052988079645","58.45052988079645","58.45052988079645","215.8825545421082","215.8825545421082","215.8825545421082","165.56776078362648","165.56776078362648","165.56776078362648"
"252000","139.28355884996637","139.28355884996637","139.28355884996637","47.410587083607695","47.410587083607695","47.410587083607695","268.1425087597204","268.1425087597204","268.1425087597204","58.74860121596241","58.74860121596241","58.74860121596241","36.33807148009732","36.33807148009732","36.33807148009732","116.13798400756498","116.13798400756498","116.13798400756498","155.5657051062548","155.5657051062548","155.5657051062548","158.49202809992488","158.49202809992488","158.49202809992488","92.61265964413869","92.61265964413869","92.61265964413869","98.26951401230852","98.26951401230852","98.26951401230852","146.5791880856432","146.5791880856432","146.5791880856432","133.04188854479693","133.04188854479693","133.04188854479693","187.9511645260655","187.9511645260655","187.9511645260655","98.05346306772796","98.05346306772796","98.05346306772796","195.72542450367692","195.72542450367692","195.72542450367692","277.0318815362292","277.0318815362292","277.0318815362292","213.36613576160624","213.36613576160624","213.36613576160624","76.69731336109562","76.69731336109562","76.69731336109562","219.79779743048167","219.79779743048167","219.79779743048167","222.2891782230873","222.2891782230873","222.2891782230873"
"256000","195.21165312613462","195.21165312613462","195.21165312613462","59.92741298225517","59.92741298225517","59.92741298225517","258.35909291352186","258.35909291352186","258.35909291352186","62.42573613748353","62.42573613748353","62.42573613748353","21.176902358250498","21.176902358250498","21.176902358250498","92.82051002009368","92.82051002009368","92.82051002009368","169.4398380845274","169.4398380845274","169.4398380845274","194.9267246934541","194.9267246934541","194.9267246934541","99.48959938998293","99.48959938998293","99.48959938998293","118.44247447118497","118.44247447118497","118.44247447118497","98.39660120783198","98.39660120783198","98.39660120783198","140.8633947511058","140.8633947511058","140.8633947511058","165.60937464751265","165.60937464751265","165.60937464751265","111.70707236690532","111.70707236690532","111.70707236690532","135.38492402510008","135.38492402510008","135.38492402510008","277.4102732466242","277.4102732466242","277.4102732466242","194.28918350427767","194.28918350427767","194.28918350427767","74.17379371908699","74.17379371908699","74.17379371908699","218.49449689427738","218.49449689427738","218.49449689427738","207.06030893055336","207.06030893055336","207.06030893055336"
"260000","181.6112572786037","181.6112572786037","181.6112572786037","60.019878192512024","60.019878192512024","60.019878192512024","234.55186655067047","234.55186655067047","234.55186655067047","53.93244311660624","53.93244311660624","53.93244311660624","40.45964263274608","40.45964263274608","40.45964263274608","92.03380623978853","92.03380623978853","92.03380623978853","219.59044648666818","219.59044648666818","219.59044648666818","159.26136668224916","159.26136668224916","159.26136668224916","92.62260921674742","92.62260921674742","92.62260921674742","139.50858792474247","139.50858792474247","139.50858792474247","135.24422089807229","135.24422089807229","135.24422089807229","156.0179932261695","156.0179932261695","156.0179932261695","169.19902005386544","169.19902005386544","169.19902005386544","147.101278253122","147.101278253122","147.101278253122","176.4871201015868","176.4871201015868","176.4871201015868","279.1368587404315","279.1368587404315","279.1368587404315","253.595823104109","253.595823104109","253.595823104109","38.52226299090068","38.52226299090068","38.52226299090068","218.84452477270165","218.84452477270165","218.84452477270165","238.08711127527758","238.08711127527758","238.08711127527758"
"264000","111.3872569552256","111.3872569552256","111.3872569552256","76.8305176885264","76.8305176885264","76.8305176885264","244.65336750062107","244.65336750062107","244.65336750062107","38.49667555248067","38.49667555248067","38.49667555248067","37.878852072195606","37.878852072195606","37.878852072195606","111.06249509638675","111.06249509638675","111.06249509638675","183.96357452792017","183.96357452792017","183.96357452792017","152.4863174069263","152.4863174069263","152.4863174069263","70.32671034555499","70.32671034555499","70.32671034555499","88.71824884031598","88.71824884031598","88.71824884031598","159.3021560214166","159.3021560214166","159.3021560214166","162.98627394943998","162.98627394943998","162.98627394943998","184.03893802878594","184.03893802878594","184.03893802878594","181.3751411831693","181.3751411831693","181.3751411831693","199.75627144955956","199.75627144955956","199.75627144955956","270.32177929074294","270.32177929074294","270.32177929074294","256.7868132078157","256.7868132078157","256.7868132078157","18.96906004163964","18.96906004163964","18.96906004163964","225.22831796927107","225.22831796927107","225.22831796927107","252.3943837089886","252.3943837089886","252.3943837089886"
"268000","217.1370203659275","217.1370203659275","217.1370203659275","91.14826872648887","91.14826872648887","91.14826872648887","204.64887925778925","204.64887925778925","204.64887925778925","62.24098944062298","62.24098944062298","62.24098944062298","28.660847386112653","28.660847386112653","28.660847386112653","143.97369154820294","143.97369154820294","143.97369154820294","168.55335264490301","168.55335264490301","168.55335264490301","177.6643865275758","177.6643865275758","177.6643865275758","29.557210107583398","29.557210107583398","29.557210107583398","83.41025950486262","83.41025950486262","83.41025950486262","22.508185682966108","22.508185682966108","22.508185682966108","170.07785510651456","170.07785510651456","170.07785510651456","191.31343206676775","191.31343206676775","191.31343206676775","157.47707630053142","157.47707630053142","157.47707630053142","219.84129218677458","219.84129218677458","219.84129218677458","293.56205272030786","293.56205272030786","293.56205272030786","232.1707754200335","232.1707754200335","232.1707754200335","32.10166398830336","32.10166398830336","32.10166398830336","223.15287115807723","223.15287115807723","223.15287115807723","241.27415937967857","241.27415937967857","241.27415937967857"
"272000","148.34520893233397","148.34520893233397","148.34520893233397","86.73390369650596","86.73390369650596","86.73390369650596","190.59953877032567","190.59953877032567","190.59953877032567","65.90618522479772","65.90618522479772","65.90618522479772","43.66467754635106","43.66467754635106","43.66467754635106","98.51713052530508","98.51713052530508","98.51713052530508","198.91133787012495","198.91133787012495","198.91133787012495","183.5431339855413","183.5431339855413","183.5431339855413","67.9813621967124","67.9813621967124","67.9813621967124","95.82817708364647","95.82817708364647","95.82817708364647","4.8947375986897415","4.8947375986897415","4.8947375986897415","103.27786462626844","103.27786462626844","103.27786462626844","191.66608840421821","191.66608840421821","191.66608840421821","172.63622636538207","172.63622636538207","172.63622636538207","134.595351460497","134.595351460497","134.595351460497","284.9494486762091","284.9494486762091","284.9494486762091","229.65774019188547","229.65774019188547","229.65774019188547","41.58981471804385","41.58981471804385","41.58981471804385","211.2612124306958","211.2612124306958","211.2612124306958","237.36118296151002","237.36118296151002","237.36118296151002"
"276000","217.91942542046905","217.91942542046905","217.91942542046905","70.37314938620159","70.37314938620159","70.37314938620159","208.95869761102145","208.95869761102145","208.95869761102145","69.41616494552886","69.41616494552886","69.41616494552886","44.36639209137945","44.36639209137945","44.36639209137945","88.6586155445385","88.6586155445385","88.6586155445385","214.92074568620083","214.92074568620083","214.92074568620083","208.5127577347078","208.5127577347078","208.5127577347078","59.23614611662053","59.23614611662053","59.23614611662053","144.78071060179442","144.78071060179442","144.78071060179442","4.896301902489005","4.896301902489005","4.896301902489005","120.30671168873839","120.30671168873839","120.30671168873839","183.71082456039875","183.71082456039875","183.71082456039875","169.97593056595022","169.97593056595022","169.97593056595022","131.81602493174591","131.81602493174591","131.81602493174591","295.6883565244513","295.6883565244513","295.6883565244513","237.66941648258052","237.66941648258052","237.66941648258052","54.72608205644521","54.72608205644521","54.72608205644521","233.30569214586467","233.30569214586467","233.30569214586467","191.78071989090057","191.78071989090057","191.78071989090057"
"280000","135.43631608997597","135.43631608997597","135.43631608997597","77.51087858504559","77.51087858504559","77.51087858504559","240.24302241570126","240.24302241570126","240.24302241570126","53.329637841596615","53.329637841596615","53.329637841596615","76.59201890837431","76.59201890837431","76.59201890837431","137.0008852109576","137.0008852109576","137.0008852109576","197.57370908538184","197.57370908538184","197.57370908538184","219.02283877621184","219.02283877621184","219.02283877621184","96.15488173878398","96.15488173878398","96.15488173878398","136.75940846287986","136.75940846287986","136.75940846287986","74.1711077446154","74.1711077446154","74.1711077446154","177.65532826677477","177.65532826677477","177.65532826677477","182.94426950991777","182.94426950991777","182.94426950991777","176.93070933040713","176.93070933040713","176.93070933040713","226.57100024229857","226.57100024229857","226.57100024229857","271.22647228732455","271.22647228732455","271.22647228732455","296.8773460190133","296.8773460190133","296.8773460190133","63.169660426204665","63.169660426204665","63.169660426204665","220.94621864064283","220.94621864064283","220.94621864064283","229.87473342469434","229.87473342469434","229.87473342469434"
"284000","107.17312970033929","107.17312970033929","107.17312970033929","78.04616277230403","78.04616277230403","78.04616277230403","237.48985248742366","237.48985248742366","237.48985248742366","20.450795144552323","20.450795144552323","20.450795144552323","49.740362632734296","49.740362632734296","49.740362632734296","117.85207429466513","117.85207429466513","117.85207429466513","203.67228410617795","203.67228410617795","203.67228410617795","172.79945401312563","172.79945401312563","172.79945401312563","63.21421526264892","63.21421526264892","63.21421526264892","167.69180400097292","167.69180400097292","167.69180400097292","137.57860384673725","137.57860384673725","137.57860384673725","174.80072554809993","174.80072554809993","174.80072554809993","203.31352224765436","203.31352224765436","203.31352224765436","178.83308105201934","178.83308105201934","178.83308105201934","162.9971237089811","162.9971237089811","162.9971237089811","264.9912680124902","264.9912680124902","264.9912680124902","255.75821796918922","255.75821796918922","255.75821796918922","51.07176369701224","51.07176369701224","51.07176369701224","226.87670340386757","226.87670340386757","226.87670340386757","200.66877216260963","200.66877216260963","200.66877216260963"
"288000","120.10453811923517","120.10453811923517","120.10453811923517","24.79182482466174","24.79182482466174","24.79182482466174","213.3647507787836","213.3647507787836","213.3647507787836","52.84433611449666","52.84433611449666","52.84433611449666","50.08054286912018","50.08054286912018","50.08054286912018","114.23216692884553","114.23216692884553","114.23216692884553","208.4535180228707","208.4535180228707","208.4535180228707","181.94371600318533","181.94371600318533","181.94371600318533","45.15652624913211","45.15652624913211","45.15652624913211","117.96338749483539","117.96338749483539","117.96338749483539","121.04673237380082","121.04673237380082","121.04673237380082","154.0535515173148","154.0535515173148","154.0535515173148","189.66124299861917","189.66124299861917","189.66124299861917","154.75126754454223","154.75126754454223","154.75126754454223","239.59057601198447","239.59057601198447","239.59057601198447","288.28257300194014","288.28257300194014","288.28257300194014","293.0354953792182","293.0354953792182","293.0354953792182","63.736385521259095","63.736385521259095","63.736385521259095","231.55092190396667","231.55092190396667","231.55092190396667","154.18468625717625","154.18468625717625","154.18468625717625"
"292000","93.94799507243938","93.94799507243938","93.94799507243938","10.806601142347374","10.806601142347374","10.806601142347374","247.49521315633666","247.49521315633666","247.49521315633666","21.059101538945036","21.059101538945036","21.059101538945036","64.04025451297653","64.04025451297653","64.04025451297653","135.9557503291444","135.9557503291444","135.9557503291444","203.3062807472533","203.3062807472533","203.3062807472533","161.72010498799324","161.72010498799324","161.72010498799324","63.45660265882848","63.45660265882848","63.45660265882848","141.1986501272172","141.1986501272172","141.1986501272172","144.94130145552384","144.94130145552384","144.94130145552384","159.40037514126053","159.40037514126053","159.40037514126053","180.49944163756612","180.49944163756612","180.49944163756612","191.69289477442032","191.69289477442032","191.69289477442032","236.17869398583352","236.17869398583352","236.17869398583352","294.36784574598704","294.36784574598704","294.36784574598704","251.14607349758467","251.14607349758467","251.14607349758467","43.90420796482085","43.90420796482085","43.90420796482085","237.14347178446573","237.14347178446573","237.14347178446573","177.83681379951673","177.83681379951673","177.83681379951673"
"296000","132.4023016914929","132.4023016914929","132.4023016914929","58.38135066063857","58.38135066063857","58.38135066063857","260.59265008618297","260.59265008618297","260.59265008618297","55.291282036290376","55.291282036290376","55.291282036290376","42.50557560326041","42.50557560326041","42.50557560326041","126.20773195959468","126.20773195959468","126.20773195959468","206.22017194371847","206.22017194371847","206.22017194371847","128.26140399428732","128.26140399428732","128.26140399428732","99.04296667270252","99.04296667270252","99.04296667270252","120.84331699228206","120.84331699228206","120.84331699228206","148.6934840065525","148.6934840065525","148.6934840065525","147.4717150451068","147.4717150451068","147.4717150451068","164.7600463454483","164.7600463454483","164.7600463454483","171.8707512725242","171.8707512725242","171.8707512725242","221.97031400106897","221.97031400106897","221.97031400106897","284.28030240638066","284.28030240638066","284.28030240638066","289.5748288428973","289.5748288428973","289.5748288428973","37.78470783895343","37.78470783895343","37.78470783895343","231.01229001052138","231.01229001052138","231.01229001052138","188.56089591477166","188.56089591477166","188.56089591477166"
"300000","159.12930274087688","159.12930274087688","159.12930274087688","134.84888364108693","134.84888364108693","134.84888364108693","255.67947644132914","255.67947644132914","255.67947644132914","52.10514686363406","52.10514686363406","52.10514686363406","69.29364962225257","69.29364962225257","69.29364962225257","131.46352136753626","131.46352136753626","131.46352136753626","232.09047355415714","232.09047355415714","232.09047355415714","128.10119812917674","128.10119812917674","128.10119812917674","105.12170492308829","105.12170492308829","105.12170492308829","119.39279654980032","119.39279654980032","119.39279654980032","94.98073952958389","94.98073952958389","94.98073952958389","159.45106848506845","159.45106848506845","159.45106848506845","144.83328136786918","144.83328136786918","144.83328136786918","179.7444658003302","179.7444658003302","179.7444658003302","235.47101458605349","235.47101458605349","235.47101458605349","233.6467634336635","233.6467634336635","233.6467634336635","248.54479554136046","248.54479554136046","248.54479554136046","55.2500314032779","55.2500314032779","55.2500314032779","236.29035568562819","236.29035568562819","236.29035568562819","195.43473540013025","195.43473540013025","195.43473540013025"
"304000","137.80814075395142","137.80814075395142","137.80814075395142","145.06758103793624","145.06758103793624","145.06758103793624","243.44200274677223","243.44200274677223","243.44200274677223","52.438634073376576","52.438634073376576","52.438634073376576","78.17119267455874","78.17119267455874","78.17119267455874","145.95744285260926","145.95744285260926","145.95744285260926","240.2414427770422","240.2414427770422","240.2414427770422","174.90214799431277","174.90214799431277","174.90214799431277","128.00035295763954","128.00035295763954","128.00035295763954","130.0580772037792","130.0580772037792","130.0580772037792","160.3396362371599","160.3396362371599","160.3396362371599","200.59556484812202","200.59556484812202","200.59556484812202","189.26330385098336","189.26330385098336","189.26330385098336","188.77114042246018","188.77114042246018","188.77114042246018","217.27205777965364","217.27205777965364","217.27205777965364","236.90798731679098","236.90798731679098","236.90798731679098","304.3251707644061","304.3251707644061","304.3251707644061","102.87292012274497","102.87292012274497","102.87292012274497","224.2556349858578","224.2556349858578","224.2556349858578","198.8777120204933","198.8777120204933","198.8777120204933"
"308000","140.7613743229453","140.7613743229453","140.7613743229453","153.9894987960302","153.9894987960302","153.9894987960302","246.2458989589605","246.2458989589605","246.2458989589605","58.32552592650406","58.32552592650406","58.32552592650406","22.158420499131022","22.158420499131022","22.158420499131022","143.41676944745413","143.41676944745413","143.41676944745413","232.6722292401279","232.6722292401279","232.6722292401279","175.95642353861763","175.95642353861763","175.95642353861763","109.39276137564131","109.39276137564131","109.39276137564131","93.568232046259","93.568232046259","93.568232046259","140.06057485744728","140.06057485744728","140.06057485744728","200.28831660245032","200.28831660245032","200.28831660245032","161.57975766664237","161.57975766664237","161.57975766664237","145.10676693472496","145.10676693472496","145.10676693472496","222.48736476969307","222.48736476969307","222.48736476969307","292.2720892998399","292.2720892998399","292.2720892998399","288.86605063548313","288.86605063548313","288.86605063548313","13.34724332199653","13.34724332199653","13.34724332199653","234.97432205425375","234.97432205425375","234.97432205425375","192.21913865844246","192.21913865844246","192.21913865844246"
"312000","182.20129061857014","182.20129061857014","182.20129061857014","120.37167183015364","120.37167183015364","120.37167183015364","191.14005156581902","191.14005156581902","191.14005156581902","54.79309232276171","54.79309232276171","54.79309232276171","45.19910756714963","45.19910756714963","45.19910756714963","144.68195518943142","144.68195518943142","144.68195518943142","236.71244644155058","236.71244644155058","236.71244644155058","206.32316157723025","206.32316157723025","206.32316157723025","105.27054712497417","105.27054712497417","105.27054712497417","113.17035345063296","113.17035345063296","113.17035345063296","132.9350306164229","132.9350306164229","132.9350306164229","221.06279198322653","221.06279198322653","221.06279198322653","186.68345892688725","186.68345892688725","186.68345892688725","128.65335126628727","128.65335126628727","128.65335126628727","238.25678415729917","238.25678415729917","238.25678415729917","317.4148567827133","317.4148567827133","317.4148567827133","302.4202263237128","302.4202263237128","302.4202263237128","35.409349839874636","35.409349839874636","35.409349839874636","229.5342744062832","229.5342744062832","229.5342744062832","207.50026028457046","207.50026028457046","207.50026028457046"
"316000","190.06772191167514","190.06772191167514","190.06772191167514","119.07548113134416","119.07548113134416","119.07548113134416","237.69259502218029","237.69259502218029","237.69259502218029","57.699558921461325","57.699558921461325","57.699558921461325","98.51031168981024","98.51031168981024","98.51031168981024","148.39626363273607","148.39626363273607","148.39626363273607","225.0813317611143","225.0813317611143","225.0813317611143","186.65619501510096","186.65619501510096","186.65619501510096","149.65381793992145","149.65381793992145","149.65381793992145","109.95296072664803","109.95296072664803","109.95296072664803","104.00393591618987","104.00393591618987","104.00393591618987","172.99389283123296","172.99389283123296","172.99389283123296","200.7613947086389","200.7613947086389","200.7613947086389","100.08847221680973","100.08847221680973","100.08847221680973","215.035690227658","215.035690227658","215.035690227658","261.64153304509614","261.64153304509614","261.64153304509614","292.60360967796186","292.60360967796186","292.60360967796186","55.16275436630639","55.16275436630639","55.16275436630639","227.10889010103406","227.10889010103406","227.10889010103406","196.2381344565656","196.2381344565656","196.2381344565656"
"320000","178.10005547628057","178.10005547628057","178.10005547628057","143.48643391224118","143.48643391224118","143.48643391224118","195.14840772795873","195.14840772795873","195.14840772795873","74.11117843747371","74.11117843747371","74.11117843747371","75.17362727963062","75.17362727963062","75.17362727963062","123.52268121823349","123.52268121823349","123.52268121823349","232.33738192192178","232.33738192192178","232.33738192192178","189.0125645917416","189.0125645917416","189.0125645917416","119.94454107155511","119.94454107155511","119.94454107155511","118.5088126000383","118.5088126000383","118.5088126000383","123.47471985622505","123.47471985622505","123.47471985622505","192.59082688743032","192.59082688743032","192.59082688743032","197.25361238903096","197.25361238903096","197.25361238903096","212.66458838762674","212.66458838762674","212.66458838762674","185.51832956071138","185.51832956071138","185.51832956071138","293.31900927367843","293.31900927367843","293.31900927367843","291.51248049459616","291.51248049459616","291.51248049459616","55.701059220705034","55.701059220705034","55.701059220705034","227.96539575806952","227.96539575806952","227.96539575806952","212.7530914520621","212.7530914520621","212.7530914520621"
"324000","214.93530683953313","214.93530683953313","214.93530683953313","136.474664975688","136.474664975688","136.474664975688","121.46204095475098","121.46204095475098","121.46204095475098","59.3056429647345","59.3056429647345","59.3056429647345","120.26668843151381","120.26668843151381","120.26668843151381","118.29349185135177","118.29349185135177","118.29349185135177","214.9026197277165","214.9026197277165","214.9026197277165","177.04985611617084","177.04985611617084","177.04985611617084","73.84471060955819","73.84471060955819","73.84471060955819","130.73811257765274","130.73811257765274","130.73811257765274","154.04340096825877","154.04340096825877","154.04340096825877","187.92483853977012","187.92483853977012","187.92483853977012","194.60001544260035","194.60001544260035","194.60001544260035","221.11865625814556","221.11865625814556","221.11865625814556","229.43802792398552","229.43802792398552","229.43802792398552","299.0331741646407","299.0331741646407","299.0331741646407","251.01875121329067","251.01875121329067","251.01875121329067","38.27040175866501","38.27040175866501","38.27040175866501","229.90370871549447","229.90370871549447","229.90370871549447","238.3904638680924","238.3904638680924","238.3904638680924"
"328000","192.6471764112139","192.6471764112139","192.6471764112139","152.0391210430226","152.0391210430226","152.0391210430226","173.66255160422332","173.66255160422332","173.66255160422332","44.139901762171654","44.139901762171654","44.139901762171654","120.01277603638077","120.01277603638077","120.01277603638077","140.11983561188995","140.11983561188995","140.11983561188995","226.49248105736098","226.49248105736098","226.49248105736098","174.71767178592023","174.71767178592023","174.71767178592023","60.54947775123368","60.54947775123368","60.54947775123368","143.87898282648797","143.87898282648797","143.87898282648797","5.308614479961561","5.308614479961561","5.308614479961561","224.36642589666062","224.36642589666062","224.36642589666062","183.36822575393518","183.36822575393518","183.36822575393518","166.96382821229182","166.96382821229182","166.96382821229182","247.13879377072968","247.13879377072968","247.13879377072968","305.55910990961263","305.55910990961263","305.55910990961263","283.37300872003505","283.37300872003505","283.37300872003505","41.40362706735101","41.40362706735101","41.40362706735101","237.71496374179233","237.71496374179233","237.71496374179233","252.56062011145997","252.56062011145997","252.56062011145997"
"332000","202.4054049086017","202.4054049086017","202.4054049086017","164.75973249623559","164.75973249623559","164.75973249623559","91.71893083626053","91.71893083626053","91.71893083626053","74.10361465358602","74.10361465358602","74.10361465358602","110.77016637371305","110.77016637371305","110.77016637371305","135.05747178356756","135.05747178356756","135.05747178356756","209.28729728529862","209.28729728529862","209.28729728529862","162.7616221742932","162.7616221742932","162.7616221742932","66.35630966951146","66.35630966951146","66.35630966951146","147.54732642864732","147.54732642864732","147.54732642864732","25.223313143989273","25.223313143989273","25.223313143989273","211.59782927645725","211.59782927645725","211.59782927645725","204.59556786385195","204.59556786385195","204.59556786385195","194.46666663781045","194.46666663781045","194.46666663781045","246.95540552852717","246.95540552852717","246.95540552852717","302.38708246772705","302.38708246772705","302.38708246772705","297.55873223112036","297.55873223112036","297.55873223112036","85.47771713898604","85.47771713898604","85.47771713898604","232.6750984875204","232.6750984875204","232.6750984875204","250.75336747255966","250.75336747255966","250.75336747255966"
"336000","212.69375139703124","212.69375139703124","212.69375139703124","125.57053801305001","125.57053801305001","125.57053801305001","247.55541686899105","247.55541686899105","247.55541686899105","67.21202271176978","67.21202271176978","67.21202271176978","26.656158036286524","26.656158036286524","26.656158036286524","128.8906722653443","128.8906722653443","128.8906722653443","241.84425342291289","241.84425342291289","241.84425342291289","164.88377363657244","164.88377363657244","164.88377363657244","60.58053031638199","60.58053031638199","60.58053031638199","136.45634988095753","136.45634988095753","136.45634988095753","4.998018034903433","4.998018034903433","4.998018034903433","181.0545968523051","181.0545968523051","181.0545968523051","188.91182915132208","188.91182915132208","188.91182915132208","201.261816657531","201.261816657531","201.261816657531","244.37821138533462","244.37821138533462","244.37821138533462","290.86534148971634","290.86534148971634","290.86534148971634","300.35905620850497","300.35905620850497","300.35905620850497","56.34622544020933","56.34622544020933","56.34622544020933","242.48354827362817","242.48354827362817","242.48354827362817","257.56401861888696","257.56401861888696","257.56401861888696"
"340000","241.07512885555417","241.07512885555417","241.07512885555417","204.8932757261589","204.8932757261589","204.8932757261589","237.34385544164434","237.34385544164434","237.34385544164434","90.46646896990816","90.46646896990816","90.46646896990816","81.5864655226894","81.5864655226894","81.5864655226894","144.0206601570763","144.0206601570763","144.0206601570763","256.1040485916941","256.1040485916941","256.1040485916941","169.06324764037882","169.06324764037882","169.06324764037882","88.91082838253661","88.91082838253661","88.91082838253661","130.98602717415406","130.98602717415406","130.98602717415406","152.56054374398542","152.56054374398542","152.56054374398542","215.26401845693073","215.26401845693073","215.26401845693073","193.70566475191325","193.70566475191325","193.70566475191325","196.43798914720946","196.43798914720946","196.43798914720946","248.72827655449115","248.72827655449115","248.72827655449115","298.1958277295303","298.1958277295303","298.1958277295303","276.9504445916535","276.9504445916535","276.9504445916535","35.826564667025394","35.826564667025394","35.826564667025394","243.73275377022597","243.73275377022597","243.73275377022597","232.0279878348121","232.0279878348121","232.0279878348121"
"344000","254.23895689679375","254.23895689679375","254.23895689679375","179.3815018016549","179.3815018016549","179.3815018016549","245.3737943412729","245.3737943412729","245.3737943412729","69.78169533178502","69.78169533178502","69.78169533178502","66.46346071862864","66.46346071862864","66.46346071862864","138.20440647550308","138.20440647550308","138.20440647550308","260.6013428240209","260.6013428240209","260.6013428240209","168.5449653861292","168.5449653861292","168.5449653861292","61.15734855763863","61.15734855763863","61.15734855763863","174.66983324904191","174.66983324904191","174.66983324904191","161.93073827683082","161.93073827683082","161.93073827683082","192.37935058580874","192.37935058580874","192.37935058580874","165.78378982920407","165.78378982920407","165.78378982920407","138.71580473565785","138.71580473565785","138.71580473565785","246.09797922317966","246.09797922317966","246.09797922317966","277.0518260492169","277.0518260492169","277.0518260492169","293.2526916433429","293.2526916433429","293.2526916433429","35.146163664818936","35.146163664818936","35.146163664818936","241.03443182468013","241.03443182468013","241.03443182468013","238.51934068471624","238.51934068471624","238.51934068471624"
"348000","244.39171553886513","244.39171553886513","244.39171553886513","183.27449725027955","183.27449725027955","183.27449725027955","235.1168097842448","235.1168097842448","235.1168097842448","81.23671308935093","81.23671308935093","81.23671308935093","22.603095874279933","22.603095874279933","22.603095874279933","132.42901671675943","132.42901671675943","132.42901671675943","257.3423938515163","257.3423938515163","257.3423938515163","167.6154927460379","167.6154927460379","167.6154927460379","17.471229320190908","17.471229320190908","17.471229320190908","178.8113323428367","178.8113323428367","178.8113323428367","102.05016141457781","102.05016141457781","102.05016141457781","221.48418152724093","221.48418152724093","221.48418152724093","162.86043132982454","162.86043132982454","162.86043132982454","129.13995751045826","129.13995751045826","129.13995751045826","267.01311419089484","267.01311419089484","267.01311419089484","291.4342971926965","291.4342971926965","291.4342971926965","294.52519429162993","294.52519429162993","294.52519429162993","57.59902724798782","57.59902724798782","57.59902724798782","239.55350595584795","239.55350595584795","239.55350595584795","249.1678427330466","249.1678427330466","249.1678427330466"
"352000","246.99204098732872","246.99204098732872","246.99204098732872","184.4427665272632","184.4427665272632","184.4427665272632","256.0113068724953","256.0113068724953","256.0113068724953","74.41034941362936","74.41034941362936","74.41034941362936","22.071685786240753","22.071685786240753","22.071685786240753","135.6193670178472","135.6193670178472","135.6193670178472","257.7815669206473","257.7815669206473","257.7815669206473","168.33795680650195","168.33795680650195","168.33795680650195","61.221424272449596","61.221424272449596","61.221424272449596","169.7730221977752","169.7730221977752","169.7730221977752","104.79374996331094","104.79374996331094","104.79374996331094","179.1574220867538","179.1574220867538","179.1574220867538","190.77055515897175","190.77055515897175","190.77055515897175","176.91744615687847","176.91744615687847","176.91744615687847","273.40159679384925","273.40159679384925","273.40159679384925","284.3395948649071","284.3395948649071","284.3395948649071","291.53052275787735","291.53052275787735","291.53052275787735","86.82166747725901","86.82166747725901","86.82166747725901","225.04258377699853","225.04258377699853","225.04258377699853","242.5353587118133","242.5353587118133","242.5353587118133"
"356000","157.3577533021372","157.3577533021372","157.3577533021372","181.2000774822111","181.2000774822111","181.2000774822111","245.40170312413153","245.40170312413153","245.40170312413153","60.10160183901202","60.10160183901202","60.10160183901202","14.527555903812488","14.527555903812488","14.527555903812488","132.59545245134785","132.59545245134785","132.59545245134785","237.60585855598794","237.60585855598794","237.60585855598794","168.8443498086377","168.8443498086377","168.8443498086377","62.053740698283455","62.053740698283455","62.053740698283455","195.28660039469847","195.28660039469847","195.28660039469847","5.064613471584582","5.064613471584582","5.064613471584582","163.73291465663692","163.73291465663692","163.73291465663692","191.15648341069573","191.15648341069573","191.15648341069573","169.67552105500937","169.67552105500937","169.67552105500937","251.90471645345218","251.90471645345218","251.90471645345218","293.96994467412105","293.96994467412105","293.96994467412105","300.8484735100932","300.8484735100932","300.8484735100932","89.09845686273698","89.09845686273698","89.09845686273698","235.32988863232487","235.32988863232487","235.32988863232487","217.87250915490299","217.87250915490299","217.87250915490299"
"360000","162.98908340167912","162.98908340167912","162.98908340167912","168.17380705892342","168.17380705892342","168.17380705892342","240.46411881416935","240.46411881416935","240.46411881416935","84.56008517120226","84.56008517120226","84.56008517120226","30.862534704770667","30.862534704770667","30.862534704770667","140.27711806201017","140.27711806201017","140.27711806201017","249.94444578613428","249.94444578613428","249.94444578613428","163.07236203232597","163.07236203232597","163.07236203232597","53.85693149229684","53.85693149229684","53.85693149229684","162.77317799653514","162.77317799653514","162.77317799653514","4.916018934606699","4.916018934606699","4.916018934606699","161.37494779030067","161.37494779030067","161.37494779030067","197.93160327537936","197.93160327537936","197.93160327537936","210.99438535501517","210.99438535501517","210.99438535501517","254.79937281377534","254.79937281377534","254.79937281377534","239.48444457688302","239.48444457688302","239.48444457688302","250.44022092839936","250.44022092839936","250.44022092839936","97.46943886749162","97.46943886749162","97.46943886749162","235.70552456935516","235.70552456935516","235.70552456935516","233.71191826451118","233.71191826451118","233.71191826451118"
"364000","175.90873467741568","175.90873467741568","175.90873467741568","191.5131658603474","191.5131658603474","191.5131658603474","266.56865767824786","266.56865767824786","266.56865767824786","101.39121718404343","101.39121718404343","101.39121718404343","38.838994135895064","38.838994135895064","38.838994135895064","158.24586938739276","158.24586938739276","158.24586938739276","245.00243736069305","245.00243736069305","245.00243736069305","204.60345371121028","204.60345371121028","204.60345371121028","58.444342075262554","58.444342075262554","58.444342075262554","160.2421759042214","160.2421759042214","160.2421759042214","4.88501269756409","4.88501269756409","4.88501269756409","178.00300152407925","178.00300152407925","178.00300152407925","194.38358547117406","194.38358547117406","194.38358547117406","127.46636657607546","127.46636657607546","127.46636657607546","254.46844287475582","254.46844287475582","254.46844287475582","289.23634959406223","289.23634959406223","289.23634959406223","252.45242621436995","252.45242621436995","252.45242621436995","113.59507827973603","113.59507827973603","113.59507827973603","243.06007435530506","243.06007435530506","243.06007435530506","214.47664697411318","214.47664697411318","214.47664697411318"
"368000","163.7392250312759","163.7392250312759","163.7392250312759","219.91141117730868","219.91141117730868","219.91141117730868","268.9956291406408","268.9956291406408","268.9956291406408","134.33115496868328","134.33115496868328","134.33115496868328","31.74307892976853","31.74307892976853","31.74307892976853","153.86801491249116","153.86801491249116","153.86801491249116","230.13965220575892","230.13965220575892","230.13965220575892","188.06958608717088","188.06958608717088","188.06958608717088","85.73848071666654","85.73848071666654","85.73848071666654","149.61923127555798","149.61923127555798","149.61923127555798","4.589677871993156","4.589677871993156","4.589677871993156","180.22974773499973","180.22974773499973","180.22974773499973","216.84892061873057","216.84892061873057","216.84892061873057","164.15591479924325","164.15591479924325","164.15591479924325","230.51982729279752","230.51982729279752","230.51982729279752","292.52793745336874","292.52793745336874","292.52793745336874","267.68252698419377","267.68252698419377","267.68252698419377","113.22180940998601","113.22180940998601","113.22180940998601","231.7156554525352","231.7156554525352","231.7156554525352","263.7029925529294","263.7029925529294","263.7029925529294"
"372000","167.197956081064","167.197956081064","167.197956081064","215.35937421837792","215.35937421837792","215.35937421837792","271.00822599140326","271.00822599140326","271.00822599140326","148.6993752651256","148.6993752651256","148.6993752651256","33.05816840887476","33.05816840887476","33.05816840887476","164.75724440022256","164.75724440022256","164.75724440022256","254.0542789381659","254.0542789381659","254.0542789381659","198.75548200769632","198.75548200769632","198.75548200769632","84.35135417969482","84.35135417969482","84.35135417969482","192.9422156698001","192.9422156698001","192.9422156698001","4.560807429962259","4.560807429962259","4.560807429962259","177.83950032956912","177.83950032956912","177.83950032956912","214.73691042562785","214.73691042562785","214.73691042562785","85.98809783605031","85.98809783605031","85.98809783605031","219.77658403030236","219.77658403030236","219.77658403030236","306.8027995659508","306.8027995659508","306.8027995659508","257.1569807088464","257.1569807088464","257.1569807088464","100.03386540362304","100.03386540362304","100.03386540362304","237.51312857666585","237.51312857666585","237.51312857666585","195.04026733693132","195.04026733693132","195.04026733693132"
"376000","169.32300403968128","169.32300403968128","169.32300403968128","227.08396972920073","227.08396972920073","227.08396972920073","259.94868506149817","259.94868506149817","259.94868506149817","140.38036889501456","140.38036889501456","140.38036889501456","28.90158029335734","28.90158029335734","28.90158029335734","168.79424694895914","168.79424694895914","168.79424694895914","231.7482728785758","231.7482728785758","231.7482728785758","199.93045058358157","199.93045058358157","199.93045058358157","115.88507508259424","115.88507508259424","115.88507508259424","194.54147620042392","194.54147620042392","194.54147620042392","160.69057814496105","160.69057814496105","160.69057814496105","157.51915026943556","157.51915026943556","157.51915026943556","228.24591450223383","228.24591450223383","228.24591450223383","87.68105795053097","87.68105795053097","87.68105795053097","223.97416004068208","223.97416004068208","223.97416004068208","299.7453237735953","299.7453237735953","299.7453237735953","257.89581555176875","257.89581555176875","257.89581555176875","96.3664435882118","96.3664435882118","96.3664435882118","241.17738217078985","241.17738217078985","241.17738217078985","218.9748345894615","218.9748345894615","218.9748345894615"
"380000","166.55957818267385","166.55957818267385","166.55957818267385","247.1077110742489","247.1077110742489","247.1077110742489","272.5222304759212","272.5222304759212","272.5222304759212","125.08025604848663","125.08025604848663","125.08025604848663","24.807322996039765","24.807322996039765","24.807322996039765","156.01209632468561","156.01209632468561","156.01209632468561","220.94463096728094","220.94463096728094","220.94463096728094","216.90738642346923","216.90738642346923","216.90738642346923","117.46015513004318","117.46015513004318","117.46015513004318","162.6485289534497","162.6485289534497","162.6485289534497","4.701840445630474","4.701840445630474","4.701840445630474","173.51998282314497","173.51998282314497","173.51998282314497","192.3009363774632","192.3009363774632","192.3009363774632","162.2729913972464","162.2729913972464","162.2729913972464","229.94749498602877","229.94749498602877","229.94749498602877","300.61801418479985","300.61801418479985","300.61801418479985","260.91359787629955","260.91359787629955","260.91359787629955","86.20770116379127","86.20770116379127","86.20770116379127","238.8738991908364","238.8738991908364","238.8738991908364","194.3997430459849","194.3997430459849","194.3997430459849"
"384000","187.27671318412695","187.27671318412695","187.27671318412695","231.99031089658828","231.99031089658828","231.99031089658828","271.4691357182395","271.4691357182395","271.4691357182395","134.50074193219544","134.50074193219544","134.50074193219544","21.917638307761216","21.917638307761216","21.917638307761216","152.3836373568685","152.3836373568685","152.3836373568685","255.82599329660678","255.82599329660678","255.82599329660678","219.31455790284213","219.31455790284213","219.31455790284213","112.46311425679394","112.46311425679394","112.46311425679394","188.44300096488075","188.44300096488075","188.44300096488075","5.240858273634144","5.240858273634144","5.240858273634144","175.1906767039722","175.1906767039722","175.1906767039722","202.49515658133117","202.49515658133117","202.49515658133117","228.4789223967874","228.4789223967874","228.4789223967874","225.04135621314035","225.04135621314035","225.04135621314035","305.79488755068195","305.79488755068195","305.79488755068195","306.125938718636","306.125938718636","306.125938718636","107.68050363232373","107.68050363232373","107.68050363232373","237.0838030397681","237.0838030397681","237.0838030397681","224.76554531447974","224.76554531447974","224.76554531447974"
"388000","164.82097550675047","164.82097550675047","164.82097550675047","188.21560341958605","188.21560341958605","188.21560341958605","274.19077791912116","274.19077791912116","274.19077791912116","139.6732956953623","139.6732956953623","139.6732956953623","42.09199987975034","42.09199987975034","42.09199987975034","131.67264026150426","131.67264026150426","131.67264026150426","246.48239226826541","246.48239226826541","246.48239226826541","218.68775089469017","218.68775089469017","218.68775089469017","93.39136024408732","93.39136024408732","93.39136024408732","192.96417055732496","192.96417055732496","192.96417055732496","5.6339042248579165","5.6339042248579165","5.6339042248579165","189.02103642653023","189.02103642653023","189.02103642653023","189.83341298492942","189.83341298492942","189.83341298492942","221.65110861845216","221.65110861845216","221.65110861845216","204.07220248610892","204.07220248610892","204.07220248610892","298.2092010757691","298.2092010757691","298.2092010757691","257.37456618201685","257.37456618201685","257.37456618201685","63.358800208190885","63.358800208190885","63.358800208190885","233.9094638278404","233.9094638278404","233.9094638278404","212.06278231384823","212.06278231384823","212.06278231384823"
"392000","144.57636997856602","144.57636997856602","144.57636997856602","228.7068795321298","228.7068795321298","228.7068795321298","258.57549127756675","258.57549127756675","258.57549127756675","135.35211697231972","135.35211697231972","135.35211697231972","7.666564780967614","7.666564780967614","7.666564780967614","144.09120095498278","144.09120095498278","144.09120095498278","258.17102808026556","258.17102808026556","258.17102808026556","206.93604871447573","206.93604871447573","206.93604871447573","93.20263527807462","93.20263527807462","93.20263527807462","200.4717115892838","200.4717115892838","200.4717115892838","43.73576274456066","43.73576274456066","43.73576274456066","184.5399074576505","184.5399074576505","184.5399074576505","190.2353701379471","190.2353701379471","190.2353701379471","168.285946418928","168.285946418928","168.285946418928","220.5250894072745","220.5250894072745","220.5250894072745","303.214380497952","303.214380497952","303.214380497952","266.20632023259714","266.20632023259714","266.20632023259714","72.38474508866194","72.38474508866194","72.38474508866194","237.9438701831949","237.9438701831949","237.9438701831949","242.17108016467796","242.17108016467796","242.17108016467796"
"396000","166.5912831030182","166.5912831030182","166.5912831030182","203.67612047586624","203.67612047586624","203.67612047586624","259.9206334472079","259.9206334472079","259.9206334472079","133.27219002458236","133.27219002458236","133.27219002458236","11.567010261214332","11.567010261214332","11.567010261214332","162.8742282921997","162.8742282921997","162.8742282921997","257.4202403012177","257.4202403012177","257.4202403012177","222.23916412255494","222.23916412255494","222.23916412255494","73.09263104203117","73.09263104203117","73.09263104203117","195.1818765461022","195.1818765461022","195.1818765461022","57.644728180202435","57.644728180202435","57.644728180202435","183.31601121386035","183.31601121386035","183.31601121386035","185.61579749419292","185.61579749419292","185.61579749419292","180.676901982635","180.676901982635","180.676901982635","266.9707713106172","266.9707713106172","266.9707713106172","294.63536340320854","294.63536340320854","294.63536340320854","275.60486490148907","275.60486490148907","275.60486490148907","99.8773588745569","99.8773588745569","99.8773588745569","238.3893365344653","238.3893365344653","238.3893365344653","220.45812867317878","220.45812867317878","220.45812867317878"
"400000","136.11869983821737","136.11869983821737","136.11869983821737","231.35549647621897","231.35549647621897","231.35549647621897","265.5344590975803","265.5344590975803","265.5344590975803","139.61225331322566","139.61225331322566","139.61225331322566","19.835848751552668","19.835848751552668","19.835848751552668","158.10297018410776","158.10297018410776","158.10297018410776","265.740204600117","265.740204600117","265.740204600117","216.58443605269517","216.58443605269517","216.58443605269517","118.37962063858444","118.37962063858444","118.37962063858444","148.54078428517658","148.54078428517658","148.54078428517658","4.518341283995647","4.518341283995647","4.518341283995647","176.62896250688024","176.62896250688024","176.62896250688024","193.98250612234855","193.98250612234855","193.98250612234855","196.62251105446617","196.62251105446617","196.62251105446617","210.4038863127244","210.4038863127244","210.4038863127244","281.008727108696","281.008727108696","281.008727108696","283.23978677845804","283.23978677845804","283.23978677845804","104.58753484858744","104.58753484858744","104.58753484858744","237.24214919369143","237.24214919369143","237.24214919369143","254.66474642741508","254.66474642741508","254.66474642741508"