"Step","DDPG_EQL_PointMaze_Medium_Diverse_GRDense-v3_9 - eval/avg_reward","DDPG_EQL_PointMaze_Medium_Diverse_GRDense-v3_9 - eval/avg_reward__MIN","DDPG_EQL_PointMaze_Medium_Diverse_GRDense-v3_9 - eval/avg_reward__MAX","DDPG_EQL_PointMaze_Medium_Diverse_GRDense-v3_8 - eval/avg_reward","DDPG_EQL_PointMaze_Medium_Diverse_GRDense-v3_8 - eval/avg_reward__MIN","DDPG_EQL_PointMaze_Medium_Diverse_GRDense-v3_8 - eval/avg_reward__MAX","DDPG_EQL_PointMaze_Medium_Diverse_GRDense-v3_7 - eval/avg_reward","DDPG_EQL_PointMaze_Medium_Diverse_GRDense-v3_7 - eval/avg_reward__MIN","DDPG_EQL_PointMaze_Medium_Diverse_GRDense-v3_7 - eval/avg_reward__MAX","DDPG_EQL_PointMaze_Medium_Diverse_GRDense-v3_6 - eval/avg_reward","DDPG_EQL_PointMaze_Medium_Diverse_GRDense-v3_6 - eval/avg_reward__MIN","DDPG_EQL_PointMaze_Medium_Diverse_GRDense-v3_6 - eval/avg_reward__MAX","DDPG_EQL_PointMaze_Medium_Diverse_GRDense-v3_5 - eval/avg_reward","DDPG_EQL_PointMaze_Medium_Diverse_GRDense-v3_5 - eval/avg_reward__MIN","DDPG_EQL_PointMaze_Medium_Diverse_GRDense-v3_5 - eval/avg_reward__MAX","DDPG_EQL_PointMaze_Medium_Diverse_GRDense-v3_4 - eval/avg_reward","DDPG_EQL_PointMaze_Medium_Diverse_GRDense-v3_4 - eval/avg_reward__MIN","DDPG_EQL_PointMaze_Medium_Diverse_GRDense-v3_4 - eval/avg_reward__MAX","DDPG_EQL_PointMaze_Medium_Diverse_GRDense-v3_3 - eval/avg_reward","DDPG_EQL_PointMaze_Medium_Diverse_GRDense-v3_3 - eval/avg_reward__MIN","DDPG_EQL_PointMaze_Medium_Diverse_GRDense-v3_3 - eval/avg_reward__MAX","DDPG_EQL_PointMaze_Medium_Diverse_GRDense-v3_2 - eval/avg_reward","DDPG_EQL_PointMaze_Medium_Diverse_GRDense-v3_2 - eval/avg_reward__MIN","DDPG_EQL_PointMaze_Medium_Diverse_GRDense-v3_2 - eval/avg_reward__MAX","DDPG_EQL_PointMaze_Medium_Diverse_GRDense-v3_19 - eval/avg_reward","DDPG_EQL_PointMaze_Medium_Diverse_GRDense-v3_19 - eval/avg_reward__MIN","DDPG_EQL_PointMaze_Medium_Diverse_GRDense-v3_19 - eval/avg_reward__MAX","DDPG_EQL_PointMaze_Medium_Diverse_GRDense-v3_18 - eval/avg_reward","DDPG_EQL_PointMaze_Medium_Diverse_GRDense-v3_18 - eval/avg_reward__MIN","DDPG_EQL_PointMaze_Medium_Diverse_GRDense-v3_18 - eval/avg_reward__MAX","DDPG_EQL_PointMaze_Medium_Diverse_GRDense-v3_17 - eval/avg_reward","DDPG_EQL_PointMaze_Medium_Diverse_GRDense-v3_17 - eval/avg_reward__MIN","DDPG_EQL_PointMaze_Medium_Diverse_GRDense-v3_17 - eval/avg_reward__MAX","DDPG_EQL_PointMaze_Medium_Diverse_GRDense-v3_16 - eval/avg_reward","DDPG_EQL_PointMaze_Medium_Diverse_GRDense-v3_16 - eval/avg_reward__MIN","DDPG_EQL_PointMaze_Medium_Diverse_GRDense-v3_16 - eval/avg_reward__MAX","DDPG_EQL_PointMaze_Medium_Diverse_GRDense-v3_15 - eval/avg_reward","DDPG_EQL_PointMaze_Medium_Diverse_GRDense-v3_15 - eval/avg_reward__MIN","DDPG_EQL_PointMaze_Medium_Diverse_GRDense-v3_15 - eval/avg_reward__MAX","DDPG_EQL_PointMaze_Medium_Diverse_GRDense-v3_14 - eval/avg_reward","DDPG_EQL_PointMaze_Medium_Diverse_GRDense-v3_14 - eval/avg_reward__MIN","DDPG_EQL_PointMaze_Medium_Diverse_GRDense-v3_14 - eval/avg_reward__MAX","DDPG_EQL_PointMaze_Medium_Diverse_GRDense-v3_13 - eval/avg_reward","DDPG_EQL_PointMaze_Medium_Diverse_GRDense-v3_13 - eval/avg_reward__MIN","DDPG_EQL_PointMaze_Medium_Diverse_GRDense-v3_13 - eval/avg_reward__MAX","DDPG_EQL_PointMaze_Medium_Diverse_GRDense-v3_12 - eval/avg_reward","DDPG_EQL_PointMaze_Medium_Diverse_GRDense-v3_12 - eval/avg_reward__MIN","DDPG_EQL_PointMaze_Medium_Diverse_GRDense-v3_12 - eval/avg_reward__MAX","DDPG_EQL_PointMaze_Medium_Diverse_GRDense-v3_11 - eval/avg_reward","DDPG_EQL_PointMaze_Medium_Diverse_GRDense-v3_11 - eval/avg_reward__MIN","DDPG_EQL_PointMaze_Medium_Diverse_GRDense-v3_11 - eval/avg_reward__MAX","DDPG_EQL_PointMaze_Medium_Diverse_GRDense-v3_10 - eval/avg_reward","DDPG_EQL_PointMaze_Medium_Diverse_GRDense-v3_10 - eval/avg_reward__MIN","DDPG_EQL_PointMaze_Medium_Diverse_GRDense-v3_10 - eval/avg_reward__MAX","DDPG_EQL_PointMaze_Medium_Diverse_GRDense-v3_1 - eval/avg_reward","DDPG_EQL_PointMaze_Medium_Diverse_GRDense-v3_1 - eval/avg_reward__MIN","DDPG_EQL_PointMaze_Medium_Diverse_GRDense-v3_1 - eval/avg_reward__MAX","DDPG_EQL_PointMaze_Medium_Diverse_GRDense-v3_0 - eval/avg_reward","DDPG_EQL_PointMaze_Medium_Diverse_GRDense-v3_0 - eval/avg_reward__MIN","DDPG_EQL_PointMaze_Medium_Diverse_GRDense-v3_0 - eval/avg_reward__MAX"
"0","16.80951473146576","16.80951473146576","16.80951473146576","13.788447224985044","13.788447224985044","13.788447224985044","42.299381200309384","42.299381200309384","42.299381200309384","4.53764197294319","4.53764197294319","4.53764197294319","2.7113472675460186","2.7113472675460186","2.7113472675460186","13.96168542746552","13.96168542746552","13.96168542746552","6.525772680379954","6.525772680379954","6.525772680379954","4.723462580267801","4.723462580267801","4.723462580267801","12.649025796756186","12.649025796756186","12.649025796756186","22.142586886258325","22.142586886258325","22.142586886258325","5.618534182130749","5.618534182130749","5.618534182130749","28.935697458099174","28.935697458099174","28.935697458099174","15.015048724020795","15.015048724020795","15.015048724020795","17.18041673084686","17.18041673084686","17.18041673084686","8.42488460452272","8.42488460452272","8.42488460452272","2.693117183700034","2.693117183700034","2.693117183700034","7.876533768625142","7.876533768625142","7.876533768625142","36.27183051738649","36.27183051738649","36.27183051738649","4.327886977974736","4.327886977974736","4.327886977974736","2.95754412605061","2.95754412605061","2.95754412605061"
"4000","7.764423674466679","7.764423674466679","7.764423674466679","30.960205500312924","30.960205500312924","30.960205500312924","21.764372518668154","21.764372518668154","21.764372518668154","10.827724816521258","10.827724816521258","10.827724816521258","5.291098511729378","5.291098511729378","5.291098511729378","13.646121562378976","13.646121562378976","13.646121562378976","5.230371842081999","5.230371842081999","5.230371842081999","11.39208212718469","11.39208212718469","11.39208212718469","3.6034826836138882","3.6034826836138882","3.6034826836138882","23.325522881968606","23.325522881968606","23.325522881968606","2.3559363248254734","2.3559363248254734","2.3559363248254734","27.341449241085638","27.341449241085638","27.341449241085638","16.810263369944987","16.810263369944987","16.810263369944987","4.0002397096119795","4.0002397096119795","4.0002397096119795","21.64028489425946","21.64028489425946","21.64028489425946","2.5979443895865364","2.5979443895865364","2.5979443895865364","2.009697171335339","2.009697171335339","2.009697171335339","9.94984509093464","9.94984509093464","9.94984509093464","3.945369438296315","3.945369438296315","3.945369438296315","3.283217549095698","3.283217549095698","3.283217549095698"
"8000","4.76013363624291","4.76013363624291","4.76013363624291","31.036279746546107","31.036279746546107","31.036279746546107","23.228577409136825","23.228577409136825","23.228577409136825","11.932659164268175","11.932659164268175","11.932659164268175","7.381658249343","7.381658249343","7.381658249343","12.869086152885595","12.869086152885595","12.869086152885595","5.615367948445183","5.615367948445183","5.615367948445183","13.041375032022875","13.041375032022875","13.041375032022875","4.803874629786258","4.803874629786258","4.803874629786258","21.45123295150535","21.45123295150535","21.45123295150535","1.5226083378543955","1.5226083378543955","1.5226083378543955","32.66811206921554","32.66811206921554","32.66811206921554","19.26918819219847","19.26918819219847","19.26918819219847","5.110709783405897","5.110709783405897","5.110709783405897","29.00132299047388","29.00132299047388","29.00132299047388","23.339801528326895","23.339801528326895","23.339801528326895","5.034142504931102","5.034142504931102","5.034142504931102","45.22618242064711","45.22618242064711","45.22618242064711","8.989408797135871","8.989408797135871","8.989408797135871","36.47996445018013","36.47996445018013","36.47996445018013"
"12000","7.022257971224592","7.022257971224592","7.022257971224592","11.557444255653053","11.557444255653053","11.557444255653053","6.1252710076836365","6.1252710076836365","6.1252710076836365","11.06050849759043","11.06050849759043","11.06050849759043","7.381657053876468","7.381657053876468","7.381657053876468","12.894597783602919","12.894597783602919","12.894597783602919","3.3100269513280147","3.3100269513280147","3.3100269513280147","11.77712061767295","11.77712061767295","11.77712061767295","9.862341233389413","9.862341233389413","9.862341233389413","20.80735617406141","20.80735617406141","20.80735617406141","1.6548966902443691","1.6548966902443691","1.6548966902443691","41.72298799705628","41.72298799705628","41.72298799705628","24.120541818252132","24.120541818252132","24.120541818252132","7.323398091298901","7.323398091298901","7.323398091298901","42.301233827881106","42.301233827881106","42.301233827881106","20.430907314114066","20.430907314114066","20.430907314114066","5.792605432955814","5.792605432955814","5.792605432955814","42.420716730639036","42.420716730639036","42.420716730639036","7.7974886228430496","7.7974886228430496","7.7974886228430496","36.73809499622577","36.73809499622577","36.73809499622577"
"16000","43.58974546654361","43.58974546654361","43.58974546654361","22.312384394094362","22.312384394094362","22.312384394094362","12.906407141617327","12.906407141617327","12.906407141617327","14.916926435276181","14.916926435276181","14.916926435276181","6.608496597224897","6.608496597224897","6.608496597224897","12.894924246099109","12.894924246099109","12.894924246099109","5.073468048035516","5.073468048035516","5.073468048035516","40.76676535259068","40.76676535259068","40.76676535259068","3.4971878988465397","3.4971878988465397","3.4971878988465397","23.085429960638113","23.085429960638113","23.085429960638113","34.483177517459914","34.483177517459914","34.483177517459914","30.1930228564118","30.1930228564118","30.1930228564118","32.54053751917295","32.54053751917295","32.54053751917295","6.219358384582648","6.219358384582648","6.219358384582648","16.75111826072592","16.75111826072592","16.75111826072592","27.466523915082455","27.466523915082455","27.466523915082455","7.094162170983118","7.094162170983118","7.094162170983118","35.39096838224958","35.39096838224958","35.39096838224958","8.505516672816096","8.505516672816096","8.505516672816096","49.138657280044825","49.138657280044825","49.138657280044825"
"20000","21.18959654629208","21.18959654629208","21.18959654629208","25.72997751707439","25.72997751707439","25.72997751707439","25.455245769958985","25.455245769958985","25.455245769958985","14.859074508322568","14.859074508322568","14.859074508322568","7.535124370675847","7.535124370675847","7.535124370675847","12.893290364545853","12.893290364545853","12.893290364545853","20.772145996240223","20.772145996240223","20.772145996240223","34.41714508197525","34.41714508197525","34.41714508197525","44.60714732688064","44.60714732688064","44.60714732688064","23.498637352145128","23.498637352145128","23.498637352145128","1.5711540850975134","1.5711540850975134","1.5711540850975134","58.45171953739815","58.45171953739815","58.45171953739815","25.212168688857858","25.212168688857858","25.212168688857858","21.983563071732846","21.983563071732846","21.983563071732846","16.68282226606413","16.68282226606413","16.68282226606413","35.47057162094514","35.47057162094514","35.47057162094514","9.98937127034481","9.98937127034481","9.98937127034481","50.87686553478436","50.87686553478436","50.87686553478436","7.939807845577124","7.939807845577124","7.939807845577124","17.553734049636194","17.553734049636194","17.553734049636194"
"24000","56.30104693249202","56.30104693249202","56.30104693249202","43.80987716616623","43.80987716616623","43.80987716616623","33.89584586834748","33.89584586834748","33.89584586834748","22.700004537718517","22.700004537718517","22.700004537718517","7.452336621197086","7.452336621197086","7.452336621197086","12.893169312613688","12.893169312613688","12.893169312613688","43.21740724621105","43.21740724621105","43.21740724621105","26.962234533324228","26.962234533324228","26.962234533324228","42.15266838909083","42.15266838909083","42.15266838909083","53.76403643015035","53.76403643015035","53.76403643015035","65.67079688113724","65.67079688113724","65.67079688113724","61.48626766222965","61.48626766222965","61.48626766222965","25.279820259013512","25.279820259013512","25.279820259013512","33.068467544574794","33.068467544574794","33.068467544574794","19.72107357794452","19.72107357794452","19.72107357794452","35.16244046311201","35.16244046311201","35.16244046311201","9.750113614542986","9.750113614542986","9.750113614542986","64.26429041904377","64.26429041904377","64.26429041904377","7.457750787830994","7.457750787830994","7.457750787830994","17.446182372872755","17.446182372872755","17.446182372872755"
"28000","30.33662528021618","30.33662528021618","30.33662528021618","26.032103069022376","26.032103069022376","26.032103069022376","34.8225378221728","34.8225378221728","34.8225378221728","19.72870973791597","19.72870973791597","19.72870973791597","7.4548098497296085","7.4548098497296085","7.4548098497296085","12.889237540515547","12.889237540515547","12.889237540515547","61.40757048243976","61.40757048243976","61.40757048243976","26.89649789065088","26.89649789065088","26.89649789065088","17.883464641968473","17.883464641968473","17.883464641968473","63.25122526264521","63.25122526264521","63.25122526264521","12.338525456320136","12.338525456320136","12.338525456320136","61.21306054998863","61.21306054998863","61.21306054998863","25.01569508975095","25.01569508975095","25.01569508975095","18.93788806708557","18.93788806708557","18.93788806708557","123.49941324373279","123.49941324373279","123.49941324373279","38.73930155402005","38.73930155402005","38.73930155402005","9.826828690149204","9.826828690149204","9.826828690149204","73.1928276921288","73.1928276921288","73.1928276921288","30.228780483104373","30.228780483104373","30.228780483104373","17.32059449600856","17.32059449600856","17.32059449600856"
"32000","39.25040216181863","39.25040216181863","39.25040216181863","44.63184132739045","44.63184132739045","44.63184132739045","33.195783510177876","33.195783510177876","33.195783510177876","24.13808371700146","24.13808371700146","24.13808371700146","7.332589817318127","7.332589817318127","7.332589817318127","12.89166014082081","12.89166014082081","12.89166014082081","24.367264478418775","24.367264478418775","24.367264478418775","29.280149202410733","29.280149202410733","29.280149202410733","47.806580748910584","47.806580748910584","47.806580748910584","58.914401566461876","58.914401566461876","58.914401566461876","6.379669220494314","6.379669220494314","6.379669220494314","61.344853900492424","61.344853900492424","61.344853900492424","26.14941999575695","26.14941999575695","26.14941999575695","16.523276164880336","16.523276164880336","16.523276164880336","95.64195534143178","95.64195534143178","95.64195534143178","44.69119582544624","44.69119582544624","44.69119582544624","9.87448878932806","9.87448878932806","9.87448878932806","75.0875940732915","75.0875940732915","75.0875940732915","5.559998093420282","5.559998093420282","5.559998093420282","17.317775899833805","17.317775899833805","17.317775899833805"
"36000","41.44748421149758","41.44748421149758","41.44748421149758","48.56004927174661","48.56004927174661","48.56004927174661","32.243752287720234","32.243752287720234","32.243752287720234","24.41547018241767","24.41547018241767","24.41547018241767","7.361429777484339","7.361429777484339","7.361429777484339","12.886352683613476","12.886352683613476","12.886352683613476","79.94242305896108","79.94242305896108","79.94242305896108","30.337325200564315","30.337325200564315","30.337325200564315","56.49216223774774","56.49216223774774","56.49216223774774","64.81222563489193","64.81222563489193","64.81222563489193","126.51481768563868","126.51481768563868","126.51481768563868","61.16248380202408","61.16248380202408","61.16248380202408","19.486367654273522","19.486367654273522","19.486367654273522","15.038828017712238","15.038828017712238","15.038828017712238","87.9630821641108","87.9630821641108","87.9630821641108","44.66434571720059","44.66434571720059","44.66434571720059","39.740150784586845","39.740150784586845","39.740150784586845","71.43590061120548","71.43590061120548","71.43590061120548","9.399150593516207","9.399150593516207","9.399150593516207","7.742948332747696","7.742948332747696","7.742948332747696"
"40000","65.8996813941721","65.8996813941721","65.8996813941721","49.052037374443636","49.052037374443636","49.052037374443636","33.411487515953624","33.411487515953624","33.411487515953624","25.19498505761848","25.19498505761848","25.19498505761848","7.157973661995475","7.157973661995475","7.157973661995475","12.893849195009597","12.893849195009597","12.893849195009597","36.107810468950454","36.107810468950454","36.107810468950454","36.857052250503074","36.857052250503074","36.857052250503074","30.423060867237535","30.423060867237535","30.423060867237535","60.4266742984211","60.4266742984211","60.4266742984211","4.69140451197003","4.69140451197003","4.69140451197003","56.18401938606913","56.18401938606913","56.18401938606913","32.40660160561812","32.40660160561812","32.40660160561812","12.703991180982598","12.703991180982598","12.703991180982598","88.2299435365721","88.2299435365721","88.2299435365721","93.6390317530168","93.6390317530168","93.6390317530168","35.94239958688609","35.94239958688609","35.94239958688609","67.88037061266452","67.88037061266452","67.88037061266452","11.96427269532291","11.96427269532291","11.96427269532291","15.36327043809242","15.36327043809242","15.36327043809242"
"44000","67.64816960665159","67.64816960665159","67.64816960665159","48.63622429071884","48.63622429071884","48.63622429071884","39.01542566972053","39.01542566972053","39.01542566972053","66.0833070320208","66.0833070320208","66.0833070320208","7.259200787913324","7.259200787913324","7.259200787913324","12.894419708891487","12.894419708891487","12.894419708891487","18.031503927566895","18.031503927566895","18.031503927566895","44.91427653753565","44.91427653753565","44.91427653753565","32.818067658788856","32.818067658788856","32.818067658788856","55.58152053558397","55.58152053558397","55.58152053558397","4.357006995975847","4.357006995975847","4.357006995975847","55.03171366619099","55.03171366619099","55.03171366619099","57.81428607208678","57.81428607208678","57.81428607208678","21.386646966259","21.386646966259","21.386646966259","87.54909502297083","87.54909502297083","87.54909502297083","91.70225835119093","91.70225835119093","91.70225835119093","11.369603076807755","11.369603076807755","11.369603076807755","77.99770106405468","77.99770106405468","77.99770106405468","39.332662667181445","39.332662667181445","39.332662667181445","15.402556627417786","15.402556627417786","15.402556627417786"
"48000","66.21484879644397","66.21484879644397","66.21484879644397","48.28854956398501","48.28854956398501","48.28854956398501","47.08158076784322","47.08158076784322","47.08158076784322","24.958947340572188","24.958947340572188","24.958947340572188","7.245122904286271","7.245122904286271","7.245122904286271","12.894051418254335","12.894051418254335","12.894051418254335","33.30364953072761","33.30364953072761","33.30364953072761","88.06020755302804","88.06020755302804","88.06020755302804","34.90020181028046","34.90020181028046","34.90020181028046","62.184665562119925","62.184665562119925","62.184665562119925","4.357006263418542","4.357006263418542","4.357006263418542","59.062202820527396","59.062202820527396","59.062202820527396","48.9131835763111","48.9131835763111","48.9131835763111","23.06680395779917","23.06680395779917","23.06680395779917","77.282530622538","77.282530622538","77.282530622538","94.2110202224464","94.2110202224464","94.2110202224464","8.573196901154903","8.573196901154903","8.573196901154903","78.54036408708541","78.54036408708541","78.54036408708541","50.047964983524984","50.047964983524984","50.047964983524984","9.613589854462138","9.613589854462138","9.613589854462138"
"52000","68.32456171051325","68.32456171051325","68.32456171051325","30.24311308805556","30.24311308805556","30.24311308805556","33.94046877349654","33.94046877349654","33.94046877349654","25.947740906117776","25.947740906117776","25.947740906117776","7.349083331931519","7.349083331931519","7.349083331931519","25.437086256947087","25.437086256947087","25.437086256947087","32.37262461139075","32.37262461139075","32.37262461139075","91.71189118869871","91.71189118869871","91.71189118869871","25.38578363976026","25.38578363976026","25.38578363976026","59.77339498751394","59.77339498751394","59.77339498751394","4.295439824911371","4.295439824911371","4.295439824911371","50.614200734773824","50.614200734773824","50.614200734773824","48.869870005720095","48.869870005720095","48.869870005720095","17.23218907019936","17.23218907019936","17.23218907019936","82.05012653307091","82.05012653307091","82.05012653307091","101.85015612894054","101.85015612894054","101.85015612894054","11.09672734222337","11.09672734222337","11.09672734222337","114.2706057082319","114.2706057082319","114.2706057082319","47.77712997336342","47.77712997336342","47.77712997336342","10.249942225901922","10.249942225901922","10.249942225901922"
"56000","81.54390784680967","81.54390784680967","81.54390784680967","31.803390314301502","31.803390314301502","31.803390314301502","73.83191547478103","73.83191547478103","73.83191547478103","37.03246617037546","37.03246617037546","37.03246617037546","7.303929466448258","7.303929466448258","7.303929466448258","24.36327797335614","24.36327797335614","24.36327797335614","45.26173966445377","45.26173966445377","45.26173966445377","92.88021368723936","92.88021368723936","92.88021368723936","45.3085923148194","45.3085923148194","45.3085923148194","60.59938163299917","60.59938163299917","60.59938163299917","4.8820637124163495","4.8820637124163495","4.8820637124163495","69.23715126480475","69.23715126480475","69.23715126480475","45.29454919041329","45.29454919041329","45.29454919041329","16.94175590500748","16.94175590500748","16.94175590500748","85.3533571281561","85.3533571281561","85.3533571281561","66.17326230481248","66.17326230481248","66.17326230481248","8.015947807726079","8.015947807726079","8.015947807726079","89.42316848234752","89.42316848234752","89.42316848234752","50.88983361158944","50.88983361158944","50.88983361158944","9.20461299132809","9.20461299132809","9.20461299132809"
"60000","69.49503232086433","69.49503232086433","69.49503232086433","49.0157241965873","49.0157241965873","49.0157241965873","54.359645103324354","54.359645103324354","54.359645103324354","26.16484649354187","26.16484649354187","26.16484649354187","7.377536281961116","7.377536281961116","7.377536281961116","24.99946054216672","24.99946054216672","24.99946054216672","61.36905853965777","61.36905853965777","61.36905853965777","105.3477108982285","105.3477108982285","105.3477108982285","89.29854977166659","89.29854977166659","89.29854977166659","60.46376091513783","60.46376091513783","60.46376091513783","4.9477693895115875","4.9477693895115875","4.9477693895115875","78.90182432776695","78.90182432776695","78.90182432776695","46.04436479772194","46.04436479772194","46.04436479772194","14.90572887330978","14.90572887330978","14.90572887330978","141.29221962163012","141.29221962163012","141.29221962163012","67.6708051287964","67.6708051287964","67.6708051287964","14.523520163724594","14.523520163724594","14.523520163724594","96.20472677720151","96.20472677720151","96.20472677720151","50.770559168158016","50.770559168158016","50.770559168158016","13.263203260138406","13.263203260138406","13.263203260138406"
"64000","66.3522309013509","66.3522309013509","66.3522309013509","46.80674985513856","46.80674985513856","46.80674985513856","158.09592783940883","158.09592783940883","158.09592783940883","23.86386104392096","23.86386104392096","23.86386104392096","7.321008153837704","7.321008153837704","7.321008153837704","26.1587185194606","26.1587185194606","26.1587185194606","63.12563038359424","63.12563038359424","63.12563038359424","129.51371515224088","129.51371515224088","129.51371515224088","40.36270976724616","40.36270976724616","40.36270976724616","40.63929333511952","40.63929333511952","40.63929333511952","15.491664496701171","15.491664496701171","15.491664496701171","85.31468176718245","85.31468176718245","85.31468176718245","58.02863200609177","58.02863200609177","58.02863200609177","23.291929247283328","23.291929247283328","23.291929247283328","111.8047213107701","111.8047213107701","111.8047213107701","68.67582612587807","68.67582612587807","68.67582612587807","24.86034162965687","24.86034162965687","24.86034162965687","98.57335297119751","98.57335297119751","98.57335297119751","49.19734219454479","49.19734219454479","49.19734219454479","14.202426321870965","14.202426321870965","14.202426321870965"
"68000","67.47039417459253","67.47039417459253","67.47039417459253","62.80414138768869","62.80414138768869","62.80414138768869","146.6800789561718","146.6800789561718","146.6800789561718","85.62013823444155","85.62013823444155","85.62013823444155","7.381584982598409","7.381584982598409","7.381584982598409","25.977368867776327","25.977368867776327","25.977368867776327","83.43023791064203","83.43023791064203","83.43023791064203","82.52699773219219","82.52699773219219","82.52699773219219","64.01730842521738","64.01730842521738","64.01730842521738","44.988513741762475","44.988513741762475","44.988513741762475","25.045795166014777","25.045795166014777","25.045795166014777","89.23840052998688","89.23840052998688","89.23840052998688","37.461339197570226","37.461339197570226","37.461339197570226","21.927053245091635","21.927053245091635","21.927053245091635","119.11912750652513","119.11912750652513","119.11912750652513","68.69673401782106","68.69673401782106","68.69673401782106","17.26954781532778","17.26954781532778","17.26954781532778","97.49636188461841","97.49636188461841","97.49636188461841","51.525355256290126","51.525355256290126","51.525355256290126","14.438833631916106","14.438833631916106","14.438833631916106"
"72000","92.02237668554633","92.02237668554633","92.02237668554633","55.858251471100246","55.858251471100246","55.858251471100246","62.287585097703165","62.287585097703165","62.287585097703165","100.95885756732059","100.95885756732059","100.95885756732059","7.359458532741103","7.359458532741103","7.359458532741103","25.985346431180734","25.985346431180734","25.985346431180734","92.50531863051665","92.50531863051665","92.50531863051665","70.46276465972305","70.46276465972305","70.46276465972305","53.15930092986214","53.15930092986214","53.15930092986214","20.597510175999886","20.597510175999886","20.597510175999886","5.397694214420404","5.397694214420404","5.397694214420404","53.4195030131916","53.4195030131916","53.4195030131916","36.58407454117256","36.58407454117256","36.58407454117256","25.49127535328477","25.49127535328477","25.49127535328477","147.508769857941","147.508769857941","147.508769857941","68.387035992387","68.387035992387","68.387035992387","66.83348858524373","66.83348858524373","66.83348858524373","100.16733156901293","100.16733156901293","100.16733156901293","49.99329897906826","49.99329897906826","49.99329897906826","43.38072902355758","43.38072902355758","43.38072902355758"
"76000","106.63943625902743","106.63943625902743","106.63943625902743","48.26055122292454","48.26055122292454","48.26055122292454","62.6200109055952","62.6200109055952","62.6200109055952","100.96317093024088","100.96317093024088","100.96317093024088","7.331739996372529","7.331739996372529","7.331739996372529","26.21792388345911","26.21792388345911","26.21792388345911","90.22459688906648","90.22459688906648","90.22459688906648","56.04189870149609","56.04189870149609","56.04189870149609","57.237077067789514","57.237077067789514","57.237077067789514","22.121512293869632","22.121512293869632","22.121512293869632","5.650781092305415","5.650781092305415","5.650781092305415","54.483659444627406","54.483659444627406","54.483659444627406","61.606635878409385","61.606635878409385","61.606635878409385","25.789747738066033","25.789747738066033","25.789747738066033","101.81250849280251","101.81250849280251","101.81250849280251","84.24562575445255","84.24562575445255","84.24562575445255","109.47346663412793","109.47346663412793","109.47346663412793","48.419614213147156","48.419614213147156","48.419614213147156","51.184702836675214","51.184702836675214","51.184702836675214","60.672041799818984","60.672041799818984","60.672041799818984"
"80000","104.3851948321028","104.3851948321028","104.3851948321028","85.02720330858865","85.02720330858865","85.02720330858865","151.1367140778435","151.1367140778435","151.1367140778435","101.18092786596749","101.18092786596749","101.18092786596749","3.2288382882709827","3.2288382882709827","3.2288382882709827","35.88414837045251","35.88414837045251","35.88414837045251","80.61521962540291","80.61521962540291","80.61521962540291","88.11561635751306","88.11561635751306","88.11561635751306","105.74012334755889","105.74012334755889","105.74012334755889","40.97112908121001","40.97112908121001","40.97112908121001","144.81645554635065","144.81645554635065","144.81645554635065","51.495652474440035","51.495652474440035","51.495652474440035","69.00639093158604","69.00639093158604","69.00639093158604","41.474679264886234","41.474679264886234","41.474679264886234","131.85471638273032","131.85471638273032","131.85471638273032","102.79784002054112","102.79784002054112","102.79784002054112","125.10723055042274","125.10723055042274","125.10723055042274","48.94917920903954","48.94917920903954","48.94917920903954","81.6341279475499","81.6341279475499","81.6341279475499","79.16491226618065","79.16491226618065","79.16491226618065"
"84000","108.07813252983733","108.07813252983733","108.07813252983733","39.02973552483893","39.02973552483893","39.02973552483893","158.0125864293851","158.0125864293851","158.0125864293851","100.08930946109194","100.08930946109194","100.08930946109194","3.003984260790342","3.003984260790342","3.003984260790342","18.652306077789845","18.652306077789845","18.652306077789845","91.70035184596301","91.70035184596301","91.70035184596301","79.4038628171392","79.4038628171392","79.4038628171392","80.7984616209475","80.7984616209475","80.7984616209475","56.27890569135222","56.27890569135222","56.27890569135222","152.08312977967574","152.08312977967574","152.08312977967574","85.31943232473108","85.31943232473108","85.31943232473108","66.08215602745989","66.08215602745989","66.08215602745989","30.383023887094872","30.383023887094872","30.383023887094872","127.16678306725323","127.16678306725323","127.16678306725323","100.22962446668116","100.22962446668116","100.22962446668116","90.44069225293214","90.44069225293214","90.44069225293214","49.335686946553324","49.335686946553324","49.335686946553324","72.63866104906344","72.63866104906344","72.63866104906344","85.75641404336552","85.75641404336552","85.75641404336552"
"88000","110.30067522981139","110.30067522981139","110.30067522981139","37.99837313533767","37.99837313533767","37.99837313533767","164.5830086760217","164.5830086760217","164.5830086760217","100.63856265714021","100.63856265714021","100.63856265714021","2.3112977276269837","2.3112977276269837","2.3112977276269837","24.385839703582327","24.385839703582327","24.385839703582327","112.70674198507064","112.70674198507064","112.70674198507064","97.69518492538711","97.69518492538711","97.69518492538711","100.78894615211615","100.78894615211615","100.78894615211615","23.907555679165604","23.907555679165604","23.907555679165604","151.7049872054809","151.7049872054809","151.7049872054809","97.70038632349414","97.70038632349414","97.70038632349414","59.26439392679632","59.26439392679632","59.26439392679632","32.421308261507406","32.421308261507406","32.421308261507406","127.12520864687636","127.12520864687636","127.12520864687636","60.864132064340005","60.864132064340005","60.864132064340005","105.67620163741583","105.67620163741583","105.67620163741583","33.30958960161861","33.30958960161861","33.30958960161861","58.48236683780914","58.48236683780914","58.48236683780914","64.79425907343975","64.79425907343975","64.79425907343975"
"92000","115.44070321346207","115.44070321346207","115.44070321346207","31.744966447005385","31.744966447005385","31.744966447005385","142.47281025811012","142.47281025811012","142.47281025811012","99.80853460885923","99.80853460885923","99.80853460885923","19.929766596714575","19.929766596714575","19.929766596714575","24.295333897160997","24.295333897160997","24.295333897160997","70.28802036697616","70.28802036697616","70.28802036697616","72.43079259189865","72.43079259189865","72.43079259189865","82.63598589268625","82.63598589268625","82.63598589268625","25.90267715956056","25.90267715956056","25.90267715956056","151.98822307024102","151.98822307024102","151.98822307024102","53.34367699222535","53.34367699222535","53.34367699222535","58.236782414219476","58.236782414219476","58.236782414219476","20.413198981424866","20.413198981424866","20.413198981424866","88.12698691382886","88.12698691382886","88.12698691382886","64.11491456818092","64.11491456818092","64.11491456818092","58.23180491868915","58.23180491868915","58.23180491868915","28.875067663387362","28.875067663387362","28.875067663387362","58.49950303273016","58.49950303273016","58.49950303273016","80.36671634072266","80.36671634072266","80.36671634072266"
"96000","120.95031235136307","120.95031235136307","120.95031235136307","38.88742450126324","38.88742450126324","38.88742450126324","137.09527648341668","137.09527648341668","137.09527648341668","99.80352232391498","99.80352232391498","99.80352232391498","38.96556165791671","38.96556165791671","38.96556165791671","24.5222423390207","24.5222423390207","24.5222423390207","44.11307886747248","44.11307886747248","44.11307886747248","112.93701020277899","112.93701020277899","112.93701020277899","112.77383507642779","112.77383507642779","112.77383507642779","55.47281388365009","55.47281388365009","55.47281388365009","151.96607603037344","151.96607603037344","151.96607603037344","81.5056451776039","81.5056451776039","81.5056451776039","58.84938444239543","58.84938444239543","58.84938444239543","60.614502160974574","60.614502160974574","60.614502160974574","101.8050267738371","101.8050267738371","101.8050267738371","89.17541753230223","89.17541753230223","89.17541753230223","61.17153728900397","61.17153728900397","61.17153728900397","34.145714309284834","34.145714309284834","34.145714309284834","62.33813749026039","62.33813749026039","62.33813749026039","79.43619455152061","79.43619455152061","79.43619455152061"
"100000","99.1703410447024","99.1703410447024","99.1703410447024","85.3478897273521","85.3478897273521","85.3478897273521","163.1569767226746","163.1569767226746","163.1569767226746","100.51101271681463","100.51101271681463","100.51101271681463","23.451256952170574","23.451256952170574","23.451256952170574","35.243403852332186","35.243403852332186","35.243403852332186","14.465644452486037","14.465644452486037","14.465644452486037","119.2071433742487","119.2071433742487","119.2071433742487","116.88279630576785","116.88279630576785","116.88279630576785","56.01282091548162","56.01282091548162","56.01282091548162","151.84961641500428","151.84961641500428","151.84961641500428","25.175829683843524","25.175829683843524","25.175829683843524","36.98090580273299","36.98090580273299","36.98090580273299","51.10441912270549","51.10441912270549","51.10441912270549","74.24628228701837","74.24628228701837","74.24628228701837","93.62965997590689","93.62965997590689","93.62965997590689","55.70826307978784","55.70826307978784","55.70826307978784","35.68813281648909","35.68813281648909","35.68813281648909","57.83147682163614","57.83147682163614","57.83147682163614","79.5818870097558","79.5818870097558","79.5818870097558"
"104000","131.26204668139525","131.26204668139525","131.26204668139525","121.2537433438079","121.2537433438079","121.2537433438079","175.52438630066428","175.52438630066428","175.52438630066428","101.00929782101892","101.00929782101892","101.00929782101892","5.964487133596309","5.964487133596309","5.964487133596309","33.371127446124795","33.371127446124795","33.371127446124795","5.058820782046025","5.058820782046025","5.058820782046025","122.89422465696805","122.89422465696805","122.89422465696805","131.2178545366649","131.2178545366649","131.2178545366649","59.018746908568474","59.018746908568474","59.018746908568474","151.91136832435888","151.91136832435888","151.91136832435888","45.735638120783264","45.735638120783264","45.735638120783264","48.51814830956086","48.51814830956086","48.51814830956086","42.537156447007945","42.537156447007945","42.537156447007945","104.0313336541215","104.0313336541215","104.0313336541215","96.08904084265251","96.08904084265251","96.08904084265251","56.22462771729005","56.22462771729005","56.22462771729005","39.51031847239365","39.51031847239365","39.51031847239365","47.380236515321315","47.380236515321315","47.380236515321315","80.30559675829865","80.30559675829865","80.30559675829865"
"108000","188.62710975768613","188.62710975768613","188.62710975768613","120.43635824025395","120.43635824025395","120.43635824025395","187.39150858982975","187.39150858982975","187.39150858982975","90.44968211671059","90.44968211671059","90.44968211671059","11.53423351281305","11.53423351281305","11.53423351281305","34.932241948229816","34.932241948229816","34.932241948229816","36.764893085344674","36.764893085344674","36.764893085344674","160.92686298765193","160.92686298765193","160.92686298765193","128.08052100723916","128.08052100723916","128.08052100723916","38.39092544357651","38.39092544357651","38.39092544357651","151.7615452507639","151.7615452507639","151.7615452507639","12.770696001777322","12.770696001777322","12.770696001777322","56.67307584666615","56.67307584666615","56.67307584666615","60.77845735418869","60.77845735418869","60.77845735418869","106.6548951837015","106.6548951837015","106.6548951837015","112.607139542682","112.607139542682","112.607139542682","57.29042010199347","57.29042010199347","57.29042010199347","71.19683179100068","71.19683179100068","71.19683179100068","56.73418552188273","56.73418552188273","56.73418552188273","18.481122895796265","18.481122895796265","18.481122895796265"
"112000","189.3724819349366","189.3724819349366","189.3724819349366","133.54923163832382","133.54923163832382","133.54923163832382","170.3221608228749","170.3221608228749","170.3221608228749","87.88937945328635","87.88937945328635","87.88937945328635","8.412194700662164","8.412194700662164","8.412194700662164","66.394570379214","66.394570379214","66.394570379214","31.332671020858584","31.332671020858584","31.332671020858584","156.18421395010608","156.18421395010608","156.18421395010608","131.54285545640033","131.54285545640033","131.54285545640033","36.925320779579984","36.925320779579984","36.925320779579984","151.70642801885555","151.70642801885555","151.70642801885555","53.40904529221909","53.40904529221909","53.40904529221909","50.59961591713089","50.59961591713089","50.59961591713089","77.14537184497917","77.14537184497917","77.14537184497917","105.49842769911615","105.49842769911615","105.49842769911615","123.46703126851894","123.46703126851894","123.46703126851894","88.95339887833292","88.95339887833292","88.95339887833292","93.95257747449739","93.95257747449739","93.95257747449739","33.69781798714361","33.69781798714361","33.69781798714361","22.631982328295432","22.631982328295432","22.631982328295432"
"116000","207.4793854640534","207.4793854640534","207.4793854640534","135.94467029440017","135.94467029440017","135.94467029440017","132.84877133563947","132.84877133563947","132.84877133563947","92.02247522470915","92.02247522470915","92.02247522470915","7.213970346650977","7.213970346650977","7.213970346650977","46.19681921165721","46.19681921165721","46.19681921165721","41.65768126570285","41.65768126570285","41.65768126570285","155.329054510315","155.329054510315","155.329054510315","121.90041892941056","121.90041892941056","121.90041892941056","47.875473647163886","47.875473647163886","47.875473647163886","137.6104669403043","137.6104669403043","137.6104669403043","48.795154531268956","48.795154531268956","48.795154531268956","72.71137273253979","72.71137273253979","72.71137273253979","135.39931503884523","135.39931503884523","135.39931503884523","102.5552338321148","102.5552338321148","102.5552338321148","120.17911724969126","120.17911724969126","120.17911724969126","98.699332275243","98.699332275243","98.699332275243","114.98473371238397","114.98473371238397","114.98473371238397","32.540435108724594","32.540435108724594","32.540435108724594","19.859639427786554","19.859639427786554","19.859639427786554"
"120000","209.09066808071762","209.09066808071762","209.09066808071762","132.26244206325433","132.26244206325433","132.26244206325433","168.10608846388268","168.10608846388268","168.10608846388268","67.47418796894729","67.47418796894729","67.47418796894729","5.979993436543198","5.979993436543198","5.979993436543198","52.4990300541797","52.4990300541797","52.4990300541797","41.349968240548755","41.349968240548755","41.349968240548755","156.98059121271484","156.98059121271484","156.98059121271484","124.08964693506584","124.08964693506584","124.08964693506584","67.91339961741774","67.91339961741774","67.91339961741774","141.23373410182987","141.23373410182987","141.23373410182987","11.227254254486635","11.227254254486635","11.227254254486635","87.7414797653094","87.7414797653094","87.7414797653094","85.14256272130312","85.14256272130312","85.14256272130312","176.49242022958424","176.49242022958424","176.49242022958424","132.12286934020227","132.12286934020227","132.12286934020227","90.25552209394938","90.25552209394938","90.25552209394938","115.14439607770137","115.14439607770137","115.14439607770137","51.635466718058595","51.635466718058595","51.635466718058595","50.29789344839613","50.29789344839613","50.29789344839613"
"124000","199.8162704891897","199.8162704891897","199.8162704891897","139.43380089033815","139.43380089033815","139.43380089033815","154.5344953342416","154.5344953342416","154.5344953342416","86.54799780997632","86.54799780997632","86.54799780997632","6.399204390808545","6.399204390808545","6.399204390808545","40.50240154757251","40.50240154757251","40.50240154757251","41.459994627132566","41.459994627132566","41.459994627132566","119.64919694526206","119.64919694526206","119.64919694526206","137.04648408388306","137.04648408388306","137.04648408388306","91.76284982115484","91.76284982115484","91.76284982115484","141.14140005363205","141.14140005363205","141.14140005363205","49.73057281461252","49.73057281461252","49.73057281461252","61.723203434658934","61.723203434658934","61.723203434658934","87.48424568809881","87.48424568809881","87.48424568809881","177.79439172518377","177.79439172518377","177.79439172518377","168.45610064919777","168.45610064919777","168.45610064919777","134.89394941617994","134.89394941617994","134.89394941617994","120.4975399699844","120.4975399699844","120.4975399699844","83.14597237482546","83.14597237482546","83.14597237482546","90.12788431001825","90.12788431001825","90.12788431001825"
"128000","207.25272236366195","207.25272236366195","207.25272236366195","143.31554039497036","143.31554039497036","143.31554039497036","148.45844489204467","148.45844489204467","148.45844489204467","48.176637962438264","48.176637962438264","48.176637962438264","11.090805733927484","11.090805733927484","11.090805733927484","12.356640809044594","12.356640809044594","12.356640809044594","31.989206760222466","31.989206760222466","31.989206760222466","170.49213169312657","170.49213169312657","170.49213169312657","135.77165113825333","135.77165113825333","135.77165113825333","70.33070042099408","70.33070042099408","70.33070042099408","139.3947529525164","139.3947529525164","139.3947529525164","52.29336925605783","52.29336925605783","52.29336925605783","57.48997757812143","57.48997757812143","57.48997757812143","60.21934413243897","60.21934413243897","60.21934413243897","209.12430562178125","209.12430562178125","209.12430562178125","111.74933088946929","111.74933088946929","111.74933088946929","130.9279798826477","130.9279798826477","130.9279798826477","117.79459543665014","117.79459543665014","117.79459543665014","79.39540140206478","79.39540140206478","79.39540140206478","94.2190448606209","94.2190448606209","94.2190448606209"
"132000","185.2121730362662","185.2121730362662","185.2121730362662","124.60048111801123","124.60048111801123","124.60048111801123","177.56902332987718","177.56902332987718","177.56902332987718","63.09779893507175","63.09779893507175","63.09779893507175","16.309900241189855","16.309900241189855","16.309900241189855","9.848674843753077","9.848674843753077","9.848674843753077","35.98885236399557","35.98885236399557","35.98885236399557","147.00470552099503","147.00470552099503","147.00470552099503","143.65659046857286","143.65659046857286","143.65659046857286","86.34867676817552","86.34867676817552","86.34867676817552","137.53361957801312","137.53361957801312","137.53361957801312","28.09650619201893","28.09650619201893","28.09650619201893","66.75628601972333","66.75628601972333","66.75628601972333","55.840787315703075","55.840787315703075","55.840787315703075","206.7812279648674","206.7812279648674","206.7812279648674","165.6287964871176","165.6287964871176","165.6287964871176","103.83781510556612","103.83781510556612","103.83781510556612","81.47758906947993","81.47758906947993","81.47758906947993","72.51714232326674","72.51714232326674","72.51714232326674","90.86855740652472","90.86855740652472","90.86855740652472"
"136000","179.58786729142318","179.58786729142318","179.58786729142318","125.53165231441994","125.53165231441994","125.53165231441994","154.10359031333005","154.10359031333005","154.10359031333005","68.3858912249999","68.3858912249999","68.3858912249999","19.30509702267141","19.30509702267141","19.30509702267141","10.362471052248035","10.362471052248035","10.362471052248035","30.869791833785634","30.869791833785634","30.869791833785634","50.4764137393847","50.4764137393847","50.4764137393847","147.56410522801966","147.56410522801966","147.56410522801966","70.3757122957048","70.3757122957048","70.3757122957048","142.19753237183008","142.19753237183008","142.19753237183008","30.1780587724138","30.1780587724138","30.1780587724138","63.087630704860885","63.087630704860885","63.087630704860885","76.19107602527727","76.19107602527727","76.19107602527727","211.8631672780147","211.8631672780147","211.8631672780147","117.94485376040782","117.94485376040782","117.94485376040782","124.77577030760146","124.77577030760146","124.77577030760146","90.6687439775581","90.6687439775581","90.6687439775581","61.05478659241254","61.05478659241254","61.05478659241254","86.31157245748612","86.31157245748612","86.31157245748612"
"140000","173.72393179201504","173.72393179201504","173.72393179201504","160.6874279414071","160.6874279414071","160.6874279414071","164.70449450659675","164.70449450659675","164.70449450659675","60.993252635634825","60.993252635634825","60.993252635634825","15.773690509110107","15.773690509110107","15.773690509110107","12.777104264045596","12.777104264045596","12.777104264045596","29.036758857045605","29.036758857045605","29.036758857045605","136.24714960823832","136.24714960823832","136.24714960823832","160.97827242029797","160.97827242029797","160.97827242029797","57.77161562749647","57.77161562749647","57.77161562749647","143.5013959927545","143.5013959927545","143.5013959927545","88.3571688375803","88.3571688375803","88.3571688375803","77.52162954271229","77.52162954271229","77.52162954271229","124.33301660116709","124.33301660116709","124.33301660116709","228.73991303315432","228.73991303315432","228.73991303315432","111.12320198391107","111.12320198391107","111.12320198391107","85.65810607958318","85.65810607958318","85.65810607958318","80.5496594548487","80.5496594548487","80.5496594548487","72.36491332798121","72.36491332798121","72.36491332798121","83.93841428772635","83.93841428772635","83.93841428772635"
"144000","165.36522952105037","165.36522952105037","165.36522952105037","153.60783409698556","153.60783409698556","153.60783409698556","184.13777024461285","184.13777024461285","184.13777024461285","65.59376667965337","65.59376667965337","65.59376667965337","12.742541373754017","12.742541373754017","12.742541373754017","10.844379877767606","10.844379877767606","10.844379877767606","29.812593109939392","29.812593109939392","29.812593109939392","106.84188806531274","106.84188806531274","106.84188806531274","147.8998186059809","147.8998186059809","147.8998186059809","53.699540837810176","53.699540837810176","53.699540837810176","143.20956880303225","143.20956880303225","143.20956880303225","94.0957042910541","94.0957042910541","94.0957042910541","58.53791820488051","58.53791820488051","58.53791820488051","116.22672596014914","116.22672596014914","116.22672596014914","212.09654222713152","212.09654222713152","212.09654222713152","186.39110230163914","186.39110230163914","186.39110230163914","82.05682694717339","82.05682694717339","82.05682694717339","99.04626372727364","99.04626372727364","99.04626372727364","106.92228347048118","106.92228347048118","106.92228347048118","81.80123314113952","81.80123314113952","81.80123314113952"
"148000","165.65907082570203","165.65907082570203","165.65907082570203","157.5799409044252","157.5799409044252","157.5799409044252","196.29178660594812","196.29178660594812","196.29178660594812","87.43188894658917","87.43188894658917","87.43188894658917","11.579914836905","11.579914836905","11.579914836905","9.466625066801228","9.466625066801228","9.466625066801228","29.01914458784166","29.01914458784166","29.01914458784166","97.45870918305744","97.45870918305744","97.45870918305744","138.17301445611065","138.17301445611065","138.17301445611065","47.33167166873253","47.33167166873253","47.33167166873253","134.40082911429317","134.40082911429317","134.40082911429317","105.47822976716115","105.47822976716115","105.47822976716115","58.18720211323715","58.18720211323715","58.18720211323715","156.07256720359956","156.07256720359956","156.07256720359956","213.0702507723316","213.0702507723316","213.0702507723316","207.37790125004312","207.37790125004312","207.37790125004312","76.45894431936121","76.45894431936121","76.45894431936121","100.2865423062674","100.2865423062674","100.2865423062674","110.19196370938653","110.19196370938653","110.19196370938653","50.24111811865218","50.24111811865218","50.24111811865218"
"152000","192.59373797986686","192.59373797986686","192.59373797986686","151.61286363688356","151.61286363688356","151.61286363688356","191.3571233671552","191.3571233671552","191.3571233671552","95.42466480753103","95.42466480753103","95.42466480753103","10.806978655646642","10.806978655646642","10.806978655646642","8.119634187082768","8.119634187082768","8.119634187082768","23.31779648755198","23.31779648755198","23.31779648755198","145.6660018492106","145.6660018492106","145.6660018492106","150.33772697926003","150.33772697926003","150.33772697926003","38.39091396676843","38.39091396676843","38.39091396676843","72.17648561157469","72.17648561157469","72.17648561157469","84.99947896930294","84.99947896930294","84.99947896930294","64.36817727539116","64.36817727539116","64.36817727539116","125.32484292286134","125.32484292286134","125.32484292286134","224.69354779233777","224.69354779233777","224.69354779233777","190.7578985356331","190.7578985356331","190.7578985356331","65.61941119589322","65.61941119589322","65.61941119589322","60.91784397175885","60.91784397175885","60.91784397175885","105.23002550236461","105.23002550236461","105.23002550236461","92.91143031958151","92.91143031958151","92.91143031958151"
"156000","176.26145323863784","176.26145323863784","176.26145323863784","156.37079763552993","156.37079763552993","156.37079763552993","217.95078312884607","217.95078312884607","217.95078312884607","134.01017331339784","134.01017331339784","134.01017331339784","6.3396378505608","6.3396378505608","6.3396378505608","6.797060241663485","6.797060241663485","6.797060241663485","9.75873429515325","9.75873429515325","9.75873429515325","56.29487136417479","56.29487136417479","56.29487136417479","154.61503814033503","154.61503814033503","154.61503814033503","62.48540600403752","62.48540600403752","62.48540600403752","134.25062850008098","134.25062850008098","134.25062850008098","36.005557689880526","36.005557689880526","36.005557689880526","55.08076605473784","55.08076605473784","55.08076605473784","72.3632450063757","72.3632450063757","72.3632450063757","224.16762292966646","224.16762292966646","224.16762292966646","169.96404177653005","169.96404177653005","169.96404177653005","61.34962489818804","61.34962489818804","61.34962489818804","39.280748716455854","39.280748716455854","39.280748716455854","76.45438723385881","76.45438723385881","76.45438723385881","93.81543285560329","93.81543285560329","93.81543285560329"
"160000","201.06432734797946","201.06432734797946","201.06432734797946","155.91390945053908","155.91390945053908","155.91390945053908","213.21954852984464","213.21954852984464","213.21954852984464","120.91621295436967","120.91621295436967","120.91621295436967","4.2834435354790195","4.2834435354790195","4.2834435354790195","6.721753368277467","6.721753368277467","6.721753368277467","11.761493332933835","11.761493332933835","11.761493332933835","49.07340645597333","49.07340645597333","49.07340645597333","138.1773693999675","138.1773693999675","138.1773693999675","93.45287897693724","93.45287897693724","93.45287897693724","140.88142224126406","140.88142224126406","140.88142224126406","32.80500046619501","32.80500046619501","32.80500046619501","53.0903574990871","53.0903574990871","53.0903574990871","88.43941229557268","88.43941229557268","88.43941229557268","235.69938287875334","235.69938287875334","235.69938287875334","178.79724706798487","178.79724706798487","178.79724706798487","82.28544487983514","82.28544487983514","82.28544487983514","69.2649384888301","69.2649384888301","69.2649384888301","173.47641056568654","173.47641056568654","173.47641056568654","85.28283627059699","85.28283627059699","85.28283627059699"
"164000","193.74565270589292","193.74565270589292","193.74565270589292","149.90646733879117","149.90646733879117","149.90646733879117","203.6354672460498","203.6354672460498","203.6354672460498","140.16236408674757","140.16236408674757","140.16236408674757","2.0403359854139773","2.0403359854139773","2.0403359854139773","7.690314747258164","7.690314747258164","7.690314747258164","11.297826917893715","11.297826917893715","11.297826917893715","108.39341324432898","108.39341324432898","108.39341324432898","137.31112416820966","137.31112416820966","137.31112416820966","67.56086863080728","67.56086863080728","67.56086863080728","141.7997628597638","141.7997628597638","141.7997628597638","40.72952133273636","40.72952133273636","40.72952133273636","114.58542302967268","114.58542302967268","114.58542302967268","220.64942502820637","220.64942502820637","220.64942502820637","217.63127844607197","217.63127844607197","217.63127844607197","228.20920245570997","228.20920245570997","228.20920245570997","79.24908301559998","79.24908301559998","79.24908301559998","69.6555670483906","69.6555670483906","69.6555670483906","179.31447595372984","179.31447595372984","179.31447595372984","77.95155430093165","77.95155430093165","77.95155430093165"
"168000","213.09963417847672","213.09963417847672","213.09963417847672","151.39707700828205","151.39707700828205","151.39707700828205","199.92225985724994","199.92225985724994","199.92225985724994","140.81622383077456","140.81622383077456","140.81622383077456","2.2789976182912994","2.2789976182912994","2.2789976182912994","11.225432383416438","11.225432383416438","11.225432383416438","5.949070750946174","5.949070750946174","5.949070750946174","109.22913514499791","109.22913514499791","109.22913514499791","147.4998928330386","147.4998928330386","147.4998928330386","56.028310467017626","56.028310467017626","56.028310467017626","119.59157765800657","119.59157765800657","119.59157765800657","40.819050079890886","40.819050079890886","40.819050079890886","86.28748654350046","86.28748654350046","86.28748654350046","221.98181652571802","221.98181652571802","221.98181652571802","226.72275335566914","226.72275335566914","226.72275335566914","225.51023195910594","225.51023195910594","225.51023195910594","54.553582127182395","54.553582127182395","54.553582127182395","24.477456708793607","24.477456708793607","24.477456708793607","146.68904933866662","146.68904933866662","146.68904933866662","86.59674936094683","86.59674936094683","86.59674936094683"
"172000","196.05274008127384","196.05274008127384","196.05274008127384","135.5327160622882","135.5327160622882","135.5327160622882","115.14139578899778","115.14139578899778","115.14139578899778","133.42739735228182","133.42739735228182","133.42739735228182","3.2238342930636095","3.2238342930636095","3.2238342930636095","13.81615868175113","13.81615868175113","13.81615868175113","10.018535559530685","10.018535559530685","10.018535559530685","77.80515735758783","77.80515735758783","77.80515735758783","193.93909655936574","193.93909655936574","193.93909655936574","76.38855167951222","76.38855167951222","76.38855167951222","25.274053757082406","25.274053757082406","25.274053757082406","47.01042614530475","47.01042614530475","47.01042614530475","69.65078424633894","69.65078424633894","69.65078424633894","200.3909292183723","200.3909292183723","200.3909292183723","235.58393404365924","235.58393404365924","235.58393404365924","198.17318701001875","198.17318701001875","198.17318701001875","92.54223873775688","92.54223873775688","92.54223873775688","26.664207072189875","26.664207072189875","26.664207072189875","157.2230324406993","157.2230324406993","157.2230324406993","85.44998824367025","85.44998824367025","85.44998824367025"
"176000","205.75176785121926","205.75176785121926","205.75176785121926","151.96928115412575","151.96928115412575","151.96928115412575","118.38646394798673","118.38646394798673","118.38646394798673","134.07952039524793","134.07952039524793","134.07952039524793","3.7585502080217807","3.7585502080217807","3.7585502080217807","10.595985626278779","10.595985626278779","10.595985626278779","18.845812257428314","18.845812257428314","18.845812257428314","86.03558348045024","86.03558348045024","86.03558348045024","152.71594171738056","152.71594171738056","152.71594171738056","85.51104005919427","85.51104005919427","85.51104005919427","10.47024204289461","10.47024204289461","10.47024204289461","26.465470944562384","26.465470944562384","26.465470944562384","71.29465525063722","71.29465525063722","71.29465525063722","186.98447571103588","186.98447571103588","186.98447571103588","218.19140097085747","218.19140097085747","218.19140097085747","158.2584252512799","158.2584252512799","158.2584252512799","114.36991586768826","114.36991586768826","114.36991586768826","54.626236707861224","54.626236707861224","54.626236707861224","89.15991198120274","89.15991198120274","89.15991198120274","83.86532990263119","83.86532990263119","83.86532990263119"
"180000","220.4407550340029","220.4407550340029","220.4407550340029","150.80507563733082","150.80507563733082","150.80507563733082","222.58203135767417","222.58203135767417","222.58203135767417","134.57817818543344","134.57817818543344","134.57817818543344","2.9822312409802185","2.9822312409802185","2.9822312409802185","9.156251289517728","9.156251289517728","9.156251289517728","17.587372524366454","17.587372524366454","17.587372524366454","78.86645242026883","78.86645242026883","78.86645242026883","151.24788580967117","151.24788580967117","151.24788580967117","88.39872554775579","88.39872554775579","88.39872554775579","101.08407575635941","101.08407575635941","101.08407575635941","20.51003470987069","20.51003470987069","20.51003470987069","73.47923928358846","73.47923928358846","73.47923928358846","151.2233445075363","151.2233445075363","151.2233445075363","220.25366938675126","220.25366938675126","220.25366938675126","99.44186307954617","99.44186307954617","99.44186307954617","109.38035208847609","109.38035208847609","109.38035208847609","58.89793754840389","58.89793754840389","58.89793754840389","141.73219162901378","141.73219162901378","141.73219162901378","66.16311705746564","66.16311705746564","66.16311705746564"
"184000","235.49369969738763","235.49369969738763","235.49369969738763","159.50162951034517","159.50162951034517","159.50162951034517","215.93747163555136","215.93747163555136","215.93747163555136","133.17310029762052","133.17310029762052","133.17310029762052","3.868600247094533","3.868600247094533","3.868600247094533","10.180156205811413","10.180156205811413","10.180156205811413","20.477972711657277","20.477972711657277","20.477972711657277","139.23504924162336","139.23504924162336","139.23504924162336","177.33495081057754","177.33495081057754","177.33495081057754","70.77867025587013","70.77867025587013","70.77867025587013","155.41613746859656","155.41613746859656","155.41613746859656","27.910848253665893","27.910848253665893","27.910848253665893","48.54536247138831","48.54536247138831","48.54536247138831","195.2979643402493","195.2979643402493","195.2979643402493","190.3302100922987","190.3302100922987","190.3302100922987","189.48306422321747","189.48306422321747","189.48306422321747","161.75880137394864","161.75880137394864","161.75880137394864","78.18370755465284","78.18370755465284","78.18370755465284","125.40710106446167","125.40710106446167","125.40710106446167","91.78749005825321","91.78749005825321","91.78749005825321"
"188000","230.34236638229376","230.34236638229376","230.34236638229376","124.96053203002074","124.96053203002074","124.96053203002074","167.2868331645718","167.2868331645718","167.2868331645718","135.48482146458005","135.48482146458005","135.48482146458005","3.981235112291506","3.981235112291506","3.981235112291506","9.887917059559028","9.887917059559028","9.887917059559028","16.44399875925287","16.44399875925287","16.44399875925287","81.0984213042722","81.0984213042722","81.0984213042722","174.32773553374858","174.32773553374858","174.32773553374858","74.62810736635554","74.62810736635554","74.62810736635554","163.14792702763242","163.14792702763242","163.14792702763242","21.885646029405493","21.885646029405493","21.885646029405493","50.08751062375777","50.08751062375777","50.08751062375777","157.08519770143886","157.08519770143886","157.08519770143886","216.057027466318","216.057027466318","216.057027466318","230.56340337390324","230.56340337390324","230.56340337390324","73.99343130884446","73.99343130884446","73.99343130884446","117.43626687299343","117.43626687299343","117.43626687299343","117.10801810726545","117.10801810726545","117.10801810726545","47.46250681506738","47.46250681506738","47.46250681506738"
"192000","248.83994328680228","248.83994328680228","248.83994328680228","128.1056213201846","128.1056213201846","128.1056213201846","103.95544539949594","103.95544539949594","103.95544539949594","148.7099684754266","148.7099684754266","148.7099684754266","4.038151495639186","4.038151495639186","4.038151495639186","29.415697647160584","29.415697647160584","29.415697647160584","17.25554695774844","17.25554695774844","17.25554695774844","132.21821831480824","132.21821831480824","132.21821831480824","161.54786197598645","161.54786197598645","161.54786197598645","74.62432361823976","74.62432361823976","74.62432361823976","166.5381341481268","166.5381341481268","166.5381341481268","18.057860319751992","18.057860319751992","18.057860319751992","47.5767549073902","47.5767549073902","47.5767549073902","95.52179296044899","95.52179296044899","95.52179296044899","222.24079521269186","222.24079521269186","222.24079521269186","219.86463130639723","219.86463130639723","219.86463130639723","140.09637863014055","140.09637863014055","140.09637863014055","125.41291981195863","125.41291981195863","125.41291981195863","114.57329765878342","114.57329765878342","114.57329765878342","53.19676102370587","53.19676102370587","53.19676102370587"
"196000","246.55591640187004","246.55591640187004","246.55591640187004","154.00954552744344","154.00954552744344","154.00954552744344","108.75457026352919","108.75457026352919","108.75457026352919","109.78489665380584","109.78489665380584","109.78489665380584","4.708562164839967","4.708562164839967","4.708562164839967","30.840383339284095","30.840383339284095","30.840383339284095","31.8335099297598","31.8335099297598","31.8335099297598","136.45227740384857","136.45227740384857","136.45227740384857","175.24968270195993","175.24968270195993","175.24968270195993","75.17316617156787","75.17316617156787","75.17316617156787","2.4538352149582314","2.4538352149582314","2.4538352149582314","19.493539726121686","19.493539726121686","19.493539726121686","54.0362311883531","54.0362311883531","54.0362311883531","148.4450562296205","148.4450562296205","148.4450562296205","212.03555423789103","212.03555423789103","212.03555423789103","229.8109440779934","229.8109440779934","229.8109440779934","141.00640550579692","141.00640550579692","141.00640550579692","126.07453786845224","126.07453786845224","126.07453786845224","79.04305617745673","79.04305617745673","79.04305617745673","51.015510564472706","51.015510564472706","51.015510564472706"
"200000","223.2391624018107","223.2391624018107","223.2391624018107","150.60947012037985","150.60947012037985","150.60947012037985","91.68753296396775","91.68753296396775","91.68753296396775","126.98796240608799","126.98796240608799","126.98796240608799","4.908872065163739","4.908872065163739","4.908872065163739","29.261135908477506","29.261135908477506","29.261135908477506","19.53782527261496","19.53782527261496","19.53782527261496","148.97825897789687","148.97825897789687","148.97825897789687","179.59635883320001","179.59635883320001","179.59635883320001","105.7200502147191","105.7200502147191","105.7200502147191","48.75396795833743","48.75396795833743","48.75396795833743","19.560090819819337","19.560090819819337","19.560090819819337","53.76500689741507","53.76500689741507","53.76500689741507","149.55775751661676","149.55775751661676","149.55775751661676","221.34308435965764","221.34308435965764","221.34308435965764","217.33670047469755","217.33670047469755","217.33670047469755","100.20776912034287","100.20776912034287","100.20776912034287","129.95091403654405","129.95091403654405","129.95091403654405","74.93289099896755","74.93289099896755","74.93289099896755","90.44818697257757","90.44818697257757","90.44818697257757"
"204000","188.98068373758082","188.98068373758082","188.98068373758082","146.27030865184966","146.27030865184966","146.27030865184966","143.91456691354807","143.91456691354807","143.91456691354807","125.9683343095002","125.9683343095002","125.9683343095002","5.059025930424971","5.059025930424971","5.059025930424971","33.66905614342792","33.66905614342792","33.66905614342792","8.263048598863687","8.263048598863687","8.263048598863687","187.85996465956978","187.85996465956978","187.85996465956978","186.9353851840626","186.9353851840626","186.9353851840626","101.88097805311506","101.88097805311506","101.88097805311506","169.75682856558342","169.75682856558342","169.75682856558342","20.064661730661673","20.064661730661673","20.064661730661673","52.43661018805524","52.43661018805524","52.43661018805524","157.49610005146354","157.49610005146354","157.49610005146354","228.7371568812418","228.7371568812418","228.7371568812418","239.88360324234282","239.88360324234282","239.88360324234282","108.6890377980712","108.6890377980712","108.6890377980712","127.2928130816706","127.2928130816706","127.2928130816706","74.81292965193423","74.81292965193423","74.81292965193423","72.70786351819433","72.70786351819433","72.70786351819433"
"208000","257.88413317836023","257.88413317836023","257.88413317836023","144.33177781005648","144.33177781005648","144.33177781005648","222.52658544743153","222.52658544743153","222.52658544743153","128.7498621022098","128.7498621022098","128.7498621022098","5.651389881354035","5.651389881354035","5.651389881354035","25.617590474791996","25.617590474791996","25.617590474791996","10.208884066491866","10.208884066491866","10.208884066491866","180.7137946654841","180.7137946654841","180.7137946654841","203.31406082349184","203.31406082349184","203.31406082349184","108.87134823715178","108.87134823715178","108.87134823715178","158.9166094810361","158.9166094810361","158.9166094810361","19.328626032607467","19.328626032607467","19.328626032607467","57.275937251371815","57.275937251371815","57.275937251371815","169.1542677785126","169.1542677785126","169.1542677785126","217.84520255832604","217.84520255832604","217.84520255832604","235.29247506560205","235.29247506560205","235.29247506560205","121.5468806341451","121.5468806341451","121.5468806341451","127.1397075776857","127.1397075776857","127.1397075776857","111.17698388354742","111.17698388354742","111.17698388354742","88.36522165069778","88.36522165069778","88.36522165069778"
"212000","244.87520904826366","244.87520904826366","244.87520904826366","150.9962461332209","150.9962461332209","150.9962461332209","219.2145461954529","219.2145461954529","219.2145461954529","88.12859473773119","88.12859473773119","88.12859473773119","6.404407687967904","6.404407687967904","6.404407687967904","14.723461551504794","14.723461551504794","14.723461551504794","8.344266548562864","8.344266548562864","8.344266548562864","163.60244459859743","163.60244459859743","163.60244459859743","182.78429377755782","182.78429377755782","182.78429377755782","88.07602512890611","88.07602512890611","88.07602512890611","157.2363841606006","157.2363841606006","157.2363841606006","37.270124429118326","37.270124429118326","37.270124429118326","59.595315913561556","59.595315913561556","59.595315913561556","167.70687405234176","167.70687405234176","167.70687405234176","216.91098670768005","216.91098670768005","216.91098670768005","230.194518557244","230.194518557244","230.194518557244","114.08296141049884","114.08296141049884","114.08296141049884","126.12431588031924","126.12431588031924","126.12431588031924","99.4969703992887","99.4969703992887","99.4969703992887","91.05277962493254","91.05277962493254","91.05277962493254"
"216000","281.4184721560549","281.4184721560549","281.4184721560549","157.26888295017275","157.26888295017275","157.26888295017275","225.2057992663891","225.2057992663891","225.2057992663891","92.44960613385092","92.44960613385092","92.44960613385092","5.149728840740638","5.149728840740638","5.149728840740638","13.840330625737812","13.840330625737812","13.840330625737812","8.982140172720701","8.982140172720701","8.982140172720701","184.51822050350523","184.51822050350523","184.51822050350523","214.16727615336782","214.16727615336782","214.16727615336782","105.65895027244437","105.65895027244437","105.65895027244437","160.95172665963176","160.95172665963176","160.95172665963176","5.03288594247442","5.03288594247442","5.03288594247442","76.95006009417446","76.95006009417446","76.95006009417446","176.6130941589774","176.6130941589774","176.6130941589774","203.79581361000092","203.79581361000092","203.79581361000092","229.86040916080728","229.86040916080728","229.86040916080728","128.3096570131209","128.3096570131209","128.3096570131209","118.8009253794734","118.8009253794734","118.8009253794734","110.06199790128224","110.06199790128224","110.06199790128224","104.07830894893736","104.07830894893736","104.07830894893736"
"220000","259.7543738979608","259.7543738979608","259.7543738979608","168.56146271429606","168.56146271429606","168.56146271429606","234.07062361410232","234.07062361410232","234.07062361410232","122.95527056388785","122.95527056388785","122.95527056388785","5.3014534348595905","5.3014534348595905","5.3014534348595905","18.02406221110747","18.02406221110747","18.02406221110747","6.766070008481412","6.766070008481412","6.766070008481412","166.8524750533367","166.8524750533367","166.8524750533367","193.78260464368844","193.78260464368844","193.78260464368844","130.14469534503155","130.14469534503155","130.14469534503155","154.12262334500303","154.12262334500303","154.12262334500303","2.9323454455933082","2.9323454455933082","2.9323454455933082","66.62621844707158","66.62621844707158","66.62621844707158","163.71386869423432","163.71386869423432","163.71386869423432","231.26952050536119","231.26952050536119","231.26952050536119","225.9793616356097","225.9793616356097","225.9793616356097","138.15853136248845","138.15853136248845","138.15853136248845","132.50501289976594","132.50501289976594","132.50501289976594","158.5163563818696","158.5163563818696","158.5163563818696","138.16263988412604","138.16263988412604","138.16263988412604"
"224000","275.9571143387378","275.9571143387378","275.9571143387378","156.18980331173336","156.18980331173336","156.18980331173336","212.6830399922374","212.6830399922374","212.6830399922374","132.55926262930421","132.55926262930421","132.55926262930421","6.487340941004982","6.487340941004982","6.487340941004982","38.76039944684655","38.76039944684655","38.76039944684655","9.796272846515958","9.796272846515958","9.796272846515958","189.86503700841251","189.86503700841251","189.86503700841251","193.7751380039553","193.7751380039553","193.7751380039553","92.07815607033528","92.07815607033528","92.07815607033528","142.02189749451813","142.02189749451813","142.02189749451813","2.20649861180304","2.20649861180304","2.20649861180304","61.87032859033504","61.87032859033504","61.87032859033504","210.06125563068508","210.06125563068508","210.06125563068508","234.1040461672228","234.1040461672228","234.1040461672228","227.76034360643925","227.76034360643925","227.76034360643925","142.9570761959088","142.9570761959088","142.9570761959088","127.66546705383924","127.66546705383924","127.66546705383924","152.1183834832836","152.1183834832836","152.1183834832836","133.16511418351436","133.16511418351436","133.16511418351436"
"228000","262.1439781265835","262.1439781265835","262.1439781265835","166.57838141973016","166.57838141973016","166.57838141973016","226.8278168905444","226.8278168905444","226.8278168905444","126.22854704911943","126.22854704911943","126.22854704911943","4.121259048545318","4.121259048545318","4.121259048545318","25.635875514847193","25.635875514847193","25.635875514847193","7.491203104210365","7.491203104210365","7.491203104210365","175.16701433742543","175.16701433742543","175.16701433742543","194.82925929014894","194.82925929014894","194.82925929014894","79.66764405248581","79.66764405248581","79.66764405248581","170.51267396152494","170.51267396152494","170.51267396152494","1.5989432075257266","1.5989432075257266","1.5989432075257266","69.53053570498159","69.53053570498159","69.53053570498159","165.12425970262146","165.12425970262146","165.12425970262146","233.3375781187563","233.3375781187563","233.3375781187563","235.14860288318613","235.14860288318613","235.14860288318613","182.23559934985914","182.23559934985914","182.23559934985914","126.11293821722472","126.11293821722472","126.11293821722472","139.42333074741217","139.42333074741217","139.42333074741217","134.14658974008015","134.14658974008015","134.14658974008015"
"232000","276.36982618381836","276.36982618381836","276.36982618381836","174.657468368896","174.657468368896","174.657468368896","230.83028075307146","230.83028075307146","230.83028075307146","119.5273032172664","119.5273032172664","119.5273032172664","3.534147566806505","3.534147566806505","3.534147566806505","40.84027235658681","40.84027235658681","40.84027235658681","7.4433276431348006","7.4433276431348006","7.4433276431348006","168.90712095595342","168.90712095595342","168.90712095595342","197.3779944023874","197.3779944023874","197.3779944023874","102.51504020490106","102.51504020490106","102.51504020490106","67.36041022283518","67.36041022283518","67.36041022283518","1.7032763132733657","1.7032763132733657","1.7032763132733657","78.78594660211002","78.78594660211002","78.78594660211002","176.45578150750902","176.45578150750902","176.45578150750902","260.41879278645627","260.41879278645627","260.41879278645627","242.0025612740173","242.0025612740173","242.0025612740173","129.18333255419745","129.18333255419745","129.18333255419745","78.64836385837368","78.64836385837368","78.64836385837368","169.71460989577386","169.71460989577386","169.71460989577386","57.206538453616034","57.206538453616034","57.206538453616034"
"236000","267.82645143168185","267.82645143168185","267.82645143168185","183.98468310820098","183.98468310820098","183.98468310820098","229.03086501735297","229.03086501735297","229.03086501735297","129.78468681165515","129.78468681165515","129.78468681165515","4.418375865125469","4.418375865125469","4.418375865125469","43.447076701676","43.447076701676","43.447076701676","7.249570876216443","7.249570876216443","7.249570876216443","160.23722425540197","160.23722425540197","160.23722425540197","217.91295989145814","217.91295989145814","217.91295989145814","99.58841585159205","99.58841585159205","99.58841585159205","164.42867961842836","164.42867961842836","164.42867961842836","2.484416198048307","2.484416198048307","2.484416198048307","72.18905671185365","72.18905671185365","72.18905671185365","208.22995940722717","208.22995940722717","208.22995940722717","253.87992705757802","253.87992705757802","253.87992705757802","243.23956899933623","243.23956899933623","243.23956899933623","109.08365597323282","109.08365597323282","109.08365597323282","75.33728249671883","75.33728249671883","75.33728249671883","184.16344864683927","184.16344864683927","184.16344864683927","42.61690923375668","42.61690923375668","42.61690923375668"
"240000","266.81107133379476","266.81107133379476","266.81107133379476","193.73307533232878","193.73307533232878","193.73307533232878","210.88071389266693","210.88071389266693","210.88071389266693","130.8607096010953","130.8607096010953","130.8607096010953","21.8760619785852","21.8760619785852","21.8760619785852","31.686388215145882","31.686388215145882","31.686388215145882","9.81190822699025","9.81190822699025","9.81190822699025","151.79312538574354","151.79312538574354","151.79312538574354","220.56983647714122","220.56983647714122","220.56983647714122","93.75697562810942","93.75697562810942","93.75697562810942","172.4967471213992","172.4967471213992","172.4967471213992","2.011333645610255","2.011333645610255","2.011333645610255","45.44750929896961","45.44750929896961","45.44750929896961","215.71686893577385","215.71686893577385","215.71686893577385","239.6133589245428","239.6133589245428","239.6133589245428","245.10064503958728","245.10064503958728","245.10064503958728","109.00551009324563","109.00551009324563","109.00551009324563","87.98304552300911","87.98304552300911","87.98304552300911","191.86263415121354","191.86263415121354","191.86263415121354","42.36732677340632","42.36732677340632","42.36732677340632"
"244000","262.9036474191438","262.9036474191438","262.9036474191438","186.28341537540797","186.28341537540797","186.28341537540797","223.43320242190362","223.43320242190362","223.43320242190362","138.65150955723635","138.65150955723635","138.65150955723635","12.977860688829082","12.977860688829082","12.977860688829082","31.565191674621115","31.565191674621115","31.565191674621115","6.870189123391141","6.870189123391141","6.870189123391141","169.74737453453605","169.74737453453605","169.74737453453605","228.42772018520358","228.42772018520358","228.42772018520358","112.89859801199187","112.89859801199187","112.89859801199187","172.09298137770682","172.09298137770682","172.09298137770682","2.2438435608651357","2.2438435608651357","2.2438435608651357","61.30032814585238","61.30032814585238","61.30032814585238","213.9427566791632","213.9427566791632","213.9427566791632","238.26568499005288","238.26568499005288","238.26568499005288","246.18302887837618","246.18302887837618","246.18302887837618","94.54232647747278","94.54232647747278","94.54232647747278","121.36638817984871","121.36638817984871","121.36638817984871","195.30925868580894","195.30925868580894","195.30925868580894","53.4724571579477","53.4724571579477","53.4724571579477"
"248000","251.2907795222472","251.2907795222472","251.2907795222472","205.50174672653938","205.50174672653938","205.50174672653938","158.85817181560054","158.85817181560054","158.85817181560054","141.72058955805505","141.72058955805505","141.72058955805505","65.00729644066642","65.00729644066642","65.00729644066642","19.140056755308873","19.140056755308873","19.140056755308873","9.576603670898507","9.576603670898507","9.576603670898507","163.3428766383788","163.3428766383788","163.3428766383788","220.53834243116617","220.53834243116617","220.53834243116617","143.163471169983","143.163471169983","143.163471169983","165.96823593370794","165.96823593370794","165.96823593370794","4.596744065960422","4.596744065960422","4.596744065960422","61.65528348089803","61.65528348089803","61.65528348089803","232.91316571008662","232.91316571008662","232.91316571008662","223.70144888224385","223.70144888224385","223.70144888224385","246.66866349298988","246.66866349298988","246.66866349298988","95.68636323746941","95.68636323746941","95.68636323746941","137.1757769830959","137.1757769830959","137.1757769830959","180.5133301827663","180.5133301827663","180.5133301827663","53.88381566890913","53.88381566890913","53.88381566890913"
"252000","267.1004842797624","267.1004842797624","267.1004842797624","221.34165566579705","221.34165566579705","221.34165566579705","209.93158437134707","209.93158437134707","209.93158437134707","143.31542298889494","143.31542298889494","143.31542298889494","97.63625240033997","97.63625240033997","97.63625240033997","19.516770037755826","19.516770037755826","19.516770037755826","21.775198494678282","21.775198494678282","21.775198494678282","151.92624302319595","151.92624302319595","151.92624302319595","234.26515691818494","234.26515691818494","234.26515691818494","72.73544842859629","72.73544842859629","72.73544842859629","154.6237124539663","154.6237124539663","154.6237124539663","6.02397190981325","6.02397190981325","6.02397190981325","52.24843619151757","52.24843619151757","52.24843619151757","216.46073002131925","216.46073002131925","216.46073002131925","213.87943869608335","213.87943869608335","213.87943869608335","257.1524407700645","257.1524407700645","257.1524407700645","99.6999492217518","99.6999492217518","99.6999492217518","165.55274388825106","165.55274388825106","165.55274388825106","174.70213417542715","174.70213417542715","174.70213417542715","53.8002444092261","53.8002444092261","53.8002444092261"
"256000","268.4901235420644","268.4901235420644","268.4901235420644","224.2780222975585","224.2780222975585","224.2780222975585","165.03305724615842","165.03305724615842","165.03305724615842","139.87918203280572","139.87918203280572","139.87918203280572","77.41334928557826","77.41334928557826","77.41334928557826","14.022859859693947","14.022859859693947","14.022859859693947","15.92573568448224","15.92573568448224","15.92573568448224","148.31025341573311","148.31025341573311","148.31025341573311","234.50885223190562","234.50885223190562","234.50885223190562","73.07687831615992","73.07687831615992","73.07687831615992","161.88123052895193","161.88123052895193","161.88123052895193","8.416545206610683","8.416545206610683","8.416545206610683","53.58122719691662","53.58122719691662","53.58122719691662","236.53117395087884","236.53117395087884","236.53117395087884","255.2504648568808","255.2504648568808","255.2504648568808","256.4416644083375","256.4416644083375","256.4416644083375","132.21910141075693","132.21910141075693","132.21910141075693","134.65199171443766","134.65199171443766","134.65199171443766","189.98444748629777","189.98444748629777","189.98444748629777","53.86457733260731","53.86457733260731","53.86457733260731"
"260000","280.1913985304057","280.1913985304057","280.1913985304057","230.34312735270993","230.34312735270993","230.34312735270993","210.79850620386324","210.79850620386324","210.79850620386324","141.3282963630282","141.3282963630282","141.3282963630282","74.98620612306544","74.98620612306544","74.98620612306544","23.522890123419785","23.522890123419785","23.522890123419785","25.670594570818917","25.670594570818917","25.670594570818917","147.44171322654586","147.44171322654586","147.44171322654586","237.14489568308198","237.14489568308198","237.14489568308198","75.38382616979996","75.38382616979996","75.38382616979996","167.6497761591228","167.6497761591228","167.6497761591228","2.3676582427192954","2.3676582427192954","2.3676582427192954","73.15980405516247","73.15980405516247","73.15980405516247","207.1387132684897","207.1387132684897","207.1387132684897","253.70040641113027","253.70040641113027","253.70040641113027","254.9532533981797","254.9532533981797","254.9532533981797","140.47257121384152","140.47257121384152","140.47257121384152","146.54296298366913","146.54296298366913","146.54296298366913","180.34950782241643","180.34950782241643","180.34950782241643","47.39889303066889","47.39889303066889","47.39889303066889"
"264000","290.8451201774866","290.8451201774866","290.8451201774866","230.88382045768532","230.88382045768532","230.88382045768532","210.64275358264504","210.64275358264504","210.64275358264504","139.3812083878773","139.3812083878773","139.3812083878773","101.27955406387329","101.27955406387329","101.27955406387329","18.670596290564017","18.670596290564017","18.670596290564017","24.227474333070738","24.227474333070738","24.227474333070738","173.75769245078405","173.75769245078405","173.75769245078405","230.483120008826","230.483120008826","230.483120008826","90.86834071384109","90.86834071384109","90.86834071384109","125.41941244549507","125.41941244549507","125.41941244549507","2.582888353494227","2.582888353494227","2.582888353494227","47.988081949223144","47.988081949223144","47.988081949223144","229.71441486070785","229.71441486070785","229.71441486070785","267.90938922099866","267.90938922099866","267.90938922099866","257.2880474957891","257.2880474957891","257.2880474957891","170.17485291342697","170.17485291342697","170.17485291342697","126.9348409194771","126.9348409194771","126.9348409194771","175.9906291608516","175.9906291608516","175.9906291608516","60.38854470938571","60.38854470938571","60.38854470938571"
"268000","292.2395967540036","292.2395967540036","292.2395967540036","216.1046456403861","216.1046456403861","216.1046456403861","160.5277556279379","160.5277556279379","160.5277556279379","140.71254266262355","140.71254266262355","140.71254266262355","20.96991330778635","20.96991330778635","20.96991330778635","23.08188372290147","23.08188372290147","23.08188372290147","24.084269608109274","24.084269608109274","24.084269608109274","173.88088151830198","173.88088151830198","173.88088151830198","210.9274508924886","210.9274508924886","210.9274508924886","102.2044781493088","102.2044781493088","102.2044781493088","164.08758686757443","164.08758686757443","164.08758686757443","3.711350213034419","3.711350213034419","3.711350213034419","48.176071120517676","48.176071120517676","48.176071120517676","204.08946980985834","204.08946980985834","204.08946980985834","255.87824399474476","255.87824399474476","255.87824399474476","259.96305998008853","259.96305998008853","259.96305998008853","190.45148848214166","190.45148848214166","190.45148848214166","142.73784106477336","142.73784106477336","142.73784106477336","150.37851797125143","150.37851797125143","150.37851797125143","63.13023162843815","63.13023162843815","63.13023162843815"
"272000","289.91706325296707","289.91706325296707","289.91706325296707","214.7054438274556","214.7054438274556","214.7054438274556","216.67057878028814","216.67057878028814","216.67057878028814","129.9011378759388","129.9011378759388","129.9011378759388","7.623251424078734","7.623251424078734","7.623251424078734","23.43854103665491","23.43854103665491","23.43854103665491","6.964302621196701","6.964302621196701","6.964302621196701","165.87784694738667","165.87784694738667","165.87784694738667","235.92585169345324","235.92585169345324","235.92585169345324","86.40446444862471","86.40446444862471","86.40446444862471","170.52244532440358","170.52244532440358","170.52244532440358","31.682174858627185","31.682174858627185","31.682174858627185","56.115204808416976","56.115204808416976","56.115204808416976","218.4698049996629","218.4698049996629","218.4698049996629","272.39652820456047","272.39652820456047","272.39652820456047","257.60124216925135","257.60124216925135","257.60124216925135","153.17698452825545","153.17698452825545","153.17698452825545","151.8045048266076","151.8045048266076","151.8045048266076","156.80817611371208","156.80817611371208","156.80817611371208","58.28779766191527","58.28779766191527","58.28779766191527"
"276000","290.7555910998235","290.7555910998235","290.7555910998235","212.98065526278802","212.98065526278802","212.98065526278802","224.7229992214984","224.7229992214984","224.7229992214984","143.91032139283138","143.91032139283138","143.91032139283138","16.422072142229478","16.422072142229478","16.422072142229478","14.662055519112187","14.662055519112187","14.662055519112187","19.753265930297225","19.753265930297225","19.753265930297225","205.12294845775295","205.12294845775295","205.12294845775295","231.47159459469677","231.47159459469677","231.47159459469677","84.29184922156838","84.29184922156838","84.29184922156838","179.24674253359075","179.24674253359075","179.24674253359075","1.7483388049479678","1.7483388049479678","1.7483388049479678","35.16923991583367","35.16923991583367","35.16923991583367","232.07603364744674","232.07603364744674","232.07603364744674","256.8530469718528","256.8530469718528","256.8530469718528","252.51250568611468","252.51250568611468","252.51250568611468","192.40134013584736","192.40134013584736","192.40134013584736","136.66948932782054","136.66948932782054","136.66948932782054","184.2263523068906","184.2263523068906","184.2263523068906","63.481704409717736","63.481704409717736","63.481704409717736"
"280000","288.0654911574402","288.0654911574402","288.0654911574402","220.27406440592117","220.27406440592117","220.27406440592117","238.1054168529369","238.1054168529369","238.1054168529369","146.25439308091836","146.25439308091836","146.25439308091836","6.908703207162046","6.908703207162046","6.908703207162046","15.952751400861654","15.952751400861654","15.952751400861654","47.68831553319053","47.68831553319053","47.68831553319053","177.7767352727069","177.7767352727069","177.7767352727069","247.0239360204526","247.0239360204526","247.0239360204526","86.8441236700746","86.8441236700746","86.8441236700746","120.25626046868724","120.25626046868724","120.25626046868724","1.6439970652626275","1.6439970652626275","1.6439970652626275","40.04772345301059","40.04772345301059","40.04772345301059","205.25365622326188","205.25365622326188","205.25365622326188","262.18379408320675","262.18379408320675","262.18379408320675","248.93722163557186","248.93722163557186","248.93722163557186","177.91739984676062","177.91739984676062","177.91739984676062","141.96472096778527","141.96472096778527","141.96472096778527","194.86404398317987","194.86404398317987","194.86404398317987","63.867785742899954","63.867785742899954","63.867785742899954"
"284000","288.4288150520034","288.4288150520034","288.4288150520034","238.26896162789475","238.26896162789475","238.26896162789475","206.84149220860962","206.84149220860962","206.84149220860962","143.97978211562486","143.97978211562486","143.97978211562486","14.2875760033777","14.2875760033777","14.2875760033777","16.478471563160742","16.478471563160742","16.478471563160742","26.141484501078793","26.141484501078793","26.141484501078793","162.98252104423605","162.98252104423605","162.98252104423605","245.98090908908517","245.98090908908517","245.98090908908517","86.68834271594292","86.68834271594292","86.68834271594292","138.3322601777891","138.3322601777891","138.3322601777891","3.2379535378535964","3.2379535378535964","3.2379535378535964","58.87792753459301","58.87792753459301","58.87792753459301","231.0814255704983","231.0814255704983","231.0814255704983","267.6106681099558","267.6106681099558","267.6106681099558","255.32587529094727","255.32587529094727","255.32587529094727","172.06488578199276","172.06488578199276","172.06488578199276","142.55904182176573","142.55904182176573","142.55904182176573","190.59151994155593","190.59151994155593","190.59151994155593","60.17131296199418","60.17131296199418","60.17131296199418"
"288000","299.7148055094739","299.7148055094739","299.7148055094739","248.90188833135517","248.90188833135517","248.90188833135517","221.68572284537694","221.68572284537694","221.68572284537694","146.96726715352497","146.96726715352497","146.96726715352497","24.32925127345394","24.32925127345394","24.32925127345394","26.960697244929","26.960697244929","26.960697244929","29.877549978514196","29.877549978514196","29.877549978514196","178.18692846905182","178.18692846905182","178.18692846905182","235.78472948524524","235.78472948524524","235.78472948524524","105.0250656317072","105.0250656317072","105.0250656317072","46.29732413474004","46.29732413474004","46.29732413474004","4.556921068476251","4.556921068476251","4.556921068476251","61.7146025494127","61.7146025494127","61.7146025494127","188.26303408954234","188.26303408954234","188.26303408954234","277.18319804172626","277.18319804172626","277.18319804172626","267.6566994247332","267.6566994247332","267.6566994247332","179.83723668947994","179.83723668947994","179.83723668947994","133.86516724655354","133.86516724655354","133.86516724655354","136.58670766762287","136.58670766762287","136.58670766762287","70.58545947477123","70.58545947477123","70.58545947477123"
"292000","295.7261333593345","295.7261333593345","295.7261333593345","235.8948009323095","235.8948009323095","235.8948009323095","222.34538045462986","222.34538045462986","222.34538045462986","149.8043248623223","149.8043248623223","149.8043248623223","6.417526317284262","6.417526317284262","6.417526317284262","25.810875836063666","25.810875836063666","25.810875836063666","72.02595287308039","72.02595287308039","72.02595287308039","204.0330073070879","204.0330073070879","204.0330073070879","247.28376699050918","247.28376699050918","247.28376699050918","133.8845439757014","133.8845439757014","133.8845439757014","115.31267709856886","115.31267709856886","115.31267709856886","10.691655354889974","10.691655354889974","10.691655354889974","54.51197157822287","54.51197157822287","54.51197157822287","214.9284019032663","214.9284019032663","214.9284019032663","275.4251187537351","275.4251187537351","275.4251187537351","248.02426852609793","248.02426852609793","248.02426852609793","196.5098790103892","196.5098790103892","196.5098790103892","140.16581139294982","140.16581139294982","140.16581139294982","168.01500921942926","168.01500921942926","168.01500921942926","59.080098786871154","59.080098786871154","59.080098786871154"
"296000","310.8158400381329","310.8158400381329","310.8158400381329","221.24698222491497","221.24698222491497","221.24698222491497","237.93233715905995","237.93233715905995","237.93233715905995","143.19123967532678","143.19123967532678","143.19123967532678","7.761357214218097","7.761357214218097","7.761357214218097","25.658242892756626","25.658242892756626","25.658242892756626","51.6478781502168","51.6478781502168","51.6478781502168","228.40531095187572","228.40531095187572","228.40531095187572","212.20873114394058","212.20873114394058","212.20873114394058","123.91866560237841","123.91866560237841","123.91866560237841","31.799927620097503","31.799927620097503","31.799927620097503","22.70698738525288","22.70698738525288","22.70698738525288","73.19465367524121","73.19465367524121","73.19465367524121","244.61364010300812","244.61364010300812","244.61364010300812","274.8615727472617","274.8615727472617","274.8615727472617","239.7804647092399","239.7804647092399","239.7804647092399","154.98052718877727","154.98052718877727","154.98052718877727","169.4915429125291","169.4915429125291","169.4915429125291","156.3155064961962","156.3155064961962","156.3155064961962","91.08424012888693","91.08424012888693","91.08424012888693"
"300000","308.15515810754357","308.15515810754357","308.15515810754357","238.7342940609176","238.7342940609176","238.7342940609176","237.44832229956282","237.44832229956282","237.44832229956282","149.82374135831293","149.82374135831293","149.82374135831293","85.05464072518478","85.05464072518478","85.05464072518478","23.74662413869261","23.74662413869261","23.74662413869261","49.129200125927056","49.129200125927056","49.129200125927056","241.24600401859396","241.24600401859396","241.24600401859396","239.8928799789071","239.8928799789071","239.8928799789071","103.79610536417609","103.79610536417609","103.79610536417609","153.82031092611268","153.82031092611268","153.82031092611268","46.97786523611942","46.97786523611942","46.97786523611942","85.70454291257184","85.70454291257184","85.70454291257184","218.9705181468642","218.9705181468642","218.9705181468642","268.4681355560061","268.4681355560061","268.4681355560061","272.96142900493265","272.96142900493265","272.96142900493265","163.0933111744961","163.0933111744961","163.0933111744961","156.0058943626214","156.0058943626214","156.0058943626214","167.09086641516578","167.09086641516578","167.09086641516578","58.580719023636746","58.580719023636746","58.580719023636746"
"304000","301.4773996491789","301.4773996491789","301.4773996491789","243.2302892063664","243.2302892063664","243.2302892063664","269.9683288438615","269.9683288438615","269.9683288438615","139.7212392906964","139.7212392906964","139.7212392906964","97.04258550136811","97.04258550136811","97.04258550136811","25.94483738625791","25.94483738625791","25.94483738625791","23.24120364986891","23.24120364986891","23.24120364986891","219.72528562458334","219.72528562458334","219.72528562458334","240.80286001114996","240.80286001114996","240.80286001114996","153.3331901491477","153.3331901491477","153.3331901491477","156.82390957583803","156.82390957583803","156.82390957583803","57.03791041464025","57.03791041464025","57.03791041464025","75.32679368775752","75.32679368775752","75.32679368775752","218.1982950266172","218.1982950266172","218.1982950266172","280.51097367514274","280.51097367514274","280.51097367514274","215.47009304357417","215.47009304357417","215.47009304357417","141.81028984885143","141.81028984885143","141.81028984885143","163.7779782194831","163.7779782194831","163.7779782194831","186.6191544880369","186.6191544880369","186.6191544880369","49.2915429278392","49.2915429278392","49.2915429278392"
"308000","287.0378447597117","287.0378447597117","287.0378447597117","244.08945893463905","244.08945893463905","244.08945893463905","214.23390372874593","214.23390372874593","214.23390372874593","138.94620212148942","138.94620212148942","138.94620212148942","79.83247585454191","79.83247585454191","79.83247585454191","26.79024246795434","26.79024246795434","26.79024246795434","23.238548443275825","23.238548443275825","23.238548443275825","216.92445957847303","216.92445957847303","216.92445957847303","239.87402785147373","239.87402785147373","239.87402785147373","107.11065169174177","107.11065169174177","107.11065169174177","118.3530766632886","118.3530766632886","118.3530766632886","90.99143098475356","90.99143098475356","90.99143098475356","74.64333335894356","74.64333335894356","74.64333335894356","196.8527081548394","196.8527081548394","196.8527081548394","281.0377386565811","281.0377386565811","281.0377386565811","253.80190805350966","253.80190805350966","253.80190805350966","196.74544084569067","196.74544084569067","196.74544084569067","153.73104475463765","153.73104475463765","153.73104475463765","171.76352434914617","171.76352434914617","171.76352434914617","62.273088804977554","62.273088804977554","62.273088804977554"
"312000","283.89380460761106","283.89380460761106","283.89380460761106","235.0666135929802","235.0666135929802","235.0666135929802","238.3766405098715","238.3766405098715","238.3766405098715","131.6412862318325","131.6412862318325","131.6412862318325","97.56204713393569","97.56204713393569","97.56204713393569","26.164880489021687","26.164880489021687","26.164880489021687","33.60687842020232","33.60687842020232","33.60687842020232","204.9140074017655","204.9140074017655","204.9140074017655","215.9980137654783","215.9980137654783","215.9980137654783","109.13035373230272","109.13035373230272","109.13035373230272","116.74129206310741","116.74129206310741","116.74129206310741","70.08325189238803","70.08325189238803","70.08325189238803","78.6239175016513","78.6239175016513","78.6239175016513","219.63498481411722","219.63498481411722","219.63498481411722","286.444699532661","286.444699532661","286.444699532661","214.54085966409988","214.54085966409988","214.54085966409988","231.04054103579762","231.04054103579762","231.04054103579762","148.57392110845302","148.57392110845302","148.57392110845302","177.6764441104784","177.6764441104784","177.6764441104784","72.01470084335162","72.01470084335162","72.01470084335162"
"316000","265.9663326415218","265.9663326415218","265.9663326415218","256.0677544812369","256.0677544812369","256.0677544812369","230.5239123141102","230.5239123141102","230.5239123141102","130.6967751650066","130.6967751650066","130.6967751650066","34.81529558670652","34.81529558670652","34.81529558670652","26.285142623562034","26.285142623562034","26.285142623562034","24.128925064586845","24.128925064586845","24.128925064586845","159.68580236498315","159.68580236498315","159.68580236498315","237.36728201927198","237.36728201927198","237.36728201927198","109.0819031353204","109.0819031353204","109.0819031353204","212.6912531528284","212.6912531528284","212.6912531528284","97.83957467620135","97.83957467620135","97.83957467620135","79.70110339719005","79.70110339719005","79.70110339719005","251.28140913801332","251.28140913801332","251.28140913801332","272.24980126538793","272.24980126538793","272.24980126538793","211.9855635629997","211.9855635629997","211.9855635629997","187.2300487321508","187.2300487321508","187.2300487321508","159.23234828510326","159.23234828510326","159.23234828510326","186.0558696857678","186.0558696857678","186.0558696857678","88.01266939235708","88.01266939235708","88.01266939235708"
"320000","292.40652238181804","292.40652238181804","292.40652238181804","263.2630803250947","263.2630803250947","263.2630803250947","209.58990485667573","209.58990485667573","209.58990485667573","131.74833689961042","131.74833689961042","131.74833689961042","48.89048411888449","48.89048411888449","48.89048411888449","26.825554508834536","26.825554508834536","26.825554508834536","26.332862418756964","26.332862418756964","26.332862418756964","164.1955153737236","164.1955153737236","164.1955153737236","242.94506798213305","242.94506798213305","242.94506798213305","88.16432656446179","88.16432656446179","88.16432656446179","168.2646435573041","168.2646435573041","168.2646435573041","46.15889914352672","46.15889914352672","46.15889914352672","69.33817333814676","69.33817333814676","69.33817333814676","241.5544495118349","241.5544495118349","241.5544495118349","290.06356871985156","290.06356871985156","290.06356871985156","218.65599131864715","218.65599131864715","218.65599131864715","221.92387587799817","221.92387587799817","221.92387587799817","159.25852439328358","159.25852439328358","159.25852439328358","146.0766204293948","146.0766204293948","146.0766204293948","110.28070252535403","110.28070252535403","110.28070252535403"
"324000","285.6903708470776","285.6903708470776","285.6903708470776","250.88888000132584","250.88888000132584","250.88888000132584","216.70244592530554","216.70244592530554","216.70244592530554","134.35942899341407","134.35942899341407","134.35942899341407","12.43679582565414","12.43679582565414","12.43679582565414","47.639244770589265","47.639244770589265","47.639244770589265","20.364030299465753","20.364030299465753","20.364030299465753","226.0688551457638","226.0688551457638","226.0688551457638","232.33305891682375","232.33305891682375","232.33305891682375","86.18892882476871","86.18892882476871","86.18892882476871","242.7449185058032","242.7449185058032","242.7449185058032","82.33180119679191","82.33180119679191","82.33180119679191","35.38525248781576","35.38525248781576","35.38525248781576","240.9056833985034","240.9056833985034","240.9056833985034","240.02011124146765","240.02011124146765","240.02011124146765","201.9330952220876","201.9330952220876","201.9330952220876","236.36883242585768","236.36883242585768","236.36883242585768","161.50553257481067","161.50553257481067","161.50553257481067","159.58550067740626","159.58550067740626","159.58550067740626","55.052211930046234","55.052211930046234","55.052211930046234"
"328000","271.2833111512915","271.2833111512915","271.2833111512915","250.84661466126627","250.84661466126627","250.84661466126627","264.97605011359263","264.97605011359263","264.97605011359263","134.99517492384226","134.99517492384226","134.99517492384226","32.94624857235003","32.94624857235003","32.94624857235003","57.71723623140607","57.71723623140607","57.71723623140607","28.380525495005116","28.380525495005116","28.380525495005116","205.9409896750439","205.9409896750439","205.9409896750439","238.84376726491192","238.84376726491192","238.84376726491192","96.24127867019608","96.24127867019608","96.24127867019608","245.48347200503923","245.48347200503923","245.48347200503923","75.89638420635018","75.89638420635018","75.89638420635018","22.033240981955093","22.033240981955093","22.033240981955093","238.32794929003666","238.32794929003666","238.32794929003666","268.34731692719754","268.34731692719754","268.34731692719754","215.70004192086967","215.70004192086967","215.70004192086967","231.68386814118927","231.68386814118927","231.68386814118927","175.6350825988069","175.6350825988069","175.6350825988069","194.1232667086346","194.1232667086346","194.1232667086346","80.78890503029842","80.78890503029842","80.78890503029842"
"332000","291.008624415464","291.008624415464","291.008624415464","253.84786781517323","253.84786781517323","253.84786781517323","282.7118248806648","282.7118248806648","282.7118248806648","134.93832978933625","134.93832978933625","134.93832978933625","42.05968395349093","42.05968395349093","42.05968395349093","34.558005616175436","34.558005616175436","34.558005616175436","19.302675211719958","19.302675211719958","19.302675211719958","229.02635206918822","229.02635206918822","229.02635206918822","231.17200492722924","231.17200492722924","231.17200492722924","85.77357885879111","85.77357885879111","85.77357885879111","259.0328447524811","259.0328447524811","259.0328447524811","134.6255873779606","134.6255873779606","134.6255873779606","62.02208901214824","62.02208901214824","62.02208901214824","234.56069339816554","234.56069339816554","234.56069339816554","268.0828718649133","268.0828718649133","268.0828718649133","241.40277984749704","241.40277984749704","241.40277984749704","137.011034757227","137.011034757227","137.011034757227","156.71661326328336","156.71661326328336","156.71661326328336","166.5371840329927","166.5371840329927","166.5371840329927","77.0111693033966","77.0111693033966","77.0111693033966"
"336000","282.67987003313834","282.67987003313834","282.67987003313834","255.44813817159428","255.44813817159428","255.44813817159428","268.8595566511197","268.8595566511197","268.8595566511197","145.26140347774594","145.26140347774594","145.26140347774594","83.83273512059267","83.83273512059267","83.83273512059267","26.70501463340246","26.70501463340246","26.70501463340246","23.579696341020043","23.579696341020043","23.579696341020043","187.96241394792395","187.96241394792395","187.96241394792395","249.3795403237229","249.3795403237229","249.3795403237229","91.68170487228765","91.68170487228765","91.68170487228765","93.12445218298971","93.12445218298971","93.12445218298971","136.94718488486706","136.94718488486706","136.94718488486706","44.35750223809729","44.35750223809729","44.35750223809729","231.40014727675893","231.40014727675893","231.40014727675893","298.7003594236338","298.7003594236338","298.7003594236338","264.07157545535165","264.07157545535165","264.07157545535165","126.12100396492812","126.12100396492812","126.12100396492812","164.0284506677453","164.0284506677453","164.0284506677453","109.34284024703786","109.34284024703786","109.34284024703786","67.81183754964525","67.81183754964525","67.81183754964525"
"340000","292.8375707260058","292.8375707260058","292.8375707260058","241.64937468778606","241.64937468778606","241.64937468778606","264.23130347595367","264.23130347595367","264.23130347595367","147.61128761150425","147.61128761150425","147.61128761150425","97.70198067866572","97.70198067866572","97.70198067866572","27.09372563319564","27.09372563319564","27.09372563319564","14.946795245138919","14.946795245138919","14.946795245138919","238.18539448806655","238.18539448806655","238.18539448806655","228.0197853947202","228.0197853947202","228.0197853947202","102.49630629665212","102.49630629665212","102.49630629665212","169.92271402321182","169.92271402321182","169.92271402321182","48.92634396774925","48.92634396774925","48.92634396774925","106.0684065258115","106.0684065258115","106.0684065258115","230.46262451619435","230.46262451619435","230.46262451619435","284.50157695796497","284.50157695796497","284.50157695796497","264.45178828314613","264.45178828314613","264.45178828314613","126.22574120680767","126.22574120680767","126.22574120680767","167.5055491867261","167.5055491867261","167.5055491867261","106.35816219697315","106.35816219697315","106.35816219697315","56.53002206320193","56.53002206320193","56.53002206320193"
"344000","296.31765022601337","296.31765022601337","296.31765022601337","241.23943160435428","241.23943160435428","241.23943160435428","254.70315224918104","254.70315224918104","254.70315224918104","148.887051657262","148.887051657262","148.887051657262","19.969882623375394","19.969882623375394","19.969882623375394","39.189273646463334","39.189273646463334","39.189273646463334","24.168833787185626","24.168833787185626","24.168833787185626","218.39111338943144","218.39111338943144","218.39111338943144","235.6138761770269","235.6138761770269","235.6138761770269","105.3101759806248","105.3101759806248","105.3101759806248","122.31508159702355","122.31508159702355","122.31508159702355","50.628412731982564","50.628412731982564","50.628412731982564","114.29199348149211","114.29199348149211","114.29199348149211","248.78472093972067","248.78472093972067","248.78472093972067","281.4873137783708","281.4873137783708","281.4873137783708","265.3630642687458","265.3630642687458","265.3630642687458","125.35852537444927","125.35852537444927","125.35852537444927","164.08301250437995","164.08301250437995","164.08301250437995","157.68735569697918","157.68735569697918","157.68735569697918","138.1635497365462","138.1635497365462","138.1635497365462"
"348000","296.87581555716963","296.87581555716963","296.87581555716963","257.3790085067413","257.3790085067413","257.3790085067413","253.17185529019716","253.17185529019716","253.17185529019716","146.4185415941269","146.4185415941269","146.4185415941269","19.754717112683075","19.754717112683075","19.754717112683075","119.85474890431772","119.85474890431772","119.85474890431772","78.99669957152412","78.99669957152412","78.99669957152412","237.52447602747793","237.52447602747793","237.52447602747793","239.93777200531298","239.93777200531298","239.93777200531298","106.5464141332782","106.5464141332782","106.5464141332782","207.78032977600932","207.78032977600932","207.78032977600932","124.88557026168132","124.88557026168132","124.88557026168132","105.13480342046364","105.13480342046364","105.13480342046364","224.88999855362334","224.88999855362334","224.88999855362334","270.3900217823515","270.3900217823515","270.3900217823515","211.01662241460076","211.01662241460076","211.01662241460076","131.3221701517493","131.3221701517493","131.3221701517493","168.80482790150478","168.80482790150478","168.80482790150478","205.78421391945122","205.78421391945122","205.78421391945122","78.08203544299394","78.08203544299394","78.08203544299394"
"352000","305.54768800753357","305.54768800753357","305.54768800753357","240.23413868142143","240.23413868142143","240.23413868142143","253.2605746542751","253.2605746542751","253.2605746542751","148.09114358910284","148.09114358910284","148.09114358910284","15.271437108052435","15.271437108052435","15.271437108052435","93.67286609893628","93.67286609893628","93.67286609893628","23.85302478401464","23.85302478401464","23.85302478401464","236.83051023691746","236.83051023691746","236.83051023691746","240.114788446911","240.114788446911","240.114788446911","92.23461098165174","92.23461098165174","92.23461098165174","139.46063724162545","139.46063724162545","139.46063724162545","76.74835405892588","76.74835405892588","76.74835405892588","99.13294411056484","99.13294411056484","99.13294411056484","238.75470802406144","238.75470802406144","238.75470802406144","286.64242683577294","286.64242683577294","286.64242683577294","259.61529577083536","259.61529577083536","259.61529577083536","124.6010000786562","124.6010000786562","124.6010000786562","180.14766774724245","180.14766774724245","180.14766774724245","197.97533061489077","197.97533061489077","197.97533061489077","104.06723180182527","104.06723180182527","104.06723180182527"
"356000","293.95858266472743","293.95858266472743","293.95858266472743","255.6872004118849","255.6872004118849","255.6872004118849","252.79140336049596","252.79140336049596","252.79140336049596","114.77346501714518","114.77346501714518","114.77346501714518","18.475525162261654","18.475525162261654","18.475525162261654","60.659766368378406","60.659766368378406","60.659766368378406","50.86047668770702","50.86047668770702","50.86047668770702","239.00090648337414","239.00090648337414","239.00090648337414","226.60886546871637","226.60886546871637","226.60886546871637","112.81430759258608","112.81430759258608","112.81430759258608","86.73358229873936","86.73358229873936","86.73358229873936","105.33143605300884","105.33143605300884","105.33143605300884","130.83616429513657","130.83616429513657","130.83616429513657","249.93359484619532","249.93359484619532","249.93359484619532","300.89120257319917","300.89120257319917","300.89120257319917","200.37891024979777","200.37891024979777","200.37891024979777","122.87712442044321","122.87712442044321","122.87712442044321","162.88958982275398","162.88958982275398","162.88958982275398","168.11347997169554","168.11347997169554","168.11347997169554","108.14450378438804","108.14450378438804","108.14450378438804"
"360000","297.56047951915696","297.56047951915696","297.56047951915696","204.18022432608086","204.18022432608086","204.18022432608086","271.1030825018412","271.1030825018412","271.1030825018412","142.36447266323503","142.36447266323503","142.36447266323503","32.55778953737551","32.55778953737551","32.55778953737551","50.65819854537865","50.65819854537865","50.65819854537865","31.238719327810124","31.238719327810124","31.238719327810124","233.6920231761698","233.6920231761698","233.6920231761698","233.39229364435158","233.39229364435158","233.39229364435158","98.18337031370099","98.18337031370099","98.18337031370099","211.3154471764824","211.3154471764824","211.3154471764824","147.71722727871594","147.71722727871594","147.71722727871594","118.47453581255657","118.47453581255657","118.47453581255657","205.79219068345137","205.79219068345137","205.79219068345137","261.72668729220266","261.72668729220266","261.72668729220266","209.31062548987748","209.31062548987748","209.31062548987748","127.51143243699505","127.51143243699505","127.51143243699505","163.1451320992714","163.1451320992714","163.1451320992714","202.46880633821146","202.46880633821146","202.46880633821146","56.36031171666242","56.36031171666242","56.36031171666242"
"364000","292.1784270548758","292.1784270548758","292.1784270548758","239.85786299825585","239.85786299825585","239.85786299825585","265.33750871915174","265.33750871915174","265.33750871915174","149.55362774408596","149.55362774408596","149.55362774408596","6.407262758076638","6.407262758076638","6.407262758076638","57.33975825917596","57.33975825917596","57.33975825917596","14.62794033362321","14.62794033362321","14.62794033362321","228.90494909154359","228.90494909154359","228.90494909154359","242.28202136008358","242.28202136008358","242.28202136008358","138.79149171040703","138.79149171040703","138.79149171040703","164.57704662723722","164.57704662723722","164.57704662723722","128.0242645853843","128.0242645853843","128.0242645853843","133.43139493143858","133.43139493143858","133.43139493143858","198.23647040007117","198.23647040007117","198.23647040007117","292.6061140070605","292.6061140070605","292.6061140070605","276.64346400103375","276.64346400103375","276.64346400103375","146.19799161155808","146.19799161155808","146.19799161155808","173.6011814063141","173.6011814063141","173.6011814063141","200.98169584114044","200.98169584114044","200.98169584114044","50.97544848735113","50.97544848735113","50.97544848735113"
"368000","289.95780062480657","289.95780062480657","289.95780062480657","266.07462345627476","266.07462345627476","266.07462345627476","275.96564635851445","275.96564635851445","275.96564635851445","149.85168648704922","149.85168648704922","149.85168648704922","56.125780394246576","56.125780394246576","56.125780394246576","101.30887448645802","101.30887448645802","101.30887448645802","12.85717944139741","12.85717944139741","12.85717944139741","220.03210839183544","220.03210839183544","220.03210839183544","230.24584026657962","230.24584026657962","230.24584026657962","99.19793140068236","99.19793140068236","99.19793140068236","135.83001691579125","135.83001691579125","135.83001691579125","188.02197282740013","188.02197282740013","188.02197282740013","129.00225376084","129.00225376084","129.00225376084","186.22683524402524","186.22683524402524","186.22683524402524","309.5683710456089","309.5683710456089","309.5683710456089","236.1477496790664","236.1477496790664","236.1477496790664","142.3366631177778","142.3366631177778","142.3366631177778","172.05980013799228","172.05980013799228","172.05980013799228","194.02975999691367","194.02975999691367","194.02975999691367","55.40101632453273","55.40101632453273","55.40101632453273"
"372000","302.11323171880736","302.11323171880736","302.11323171880736","246.91757929476867","246.91757929476867","246.91757929476867","274.8045804061961","274.8045804061961","274.8045804061961","146.7903145392286","146.7903145392286","146.7903145392286","96.53174342105783","96.53174342105783","96.53174342105783","79.2843193235843","79.2843193235843","79.2843193235843","36.98132618784216","36.98132618784216","36.98132618784216","212.93821339225528","212.93821339225528","212.93821339225528","239.1579999645557","239.1579999645557","239.1579999645557","135.6325632572635","135.6325632572635","135.6325632572635","44.50468553309854","44.50468553309854","44.50468553309854","167.58002249544228","167.58002249544228","167.58002249544228","121.58251788991588","121.58251788991588","121.58251788991588","252.7597264125268","252.7597264125268","252.7597264125268","316.2941970782866","316.2941970782866","316.2941970782866","270.4238061324462","270.4238061324462","270.4238061324462","194.34702484031166","194.34702484031166","194.34702484031166","182.2319905755447","182.2319905755447","182.2319905755447","197.6801182344263","197.6801182344263","197.6801182344263","81.92348432512134","81.92348432512134","81.92348432512134"
"376000","298.55493997465805","298.55493997465805","298.55493997465805","266.65072791836576","266.65072791836576","266.65072791836576","265.08942718140986","265.08942718140986","265.08942718140986","148.38713358104727","148.38713358104727","148.38713358104727","71.48807848743682","71.48807848743682","71.48807848743682","67.92550107422588","67.92550107422588","67.92550107422588","30.918691914202462","30.918691914202462","30.918691914202462","232.34737213458303","232.34737213458303","232.34737213458303","231.2352272117019","231.2352272117019","231.2352272117019","146.36962960422233","146.36962960422233","146.36962960422233","134.5551961733229","134.5551961733229","134.5551961733229","140.29024891175195","140.29024891175195","140.29024891175195","95.38001975973197","95.38001975973197","95.38001975973197","201.43477707025676","201.43477707025676","201.43477707025676","321.28740501083496","321.28740501083496","321.28740501083496","246.49036451683241","246.49036451683241","246.49036451683241","232.78545151930217","232.78545151930217","232.78545151930217","157.62481592713343","157.62481592713343","157.62481592713343","194.19004146094568","194.19004146094568","194.19004146094568","24.6344701674599","24.6344701674599","24.6344701674599"
"380000","297.26628428439835","297.26628428439835","297.26628428439835","262.66564004541976","262.66564004541976","262.66564004541976","268.50233645280406","268.50233645280406","268.50233645280406","150.83443397729215","150.83443397729215","150.83443397729215","98.8028415591533","98.8028415591533","98.8028415591533","89.75198239066002","89.75198239066002","89.75198239066002","7.421420167826016","7.421420167826016","7.421420167826016","231.82135997603487","231.82135997603487","231.82135997603487","225.10586085817144","225.10586085817144","225.10586085817144","159.65662659574977","159.65662659574977","159.65662659574977","116.42064391978258","116.42064391978258","116.42064391978258","67.4587546750931","67.4587546750931","67.4587546750931","88.67648930449985","88.67648930449985","88.67648930449985","203.72125560453324","203.72125560453324","203.72125560453324","295.5107097445731","295.5107097445731","295.5107097445731","268.0724861608843","268.0724861608843","268.0724861608843","144.53320063836483","144.53320063836483","144.53320063836483","174.06572109807215","174.06572109807215","174.06572109807215","201.88944300545296","201.88944300545296","201.88944300545296","107.35194651567929","107.35194651567929","107.35194651567929"
"384000","287.05105902555204","287.05105902555204","287.05105902555204","276.61300102731315","276.61300102731315","276.61300102731315","259.3329542709477","259.3329542709477","259.3329542709477","142.72526511633083","142.72526511633083","142.72526511633083","117.21646195766557","117.21646195766557","117.21646195766557","88.30849573345525","88.30849573345525","88.30849573345525","14.052261986582412","14.052261986582412","14.052261986582412","240.28193153934075","240.28193153934075","240.28193153934075","221.64916539741358","221.64916539741358","221.64916539741358","147.61768406883476","147.61768406883476","147.61768406883476","235.45449510736688","235.45449510736688","235.45449510736688","83.36948321797038","83.36948321797038","83.36948321797038","110.16889772598711","110.16889772598711","110.16889772598711","243.66151263667857","243.66151263667857","243.66151263667857","296.97228587673976","296.97228587673976","296.97228587673976","282.4482677641432","282.4482677641432","282.4482677641432","144.31742273356113","144.31742273356113","144.31742273356113","189.00929719061406","189.00929719061406","189.00929719061406","204.9935356300818","204.9935356300818","204.9935356300818","99.31012028313052","99.31012028313052","99.31012028313052"
"388000","292.1409506148911","292.1409506148911","292.1409506148911","262.14755345853945","262.14755345853945","262.14755345853945","262.2042605697221","262.2042605697221","262.2042605697221","139.7823097357422","139.7823097357422","139.7823097357422","27.937179716351494","27.937179716351494","27.937179716351494","86.31800112032093","86.31800112032093","86.31800112032093","31.244938143509607","31.244938143509607","31.244938143509607","207.4238081547027","207.4238081547027","207.4238081547027","237.9157178868799","237.9157178868799","237.9157178868799","138.08780001990968","138.08780001990968","138.08780001990968","205.53779030966044","205.53779030966044","205.53779030966044","113.29988641854297","113.29988641854297","113.29988641854297","117.921335366931","117.921335366931","117.921335366931","242.2828231616351","242.2828231616351","242.2828231616351","281.6714894550395","281.6714894550395","281.6714894550395","257.88871624619367","257.88871624619367","257.88871624619367","143.87272299210053","143.87272299210053","143.87272299210053","174.0666499685732","174.0666499685732","174.0666499685732","201.3133648227029","201.3133648227029","201.3133648227029","91.93215263541572","91.93215263541572","91.93215263541572"
"392000","292.3813400532646","292.3813400532646","292.3813400532646","291.123066726688","291.123066726688","291.123066726688","273.8123379389659","273.8123379389659","273.8123379389659","144.27535107612906","144.27535107612906","144.27535107612906","43.50156520499603","43.50156520499603","43.50156520499603","78.40848069358539","78.40848069358539","78.40848069358539","40.115059438166824","40.115059438166824","40.115059438166824","211.0704694302679","211.0704694302679","211.0704694302679","227.5068849792845","227.5068849792845","227.5068849792845","151.43002618516908","151.43002618516908","151.43002618516908","233.16046584756526","233.16046584756526","233.16046584756526","13.728063876740674","13.728063876740674","13.728063876740674","127.30309112783632","127.30309112783632","127.30309112783632","250.23711786819484","250.23711786819484","250.23711786819484","309.04436403024374","309.04436403024374","309.04436403024374","255.99547710537823","255.99547710537823","255.99547710537823","128.12589749138664","128.12589749138664","128.12589749138664","175.6569349911867","175.6569349911867","175.6569349911867","199.39115506066014","199.39115506066014","199.39115506066014","96.57227252254425","96.57227252254425","96.57227252254425"
"396000","287.5482394890434","287.5482394890434","287.5482394890434","260.1474035924988","260.1474035924988","260.1474035924988","261.7496347127459","261.7496347127459","261.7496347127459","143.4494985103403","143.4494985103403","143.4494985103403","54.17473131926172","54.17473131926172","54.17473131926172","41.55085168905084","41.55085168905084","41.55085168905084","76.82240333564478","76.82240333564478","76.82240333564478","215.34410568917474","215.34410568917474","215.34410568917474","188.752666190355","188.752666190355","188.752666190355","142.17627165591173","142.17627165591173","142.17627165591173","257.283980583565","257.283980583565","257.283980583565","53.3882337929796","53.3882337929796","53.3882337929796","157.9268939668281","157.9268939668281","157.9268939668281","253.41259753047552","253.41259753047552","253.41259753047552","305.33312748818753","305.33312748818753","305.33312748818753","280.21341269363995","280.21341269363995","280.21341269363995","130.28180300313335","130.28180300313335","130.28180300313335","165.82096953707384","165.82096953707384","165.82096953707384","193.30252033932197","193.30252033932197","193.30252033932197","97.40005962139277","97.40005962139277","97.40005962139277"
"400000","288.8667715494274","288.8667715494274","288.8667715494274","239.10376381274554","239.10376381274554","239.10376381274554","263.07736543332544","263.07736543332544","263.07736543332544","147.23840791378626","147.23840791378626","147.23840791378626","60.34656563538522","60.34656563538522","60.34656563538522","84.1113864117823","84.1113864117823","84.1113864117823","67.59050746203681","67.59050746203681","67.59050746203681","230.8470888960589","230.8470888960589","230.8470888960589","213.44851415651533","213.44851415651533","213.44851415651533","156.64288365723476","156.64288365723476","156.64288365723476","198.31269951586916","198.31269951586916","198.31269951586916","87.85840373181907","87.85840373181907","87.85840373181907","157.40468481793408","157.40468481793408","157.40468481793408","252.97786277603072","252.97786277603072","252.97786277603072","308.3018936051027","308.3018936051027","308.3018936051027","231.12724280135672","231.12724280135672","231.12724280135672","132.25949317473015","132.25949317473015","132.25949317473015","200.78411424226192","200.78411424226192","200.78411424226192","190.3935193402455","190.3935193402455","190.3935193402455","88.94610891232634","88.94610891232634","88.94610891232634"