"Step","DDPG_EQL_PointMaze_Medium_Diverse_GRDense-v3_9 - eval/avg_reward","DDPG_EQL_PointMaze_Medium_Diverse_GRDense-v3_9 - eval/avg_reward__MIN","DDPG_EQL_PointMaze_Medium_Diverse_GRDense-v3_9 - eval/avg_reward__MAX","DDPG_EQL_PointMaze_Medium_Diverse_GRDense-v3_8 - eval/avg_reward","DDPG_EQL_PointMaze_Medium_Diverse_GRDense-v3_8 - eval/avg_reward__MIN","DDPG_EQL_PointMaze_Medium_Diverse_GRDense-v3_8 - eval/avg_reward__MAX","DDPG_EQL_PointMaze_Medium_Diverse_GRDense-v3_7 - eval/avg_reward","DDPG_EQL_PointMaze_Medium_Diverse_GRDense-v3_7 - eval/avg_reward__MIN","DDPG_EQL_PointMaze_Medium_Diverse_GRDense-v3_7 - eval/avg_reward__MAX","DDPG_EQL_PointMaze_Medium_Diverse_GRDense-v3_6 - eval/avg_reward","DDPG_EQL_PointMaze_Medium_Diverse_GRDense-v3_6 - eval/avg_reward__MIN","DDPG_EQL_PointMaze_Medium_Diverse_GRDense-v3_6 - eval/avg_reward__MAX","DDPG_EQL_PointMaze_Medium_Diverse_GRDense-v3_5 - eval/avg_reward","DDPG_EQL_PointMaze_Medium_Diverse_GRDense-v3_5 - eval/avg_reward__MIN","DDPG_EQL_PointMaze_Medium_Diverse_GRDense-v3_5 - eval/avg_reward__MAX","DDPG_EQL_PointMaze_Medium_Diverse_GRDense-v3_4 - eval/avg_reward","DDPG_EQL_PointMaze_Medium_Diverse_GRDense-v3_4 - eval/avg_reward__MIN","DDPG_EQL_PointMaze_Medium_Diverse_GRDense-v3_4 - eval/avg_reward__MAX","DDPG_EQL_PointMaze_Medium_Diverse_GRDense-v3_3 - eval/avg_reward","DDPG_EQL_PointMaze_Medium_Diverse_GRDense-v3_3 - eval/avg_reward__MIN","DDPG_EQL_PointMaze_Medium_Diverse_GRDense-v3_3 - eval/avg_reward__MAX","DDPG_EQL_PointMaze_Medium_Diverse_GRDense-v3_2 - eval/avg_reward","DDPG_EQL_PointMaze_Medium_Diverse_GRDense-v3_2 - eval/avg_reward__MIN","DDPG_EQL_PointMaze_Medium_Diverse_GRDense-v3_2 - eval/avg_reward__MAX","DDPG_EQL_PointMaze_Medium_Diverse_GRDense-v3_19 - eval/avg_reward","DDPG_EQL_PointMaze_Medium_Diverse_GRDense-v3_19 - eval/avg_reward__MIN","DDPG_EQL_PointMaze_Medium_Diverse_GRDense-v3_19 - eval/avg_reward__MAX","DDPG_EQL_PointMaze_Medium_Diverse_GRDense-v3_18 - eval/avg_reward","DDPG_EQL_PointMaze_Medium_Diverse_GRDense-v3_18 - eval/avg_reward__MIN","DDPG_EQL_PointMaze_Medium_Diverse_GRDense-v3_18 - eval/avg_reward__MAX","DDPG_EQL_PointMaze_Medium_Diverse_GRDense-v3_17 - eval/avg_reward","DDPG_EQL_PointMaze_Medium_Diverse_GRDense-v3_17 - eval/avg_reward__MIN","DDPG_EQL_PointMaze_Medium_Diverse_GRDense-v3_17 - eval/avg_reward__MAX","DDPG_EQL_PointMaze_Medium_Diverse_GRDense-v3_16 - eval/avg_reward","DDPG_EQL_PointMaze_Medium_Diverse_GRDense-v3_16 - eval/avg_reward__MIN","DDPG_EQL_PointMaze_Medium_Diverse_GRDense-v3_16 - eval/avg_reward__MAX","DDPG_EQL_PointMaze_Medium_Diverse_GRDense-v3_15 - eval/avg_reward","DDPG_EQL_PointMaze_Medium_Diverse_GRDense-v3_15 - eval/avg_reward__MIN","DDPG_EQL_PointMaze_Medium_Diverse_GRDense-v3_15 - eval/avg_reward__MAX","DDPG_EQL_PointMaze_Medium_Diverse_GRDense-v3_14 - eval/avg_reward","DDPG_EQL_PointMaze_Medium_Diverse_GRDense-v3_14 - eval/avg_reward__MIN","DDPG_EQL_PointMaze_Medium_Diverse_GRDense-v3_14 - eval/avg_reward__MAX","DDPG_EQL_PointMaze_Medium_Diverse_GRDense-v3_13 - eval/avg_reward","DDPG_EQL_PointMaze_Medium_Diverse_GRDense-v3_13 - eval/avg_reward__MIN","DDPG_EQL_PointMaze_Medium_Diverse_GRDense-v3_13 - eval/avg_reward__MAX","DDPG_EQL_PointMaze_Medium_Diverse_GRDense-v3_12 - eval/avg_reward","DDPG_EQL_PointMaze_Medium_Diverse_GRDense-v3_12 - eval/avg_reward__MIN","DDPG_EQL_PointMaze_Medium_Diverse_GRDense-v3_12 - eval/avg_reward__MAX","DDPG_EQL_PointMaze_Medium_Diverse_GRDense-v3_11 - eval/avg_reward","DDPG_EQL_PointMaze_Medium_Diverse_GRDense-v3_11 - eval/avg_reward__MIN","DDPG_EQL_PointMaze_Medium_Diverse_GRDense-v3_11 - eval/avg_reward__MAX","DDPG_EQL_PointMaze_Medium_Diverse_GRDense-v3_10 - eval/avg_reward","DDPG_EQL_PointMaze_Medium_Diverse_GRDense-v3_10 - eval/avg_reward__MIN","DDPG_EQL_PointMaze_Medium_Diverse_GRDense-v3_10 - eval/avg_reward__MAX","DDPG_EQL_PointMaze_Medium_Diverse_GRDense-v3_1 - eval/avg_reward","DDPG_EQL_PointMaze_Medium_Diverse_GRDense-v3_1 - eval/avg_reward__MIN","DDPG_EQL_PointMaze_Medium_Diverse_GRDense-v3_1 - eval/avg_reward__MAX","DDPG_EQL_PointMaze_Medium_Diverse_GRDense-v3_0 - eval/avg_reward","DDPG_EQL_PointMaze_Medium_Diverse_GRDense-v3_0 - eval/avg_reward__MIN","DDPG_EQL_PointMaze_Medium_Diverse_GRDense-v3_0 - eval/avg_reward__MAX"
"0","16.80951473146576","16.80951473146576","16.80951473146576","13.788447224985044","13.788447224985044","13.788447224985044","42.299381200309384","42.299381200309384","42.299381200309384","4.53764197294319","4.53764197294319","4.53764197294319","2.7113472675460186","2.7113472675460186","2.7113472675460186","13.96168542746552","13.96168542746552","13.96168542746552","6.525772680379954","6.525772680379954","6.525772680379954","4.723462580267801","4.723462580267801","4.723462580267801","12.649025796756186","12.649025796756186","12.649025796756186","22.142586886258325","22.142586886258325","22.142586886258325","5.618534182130749","5.618534182130749","5.618534182130749","28.935697458099174","28.935697458099174","28.935697458099174","15.015048724020795","15.015048724020795","15.015048724020795","17.18041673084686","17.18041673084686","17.18041673084686","8.42488460452272","8.42488460452272","8.42488460452272","2.693117183700034","2.693117183700034","2.693117183700034","7.876533768625142","7.876533768625142","7.876533768625142","36.27183051738649","36.27183051738649","36.27183051738649","4.327886977974736","4.327886977974736","4.327886977974736","2.95754412605061","2.95754412605061","2.95754412605061"
"4000","4.756231562061187","4.756231562061187","4.756231562061187","61.85518053300656","61.85518053300656","61.85518053300656","16.113923451436754","16.113923451436754","16.113923451436754","14.397718964566087","14.397718964566087","14.397718964566087","7.349212232564438","7.349212232564438","7.349212232564438","14.848810955125206","14.848810955125206","14.848810955125206","19.342903934969787","19.342903934969787","19.342903934969787","31.34726352605339","31.34726352605339","31.34726352605339","54.205517674881186","54.205517674881186","54.205517674881186","6.921735277207629","6.921735277207629","6.921735277207629","4.356709719370192","4.356709719370192","4.356709719370192","7.124575978093811","7.124575978093811","7.124575978093811","5.058638952860216","5.058638952860216","5.058638952860216","59.225488597762705","59.225488597762705","59.225488597762705","8.747357273631248","8.747357273631248","8.747357273631248","85.06211041429563","85.06211041429563","85.06211041429563","4.509114489397423","4.509114489397423","4.509114489397423","5.441940168749439","5.441940168749439","5.441940168749439","3.963318603895","3.963318603895","3.963318603895","3.7815628952705653","3.7815628952705653","3.7815628952705653"
"8000","4.756221910098753","4.756221910098753","4.756221910098753","26.92160824546129","26.92160824546129","26.92160824546129","62.2688486672047","62.2688486672047","62.2688486672047","35.37268435101521","35.37268435101521","35.37268435101521","7.310511965752309","7.310511965752309","7.310511965752309","15.814222614017714","15.814222614017714","15.814222614017714","21.736622231697076","21.736622231697076","21.736622231697076","60.03961163499171","60.03961163499171","60.03961163499171","22.451440293318164","22.451440293318164","22.451440293318164","7.46971932251554","7.46971932251554","7.46971932251554","4.357006046104982","4.357006046104982","4.357006046104982","9.717655639566745","9.717655639566745","9.717655639566745","5.668347474119516","5.668347474119516","5.668347474119516","58.210393218049845","58.210393218049845","58.210393218049845","11.756798296980712","11.756798296980712","11.756798296980712","19.895264237542058","19.895264237542058","19.895264237542058","8.845694601306763","8.845694601306763","8.845694601306763","3.730379765611949","3.730379765611949","3.730379765611949","8.247529839297732","8.247529839297732","8.247529839297732","4.455855883743992","4.455855883743992","4.455855883743992"
"12000","8.11684697473296","8.11684697473296","8.11684697473296","26.810356308078298","26.810356308078298","26.810356308078298","13.990539993840567","13.990539993840567","13.990539993840567","4.1688379656446735","4.1688379656446735","4.1688379656446735","7.71438309844938","7.71438309844938","7.71438309844938","24.434356149862687","24.434356149862687","24.434356149862687","42.29628585532621","42.29628585532621","42.29628585532621","91.5041733904887","91.5041733904887","91.5041733904887","50.044510984332064","50.044510984332064","50.044510984332064","44.955713084281555","44.955713084281555","44.955713084281555","4.3570059570005855","4.3570059570005855","4.3570059570005855","17.741340009965867","17.741340009965867","17.741340009965867","4.634265440049501","4.634265440049501","4.634265440049501","24.43278174666458","24.43278174666458","24.43278174666458","12.369852365944947","12.369852365944947","12.369852365944947","20.772693472272106","20.772693472272106","20.772693472272106","10.144099134883293","10.144099134883293","10.144099134883293","3.740766924026512","3.740766924026512","3.740766924026512","8.723014638622304","8.723014638622304","8.723014638622304","4.520498551371269","4.520498551371269","4.520498551371269"
"16000","7.676525906198433","7.676525906198433","7.676525906198433","24.186160500942155","24.186160500942155","24.186160500942155","9.276287441275246","9.276287441275246","9.276287441275246","60.64843241646984","60.64843241646984","60.64843241646984","20.667621179926908","20.667621179926908","20.667621179926908","42.59733109077335","42.59733109077335","42.59733109077335","38.3946649608011","38.3946649608011","38.3946649608011","26.15102350985672","26.15102350985672","26.15102350985672","137.06398133789338","137.06398133789338","137.06398133789338","11.093345179974765","11.093345179974765","11.093345179974765","4.3837868953424115","4.3837868953424115","4.3837868953424115","9.92467245362197","9.92467245362197","9.92467245362197","31.327214773851416","31.327214773851416","31.327214773851416","8.249898622958671","8.249898622958671","8.249898622958671","38.23189481367357","38.23189481367357","38.23189481367357","33.018115395540526","33.018115395540526","33.018115395540526","26.0463627023098","26.0463627023098","26.0463627023098","3.7344665722213484","3.7344665722213484","3.7344665722213484","9.563260750339897","9.563260750339897","9.563260750339897","31.704376946851614","31.704376946851614","31.704376946851614"
"20000","7.2072626380350755","7.2072626380350755","7.2072626380350755","28.06683836760625","28.06683836760625","28.06683836760625","111.33016460458607","111.33016460458607","111.33016460458607","54.229310535069956","54.229310535069956","54.229310535069956","21.241414254537325","21.241414254537325","21.241414254537325","88.54374730229726","88.54374730229726","88.54374730229726","51.85300193314511","51.85300193314511","51.85300193314511","38.87879663564778","38.87879663564778","38.87879663564778","91.9784102529325","91.9784102529325","91.9784102529325","5.663291977622697","5.663291977622697","5.663291977622697","4.357006043835745","4.357006043835745","4.357006043835745","22.99160928665435","22.99160928665435","22.99160928665435","42.439458727352104","42.439458727352104","42.439458727352104","7.118046720999419","7.118046720999419","7.118046720999419","56.85635801497904","56.85635801497904","56.85635801497904","29.792191528330694","29.792191528330694","29.792191528330694","15.921393800292574","15.921393800292574","15.921393800292574","4.15918461855342","4.15918461855342","4.15918461855342","8.175043344804378","8.175043344804378","8.175043344804378","23.689660823388063","23.689660823388063","23.689660823388063"
"24000","6.989220812915427","6.989220812915427","6.989220812915427","30.6391827527055","30.6391827527055","30.6391827527055","71.77675162106739","71.77675162106739","71.77675162106739","85.88776473353262","85.88776473353262","85.88776473353262","21.23082607204802","21.23082607204802","21.23082607204802","66.40083497185057","66.40083497185057","66.40083497185057","10.227063232058134","10.227063232058134","10.227063232058134","59.137968582064424","59.137968582064424","59.137968582064424","109.99882982553837","109.99882982553837","109.99882982553837","12.653550173098555","12.653550173098555","12.653550173098555","4.357008726077364","4.357008726077364","4.357008726077364","24.897407657699336","24.897407657699336","24.897407657699336","57.55126802785226","57.55126802785226","57.55126802785226","17.269851507371722","17.269851507371722","17.269851507371722","28.72534018029229","28.72534018029229","28.72534018029229","5.05286679289988","5.05286679289988","5.05286679289988","50.31642495035853","50.31642495035853","50.31642495035853","9.952933313042887","9.952933313042887","9.952933313042887","7.296909195528253","7.296909195528253","7.296909195528253","10.07812515175652","10.07812515175652","10.07812515175652"
"28000","6.376480346481154","6.376480346481154","6.376480346481154","18.927437207347843","18.927437207347843","18.927437207347843","144.46186184049193","144.46186184049193","144.46186184049193","42.747662250320175","42.747662250320175","42.747662250320175","20.883712676408543","20.883712676408543","20.883712676408543","15.092888744132717","15.092888744132717","15.092888744132717","61.30914869003472","61.30914869003472","61.30914869003472","40.70287388553509","40.70287388553509","40.70287388553509","28.082673904413912","28.082673904413912","28.082673904413912","12.138861221809528","12.138861221809528","12.138861221809528","4.357007412397852","4.357007412397852","4.357007412397852","29.74733319604905","29.74733319604905","29.74733319604905","40.42564018926787","40.42564018926787","40.42564018926787","17.425676521713687","17.425676521713687","17.425676521713687","22.994317112533928","22.994317112533928","22.994317112533928","3.5684198902606097","3.5684198902606097","3.5684198902606097","46.835528829926126","46.835528829926126","46.835528829926126","13.591301176684116","13.591301176684116","13.591301176684116","5.068532193200317","5.068532193200317","5.068532193200317","138.5582797683377","138.5582797683377","138.5582797683377"
"32000","5.906356795487679","5.906356795487679","5.906356795487679","14.999352582170156","14.999352582170156","14.999352582170156","154.9378832035139","154.9378832035139","154.9378832035139","52.023844760618736","52.023844760618736","52.023844760618736","18.050235890764377","18.050235890764377","18.050235890764377","61.28991478370083","61.28991478370083","61.28991478370083","54.44615314974146","54.44615314974146","54.44615314974146","44.07766964088911","44.07766964088911","44.07766964088911","73.69637560261454","73.69637560261454","73.69637560261454","17.764102337739754","17.764102337739754","17.764102337739754","4.691404583459537","4.691404583459537","4.691404583459537","85.32966724438116","85.32966724438116","85.32966724438116","23.58635110592987","23.58635110592987","23.58635110592987","11.250719192881519","11.250719192881519","11.250719192881519","73.13874823701596","73.13874823701596","73.13874823701596","18.75631877237643","18.75631877237643","18.75631877237643","66.2847885567771","66.2847885567771","66.2847885567771","10.985736307962336","10.985736307962336","10.985736307962336","6.593891600084173","6.593891600084173","6.593891600084173","120.11224629207308","120.11224629207308","120.11224629207308"
"36000","5.8812301520963235","5.8812301520963235","5.8812301520963235","12.47838009021605","12.47838009021605","12.47838009021605","124.88670946053735","124.88670946053735","124.88670946053735","73.16572775225897","73.16572775225897","73.16572775225897","45.509254945577105","45.509254945577105","45.509254945577105","48.23032037286302","48.23032037286302","48.23032037286302","58.30069220162162","58.30069220162162","58.30069220162162","56.848375159968874","56.848375159968874","56.848375159968874","90.60593749793345","90.60593749793345","90.60593749793345","23.59668842854714","23.59668842854714","23.59668842854714","4.691403656339817","4.691403656339817","4.691403656339817","71.77061512292057","71.77061512292057","71.77061512292057","74.78579389451843","74.78579389451843","74.78579389451843","31.31259041709451","31.31259041709451","31.31259041709451","73.72329883564956","73.72329883564956","73.72329883564956","40.29155210250942","40.29155210250942","40.29155210250942","8.899730379942078","8.899730379942078","8.899730379942078","11.677534500899203","11.677534500899203","11.677534500899203","111.62814981121835","111.62814981121835","111.62814981121835","139.61009031984707","139.61009031984707","139.61009031984707"
"40000","5.9360628614824495","5.9360628614824495","5.9360628614824495","18.626243732645616","18.626243732645616","18.626243732645616","118.6787759263678","118.6787759263678","118.6787759263678","63.21891302515307","63.21891302515307","63.21891302515307","99.46887065548023","99.46887065548023","99.46887065548023","31.96032126048982","31.96032126048982","31.96032126048982","64.85101127118745","64.85101127118745","64.85101127118745","50.149518126769166","50.149518126769166","50.149518126769166","92.37027604451976","92.37027604451976","92.37027604451976","23.584120099465423","23.584120099465423","23.584120099465423","4.691387530232854","4.691387530232854","4.691387530232854","74.15550380184341","74.15550380184341","74.15550380184341","40.10078173790901","40.10078173790901","40.10078173790901","68.53824180992585","68.53824180992585","68.53824180992585","77.29501787680223","77.29501787680223","77.29501787680223","48.55554816795582","48.55554816795582","48.55554816795582","8.702146347381934","8.702146347381934","8.702146347381934","13.429963575830195","13.429963575830195","13.429963575830195","118.61861654161217","118.61861654161217","118.61861654161217","60.318364115685014","60.318364115685014","60.318364115685014"
"44000","6.936111943840785","6.936111943840785","6.936111943840785","21.812701841483566","21.812701841483566","21.812701841483566","125.3856920317708","125.3856920317708","125.3856920317708","87.33811389306204","87.33811389306204","87.33811389306204","78.0235984683987","78.0235984683987","78.0235984683987","52.08324955335466","52.08324955335466","52.08324955335466","103.46729788821514","103.46729788821514","103.46729788821514","55.69926639217441","55.69926639217441","55.69926639217441","83.61362458325536","83.61362458325536","83.61362458325536","5.502028347484902","5.502028347484902","5.502028347484902","4.358250369676052","4.358250369676052","4.358250369676052","68.87866820747072","68.87866820747072","68.87866820747072","82.4410350990913","82.4410350990913","82.4410350990913","55.540377228253604","55.540377228253604","55.540377228253604","76.74392516970087","76.74392516970087","76.74392516970087","44.928692160021846","44.928692160021846","44.928692160021846","7.938335264993826","7.938335264993826","7.938335264993826","7.698691449950248","7.698691449950248","7.698691449950248","117.0089392478103","117.0089392478103","117.0089392478103","68.30147715489662","68.30147715489662","68.30147715489662"
"48000","6.975605200549649","6.975605200549649","6.975605200549649","26.84786961577828","26.84786961577828","26.84786961577828","138.98529603079433","138.98529603079433","138.98529603079433","84.22746851948679","84.22746851948679","84.22746851948679","94.8417304872537","94.8417304872537","94.8417304872537","35.20831024512471","35.20831024512471","35.20831024512471","111.8573699118223","111.8573699118223","111.8573699118223","81.3019090816222","81.3019090816222","81.3019090816222","88.40165249444404","88.40165249444404","88.40165249444404","5.881798220659059","5.881798220659059","5.881798220659059","4.466993760194346","4.466993760194346","4.466993760194346","75.01929580811046","75.01929580811046","75.01929580811046","58.58654857437953","58.58654857437953","58.58654857437953","47.89316145416963","47.89316145416963","47.89316145416963","63.59842496179026","63.59842496179026","63.59842496179026","51.4932960082494","51.4932960082494","51.4932960082494","11.877471444690235","11.877471444690235","11.877471444690235","12.424816925709532","12.424816925709532","12.424816925709532","116.90638871796594","116.90638871796594","116.90638871796594","71.13045178036543","71.13045178036543","71.13045178036543"
"52000","7.046732369968993","7.046732369968993","7.046732369968993","35.271919952532585","35.271919952532585","35.271919952532585","146.8884497533173","146.8884497533173","146.8884497533173","105.11890690660542","105.11890690660542","105.11890690660542","65.99463552335244","65.99463552335244","65.99463552335244","54.34694671038879","54.34694671038879","54.34694671038879","80.99967223562358","80.99967223562358","80.99967223562358","107.48016991592253","107.48016991592253","107.48016991592253","90.96410679795088","90.96410679795088","90.96410679795088","48.14300598664507","48.14300598664507","48.14300598664507","4.506257191723366","4.506257191723366","4.506257191723366","74.77439040921283","74.77439040921283","74.77439040921283","42.37793664591295","42.37793664591295","42.37793664591295","67.69060142035303","67.69060142035303","67.69060142035303","58.5890222050333","58.5890222050333","58.5890222050333","66.02630384407641","66.02630384407641","66.02630384407641","14.379911677351412","14.379911677351412","14.379911677351412","12.635741520799845","12.635741520799845","12.635741520799845","47.1324028386314","47.1324028386314","47.1324028386314","67.58829689402496","67.58829689402496","67.58829689402496"
"56000","10.02237013638012","10.02237013638012","10.02237013638012","51.993247834348935","51.993247834348935","51.993247834348935","142.60731087689402","142.60731087689402","142.60731087689402","112.2045305135204","112.2045305135204","112.2045305135204","56.667205498743385","56.667205498743385","56.667205498743385","53.99685222637955","53.99685222637955","53.99685222637955","87.5238380301387","87.5238380301387","87.5238380301387","122.2967851236887","122.2967851236887","122.2967851236887","102.42376672894184","102.42376672894184","102.42376672894184","44.288420751762615","44.288420751762615","44.288420751762615","4.5061127643247545","4.5061127643247545","4.5061127643247545","83.07461624546916","83.07461624546916","83.07461624546916","49.5719268172147","49.5719268172147","49.5719268172147","64.54057000701906","64.54057000701906","64.54057000701906","95.31503271724871","95.31503271724871","95.31503271724871","89.0042007558595","89.0042007558595","89.0042007558595","26.262398808208708","26.262398808208708","26.262398808208708","16.347209210862733","16.347209210862733","16.347209210862733","44.29420177216487","44.29420177216487","44.29420177216487","71.23961683015116","71.23961683015116","71.23961683015116"
"60000","12.621049915926758","12.621049915926758","12.621049915926758","88.18467720901765","88.18467720901765","88.18467720901765","105.37306855961205","105.37306855961205","105.37306855961205","110.34961460362597","110.34961460362597","110.34961460362597","63.17419265008577","63.17419265008577","63.17419265008577","60.87337688092705","60.87337688092705","60.87337688092705","111.49242361430711","111.49242361430711","111.49242361430711","132.72319617743375","132.72319617743375","132.72319617743375","88.50260990482768","88.50260990482768","88.50260990482768","40.81199451794695","40.81199451794695","40.81199451794695","4.50470255197403","4.50470255197403","4.50470255197403","83.93463694776747","83.93463694776747","83.93463694776747","54.9877211344005","54.9877211344005","54.9877211344005","82.16725064265057","82.16725064265057","82.16725064265057","104.56471155348295","104.56471155348295","104.56471155348295","84.11375755813395","84.11375755813395","84.11375755813395","11.827723244032793","11.827723244032793","11.827723244032793","22.216222741152475","22.216222741152475","22.216222741152475","48.115901694352104","48.115901694352104","48.115901694352104","132.87467235588613","132.87467235588613","132.87467235588613"
"64000","16.083125265427615","16.083125265427615","16.083125265427615","98.02544013782057","98.02544013782057","98.02544013782057","108.54254014911871","108.54254014911871","108.54254014911871","80.13594120504266","80.13594120504266","80.13594120504266","63.59122397154242","63.59122397154242","63.59122397154242","56.518147748308294","56.518147748308294","56.518147748308294","104.51691772606284","104.51691772606284","104.51691772606284","109.59467402999235","109.59467402999235","109.59467402999235","110.51080491234407","110.51080491234407","110.51080491234407","56.45776302443038","56.45776302443038","56.45776302443038","4.368422898830348","4.368422898830348","4.368422898830348","69.42889789816593","69.42889789816593","69.42889789816593","79.83267854460674","79.83267854460674","79.83267854460674","98.9067332113679","98.9067332113679","98.9067332113679","94.65199469917073","94.65199469917073","94.65199469917073","90.67112349347458","90.67112349347458","90.67112349347458","12.21468171570174","12.21468171570174","12.21468171570174","34.37896298807033","34.37896298807033","34.37896298807033","54.54388299090199","54.54388299090199","54.54388299090199","133.03669065944962","133.03669065944962","133.03669065944962"
"68000","20.580876436491767","20.580876436491767","20.580876436491767","86.2992526700556","86.2992526700556","86.2992526700556","107.61423593759942","107.61423593759942","107.61423593759942","79.21810387363514","79.21810387363514","79.21810387363514","63.03966557714688","63.03966557714688","63.03966557714688","44.49220049718995","44.49220049718995","44.49220049718995","100.47760868484775","100.47760868484775","100.47760868484775","111.67660065652183","111.67660065652183","111.67660065652183","90.38825884432211","90.38825884432211","90.38825884432211","44.18760759197063","44.18760759197063","44.18760759197063","4.380370423426668","4.380370423426668","4.380370423426668","66.74854102570762","66.74854102570762","66.74854102570762","79.94476648541938","79.94476648541938","79.94476648541938","95.80678101481524","95.80678101481524","95.80678101481524","175.4995168833166","175.4995168833166","175.4995168833166","122.5049409022187","122.5049409022187","122.5049409022187","12.577030741940671","12.577030741940671","12.577030741940671","43.38244935677203","43.38244935677203","43.38244935677203","72.70797033661967","72.70797033661967","72.70797033661967","115.17981957363227","115.17981957363227","115.17981957363227"
"72000","24.79529038449592","24.79529038449592","24.79529038449592","121.05154489832667","121.05154489832667","121.05154489832667","109.45533642986906","109.45533642986906","109.45533642986906","90.37037366711715","90.37037366711715","90.37037366711715","66.21864797203725","66.21864797203725","66.21864797203725","43.90906817610791","43.90906817610791","43.90906817610791","83.10833815664827","83.10833815664827","83.10833815664827","92.31329159807159","92.31329159807159","92.31329159807159","54.96508051787818","54.96508051787818","54.96508051787818","38.3674323069864","38.3674323069864","38.3674323069864","5.338496585453797","5.338496585453797","5.338496585453797","66.27181116321484","66.27181116321484","66.27181116321484","82.38119523620738","82.38119523620738","82.38119523620738","94.4310254363338","94.4310254363338","94.4310254363338","179.6503881069294","179.6503881069294","179.6503881069294","188.38618717094386","188.38618717094386","188.38618717094386","12.390239782129266","12.390239782129266","12.390239782129266","39.084716956047025","39.084716956047025","39.084716956047025","72.77202161403075","72.77202161403075","72.77202161403075","127.89594895889931","127.89594895889931","127.89594895889931"
"76000","25.07145556780158","25.07145556780158","25.07145556780158","104.04517045626339","104.04517045626339","104.04517045626339","111.06252309581569","111.06252309581569","111.06252309581569","85.21075189249673","85.21075189249673","85.21075189249673","52.081909238111166","52.081909238111166","52.081909238111166","44.74848495321161","44.74848495321161","44.74848495321161","74.32150996788909","74.32150996788909","74.32150996788909","91.8663832236828","91.8663832236828","91.8663832236828","66.87889646497817","66.87889646497817","66.87889646497817","54.372883493563414","54.372883493563414","54.372883493563414","5.124623074075915","5.124623074075915","5.124623074075915","70.68472836038241","70.68472836038241","70.68472836038241","83.38366917531091","83.38366917531091","83.38366917531091","79.37127972162878","79.37127972162878","79.37127972162878","154.55017152857874","154.55017152857874","154.55017152857874","129.59323136141876","129.59323136141876","129.59323136141876","12.414256644835636","12.414256644835636","12.414256644835636","36.75525306339834","36.75525306339834","36.75525306339834","78.45608788567864","78.45608788567864","78.45608788567864","137.3324357104822","137.3324357104822","137.3324357104822"
"80000","26.841428436529746","26.841428436529746","26.841428436529746","116.88280216294656","116.88280216294656","116.88280216294656","109.77097178418857","109.77097178418857","109.77097178418857","90.63224045685419","90.63224045685419","90.63224045685419","21.30891841014502","21.30891841014502","21.30891841014502","48.07823673798559","48.07823673798559","48.07823673798559","66.98610840092397","66.98610840092397","66.98610840092397","93.78361150517819","93.78361150517819","93.78361150517819","88.62212368454152","88.62212368454152","88.62212368454152","63.27256173819842","63.27256173819842","63.27256173819842","5.456914354951691","5.456914354951691","5.456914354951691","76.57022736537397","76.57022736537397","76.57022736537397","86.70705043373331","86.70705043373331","86.70705043373331","130.1543933770492","130.1543933770492","130.1543933770492","174.01934740929153","174.01934740929153","174.01934740929153","183.33841476711757","183.33841476711757","183.33841476711757","12.4449330917425","12.4449330917425","12.4449330917425","34.8726390329263","34.8726390329263","34.8726390329263","142.83341973649044","142.83341973649044","142.83341973649044","175.4490186525075","175.4490186525075","175.4490186525075"
"84000","57.03338999291359","57.03338999291359","57.03338999291359","97.19182556983137","97.19182556983137","97.19182556983137","102.2768611838867","102.2768611838867","102.2768611838867","108.77394606728384","108.77394606728384","108.77394606728384","55.01009409672228","55.01009409672228","55.01009409672228","42.5510550940132","42.5510550940132","42.5510550940132","97.08925592086162","97.08925592086162","97.08925592086162","112.746677793211","112.746677793211","112.746677793211","122.49876336622643","122.49876336622643","122.49876336622643","50.4648281761679","50.4648281761679","50.4648281761679","5.415823985396873","5.415823985396873","5.415823985396873","79.48356779791307","79.48356779791307","79.48356779791307","78.32899466770559","78.32899466770559","78.32899466770559","117.69477625050335","117.69477625050335","117.69477625050335","83.52300536596928","83.52300536596928","83.52300536596928","183.7902683517712","183.7902683517712","183.7902683517712","13.588703702279142","13.588703702279142","13.588703702279142","45.6225514752886","45.6225514752886","45.6225514752886","140.3527795500716","140.3527795500716","140.3527795500716","180.37243380507616","180.37243380507616","180.37243380507616"
"88000","114.21364339655501","114.21364339655501","114.21364339655501","89.92714408849581","89.92714408849581","89.92714408849581","110.34776186934478","110.34776186934478","110.34776186934478","125.00238419903349","125.00238419903349","125.00238419903349","72.64560381520255","72.64560381520255","72.64560381520255","44.62247026452995","44.62247026452995","44.62247026452995","92.76507260866804","92.76507260866804","92.76507260866804","131.58811544111902","131.58811544111902","131.58811544111902","175.43615474863654","175.43615474863654","175.43615474863654","48.77589161980211","48.77589161980211","48.77589161980211","5.175521923298219","5.175521923298219","5.175521923298219","58.559472605443474","58.559472605443474","58.559472605443474","92.06209290388749","92.06209290388749","92.06209290388749","105.52333554682582","105.52333554682582","105.52333554682582","108.77866409925396","108.77866409925396","108.77866409925396","182.71416959832828","182.71416959832828","182.71416959832828","28.61154924081115","28.61154924081115","28.61154924081115","17.67632185151283","17.67632185151283","17.67632185151283","141.79240154493647","141.79240154493647","141.79240154493647","181.9687765966391","181.9687765966391","181.9687765966391"
"92000","60.33232810100791","60.33232810100791","60.33232810100791","84.93050810694965","84.93050810694965","84.93050810694965","33.856436949360244","33.856436949360244","33.856436949360244","148.02175947457542","148.02175947457542","148.02175947457542","4.709978693765436","4.709978693765436","4.709978693765436","112.95861269258371","112.95861269258371","112.95861269258371","113.90617496674626","113.90617496674626","113.90617496674626","123.48551652518226","123.48551652518226","123.48551652518226","161.21253942849316","161.21253942849316","161.21253942849316","47.33728355562932","47.33728355562932","47.33728355562932","5.273026105044324","5.273026105044324","5.273026105044324","66.05067581215111","66.05067581215111","66.05067581215111","76.04751988784056","76.04751988784056","76.04751988784056","109.09727436348888","109.09727436348888","109.09727436348888","169.64296782068953","169.64296782068953","169.64296782068953","185.91533625958243","185.91533625958243","185.91533625958243","14.831906232967047","14.831906232967047","14.831906232967047","25.79366234605494","25.79366234605494","25.79366234605494","144.57918657987062","144.57918657987062","144.57918657987062","161.8278583506147","161.8278583506147","161.8278583506147"
"96000","69.44127377118235","69.44127377118235","69.44127377118235","70.40060304138284","70.40060304138284","70.40060304138284","34.696494308227344","34.696494308227344","34.696494308227344","100.41540200511301","100.41540200511301","100.41540200511301","5.916617751796421","5.916617751796421","5.916617751796421","116.50193480245942","116.50193480245942","116.50193480245942","123.21945562486437","123.21945562486437","123.21945562486437","115.45368233212385","115.45368233212385","115.45368233212385","166.7745420316709","166.7745420316709","166.7745420316709","59.04214876922905","59.04214876922905","59.04214876922905","5.150655574019167","5.150655574019167","5.150655574019167","100.17577761150874","100.17577761150874","100.17577761150874","80.35896662869098","80.35896662869098","80.35896662869098","143.24699666591883","143.24699666591883","143.24699666591883","158.43721285238442","158.43721285238442","158.43721285238442","184.8743266217494","184.8743266217494","184.8743266217494","18.01721271787847","18.01721271787847","18.01721271787847","39.89542266607108","39.89542266607108","39.89542266607108","63.38449268127364","63.38449268127364","63.38449268127364","103.57686136651864","103.57686136651864","103.57686136651864"
"100000","66.74980484185026","66.74980484185026","66.74980484185026","53.640054489413686","53.640054489413686","53.640054489413686","34.196602881083074","34.196602881083074","34.196602881083074","104.92625281134117","104.92625281134117","104.92625281134117","6.159497089966285","6.159497089966285","6.159497089966285","145.55286401746838","145.55286401746838","145.55286401746838","118.97231421417067","118.97231421417067","118.97231421417067","115.22158973825154","115.22158973825154","115.22158973825154","111.608573478521","111.608573478521","111.608573478521","62.223344916207715","62.223344916207715","62.223344916207715","5.021914763140459","5.021914763140459","5.021914763140459","96.8728526877084","96.8728526877084","96.8728526877084","81.75164175449387","81.75164175449387","81.75164175449387","95.15185332754976","95.15185332754976","95.15185332754976","157.21792380171428","157.21792380171428","157.21792380171428","185.60851636778565","185.60851636778565","185.60851636778565","17.986844151602305","17.986844151602305","17.986844151602305","46.67185539939225","46.67185539939225","46.67185539939225","147.55030379445148","147.55030379445148","147.55030379445148","166.32533812049783","166.32533812049783","166.32533812049783"
"104000","81.76529033593994","81.76529033593994","81.76529033593994","117.42122110459022","117.42122110459022","117.42122110459022","33.40125150746443","33.40125150746443","33.40125150746443","107.11585862665761","107.11585862665761","107.11585862665761","9.257640352779482","9.257640352779482","9.257640352779482","123.8213960371537","123.8213960371537","123.8213960371537","105.43597140226731","105.43597140226731","105.43597140226731","94.9649069653232","94.9649069653232","94.9649069653232","94.27594090512981","94.27594090512981","94.27594090512981","67.34306365462385","67.34306365462385","67.34306365462385","5.126497714414656","5.126497714414656","5.126497714414656","99.12160593753146","99.12160593753146","99.12160593753146","93.19984691320155","93.19984691320155","93.19984691320155","155.66351555556358","155.66351555556358","155.66351555556358","159.3541072943857","159.3541072943857","159.3541072943857","188.12584986880856","188.12584986880856","188.12584986880856","45.62311476476192","45.62311476476192","45.62311476476192","28.444149098026248","28.444149098026248","28.444149098026248","148.79597735330105","148.79597735330105","148.79597735330105","174.87637346090642","174.87637346090642","174.87637346090642"
"108000","98.86302137106775","98.86302137106775","98.86302137106775","61.21447875957349","61.21447875957349","61.21447875957349","37.54278183487228","37.54278183487228","37.54278183487228","114.18131802133652","114.18131802133652","114.18131802133652","54.4336313213175","54.4336313213175","54.4336313213175","149.25797433764677","149.25797433764677","149.25797433764677","103.81977236874351","103.81977236874351","103.81977236874351","140.40390565200317","140.40390565200317","140.40390565200317","93.57413829328621","93.57413829328621","93.57413829328621","60.29640765861834","60.29640765861834","60.29640765861834","5.297948827660468","5.297948827660468","5.297948827660468","90.97416966729504","90.97416966729504","90.97416966729504","82.97138411307711","82.97138411307711","82.97138411307711","152.40120907957774","152.40120907957774","152.40120907957774","150.06215043228062","150.06215043228062","150.06215043228062","187.16448847240198","187.16448847240198","187.16448847240198","45.072712014390035","45.072712014390035","45.072712014390035","28.781634543560166","28.781634543560166","28.781634543560166","140.7542247843534","140.7542247843534","140.7542247843534","165.07111669116904","165.07111669116904","165.07111669116904"
"112000","88.74682774033313","88.74682774033313","88.74682774033313","104.08072697611655","104.08072697611655","104.08072697611655","70.60992136916327","70.60992136916327","70.60992136916327","93.02857287596953","93.02857287596953","93.02857287596953","5.55319712669213","5.55319712669213","5.55319712669213","181.8467746171471","181.8467746171471","181.8467746171471","88.66809547339588","88.66809547339588","88.66809547339588","159.1083025687379","159.1083025687379","159.1083025687379","88.4237435699105","88.4237435699105","88.4237435699105","41.716020486530404","41.716020486530404","41.716020486530404","5.153394403091906","5.153394403091906","5.153394403091906","89.16318314368739","89.16318314368739","89.16318314368739","89.99368681274686","89.99368681274686","89.99368681274686","108.3621562824374","108.3621562824374","108.3621562824374","156.28110019412208","156.28110019412208","156.28110019412208","188.86997341469427","188.86997341469427","188.86997341469427","41.90225405837649","41.90225405837649","41.90225405837649","28.901344474935787","28.901344474935787","28.901344474935787","143.49168628647476","143.49168628647476","143.49168628647476","180.00308832666582","180.00308832666582","180.00308832666582"
"116000","48.95294164900338","48.95294164900338","48.95294164900338","116.26909458657792","116.26909458657792","116.26909458657792","80.79400793491565","80.79400793491565","80.79400793491565","122.97638947481808","122.97638947481808","122.97638947481808","5.0368658761103955","5.0368658761103955","5.0368658761103955","147.26078459584042","147.26078459584042","147.26078459584042","41.92230441256025","41.92230441256025","41.92230441256025","167.0654450705103","167.0654450705103","167.0654450705103","93.96103520385333","93.96103520385333","93.96103520385333","32.93694348512178","32.93694348512178","32.93694348512178","5.110284568915967","5.110284568915967","5.110284568915967","94.08547668721948","94.08547668721948","94.08547668721948","75.34209354955492","75.34209354955492","75.34209354955492","148.70814916589546","148.70814916589546","148.70814916589546","200.00653176444254","200.00653176444254","200.00653176444254","188.3715903359192","188.3715903359192","188.3715903359192","33.70069777667183","33.70069777667183","33.70069777667183","27.40853479503055","27.40853479503055","27.40853479503055","143.59499320823","143.59499320823","143.59499320823","169.06853376693545","169.06853376693545","169.06853376693545"
"120000","94.69468328256212","94.69468328256212","94.69468328256212","112.68791415402879","112.68791415402879","112.68791415402879","118.21568605315356","118.21568605315356","118.21568605315356","143.37970558791974","143.37970558791974","143.37970558791974","4.336631279607466","4.336631279607466","4.336631279607466","140.90775806097665","140.90775806097665","140.90775806097665","78.47390956222047","78.47390956222047","78.47390956222047","132.99838315996075","132.99838315996075","132.99838315996075","87.06177627319734","87.06177627319734","87.06177627319734","43.09448059749508","43.09448059749508","43.09448059749508","5.412201074182635","5.412201074182635","5.412201074182635","95.40255326129895","95.40255326129895","95.40255326129895","77.19166088079274","77.19166088079274","77.19166088079274","134.31667755622462","134.31667755622462","134.31667755622462","193.45003725815621","193.45003725815621","193.45003725815621","190.66987802717452","190.66987802717452","190.66987802717452","122.76535602169845","122.76535602169845","122.76535602169845","27.982180489340294","27.982180489340294","27.982180489340294","133.16757476919472","133.16757476919472","133.16757476919472","175.41467716684258","175.41467716684258","175.41467716684258"
"124000","89.826385194587","89.826385194587","89.826385194587","114.89552634406667","114.89552634406667","114.89552634406667","119.04065191066366","119.04065191066366","119.04065191066366","141.01005663682756","141.01005663682756","141.01005663682756","22.817163749188218","22.817163749188218","22.817163749188218","134.56212624725342","134.56212624725342","134.56212624725342","90.46276155555532","90.46276155555532","90.46276155555532","128.47917698658233","128.47917698658233","128.47917698658233","91.32602964423656","91.32602964423656","91.32602964423656","48.9971131847376","48.9971131847376","48.9971131847376","5.449810488142544","5.449810488142544","5.449810488142544","95.6631164304408","95.6631164304408","95.6631164304408","75.4057129532687","75.4057129532687","75.4057129532687","98.25714506191875","98.25714506191875","98.25714506191875","192.97311705339473","192.97311705339473","192.97311705339473","190.4701055924492","190.4701055924492","190.4701055924492","116.90143319186318","116.90143319186318","116.90143319186318","34.047292645806216","34.047292645806216","34.047292645806216","132.176588464355","132.176588464355","132.176588464355","192.94557537630862","192.94557537630862","192.94557537630862"
"128000","90.31001233576181","90.31001233576181","90.31001233576181","134.4704449115565","134.4704449115565","134.4704449115565","164.96302052568473","164.96302052568473","164.96302052568473","145.4796656439624","145.4796656439624","145.4796656439624","4.1541111098746955","4.1541111098746955","4.1541111098746955","111.4709510709082","111.4709510709082","111.4709510709082","62.68046965234055","62.68046965234055","62.68046965234055","202.86233240446555","202.86233240446555","202.86233240446555","82.23866201996603","82.23866201996603","82.23866201996603","43.03751845163108","43.03751845163108","43.03751845163108","5.442537752770527","5.442537752770527","5.442537752770527","106.50725732664137","106.50725732664137","106.50725732664137","84.63465233192235","84.63465233192235","84.63465233192235","107.35915468100504","107.35915468100504","107.35915468100504","193.37732922373877","193.37732922373877","193.37732922373877","190.73338325316507","190.73338325316507","190.73338325316507","41.84823096464869","41.84823096464869","41.84823096464869","66.75322867412184","66.75322867412184","66.75322867412184","140.4403686155124","140.4403686155124","140.4403686155124","196.93383588035908","196.93383588035908","196.93383588035908"
"132000","47.09154110722","47.09154110722","47.09154110722","121.2840956644105","121.2840956644105","121.2840956644105","79.79257530255816","79.79257530255816","79.79257530255816","148.33871300763667","148.33871300763667","148.33871300763667","37.898548801409305","37.898548801409305","37.898548801409305","112.27952405849314","112.27952405849314","112.27952405849314","53.22483025482243","53.22483025482243","53.22483025482243","209.07335827213487","209.07335827213487","209.07335827213487","84.39861263738077","84.39861263738077","84.39861263738077","21.771480780487174","21.771480780487174","21.771480780487174","5.439495359714278","5.439495359714278","5.439495359714278","103.58012850509185","103.58012850509185","103.58012850509185","94.83166604130238","94.83166604130238","94.83166604130238","105.2565047941393","105.2565047941393","105.2565047941393","194.86994817014076","194.86994817014076","194.86994817014076","154.15042781455776","154.15042781455776","154.15042781455776","32.365371873913986","32.365371873913986","32.365371873913986","74.58384620082413","74.58384620082413","74.58384620082413","139.7526944844","139.7526944844","139.7526944844","207.85145982070975","207.85145982070975","207.85145982070975"
"136000","55.21606825968204","55.21606825968204","55.21606825968204","119.95397319144459","119.95397319144459","119.95397319144459","95.30576294766085","95.30576294766085","95.30576294766085","144.30645552328525","144.30645552328525","144.30645552328525","41.11700404758245","41.11700404758245","41.11700404758245","91.61430725158485","91.61430725158485","91.61430725158485","58.00451049345137","58.00451049345137","58.00451049345137","197.4053003999114","197.4053003999114","197.4053003999114","83.67970753534712","83.67970753534712","83.67970753534712","19.478675678881075","19.478675678881075","19.478675678881075","4.925330805400885","4.925330805400885","4.925330805400885","88.27611220631056","88.27611220631056","88.27611220631056","70.23742079189408","70.23742079189408","70.23742079189408","97.30367416822511","97.30367416822511","97.30367416822511","203.8133260718222","203.8133260718222","203.8133260718222","191.69428303167345","191.69428303167345","191.69428303167345","32.20679380767825","32.20679380767825","32.20679380767825","75.32136029591337","75.32136029591337","75.32136029591337","138.02473662496442","138.02473662496442","138.02473662496442","205.08022835741036","205.08022835741036","205.08022835741036"
"140000","71.7222873253621","71.7222873253621","71.7222873253621","167.96450774102078","167.96450774102078","167.96450774102078","151.6224285534516","151.6224285534516","151.6224285534516","145.42996432130593","145.42996432130593","145.42996432130593","75.4191887488364","75.4191887488364","75.4191887488364","86.26838140905127","86.26838140905127","86.26838140905127","98.24156122548182","98.24156122548182","98.24156122548182","191.2822039919545","191.2822039919545","191.2822039919545","62.751202032695325","62.751202032695325","62.751202032695325","9.196185424960639","9.196185424960639","9.196185424960639","5.087101406035524","5.087101406035524","5.087101406035524","92.11177560511953","92.11177560511953","92.11177560511953","73.2151585471246","73.2151585471246","73.2151585471246","102.80853085411789","102.80853085411789","102.80853085411789","204.3936005748705","204.3936005748705","204.3936005748705","167.5446497748905","167.5446497748905","167.5446497748905","22.867272189343165","22.867272189343165","22.867272189343165","78.09168240343287","78.09168240343287","78.09168240343287","138.85963003087068","138.85963003087068","138.85963003087068","208.9696169922363","208.9696169922363","208.9696169922363"
"144000","75.59784121763195","75.59784121763195","75.59784121763195","159.68821345496892","159.68821345496892","159.68821345496892","148.93953274481325","148.93953274481325","148.93953274481325","147.1391657131982","147.1391657131982","147.1391657131982","106.20706582394916","106.20706582394916","106.20706582394916","90.3318607365094","90.3318607365094","90.3318607365094","89.01422643436511","89.01422643436511","89.01422643436511","208.15532171274668","208.15532171274668","208.15532171274668","73.69979033268632","73.69979033268632","73.69979033268632","54.06419508666566","54.06419508666566","54.06419508666566","2.833791039131275","2.833791039131275","2.833791039131275","112.00313669516723","112.00313669516723","112.00313669516723","127.05865174425814","127.05865174425814","127.05865174425814","154.944316051295","154.944316051295","154.944316051295","206.95525684120517","206.95525684120517","206.95525684120517","169.90122673791947","169.90122673791947","169.90122673791947","15.862991811166037","15.862991811166037","15.862991811166037","49.40365251124732","49.40365251124732","49.40365251124732","139.13648341965842","139.13648341965842","139.13648341965842","193.0953913663157","193.0953913663157","193.0953913663157"
"148000","75.59682540007366","75.59682540007366","75.59682540007366","172.07672692689192","172.07672692689192","172.07672692689192","163.99576284301","163.99576284301","163.99576284301","143.79048894091724","143.79048894091724","143.79048894091724","41.17670824018125","41.17670824018125","41.17670824018125","70.04574734019357","70.04574734019357","70.04574734019357","80.46669860375366","80.46669860375366","80.46669860375366","195.81647907205965","195.81647907205965","195.81647907205965","56.04325904526079","56.04325904526079","56.04325904526079","23.21937323868516","23.21937323868516","23.21937323868516","2.6299657774578193","2.6299657774578193","2.6299657774578193","96.59397990715783","96.59397990715783","96.59397990715783","101.04991653820298","101.04991653820298","101.04991653820298","157.19131201726847","157.19131201726847","157.19131201726847","207.03650040025227","207.03650040025227","207.03650040025227","153.56051545822964","153.56051545822964","153.56051545822964","34.411100209063065","34.411100209063065","34.411100209063065","87.73721299465956","87.73721299465956","87.73721299465956","142.19640056524162","142.19640056524162","142.19640056524162","165.276783709893","165.276783709893","165.276783709893"
"152000","112.19467452256363","112.19467452256363","112.19467452256363","169.64434654012865","169.64434654012865","169.64434654012865","160.6967278770905","160.6967278770905","160.6967278770905","128.06206517627476","128.06206517627476","128.06206517627476","8.192194314856447","8.192194314856447","8.192194314856447","94.25264669622791","94.25264669622791","94.25264669622791","98.75793356561482","98.75793356561482","98.75793356561482","148.98305208038917","148.98305208038917","148.98305208038917","107.04503725258355","107.04503725258355","107.04503725258355","15.376285713759913","15.376285713759913","15.376285713759913","2.483487199285208","2.483487199285208","2.483487199285208","100.65821775538221","100.65821775538221","100.65821775538221","97.87002947722789","97.87002947722789","97.87002947722789","188.24782978055282","188.24782978055282","188.24782978055282","204.54845483797536","204.54845483797536","204.54845483797536","178.5116744126668","178.5116744126668","178.5116744126668","51.463113317491164","51.463113317491164","51.463113317491164","26.21763758058185","26.21763758058185","26.21763758058185","137.88914155631062","137.88914155631062","137.88914155631062","181.82762725269407","181.82762725269407","181.82762725269407"
"156000","114.38228819314145","114.38228819314145","114.38228819314145","131.72746811104338","131.72746811104338","131.72746811104338","121.15336414079998","121.15336414079998","121.15336414079998","131.01444537991975","131.01444537991975","131.01444537991975","4.0028945996548115","4.0028945996548115","4.0028945996548115","73.75094176181088","73.75094176181088","73.75094176181088","89.93253742523554","89.93253742523554","89.93253742523554","188.07697122438535","188.07697122438535","188.07697122438535","113.93306512649565","113.93306512649565","113.93306512649565","42.498083886582464","42.498083886582464","42.498083886582464","2.8828643692167937","2.8828643692167937","2.8828643692167937","98.95924212934219","98.95924212934219","98.95924212934219","118.6885841600591","118.6885841600591","118.6885841600591","136.8456947634681","136.8456947634681","136.8456947634681","197.12302050457373","197.12302050457373","197.12302050457373","68.43095220576652","68.43095220576652","68.43095220576652","114.05663982292488","114.05663982292488","114.05663982292488","26.400913837753752","26.400913837753752","26.400913837753752","143.5851411712939","143.5851411712939","143.5851411712939","194.72795552297265","194.72795552297265","194.72795552297265"
"160000","122.68320652339716","122.68320652339716","122.68320652339716","120.96797525237605","120.96797525237605","120.96797525237605","126.95540585803678","126.95540585803678","126.95540585803678","130.5740558310737","130.5740558310737","130.5740558310737","4.269140523021489","4.269140523021489","4.269140523021489","76.97052433505208","76.97052433505208","76.97052433505208","77.56265129585144","77.56265129585144","77.56265129585144","202.18032104125228","202.18032104125228","202.18032104125228","118.91094685984267","118.91094685984267","118.91094685984267","77.87416073339475","77.87416073339475","77.87416073339475","1.3973465446546822","1.3973465446546822","1.3973465446546822","120.02474527232084","120.02474527232084","120.02474527232084","116.46338933592799","116.46338933592799","116.46338933592799","123.05276582639647","123.05276582639647","123.05276582639647","214.29542853612764","214.29542853612764","214.29542853612764","94.59603107765665","94.59603107765665","94.59603107765665","72.88541078568076","72.88541078568076","72.88541078568076","46.02468149194967","46.02468149194967","46.02468149194967","123.40731396339443","123.40731396339443","123.40731396339443","169.29155875883967","169.29155875883967","169.29155875883967"
"164000","122.51809020408218","122.51809020408218","122.51809020408218","187.35961137707608","187.35961137707608","187.35961137707608","129.96861604559166","129.96861604559166","129.96861604559166","127.62596439647382","127.62596439647382","127.62596439647382","14.323377439080602","14.323377439080602","14.323377439080602","89.47286683218312","89.47286683218312","89.47286683218312","115.6203952738967","115.6203952738967","115.6203952738967","197.37944183186102","197.37944183186102","197.37944183186102","152.69091509226604","152.69091509226604","152.69091509226604","66.87908704543597","66.87908704543597","66.87908704543597","1.3621771946305417","1.3621771946305417","1.3621771946305417","122.28385126515715","122.28385126515715","122.28385126515715","114.83995734659693","114.83995734659693","114.83995734659693","103.51955974428806","103.51955974428806","103.51955974428806","204.6325952851923","204.6325952851923","204.6325952851923","111.13420056714081","111.13420056714081","111.13420056714081","29.481176134484436","29.481176134484436","29.481176134484436","7.79050997604713","7.79050997604713","7.79050997604713","150.58465121192845","150.58465121192845","150.58465121192845","149.91771622915078","149.91771622915078","149.91771622915078"
"168000","208.8703951066098","208.8703951066098","208.8703951066098","159.8421247422697","159.8421247422697","159.8421247422697","172.58989933243666","172.58989933243666","172.58989933243666","140.32557474963423","140.32557474963423","140.32557474963423","4.576970184969803","4.576970184969803","4.576970184969803","87.13856072906519","87.13856072906519","87.13856072906519","105.72006432967457","105.72006432967457","105.72006432967457","210.39440157487297","210.39440157487297","210.39440157487297","148.2063877022892","148.2063877022892","148.2063877022892","68.42835258463472","68.42835258463472","68.42835258463472","0.9883388978839973","0.9883388978839973","0.9883388978839973","118.99064260954633","118.99064260954633","118.99064260954633","102.00928666554849","102.00928666554849","102.00928666554849","58.061300818371556","58.061300818371556","58.061300818371556","200.49218711571544","200.49218711571544","200.49218711571544","68.40518102138314","68.40518102138314","68.40518102138314","29.515418438748988","29.515418438748988","29.515418438748988","23.770952249414258","23.770952249414258","23.770952249414258","144.87810242218015","144.87810242218015","144.87810242218015","154.19738444683875","154.19738444683875","154.19738444683875"
"172000","180.26591837216512","180.26591837216512","180.26591837216512","202.0309050172965","202.0309050172965","202.0309050172965","157.46716441955192","157.46716441955192","157.46716441955192","133.27625165091195","133.27625165091195","133.27625165091195","7.804340220867308","7.804340220867308","7.804340220867308","91.19716058436859","91.19716058436859","91.19716058436859","77.52169761886381","77.52169761886381","77.52169761886381","196.28676398174238","196.28676398174238","196.28676398174238","152.47582185643046","152.47582185643046","152.47582185643046","64.05807083369228","64.05807083369228","64.05807083369228","1.1685524481921647","1.1685524481921647","1.1685524481921647","136.11780326929915","136.11780326929915","136.11780326929915","99.3603024835136","99.3603024835136","99.3603024835136","68.32630030482679","68.32630030482679","68.32630030482679","213.013837676708","213.013837676708","213.013837676708","69.59912256253219","69.59912256253219","69.59912256253219","42.14493556657607","42.14493556657607","42.14493556657607","37.877334271473835","37.877334271473835","37.877334271473835","145.54570566592116","145.54570566592116","145.54570566592116","158.99608969156006","158.99608969156006","158.99608969156006"
"176000","114.7235630118773","114.7235630118773","114.7235630118773","206.30249633876915","206.30249633876915","206.30249633876915","167.11326422832536","167.11326422832536","167.11326422832536","142.261855662258","142.261855662258","142.261855662258","8.465570172764313","8.465570172764313","8.465570172764313","97.97485160143898","97.97485160143898","97.97485160143898","113.46050242381914","113.46050242381914","113.46050242381914","205.98209323231862","205.98209323231862","205.98209323231862","124.85009014387279","124.85009014387279","124.85009014387279","65.98988664423078","65.98988664423078","65.98988664423078","1.2076417265174686","1.2076417265174686","1.2076417265174686","115.90247539789698","115.90247539789698","115.90247539789698","99.2133576320871","99.2133576320871","99.2133576320871","66.78553967567699","66.78553967567699","66.78553967567699","199.87894372461045","199.87894372461045","199.87894372461045","70.9134372876154","70.9134372876154","70.9134372876154","12.67114221381808","12.67114221381808","12.67114221381808","15.894721225231141","15.894721225231141","15.894721225231141","140.45254019701815","140.45254019701815","140.45254019701815","176.55571672895024","176.55571672895024","176.55571672895024"
"180000","198.16505719196857","198.16505719196857","198.16505719196857","186.44081646776965","186.44081646776965","186.44081646776965","175.12685464230748","175.12685464230748","175.12685464230748","145.1712837231027","145.1712837231027","145.1712837231027","6.314024352907544","6.314024352907544","6.314024352907544","97.42319663849933","97.42319663849933","97.42319663849933","116.01353575492662","116.01353575492662","116.01353575492662","203.63806062982525","203.63806062982525","203.63806062982525","129.42382409525598","129.42382409525598","129.42382409525598","4.547754660116883","4.547754660116883","4.547754660116883","3.2179942982213374","3.2179942982213374","3.2179942982213374","116.80404454885277","116.80404454885277","116.80404454885277","95.99184846438149","95.99184846438149","95.99184846438149","57.53656051812878","57.53656051812878","57.53656051812878","206.32957990513242","206.32957990513242","206.32957990513242","72.72326323013056","72.72326323013056","72.72326323013056","100.56687256868634","100.56687256868634","100.56687256868634","73.64768424984734","73.64768424984734","73.64768424984734","143.12042380114184","143.12042380114184","143.12042380114184","166.73004020794397","166.73004020794397","166.73004020794397"
"184000","125.40055837998258","125.40055837998258","125.40055837998258","172.40204343772916","172.40204343772916","172.40204343772916","152.27754392440335","152.27754392440335","152.27754392440335","146.59064805268252","146.59064805268252","146.59064805268252","8.938682895586082","8.938682895586082","8.938682895586082","117.33081146230957","117.33081146230957","117.33081146230957","99.69192437722661","99.69192437722661","99.69192437722661","211.18304642264917","211.18304642264917","211.18304642264917","128.4116041928615","128.4116041928615","128.4116041928615","4.5778771128571965","4.5778771128571965","4.5778771128571965","2.826326719124604","2.826326719124604","2.826326719124604","113.66905229606525","113.66905229606525","113.66905229606525","96.85446556984401","96.85446556984401","96.85446556984401","75.7123531273193","75.7123531273193","75.7123531273193","202.1984499346384","202.1984499346384","202.1984499346384","180.26275149850125","180.26275149850125","180.26275149850125","196.64220453858553","196.64220453858553","196.64220453858553","42.81390491330863","42.81390491330863","42.81390491330863","146.225331056453","146.225331056453","146.225331056453","185.42307225460098","185.42307225460098","185.42307225460098"
"188000","125.50464651326108","125.50464651326108","125.50464651326108","237.17583168608712","237.17583168608712","237.17583168608712","163.36663842102658","163.36663842102658","163.36663842102658","99.84397287840918","99.84397287840918","99.84397287840918","7.205466408030044","7.205466408030044","7.205466408030044","115.70638019039056","115.70638019039056","115.70638019039056","123.61481576012966","123.61481576012966","123.61481576012966","234.72495904766424","234.72495904766424","234.72495904766424","115.97663447320626","115.97663447320626","115.97663447320626","13.033539107537385","13.033539107537385","13.033539107537385","2.854822133022819","2.854822133022819","2.854822133022819","111.77240632719877","111.77240632719877","111.77240632719877","95.46065892334873","95.46065892334873","95.46065892334873","86.28936870915244","86.28936870915244","86.28936870915244","207.18030411564428","207.18030411564428","207.18030411564428","141.76783524784483","141.76783524784483","141.76783524784483","144.32791234253472","144.32791234253472","144.32791234253472","17.719108653737155","17.719108653737155","17.719108653737155","147.39048412470365","147.39048412470365","147.39048412470365","196.16451297605423","196.16451297605423","196.16451297605423"
"192000","127.3662037021563","127.3662037021563","127.3662037021563","208.45686534005432","208.45686534005432","208.45686534005432","153.5606664149205","153.5606664149205","153.5606664149205","140.609740320144","140.609740320144","140.609740320144","36.42384553450023","36.42384553450023","36.42384553450023","118.09705641386672","118.09705641386672","118.09705641386672","151.30734631326501","151.30734631326501","151.30734631326501","243.9762847495612","243.9762847495612","243.9762847495612","132.1689968274183","132.1689968274183","132.1689968274183","66.41471444366447","66.41471444366447","66.41471444366447","2.794746441769504","2.794746441769504","2.794746441769504","105.82853994522343","105.82853994522343","105.82853994522343","95.89464724639492","95.89464724639492","95.89464724639492","71.35221085349832","71.35221085349832","71.35221085349832","205.0638796584767","205.0638796584767","205.0638796584767","173.03838836743648","173.03838836743648","173.03838836743648","203.81442701827615","203.81442701827615","203.81442701827615","26.327343597742733","26.327343597742733","26.327343597742733","151.34804131936224","151.34804131936224","151.34804131936224","206.90241677138766","206.90241677138766","206.90241677138766"
"196000","76.40467198580666","76.40467198580666","76.40467198580666","189.35073889411464","189.35073889411464","189.35073889411464","140.6422460971923","140.6422460971923","140.6422460971923","142.59198404103228","142.59198404103228","142.59198404103228","41.73978218831294","41.73978218831294","41.73978218831294","104.39017501385638","104.39017501385638","104.39017501385638","159.88147384243211","159.88147384243211","159.88147384243211","229.19974676209227","229.19974676209227","229.19974676209227","113.13542268433814","113.13542268433814","113.13542268433814","21.809113799076894","21.809113799076894","21.809113799076894","3.026247366095924","3.026247366095924","3.026247366095924","113.56545392173643","113.56545392173643","113.56545392173643","107.77045095403162","107.77045095403162","107.77045095403162","70.28869931200182","70.28869931200182","70.28869931200182","218.55521076028475","218.55521076028475","218.55521076028475","218.75056670677833","218.75056670677833","218.75056670677833","156.00057657266035","156.00057657266035","156.00057657266035","32.76820641131975","32.76820641131975","32.76820641131975","149.81387260572782","149.81387260572782","149.81387260572782","195.66934330701105","195.66934330701105","195.66934330701105"
"200000","119.80590082360129","119.80590082360129","119.80590082360129","191.22921358232927","191.22921358232927","191.22921358232927","135.70936664672246","135.70936664672246","135.70936664672246","141.67554221502468","141.67554221502468","141.67554221502468","35.32283672031992","35.32283672031992","35.32283672031992","105.5897583039471","105.5897583039471","105.5897583039471","171.48347478555428","171.48347478555428","171.48347478555428","231.57276493617505","231.57276493617505","231.57276493617505","114.65670481546138","114.65670481546138","114.65670481546138","66.11271316713501","66.11271316713501","66.11271316713501","3.108540033378109","3.108540033378109","3.108540033378109","100.10073225895016","100.10073225895016","100.10073225895016","108.395737876257","108.395737876257","108.395737876257","88.03920929516592","88.03920929516592","88.03920929516592","234.5574295944229","234.5574295944229","234.5574295944229","243.12742962031393","243.12742962031393","243.12742962031393","129.19518261748652","129.19518261748652","129.19518261748652","25.954334847748886","25.954334847748886","25.954334847748886","133.94122729096034","133.94122729096034","133.94122729096034","183.252186783673","183.252186783673","183.252186783673"
"204000","156.89948543272118","156.89948543272118","156.89948543272118","215.3307952641835","215.3307952641835","215.3307952641835","123.05657565728829","123.05657565728829","123.05657565728829","145.37414944687384","145.37414944687384","145.37414944687384","21.330051640782717","21.330051640782717","21.330051640782717","130.16318642802986","130.16318642802986","130.16318642802986","159.95698005269657","159.95698005269657","159.95698005269657","242.1309195410086","242.1309195410086","242.1309195410086","114.46873387798875","114.46873387798875","114.46873387798875","63.77270376000705","63.77270376000705","63.77270376000705","3.7481229755402077","3.7481229755402077","3.7481229755402077","109.91073634591778","109.91073634591778","109.91073634591778","133.07227556933222","133.07227556933222","133.07227556933222","79.6914381057926","79.6914381057926","79.6914381057926","219.28917299772803","219.28917299772803","219.28917299772803","244.11970499881917","244.11970499881917","244.11970499881917","142.62033936792307","142.62033936792307","142.62033936792307","6.794553297088536","6.794553297088536","6.794553297088536","146.8368786002925","146.8368786002925","146.8368786002925","183.559948137871","183.559948137871","183.559948137871"
"208000","210.57190424701133","210.57190424701133","210.57190424701133","226.61240021457252","226.61240021457252","226.61240021457252","145.87098002149907","145.87098002149907","145.87098002149907","140.6482023363986","140.6482023363986","140.6482023363986","19.478040994870504","19.478040994870504","19.478040994870504","156.95350943795492","156.95350943795492","156.95350943795492","118.37390536751832","118.37390536751832","118.37390536751832","242.5940731768138","242.5940731768138","242.5940731768138","154.31982420226092","154.31982420226092","154.31982420226092","66.01496741516209","66.01496741516209","66.01496741516209","4.287346282877646","4.287346282877646","4.287346282877646","110.26791807407787","110.26791807407787","110.26791807407787","133.02497551442318","133.02497551442318","133.02497551442318","111.57487346891199","111.57487346891199","111.57487346891199","220.29948070796203","220.29948070796203","220.29948070796203","243.5446932646766","243.5446932646766","243.5446932646766","142.3098266937686","142.3098266937686","142.3098266937686","8.187732675307235","8.187732675307235","8.187732675307235","173.08862852082598","173.08862852082598","173.08862852082598","187.64047407496068","187.64047407496068","187.64047407496068"
"212000","203.37227882521066","203.37227882521066","203.37227882521066","217.41845134615738","217.41845134615738","217.41845134615738","171.53706790263396","171.53706790263396","171.53706790263396","131.06203492101537","131.06203492101537","131.06203492101537","16.572787283378833","16.572787283378833","16.572787283378833","155.30770985420727","155.30770985420727","155.30770985420727","136.2100190330911","136.2100190330911","136.2100190330911","259.26667026273356","259.26667026273356","259.26667026273356","141.5021023188168","141.5021023188168","141.5021023188168","47.1364259933511","47.1364259933511","47.1364259933511","3.2855814470448585","3.2855814470448585","3.2855814470448585","114.59137419389114","114.59137419389114","114.59137419389114","132.0552007351376","132.0552007351376","132.0552007351376","121.57678812494134","121.57678812494134","121.57678812494134","208.74226129747677","208.74226129747677","208.74226129747677","217.5490109957487","217.5490109957487","217.5490109957487","165.99840865561518","165.99840865561518","165.99840865561518","12.358297826793521","12.358297826793521","12.358297826793521","174.45272260754322","174.45272260754322","174.45272260754322","174.27657202236242","174.27657202236242","174.27657202236242"
"216000","194.83856195860972","194.83856195860972","194.83856195860972","215.17550059413506","215.17550059413506","215.17550059413506","90.09768243491024","90.09768243491024","90.09768243491024","138.49213849710918","138.49213849710918","138.49213849710918","97.74335611779027","97.74335611779027","97.74335611779027","153.49987327400564","153.49987327400564","153.49987327400564","181.30300294651343","181.30300294651343","181.30300294651343","240.86558667597487","240.86558667597487","240.86558667597487","123.43458600140718","123.43458600140718","123.43458600140718","55.576310858465874","55.576310858465874","55.576310858465874","3.002967911053488","3.002967911053488","3.002967911053488","96.97105501925655","96.97105501925655","96.97105501925655","135.26416127226804","135.26416127226804","135.26416127226804","135.3598975507951","135.3598975507951","135.3598975507951","220.4782398596799","220.4782398596799","220.4782398596799","222.45380623127963","222.45380623127963","222.45380623127963","163.55629559834017","163.55629559834017","163.55629559834017","41.69211324794969","41.69211324794969","41.69211324794969","99.61559243302187","99.61559243302187","99.61559243302187","154.05608283355528","154.05608283355528","154.05608283355528"
"220000","178.6902349056483","178.6902349056483","178.6902349056483","227.3666379201351","227.3666379201351","227.3666379201351","105.69077765782711","105.69077765782711","105.69077765782711","134.64774069241895","134.64774069241895","134.64774069241895","25.934709109219547","25.934709109219547","25.934709109219547","192.55652742441444","192.55652742441444","192.55652742441444","127.22742560865227","127.22742560865227","127.22742560865227","247.649575344818","247.649575344818","247.649575344818","161.49641469265583","161.49641469265583","161.49641469265583","45.39831802869109","45.39831802869109","45.39831802869109","2.7763842957326252","2.7763842957326252","2.7763842957326252","111.14999241046887","111.14999241046887","111.14999241046887","136.6438939977841","136.6438939977841","136.6438939977841","139.9501857921977","139.9501857921977","139.9501857921977","237.44188073343852","237.44188073343852","237.44188073343852","244.66758864569397","244.66758864569397","244.66758864569397","147.87761856253354","147.87761856253354","147.87761856253354","73.72297066895885","73.72297066895885","73.72297066895885","174.98929889731258","174.98929889731258","174.98929889731258","183.42090701769934","183.42090701769934","183.42090701769934"
"224000","139.5700434821305","139.5700434821305","139.5700434821305","231.20876558244544","231.20876558244544","231.20876558244544","102.15813941193142","102.15813941193142","102.15813941193142","148.81791085039407","148.81791085039407","148.81791085039407","62.26120671335485","62.26120671335485","62.26120671335485","240.00348964385557","240.00348964385557","240.00348964385557","127.0167139819411","127.0167139819411","127.0167139819411","231.03605373965766","231.03605373965766","231.03605373965766","115.76688899586266","115.76688899586266","115.76688899586266","59.516803274969654","59.516803274969654","59.516803274969654","2.7394253386594247","2.7394253386594247","2.7394253386594247","107.51210283552818","107.51210283552818","107.51210283552818","149.5338876635269","149.5338876635269","149.5338876635269","131.8117614174383","131.8117614174383","131.8117614174383","214.4378530053575","214.4378530053575","214.4378530053575","219.42045788207488","219.42045788207488","219.42045788207488","136.22820025960513","136.22820025960513","136.22820025960513","65.5955753942971","65.5955753942971","65.5955753942971","167.38758310176848","167.38758310176848","167.38758310176848","195.70643265822943","195.70643265822943","195.70643265822943"
"228000","194.41845354444848","194.41845354444848","194.41845354444848","219.49963969873806","219.49963969873806","219.49963969873806","123.4542819434489","123.4542819434489","123.4542819434489","148.70477175026008","148.70477175026008","148.70477175026008","107.90194814173165","107.90194814173165","107.90194814173165","238.3769384127858","238.3769384127858","238.3769384127858","123.63775104365388","123.63775104365388","123.63775104365388","235.05920537689926","235.05920537689926","235.05920537689926","128.56986650610253","128.56986650610253","128.56986650610253","43.542255668059305","43.542255668059305","43.542255668059305","4.3773147546458695","4.3773147546458695","4.3773147546458695","122.50325148008042","122.50325148008042","122.50325148008042","137.64479490321202","137.64479490321202","137.64479490321202","123.21700232180324","123.21700232180324","123.21700232180324","223.70308284644966","223.70308284644966","223.70308284644966","232.6796254255931","232.6796254255931","232.6796254255931","148.9401121739062","148.9401121739062","148.9401121739062","69.24144638356299","69.24144638356299","69.24144638356299","143.42401669439917","143.42401669439917","143.42401669439917","192.26046126596717","192.26046126596717","192.26046126596717"
"232000","189.8873261487366","189.8873261487366","189.8873261487366","202.47599145996014","202.47599145996014","202.47599145996014","84.56451073434846","84.56451073434846","84.56451073434846","122.46969119521081","122.46969119521081","122.46969119521081","172.59166911557514","172.59166911557514","172.59166911557514","153.13162024570417","153.13162024570417","153.13162024570417","129.67667634410458","129.67667634410458","129.67667634410458","233.37867238536577","233.37867238536577","233.37867238536577","118.24588554481474","118.24588554481474","118.24588554481474","45.77689890997192","45.77689890997192","45.77689890997192","5.090104840092263","5.090104840092263","5.090104840092263","124.94162717659553","124.94162717659553","124.94162717659553","137.3040272882496","137.3040272882496","137.3040272882496","136.3863013881287","136.3863013881287","136.3863013881287","223.3190934191451","223.3190934191451","223.3190934191451","243.28553129109656","243.28553129109656","243.28553129109656","189.76006031129594","189.76006031129594","189.76006031129594","90.71318318547121","90.71318318547121","90.71318318547121","133.90495234551776","133.90495234551776","133.90495234551776","195.36701946828566","195.36701946828566","195.36701946828566"
"236000","121.75255810993585","121.75255810993585","121.75255810993585","209.49347167921283","209.49347167921283","209.49347167921283","195.05091355661713","195.05091355661713","195.05091355661713","116.48235350909388","116.48235350909388","116.48235350909388","128.60322269576622","128.60322269576622","128.60322269576622","148.72360837791888","148.72360837791888","148.72360837791888","121.96521153716044","121.96521153716044","121.96521153716044","222.15080935061965","222.15080935061965","222.15080935061965","134.0363492892412","134.0363492892412","134.0363492892412","72.03407603611352","72.03407603611352","72.03407603611352","2.7691182844064874","2.7691182844064874","2.7691182844064874","122.93768647732517","122.93768647732517","122.93768647732517","112.5098869043125","112.5098869043125","112.5098869043125","125.44246963017326","125.44246963017326","125.44246963017326","214.28712879600886","214.28712879600886","214.28712879600886","242.79938214696853","242.79938214696853","242.79938214696853","199.61254551602167","199.61254551602167","199.61254551602167","80.11208453307407","80.11208453307407","80.11208453307407","156.7960594137074","156.7960594137074","156.7960594137074","202.4713743879856","202.4713743879856","202.4713743879856"
"240000","159.8498613212293","159.8498613212293","159.8498613212293","214.44567044523973","214.44567044523973","214.44567044523973","160.45436010535224","160.45436010535224","160.45436010535224","129.8725663841238","129.8725663841238","129.8725663841238","156.7849548942453","156.7849548942453","156.7849548942453","168.74119422227255","168.74119422227255","168.74119422227255","125.25011008336114","125.25011008336114","125.25011008336114","232.79392476530091","232.79392476530091","232.79392476530091","151.35694141913666","151.35694141913666","151.35694141913666","79.89644542628236","79.89644542628236","79.89644542628236","2.859253854283537","2.859253854283537","2.859253854283537","132.2524268590335","132.2524268590335","132.2524268590335","141.763804654362","141.763804654362","141.763804654362","106.64000445866766","106.64000445866766","106.64000445866766","232.2374586635142","232.2374586635142","232.2374586635142","217.67173032494452","217.67173032494452","217.67173032494452","186.28938040246933","186.28938040246933","186.28938040246933","66.95999777818733","66.95999777818733","66.95999777818733","182.23712230517904","182.23712230517904","182.23712230517904","199.970761278655","199.970761278655","199.970761278655"
"244000","171.63404463200797","171.63404463200797","171.63404463200797","181.365138425682","181.365138425682","181.365138425682","178.00259572110727","178.00259572110727","178.00259572110727","139.10118169467245","139.10118169467245","139.10118169467245","148.43242497913303","148.43242497913303","148.43242497913303","167.25393462361382","167.25393462361382","167.25393462361382","126.92936720995647","126.92936720995647","126.92936720995647","232.80775148432136","232.80775148432136","232.80775148432136","211.94176179043052","211.94176179043052","211.94176179043052","74.61735989050689","74.61735989050689","74.61735989050689","2.6810682171043987","2.6810682171043987","2.6810682171043987","133.47756392054367","133.47756392054367","133.47756392054367","126.61187892529833","126.61187892529833","126.61187892529833","100.79134607779072","100.79134607779072","100.79134607779072","250.55709823598082","250.55709823598082","250.55709823598082","220.2632844930491","220.2632844930491","220.2632844930491","217.19082336091597","217.19082336091597","217.19082336091597","73.16803390619238","73.16803390619238","73.16803390619238","188.90464690297895","188.90464690297895","188.90464690297895","242.1252689083238","242.1252689083238","242.1252689083238"
"248000","175.1023370952668","175.1023370952668","175.1023370952668","214.24890480850408","214.24890480850408","214.24890480850408","162.6892621959063","162.6892621959063","162.6892621959063","133.92648072851927","133.92648072851927","133.92648072851927","155.15055219605256","155.15055219605256","155.15055219605256","194.2487240087525","194.2487240087525","194.2487240087525","135.9268643758492","135.9268643758492","135.9268643758492","246.34211093484151","246.34211093484151","246.34211093484151","156.967518632265","156.967518632265","156.967518632265","42.124609679172536","42.124609679172536","42.124609679172536","2.7560696467278407","2.7560696467278407","2.7560696467278407","116.88487413517396","116.88487413517396","116.88487413517396","131.6030198655656","131.6030198655656","131.6030198655656","112.5980947064963","112.5980947064963","112.5980947064963","239.4127971828948","239.4127971828948","239.4127971828948","215.12587869563632","215.12587869563632","215.12587869563632","213.10915180092962","213.10915180092962","213.10915180092962","57.86261557548912","57.86261557548912","57.86261557548912","199.13136582298398","199.13136582298398","199.13136582298398","263.5012844518968","263.5012844518968","263.5012844518968"
"252000","196.5089871691554","196.5089871691554","196.5089871691554","206.12368870642322","206.12368870642322","206.12368870642322","192.18342199973463","192.18342199973463","192.18342199973463","149.23700509679261","149.23700509679261","149.23700509679261","131.3206386328824","131.3206386328824","131.3206386328824","174.26171923149218","174.26171923149218","174.26171923149218","134.27681191105577","134.27681191105577","134.27681191105577","250.51099739629026","250.51099739629026","250.51099739629026","164.8985489458957","164.8985489458957","164.8985489458957","50.898199923763656","50.898199923763656","50.898199923763656","4.670396109068808","4.670396109068808","4.670396109068808","167.5028285022235","167.5028285022235","167.5028285022235","138.01517744448842","138.01517744448842","138.01517744448842","163.42079789710687","163.42079789710687","163.42079789710687","245.4057328663395","245.4057328663395","245.4057328663395","242.5929525965696","242.5929525965696","242.5929525965696","211.25574336795012","211.25574336795012","211.25574336795012","83.76316940616043","83.76316940616043","83.76316940616043","197.64460145014226","197.64460145014226","197.64460145014226","263.25953384337606","263.25953384337606","263.25953384337606"
"256000","201.18979710433817","201.18979710433817","201.18979710433817","239.46479305843803","239.46479305843803","239.46479305843803","196.49242917960026","196.49242917960026","196.49242917960026","146.66529999975901","146.66529999975901","146.66529999975901","139.67010617928952","139.67010617928952","139.67010617928952","108.77603048397073","108.77603048397073","108.77603048397073","150.3499245291546","150.3499245291546","150.3499245291546","249.90529491467478","249.90529491467478","249.90529491467478","165.09154342672366","165.09154342672366","165.09154342672366","45.33937309443549","45.33937309443549","45.33937309443549","5.16212089203324","5.16212089203324","5.16212089203324","207.96735817008138","207.96735817008138","207.96735817008138","140.31980740601236","140.31980740601236","140.31980740601236","138.50212215368384","138.50212215368384","138.50212215368384","262.6855005304468","262.6855005304468","262.6855005304468","223.27711948599705","223.27711948599705","223.27711948599705","222.58896463721567","222.58896463721567","222.58896463721567","72.99146929133822","72.99146929133822","72.99146929133822","157.50557461643368","157.50557461643368","157.50557461643368","257.4623652741958","257.4623652741958","257.4623652741958"
"260000","193.32103837123788","193.32103837123788","193.32103837123788","195.8411552709493","195.8411552709493","195.8411552709493","184.71446275599078","184.71446275599078","184.71446275599078","126.25291489043198","126.25291489043198","126.25291489043198","140.82338325868471","140.82338325868471","140.82338325868471","146.1323587781938","146.1323587781938","146.1323587781938","187.78442323588126","187.78442323588126","187.78442323588126","238.40540402443162","238.40540402443162","238.40540402443162","161.49438074910748","161.49438074910748","161.49438074910748","52.94372226863824","52.94372226863824","52.94372226863824","3.8734532648415003","3.8734532648415003","3.8734532648415003","234.18941679896187","234.18941679896187","234.18941679896187","136.17729999137583","136.17729999137583","136.17729999137583","137.01770104889823","137.01770104889823","137.01770104889823","260.41611326980626","260.41611326980626","260.41611326980626","279.50716026453466","279.50716026453466","279.50716026453466","248.56972049084024","248.56972049084024","248.56972049084024","81.02886374360033","81.02886374360033","81.02886374360033","203.9716189579066","203.9716189579066","203.9716189579066","240.13574530113215","240.13574530113215","240.13574530113215"
"264000","106.24374264777188","106.24374264777188","106.24374264777188","233.3063610993525","233.3063610993525","233.3063610993525","224.95311075290047","224.95311075290047","224.95311075290047","143.19804987470621","143.19804987470621","143.19804987470621","134.78095943553345","134.78095943553345","134.78095943553345","140.78337622330787","140.78337622330787","140.78337622330787","118.42974329622177","118.42974329622177","118.42974329622177","235.46070931999648","235.46070931999648","235.46070931999648","106.25645898626173","106.25645898626173","106.25645898626173","26.370565538604996","26.370565538604996","26.370565538604996","4.162318419841785","4.162318419841785","4.162318419841785","230.51475091275984","230.51475091275984","230.51475091275984","140.86412133043487","140.86412133043487","140.86412133043487","159.28494581528713","159.28494581528713","159.28494581528713","266.834814167848","266.834814167848","266.834814167848","282.3425834823571","282.3425834823571","282.3425834823571","228.6912624815571","228.6912624815571","228.6912624815571","77.96239351981444","77.96239351981444","77.96239351981444","193.0057084313314","193.0057084313314","193.0057084313314","256.666319655521","256.666319655521","256.666319655521"
"268000","228.90328346796406","228.90328346796406","228.90328346796406","193.06727226888","193.06727226888","193.06727226888","189.3606922371584","189.3606922371584","189.3606922371584","139.51331588722437","139.51331588722437","139.51331588722437","120.42925705529402","120.42925705529402","120.42925705529402","155.47539738649243","155.47539738649243","155.47539738649243","119.90136997358634","119.90136997358634","119.90136997358634","261.55960006831435","261.55960006831435","261.55960006831435","127.79287837369478","127.79287837369478","127.79287837369478","74.26888236697718","74.26888236697718","74.26888236697718","4.709951304946439","4.709951304946439","4.709951304946439","226.1906124635174","226.1906124635174","226.1906124635174","119.17966102013122","119.17966102013122","119.17966102013122","145.80877205788974","145.80877205788974","145.80877205788974","274.1429603220087","274.1429603220087","274.1429603220087","244.90700520824075","244.90700520824075","244.90700520824075","173.6736726324013","173.6736726324013","173.6736726324013","86.8670812562062","86.8670812562062","86.8670812562062","177.44542913150377","177.44542913150377","177.44542913150377","218.07241413831315","218.07241413831315","218.07241413831315"
"272000","229.99822556088697","229.99822556088697","229.99822556088697","214.9799939446074","214.9799939446074","214.9799939446074","170.22186186198087","170.22186186198087","170.22186186198087","143.44583091801564","143.44583091801564","143.44583091801564","72.46355228198897","72.46355228198897","72.46355228198897","153.5752935826473","153.5752935826473","153.5752935826473","158.60886614385012","158.60886614385012","158.60886614385012","246.2888557448153","246.2888557448153","246.2888557448153","137.41151514383264","137.41151514383264","137.41151514383264","64.12438101736107","64.12438101736107","64.12438101736107","3.816589243398598","3.816589243398598","3.816589243398598","244.13206722916476","244.13206722916476","244.13206722916476","133.43501062363137","133.43501062363137","133.43501062363137","137.66408297800035","137.66408297800035","137.66408297800035","253.27269736465823","253.27269736465823","253.27269736465823","283.1830980838791","283.1830980838791","283.1830980838791","166.90091433517546","166.90091433517546","166.90091433517546","90.27340547387034","90.27340547387034","90.27340547387034","183.87075032706161","183.87075032706161","183.87075032706161","239.36476076541913","239.36476076541913","239.36476076541913"
"276000","207.74597497244895","207.74597497244895","207.74597497244895","179.28376130115436","179.28376130115436","179.28376130115436","185.81217650389257","185.81217650389257","185.81217650389257","140.4635836665872","140.4635836665872","140.4635836665872","64.39726014165265","64.39726014165265","64.39726014165265","149.0757886220719","149.0757886220719","149.0757886220719","155.86017642151037","155.86017642151037","155.86017642151037","215.9815749848382","215.9815749848382","215.9815749848382","151.54289207840574","151.54289207840574","151.54289207840574","56.91154187795907","56.91154187795907","56.91154187795907","5.066007999823375","5.066007999823375","5.066007999823375","266.08755626516734","266.08755626516734","266.08755626516734","137.69772731771508","137.69772731771508","137.69772731771508","135.24834671101013","135.24834671101013","135.24834671101013","265.190536851709","265.190536851709","265.190536851709","295.42353652439937","295.42353652439937","295.42353652439937","218.23419901456032","218.23419901456032","218.23419901456032","79.45763032610667","79.45763032610667","79.45763032610667","165.45984862272675","165.45984862272675","165.45984862272675","248.91044398722994","248.91044398722994","248.91044398722994"
"280000","211.5330429812208","211.5330429812208","211.5330429812208","175.36463160155216","175.36463160155216","175.36463160155216","192.1078429297704","192.1078429297704","192.1078429297704","159.58646236236322","159.58646236236322","159.58646236236322","123.21269939268707","123.21269939268707","123.21269939268707","108.86319436723375","108.86319436723375","108.86319436723375","159.34582823042007","159.34582823042007","159.34582823042007","250.677039570746","250.677039570746","250.677039570746","200.67879483822878","200.67879483822878","200.67879483822878","61.89379558900553","61.89379558900553","61.89379558900553","4.815888622697869","4.815888622697869","4.815888622697869","234.6109621044424","234.6109621044424","234.6109621044424","109.3480029075524","109.3480029075524","109.3480029075524","132.87559571163496","132.87559571163496","132.87559571163496","272.7522026739669","272.7522026739669","272.7522026739669","283.52913801655825","283.52913801655825","283.52913801655825","218.91405221954602","218.91405221954602","218.91405221954602","72.35172256187766","72.35172256187766","72.35172256187766","172.92019746952064","172.92019746952064","172.92019746952064","237.78981710596207","237.78981710596207","237.78981710596207"
"284000","233.8059487568235","233.8059487568235","233.8059487568235","174.5892721024039","174.5892721024039","174.5892721024039","185.31409372774954","185.31409372774954","185.31409372774954","144.41605407967626","144.41605407967626","144.41605407967626","117.62002462717797","117.62002462717797","117.62002462717797","105.97205305506024","105.97205305506024","105.97205305506024","162.48970806941134","162.48970806941134","162.48970806941134","252.44499202945252","252.44499202945252","252.44499202945252","190.72883483331933","190.72883483331933","190.72883483331933","53.39314893542254","53.39314893542254","53.39314893542254","4.888821319666456","4.888821319666456","4.888821319666456","243.50725023928302","243.50725023928302","243.50725023928302","133.96538238418248","133.96538238418248","133.96538238418248","109.14992502030267","109.14992502030267","109.14992502030267","293.28179585957326","293.28179585957326","293.28179585957326","272.0168608500069","272.0168608500069","272.0168608500069","199.12396798455015","199.12396798455015","199.12396798455015","112.0496294651177","112.0496294651177","112.0496294651177","189.02322868400614","189.02322868400614","189.02322868400614","237.06145238658527","237.06145238658527","237.06145238658527"
"288000","215.06042820566822","215.06042820566822","215.06042820566822","178.9477374105733","178.9477374105733","178.9477374105733","205.10104200874534","205.10104200874534","205.10104200874534","134.05610143747032","134.05610143747032","134.05610143747032","129.35446574755116","129.35446574755116","129.35446574755116","134.1728427797364","134.1728427797364","134.1728427797364","187.58710371915868","187.58710371915868","187.58710371915868","246.3589704104367","246.3589704104367","246.3589704104367","179.71774599059387","179.71774599059387","179.71774599059387","55.3609576929462","55.3609576929462","55.3609576929462","5.490362434259401","5.490362434259401","5.490362434259401","247.01649174000613","247.01649174000613","247.01649174000613","133.8046002119941","133.8046002119941","133.8046002119941","124.40071801233789","124.40071801233789","124.40071801233789","255.7827712804145","255.7827712804145","255.7827712804145","284.331279161159","284.331279161159","284.331279161159","215.9492775101781","215.9492775101781","215.9492775101781","109.0013673201031","109.0013673201031","109.0013673201031","177.39375003401594","177.39375003401594","177.39375003401594","255.78482652311158","255.78482652311158","255.78482652311158"
"292000","250.8831917605732","250.8831917605732","250.8831917605732","177.9343800593715","177.9343800593715","177.9343800593715","137.78130551042813","137.78130551042813","137.78130551042813","115.30919556249697","115.30919556249697","115.30919556249697","105.30097218709398","105.30097218709398","105.30097218709398","126.48459017082845","126.48459017082845","126.48459017082845","185.86515813933343","185.86515813933343","185.86515813933343","235.07348508680838","235.07348508680838","235.07348508680838","201.75391634702896","201.75391634702896","201.75391634702896","60.410004137200815","60.410004137200815","60.410004137200815","4.553274488905273","4.553274488905273","4.553274488905273","269.488026829033","269.488026829033","269.488026829033","135.31191495332388","135.31191495332388","135.31191495332388","116.40809792021844","116.40809792021844","116.40809792021844","309.1430078202267","309.1430078202267","309.1430078202267","279.91476405219186","279.91476405219186","279.91476405219186","208.13972832601385","208.13972832601385","208.13972832601385","86.6230259127257","86.6230259127257","86.6230259127257","170.79756733441997","170.79756733441997","170.79756733441997","245.96682506393716","245.96682506393716","245.96682506393716"
"296000","269.78866413570455","269.78866413570455","269.78866413570455","177.27678866164294","177.27678866164294","177.27678866164294","148.41154406439279","148.41154406439279","148.41154406439279","112.63054434591734","112.63054434591734","112.63054434591734","114.95581821335911","114.95581821335911","114.95581821335911","143.78147851008652","143.78147851008652","143.78147851008652","195.0128052990895","195.0128052990895","195.0128052990895","266.0071540262378","266.0071540262378","266.0071540262378","201.15306426239079","201.15306426239079","201.15306426239079","59.83941113815952","59.83941113815952","59.83941113815952","5.174986061216833","5.174986061216833","5.174986061216833","270.735888454217","270.735888454217","270.735888454217","135.62523592837798","135.62523592837798","135.62523592837798","113.88387242995987","113.88387242995987","113.88387242995987","269.6661753072985","269.6661753072985","269.6661753072985","282.54016585699355","282.54016585699355","282.54016585699355","199.48091996525056","199.48091996525056","199.48091996525056","107.86973694600631","107.86973694600631","107.86973694600631","169.45970658095172","169.45970658095172","169.45970658095172","254.4085416654571","254.4085416654571","254.4085416654571"
"300000","259.8255528533318","259.8255528533318","259.8255528533318","159.82934084000712","159.82934084000712","159.82934084000712","134.74747828704804","134.74747828704804","134.74747828704804","130.683444008568","130.683444008568","130.683444008568","150.5107800403453","150.5107800403453","150.5107800403453","149.2173997048645","149.2173997048645","149.2173997048645","164.52209569161613","164.52209569161613","164.52209569161613","258.3879040813717","258.3879040813717","258.3879040813717","177.23781085581908","177.23781085581908","177.23781085581908","84.65178188013962","84.65178188013962","84.65178188013962","5.1512657236485335","5.1512657236485335","5.1512657236485335","276.31441957393315","276.31441957393315","276.31441957393315","126.27766399177543","126.27766399177543","126.27766399177543","126.14177663897075","126.14177663897075","126.14177663897075","259.2704093420225","259.2704093420225","259.2704093420225","243.6090704144266","243.6090704144266","243.6090704144266","186.61538521599283","186.61538521599283","186.61538521599283","83.69592251966182","83.69592251966182","83.69592251966182","173.39045384956296","173.39045384956296","173.39045384956296","240.4799652860278","240.4799652860278","240.4799652860278"
"304000","239.83762022884676","239.83762022884676","239.83762022884676","166.807591946717","166.807591946717","166.807591946717","141.9019449158051","141.9019449158051","141.9019449158051","138.716014031646","138.716014031646","138.716014031646","142.60229420493266","142.60229420493266","142.60229420493266","150.328356313567","150.328356313567","150.328356313567","164.53317851467673","164.53317851467673","164.53317851467673","275.93336153242456","275.93336153242456","275.93336153242456","193.92737061482535","193.92737061482535","193.92737061482535","71.03873261007388","71.03873261007388","71.03873261007388","3.6902726229424814","3.6902726229424814","3.6902726229424814","259.1743654180301","259.1743654180301","259.1743654180301","126.85690672064561","126.85690672064561","126.85690672064561","128.47609946550585","128.47609946550585","128.47609946550585","293.20382603963316","293.20382603963316","293.20382603963316","253.6470989477454","253.6470989477454","253.6470989477454","185.47873255968528","185.47873255968528","185.47873255968528","106.67678345698349","106.67678345698349","106.67678345698349","180.32079320598774","180.32079320598774","180.32079320598774","228.6869631513312","228.6869631513312","228.6869631513312"
"308000","252.02195339162117","252.02195339162117","252.02195339162117","168.11087224018553","168.11087224018553","168.11087224018553","189.15142365231856","189.15142365231856","189.15142365231856","168.55979543044907","168.55979543044907","168.55979543044907","132.26704380277022","132.26704380277022","132.26704380277022","139.81364220703364","139.81364220703364","139.81364220703364","176.56284996088007","176.56284996088007","176.56284996088007","249.12109256504263","249.12109256504263","249.12109256504263","211.09655235547916","211.09655235547916","211.09655235547916","59.68218943777545","59.68218943777545","59.68218943777545","2.7889725433684296","2.7889725433684296","2.7889725433684296","254.28381143969946","254.28381143969946","254.28381143969946","127.34025878749256","127.34025878749256","127.34025878749256","119.49946543654796","119.49946543654796","119.49946543654796","307.9211541363375","307.9211541363375","307.9211541363375","281.39816821101334","281.39816821101334","281.39816821101334","187.56438224127868","187.56438224127868","187.56438224127868","92.18591399938535","92.18591399938535","92.18591399938535","164.03534018684587","164.03534018684587","164.03534018684587","241.13139309350976","241.13139309350976","241.13139309350976"
"312000","225.48173792340623","225.48173792340623","225.48173792340623","159.71273995437733","159.71273995437733","159.71273995437733","217.45628082783682","217.45628082783682","217.45628082783682","138.91987898871758","138.91987898871758","138.91987898871758","136.6035211696999","136.6035211696999","136.6035211696999","127.61975641312117","127.61975641312117","127.61975641312117","145.51230087702692","145.51230087702692","145.51230087702692","257.5323544559591","257.5323544559591","257.5323544559591","226.82949248286823","226.82949248286823","226.82949248286823","85.86130032902355","85.86130032902355","85.86130032902355","3.401948086316083","3.401948086316083","3.401948086316083","243.2528195562592","243.2528195562592","243.2528195562592","153.18438678434913","153.18438678434913","153.18438678434913","146.01316358877847","146.01316358877847","146.01316358877847","328.17155202795493","328.17155202795493","328.17155202795493","283.6415802609876","283.6415802609876","283.6415802609876","190.75600819740612","190.75600819740612","190.75600819740612","118.3779719338268","118.3779719338268","118.3779719338268","164.2154727242226","164.2154727242226","164.2154727242226","248.30341462438932","248.30341462438932","248.30341462438932"
"316000","215.16322835200094","215.16322835200094","215.16322835200094","188.8487136029967","188.8487136029967","188.8487136029967","219.05185983158995","219.05185983158995","219.05185983158995","139.2223924379597","139.2223924379597","139.2223924379597","127.55338326578905","127.55338326578905","127.55338326578905","113.39212451026708","113.39212451026708","113.39212451026708","162.9948517877371","162.9948517877371","162.9948517877371","257.0754530037992","257.0754530037992","257.0754530037992","204.66249382489718","204.66249382489718","204.66249382489718","63.575247380945484","63.575247380945484","63.575247380945484","3.137256360278678","3.137256360278678","3.137256360278678","207.0030865312662","207.0030865312662","207.0030865312662","165.02354033495433","165.02354033495433","165.02354033495433","161.07321516878378","161.07321516878378","161.07321516878378","311.4328141989074","311.4328141989074","311.4328141989074","287.28124938991124","287.28124938991124","287.28124938991124","227.68324336162146","227.68324336162146","227.68324336162146","103.75480621931543","103.75480621931543","103.75480621931543","174.8521093243972","174.8521093243972","174.8521093243972","239.72368885560144","239.72368885560144","239.72368885560144"
"320000","191.02518731806853","191.02518731806853","191.02518731806853","194.3344276933701","194.3344276933701","194.3344276933701","195.5452311867222","195.5452311867222","195.5452311867222","124.4815263636879","124.4815263636879","124.4815263636879","128.79820117470808","128.79820117470808","128.79820117470808","128.23579927988507","128.23579927988507","128.23579927988507","159.97186762795562","159.97186762795562","159.97186762795562","259.5433034490286","259.5433034490286","259.5433034490286","215.41483146520847","215.41483146520847","215.41483146520847","88.51043733160165","88.51043733160165","88.51043733160165","3.0792902784150917","3.0792902784150917","3.0792902784150917","157.40116861984498","157.40116861984498","157.40116861984498","162.32987218098694","162.32987218098694","162.32987218098694","169.1155496671068","169.1155496671068","169.1155496671068","288.81563076254633","288.81563076254633","288.81563076254633","254.9495679618842","254.9495679618842","254.9495679618842","205.04223935044433","205.04223935044433","205.04223935044433","105.04891944825147","105.04891944825147","105.04891944825147","186.15008389382882","186.15008389382882","186.15008389382882","233.6239847678615","233.6239847678615","233.6239847678615"
"324000","223.80850283283198","223.80850283283198","223.80850283283198","193.77975718650328","193.77975718650328","193.77975718650328","197.89161281385083","197.89161281385083","197.89161281385083","131.65931044619916","131.65931044619916","131.65931044619916","139.77025242264267","139.77025242264267","139.77025242264267","119.16177105893203","119.16177105893203","119.16177105893203","178.67556840642266","178.67556840642266","178.67556840642266","255.2126298956595","255.2126298956595","255.2126298956595","203.99872726072905","203.99872726072905","203.99872726072905","91.20583343048611","91.20583343048611","91.20583343048611","4.02428833861024","4.02428833861024","4.02428833861024","155.85976030566394","155.85976030566394","155.85976030566394","140.97560701213834","140.97560701213834","140.97560701213834","153.58161615451596","153.58161615451596","153.58161615451596","290.3908404892196","290.3908404892196","290.3908404892196","261.1045006433561","261.1045006433561","261.1045006433561","238.19325375114576","238.19325375114576","238.19325375114576","111.37181852916345","111.37181852916345","111.37181852916345","203.10061054791035","203.10061054791035","203.10061054791035","254.68088358212972","254.68088358212972","254.68088358212972"
"328000","156.69348951225606","156.69348951225606","156.69348951225606","200.95923192106937","200.95923192106937","200.95923192106937","236.32602801407356","236.32602801407356","236.32602801407356","137.865553995428","137.865553995428","137.865553995428","88.74351521733459","88.74351521733459","88.74351521733459","138.09365146929167","138.09365146929167","138.09365146929167","178.13308061555298","178.13308061555298","178.13308061555298","254.98770405497544","254.98770405497544","254.98770405497544","218.88691726502702","218.88691726502702","218.88691726502702","86.93719223953084","86.93719223953084","86.93719223953084","58.0826976308998","58.0826976308998","58.0826976308998","169.64331997632584","169.64331997632584","169.64331997632584","152.45164612173943","152.45164612173943","152.45164612173943","158.89029073023798","158.89029073023798","158.89029073023798","294.17166067891014","294.17166067891014","294.17166067891014","264.8174230516955","264.8174230516955","264.8174230516955","247.80462436649736","247.80462436649736","247.80462436649736","58.744256279401476","58.744256279401476","58.744256279401476","193.05239184731835","193.05239184731835","193.05239184731835","253.5013617845112","253.5013617845112","253.5013617845112"
"332000","193.29346244009471","193.29346244009471","193.29346244009471","201.98367654852433","201.98367654852433","201.98367654852433","210.49375828118278","210.49375828118278","210.49375828118278","142.7195254501837","142.7195254501837","142.7195254501837","124.98641493139613","124.98641493139613","124.98641493139613","123.23709984010581","123.23709984010581","123.23709984010581","171.59945883670633","171.59945883670633","171.59945883670633","251.76271559319517","251.76271559319517","251.76271559319517","199.66481496608623","199.66481496608623","199.66481496608623","80.06757552968915","80.06757552968915","80.06757552968915","3.5999443800302897","3.5999443800302897","3.5999443800302897","168.98364262061426","168.98364262061426","168.98364262061426","133.2769417600483","133.2769417600483","133.2769417600483","158.51531992675626","158.51531992675626","158.51531992675626","295.91866240531954","295.91866240531954","295.91866240531954","281.63642975050925","281.63642975050925","281.63642975050925","221.9402099971614","221.9402099971614","221.9402099971614","115.89787129107349","115.89787129107349","115.89787129107349","185.70354650833661","185.70354650833661","185.70354650833661","259.9754266054211","259.9754266054211","259.9754266054211"
"336000","210.88187673691374","210.88187673691374","210.88187673691374","193.20668180879304","193.20668180879304","193.20668180879304","223.18759144690563","223.18759144690563","223.18759144690563","143.73851039462315","143.73851039462315","143.73851039462315","86.44443799590836","86.44443799590836","86.44443799590836","122.72940170133083","122.72940170133083","122.72940170133083","191.64747965097317","191.64747965097317","191.64747965097317","256.5701756096431","256.5701756096431","256.5701756096431","192.31901143840633","192.31901143840633","192.31901143840633","86.33058647258864","86.33058647258864","86.33058647258864","3.610835374987213","3.610835374987213","3.610835374987213","171.6817615100785","171.6817615100785","171.6817615100785","144.229261680408","144.229261680408","144.229261680408","192.13149975686818","192.13149975686818","192.13149975686818","290.5695660390924","290.5695660390924","290.5695660390924","269.47866146773737","269.47866146773737","269.47866146773737","212.04788530719696","212.04788530719696","212.04788530719696","104.1112010689219","104.1112010689219","104.1112010689219","198.0944486116635","198.0944486116635","198.0944486116635","243.48383253456413","243.48383253456413","243.48383253456413"
"340000","203.35885964930526","203.35885964930526","203.35885964930526","189.4362907764332","189.4362907764332","189.4362907764332","227.63250720462193","227.63250720462193","227.63250720462193","145.7691835631881","145.7691835631881","145.7691835631881","74.5219863979656","74.5219863979656","74.5219863979656","120.15712358753089","120.15712358753089","120.15712358753089","195.01864845087542","195.01864845087542","195.01864845087542","259.77375857822307","259.77375857822307","259.77375857822307","200.88313890247434","200.88313890247434","200.88313890247434","104.81903710488442","104.81903710488442","104.81903710488442","3.801660740634979","3.801660740634979","3.801660740634979","180.0033336113966","180.0033336113966","180.0033336113966","142.77661124680125","142.77661124680125","142.77661124680125","213.31931742130737","213.31931742130737","213.31931742130737","282.8984456817957","282.8984456817957","282.8984456817957","268.562414784073","268.562414784073","268.562414784073","209.9199254666164","209.9199254666164","209.9199254666164","115.5220907083627","115.5220907083627","115.5220907083627","181.97637815029037","181.97637815029037","181.97637815029037","251.6124765812355","251.6124765812355","251.6124765812355"
"344000","201.17000932965396","201.17000932965396","201.17000932965396","195.4312013994426","195.4312013994426","195.4312013994426","220.6058843292336","220.6058843292336","220.6058843292336","141.74641413861377","141.74641413861377","141.74641413861377","137.1931038043393","137.1931038043393","137.1931038043393","131.17116086135326","131.17116086135326","131.17116086135326","208.4729098762848","208.4729098762848","208.4729098762848","263.4995235403124","263.4995235403124","263.4995235403124","178.03844713655096","178.03844713655096","178.03844713655096","100.46568733811914","100.46568733811914","100.46568733811914","109.93794508032104","109.93794508032104","109.93794508032104","165.10124602702717","165.10124602702717","165.10124602702717","141.61840110812813","141.61840110812813","141.61840110812813","184.25479480768922","184.25479480768922","184.25479480768922","299.9545282038321","299.9545282038321","299.9545282038321","271.92820418442955","271.92820418442955","271.92820418442955","214.47746362903573","214.47746362903573","214.47746362903573","119.1384300841087","119.1384300841087","119.1384300841087","142.61669003496547","142.61669003496547","142.61669003496547","243.87678597084715","243.87678597084715","243.87678597084715"
"348000","206.11222568720297","206.11222568720297","206.11222568720297","206.35557118461696","206.35557118461696","206.35557118461696","213.01675065843978","213.01675065843978","213.01675065843978","142.10042369926882","142.10042369926882","142.10042369926882","136.7409646304464","136.7409646304464","136.7409646304464","131.2143676528064","131.2143676528064","131.2143676528064","202.17333230322657","202.17333230322657","202.17333230322657","261.6062419686765","261.6062419686765","261.6062419686765","196.32246714386378","196.32246714386378","196.32246714386378","91.57859643979666","91.57859643979666","91.57859643979666","47.40907373473327","47.40907373473327","47.40907373473327","201.51054006959276","201.51054006959276","201.51054006959276","134.577072323674","134.577072323674","134.577072323674","196.06867804933398","196.06867804933398","196.06867804933398","293.08556729112695","293.08556729112695","293.08556729112695","259.6926616271106","259.6926616271106","259.6926616271106","207.18811157426597","207.18811157426597","207.18811157426597","87.077074481482","87.077074481482","87.077074481482","143.89990788948006","143.89990788948006","143.89990788948006","236.84569526148994","236.84569526148994","236.84569526148994"
"352000","205.3687164837931","205.3687164837931","205.3687164837931","208.278828215972","208.278828215972","208.278828215972","226.12622392562352","226.12622392562352","226.12622392562352","143.62108660230845","143.62108660230845","143.62108660230845","79.43128967048138","79.43128967048138","79.43128967048138","136.63686951199657","136.63686951199657","136.63686951199657","207.3789703700971","207.3789703700971","207.3789703700971","252.96118901084228","252.96118901084228","252.96118901084228","206.5445373428674","206.5445373428674","206.5445373428674","119.33129957265369","119.33129957265369","119.33129957265369","144.92661118264982","144.92661118264982","144.92661118264982","185.2232267356593","185.2232267356593","185.2232267356593","130.65512257005167","130.65512257005167","130.65512257005167","150.25876703856628","150.25876703856628","150.25876703856628","300.72195934802113","300.72195934802113","300.72195934802113","239.01367836826662","239.01367836826662","239.01367836826662","215.78358460405389","215.78358460405389","215.78358460405389","83.89415500334384","83.89415500334384","83.89415500334384","142.46189504758263","142.46189504758263","142.46189504758263","245.80191101265217","245.80191101265217","245.80191101265217"
"356000","199.07558078213975","199.07558078213975","199.07558078213975","169.04503635553473","169.04503635553473","169.04503635553473","209.7914436532386","209.7914436532386","209.7914436532386","130.219816644808","130.219816644808","130.219816644808","132.7206113800425","132.7206113800425","132.7206113800425","130.93883915525834","130.93883915525834","130.93883915525834","212.01706493733428","212.01706493733428","212.01706493733428","263.5291004595101","263.5291004595101","263.5291004595101","227.37870055572495","227.37870055572495","227.37870055572495","100.64730307999899","100.64730307999899","100.64730307999899","157.19063642257552","157.19063642257552","157.19063642257552","144.66147297894324","144.66147297894324","144.66147297894324","126.41013131133862","126.41013131133862","126.41013131133862","163.69684886121868","163.69684886121868","163.69684886121868","294.3659204623488","294.3659204623488","294.3659204623488","277.4248769909558","277.4248769909558","277.4248769909558","231.96406492395795","231.96406492395795","231.96406492395795","92.38959462171167","92.38959462171167","92.38959462171167","190.7866618140844","190.7866618140844","190.7866618140844","256.61543922516273","256.61543922516273","256.61543922516273"
"360000","211.34576113720806","211.34576113720806","211.34576113720806","213.54736329283088","213.54736329283088","213.54736329283088","215.0347541288025","215.0347541288025","215.0347541288025","145.9699767660972","145.9699767660972","145.9699767660972","137.27675741072835","137.27675741072835","137.27675741072835","132.7435322432729","132.7435322432729","132.7435322432729","222.70414284539856","222.70414284539856","222.70414284539856","263.1604569988653","263.1604569988653","263.1604569988653","216.82885666060338","216.82885666060338","216.82885666060338","73.28524445611542","73.28524445611542","73.28524445611542","97.42807289485684","97.42807289485684","97.42807289485684","100.64437195670276","100.64437195670276","100.64437195670276","124.75860319073699","124.75860319073699","124.75860319073699","163.99376369526905","163.99376369526905","163.99376369526905","270.62830010302736","270.62830010302736","270.62830010302736","260.21911093220626","260.21911093220626","260.21911093220626","215.13515435268928","215.13515435268928","215.13515435268928","79.917694455707","79.917694455707","79.917694455707","145.28628683389195","145.28628683389195","145.28628683389195","261.1298931052961","261.1298931052961","261.1298931052961"
"364000","212.39814693361714","212.39814693361714","212.39814693361714","196.35544089721148","196.35544089721148","196.35544089721148","214.33710883584249","214.33710883584249","214.33710883584249","152.50111619105814","152.50111619105814","152.50111619105814","132.61351515060466","132.61351515060466","132.61351515060466","130.4894262945139","130.4894262945139","130.4894262945139","230.21790757974304","230.21790757974304","230.21790757974304","255.55541507105357","255.55541507105357","255.55541507105357","206.59594615229145","206.59594615229145","206.59594615229145","63.603018875483755","63.603018875483755","63.603018875483755","12.002431573124483","12.002431573124483","12.002431573124483","87.30745020317478","87.30745020317478","87.30745020317478","128.46931332674617","128.46931332674617","128.46931332674617","176.67628958928088","176.67628958928088","176.67628958928088","275.29846763134253","275.29846763134253","275.29846763134253","265.16334537670207","265.16334537670207","265.16334537670207","253.38666483119087","253.38666483119087","253.38666483119087","105.52715389055759","105.52715389055759","105.52715389055759","144.39836725179163","144.39836725179163","144.39836725179163","252.68535835840376","252.68535835840376","252.68535835840376"
"368000","156.2162147526022","156.2162147526022","156.2162147526022","179.64167443034592","179.64167443034592","179.64167443034592","224.80551022282197","224.80551022282197","224.80551022282197","137.91983215659957","137.91983215659957","137.91983215659957","145.51715449210627","145.51715449210627","145.51715449210627","133.71297218316468","133.71297218316468","133.71297218316468","218.6053081858171","218.6053081858171","218.6053081858171","243.1011032423618","243.1011032423618","243.1011032423618","219.88413093702138","219.88413093702138","219.88413093702138","110.41148089409553","110.41148089409553","110.41148089409553","4.477642425576157","4.477642425576157","4.477642425576157","92.17397048291471","92.17397048291471","92.17397048291471","122.51331465111812","122.51331465111812","122.51331465111812","178.61598730437254","178.61598730437254","178.61598730437254","287.4126739578096","287.4126739578096","287.4126739578096","277.1352638805214","277.1352638805214","277.1352638805214","277.29772497648264","277.29772497648264","277.29772497648264","131.44005668650368","131.44005668650368","131.44005668650368","135.28408397323932","135.28408397323932","135.28408397323932","251.55224324964848","251.55224324964848","251.55224324964848"
"372000","175.07158948401886","175.07158948401886","175.07158948401886","206.59321003431933","206.59321003431933","206.59321003431933","188.0950761233184","188.0950761233184","188.0950761233184","140.89176588115612","140.89176588115612","140.89176588115612","131.87593171981598","131.87593171981598","131.87593171981598","145.08921951921957","145.08921951921957","145.08921951921957","204.51041247430118","204.51041247430118","204.51041247430118","271.30589231775","271.30589231775","271.30589231775","205.44415130276715","205.44415130276715","205.44415130276715","114.9307360543576","114.9307360543576","114.9307360543576","4.760256248072965","4.760256248072965","4.760256248072965","62.36657113169265","62.36657113169265","62.36657113169265","120.67865265000947","120.67865265000947","120.67865265000947","151.1205857658733","151.1205857658733","151.1205857658733","298.125778296175","298.125778296175","298.125778296175","279.67766658818687","279.67766658818687","279.67766658818687","231.41419584080555","231.41419584080555","231.41419584080555","125.95811047615675","125.95811047615675","125.95811047615675","122.21021726198444","122.21021726198444","122.21021726198444","278.95632304540385","278.95632304540385","278.95632304540385"
"376000","188.26891667286867","188.26891667286867","188.26891667286867","207.8679834749721","207.8679834749721","207.8679834749721","200.8435398383383","200.8435398383383","200.8435398383383","146.71821671453662","146.71821671453662","146.71821671453662","140.43444946798616","140.43444946798616","140.43444946798616","140.6631845251916","140.6631845251916","140.6631845251916","223.54492061841603","223.54492061841603","223.54492061841603","264.7396759301165","264.7396759301165","264.7396759301165","190.11315691645555","190.11315691645555","190.11315691645555","118.4704594049872","118.4704594049872","118.4704594049872","123.52808867134664","123.52808867134664","123.52808867134664","12.009014611894097","12.009014611894097","12.009014611894097","122.68362203631582","122.68362203631582","122.68362203631582","167.61831116784583","167.61831116784583","167.61831116784583","296.3688693639275","296.3688693639275","296.3688693639275","236.58921691282745","236.58921691282745","236.58921691282745","223.15065976799966","223.15065976799966","223.15065976799966","146.5320962065085","146.5320962065085","146.5320962065085","139.83795306300036","139.83795306300036","139.83795306300036","235.15206284839752","235.15206284839752","235.15206284839752"
"380000","207.08182883428827","207.08182883428827","207.08182883428827","218.7440492084216","218.7440492084216","218.7440492084216","209.7218489448634","209.7218489448634","209.7218489448634","151.2921553198108","151.2921553198108","151.2921553198108","136.61840712468606","136.61840712468606","136.61840712468606","141.18315767365692","141.18315767365692","141.18315767365692","171.80406554017685","171.80406554017685","171.80406554017685","278.09512656975573","278.09512656975573","278.09512656975573","191.3152472514135","191.3152472514135","191.3152472514135","106.1020262229569","106.1020262229569","106.1020262229569","124.70788487158498","124.70788487158498","124.70788487158498","63.68768625808592","63.68768625808592","63.68768625808592","121.79455565454627","121.79455565454627","121.79455565454627","133.53666613693434","133.53666613693434","133.53666613693434","278.6607720671517","278.6607720671517","278.6607720671517","284.74330873019596","284.74330873019596","284.74330873019596","264.9236142386353","264.9236142386353","264.9236142386353","130.37407274168032","130.37407274168032","130.37407274168032","149.9044118925584","149.9044118925584","149.9044118925584","234.1199578834152","234.1199578834152","234.1199578834152"
"384000","217.14102534184386","217.14102534184386","217.14102534184386","212.42467197370698","212.42467197370698","212.42467197370698","231.98495008604255","231.98495008604255","231.98495008604255","197.99745716254927","197.99745716254927","197.99745716254927","140.20140882263576","140.20140882263576","140.20140882263576","141.3569401677988","141.3569401677988","141.3569401677988","202.10552401915612","202.10552401915612","202.10552401915612","270.71130195975786","270.71130195975786","270.71130195975786","201.15930478642395","201.15930478642395","201.15930478642395","111.35079782585049","111.35079782585049","111.35079782585049","83.000731855312","83.000731855312","83.000731855312","134.9945075469922","134.9945075469922","134.9945075469922","125.60816977630707","125.60816977630707","125.60816977630707","150.42689504032958","150.42689504032958","150.42689504032958","262.6050960852613","262.6050960852613","262.6050960852613","295.38831468227824","295.38831468227824","295.38831468227824","276.124141064344","276.124141064344","276.124141064344","157.55292480056858","157.55292480056858","157.55292480056858","152.28720794517312","152.28720794517312","152.28720794517312","244.00532783119962","244.00532783119962","244.00532783119962"
"388000","216.63332509099482","216.63332509099482","216.63332509099482","250.49555455301387","250.49555455301387","250.49555455301387","238.82485153339348","238.82485153339348","238.82485153339348","130.1205538450335","130.1205538450335","130.1205538450335","135.10746522391676","135.10746522391676","135.10746522391676","139.01948184596444","139.01948184596444","139.01948184596444","203.72263952374843","203.72263952374843","203.72263952374843","275.571710766062","275.571710766062","275.571710766062","190.22043488513194","190.22043488513194","190.22043488513194","112.55465835235054","112.55465835235054","112.55465835235054","4.454547232401051","4.454547232401051","4.454547232401051","204.3588587207699","204.3588587207699","204.3588587207699","125.47243185678698","125.47243185678698","125.47243185678698","140.33238614521767","140.33238614521767","140.33238614521767","286.318587750162","286.318587750162","286.318587750162","282.7317291646258","282.7317291646258","282.7317291646258","310.00718786304105","310.00718786304105","310.00718786304105","122.77936509249005","122.77936509249005","122.77936509249005","161.2104214117302","161.2104214117302","161.2104214117302","248.7184436603221","248.7184436603221","248.7184436603221"
"392000","142.85719395207767","142.85719395207767","142.85719395207767","235.36533717906104","235.36533717906104","235.36533717906104","260.16375236934226","260.16375236934226","260.16375236934226","117.8080494651477","117.8080494651477","117.8080494651477","132.16109666302424","132.16109666302424","132.16109666302424","158.86266304595415","158.86266304595415","158.86266304595415","251.68341658661038","251.68341658661038","251.68341658661038","277.0007329287796","277.0007329287796","277.0007329287796","150.58716364010462","150.58716364010462","150.58716364010462","105.55026794376786","105.55026794376786","105.55026794376786","145.2074572102371","145.2074572102371","145.2074572102371","138.1499705255626","138.1499705255626","138.1499705255626","118.68813403175946","118.68813403175946","118.68813403175946","157.72130771272913","157.72130771272913","157.72130771272913","253.068516898773","253.068516898773","253.068516898773","269.78650703226276","269.78650703226276","269.78650703226276","258.30740097875866","258.30740097875866","258.30740097875866","113.88582436775349","113.88582436775349","113.88582436775349","167.65603948636476","167.65603948636476","167.65603948636476","228.01818793980618","228.01818793980618","228.01818793980618"
"396000","146.73929152945635","146.73929152945635","146.73929152945635","232.60444283327965","232.60444283327965","232.60444283327965","263.328112374475","263.328112374475","263.328112374475","130.47079417992094","130.47079417992094","130.47079417992094","133.18236756658348","133.18236756658348","133.18236756658348","133.3929277771227","133.3929277771227","133.3929277771227","244.47587667465314","244.47587667465314","244.47587667465314","277.7451891989413","277.7451891989413","277.7451891989413","174.90091101737949","174.90091101737949","174.90091101737949","107.5273704779652","107.5273704779652","107.5273704779652","2.9615365754388883","2.9615365754388883","2.9615365754388883","143.65256266860396","143.65256266860396","143.65256266860396","125.28296188590471","125.28296188590471","125.28296188590471","172.341407783507","172.341407783507","172.341407783507","250.78520691811386","250.78520691811386","250.78520691811386","274.7460424656736","274.7460424656736","274.7460424656736","243.23003184914506","243.23003184914506","243.23003184914506","111.80140668930508","111.80140668930508","111.80140668930508","202.84962073723918","202.84962073723918","202.84962073723918","274.19049236462627","274.19049236462627","274.19049236462627"
"400000","95.22381984289824","95.22381984289824","95.22381984289824","218.45453875456352","218.45453875456352","218.45453875456352","209.37132069157073","209.37132069157073","209.37132069157073","129.94948949286828","129.94948949286828","129.94948949286828","128.1862612075928","128.1862612075928","128.1862612075928","128.00795860899544","128.00795860899544","128.00795860899544","236.780926040013","236.780926040013","236.780926040013","277.605784018936","277.605784018936","277.605784018936","180.264516245723","180.264516245723","180.264516245723","106.76318104760462","106.76318104760462","106.76318104760462","3.5534219859353273","3.5534219859353273","3.5534219859353273","139.94700221857033","139.94700221857033","139.94700221857033","126.06031127028821","126.06031127028821","126.06031127028821","187.5276150055471","187.5276150055471","187.5276150055471","291.08050540937484","291.08050540937484","291.08050540937484","269.0594579505174","269.0594579505174","269.0594579505174","262.7107426884722","262.7107426884722","262.7107426884722","98.7216456085317","98.7216456085317","98.7216456085317","98.04977138978322","98.04977138978322","98.04977138978322","269.489556053412","269.489556053412","269.489556053412"