"Step","DDPG_EQL_PointMaze_Medium_Diverse_GRDense-v3_9 - eval/avg_reward","DDPG_EQL_PointMaze_Medium_Diverse_GRDense-v3_9 - eval/avg_reward__MIN","DDPG_EQL_PointMaze_Medium_Diverse_GRDense-v3_9 - eval/avg_reward__MAX","DDPG_EQL_PointMaze_Medium_Diverse_GRDense-v3_8 - eval/avg_reward","DDPG_EQL_PointMaze_Medium_Diverse_GRDense-v3_8 - eval/avg_reward__MIN","DDPG_EQL_PointMaze_Medium_Diverse_GRDense-v3_8 - eval/avg_reward__MAX","DDPG_EQL_PointMaze_Medium_Diverse_GRDense-v3_7 - eval/avg_reward","DDPG_EQL_PointMaze_Medium_Diverse_GRDense-v3_7 - eval/avg_reward__MIN","DDPG_EQL_PointMaze_Medium_Diverse_GRDense-v3_7 - eval/avg_reward__MAX","DDPG_EQL_PointMaze_Medium_Diverse_GRDense-v3_6 - eval/avg_reward","DDPG_EQL_PointMaze_Medium_Diverse_GRDense-v3_6 - eval/avg_reward__MIN","DDPG_EQL_PointMaze_Medium_Diverse_GRDense-v3_6 - eval/avg_reward__MAX","DDPG_EQL_PointMaze_Medium_Diverse_GRDense-v3_5 - eval/avg_reward","DDPG_EQL_PointMaze_Medium_Diverse_GRDense-v3_5 - eval/avg_reward__MIN","DDPG_EQL_PointMaze_Medium_Diverse_GRDense-v3_5 - eval/avg_reward__MAX","DDPG_EQL_PointMaze_Medium_Diverse_GRDense-v3_4 - eval/avg_reward","DDPG_EQL_PointMaze_Medium_Diverse_GRDense-v3_4 - eval/avg_reward__MIN","DDPG_EQL_PointMaze_Medium_Diverse_GRDense-v3_4 - eval/avg_reward__MAX","DDPG_EQL_PointMaze_Medium_Diverse_GRDense-v3_3 - eval/avg_reward","DDPG_EQL_PointMaze_Medium_Diverse_GRDense-v3_3 - eval/avg_reward__MIN","DDPG_EQL_PointMaze_Medium_Diverse_GRDense-v3_3 - eval/avg_reward__MAX","DDPG_EQL_PointMaze_Medium_Diverse_GRDense-v3_2 - eval/avg_reward","DDPG_EQL_PointMaze_Medium_Diverse_GRDense-v3_2 - eval/avg_reward__MIN","DDPG_EQL_PointMaze_Medium_Diverse_GRDense-v3_2 - eval/avg_reward__MAX","DDPG_EQL_PointMaze_Medium_Diverse_GRDense-v3_19 - eval/avg_reward","DDPG_EQL_PointMaze_Medium_Diverse_GRDense-v3_19 - eval/avg_reward__MIN","DDPG_EQL_PointMaze_Medium_Diverse_GRDense-v3_19 - eval/avg_reward__MAX","DDPG_EQL_PointMaze_Medium_Diverse_GRDense-v3_18 - eval/avg_reward","DDPG_EQL_PointMaze_Medium_Diverse_GRDense-v3_18 - eval/avg_reward__MIN","DDPG_EQL_PointMaze_Medium_Diverse_GRDense-v3_18 - eval/avg_reward__MAX","DDPG_EQL_PointMaze_Medium_Diverse_GRDense-v3_17 - eval/avg_reward","DDPG_EQL_PointMaze_Medium_Diverse_GRDense-v3_17 - eval/avg_reward__MIN","DDPG_EQL_PointMaze_Medium_Diverse_GRDense-v3_17 - eval/avg_reward__MAX","DDPG_EQL_PointMaze_Medium_Diverse_GRDense-v3_16 - eval/avg_reward","DDPG_EQL_PointMaze_Medium_Diverse_GRDense-v3_16 - eval/avg_reward__MIN","DDPG_EQL_PointMaze_Medium_Diverse_GRDense-v3_16 - eval/avg_reward__MAX","DDPG_EQL_PointMaze_Medium_Diverse_GRDense-v3_15 - eval/avg_reward","DDPG_EQL_PointMaze_Medium_Diverse_GRDense-v3_15 - eval/avg_reward__MIN","DDPG_EQL_PointMaze_Medium_Diverse_GRDense-v3_15 - eval/avg_reward__MAX","DDPG_EQL_PointMaze_Medium_Diverse_GRDense-v3_14 - eval/avg_reward","DDPG_EQL_PointMaze_Medium_Diverse_GRDense-v3_14 - eval/avg_reward__MIN","DDPG_EQL_PointMaze_Medium_Diverse_GRDense-v3_14 - eval/avg_reward__MAX","DDPG_EQL_PointMaze_Medium_Diverse_GRDense-v3_13 - eval/avg_reward","DDPG_EQL_PointMaze_Medium_Diverse_GRDense-v3_13 - eval/avg_reward__MIN","DDPG_EQL_PointMaze_Medium_Diverse_GRDense-v3_13 - eval/avg_reward__MAX","DDPG_EQL_PointMaze_Medium_Diverse_GRDense-v3_12 - eval/avg_reward","DDPG_EQL_PointMaze_Medium_Diverse_GRDense-v3_12 - eval/avg_reward__MIN","DDPG_EQL_PointMaze_Medium_Diverse_GRDense-v3_12 - eval/avg_reward__MAX","DDPG_EQL_PointMaze_Medium_Diverse_GRDense-v3_11 - eval/avg_reward","DDPG_EQL_PointMaze_Medium_Diverse_GRDense-v3_11 - eval/avg_reward__MIN","DDPG_EQL_PointMaze_Medium_Diverse_GRDense-v3_11 - eval/avg_reward__MAX","DDPG_EQL_PointMaze_Medium_Diverse_GRDense-v3_10 - eval/avg_reward","DDPG_EQL_PointMaze_Medium_Diverse_GRDense-v3_10 - eval/avg_reward__MIN","DDPG_EQL_PointMaze_Medium_Diverse_GRDense-v3_10 - eval/avg_reward__MAX","DDPG_EQL_PointMaze_Medium_Diverse_GRDense-v3_1 - eval/avg_reward","DDPG_EQL_PointMaze_Medium_Diverse_GRDense-v3_1 - eval/avg_reward__MIN","DDPG_EQL_PointMaze_Medium_Diverse_GRDense-v3_1 - eval/avg_reward__MAX","DDPG_EQL_PointMaze_Medium_Diverse_GRDense-v3_0 - eval/avg_reward","DDPG_EQL_PointMaze_Medium_Diverse_GRDense-v3_0 - eval/avg_reward__MIN","DDPG_EQL_PointMaze_Medium_Diverse_GRDense-v3_0 - eval/avg_reward__MAX"
"0","16.80951473146576","16.80951473146576","16.80951473146576","13.788447224985044","13.788447224985044","13.788447224985044","42.299381200309384","42.299381200309384","42.299381200309384","4.53764197294319","4.53764197294319","4.53764197294319","2.7113472675460186","2.7113472675460186","2.7113472675460186","13.96168542746552","13.96168542746552","13.96168542746552","6.525772680379954","6.525772680379954","6.525772680379954","4.723462580267801","4.723462580267801","4.723462580267801","12.649025796756186","12.649025796756186","12.649025796756186","22.142586886258325","22.142586886258325","22.142586886258325","5.618534182130749","5.618534182130749","5.618534182130749","28.935697458099174","28.935697458099174","28.935697458099174","15.015048724020795","15.015048724020795","15.015048724020795","17.18041673084686","17.18041673084686","17.18041673084686","8.42488460452272","8.42488460452272","8.42488460452272","2.693117183700034","2.693117183700034","2.693117183700034","7.876533768625142","7.876533768625142","7.876533768625142","36.27183051738649","36.27183051738649","36.27183051738649","4.327886977974736","4.327886977974736","4.327886977974736","2.95754412605061","2.95754412605061","2.95754412605061"
"4000","29.715368743200013","29.715368743200013","29.715368743200013","9.976991924644128","9.976991924644128","9.976991924644128","3.7867751341467057","3.7867751341467057","3.7867751341467057","2.0216344885800313","2.0216344885800313","2.0216344885800313","5.290518557432203","5.290518557432203","5.290518557432203","5.332004696849656","5.332004696849656","5.332004696849656","5.713001764138083","5.713001764138083","5.713001764138083","14.061760332307486","14.061760332307486","14.061760332307486","26.99922441712521","26.99922441712521","26.99922441712521","8.466827721105222","8.466827721105222","8.466827721105222","5.687152948916085","5.687152948916085","5.687152948916085","1.6286824738062986","1.6286824738062986","1.6286824738062986","17.341707942000408","17.341707942000408","17.341707942000408","2.5132722155289215","2.5132722155289215","2.5132722155289215","8.908576272804325","8.908576272804325","8.908576272804325","2.44952649697158","2.44952649697158","2.44952649697158","5.321128619986738","5.321128619986738","5.321128619986738","41.45755119008785","41.45755119008785","41.45755119008785","5.242579040369376","5.242579040369376","5.242579040369376","3.1170844844999026","3.1170844844999026","3.1170844844999026"
"8000","18.833867760367635","18.833867760367635","18.833867760367635","10.36466960838604","10.36466960838604","10.36466960838604","3.46335343034616","3.46335343034616","3.46335343034616","1.5818929143052394","1.5818929143052394","1.5818929143052394","5.290519366524746","5.290519366524746","5.290519366524746","21.787441262961856","21.787441262961856","21.787441262961856","29.115595946882685","29.115595946882685","29.115595946882685","36.96542332870428","36.96542332870428","36.96542332870428","27.208572381919907","27.208572381919907","27.208572381919907","30.38061044740531","30.38061044740531","30.38061044740531","5.030547899239726","5.030547899239726","5.030547899239726","6.772704989965499","6.772704989965499","6.772704989965499","17.72643299024152","17.72643299024152","17.72643299024152","23.50595016611996","23.50595016611996","23.50595016611996","8.844080087737705","8.844080087737705","8.844080087737705","2.7124130642180786","2.7124130642180786","2.7124130642180786","8.647609985651378","8.647609985651378","8.647609985651378","5.721467633614583","5.721467633614583","5.721467633614583","4.129307050108255","4.129307050108255","4.129307050108255","18.83371761675047","18.83371761675047","18.83371761675047"
"12000","4.34066486920867","4.34066486920867","4.34066486920867","21.760786380135436","21.760786380135436","21.760786380135436","8.654719600289688","8.654719600289688","8.654719600289688","2.8996893811025783","2.8996893811025783","2.8996893811025783","2.0049851824538587","2.0049851824538587","2.0049851824538587","9.605033899488099","9.605033899488099","9.605033899488099","14.438682546038137","14.438682546038137","14.438682546038137","20.69880337836396","20.69880337836396","20.69880337836396","26.46090407748066","26.46090407748066","26.46090407748066","20.87253342372805","20.87253342372805","20.87253342372805","3.2751283070239445","3.2751283070239445","3.2751283070239445","6.956939872740944","6.956939872740944","6.956939872740944","19.445097661999156","19.445097661999156","19.445097661999156","25.737554869195662","25.737554869195662","25.737554869195662","8.60488906892804","8.60488906892804","8.60488906892804","8.820986055804763","8.820986055804763","8.820986055804763","8.698177203265569","8.698177203265569","8.698177203265569","8.597801464375511","8.597801464375511","8.597801464375511","7.572263015632002","7.572263015632002","7.572263015632002","2.472760417517567","2.472760417517567","2.472760417517567"
"16000","50.214415870476316","50.214415870476316","50.214415870476316","21.335198869794194","21.335198869794194","21.335198869794194","9.131356096010986","9.131356096010986","9.131356096010986","44.26920843987967","44.26920843987967","44.26920843987967","2.1413331718894915","2.1413331718894915","2.1413331718894915","17.150334404051723","17.150334404051723","17.150334404051723","20.646427997144485","20.646427997144485","20.646427997144485","11.578159134990077","11.578159134990077","11.578159134990077","4.601065878229659","4.601065878229659","4.601065878229659","46.152162317403864","46.152162317403864","46.152162317403864","2.6383786269636684","2.6383786269636684","2.6383786269636684","7.016823398645572","7.016823398645572","7.016823398645572","16.437137618947098","16.437137618947098","16.437137618947098","17.91025002003483","17.91025002003483","17.91025002003483","8.586078441718815","8.586078441718815","8.586078441718815","5.560156525438269","5.560156525438269","5.560156525438269","44.4700096949766","44.4700096949766","44.4700096949766","10.4825672068068","10.4825672068068","10.4825672068068","33.7605281689579","33.7605281689579","33.7605281689579","2.8753357580290606","2.8753357580290606","2.8753357580290606"
"20000","107.74445384570451","107.74445384570451","107.74445384570451","34.52832114077841","34.52832114077841","34.52832114077841","5.055202216048315","5.055202216048315","5.055202216048315","17.93356536486812","17.93356536486812","17.93356536486812","2.5712631690326013","2.5712631690326013","2.5712631690326013","17.148594354728658","17.148594354728658","17.148594354728658","50.78504489441942","50.78504489441942","50.78504489441942","25.39161165562643","25.39161165562643","25.39161165562643","25.605979588250875","25.605979588250875","25.605979588250875","53.79648158119126","53.79648158119126","53.79648158119126","4.026650843682029","4.026650843682029","4.026650843682029","7.3112296215049195","7.3112296215049195","7.3112296215049195","19.99264332069605","19.99264332069605","19.99264332069605","22.267899298285734","22.267899298285734","22.267899298285734","8.757407499348725","8.757407499348725","8.757407499348725","3.2681878873006034","3.2681878873006034","3.2681878873006034","86.80467255198693","86.80467255198693","86.80467255198693","19.681861771481966","19.681861771481966","19.681861771481966","67.87738348619874","67.87738348619874","67.87738348619874","12.901438756224232","12.901438756224232","12.901438756224232"
"24000","55.68924084957753","55.68924084957753","55.68924084957753","32.573655937922055","32.573655937922055","32.573655937922055","5.197218078267493","5.197218078267493","5.197218078267493","22.328426023154652","22.328426023154652","22.328426023154652","2.5704789120172893","2.5704789120172893","2.5704789120172893","34.65280137708523","34.65280137708523","34.65280137708523","58.33538196394399","58.33538196394399","58.33538196394399","35.67131412442911","35.67131412442911","35.67131412442911","26.52945093993348","26.52945093993348","26.52945093993348","31.828131060158558","31.828131060158558","31.828131060158558","1.212855344352395","1.212855344352395","1.212855344352395","7.412268996319329","7.412268996319329","7.412268996319329","9.330926643203364","9.330926643203364","9.330926643203364","27.174863732219286","27.174863732219286","27.174863732219286","33.46646666746401","33.46646666746401","33.46646666746401","27.014465963794372","27.014465963794372","27.014465963794372","48.82443577345276","48.82443577345276","48.82443577345276","45.35102112763762","45.35102112763762","45.35102112763762","86.27466403408219","86.27466403408219","86.27466403408219","72.67835510958173","72.67835510958173","72.67835510958173"
"28000","48.5861993529122","48.5861993529122","48.5861993529122","47.686417538267946","47.686417538267946","47.686417538267946","4.717789778746683","4.717789778746683","4.717789778746683","37.65453589304772","37.65453589304772","37.65453589304772","2.3544122464894155","2.3544122464894155","2.3544122464894155","35.405217447815616","35.405217447815616","35.405217447815616","64.14500885068966","64.14500885068966","64.14500885068966","22.92897819762657","22.92897819762657","22.92897819762657","26.10749629534136","26.10749629534136","26.10749629534136","43.113908350617784","43.113908350617784","43.113908350617784","4.30522735446684","4.30522735446684","4.30522735446684","29.823771311474786","29.823771311474786","29.823771311474786","17.2054216854602","17.2054216854602","17.2054216854602","42.03495947244796","42.03495947244796","42.03495947244796","58.3141257491631","58.3141257491631","58.3141257491631","48.01735313864182","48.01735313864182","48.01735313864182","78.24294909671785","78.24294909671785","78.24294909671785","9.224028962097957","9.224028962097957","9.224028962097957","89.62995600813059","89.62995600813059","89.62995600813059","68.94150942024298","68.94150942024298","68.94150942024298"
"32000","55.80738817226096","55.80738817226096","55.80738817226096","20.873038137737247","20.873038137737247","20.873038137737247","6.296520428787854","6.296520428787854","6.296520428787854","64.38628908305654","64.38628908305654","64.38628908305654","2.9698874258681753","2.9698874258681753","2.9698874258681753","50.8032182836137","50.8032182836137","50.8032182836137","65.29060039991666","65.29060039991666","65.29060039991666","35.59196932295272","35.59196932295272","35.59196932295272","57.177174695879486","57.177174695879486","57.177174695879486","33.287416764778335","33.287416764778335","33.287416764778335","3.126895420146715","3.126895420146715","3.126895420146715","40.347048208359546","40.347048208359546","40.347048208359546","17.85027887090331","17.85027887090331","17.85027887090331","21.571855942225568","21.571855942225568","21.571855942225568","66.36532043127242","66.36532043127242","66.36532043127242","48.991410220177364","48.991410220177364","48.991410220177364","73.25282898637002","73.25282898637002","73.25282898637002","27.86233098194212","27.86233098194212","27.86233098194212","93.74471904419553","93.74471904419553","93.74471904419553","20.094683503979883","20.094683503979883","20.094683503979883"
"36000","108.06453262961004","108.06453262961004","108.06453262961004","13.160738629124344","13.160738629124344","13.160738629124344","6.516580741620965","6.516580741620965","6.516580741620965","72.329143127882","72.329143127882","72.329143127882","6.566275342716094","6.566275342716094","6.566275342716094","37.65159316430125","37.65159316430125","37.65159316430125","64.55674719705671","64.55674719705671","64.55674719705671","56.204236509398015","56.204236509398015","56.204236509398015","72.8975986688208","72.8975986688208","72.8975986688208","28.994437803523518","28.994437803523518","28.994437803523518","36.32711883523664","36.32711883523664","36.32711883523664","43.168481856473804","43.168481856473804","43.168481856473804","25.801847051290554","25.801847051290554","25.801847051290554","25.22156367193318","25.22156367193318","25.22156367193318","90.43618536735222","90.43618536735222","90.43618536735222","8.028998076699185","8.028998076699185","8.028998076699185","15.144054367188962","15.144054367188962","15.144054367188962","10.826154039096403","10.826154039096403","10.826154039096403","130.9928182593639","130.9928182593639","130.9928182593639","17.227399496270117","17.227399496270117","17.227399496270117"
"40000","60.23364463299042","60.23364463299042","60.23364463299042","25.79365600675202","25.79365600675202","25.79365600675202","8.90929251020046","8.90929251020046","8.90929251020046","71.54936788953982","71.54936788953982","71.54936788953982","6.5917981938524175","6.5917981938524175","6.5917981938524175","41.22889252187051","41.22889252187051","41.22889252187051","47.691718685427475","47.691718685427475","47.691718685427475","51.34866236852324","51.34866236852324","51.34866236852324","59.78263106710631","59.78263106710631","59.78263106710631","51.94905052466909","51.94905052466909","51.94905052466909","21.02303106235728","21.02303106235728","21.02303106235728","44.892326593561165","44.892326593561165","44.892326593561165","23.262374451706226","23.262374451706226","23.262374451706226","36.85233213167549","36.85233213167549","36.85233213167549","39.91851854480837","39.91851854480837","39.91851854480837","31.197397212810227","31.197397212810227","31.197397212810227","19.276329550054513","19.276329550054513","19.276329550054513","10.59569239434072","10.59569239434072","10.59569239434072","129.4041942390249","129.4041942390249","129.4041942390249","17.202777387843145","17.202777387843145","17.202777387843145"
"44000","59.223225011077545","59.223225011077545","59.223225011077545","25.443714561590422","25.443714561590422","25.443714561590422","7.253387400857636","7.253387400857636","7.253387400857636","53.72395761447327","53.72395761447327","53.72395761447327","7.582939705776373","7.582939705776373","7.582939705776373","44.19346878894642","44.19346878894642","44.19346878894642","66.51388142639719","66.51388142639719","66.51388142639719","40.64086829438198","40.64086829438198","40.64086829438198","63.155672072838726","63.155672072838726","63.155672072838726","54.1556639914521","54.1556639914521","54.1556639914521","4.520621272903741","4.520621272903741","4.520621272903741","89.63987836902284","89.63987836902284","89.63987836902284","19.186357652148615","19.186357652148615","19.186357652148615","24.98055841935595","24.98055841935595","24.98055841935595","81.63870139520367","81.63870139520367","81.63870139520367","43.64139610378507","43.64139610378507","43.64139610378507","30.587762112001563","30.587762112001563","30.587762112001563","9.88886345805707","9.88886345805707","9.88886345805707","130.85024704200424","130.85024704200424","130.85024704200424","18.00708561495159","18.00708561495159","18.00708561495159"
"48000","66.88442056393467","66.88442056393467","66.88442056393467","27.507784949857626","27.507784949857626","27.507784949857626","22.271392707644633","22.271392707644633","22.271392707644633","72.77259160338568","72.77259160338568","72.77259160338568","16.234460474726497","16.234460474726497","16.234460474726497","12.501828889735139","12.501828889735139","12.501828889735139","57.358250305789646","57.358250305789646","57.358250305789646","47.74805618031932","47.74805618031932","47.74805618031932","71.43832561575206","71.43832561575206","71.43832561575206","34.62766429966318","34.62766429966318","34.62766429966318","4.5272812391268555","4.5272812391268555","4.5272812391268555","87.45589465201599","87.45589465201599","87.45589465201599","25.62698669565493","25.62698669565493","25.62698669565493","45.39541253245544","45.39541253245544","45.39541253245544","70.11613335751898","70.11613335751898","70.11613335751898","48.53148980505936","48.53148980505936","48.53148980505936","14.516563315925534","14.516563315925534","14.516563315925534","10.111731473510124","10.111731473510124","10.111731473510124","139.3244062214392","139.3244062214392","139.3244062214392","18.933629982765307","18.933629982765307","18.933629982765307"
"52000","65.77672649758458","65.77672649758458","65.77672649758458","3.1881891980758255","3.1881891980758255","3.1881891980758255","28.833330579724947","28.833330579724947","28.833330579724947","78.96436331506145","78.96436331506145","78.96436331506145","15.514083213227355","15.514083213227355","15.514083213227355","22.188214138117054","22.188214138117054","22.188214138117054","53.27717013456377","53.27717013456377","53.27717013456377","44.78238797231785","44.78238797231785","44.78238797231785","63.65170241045553","63.65170241045553","63.65170241045553","41.5507323898602","41.5507323898602","41.5507323898602","4.522361300747879","4.522361300747879","4.522361300747879","84.31114434138715","84.31114434138715","84.31114434138715","22.303573007719947","22.303573007719947","22.303573007719947","50.161577409267224","50.161577409267224","50.161577409267224","53.51928844468349","53.51928844468349","53.51928844468349","48.06913716866999","48.06913716866999","48.06913716866999","99.2561858901112","99.2561858901112","99.2561858901112","10.034127005185095","10.034127005185095","10.034127005185095","150.03117983082538","150.03117983082538","150.03117983082538","84.44480184417507","84.44480184417507","84.44480184417507"
"56000","69.0647789062267","69.0647789062267","69.0647789062267","6.532899782703484","6.532899782703484","6.532899782703484","16.045961695090902","16.045961695090902","16.045961695090902","79.59393345158745","79.59393345158745","79.59393345158745","11.180834770637123","11.180834770637123","11.180834770637123","11.641710511719783","11.641710511719783","11.641710511719783","51.860778178142525","51.860778178142525","51.860778178142525","61.14949041889317","61.14949041889317","61.14949041889317","48.83064070082994","48.83064070082994","48.83064070082994","60.13636385880572","60.13636385880572","60.13636385880572","4.539442615052346","4.539442615052346","4.539442615052346","100.45916608681421","100.45916608681421","100.45916608681421","46.78850191149775","46.78850191149775","46.78850191149775","52.15635371086146","52.15635371086146","52.15635371086146","53.475774225098554","53.475774225098554","53.475774225098554","43.40559732255748","43.40559732255748","43.40559732255748","93.80016545421611","93.80016545421611","93.80016545421611","10.181568713825293","10.181568713825293","10.181568713825293","114.66849010084574","114.66849010084574","114.66849010084574","88.69725124366933","88.69725124366933","88.69725124366933"
"60000","64.3820067700696","64.3820067700696","64.3820067700696","6.45056003801471","6.45056003801471","6.45056003801471","21.16619622635185","21.16619622635185","21.16619622635185","85.86579668032057","85.86579668032057","85.86579668032057","9.191450805603617","9.191450805603617","9.191450805603617","11.69609369412342","11.69609369412342","11.69609369412342","46.3981757000881","46.3981757000881","46.3981757000881","60.52811973966053","60.52811973966053","60.52811973966053","82.78031328843797","82.78031328843797","82.78031328843797","61.62630379136225","61.62630379136225","61.62630379136225","4.608229756310904","4.608229756310904","4.608229756310904","53.09235646831776","53.09235646831776","53.09235646831776","57.53595756698585","57.53595756698585","57.53595756698585","53.33071144022257","53.33071144022257","53.33071144022257","27.634215752856353","27.634215752856353","27.634215752856353","47.12486670282479","47.12486670282479","47.12486670282479","117.53393348498567","117.53393348498567","117.53393348498567","10.395166139404171","10.395166139404171","10.395166139404171","149.10265599447249","149.10265599447249","149.10265599447249","78.78631042359447","78.78631042359447","78.78631042359447"
"64000","65.48418238210533","65.48418238210533","65.48418238210533","7.622979939661972","7.622979939661972","7.622979939661972","21.36885619346295","21.36885619346295","21.36885619346295","131.4532577795513","131.4532577795513","131.4532577795513","9.042424968383125","9.042424968383125","9.042424968383125","11.751745355736704","11.751745355736704","11.751745355736704","71.23944321203086","71.23944321203086","71.23944321203086","37.83138611477103","37.83138611477103","37.83138611477103","88.57041300662117","88.57041300662117","88.57041300662117","64.79637896046009","64.79637896046009","64.79637896046009","5.488687324237869","5.488687324237869","5.488687324237869","53.41168794446021","53.41168794446021","53.41168794446021","50.79966230635271","50.79966230635271","50.79966230635271","56.97537903671413","56.97537903671413","56.97537903671413","130.25011446955705","130.25011446955705","130.25011446955705","39.67490228628144","39.67490228628144","39.67490228628144","90.37234195006059","90.37234195006059","90.37234195006059","10.43562350855952","10.43562350855952","10.43562350855952","151.28004147951225","151.28004147951225","151.28004147951225","61.37581868205982","61.37581868205982","61.37581868205982"
"68000","58.448596785377504","58.448596785377504","58.448596785377504","8.885124765690719","8.885124765690719","8.885124765690719","49.67112770617002","49.67112770617002","49.67112770617002","130.00908204719684","130.00908204719684","130.00908204719684","9.135380106372427","9.135380106372427","9.135380106372427","45.533220079841996","45.533220079841996","45.533220079841996","76.00827374729826","76.00827374729826","76.00827374729826","40.01332795057965","40.01332795057965","40.01332795057965","80.96316511406575","80.96316511406575","80.96316511406575","27.127235859939553","27.127235859939553","27.127235859939553","5.321663466245974","5.321663466245974","5.321663466245974","46.83648558474742","46.83648558474742","46.83648558474742","56.90422608510862","56.90422608510862","56.90422608510862","25.9790543911295","25.9790543911295","25.9790543911295","91.17382929628644","91.17382929628644","91.17382929628644","44.78759772854956","44.78759772854956","44.78759772854956","103.28347219231236","103.28347219231236","103.28347219231236","10.489961981506724","10.489961981506724","10.489961981506724","146.1699427598699","146.1699427598699","146.1699427598699","78.93492737060464","78.93492737060464","78.93492737060464"
"72000","59.911940056273224","59.911940056273224","59.911940056273224","9.660003181579127","9.660003181579127","9.660003181579127","48.95156801530182","48.95156801530182","48.95156801530182","124.80243242880533","124.80243242880533","124.80243242880533","10.678293672956162","10.678293672956162","10.678293672956162","15.064072723474343","15.064072723474343","15.064072723474343","81.05097881021165","81.05097881021165","81.05097881021165","47.17908851983539","47.17908851983539","47.17908851983539","70.1515148183963","70.1515148183963","70.1515148183963","46.22442994043342","46.22442994043342","46.22442994043342","5.484815613180663","5.484815613180663","5.484815613180663","53.07755528626903","53.07755528626903","53.07755528626903","63.346627529573695","63.346627529573695","63.346627529573695","57.53945358385738","57.53945358385738","57.53945358385738","59.88634824793536","59.88634824793536","59.88634824793536","54.48919002773109","54.48919002773109","54.48919002773109","111.36115144630651","111.36115144630651","111.36115144630651","14.065196710816355","14.065196710816355","14.065196710816355","148.17655968487347","148.17655968487347","148.17655968487347","79.83703351511241","79.83703351511241","79.83703351511241"
"76000","58.50543314415025","58.50543314415025","58.50543314415025","10.570275399288857","10.570275399288857","10.570275399288857","45.82452885471661","45.82452885471661","45.82452885471661","126.78550044628533","126.78550044628533","126.78550044628533","11.083239518846275","11.083239518846275","11.083239518846275","46.99370094070734","46.99370094070734","46.99370094070734","85.85479794464804","85.85479794464804","85.85479794464804","52.65217036412914","52.65217036412914","52.65217036412914","65.50297424377342","65.50297424377342","65.50297424377342","61.51114734009788","61.51114734009788","61.51114734009788","5.45081803686446","5.45081803686446","5.45081803686446","90.42035177360722","90.42035177360722","90.42035177360722","62.60037627650964","62.60037627650964","62.60037627650964","58.81756405010303","58.81756405010303","58.81756405010303","54.399674783872854","54.399674783872854","54.399674783872854","54.735241328255555","54.735241328255555","54.735241328255555","95.8483176927876","95.8483176927876","95.8483176927876","14.611611273228325","14.611611273228325","14.611611273228325","151.60935521744554","151.60935521744554","151.60935521744554","88.514012911354","88.514012911354","88.514012911354"
"80000","66.99306838623765","66.99306838623765","66.99306838623765","8.503928431886132","8.503928431886132","8.503928431886132","43.9204495479101","43.9204495479101","43.9204495479101","129.66512193651312","129.66512193651312","129.66512193651312","12.488294351067259","12.488294351067259","12.488294351067259","15.511328610200806","15.511328610200806","15.511328610200806","64.44692811004508","64.44692811004508","64.44692811004508","72.722663972344","72.722663972344","72.722663972344","52.43432158147516","52.43432158147516","52.43432158147516","61.55230682482843","61.55230682482843","61.55230682482843","5.5202504757444615","5.5202504757444615","5.5202504757444615","89.09038091480545","89.09038091480545","89.09038091480545","68.88787856501636","68.88787856501636","68.88787856501636","83.63966919411689","83.63966919411689","83.63966919411689","54.30517272672663","54.30517272672663","54.30517272672663","67.34899935439951","67.34899935439951","67.34899935439951","98.19722736967677","98.19722736967677","98.19722736967677","17.741810748428094","17.741810748428094","17.741810748428094","158.90813140724524","158.90813140724524","158.90813140724524","88.46268308392743","88.46268308392743","88.46268308392743"
"84000","71.10432864108814","71.10432864108814","71.10432864108814","7.691092096773376","7.691092096773376","7.691092096773376","10.44427469909478","10.44427469909478","10.44427469909478","98.45610249217206","98.45610249217206","98.45610249217206","10.662197406215887","10.662197406215887","10.662197406215887","38.68300407948175","38.68300407948175","38.68300407948175","83.86844582668469","83.86844582668469","83.86844582668469","75.25184584424288","75.25184584424288","75.25184584424288","54.710403124075334","54.710403124075334","54.710403124075334","62.508489495265984","62.508489495265984","62.508489495265984","4.676049847485263","4.676049847485263","4.676049847485263","64.70693007424101","64.70693007424101","64.70693007424101","68.48710937481361","68.48710937481361","68.48710937481361","68.47963561963374","68.47963561963374","68.47963561963374","68.59799642663423","68.59799642663423","68.59799642663423","67.74363245944245","67.74363245944245","67.74363245944245","98.87647930835674","98.87647930835674","98.87647930835674","12.603381495361395","12.603381495361395","12.603381495361395","143.24198931439136","143.24198931439136","143.24198931439136","86.60361515599543","86.60361515599543","86.60361515599543"
"88000","62.52507126498911","62.52507126498911","62.52507126498911","37.52051612874773","37.52051612874773","37.52051612874773","118.63384004254544","118.63384004254544","118.63384004254544","101.2435059431925","101.2435059431925","101.2435059431925","24.539358284957252","24.539358284957252","24.539358284957252","17.47148207525679","17.47148207525679","17.47148207525679","78.48940249317688","78.48940249317688","78.48940249317688","136.19899311219723","136.19899311219723","136.19899311219723","78.99365142477197","78.99365142477197","78.99365142477197","57.9316233564582","57.9316233564582","57.9316233564582","5.058786541666796","5.058786541666796","5.058786541666796","40.94756831165655","40.94756831165655","40.94756831165655","87.5584607877557","87.5584607877557","87.5584607877557","72.40392350695531","72.40392350695531","72.40392350695531","71.68049292521889","71.68049292521889","71.68049292521889","65.49677384139369","65.49677384139369","65.49677384139369","86.37194876682838","86.37194876682838","86.37194876682838","12.061174459991673","12.061174459991673","12.061174459991673","133.6165924574008","133.6165924574008","133.6165924574008","84.57802993284942","84.57802993284942","84.57802993284942"
"92000","63.99542460321461","63.99542460321461","63.99542460321461","28.298154363874517","28.298154363874517","28.298154363874517","98.95835685333095","98.95835685333095","98.95835685333095","126.28966061294986","126.28966061294986","126.28966061294986","104.92623617686965","104.92623617686965","104.92623617686965","57.84211826063927","57.84211826063927","57.84211826063927","86.87438454448349","86.87438454448349","86.87438454448349","109.7360112205499","109.7360112205499","109.7360112205499","95.21848176693396","95.21848176693396","95.21848176693396","62.47409435834926","62.47409435834926","62.47409435834926","5.048386473960835","5.048386473960835","5.048386473960835","66.01021807068813","66.01021807068813","66.01021807068813","68.52624987359093","68.52624987359093","68.52624987359093","63.59658336415822","63.59658336415822","63.59658336415822","80.38432731798824","80.38432731798824","80.38432731798824","68.66133753534122","68.66133753534122","68.66133753534122","106.11569850028562","106.11569850028562","106.11569850028562","44.638441760240426","44.638441760240426","44.638441760240426","134.9280753480698","134.9280753480698","134.9280753480698","81.89656035958271","81.89656035958271","81.89656035958271"
"96000","69.82872401385781","69.82872401385781","69.82872401385781","27.914133301529585","27.914133301529585","27.914133301529585","115.73314345737364","115.73314345737364","115.73314345737364","127.4220426999686","127.4220426999686","127.4220426999686","112.0752753178474","112.0752753178474","112.0752753178474","49.09858011336591","49.09858011336591","49.09858011336591","93.39049504382162","93.39049504382162","93.39049504382162","94.8838781258314","94.8838781258314","94.8838781258314","125.75245352674312","125.75245352674312","125.75245352674312","67.75670652165023","67.75670652165023","67.75670652165023","5.09586092550612","5.09586092550612","5.09586092550612","65.89658277379321","65.89658277379321","65.89658277379321","73.7466828425851","73.7466828425851","73.7466828425851","65.68109699458208","65.68109699458208","65.68109699458208","73.94269521909959","73.94269521909959","73.94269521909959","59.43175339549951","59.43175339549951","59.43175339549951","89.41353862279483","89.41353862279483","89.41353862279483","20.247422982927848","20.247422982927848","20.247422982927848","143.31400584543323","143.31400584543323","143.31400584543323","83.21023856489487","83.21023856489487","83.21023856489487"
"100000","158.53109263451663","158.53109263451663","158.53109263451663","46.479677800974564","46.479677800974564","46.479677800974564","112.55853430702496","112.55853430702496","112.55853430702496","131.07402626545036","131.07402626545036","131.07402626545036","51.46780412395981","51.46780412395981","51.46780412395981","21.72020849070409","21.72020849070409","21.72020849070409","97.1641264755921","97.1641264755921","97.1641264755921","93.68943635872404","93.68943635872404","93.68943635872404","97.84113176890966","97.84113176890966","97.84113176890966","71.50650018734943","71.50650018734943","71.50650018734943","167.0016888545755","167.0016888545755","167.0016888545755","77.73899806638084","77.73899806638084","77.73899806638084","80.20195088610862","80.20195088610862","80.20195088610862","31.051812957348307","31.051812957348307","31.051812957348307","88.22768512367615","88.22768512367615","88.22768512367615","62.021185004445655","62.021185004445655","62.021185004445655","99.98591018696102","99.98591018696102","99.98591018696102","17.245444375934845","17.245444375934845","17.245444375934845","123.09816209196003","123.09816209196003","123.09816209196003","81.22350343912214","81.22350343912214","81.22350343912214"
"104000","175.91464326503137","175.91464326503137","175.91464326503137","50.62327364680634","50.62327364680634","50.62327364680634","108.80042473933213","108.80042473933213","108.80042473933213","128.23134744053914","128.23134744053914","128.23134744053914","55.908076648782625","55.908076648782625","55.908076648782625","20.555209012710957","20.555209012710957","20.555209012710957","108.52875503263427","108.52875503263427","108.52875503263427","95.6661873514038","95.6661873514038","95.6661873514038","93.00614694074156","93.00614694074156","93.00614694074156","61.767436499022075","61.767436499022075","61.767436499022075","191.53092699089353","191.53092699089353","191.53092699089353","67.04652414542514","67.04652414542514","67.04652414542514","74.15453010353478","74.15453010353478","74.15453010353478","70.13951673879033","70.13951673879033","70.13951673879033","70.49145280864445","70.49145280864445","70.49145280864445","56.37794560481275","56.37794560481275","56.37794560481275","92.89073744752501","92.89073744752501","92.89073744752501","14.790460133939751","14.790460133939751","14.790460133939751","144.2640812567722","144.2640812567722","144.2640812567722","83.66063686777073","83.66063686777073","83.66063686777073"
"108000","156.6239645940429","156.6239645940429","156.6239645940429","29.35393102834943","29.35393102834943","29.35393102834943","128.20974493260505","128.20974493260505","128.20974493260505","103.12952760848216","103.12952760848216","103.12952760848216","106.32615540342758","106.32615540342758","106.32615540342758","24.38195675795354","24.38195675795354","24.38195675795354","101.93768270612313","101.93768270612313","101.93768270612313","64.3909232851303","64.3909232851303","64.3909232851303","99.27044870527439","99.27044870527439","99.27044870527439","61.795369001986344","61.795369001986344","61.795369001986344","49.32713013123597","49.32713013123597","49.32713013123597","110.37908896854567","110.37908896854567","110.37908896854567","80.64355278769091","80.64355278769091","80.64355278769091","77.97032700044792","77.97032700044792","77.97032700044792","77.38727365056475","77.38727365056475","77.38727365056475","58.29617085787951","58.29617085787951","58.29617085787951","97.80146444238288","97.80146444238288","97.80146444238288","22.462203070096923","22.462203070096923","22.462203070096923","155.54085331709533","155.54085331709533","155.54085331709533","81.37963552852567","81.37963552852567","81.37963552852567"
"112000","102.67477318050689","102.67477318050689","102.67477318050689","47.632617594148215","47.632617594148215","47.632617594148215","112.19626212536537","112.19626212536537","112.19626212536537","102.53997066175434","102.53997066175434","102.53997066175434","61.57113416825432","61.57113416825432","61.57113416825432","23.980743909254947","23.980743909254947","23.980743909254947","96.25996264422324","96.25996264422324","96.25996264422324","67.91435400228706","67.91435400228706","67.91435400228706","103.5728299173268","103.5728299173268","103.5728299173268","59.90368191481231","59.90368191481231","59.90368191481231","2.6520761703956377","2.6520761703956377","2.6520761703956377","208.75618834679616","208.75618834679616","208.75618834679616","75.63012441655438","75.63012441655438","75.63012441655438","58.32734303388254","58.32734303388254","58.32734303388254","157.06960963413923","157.06960963413923","157.06960963413923","53.92455414035611","53.92455414035611","53.92455414035611","110.80259842471143","110.80259842471143","110.80259842471143","15.0906291776889","15.0906291776889","15.0906291776889","78.40056313359571","78.40056313359571","78.40056313359571","82.20097211396019","82.20097211396019","82.20097211396019"
"116000","165.60500480340076","165.60500480340076","165.60500480340076","45.75429954549629","45.75429954549629","45.75429954549629","107.15404180900684","107.15404180900684","107.15404180900684","102.4192879576221","102.4192879576221","102.4192879576221","74.04107679397194","74.04107679397194","74.04107679397194","18.04244466058251","18.04244466058251","18.04244466058251","119.5959738698374","119.5959738698374","119.5959738698374","56.2845738697927","56.2845738697927","56.2845738697927","70.64066462883815","70.64066462883815","70.64066462883815","65.19773288394843","65.19773288394843","65.19773288394843","2.7765705421218967","2.7765705421218967","2.7765705421218967","120.08817344725651","120.08817344725651","120.08817344725651","78.99028995003637","78.99028995003637","78.99028995003637","58.52559319213536","58.52559319213536","58.52559319213536","148.42328251597823","148.42328251597823","148.42328251597823","89.29985289188949","89.29985289188949","89.29985289188949","86.61589551719443","86.61589551719443","86.61589551719443","20.74725946148524","20.74725946148524","20.74725946148524","176.70521004260553","176.70521004260553","176.70521004260553","104.86968160928643","104.86968160928643","104.86968160928643"
"120000","105.00454083677062","105.00454083677062","105.00454083677062","49.83943910195366","49.83943910195366","49.83943910195366","109.87857647007074","109.87857647007074","109.87857647007074","135.5319462541474","135.5319462541474","135.5319462541474","123.17336768561151","123.17336768561151","123.17336768561151","16.26367914136158","16.26367914136158","16.26367914136158","106.10753104035143","106.10753104035143","106.10753104035143","23.631736448779414","23.631736448779414","23.631736448779414","32.93933922734656","32.93933922734656","32.93933922734656","64.75684612997718","64.75684612997718","64.75684612997718","70.91184706707617","70.91184706707617","70.91184706707617","128.0885285523578","128.0885285523578","128.0885285523578","84.75155847959464","84.75155847959464","84.75155847959464","58.95679025887208","58.95679025887208","58.95679025887208","163.64541757067158","163.64541757067158","163.64541757067158","64.14525323075041","64.14525323075041","64.14525323075041","79.51376679302606","79.51376679302606","79.51376679302606","19.4066566873581","19.4066566873581","19.4066566873581","177.8226135989387","177.8226135989387","177.8226135989387","118.80391285856346","118.80391285856346","118.80391285856346"
"124000","100.34671654474106","100.34671654474106","100.34671654474106","54.16982159339384","54.16982159339384","54.16982159339384","106.04729942530034","106.04729942530034","106.04729942530034","71.25881913625102","71.25881913625102","71.25881913625102","129.9206531835853","129.9206531835853","129.9206531835853","15.652893328719353","15.652893328719353","15.652893328719353","108.79088707051406","108.79088707051406","108.79088707051406","38.868216784451846","38.868216784451846","38.868216784451846","25.42310787283707","25.42310787283707","25.42310787283707","57.162193748182666","57.162193748182666","57.162193748182666","5.445478369095102","5.445478369095102","5.445478369095102","203.66135582448368","203.66135582448368","203.66135582448368","80.6567700220181","80.6567700220181","80.6567700220181","93.42685088650309","93.42685088650309","93.42685088650309","185.4608272813814","185.4608272813814","185.4608272813814","68.38264750476594","68.38264750476594","68.38264750476594","89.24423259867876","89.24423259867876","89.24423259867876","25.791891570398228","25.791891570398228","25.791891570398228","130.24606687424264","130.24606687424264","130.24606687424264","94.53293524943693","94.53293524943693","94.53293524943693"
"128000","110.75917239095511","110.75917239095511","110.75917239095511","23.643100729691717","23.643100729691717","23.643100729691717","18.462811089587653","18.462811089587653","18.462811089587653","86.45770103896211","86.45770103896211","86.45770103896211","131.69356233442437","131.69356233442437","131.69356233442437","15.57273114801795","15.57273114801795","15.57273114801795","117.31767322568513","117.31767322568513","117.31767322568513","46.426836878276845","46.426836878276845","46.426836878276845","16.266363746902556","16.266363746902556","16.266363746902556","55.91394327898333","55.91394327898333","55.91394327898333","73.43011338708052","73.43011338708052","73.43011338708052","202.30384102277205","202.30384102277205","202.30384102277205","73.05388662778189","73.05388662778189","73.05388662778189","118.21170509586139","118.21170509586139","118.21170509586139","194.88542804971652","194.88542804971652","194.88542804971652","70.99790683102671","70.99790683102671","70.99790683102671","99.91837050039699","99.91837050039699","99.91837050039699","29.886011759988406","29.886011759988406","29.886011759988406","201.9018313586501","201.9018313586501","201.9018313586501","95.69073870047342","95.69073870047342","95.69073870047342"
"132000","72.42790231900467","72.42790231900467","72.42790231900467","30.989034324578377","30.989034324578377","30.989034324578377","19.178053250962556","19.178053250962556","19.178053250962556","100.94740987411333","100.94740987411333","100.94740987411333","132.5393347733524","132.5393347733524","132.5393347733524","17.66402531881503","17.66402531881503","17.66402531881503","117.05011528254548","117.05011528254548","117.05011528254548","95.00298498290347","95.00298498290347","95.00298498290347","57.006966788414786","57.006966788414786","57.006966788414786","95.52721503761384","95.52721503761384","95.52721503761384","128.01930530716197","128.01930530716197","128.01930530716197","141.16400086591074","141.16400086591074","141.16400086591074","90.36213643567945","90.36213643567945","90.36213643567945","140.4642039309249","140.4642039309249","140.4642039309249","142.11751700119916","142.11751700119916","142.11751700119916","81.52990313769615","81.52990313769615","81.52990313769615","111.78769856319329","111.78769856319329","111.78769856319329","30.231093794694466","30.231093794694466","30.231093794694466","190.9354014226564","190.9354014226564","190.9354014226564","126.96550597681546","126.96550597681546","126.96550597681546"
"136000","137.35281127932532","137.35281127932532","137.35281127932532","19.46289541784143","19.46289541784143","19.46289541784143","30.927347648745375","30.927347648745375","30.927347648745375","92.81231593900725","92.81231593900725","92.81231593900725","124.87962782171978","124.87962782171978","124.87962782171978","18.593268846724843","18.593268846724843","18.593268846724843","102.83601427864266","102.83601427864266","102.83601427864266","94.30685589381928","94.30685589381928","94.30685589381928","56.81474903444398","56.81474903444398","56.81474903444398","91.68064982949309","91.68064982949309","91.68064982949309","5.484345429542902","5.484345429542902","5.484345429542902","121.12464915274779","121.12464915274779","121.12464915274779","98.04066334309917","98.04066334309917","98.04066334309917","142.7469849258923","142.7469849258923","142.7469849258923","166.93566947996763","166.93566947996763","166.93566947996763","67.95803646955697","67.95803646955697","67.95803646955697","116.80619517499194","116.80619517499194","116.80619517499194","29.905902150821714","29.905902150821714","29.905902150821714","198.58068027124568","198.58068027124568","198.58068027124568","131.0738565893906","131.0738565893906","131.0738565893906"
"140000","155.6393893153211","155.6393893153211","155.6393893153211","19.40699485406151","19.40699485406151","19.40699485406151","14.259580068098746","14.259580068098746","14.259580068098746","85.30618172966945","85.30618172966945","85.30618172966945","92.60314901269953","92.60314901269953","92.60314901269953","25.486721492732034","25.486721492732034","25.486721492732034","113.36230814578755","113.36230814578755","113.36230814578755","90.28248691085504","90.28248691085504","90.28248691085504","58.5150266806872","58.5150266806872","58.5150266806872","101.1454397946076","101.1454397946076","101.1454397946076","134.8237703851303","134.8237703851303","134.8237703851303","54.21099465832076","54.21099465832076","54.21099465832076","96.33927826209018","96.33927826209018","96.33927826209018","140.79365605610855","140.79365605610855","140.79365605610855","155.2605016733823","155.2605016733823","155.2605016733823","65.18772496842445","65.18772496842445","65.18772496842445","94.61510179714315","94.61510179714315","94.61510179714315","30.032786394273796","30.032786394273796","30.032786394273796","197.4346224287986","197.4346224287986","197.4346224287986","126.91657983847249","126.91657983847249","126.91657983847249"
"144000","160.6631911557085","160.6631911557085","160.6631911557085","53.426652636488754","53.426652636488754","53.426652636488754","16.68161060591771","16.68161060591771","16.68161060591771","12.074654348699998","12.074654348699998","12.074654348699998","130.08927793277567","130.08927793277567","130.08927793277567","38.94936651740356","38.94936651740356","38.94936651740356","114.25651618798392","114.25651618798392","114.25651618798392","89.81759579012702","89.81759579012702","89.81759579012702","68.9270144414809","68.9270144414809","68.9270144414809","106.05563895556125","106.05563895556125","106.05563895556125","5.360492491824771","5.360492491824771","5.360492491824771","118.68574829241209","118.68574829241209","118.68574829241209","94.66735616893607","94.66735616893607","94.66735616893607","138.1723032377217","138.1723032377217","138.1723032377217","146.43717186958102","146.43717186958102","146.43717186958102","69.70924356744618","69.70924356744618","69.70924356744618","107.08823777490075","107.08823777490075","107.08823777490075","30.668782651615203","30.668782651615203","30.668782651615203","202.76555657984505","202.76555657984505","202.76555657984505","113.91495316955044","113.91495316955044","113.91495316955044"
"148000","163.55533985072566","163.55533985072566","163.55533985072566","20.00481415510972","20.00481415510972","20.00481415510972","103.97360803423962","103.97360803423962","103.97360803423962","57.65074112803537","57.65074112803537","57.65074112803537","131.24116637018665","131.24116637018665","131.24116637018665","36.551183123601255","36.551183123601255","36.551183123601255","123.54092505942147","123.54092505942147","123.54092505942147","126.32332458276369","126.32332458276369","126.32332458276369","60.07774405010777","60.07774405010777","60.07774405010777","59.1734803674316","59.1734803674316","59.1734803674316","109.39432634624514","109.39432634624514","109.39432634624514","117.95082152270777","117.95082152270777","117.95082152270777","100.02802025516425","100.02802025516425","100.02802025516425","130.08271702665644","130.08271702665644","130.08271702665644","137.78345201996885","137.78345201996885","137.78345201996885","68.72926991407465","68.72926991407465","68.72926991407465","114.19387793180424","114.19387793180424","114.19387793180424","29.384972088449558","29.384972088449558","29.384972088449558","193.05989043101812","193.05989043101812","193.05989043101812","116.82321274052595","116.82321274052595","116.82321274052595"
"152000","170.08094575753017","170.08094575753017","170.08094575753017","21.53230241153982","21.53230241153982","21.53230241153982","38.78037769228394","38.78037769228394","38.78037769228394","47.41464171105699","47.41464171105699","47.41464171105699","130.57447898195","130.57447898195","130.57447898195","26.061006565953925","26.061006565953925","26.061006565953925","123.15809530314168","123.15809530314168","123.15809530314168","166.9267105014735","166.9267105014735","166.9267105014735","67.78074891560095","67.78074891560095","67.78074891560095","95.94893378450959","95.94893378450959","95.94893378450959","106.87770628575909","106.87770628575909","106.87770628575909","174.5424174076952","174.5424174076952","174.5424174076952","91.71257729009483","91.71257729009483","91.71257729009483","134.08117190133012","134.08117190133012","134.08117190133012","140.6716938743095","140.6716938743095","140.6716938743095","32.10085322897238","32.10085322897238","32.10085322897238","110.39417859356035","110.39417859356035","110.39417859356035","47.178651830610015","47.178651830610015","47.178651830610015","196.96665633494376","196.96665633494376","196.96665633494376","120.92678927427953","120.92678927427953","120.92678927427953"
"156000","160.97150684374157","160.97150684374157","160.97150684374157","18.53662079389831","18.53662079389831","18.53662079389831","46.69207299134625","46.69207299134625","46.69207299134625","46.904692210684324","46.904692210684324","46.904692210684324","129.2910454079876","129.2910454079876","129.2910454079876","72.939733351542","72.939733351542","72.939733351542","129.45268321473415","129.45268321473415","129.45268321473415","196.5450834396091","196.5450834396091","196.5450834396091","64.68571829005506","64.68571829005506","64.68571829005506","50.09313101139342","50.09313101139342","50.09313101139342","55.92506985567991","55.92506985567991","55.92506985567991","177.53836303852245","177.53836303852245","177.53836303852245","62.733969243276604","62.733969243276604","62.733969243276604","115.57127919274494","115.57127919274494","115.57127919274494","180.1686767107889","180.1686767107889","180.1686767107889","37.749729460057054","37.749729460057054","37.749729460057054","123.96584693472646","123.96584693472646","123.96584693472646","36.36519684344337","36.36519684344337","36.36519684344337","219.37624734208603","219.37624734208603","219.37624734208603","125.56161505127292","125.56161505127292","125.56161505127292"
"160000","174.51390535667457","174.51390535667457","174.51390535667457","19.26484106520085","19.26484106520085","19.26484106520085","46.3196365342985","46.3196365342985","46.3196365342985","65.33532089379358","65.33532089379358","65.33532089379358","131.07425366508784","131.07425366508784","131.07425366508784","40.7411835232762","40.7411835232762","40.7411835232762","142.83672571985272","142.83672571985272","142.83672571985272","194.01474400558524","194.01474400558524","194.01474400558524","58.68658703820815","58.68658703820815","58.68658703820815","59.76086424810818","59.76086424810818","59.76086424810818","85.5566952763619","85.5566952763619","85.5566952763619","164.65729375714025","164.65729375714025","164.65729375714025","69.87136288160514","69.87136288160514","69.87136288160514","92.44637968517722","92.44637968517722","92.44637968517722","206.16092543860555","206.16092543860555","206.16092543860555","38.24936292639025","38.24936292639025","38.24936292639025","120.18920810318107","120.18920810318107","120.18920810318107","48.20669523969631","48.20669523969631","48.20669523969631","140.37685599523266","140.37685599523266","140.37685599523266","124.50478476100275","124.50478476100275","124.50478476100275"
"164000","166.07687601268248","166.07687601268248","166.07687601268248","9.128235347591113","9.128235347591113","9.128235347591113","46.88920885261572","46.88920885261572","46.88920885261572","65.98432098067727","65.98432098067727","65.98432098067727","136.82395773675773","136.82395773675773","136.82395773675773","39.29696617914397","39.29696617914397","39.29696617914397","136.712773606158","136.712773606158","136.712773606158","179.9813829580814","179.9813829580814","179.9813829580814","85.28577169243374","85.28577169243374","85.28577169243374","54.921235177907555","54.921235177907555","54.921235177907555","74.66269519664787","74.66269519664787","74.66269519664787","177.17127934973223","177.17127934973223","177.17127934973223","79.57129172901655","79.57129172901655","79.57129172901655","103.76831276754531","103.76831276754531","103.76831276754531","205.3346282979162","205.3346282979162","205.3346282979162","31.89354648005107","31.89354648005107","31.89354648005107","123.3701948101133","123.3701948101133","123.3701948101133","29.38257730570475","29.38257730570475","29.38257730570475","152.63046418684016","152.63046418684016","152.63046418684016","116.15220935012144","116.15220935012144","116.15220935012144"
"168000","159.4218076601191","159.4218076601191","159.4218076601191","9.014530222770954","9.014530222770954","9.014530222770954","18.575726513963094","18.575726513963094","18.575726513963094","63.16047741242686","63.16047741242686","63.16047741242686","133.64591717526002","133.64591717526002","133.64591717526002","39.60712960595575","39.60712960595575","39.60712960595575","150.387571328588","150.387571328588","150.387571328588","187.90593060173856","187.90593060173856","187.90593060173856","81.84174460063426","81.84174460063426","81.84174460063426","101.34265813527551","101.34265813527551","101.34265813527551","6.850126802499412","6.850126802499412","6.850126802499412","125.13169256575534","125.13169256575534","125.13169256575534","85.76831535480207","85.76831535480207","85.76831535480207","121.41817734101141","121.41817734101141","121.41817734101141","195.19030607598438","195.19030607598438","195.19030607598438","71.66355683177123","71.66355683177123","71.66355683177123","119.91267893200612","119.91267893200612","119.91267893200612","49.669590552869394","49.669590552869394","49.669590552869394","237.47327398337848","237.47327398337848","237.47327398337848","109.4854545859068","109.4854545859068","109.4854545859068"
"172000","149.68306753911529","149.68306753911529","149.68306753911529","7.05775372780064","7.05775372780064","7.05775372780064","31.27871427723913","31.27871427723913","31.27871427723913","112.97216423387633","112.97216423387633","112.97216423387633","132.13001272109327","132.13001272109327","132.13001272109327","40.70615242615234","40.70615242615234","40.70615242615234","150.99362724400308","150.99362724400308","150.99362724400308","174.94106599259422","174.94106599259422","174.94106599259422","50.77134650150619","50.77134650150619","50.77134650150619","63.20026703446424","63.20026703446424","63.20026703446424","10.992144932916563","10.992144932916563","10.992144932916563","129.78767694215452","129.78767694215452","129.78767694215452","70.72037022920952","70.72037022920952","70.72037022920952","103.15522050740076","103.15522050740076","103.15522050740076","172.5790386146807","172.5790386146807","172.5790386146807","66.56158741392517","66.56158741392517","66.56158741392517","123.00210064496517","123.00210064496517","123.00210064496517","46.543159265613674","46.543159265613674","46.543159265613674","192.39340940270154","192.39340940270154","192.39340940270154","146.05268251244826","146.05268251244826","146.05268251244826"
"176000","163.33094896161032","163.33094896161032","163.33094896161032","5.453998052976926","5.453998052976926","5.453998052976926","63.44499299253424","63.44499299253424","63.44499299253424","112.61169466022645","112.61169466022645","112.61169466022645","131.60988880136546","131.60988880136546","131.60988880136546","43.1093781971358","43.1093781971358","43.1093781971358","158.23238428168992","158.23238428168992","158.23238428168992","168.42791137878072","168.42791137878072","168.42791137878072","58.79264011510655","58.79264011510655","58.79264011510655","61.089782272082644","61.089782272082644","61.089782272082644","88.37344045918294","88.37344045918294","88.37344045918294","105.29655206428185","105.29655206428185","105.29655206428185","69.42109539957048","69.42109539957048","69.42109539957048","95.20188616871974","95.20188616871974","95.20188616871974","179.83722957397484","179.83722957397484","179.83722957397484","69.94924619790069","69.94924619790069","69.94924619790069","118.78247361818289","118.78247361818289","118.78247361818289","52.826623794794315","52.826623794794315","52.826623794794315","217.05976297624025","217.05976297624025","217.05976297624025","137.2639661733192","137.2639661733192","137.2639661733192"
"180000","164.65719508713187","164.65719508713187","164.65719508713187","6.266905183893167","6.266905183893167","6.266905183893167","188.32225313571325","188.32225313571325","188.32225313571325","114.85382013921405","114.85382013921405","114.85382013921405","129.62883409613238","129.62883409613238","129.62883409613238","43.076883593997984","43.076883593997984","43.076883593997984","196.31406710711866","196.31406710711866","196.31406710711866","190.13148608693854","190.13148608693854","190.13148608693854","36.50621142515012","36.50621142515012","36.50621142515012","84.0715926997361","84.0715926997361","84.0715926997361","110.96499274449862","110.96499274449862","110.96499274449862","129.10592448043252","129.10592448043252","129.10592448043252","68.86605255811807","68.86605255811807","68.86605255811807","141.57729056724378","141.57729056724378","141.57729056724378","153.2060046037294","153.2060046037294","153.2060046037294","65.6549767220525","65.6549767220525","65.6549767220525","110.795284933298","110.795284933298","110.795284933298","48.158630357850555","48.158630357850555","48.158630357850555","238.60777150702353","238.60777150702353","238.60777150702353","169.41150470807412","169.41150470807412","169.41150470807412"
"184000","204.34612714954966","204.34612714954966","204.34612714954966","17.460939644892395","17.460939644892395","17.460939644892395","113.71582563512675","113.71582563512675","113.71582563512675","117.78915347771476","117.78915347771476","117.78915347771476","132.773561335512","132.773561335512","132.773561335512","38.3436892267773","38.3436892267773","38.3436892267773","220.25437270956246","220.25437270956246","220.25437270956246","204.29072432110746","204.29072432110746","204.29072432110746","46.514714706090984","46.514714706090984","46.514714706090984","104.32999411204723","104.32999411204723","104.32999411204723","77.56260415654262","77.56260415654262","77.56260415654262","203.63914453249674","203.63914453249674","203.63914453249674","76.98856482497715","76.98856482497715","76.98856482497715","142.07792601076477","142.07792601076477","142.07792601076477","123.72475800808202","123.72475800808202","123.72475800808202","71.94582003453024","71.94582003453024","71.94582003453024","148.89571148476398","148.89571148476398","148.89571148476398","10.036793887769921","10.036793887769921","10.036793887769921","213.32012375357766","213.32012375357766","213.32012375357766","164.6224596680508","164.6224596680508","164.6224596680508"
"188000","143.3170921705037","143.3170921705037","143.3170921705037","3.00489118957615","3.00489118957615","3.00489118957615","146.02779271457774","146.02779271457774","146.02779271457774","118.59736107406168","118.59736107406168","118.59736107406168","131.55975359896559","131.55975359896559","131.55975359896559","56.916773071448176","56.916773071448176","56.916773071448176","168.28012302068691","168.28012302068691","168.28012302068691","200.33171198246976","200.33171198246976","200.33171198246976","67.73094824457131","67.73094824457131","67.73094824457131","85.47252443504297","85.47252443504297","85.47252443504297","111.5488350809604","111.5488350809604","111.5488350809604","208.17171326775278","208.17171326775278","208.17171326775278","101.29425299462359","101.29425299462359","101.29425299462359","148.80591152612857","148.80591152612857","148.80591152612857","135.29436394307135","135.29436394307135","135.29436394307135","68.0036271856605","68.0036271856605","68.0036271856605","162.24673057548966","162.24673057548966","162.24673057548966","9.1041443799423","9.1041443799423","9.1041443799423","226.67237820753675","226.67237820753675","226.67237820753675","189.04430332924306","189.04430332924306","189.04430332924306"
"192000","146.93025611264585","146.93025611264585","146.93025611264585","6.901907711577944","6.901907711577944","6.901907711577944","97.60834707539307","97.60834707539307","97.60834707539307","119.6191313662132","119.6191313662132","119.6191313662132","124.28703118729409","124.28703118729409","124.28703118729409","44.50896722597139","44.50896722597139","44.50896722597139","164.99478922710233","164.99478922710233","164.99478922710233","205.44246568839213","205.44246568839213","205.44246568839213","98.1150143037076","98.1150143037076","98.1150143037076","114.11077475698048","114.11077475698048","114.11077475698048","6.687779087155347","6.687779087155347","6.687779087155347","218.99034201637983","218.99034201637983","218.99034201637983","92.77201620430428","92.77201620430428","92.77201620430428","148.8645043194834","148.8645043194834","148.8645043194834","163.30542511114805","163.30542511114805","163.30542511114805","107.10697389000418","107.10697389000418","107.10697389000418","117.00894101306187","117.00894101306187","117.00894101306187","12.271198730818933","12.271198730818933","12.271198730818933","178.7707481251212","178.7707481251212","178.7707481251212","194.90752121309697","194.90752121309697","194.90752121309697"
"196000","197.76852906758566","197.76852906758566","197.76852906758566","7.547893074253096","7.547893074253096","7.547893074253096","183.36779112469847","183.36779112469847","183.36779112469847","118.15332924519032","118.15332924519032","118.15332924519032","132.31524343111397","132.31524343111397","132.31524343111397","85.77993784207584","85.77993784207584","85.77993784207584","162.24367723231734","162.24367723231734","162.24367723231734","196.84050856805038","196.84050856805038","196.84050856805038","71.31413750854992","71.31413750854992","71.31413750854992","77.68108990365766","77.68108990365766","77.68108990365766","5.230229266643434","5.230229266643434","5.230229266643434","193.07246000196744","193.07246000196744","193.07246000196744","89.53042539038287","89.53042539038287","89.53042539038287","133.1349086353621","133.1349086353621","133.1349086353621","172.73855047319933","172.73855047319933","172.73855047319933","66.95913989593232","66.95913989593232","66.95913989593232","171.61470328005393","171.61470328005393","171.61470328005393","47.91938219150758","47.91938219150758","47.91938219150758","168.27780669956513","168.27780669956513","168.27780669956513","200.3605620037489","200.3605620037489","200.3605620037489"
"200000","194.5903939926026","194.5903939926026","194.5903939926026","28.34406124222347","28.34406124222347","28.34406124222347","204.9980949829217","204.9980949829217","204.9980949829217","122.12619507243639","122.12619507243639","122.12619507243639","137.3798943200808","137.3798943200808","137.3798943200808","107.06819300843252","107.06819300843252","107.06819300843252","181.46402379804894","181.46402379804894","181.46402379804894","204.0954625218597","204.0954625218597","204.0954625218597","90.1054200144825","90.1054200144825","90.1054200144825","139.10198584566893","139.10198584566893","139.10198584566893","5.826481071635072","5.826481071635072","5.826481071635072","189.93502618008392","189.93502618008392","189.93502618008392","87.49164905434276","87.49164905434276","87.49164905434276","128.32472682786587","128.32472682786587","128.32472682786587","169.58862109560908","169.58862109560908","169.58862109560908","58.38699416338879","58.38699416338879","58.38699416338879","167.37425932842513","167.37425932842513","167.37425932842513","50.03038822029892","50.03038822029892","50.03038822029892","167.5968464128619","167.5968464128619","167.5968464128619","205.71419124309696","205.71419124309696","205.71419124309696"
"204000","171.48012113197677","171.48012113197677","171.48012113197677","23.787848597951914","23.787848597951914","23.787848597951914","189.4724054374313","189.4724054374313","189.4724054374313","130.20989751300618","130.20989751300618","130.20989751300618","87.09080211846039","87.09080211846039","87.09080211846039","89.15392192525304","89.15392192525304","89.15392192525304","178.81873769423152","178.81873769423152","178.81873769423152","212.54841958430615","212.54841958430615","212.54841958430615","80.16731267079783","80.16731267079783","80.16731267079783","181.0440004656241","181.0440004656241","181.0440004656241","53.04895651725396","53.04895651725396","53.04895651725396","241.0231186458872","241.0231186458872","241.0231186458872","97.40413091709405","97.40413091709405","97.40413091709405","140.12374251426735","140.12374251426735","140.12374251426735","175.29750214572192","175.29750214572192","175.29750214572192","59.369662875746215","59.369662875746215","59.369662875746215","151.14662805545836","151.14662805545836","151.14662805545836","11.368469799366476","11.368469799366476","11.368469799366476","191.91579471688166","191.91579471688166","191.91579471688166","205.24258413982994","205.24258413982994","205.24258413982994"
"208000","148.085368931881","148.085368931881","148.085368931881","7.251901083467371","7.251901083467371","7.251901083467371","179.184425665398","179.184425665398","179.184425665398","119.29864438950058","119.29864438950058","119.29864438950058","126.71066402289941","126.71066402289941","126.71066402289941","126.12876573261963","126.12876573261963","126.12876573261963","185.38075316368426","185.38075316368426","185.38075316368426","206.2515233842123","206.2515233842123","206.2515233842123","43.24905842127257","43.24905842127257","43.24905842127257","153.03737960977236","153.03737960977236","153.03737960977236","137.84463167638583","137.84463167638583","137.84463167638583","221.5519929473873","221.5519929473873","221.5519929473873","94.28922600770397","94.28922600770397","94.28922600770397","140.1447393183376","140.1447393183376","140.1447393183376","171.9546816313628","171.9546816313628","171.9546816313628","66.84556516971801","66.84556516971801","66.84556516971801","110.11661143013461","110.11661143013461","110.11661143013461","55.3890724727594","55.3890724727594","55.3890724727594","175.1311799209762","175.1311799209762","175.1311799209762","203.20865609943814","203.20865609943814","203.20865609943814"
"212000","179.0235682683662","179.0235682683662","179.0235682683662","33.118040689502024","33.118040689502024","33.118040689502024","188.69211718272717","188.69211718272717","188.69211718272717","120.66160207252979","120.66160207252979","120.66160207252979","73.8487396228585","73.8487396228585","73.8487396228585","111.03166946097659","111.03166946097659","111.03166946097659","168.78982412609528","168.78982412609528","168.78982412609528","184.4271535537173","184.4271535537173","184.4271535537173","24.788903841182012","24.788903841182012","24.788903841182012","161.43679283162024","161.43679283162024","161.43679283162024","152.6526457025962","152.6526457025962","152.6526457025962","196.34071707077436","196.34071707077436","196.34071707077436","85.85224996685369","85.85224996685369","85.85224996685369","151.3442766859774","151.3442766859774","151.3442766859774","207.39134484637808","207.39134484637808","207.39134484637808","73.90977959139218","73.90977959139218","73.90977959139218","111.60542737117032","111.60542737117032","111.60542737117032","73.14327346708384","73.14327346708384","73.14327346708384","183.30837618833073","183.30837618833073","183.30837618833073","197.727443277119","197.727443277119","197.727443277119"
"216000","160.99179109471805","160.99179109471805","160.99179109471805","10.49775168147652","10.49775168147652","10.49775168147652","187.95895871297665","187.95895871297665","187.95895871297665","122.85334959511854","122.85334959511854","122.85334959511854","137.7728781991703","137.7728781991703","137.7728781991703","109.2343879207692","109.2343879207692","109.2343879207692","205.1328450878767","205.1328450878767","205.1328450878767","207.5306991221888","207.5306991221888","207.5306991221888","33.585851464900166","33.585851464900166","33.585851464900166","117.99078454107288","117.99078454107288","117.99078454107288","142.09780192038684","142.09780192038684","142.09780192038684","181.76588304737317","181.76588304737317","181.76588304737317","76.30000668339446","76.30000668339446","76.30000668339446","149.7314020536333","149.7314020536333","149.7314020536333","228.17867570576777","228.17867570576777","228.17867570576777","94.61250298191291","94.61250298191291","94.61250298191291","98.44480691183193","98.44480691183193","98.44480691183193","68.80957825902114","68.80957825902114","68.80957825902114","183.77310372186383","183.77310372186383","183.77310372186383","192.17375778187483","192.17375778187483","192.17375778187483"
"220000","192.72193554779383","192.72193554779383","192.72193554779383","14.149432022087165","14.149432022087165","14.149432022087165","185.2159635504178","185.2159635504178","185.2159635504178","122.05762519701189","122.05762519701189","122.05762519701189","154.6935205870355","154.6935205870355","154.6935205870355","104.99074672628085","104.99074672628085","104.99074672628085","185.52844718437194","185.52844718437194","185.52844718437194","205.77987720587134","205.77987720587134","205.77987720587134","25.34504184435313","25.34504184435313","25.34504184435313","124.73564669639207","124.73564669639207","124.73564669639207","155.5619698567471","155.5619698567471","155.5619698567471","206.26673932795535","206.26673932795535","206.26673932795535","75.30910394617095","75.30910394617095","75.30910394617095","153.62958664655778","153.62958664655778","153.62958664655778","221.93182317693805","221.93182317693805","221.93182317693805","91.73009178081988","91.73009178081988","91.73009178081988","116.25816595874667","116.25816595874667","116.25816595874667","28.160207032943248","28.160207032943248","28.160207032943248","162.0419221714968","162.0419221714968","162.0419221714968","204.95136392041996","204.95136392041996","204.95136392041996"
"224000","224.5650313594048","224.5650313594048","224.5650313594048","4.248585208732221","4.248585208732221","4.248585208732221","160.310760478854","160.310760478854","160.310760478854","125.76336206486789","125.76336206486789","125.76336206486789","149.2641042605303","149.2641042605303","149.2641042605303","110.07152326657629","110.07152326657629","110.07152326657629","207.96101011075734","207.96101011075734","207.96101011075734","210.55812852536081","210.55812852536081","210.55812852536081","33.17118393897602","33.17118393897602","33.17118393897602","153.9413877507814","153.9413877507814","153.9413877507814","137.20040510416203","137.20040510416203","137.20040510416203","200.4404582258441","200.4404582258441","200.4404582258441","77.80287666994711","77.80287666994711","77.80287666994711","160.73077743231138","160.73077743231138","160.73077743231138","216.15896620978643","216.15896620978643","216.15896620978643","90.03478408782983","90.03478408782983","90.03478408782983","133.05130355755105","133.05130355755105","133.05130355755105","29.08145418009027","29.08145418009027","29.08145418009027","158.4255121430552","158.4255121430552","158.4255121430552","199.39692983898397","199.39692983898397","199.39692983898397"
"228000","183.0518016690645","183.0518016690645","183.0518016690645","4.551817532147029","4.551817532147029","4.551817532147029","174.89852568492412","174.89852568492412","174.89852568492412","128.7235080220099","128.7235080220099","128.7235080220099","116.37970041436934","116.37970041436934","116.37970041436934","106.63788789133541","106.63788789133541","106.63788789133541","198.77027852450843","198.77027852450843","198.77027852450843","196.58449436408787","196.58449436408787","196.58449436408787","22.4206185159996","22.4206185159996","22.4206185159996","96.85043038026323","96.85043038026323","96.85043038026323","129.84105995047233","129.84105995047233","129.84105995047233","172.61528936569184","172.61528936569184","172.61528936569184","94.50265990188306","94.50265990188306","94.50265990188306","158.30096366333095","158.30096366333095","158.30096366333095","212.0405552693714","212.0405552693714","212.0405552693714","74.51370860710026","74.51370860710026","74.51370860710026","123.12377417621401","123.12377417621401","123.12377417621401","31.15921794948281","31.15921794948281","31.15921794948281","153.30131419023436","153.30131419023436","153.30131419023436","196.90278590891802","196.90278590891802","196.90278590891802"
"232000","233.21986319281132","233.21986319281132","233.21986319281132","5.282457098306455","5.282457098306455","5.282457098306455","169.0903220322237","169.0903220322237","169.0903220322237","139.2115101542867","139.2115101542867","139.2115101542867","116.60827141044501","116.60827141044501","116.60827141044501","79.83876817637636","79.83876817637636","79.83876817637636","212.61911020791848","212.61911020791848","212.61911020791848","214.7622758286504","214.7622758286504","214.7622758286504","23.923966332587796","23.923966332587796","23.923966332587796","92.08061122771814","92.08061122771814","92.08061122771814","135.95849177909062","135.95849177909062","135.95849177909062","139.72659133603776","139.72659133603776","139.72659133603776","108.43389381461517","108.43389381461517","108.43389381461517","144.23802670062665","144.23802670062665","144.23802670062665","213.2064928983637","213.2064928983637","213.2064928983637","76.10513501413618","76.10513501413618","76.10513501413618","164.2898840348396","164.2898840348396","164.2898840348396","33.79769732423726","33.79769732423726","33.79769732423726","177.81648615204398","177.81648615204398","177.81648615204398","161.9902156628505","161.9902156628505","161.9902156628505"
"236000","209.6508555154669","209.6508555154669","209.6508555154669","4.118947994999649","4.118947994999649","4.118947994999649","181.51097352799707","181.51097352799707","181.51097352799707","140.7345437431436","140.7345437431436","140.7345437431436","127.81697204301497","127.81697204301497","127.81697204301497","69.14090798784756","69.14090798784756","69.14090798784756","193.81572208601207","193.81572208601207","193.81572208601207","209.96635440457862","209.96635440457862","209.96635440457862","22.554406962081938","22.554406962081938","22.554406962081938","107.7570651175341","107.7570651175341","107.7570651175341","152.38468072260767","152.38468072260767","152.38468072260767","179.50698515203777","179.50698515203777","179.50698515203777","118.57550181910317","118.57550181910317","118.57550181910317","191.3283791382662","191.3283791382662","191.3283791382662","190.60443381262994","190.60443381262994","190.60443381262994","84.71796792785594","84.71796792785594","84.71796792785594","128.94465394573317","128.94465394573317","128.94465394573317","37.04548752484375","37.04548752484375","37.04548752484375","178.46231357971737","178.46231357971737","178.46231357971737","167.16978964750473","167.16978964750473","167.16978964750473"
"240000","211.89943286619592","211.89943286619592","211.89943286619592","4.91330057448533","4.91330057448533","4.91330057448533","159.86367791537657","159.86367791537657","159.86367791537657","99.6244387365031","99.6244387365031","99.6244387365031","137.21606017396132","137.21606017396132","137.21606017396132","51.16995926073248","51.16995926073248","51.16995926073248","209.52647078434006","209.52647078434006","209.52647078434006","230.75753508384787","230.75753508384787","230.75753508384787","35.2664624938913","35.2664624938913","35.2664624938913","94.05069803880161","94.05069803880161","94.05069803880161","125.58121583942875","125.58121583942875","125.58121583942875","168.49041897480606","168.49041897480606","168.49041897480606","113.41124483166327","113.41124483166327","113.41124483166327","149.85093528418471","149.85093528418471","149.85093528418471","88.3861250903833","88.3861250903833","88.3861250903833","105.4060599218135","105.4060599218135","105.4060599218135","173.03367213595305","173.03367213595305","173.03367213595305","26.98786331655912","26.98786331655912","26.98786331655912","200.92035643559993","200.92035643559993","200.92035643559993","230.35173248959364","230.35173248959364","230.35173248959364"
"244000","242.71377656768624","242.71377656768624","242.71377656768624","55.60016214737567","55.60016214737567","55.60016214737567","137.11296576271448","137.11296576271448","137.11296576271448","114.28761091741467","114.28761091741467","114.28761091741467","135.2629170322169","135.2629170322169","135.2629170322169","50.37908108434492","50.37908108434492","50.37908108434492","210.206751648129","210.206751648129","210.206751648129","230.47854928885553","230.47854928885553","230.47854928885553","37.55510186273541","37.55510186273541","37.55510186273541","88.91933257437685","88.91933257437685","88.91933257437685","141.13984405876218","141.13984405876218","141.13984405876218","173.50890516566122","173.50890516566122","173.50890516566122","125.06467428867185","125.06467428867185","125.06467428867185","152.54478602009124","152.54478602009124","152.54478602009124","79.29726882902675","79.29726882902675","79.29726882902675","113.70128737718929","113.70128737718929","113.70128737718929","164.02106195012956","164.02106195012956","164.02106195012956","26.098530893135027","26.098530893135027","26.098530893135027","148.65632180749884","148.65632180749884","148.65632180749884","246.2037760406651","246.2037760406651","246.2037760406651"
"248000","243.72102147932088","243.72102147932088","243.72102147932088","44.93787462175688","44.93787462175688","44.93787462175688","92.9063785738609","92.9063785738609","92.9063785738609","125.76031967637451","125.76031967637451","125.76031967637451","185.36453542362293","185.36453542362293","185.36453542362293","50.981478332330596","50.981478332330596","50.981478332330596","204.85623870839018","204.85623870839018","204.85623870839018","224.9780720724344","224.9780720724344","224.9780720724344","51.63327876679399","51.63327876679399","51.63327876679399","102.21925853886921","102.21925853886921","102.21925853886921","108.46052778159819","108.46052778159819","108.46052778159819","161.9630361840991","161.9630361840991","161.9630361840991","89.31835518071765","89.31835518071765","89.31835518071765","103.77657247144393","103.77657247144393","103.77657247144393","115.57833684689756","115.57833684689756","115.57833684689756","99.91716387286947","99.91716387286947","99.91716387286947","164.15196429991687","164.15196429991687","164.15196429991687","25.980605790464455","25.980605790464455","25.980605790464455","159.18797145878193","159.18797145878193","159.18797145878193","239.76038721646495","239.76038721646495","239.76038721646495"
"252000","194.39093429926507","194.39093429926507","194.39093429926507","72.42247525359383","72.42247525359383","72.42247525359383","76.9659041419157","76.9659041419157","76.9659041419157","116.64970716765916","116.64970716765916","116.64970716765916","137.11332632955046","137.11332632955046","137.11332632955046","33.60660072949755","33.60660072949755","33.60660072949755","230.10280033038697","230.10280033038697","230.10280033038697","259.19137684003846","259.19137684003846","259.19137684003846","52.278580997177315","52.278580997177315","52.278580997177315","124.99069346264659","124.99069346264659","124.99069346264659","108.63810957251196","108.63810957251196","108.63810957251196","66.51017049280156","66.51017049280156","66.51017049280156","113.48235217009116","113.48235217009116","113.48235217009116","146.46387619796988","146.46387619796988","146.46387619796988","112.91789661373946","112.91789661373946","112.91789661373946","85.37480563336459","85.37480563336459","85.37480563336459","125.25797868989787","125.25797868989787","125.25797868989787","50.317233420101985","50.317233420101985","50.317233420101985","182.1273361533055","182.1273361533055","182.1273361533055","250.42182893111325","250.42182893111325","250.42182893111325"
"256000","216.31712192048616","216.31712192048616","216.31712192048616","13.106708185884916","13.106708185884916","13.106708185884916","176.53874745723715","176.53874745723715","176.53874745723715","142.54347825983598","142.54347825983598","142.54347825983598","225.5701991196318","225.5701991196318","225.5701991196318","34.678004056627636","34.678004056627636","34.678004056627636","241.92193608755173","241.92193608755173","241.92193608755173","247.44560095019634","247.44560095019634","247.44560095019634","59.39650097469293","59.39650097469293","59.39650097469293","106.09615114953888","106.09615114953888","106.09615114953888","110.76671667217386","110.76671667217386","110.76671667217386","128.09865520194947","128.09865520194947","128.09865520194947","118.09420374543899","118.09420374543899","118.09420374543899","106.2248484087786","106.2248484087786","106.2248484087786","139.92240543585987","139.92240543585987","139.92240543585987","99.12182267258633","99.12182267258633","99.12182267258633","117.89043465815334","117.89043465815334","117.89043465815334","49.12802097090035","49.12802097090035","49.12802097090035","168.97034397910903","168.97034397910903","168.97034397910903","242.8346235435077","242.8346235435077","242.8346235435077"
"260000","227.51277972575457","227.51277972575457","227.51277972575457","42.41359172663787","42.41359172663787","42.41359172663787","181.2541098275736","181.2541098275736","181.2541098275736","122.37219113540932","122.37219113540932","122.37219113540932","210.40498007761894","210.40498007761894","210.40498007761894","37.34007560389753","37.34007560389753","37.34007560389753","237.8644807714117","237.8644807714117","237.8644807714117","249.5231504449303","249.5231504449303","249.5231504449303","4.902628814204443","4.902628814204443","4.902628814204443","99.93365388828235","99.93365388828235","99.93365388828235","124.75715579212788","124.75715579212788","124.75715579212788","108.4266414804728","108.4266414804728","108.4266414804728","113.77137406738636","113.77137406738636","113.77137406738636","118.52263300480949","118.52263300480949","118.52263300480949","50.993042162131374","50.993042162131374","50.993042162131374","115.09929391407941","115.09929391407941","115.09929391407941","145.4662072376571","145.4662072376571","145.4662072376571","45.5983183988017","45.5983183988017","45.5983183988017","119.7032504365186","119.7032504365186","119.7032504365186","199.95930291662054","199.95930291662054","199.95930291662054"
"264000","178.5241113809936","178.5241113809936","178.5241113809936","77.52352641109377","77.52352641109377","77.52352641109377","187.03597434479","187.03597434479","187.03597434479","114.47171840571623","114.47171840571623","114.47171840571623","183.07366676811813","183.07366676811813","183.07366676811813","48.91417648508827","48.91417648508827","48.91417648508827","228.21371214129175","228.21371214129175","228.21371214129175","257.15230319325667","257.15230319325667","257.15230319325667","15.532533363356913","15.532533363356913","15.532533363356913","110.03817348798859","110.03817348798859","110.03817348798859","160.85597413192576","160.85597413192576","160.85597413192576","90.55410856962872","90.55410856962872","90.55410856962872","121.79262387775843","121.79262387775843","121.79262387775843","103.04134889501907","103.04134889501907","103.04134889501907","42.30656610367588","42.30656610367588","42.30656610367588","113.65221085257858","113.65221085257858","113.65221085257858","223.11779893671627","223.11779893671627","223.11779893671627","39.55775518385237","39.55775518385237","39.55775518385237","172.34381896941716","172.34381896941716","172.34381896941716","211.9168730265554","211.9168730265554","211.9168730265554"
"268000","171.80287667499385","171.80287667499385","171.80287667499385","112.1995003200163","112.1995003200163","112.1995003200163","194.45559220148795","194.45559220148795","194.45559220148795","118.65198068711916","118.65198068711916","118.65198068711916","225.4355617294124","225.4355617294124","225.4355617294124","51.77322854114734","51.77322854114734","51.77322854114734","243.76247111020893","243.76247111020893","243.76247111020893","253.60416879405557","253.60416879405557","253.60416879405557","15.357128082445517","15.357128082445517","15.357128082445517","91.05500213048197","91.05500213048197","91.05500213048197","173.66194782412387","173.66194782412387","173.66194782412387","88.36785535955855","88.36785535955855","88.36785535955855","115.80183301371588","115.80183301371588","115.80183301371588","135.00902637925705","135.00902637925705","135.00902637925705","37.98503800932356","37.98503800932356","37.98503800932356","104.49519602668997","104.49519602668997","104.49519602668997","209.23442433364798","209.23442433364798","209.23442433364798","35.57184035182071","35.57184035182071","35.57184035182071","154.91514243342914","154.91514243342914","154.91514243342914","217.52911356531877","217.52911356531877","217.52911356531877"
"272000","178.17556226083727","178.17556226083727","178.17556226083727","72.51960588915406","72.51960588915406","72.51960588915406","175.3737181674581","175.3737181674581","175.3737181674581","59.16176779661142","59.16176779661142","59.16176779661142","197.18416277633852","197.18416277633852","197.18416277633852","75.9164328873533","75.9164328873533","75.9164328873533","255.73577667400554","255.73577667400554","255.73577667400554","262.0271639505291","262.0271639505291","262.0271639505291","21.782889846505253","21.782889846505253","21.782889846505253","109.48985877276587","109.48985877276587","109.48985877276587","139.40169343093186","139.40169343093186","139.40169343093186","167.4280914801158","167.4280914801158","167.4280914801158","141.7109242522993","141.7109242522993","141.7109242522993","126.74338048919678","126.74338048919678","126.74338048919678","17.236297831787866","17.236297831787866","17.236297831787866","102.14082856899765","102.14082856899765","102.14082856899765","199.76056152619802","199.76056152619802","199.76056152619802","39.55649615538495","39.55649615538495","39.55649615538495","182.37625064524505","182.37625064524505","182.37625064524505","222.1946484724427","222.1946484724427","222.1946484724427"
"276000","191.6112724579695","191.6112724579695","191.6112724579695","89.84197697405568","89.84197697405568","89.84197697405568","197.62730163279952","197.62730163279952","197.62730163279952","72.4280999853354","72.4280999853354","72.4280999853354","222.14383625933093","222.14383625933093","222.14383625933093","99.7840771182671","99.7840771182671","99.7840771182671","244.1405998330227","244.1405998330227","244.1405998330227","235.3092664682682","235.3092664682682","235.3092664682682","37.623777357512324","37.623777357512324","37.623777357512324","92.81834876466469","92.81834876466469","92.81834876466469","95.8454739866617","95.8454739866617","95.8454739866617","124.53516080788427","124.53516080788427","124.53516080788427","163.9813868613304","163.9813868613304","163.9813868613304","170.86124393928853","170.86124393928853","170.86124393928853","4.965644891841722","4.965644891841722","4.965644891841722","96.06465223450421","96.06465223450421","96.06465223450421","225.34229711130865","225.34229711130865","225.34229711130865","36.553845437385604","36.553845437385604","36.553845437385604","158.3478678551083","158.3478678551083","158.3478678551083","215.01813529208462","215.01813529208462","215.01813529208462"
"280000","184.61636285112158","184.61636285112158","184.61636285112158","85.0590094719795","85.0590094719795","85.0590094719795","201.20001783177304","201.20001783177304","201.20001783177304","69.94342815192472","69.94342815192472","69.94342815192472","177.3354414684081","177.3354414684081","177.3354414684081","125.8646575066592","125.8646575066592","125.8646575066592","206.25131405089624","206.25131405089624","206.25131405089624","236.36947271814796","236.36947271814796","236.36947271814796","35.839730097108855","35.839730097108855","35.839730097108855","153.1033230794035","153.1033230794035","153.1033230794035","113.68335441961662","113.68335441961662","113.68335441961662","114.95910593460944","114.95910593460944","114.95910593460944","203.3134620892186","203.3134620892186","203.3134620892186","151.38060919962263","151.38060919962263","151.38060919962263","34.94982701985704","34.94982701985704","34.94982701985704","97.3136623642361","97.3136623642361","97.3136623642361","258.75392164836546","258.75392164836546","258.75392164836546","46.118102655725096","46.118102655725096","46.118102655725096","154.3592927271281","154.3592927271281","154.3592927271281","198.94313217380744","198.94313217380744","198.94313217380744"
"284000","200.57885810698906","200.57885810698906","200.57885810698906","101.24496336218645","101.24496336218645","101.24496336218645","200.13238239801953","200.13238239801953","200.13238239801953","62.56941710610008","62.56941710610008","62.56941710610008","221.48953912267825","221.48953912267825","221.48953912267825","124.39262957989335","124.39262957989335","124.39262957989335","244.51090519277977","244.51090519277977","244.51090519277977","232.1340684854976","232.1340684854976","232.1340684854976","17.41533447960858","17.41533447960858","17.41533447960858","139.158628058548","139.158628058548","139.158628058548","124.83874827605032","124.83874827605032","124.83874827605032","125.39214726672121","125.39214726672121","125.39214726672121","188.42825539401184","188.42825539401184","188.42825539401184","100.17076312606534","100.17076312606534","100.17076312606534","25.018984200419386","25.018984200419386","25.018984200419386","98.32225454890839","98.32225454890839","98.32225454890839","269.16207621285645","269.16207621285645","269.16207621285645","52.426485248890984","52.426485248890984","52.426485248890984","164.34581542708096","164.34581542708096","164.34581542708096","201.26618745814636","201.26618745814636","201.26618745814636"
"288000","238.90182166097983","238.90182166097983","238.90182166097983","116.58350109989127","116.58350109989127","116.58350109989127","205.22952852235258","205.22952852235258","205.22952852235258","87.63031610118577","87.63031610118577","87.63031610118577","225.03355733391794","225.03355733391794","225.03355733391794","98.98708752642597","98.98708752642597","98.98708752642597","264.15272553505434","264.15272553505434","264.15272553505434","240.4165555306473","240.4165555306473","240.4165555306473","67.60764389433766","67.60764389433766","67.60764389433766","159.78599341114347","159.78599341114347","159.78599341114347","146.2315999562683","146.2315999562683","146.2315999562683","152.62961767648258","152.62961767648258","152.62961767648258","187.36827684893075","187.36827684893075","187.36827684893075","120.94777140912151","120.94777140912151","120.94777140912151","18.58055158313867","18.58055158313867","18.58055158313867","163.96886529474205","163.96886529474205","163.96886529474205","113.59077182250027","113.59077182250027","113.59077182250027","59.35978940233467","59.35978940233467","59.35978940233467","184.88292981024702","184.88292981024702","184.88292981024702","233.45110454315937","233.45110454315937","233.45110454315937"
"292000","238.2295625142414","238.2295625142414","238.2295625142414","127.80384346992017","127.80384346992017","127.80384346992017","203.36036879963822","203.36036879963822","203.36036879963822","88.28343038780032","88.28343038780032","88.28343038780032","211.45660931193237","211.45660931193237","211.45660931193237","114.21059742593188","114.21059742593188","114.21059742593188","223.0650674264673","223.0650674264673","223.0650674264673","237.39882483215143","237.39882483215143","237.39882483215143","23.146531105146106","23.146531105146106","23.146531105146106","146.51969480648773","146.51969480648773","146.51969480648773","138.89343582413645","138.89343582413645","138.89343582413645","136.20554432595492","136.20554432595492","136.20554432595492","193.81184357021024","193.81184357021024","193.81184357021024","169.40836068631418","169.40836068631418","169.40836068631418","15.356978739247001","15.356978739247001","15.356978739247001","135.89999864096328","135.89999864096328","135.89999864096328","143.66224206606452","143.66224206606452","143.66224206606452","57.271222196242924","57.271222196242924","57.271222196242924","204.52967768521643","204.52967768521643","204.52967768521643","240.00427768701698","240.00427768701698","240.00427768701698"
"296000","224.13048295156312","224.13048295156312","224.13048295156312","125.77378895865925","125.77378895865925","125.77378895865925","204.7965348780518","204.7965348780518","204.7965348780518","88.1963158504827","88.1963158504827","88.1963158504827","192.28466962043518","192.28466962043518","192.28466962043518","118.29532778150676","118.29532778150676","118.29532778150676","266.59411802628597","266.59411802628597","266.59411802628597","226.72042189481596","226.72042189481596","226.72042189481596","46.75513021887516","46.75513021887516","46.75513021887516","152.57174756000077","152.57174756000077","152.57174756000077","156.90210223262983","156.90210223262983","156.90210223262983","140.94383214405522","140.94383214405522","140.94383214405522","202.19463491951768","202.19463491951768","202.19463491951768","189.61413700444652","189.61413700444652","189.61413700444652","12.383567194812585","12.383567194812585","12.383567194812585","189.98440762500687","189.98440762500687","189.98440762500687","208.18989695760405","208.18989695760405","208.18989695760405","51.29638708727011","51.29638708727011","51.29638708727011","209.08594851532175","209.08594851532175","209.08594851532175","237.25046146410372","237.25046146410372","237.25046146410372"
"300000","229.07349990671642","229.07349990671642","229.07349990671642","62.571791102377304","62.571791102377304","62.571791102377304","167.64025174526537","167.64025174526537","167.64025174526537","88.41196819449533","88.41196819449533","88.41196819449533","188.1391027295825","188.1391027295825","188.1391027295825","39.271464399303994","39.271464399303994","39.271464399303994","233.279331067285","233.279331067285","233.279331067285","224.04748465223201","224.04748465223201","224.04748465223201","25.959872983775693","25.959872983775693","25.959872983775693","108.38053083618051","108.38053083618051","108.38053083618051","158.58818713830715","158.58818713830715","158.58818713830715","139.01950940714545","139.01950940714545","139.01950940714545","195.34458181811434","195.34458181811434","195.34458181811434","160.9717508208318","160.9717508208318","160.9717508208318","10.922878791811936","10.922878791811936","10.922878791811936","163.35314329685508","163.35314329685508","163.35314329685508","194.32043505894964","194.32043505894964","194.32043505894964","27.84420672575653","27.84420672575653","27.84420672575653","189.7547277491809","189.7547277491809","189.7547277491809","220.3426608931562","220.3426608931562","220.3426608931562"
"304000","206.64928046619283","206.64928046619283","206.64928046619283","50.1374902172759","50.1374902172759","50.1374902172759","181.52937557551286","181.52937557551286","181.52937557551286","88.95169588282063","88.95169588282063","88.95169588282063","199.15995261076952","199.15995261076952","199.15995261076952","135.35026547948075","135.35026547948075","135.35026547948075","276.3971110565064","276.3971110565064","276.3971110565064","225.51240945190716","225.51240945190716","225.51240945190716","35.30007047726245","35.30007047726245","35.30007047726245","122.85785012055223","122.85785012055223","122.85785012055223","171.672018143202","171.672018143202","171.672018143202","155.76154198577507","155.76154198577507","155.76154198577507","174.51648040179856","174.51648040179856","174.51648040179856","147.9078975337883","147.9078975337883","147.9078975337883","10.971297178200313","10.971297178200313","10.971297178200313","104.6623344506942","104.6623344506942","104.6623344506942","174.04891112547776","174.04891112547776","174.04891112547776","40.03952739662188","40.03952739662188","40.03952739662188","160.21281401331836","160.21281401331836","160.21281401331836","220.1947843174938","220.1947843174938","220.1947843174938"
"308000","196.32499938933904","196.32499938933904","196.32499938933904","57.77938677896252","57.77938677896252","57.77938677896252","184.27704075266308","184.27704075266308","184.27704075266308","122.2215903760992","122.2215903760992","122.2215903760992","175.86345915008445","175.86345915008445","175.86345915008445","83.51255875852499","83.51255875852499","83.51255875852499","252.07749898840342","252.07749898840342","252.07749898840342","232.95077346235493","232.95077346235493","232.95077346235493","24.620140313783914","24.620140313783914","24.620140313783914","107.50038651705533","107.50038651705533","107.50038651705533","154.8376291128225","154.8376291128225","154.8376291128225","165.66843889517455","165.66843889517455","165.66843889517455","176.46078435513377","176.46078435513377","176.46078435513377","172.7959140835022","172.7959140835022","172.7959140835022","15.517302121086828","15.517302121086828","15.517302121086828","102.14761661911828","102.14761661911828","102.14761661911828","228.8168315731587","228.8168315731587","228.8168315731587","49.65047019683364","49.65047019683364","49.65047019683364","181.21838786789357","181.21838786789357","181.21838786789357","219.85190499443098","219.85190499443098","219.85190499443098"
"312000","213.99236726577806","213.99236726577806","213.99236726577806","73.69599778475506","73.69599778475506","73.69599778475506","159.3831377767232","159.3831377767232","159.3831377767232","132.5191603807577","132.5191603807577","132.5191603807577","165.18776501002307","165.18776501002307","165.18776501002307","107.30747666726202","107.30747666726202","107.30747666726202","262.87833964419906","262.87833964419906","262.87833964419906","227.78046862399114","227.78046862399114","227.78046862399114","13.970493084836594","13.970493084836594","13.970493084836594","111.84657769200035","111.84657769200035","111.84657769200035","166.58149829027388","166.58149829027388","166.58149829027388","249.6484996017247","249.6484996017247","249.6484996017247","202.46836425584453","202.46836425584453","202.46836425584453","163.57838706886542","163.57838706886542","163.57838706886542","13.78913398351186","13.78913398351186","13.78913398351186","87.11532570636201","87.11532570636201","87.11532570636201","238.2818906961119","238.2818906961119","238.2818906961119","55.51853007703512","55.51853007703512","55.51853007703512","132.10118714675684","132.10118714675684","132.10118714675684","203.8500561853073","203.8500561853073","203.8500561853073"
"316000","236.32761958756464","236.32761958756464","236.32761958756464","67.25949827640468","67.25949827640468","67.25949827640468","124.88874999263248","124.88874999263248","124.88874999263248","74.42867632926843","74.42867632926843","74.42867632926843","143.26946684924482","143.26946684924482","143.26946684924482","109.55143187820818","109.55143187820818","109.55143187820818","269.7978504474068","269.7978504474068","269.7978504474068","226.95708636274276","226.95708636274276","226.95708636274276","40.84217077154489","40.84217077154489","40.84217077154489","104.36649194860249","104.36649194860249","104.36649194860249","164.42929959709394","164.42929959709394","164.42929959709394","245.34395088237224","245.34395088237224","245.34395088237224","135.4106210062255","135.4106210062255","135.4106210062255","178.498393239445","178.498393239445","178.498393239445","10.387965398050792","10.387965398050792","10.387965398050792","115.14302031947352","115.14302031947352","115.14302031947352","246.7697586368368","246.7697586368368","246.7697586368368","60.89342957418778","60.89342957418778","60.89342957418778","180.93242801703795","180.93242801703795","180.93242801703795","205.50554707342494","205.50554707342494","205.50554707342494"
"320000","222.35529875188553","222.35529875188553","222.35529875188553","75.92835543258764","75.92835543258764","75.92835543258764","129.4825216533091","129.4825216533091","129.4825216533091","66.50183659538075","66.50183659538075","66.50183659538075","186.87461406735068","186.87461406735068","186.87461406735068","108.3399912834553","108.3399912834553","108.3399912834553","255.79285136638268","255.79285136638268","255.79285136638268","225.5408074476718","225.5408074476718","225.5408074476718","48.92853156423884","48.92853156423884","48.92853156423884","97.67192680736358","97.67192680736358","97.67192680736358","140.7193627887515","140.7193627887515","140.7193627887515","231.65542249959088","231.65542249959088","231.65542249959088","148.43604801468797","148.43604801468797","148.43604801468797","160.8052425943584","160.8052425943584","160.8052425943584","6.052532040152154","6.052532040152154","6.052532040152154","108.9582218869808","108.9582218869808","108.9582218869808","287.4114552888053","287.4114552888053","287.4114552888053","56.97366857799968","56.97366857799968","56.97366857799968","95.13163348333953","95.13163348333953","95.13163348333953","202.05919546559187","202.05919546559187","202.05919546559187"
"324000","230.27411623317644","230.27411623317644","230.27411623317644","93.57606607072388","93.57606607072388","93.57606607072388","179.090460890295","179.090460890295","179.090460890295","109.59687751346821","109.59687751346821","109.59687751346821","152.49608350092822","152.49608350092822","152.49608350092822","118.98237585037391","118.98237585037391","118.98237585037391","273.39717465134805","273.39717465134805","273.39717465134805","229.42059134744736","229.42059134744736","229.42059134744736","35.462341668789946","35.462341668789946","35.462341668789946","104.67080312856353","104.67080312856353","104.67080312856353","132.3673041762782","132.3673041762782","132.3673041762782","241.94502953471124","241.94502953471124","241.94502953471124","107.71219907778107","107.71219907778107","107.71219907778107","129.24235219405358","129.24235219405358","129.24235219405358","6.273611049071607","6.273611049071607","6.273611049071607","180.3498839907152","180.3498839907152","180.3498839907152","272.25525656049797","272.25525656049797","272.25525656049797","59.10680818034534","59.10680818034534","59.10680818034534","103.76010633871904","103.76010633871904","103.76010633871904","209.32670974886955","209.32670974886955","209.32670974886955"
"328000","251.9913596953398","251.9913596953398","251.9913596953398","86.57450417219816","86.57450417219816","86.57450417219816","194.943795409542","194.943795409542","194.943795409542","129.47842956233978","129.47842956233978","129.47842956233978","202.59145823605905","202.59145823605905","202.59145823605905","98.03448996440346","98.03448996440346","98.03448996440346","269.8188619998127","269.8188619998127","269.8188619998127","235.4735108545643","235.4735108545643","235.4735108545643","20.171496485124607","20.171496485124607","20.171496485124607","140.41408357037366","140.41408357037366","140.41408357037366","4.239461096519897","4.239461096519897","4.239461096519897","225.51248958012837","225.51248958012837","225.51248958012837","119.33259554636757","119.33259554636757","119.33259554636757","189.51642464613732","189.51642464613732","189.51642464613732","7.867626526614124","7.867626526614124","7.867626526614124","215.87564177441277","215.87564177441277","215.87564177441277","263.8413457368823","263.8413457368823","263.8413457368823","60.28671620120796","60.28671620120796","60.28671620120796","105.55682039234384","105.55682039234384","105.55682039234384","232.81538371056726","232.81538371056726","232.81538371056726"
"332000","229.00144375845736","229.00144375845736","229.00144375845736","92.93687411308343","92.93687411308343","92.93687411308343","202.12272089630463","202.12272089630463","202.12272089630463","61.7268876679668","61.7268876679668","61.7268876679668","185.20095566700064","185.20095566700064","185.20095566700064","36.75142827110713","36.75142827110713","36.75142827110713","247.74794337733584","247.74794337733584","247.74794337733584","236.0111537384499","236.0111537384499","236.0111537384499","36.10694363982392","36.10694363982392","36.10694363982392","113.1112925041501","113.1112925041501","113.1112925041501","3.11560915239122","3.11560915239122","3.11560915239122","132.2808088507067","132.2808088507067","132.2808088507067","111.96895740919717","111.96895740919717","111.96895740919717","180.33948864366644","180.33948864366644","180.33948864366644","10.964969135287387","10.964969135287387","10.964969135287387","219.61100906195392","219.61100906195392","219.61100906195392","275.2948148087891","275.2948148087891","275.2948148087891","58.61100695672925","58.61100695672925","58.61100695672925","123.8884794663636","123.8884794663636","123.8884794663636","244.76183011150746","244.76183011150746","244.76183011150746"
"336000","212.3879236607679","212.3879236607679","212.3879236607679","85.01929958237675","85.01929958237675","85.01929958237675","171.15347901459126","171.15347901459126","171.15347901459126","216.06193339682508","216.06193339682508","216.06193339682508","153.15593078482067","153.15593078482067","153.15593078482067","79.36599878292569","79.36599878292569","79.36599878292569","264.15411430917453","264.15411430917453","264.15411430917453","238.68358078626798","238.68358078626798","238.68358078626798","26.90013559141364","26.90013559141364","26.90013559141364","148.21795305851074","148.21795305851074","148.21795305851074","2.9231048399730497","2.9231048399730497","2.9231048399730497","136.51506203629486","136.51506203629486","136.51506203629486","122.4416833813254","122.4416833813254","122.4416833813254","178.12630763596712","178.12630763596712","178.12630763596712","46.35026918243893","46.35026918243893","46.35026918243893","134.45984721164214","134.45984721164214","134.45984721164214","272.2513175172481","272.2513175172481","272.2513175172481","58.9812542095202","58.9812542095202","58.9812542095202","123.72062007013524","123.72062007013524","123.72062007013524","247.5325212712227","247.5325212712227","247.5325212712227"
"340000","213.43796594684244","213.43796594684244","213.43796594684244","129.58497992677687","129.58497992677687","129.58497992677687","167.43326013760483","167.43326013760483","167.43326013760483","121.75698001756605","121.75698001756605","121.75698001756605","202.27112781695683","202.27112781695683","202.27112781695683","105.31529364249893","105.31529364249893","105.31529364249893","259.80656041053606","259.80656041053606","259.80656041053606","234.6746405101163","234.6746405101163","234.6746405101163","39.90102520799535","39.90102520799535","39.90102520799535","73.13617539404365","73.13617539404365","73.13617539404365","2.8615546353689467","2.8615546353689467","2.8615546353689467","169.51917124055072","169.51917124055072","169.51917124055072","121.51341470201653","121.51341470201653","121.51341470201653","170.42954990883058","170.42954990883058","170.42954990883058","28.838468625093753","28.838468625093753","28.838468625093753","195.5643310110226","195.5643310110226","195.5643310110226","221.29404399699638","221.29404399699638","221.29404399699638","49.50036706097575","49.50036706097575","49.50036706097575","131.47011570933032","131.47011570933032","131.47011570933032","237.7760186683238","237.7760186683238","237.7760186683238"
"344000","191.31641984641698","191.31641984641698","191.31641984641698","122.58469998189969","122.58469998189969","122.58469998189969","184.17448991262575","184.17448991262575","184.17448991262575","118.23107040653471","118.23107040653471","118.23107040653471","170.9643125966181","170.9643125966181","170.9643125966181","137.35802260918894","137.35802260918894","137.35802260918894","246.48371215449","246.48371215449","246.48371215449","229.57587431208822","229.57587431208822","229.57587431208822","52.64838922246271","52.64838922246271","52.64838922246271","131.9746104093278","131.9746104093278","131.9746104093278","31.85011186615581","31.85011186615581","31.85011186615581","148.36000108618407","148.36000108618407","148.36000108618407","120.38506864345496","120.38506864345496","120.38506864345496","170.59040458313123","170.59040458313123","170.59040458313123","54.468051098061345","54.468051098061345","54.468051098061345","218.84244979355844","218.84244979355844","218.84244979355844","233.65750407755323","233.65750407755323","233.65750407755323","50.16164440016197","50.16164440016197","50.16164440016197","112.92625647572054","112.92625647572054","112.92625647572054","239.68069395895924","239.68069395895924","239.68069395895924"
"348000","201.48123173362714","201.48123173362714","201.48123173362714","130.3671938181937","130.3671938181937","130.3671938181937","190.88205023497517","190.88205023497517","190.88205023497517","112.06195760482096","112.06195760482096","112.06195760482096","141.77594583498254","141.77594583498254","141.77594583498254","145.5553833612562","145.5553833612562","145.5553833612562","272.17017839650936","272.17017839650936","272.17017839650936","239.95859827757175","239.95859827757175","239.95859827757175","62.93696533780506","62.93696533780506","62.93696533780506","138.4585958954758","138.4585958954758","138.4585958954758","3.7887365988043187","3.7887365988043187","3.7887365988043187","128.0502081398695","128.0502081398695","128.0502081398695","133.50083054927785","133.50083054927785","133.50083054927785","168.1798279016877","168.1798279016877","168.1798279016877","40.2585795165807","40.2585795165807","40.2585795165807","182.158701406325","182.158701406325","182.158701406325","120.32534344533765","120.32534344533765","120.32534344533765","9.37676995727117","9.37676995727117","9.37676995727117","154.7531389356756","154.7531389356756","154.7531389356756","246.66934744450901","246.66934744450901","246.66934744450901"
"352000","220.4219527935867","220.4219527935867","220.4219527935867","129.58492843542962","129.58492843542962","129.58492843542962","187.40182466962548","187.40182466962548","187.40182466962548","109.20609191539029","109.20609191539029","109.20609191539029","140.91669887864643","140.91669887864643","140.91669887864643","147.95039008765477","147.95039008765477","147.95039008765477","229.54942192541776","229.54942192541776","229.54942192541776","222.91509944455683","222.91509944455683","222.91509944455683","80.9876257260651","80.9876257260651","80.9876257260651","136.62754993358027","136.62754993358027","136.62754993358027","2.3983379420801443","2.3983379420801443","2.3983379420801443","143.95919940937839","143.95919940937839","143.95919940937839","119.86424688729707","119.86424688729707","119.86424688729707","218.8737465263388","218.8737465263388","218.8737465263388","45.708492184348174","45.708492184348174","45.708492184348174","182.68953101883793","182.68953101883793","182.68953101883793","232.91497653423275","232.91497653423275","232.91497653423275","10.12341142376198","10.12341142376198","10.12341142376198","143.1809914070599","143.1809914070599","143.1809914070599","243.74415024292384","243.74415024292384","243.74415024292384"
"356000","257.01145167771335","257.01145167771335","257.01145167771335","131.9735990781622","131.9735990781622","131.9735990781622","151.78702678366201","151.78702678366201","151.78702678366201","132.81457858921513","132.81457858921513","132.81457858921513","136.71547100645097","136.71547100645097","136.71547100645097","138.3424402683794","138.3424402683794","138.3424402683794","231.44645612602227","231.44645612602227","231.44645612602227","245.50880951049425","245.50880951049425","245.50880951049425","86.2478263835931","86.2478263835931","86.2478263835931","101.19479824564789","101.19479824564789","101.19479824564789","4.563626980299171","4.563626980299171","4.563626980299171","152.18649986405754","152.18649986405754","152.18649986405754","184.8812095880075","184.8812095880075","184.8812095880075","236.54339631581024","236.54339631581024","236.54339631581024","53.31957857503073","53.31957857503073","53.31957857503073","181.23537600987316","181.23537600987316","181.23537600987316","255.7864993812055","255.7864993812055","255.7864993812055","23.79982888513667","23.79982888513667","23.79982888513667","103.38636125380076","103.38636125380076","103.38636125380076","233.19722175602783","233.19722175602783","233.19722175602783"
"360000","239.77780729821774","239.77780729821774","239.77780729821774","138.7941926603479","138.7941926603479","138.7941926603479","185.40488460054536","185.40488460054536","185.40488460054536","134.78857519764378","134.78857519764378","134.78857519764378","140.83382445462982","140.83382445462982","140.83382445462982","134.50608544693483","134.50608544693483","134.50608544693483","256.75429941568626","256.75429941568626","256.75429941568626","238.2572802540863","238.2572802540863","238.2572802540863","80.69690967352889","80.69690967352889","80.69690967352889","102.64361707275319","102.64361707275319","102.64361707275319","1.82422627374944","1.82422627374944","1.82422627374944","146.21651459528192","146.21651459528192","146.21651459528192","161.9961286910606","161.9961286910606","161.9961286910606","188.26146335657282","188.26146335657282","188.26146335657282","135.8907862159819","135.8907862159819","135.8907862159819","110.329867972046","110.329867972046","110.329867972046","264.54538032795534","264.54538032795534","264.54538032795534","33.19176795060449","33.19176795060449","33.19176795060449","99.8541053369097","99.8541053369097","99.8541053369097","243.66473566698284","243.66473566698284","243.66473566698284"
"364000","253.57932820625484","253.57932820625484","253.57932820625484","131.1175561732832","131.1175561732832","131.1175561732832","171.50491975034276","171.50491975034276","171.50491975034276","143.16513708545062","143.16513708545062","143.16513708545062","148.45309156793627","148.45309156793627","148.45309156793627","139.01159701475902","139.01159701475902","139.01159701475902","245.25436606824942","245.25436606824942","245.25436606824942","240.68413168100523","240.68413168100523","240.68413168100523","89.66382690294517","89.66382690294517","89.66382690294517","97.71552448609195","97.71552448609195","97.71552448609195","1.7750526796868353","1.7750526796868353","1.7750526796868353","117.19000167361048","117.19000167361048","117.19000167361048","161.6402332634756","161.6402332634756","161.6402332634756","161.44917581697072","161.44917581697072","161.44917581697072","139.8429393554952","139.8429393554952","139.8429393554952","106.24407321089761","106.24407321089761","106.24407321089761","276.5634235538152","276.5634235538152","276.5634235538152","38.195941460831065","38.195941460831065","38.195941460831065","108.9536867729555","108.9536867729555","108.9536867729555","213.9350516559485","213.9350516559485","213.9350516559485"
"368000","209.67285895562458","209.67285895562458","209.67285895562458","95.6241843420149","95.6241843420149","95.6241843420149","182.86252654769825","182.86252654769825","182.86252654769825","134.44959722525786","134.44959722525786","134.44959722525786","147.63518250821787","147.63518250821787","147.63518250821787","130.70639869263007","130.70639869263007","130.70639869263007","202.5247280145717","202.5247280145717","202.5247280145717","240.4026597286864","240.4026597286864","240.4026597286864","73.18615520433755","73.18615520433755","73.18615520433755","126.87109657624467","126.87109657624467","126.87109657624467","1.4220264342407334","1.4220264342407334","1.4220264342407334","125.28836596445471","125.28836596445471","125.28836596445471","153.66409643866805","153.66409643866805","153.66409643866805","174.73041926567456","174.73041926567456","174.73041926567456","147.56010164569133","147.56010164569133","147.56010164569133","135.37921185683294","135.37921185683294","135.37921185683294","284.06927427568985","284.06927427568985","284.06927427568985","50.80060441727212","50.80060441727212","50.80060441727212","143.42209612980346","143.42209612980346","143.42209612980346","247.07286624652608","247.07286624652608","247.07286624652608"
"372000","242.4112901088757","242.4112901088757","242.4112901088757","95.32013201309287","95.32013201309287","95.32013201309287","196.55099945088114","196.55099945088114","196.55099945088114","163.02740855703894","163.02740855703894","163.02740855703894","146.13484209911945","146.13484209911945","146.13484209911945","129.09946639143928","129.09946639143928","129.09946639143928","238.16731802522764","238.16731802522764","238.16731802522764","245.03077480256167","245.03077480256167","245.03077480256167","76.0394435580361","76.0394435580361","76.0394435580361","127.47112833506489","127.47112833506489","127.47112833506489","1.3879610161987437","1.3879610161987437","1.3879610161987437","127.47214883803812","127.47214883803812","127.47214883803812","160.61996399303158","160.61996399303158","160.61996399303158","173.42390227991262","173.42390227991262","173.42390227991262","128.30893945180432","128.30893945180432","128.30893945180432","179.883787973707","179.883787973707","179.883787973707","268.1490859567622","268.1490859567622","268.1490859567622","44.8079171786891","44.8079171786891","44.8079171786891","160.39515403436164","160.39515403436164","160.39515403436164","258.7678658031976","258.7678658031976","258.7678658031976"
"376000","259.58644544274915","259.58644544274915","259.58644544274915","92.62323616716932","92.62323616716932","92.62323616716932","223.97235153684733","223.97235153684733","223.97235153684733","149.13981049008177","149.13981049008177","149.13981049008177","150.91636960737574","150.91636960737574","150.91636960737574","131.50275382993033","131.50275382993033","131.50275382993033","265.3961648223016","265.3961648223016","265.3961648223016","248.4962912800197","248.4962912800197","248.4962912800197","86.94256678914363","86.94256678914363","86.94256678914363","146.58300244795996","146.58300244795996","146.58300244795996","92.06970381903578","92.06970381903578","92.06970381903578","110.64429827751046","110.64429827751046","110.64429827751046","154.43285089892964","154.43285089892964","154.43285089892964","178.6007083733537","178.6007083733537","178.6007083733537","137.45703863176203","137.45703863176203","137.45703863176203","131.9998588199632","131.9998588199632","131.9998588199632","255.37997334021648","255.37997334021648","255.37997334021648","38.566956873741404","38.566956873741404","38.566956873741404","195.63224943860527","195.63224943860527","195.63224943860527","256.56096434673174","256.56096434673174","256.56096434673174"
"380000","242.23909210727726","242.23909210727726","242.23909210727726","85.39964799264673","85.39964799264673","85.39964799264673","195.16471164230535","195.16471164230535","195.16471164230535","146.3151874737287","146.3151874737287","146.3151874737287","147.68282941972296","147.68282941972296","147.68282941972296","136.7438862666862","136.7438862666862","136.7438862666862","280.4294297222684","280.4294297222684","280.4294297222684","253.11144544180206","253.11144544180206","253.11144544180206","108.04750552064074","108.04750552064074","108.04750552064074","105.43836292955238","105.43836292955238","105.43836292955238","75.28871088503737","75.28871088503737","75.28871088503737","124.73874687356279","124.73874687356279","124.73874687356279","151.67463665140394","151.67463665140394","151.67463665140394","187.9796309470018","187.9796309470018","187.9796309470018","169.24210087633855","169.24210087633855","169.24210087633855","115.82726624809763","115.82726624809763","115.82726624809763","267.3055458775075","267.3055458775075","267.3055458775075","71.76148587668791","71.76148587668791","71.76148587668791","171.70206621219486","171.70206621219486","171.70206621219486","265.5957722270217","265.5957722270217","265.5957722270217"
"384000","267.54012214973875","267.54012214973875","267.54012214973875","81.2803308750568","81.2803308750568","81.2803308750568","178.97359025718075","178.97359025718075","178.97359025718075","143.91383309936774","143.91383309936774","143.91383309936774","172.1507730221185","172.1507730221185","172.1507730221185","123.46619470390415","123.46619470390415","123.46619470390415","267.2042892019584","267.2042892019584","267.2042892019584","247.22556235178723","247.22556235178723","247.22556235178723","93.76798930097188","93.76798930097188","93.76798930097188","147.98451452923933","147.98451452923933","147.98451452923933","88.01476574549449","88.01476574549449","88.01476574549449","182.88202458111158","182.88202458111158","182.88202458111158","152.66485085217204","152.66485085217204","152.66485085217204","199.2583506535823","199.2583506535823","199.2583506535823","221.54921664551745","221.54921664551745","221.54921664551745","105.7686178399423","105.7686178399423","105.7686178399423","259.9396981213058","259.9396981213058","259.9396981213058","51.29905376194358","51.29905376194358","51.29905376194358","164.5811333655393","164.5811333655393","164.5811333655393","242.66882333374343","242.66882333374343","242.66882333374343"
"388000","206.96102932918453","206.96102932918453","206.96102932918453","111.13300526988708","111.13300526988708","111.13300526988708","163.1756276855905","163.1756276855905","163.1756276855905","147.85220387006794","147.85220387006794","147.85220387006794","177.51143317096236","177.51143317096236","177.51143317096236","113.13700332298731","113.13700332298731","113.13700332298731","228.6421724947511","228.6421724947511","228.6421724947511","249.98201423113096","249.98201423113096","249.98201423113096","55.06069441321152","55.06069441321152","55.06069441321152","128.08513107311882","128.08513107311882","128.08513107311882","90.09200139279584","90.09200139279584","90.09200139279584","256.0319541608959","256.0319541608959","256.0319541608959","164.26229031539668","164.26229031539668","164.26229031539668","191.53442171027896","191.53442171027896","191.53442171027896","218.4018466692033","218.4018466692033","218.4018466692033","139.80034916295097","139.80034916295097","139.80034916295097","239.72821441441852","239.72821441441852","239.72821441441852","42.63479627665143","42.63479627665143","42.63479627665143","179.7427340922354","179.7427340922354","179.7427340922354","274.5147226942422","274.5147226942422","274.5147226942422"
"392000","204.60737446054893","204.60737446054893","204.60737446054893","106.4271918374664","106.4271918374664","106.4271918374664","158.2998058730443","158.2998058730443","158.2998058730443","143.81664328365778","143.81664328365778","143.81664328365778","173.32557922837805","173.32557922837805","173.32557922837805","84.407650381674","84.407650381674","84.407650381674","214.56650572930386","214.56650572930386","214.56650572930386","252.08630920649293","252.08630920649293","252.08630920649293","17.417932321057645","17.417932321057645","17.417932321057645","124.67818036745675","124.67818036745675","124.67818036745675","3.91335793301318","3.91335793301318","3.91335793301318","251.38258365786857","251.38258365786857","251.38258365786857","162.11624896759855","162.11624896759855","162.11624896759855","194.95495026141998","194.95495026141998","194.95495026141998","201.8619056579824","201.8619056579824","201.8619056579824","221.428592335642","221.428592335642","221.428592335642","245.66582023884172","245.66582023884172","245.66582023884172","112.69922147083275","112.69922147083275","112.69922147083275","174.52670849819918","174.52670849819918","174.52670849819918","294.99434789039253","294.99434789039253","294.99434789039253"
"396000","198.20540771135836","198.20540771135836","198.20540771135836","106.36937352984125","106.36937352984125","106.36937352984125","168.39336247057534","168.39336247057534","168.39336247057534","156.494064088641","156.494064088641","156.494064088641","148.26764729542876","148.26764729542876","148.26764729542876","134.8657960903043","134.8657960903043","134.8657960903043","236.16457261315546","236.16457261315546","236.16457261315546","246.8591626935863","246.8591626935863","246.8591626935863","45.321620073475046","45.321620073475046","45.321620073475046","176.56877176902663","176.56877176902663","176.56877176902663","4.503973135533803","4.503973135533803","4.503973135533803","143.4591148249234","143.4591148249234","143.4591148249234","168.52629826620796","168.52629826620796","168.52629826620796","187.65750743126134","187.65750743126134","187.65750743126134","203.47193998379825","203.47193998379825","203.47193998379825","183.7954134879664","183.7954134879664","183.7954134879664","255.5675087611964","255.5675087611964","255.5675087611964","85.65128053267067","85.65128053267067","85.65128053267067","241.18264011989837","241.18264011989837","241.18264011989837","267.9447646834201","267.9447646834201","267.9447646834201"
"400000","208.47961417796552","208.47961417796552","208.47961417796552","130.47926893431105","130.47926893431105","130.47926893431105","202.4092651539899","202.4092651539899","202.4092651539899","157.1244243600008","157.1244243600008","157.1244243600008","151.70785420708054","151.70785420708054","151.70785420708054","154.63387470169505","154.63387470169505","154.63387470169505","232.8566390765925","232.8566390765925","232.8566390765925","245.03270661135116","245.03270661135116","245.03270661135116","79.3404639311951","79.3404639311951","79.3404639311951","126.62703459556128","126.62703459556128","126.62703459556128","4.144793737882651","4.144793737882651","4.144793737882651","154.5948589928841","154.5948589928841","154.5948589928841","157.72887377860883","157.72887377860883","157.72887377860883","187.7639461764325","187.7639461764325","187.7639461764325","231.91479095796598","231.91479095796598","231.91479095796598","174.35837759766645","174.35837759766645","174.35837759766645","251.88079082186192","251.88079082186192","251.88079082186192","98.12336661806621","98.12336661806621","98.12336661806621","205.08077750603417","205.08077750603417","205.08077750603417","292.69505424111725","292.69505424111725","292.69505424111725"