"Step","DDPG_EQL_Pendulum-v1_19 - eval/avg_reward","DDPG_EQL_Pendulum-v1_19 - eval/avg_reward__MIN","DDPG_EQL_Pendulum-v1_19 - eval/avg_reward__MAX","DDPG_EQL_Pendulum-v1_18 - eval/avg_reward","DDPG_EQL_Pendulum-v1_18 - eval/avg_reward__MIN","DDPG_EQL_Pendulum-v1_18 - eval/avg_reward__MAX","DDPG_EQL_Pendulum-v1_17 - eval/avg_reward","DDPG_EQL_Pendulum-v1_17 - eval/avg_reward__MIN","DDPG_EQL_Pendulum-v1_17 - eval/avg_reward__MAX","DDPG_EQL_Pendulum-v1_16 - eval/avg_reward","DDPG_EQL_Pendulum-v1_16 - eval/avg_reward__MIN","DDPG_EQL_Pendulum-v1_16 - eval/avg_reward__MAX","DDPG_EQL_Pendulum-v1_15 - eval/avg_reward","DDPG_EQL_Pendulum-v1_15 - eval/avg_reward__MIN","DDPG_EQL_Pendulum-v1_15 - eval/avg_reward__MAX","DDPG_EQL_Pendulum-v1_14 - eval/avg_reward","DDPG_EQL_Pendulum-v1_14 - eval/avg_reward__MIN","DDPG_EQL_Pendulum-v1_14 - eval/avg_reward__MAX","DDPG_EQL_Pendulum-v1_13 - eval/avg_reward","DDPG_EQL_Pendulum-v1_13 - eval/avg_reward__MIN","DDPG_EQL_Pendulum-v1_13 - eval/avg_reward__MAX","DDPG_EQL_Pendulum-v1_12 - eval/avg_reward","DDPG_EQL_Pendulum-v1_12 - eval/avg_reward__MIN","DDPG_EQL_Pendulum-v1_12 - eval/avg_reward__MAX","DDPG_EQL_Pendulum-v1_11 - eval/avg_reward","DDPG_EQL_Pendulum-v1_11 - eval/avg_reward__MIN","DDPG_EQL_Pendulum-v1_11 - eval/avg_reward__MAX","DDPG_EQL_Pendulum-v1_10 - eval/avg_reward","DDPG_EQL_Pendulum-v1_10 - eval/avg_reward__MIN","DDPG_EQL_Pendulum-v1_10 - eval/avg_reward__MAX","DDPG_EQL_Pendulum-v1_9 - eval/avg_reward","DDPG_EQL_Pendulum-v1_9 - eval/avg_reward__MIN","DDPG_EQL_Pendulum-v1_9 - eval/avg_reward__MAX","DDPG_EQL_Pendulum-v1_8 - eval/avg_reward","DDPG_EQL_Pendulum-v1_8 - eval/avg_reward__MIN","DDPG_EQL_Pendulum-v1_8 - eval/avg_reward__MAX","DDPG_EQL_Pendulum-v1_7 - eval/avg_reward","DDPG_EQL_Pendulum-v1_7 - eval/avg_reward__MIN","DDPG_EQL_Pendulum-v1_7 - eval/avg_reward__MAX","DDPG_EQL_Pendulum-v1_6 - eval/avg_reward","DDPG_EQL_Pendulum-v1_6 - eval/avg_reward__MIN","DDPG_EQL_Pendulum-v1_6 - eval/avg_reward__MAX","DDPG_EQL_Pendulum-v1_5 - eval/avg_reward","DDPG_EQL_Pendulum-v1_5 - eval/avg_reward__MIN","DDPG_EQL_Pendulum-v1_5 - eval/avg_reward__MAX","DDPG_EQL_Pendulum-v1_4 - eval/avg_reward","DDPG_EQL_Pendulum-v1_4 - eval/avg_reward__MIN","DDPG_EQL_Pendulum-v1_4 - eval/avg_reward__MAX","DDPG_EQL_Pendulum-v1_3 - eval/avg_reward","DDPG_EQL_Pendulum-v1_3 - eval/avg_reward__MIN","DDPG_EQL_Pendulum-v1_3 - eval/avg_reward__MAX","DDPG_EQL_Pendulum-v1_2 - eval/avg_reward","DDPG_EQL_Pendulum-v1_2 - eval/avg_reward__MIN","DDPG_EQL_Pendulum-v1_2 - eval/avg_reward__MAX","DDPG_EQL_Pendulum-v1_1 - eval/avg_reward","DDPG_EQL_Pendulum-v1_1 - eval/avg_reward__MIN","DDPG_EQL_Pendulum-v1_1 - eval/avg_reward__MAX","DDPG_EQL_Pendulum-v1_0 - eval/avg_reward","DDPG_EQL_Pendulum-v1_0 - eval/avg_reward__MIN","DDPG_EQL_Pendulum-v1_0 - eval/avg_reward__MAX"
"0","-1401.6226261599954","-1401.6226261599954","-1401.6226261599954","-1435.930552650268","-1435.930552650268","-1435.930552650268","-1448.9737364488112","-1448.9737364488112","-1448.9737364488112","-1568.9914164926765","-1568.9914164926765","-1568.9914164926765","-1209.5689572761542","-1209.5689572761542","-1209.5689572761542","-1248.506786966152","-1248.506786966152","-1248.506786966152","-1551.8436031626215","-1551.8436031626215","-1551.8436031626215","-1076.9632882264573","-1076.9632882264573","-1076.9632882264573","-1275.2165836417412","-1275.2165836417412","-1275.2165836417412","-1452.7631073899386","-1452.7631073899386","-1452.7631073899386","-1231.4761808535611","-1231.4761808535611","-1231.4761808535611","-1227.1472525562713","-1227.1472525562713","-1227.1472525562713","-1287.533745727514","-1287.533745727514","-1287.533745727514","-1448.4177689706441","-1448.4177689706441","-1448.4177689706441","-1436.4946402293442","-1436.4946402293442","-1436.4946402293442","-1494.0380537227197","-1494.0380537227197","-1494.0380537227197","-1149.8804169778966","-1149.8804169778966","-1149.8804169778966","-1251.0188341915482","-1251.0188341915482","-1251.0188341915482","-1489.5534472957415","-1489.5534472957415","-1489.5534472957415","-1062.5954729358295","-1062.5954729358295","-1062.5954729358295"
"300","-1401.6226261599954","-1401.6226261599954","-1401.6226261599954","-1435.930552650268","-1435.930552650268","-1435.930552650268","-1448.9737364488112","-1448.9737364488112","-1448.9737364488112","-1568.9914164926765","-1568.9914164926765","-1568.9914164926765","-1209.5689572761542","-1209.5689572761542","-1209.5689572761542","-1248.506786966152","-1248.506786966152","-1248.506786966152","-1551.8436031626215","-1551.8436031626215","-1551.8436031626215","-1076.9632882264573","-1076.9632882264573","-1076.9632882264573","-1275.2165836417412","-1275.2165836417412","-1275.2165836417412","-1452.7631073899386","-1452.7631073899386","-1452.7631073899386","-1231.4761808535611","-1231.4761808535611","-1231.4761808535611","-1227.1472525562713","-1227.1472525562713","-1227.1472525562713","-1287.533745727514","-1287.533745727514","-1287.533745727514","-1448.4177689706441","-1448.4177689706441","-1448.4177689706441","-1436.4946402293442","-1436.4946402293442","-1436.4946402293442","-1494.0380537227197","-1494.0380537227197","-1494.0380537227197","-1149.8804169778966","-1149.8804169778966","-1149.8804169778966","-1251.0188341915482","-1251.0188341915482","-1251.0188341915482","-1489.5534472957415","-1489.5534472957415","-1489.5534472957415","-1062.5954729358295","-1062.5954729358295","-1062.5954729358295"
"600","-1401.6226261599954","-1401.6226261599954","-1401.6226261599954","-1435.930552650268","-1435.930552650268","-1435.930552650268","-1448.9737364488112","-1448.9737364488112","-1448.9737364488112","-1568.9914164926765","-1568.9914164926765","-1568.9914164926765","-1209.5689572761542","-1209.5689572761542","-1209.5689572761542","-1248.506786966152","-1248.506786966152","-1248.506786966152","-1551.8436031626215","-1551.8436031626215","-1551.8436031626215","-1076.9632882264573","-1076.9632882264573","-1076.9632882264573","-1275.2165836417412","-1275.2165836417412","-1275.2165836417412","-1452.7631073899386","-1452.7631073899386","-1452.7631073899386","-1231.4761808535611","-1231.4761808535611","-1231.4761808535611","-1227.1472525562713","-1227.1472525562713","-1227.1472525562713","-1287.533745727514","-1287.533745727514","-1287.533745727514","-1448.4177689706441","-1448.4177689706441","-1448.4177689706441","-1436.4946402293442","-1436.4946402293442","-1436.4946402293442","-1494.0380537227197","-1494.0380537227197","-1494.0380537227197","-1149.8804169778966","-1149.8804169778966","-1149.8804169778966","-1251.0188341915482","-1251.0188341915482","-1251.0188341915482","-1489.5534472957415","-1489.5534472957415","-1489.5534472957415","-1062.5954729358295","-1062.5954729358295","-1062.5954729358295"
"900","-1401.6226261599954","-1401.6226261599954","-1401.6226261599954","-1435.930552650268","-1435.930552650268","-1435.930552650268","-1448.9737364488112","-1448.9737364488112","-1448.9737364488112","-1568.9914164926765","-1568.9914164926765","-1568.9914164926765","-1209.5689572761542","-1209.5689572761542","-1209.5689572761542","-1248.506786966152","-1248.506786966152","-1248.506786966152","-1551.8436031626215","-1551.8436031626215","-1551.8436031626215","-1076.9632882264573","-1076.9632882264573","-1076.9632882264573","-1275.2165836417412","-1275.2165836417412","-1275.2165836417412","-1452.7631073899386","-1452.7631073899386","-1452.7631073899386","-1231.4761808535611","-1231.4761808535611","-1231.4761808535611","-1227.1472525562713","-1227.1472525562713","-1227.1472525562713","-1287.533745727514","-1287.533745727514","-1287.533745727514","-1448.4177689706441","-1448.4177689706441","-1448.4177689706441","-1436.4946402293442","-1436.4946402293442","-1436.4946402293442","-1494.0380537227197","-1494.0380537227197","-1494.0380537227197","-1149.8804169778966","-1149.8804169778966","-1149.8804169778966","-1251.0188341915482","-1251.0188341915482","-1251.0188341915482","-1489.5534472957415","-1489.5534472957415","-1489.5534472957415","-1062.5954729358295","-1062.5954729358295","-1062.5954729358295"
"1200","-1601.4832907947086","-1601.4832907947086","-1601.4832907947086","-1582.7335738754907","-1582.7335738754907","-1582.7335738754907","-1786.524214382728","-1786.524214382728","-1786.524214382728","-1739.916414475448","-1739.916414475448","-1739.916414475448","-1592.7803946299314","-1592.7803946299314","-1592.7803946299314","-1727.7051093273633","-1727.7051093273633","-1727.7051093273633","-1557.8304566563415","-1557.8304566563415","-1557.8304566563415","-1388.9018293135528","-1388.9018293135528","-1388.9018293135528","-1675.28986748479","-1675.28986748479","-1675.28986748479","-1684.8154098123002","-1684.8154098123002","-1684.8154098123002","-1731.6334623665298","-1731.6334623665298","-1731.6334623665298","-1525.0465471615219","-1525.0465471615219","-1525.0465471615219","-1355.177833782083","-1355.177833782083","-1355.177833782083","-1660.2752228723755","-1660.2752228723755","-1660.2752228723755","-1255.3487462213573","-1255.3487462213573","-1255.3487462213573","-1290.3789898842376","-1290.3789898842376","-1290.3789898842376","-1674.072867533881","-1674.072867533881","-1674.072867533881","-1335.4469107995228","-1335.4469107995228","-1335.4469107995228","-1759.2763349037716","-1759.2763349037716","-1759.2763349037716","-1485.426750390434","-1485.426750390434","-1485.426750390434"
"1500","-1584.5429836913295","-1584.5429836913295","-1584.5429836913295","-1686.5347124275372","-1686.5347124275372","-1686.5347124275372","-1798.499569423067","-1798.499569423067","-1798.499569423067","-1510.6636117260953","-1510.6636117260953","-1510.6636117260953","-1544.4206331856064","-1544.4206331856064","-1544.4206331856064","-1721.9013035909732","-1721.9013035909732","-1721.9013035909732","-1492.2638559983889","-1492.2638559983889","-1492.2638559983889","-1515.561732536266","-1515.561732536266","-1515.561732536266","-1686.7723757189692","-1686.7723757189692","-1686.7723757189692","-1587.3402748794704","-1587.3402748794704","-1587.3402748794704","-1750.1819042727827","-1750.1819042727827","-1750.1819042727827","-1494.8298951472539","-1494.8298951472539","-1494.8298951472539","-1571.034262500715","-1571.034262500715","-1571.034262500715","-1705.2014160779174","-1705.2014160779174","-1705.2014160779174","-1626.4021307373334","-1626.4021307373334","-1626.4021307373334","-1489.2011440095243","-1489.2011440095243","-1489.2011440095243","-1735.2521209530619","-1735.2521209530619","-1735.2521209530619","-1758.5791218443148","-1758.5791218443148","-1758.5791218443148","-1463.372508358218","-1463.372508358218","-1463.372508358218","-1482.265127173399","-1482.265127173399","-1482.265127173399"
"1800","-1557.3437368661619","-1557.3437368661619","-1557.3437368661619","-1545.7433142178784","-1545.7433142178784","-1545.7433142178784","-1530.5286634921426","-1530.5286634921426","-1530.5286634921426","-1483.6474077473688","-1483.6474077473688","-1483.6474077473688","-1528.9485193402415","-1528.9485193402415","-1528.9485193402415","-1549.6671694113024","-1549.6671694113024","-1549.6671694113024","-1482.2917691087737","-1482.2917691087737","-1482.2917691087737","-1451.3369428168746","-1451.3369428168746","-1451.3369428168746","-1552.40747814433","-1552.40747814433","-1552.40747814433","-1464.149995030566","-1464.149995030566","-1464.149995030566","-1546.998649932183","-1546.998649932183","-1546.998649932183","-1461.7110328281992","-1461.7110328281992","-1461.7110328281992","-1576.7826296574192","-1576.7826296574192","-1576.7826296574192","-1569.1698407123174","-1569.1698407123174","-1569.1698407123174","-1557.6700077007247","-1557.6700077007247","-1557.6700077007247","-1456.5379334977345","-1456.5379334977345","-1456.5379334977345","-1494.4759172871068","-1494.4759172871068","-1494.4759172871068","-1477.1389546307234","-1477.1389546307234","-1477.1389546307234","-1453.177167456686","-1453.177167456686","-1453.177167456686","-1500.134726721632","-1500.134726721632","-1500.134726721632"
"2100","-1509.5458475520788","-1509.5458475520788","-1509.5458475520788","-1475.0323499243887","-1475.0323499243887","-1475.0323499243887","-1521.236046431397","-1521.236046431397","-1521.236046431397","-1485.5700570946478","-1485.5700570946478","-1485.5700570946478","-1477.7534414201796","-1477.7534414201796","-1477.7534414201796","-1414.4508015219594","-1414.4508015219594","-1414.4508015219594","-1470.7742911476805","-1470.7742911476805","-1470.7742911476805","-1417.645679159958","-1417.645679159958","-1417.645679159958","-1518.949087012026","-1518.949087012026","-1518.949087012026","-1427.0868715148297","-1427.0868715148297","-1427.0868715148297","-1461.053902038804","-1461.053902038804","-1461.053902038804","-1448.7244228953562","-1448.7244228953562","-1448.7244228953562","-1453.262770754625","-1453.262770754625","-1453.262770754625","-1410.966438627778","-1410.966438627778","-1410.966438627778","-1354.2540773249589","-1354.2540773249589","-1354.2540773249589","-1459.8153632280655","-1459.8153632280655","-1459.8153632280655","-1535.239714268157","-1535.239714268157","-1535.239714268157","-1468.309281347141","-1468.309281347141","-1468.309281347141","-1450.6572464831174","-1450.6572464831174","-1450.6572464831174","-1490.26241378921","-1490.26241378921","-1490.26241378921"
"2400","-1489.9443643302257","-1489.9443643302257","-1489.9443643302257","-1428.3350312042207","-1428.3350312042207","-1428.3350312042207","-1510.2925171245445","-1510.2925171245445","-1510.2925171245445","-1381.9871694059761","-1381.9871694059761","-1381.9871694059761","-1462.205379868768","-1462.205379868768","-1462.205379868768","-1290.137601705924","-1290.137601705924","-1290.137601705924","-1261.7100234510574","-1261.7100234510574","-1261.7100234510574","-1361.1788342421657","-1361.1788342421657","-1361.1788342421657","-1474.920849676224","-1474.920849676224","-1474.920849676224","-1343.9302268522883","-1343.9302268522883","-1343.9302268522883","-1441.1977416488444","-1441.1977416488444","-1441.1977416488444","-1346.2708383431502","-1346.2708383431502","-1346.2708383431502","-1320.7368210856835","-1320.7368210856835","-1320.7368210856835","-1352.663793165081","-1352.663793165081","-1352.663793165081","-1268.2760530820578","-1268.2760530820578","-1268.2760530820578","-1322.711467446406","-1322.711467446406","-1322.711467446406","-1326.9453755268205","-1326.9453755268205","-1326.9453755268205","-1366.5254990397","-1366.5254990397","-1366.5254990397","-1429.1902486349393","-1429.1902486349393","-1429.1902486349393","-1205.4746869680241","-1205.4746869680241","-1205.4746869680241"
"2700","-1439.322018784178","-1439.322018784178","-1439.322018784178","-1330.544561565379","-1330.544561565379","-1330.544561565379","-1319.6122019418558","-1319.6122019418558","-1319.6122019418558","-1320.9104271797778","-1320.9104271797778","-1320.9104271797778","-1218.7662282755496","-1218.7662282755496","-1218.7662282755496","-1260.3628901650088","-1260.3628901650088","-1260.3628901650088","-1256.5498803659427","-1256.5498803659427","-1256.5498803659427","-1010.7704322892401","-1010.7704322892401","-1010.7704322892401","-1213.5543887248255","-1213.5543887248255","-1213.5543887248255","-1258.858159419566","-1258.858159419566","-1258.858159419566","-1151.40300659436","-1151.40300659436","-1151.40300659436","-1222.2434001440454","-1222.2434001440454","-1222.2434001440454","-1149.635317516199","-1149.635317516199","-1149.635317516199","-1298.5112593781735","-1298.5112593781735","-1298.5112593781735","-1184.2851782471312","-1184.2851782471312","-1184.2851782471312","-1250.4834493075673","-1250.4834493075673","-1250.4834493075673","-1243.336003381769","-1243.336003381769","-1243.336003381769","-1190.4823281171052","-1190.4823281171052","-1190.4823281171052","-1316.7181646541908","-1316.7181646541908","-1316.7181646541908","-1057.884675941598","-1057.884675941598","-1057.884675941598"
"3000","-1208.1147369268601","-1208.1147369268601","-1208.1147369268601","-1307.2027515469779","-1307.2027515469779","-1307.2027515469779","-1260.8716062223994","-1260.8716062223994","-1260.8716062223994","-1200.5996917338598","-1200.5996917338598","-1200.5996917338598","-1097.9269833251328","-1097.9269833251328","-1097.9269833251328","-1222.1336453994652","-1222.1336453994652","-1222.1336453994652","-1229.4513898876362","-1229.4513898876362","-1229.4513898876362","-596.330710632197","-596.330710632197","-596.330710632197","-1026.5739815061984","-1026.5739815061984","-1026.5739815061984","-1192.0084248726987","-1192.0084248726987","-1192.0084248726987","-1049.9832433219315","-1049.9832433219315","-1049.9832433219315","-1084.1926936097552","-1084.1926936097552","-1084.1926936097552","-841.8134941907362","-841.8134941907362","-841.8134941907362","-1103.983056747971","-1103.983056747971","-1103.983056747971","-1015.457146871466","-1015.457146871466","-1015.457146871466","-1138.6469855889006","-1138.6469855889006","-1138.6469855889006","-1153.4373398565417","-1153.4373398565417","-1153.4373398565417","-1068.5469636489042","-1068.5469636489042","-1068.5469636489042","-1134.7165278465877","-1134.7165278465877","-1134.7165278465877","-929.9910083401417","-929.9910083401417","-929.9910083401417"
"3300","-902.2386730543542","-902.2386730543542","-902.2386730543542","-1080.5427184008001","-1080.5427184008001","-1080.5427184008001","-1096.49859901744","-1096.49859901744","-1096.49859901744","-1011.1293961649286","-1011.1293961649286","-1011.1293961649286","-937.470154279629","-937.470154279629","-937.470154279629","-1127.9316424699632","-1127.9316424699632","-1127.9316424699632","-1144.3381829896637","-1144.3381829896637","-1144.3381829896637","-901.752310897449","-901.752310897449","-901.752310897449","-626.4275951190476","-626.4275951190476","-626.4275951190476","-1090.1428006905385","-1090.1428006905385","-1090.1428006905385","-1007.6403021176436","-1007.6403021176436","-1007.6403021176436","-996.6664867652692","-996.6664867652692","-996.6664867652692","-484.3936877365063","-484.3936877365063","-484.3936877365063","-916.0669828658695","-916.0669828658695","-916.0669828658695","-862.1203125520587","-862.1203125520587","-862.1203125520587","-1035.1960543661817","-1035.1960543661817","-1035.1960543661817","-1097.811202181481","-1097.811202181481","-1097.811202181481","-928.4697949312009","-928.4697949312009","-928.4697949312009","-1101.3679964484231","-1101.3679964484231","-1101.3679964484231","-559.534407454448","-559.534407454448","-559.534407454448"
"3600","-858.0570049222688","-858.0570049222688","-858.0570049222688","-552.1160973046839","-552.1160973046839","-552.1160973046839","-1015.6626753782273","-1015.6626753782273","-1015.6626753782273","-846.6880026259374","-846.6880026259374","-846.6880026259374","-408.221653965594","-408.221653965594","-408.221653965594","-796.3050711905636","-796.3050711905636","-796.3050711905636","-908.9728635962585","-908.9728635962585","-908.9728635962585","-120.6091601659114","-120.6091601659114","-120.6091601659114","-329.8231673158265","-329.8231673158265","-329.8231673158265","-1179.163973432597","-1179.163973432597","-1179.163973432597","-478.9965362792056","-478.9965362792056","-478.9965362792056","-486.2330706048673","-486.2330706048673","-486.2330706048673","-588.3387739198938","-588.3387739198938","-588.3387739198938","-614.044008491082","-614.044008491082","-614.044008491082","-796.7072769417942","-796.7072769417942","-796.7072769417942","-756.212788019487","-756.212788019487","-756.212788019487","-831.0972812145898","-831.0972812145898","-831.0972812145898","-553.5428240033805","-553.5428240033805","-553.5428240033805","-1024.592694337231","-1024.592694337231","-1024.592694337231","-537.5760017016504","-537.5760017016504","-537.5760017016504"
"3900","-576.8805885087447","-576.8805885087447","-576.8805885087447","-260.98808588065674","-260.98808588065674","-260.98808588065674","-608.9799818375434","-608.9799818375434","-608.9799818375434","-1417.7139903956981","-1417.7139903956981","-1417.7139903956981","-301.36664090606325","-301.36664090606325","-301.36664090606325","-941.1458098985707","-941.1458098985707","-941.1458098985707","-556.9658926126751","-556.9658926126751","-556.9658926126751","-675.4158887057723","-675.4158887057723","-675.4158887057723","-345.3823051235118","-345.3823051235118","-345.3823051235118","-1395.6785280067845","-1395.6785280067845","-1395.6785280067845","-262.7722596811551","-262.7722596811551","-262.7722596811551","-255.12359185403838","-255.12359185403838","-255.12359185403838","-159.89791897380792","-159.89791897380792","-159.89791897380792","-226.77872470850534","-226.77872470850534","-226.77872470850534","-879.0155138415228","-879.0155138415228","-879.0155138415228","-817.279033408013","-817.279033408013","-817.279033408013","-793.8743420342096","-793.8743420342096","-793.8743420342096","-593.5354003883367","-593.5354003883367","-593.5354003883367","-577.449563264452","-577.449563264452","-577.449563264452","-291.9329423709811","-291.9329423709811","-291.9329423709811"
"4200","-423.55109362062024","-423.55109362062024","-423.55109362062024","-261.01612848825596","-261.01612848825596","-261.01612848825596","-386.8211615304329","-386.8211615304329","-386.8211615304329","-875.4227729911261","-875.4227729911261","-875.4227729911261","-536.9367839813925","-536.9367839813925","-536.9367839813925","-219.7947790091579","-219.7947790091579","-219.7947790091579","-339.5819767710331","-339.5819767710331","-339.5819767710331","-163.5339845850364","-163.5339845850364","-163.5339845850364","-344.6727837308117","-344.6727837308117","-344.6727837308117","-1493.6854346032462","-1493.6854346032462","-1493.6854346032462","-155.86634163910503","-155.86634163910503","-155.86634163910503","-180.78221781165468","-180.78221781165468","-180.78221781165468","-692.0861240258914","-692.0861240258914","-692.0861240258914","-220.52879279818566","-220.52879279818566","-220.52879279818566","-1192.9409945007853","-1192.9409945007853","-1192.9409945007853","-777.6498626610371","-777.6498626610371","-777.6498626610371","-760.0213357306112","-760.0213357306112","-760.0213357306112","-221.7311911406893","-221.7311911406893","-221.7311911406893","-217.02104120427947","-217.02104120427947","-217.02104120427947","-155.68208364229307","-155.68208364229307","-155.68208364229307"
"4500","-255.90811966286265","-255.90811966286265","-255.90811966286265","-252.3208335851062","-252.3208335851062","-252.3208335851062","-817.3603530707165","-817.3603530707165","-817.3603530707165","-1352.0545097820177","-1352.0545097820177","-1352.0545097820177","-153.89731249978072","-153.89731249978072","-153.89731249978072","-153.80606755273624","-153.80606755273624","-153.80606755273624","-200.04948665703708","-200.04948665703708","-200.04948665703708","-114.87593583027265","-114.87593583027265","-114.87593583027265","-181.60661160826407","-181.60661160826407","-181.60661160826407","-400.50339086418046","-400.50339086418046","-400.50339086418046","-152.29993842022526","-152.29993842022526","-152.29993842022526","-176.52829333267988","-176.52829333267988","-176.52829333267988","-265.26004186152005","-265.26004186152005","-265.26004186152005","-219.143105845095","-219.143105845095","-219.143105845095","-1033.4539914804777","-1033.4539914804777","-1033.4539914804777","-634.8686652530669","-634.8686652530669","-634.8686652530669","-788.4449495076441","-788.4449495076441","-788.4449495076441","-156.6878174873016","-156.6878174873016","-156.6878174873016","-600.7860057655756","-600.7860057655756","-600.7860057655756","-125.58516861180642","-125.58516861180642","-125.58516861180642"
"4800","-148.2351458831641","-148.2351458831641","-148.2351458831641","-222.15190986037618","-222.15190986037618","-222.15190986037618","-311.57895670780215","-311.57895670780215","-311.57895670780215","-1345.8727105678763","-1345.8727105678763","-1345.8727105678763","-153.81057642259333","-153.81057642259333","-153.81057642259333","-147.4523588128918","-147.4523588128918","-147.4523588128918","-198.42539566787957","-198.42539566787957","-198.42539566787957","-110.68042996031133","-110.68042996031133","-110.68042996031133","-177.1114571440132","-177.1114571440132","-177.1114571440132","-340.60064843698757","-340.60064843698757","-340.60064843698757","-152.46265275542024","-152.46265275542024","-152.46265275542024","-231.15265077925446","-231.15265077925446","-231.15265077925446","-132.46178202562393","-132.46178202562393","-132.46178202562393","-215.68002747081718","-215.68002747081718","-215.68002747081718","-889.2979855837381","-889.2979855837381","-889.2979855837381","-174.6061983260749","-174.6061983260749","-174.6061983260749","-858.1711435316686","-858.1711435316686","-858.1711435316686","-157.42796539697412","-157.42796539697412","-157.42796539697412","-196.3543428791768","-196.3543428791768","-196.3543428791768","-126.10235767009438","-126.10235767009438","-126.10235767009438"
"5100","-144.28432109970748","-144.28432109970748","-144.28432109970748","-221.90678302944735","-221.90678302944735","-221.90678302944735","-295.5091381672432","-295.5091381672432","-295.5091381672432","-231.42087036848253","-231.42087036848253","-231.42087036848253","-150.56982798483332","-150.56982798483332","-150.56982798483332","-148.62916820225502","-148.62916820225502","-148.62916820225502","-198.56174660419168","-198.56174660419168","-198.56174660419168","-109.9692332747223","-109.9692332747223","-109.9692332747223","-173.42945552391558","-173.42945552391558","-173.42945552391558","-481.89729958554517","-481.89729958554517","-481.89729958554517","-150.17005493257426","-150.17005493257426","-150.17005493257426","-174.30551862962534","-174.30551862962534","-174.30551862962534","-131.2506813076335","-131.2506813076335","-131.2506813076335","-212.7356174349879","-212.7356174349879","-212.7356174349879","-706.7216794030404","-706.7216794030404","-706.7216794030404","-171.9091477435708","-171.9091477435708","-171.9091477435708","-875.2989794738696","-875.2989794738696","-875.2989794738696","-804.5368394287314","-804.5368394287314","-804.5368394287314","-301.82780722471745","-301.82780722471745","-301.82780722471745","-130.45160520776844","-130.45160520776844","-130.45160520776844"
"5400","-168.80762494299864","-168.80762494299864","-168.80762494299864","-352.50373760830735","-352.50373760830735","-352.50373760830735","-288.8340609468579","-288.8340609468579","-288.8340609468579","-220.85017127898837","-220.85017127898837","-220.85017127898837","-150.97723980727483","-150.97723980727483","-150.97723980727483","-146.10923079780716","-146.10923079780716","-146.10923079780716","-417.17197315500897","-417.17197315500897","-417.17197315500897","-103.40793773397169","-103.40793773397169","-103.40793773397169","-172.6914694413564","-172.6914694413564","-172.6914694413564","-626.1646113027607","-626.1646113027607","-626.1646113027607","-148.01423147471417","-148.01423147471417","-148.01423147471417","-172.7982181462254","-172.7982181462254","-172.7982181462254","-128.09881200982537","-128.09881200982537","-128.09881200982537","-208.55931559647448","-208.55931559647448","-208.55931559647448","-543.2292283432683","-543.2292283432683","-543.2292283432683","-171.71927721291917","-171.71927721291917","-171.71927721291917","-1009.9925421401789","-1009.9925421401789","-1009.9925421401789","-152.61979093754692","-152.61979093754692","-152.61979093754692","-176.54718741292382","-176.54718741292382","-176.54718741292382","-125.93790670080129","-125.93790670080129","-125.93790670080129"
"5700","-167.91393551138188","-167.91393551138188","-167.91393551138188","-578.0766664909949","-578.0766664909949","-578.0766664909949","-259.1604730800183","-259.1604730800183","-259.1604730800183","-212.05127201679028","-212.05127201679028","-212.05127201679028","-147.47831480080373","-147.47831480080373","-147.47831480080373","-147.12656312992084","-147.12656312992084","-147.12656312992084","-436.2027083326716","-436.2027083326716","-436.2027083326716","-100.45955120405891","-100.45955120405891","-100.45955120405891","-171.34421234573836","-171.34421234573836","-171.34421234573836","-468.27865184504753","-468.27865184504753","-468.27865184504753","-148.02788525884142","-148.02788525884142","-148.02788525884142","-173.68443596442813","-173.68443596442813","-173.68443596442813","-125.25571302435021","-125.25571302435021","-125.25571302435021","-206.0509857839259","-206.0509857839259","-206.0509857839259","-174.71977289719962","-174.71977289719962","-174.71977289719962","-171.63171200280345","-171.63171200280345","-171.63171200280345","-706.1987543668437","-706.1987543668437","-706.1987543668437","-125.537920722214","-125.537920722214","-125.537920722214","-175.66776016717614","-175.66776016717614","-175.66776016717614","-124.67060056483413","-124.67060056483413","-124.67060056483413"
"6000","-140.32124481706728","-140.32124481706728","-140.32124481706728","-461.4460113973112","-461.4460113973112","-461.4460113973112","-259.218058075545","-259.218058075545","-259.218058075545","-213.82668719660842","-213.82668719660842","-213.82668719660842","-148.71230948160877","-148.71230948160877","-148.71230948160877","-147.80526392475662","-147.80526392475662","-147.80526392475662","-224.6069005800886","-224.6069005800886","-224.6069005800886","-99.53355584768033","-99.53355584768033","-99.53355584768033","-170.88228164050602","-170.88228164050602","-170.88228164050602","-287.6740690571834","-287.6740690571834","-287.6740690571834","-147.29152004191633","-147.29152004191633","-147.29152004191633","-172.48851695349578","-172.48851695349578","-172.48851695349578","-126.07543088540055","-126.07543088540055","-126.07543088540055","-204.97031444210788","-204.97031444210788","-204.97031444210788","-171.9178610991176","-171.9178610991176","-171.9178610991176","-327.7959636418891","-327.7959636418891","-327.7959636418891","-630.9484627791977","-630.9484627791977","-630.9484627791977","-124.4729430887443","-124.4729430887443","-124.4729430887443","-173.5922583895795","-173.5922583895795","-173.5922583895795","-125.46643635319106","-125.46643635319106","-125.46643635319106"
"6300","-140.9931843518531","-140.9931843518531","-140.9931843518531","-214.58354574585286","-214.58354574585286","-214.58354574585286","-241.4792394680338","-241.4792394680338","-241.4792394680338","-213.7230977056758","-213.7230977056758","-213.7230977056758","-146.81292505920504","-146.81292505920504","-146.81292505920504","-144.570348090499","-144.570348090499","-144.570348090499","-222.98004171450447","-222.98004171450447","-222.98004171450447","-96.64965605307458","-96.64965605307458","-96.64965605307458","-170.87321777323297","-170.87321777323297","-170.87321777323297","-120.93458474726962","-120.93458474726962","-120.93458474726962","-147.66311159772954","-147.66311159772954","-147.66311159772954","-171.93140417252414","-171.93140417252414","-171.93140417252414","-339.92394205366134","-339.92394205366134","-339.92394205366134","-204.8796461745916","-204.8796461745916","-204.8796461745916","-172.24858841663666","-172.24858841663666","-172.24858841663666","-171.61110276058918","-171.61110276058918","-171.61110276058918","-663.5741571651075","-663.5741571651075","-663.5741571651075","-123.6777089966437","-123.6777089966437","-123.6777089966437","-172.35106478909424","-172.35106478909424","-172.35106478909424","-124.66549477038488","-124.66549477038488","-124.66549477038488"
"6600","-140.1467853871149","-140.1467853871149","-140.1467853871149","-214.04002586287692","-214.04002586287692","-214.04002586287692","-228.52418775170958","-228.52418775170958","-228.52418775170958","-214.04201183299955","-214.04201183299955","-214.04201183299955","-145.92512902196975","-145.92512902196975","-145.92512902196975","-145.7772348425361","-145.7772348425361","-145.7772348425361","-404.6517631846035","-404.6517631846035","-404.6517631846035","-98.32164775861534","-98.32164775861534","-98.32164775861534","-170.8499048029974","-170.8499048029974","-170.8499048029974","-120.03800792932148","-120.03800792932148","-120.03800792932148","-147.1262080383428","-147.1262080383428","-147.1262080383428","-173.08038945787953","-173.08038945787953","-173.08038945787953","-124.90162280879122","-124.90162280879122","-124.90162280879122","-204.57803851456492","-204.57803851456492","-204.57803851456492","-171.54613874585084","-171.54613874585084","-171.54613874585084","-317.14107667466976","-317.14107667466976","-317.14107667466976","-553.068102611045","-553.068102611045","-553.068102611045","-124.73227075416428","-124.73227075416428","-124.73227075416428","-173.14176042421275","-173.14176042421275","-173.14176042421275","-126.03275508589304","-126.03275508589304","-126.03275508589304"
"6900","-139.88855387587083","-139.88855387587083","-139.88855387587083","-211.15966473570788","-211.15966473570788","-211.15966473570788","-232.15104502840146","-232.15104502840146","-232.15104502840146","-209.3828279274957","-209.3828279274957","-209.3828279274957","-144.32348444816915","-144.32348444816915","-144.32348444816915","-146.52988403721994","-146.52988403721994","-146.52988403721994","-223.83884836870976","-223.83884836870976","-223.83884836870976","-98.3570297170713","-98.3570297170713","-98.3570297170713","-172.03199937393327","-172.03199937393327","-172.03199937393327","-122.47765502545187","-122.47765502545187","-122.47765502545187","-148.7374747250573","-148.7374747250573","-148.7374747250573","-172.05129414806913","-172.05129414806913","-172.05129414806913","-126.54482757508677","-126.54482757508677","-126.54482757508677","-207.98911238309387","-207.98911238309387","-207.98911238309387","-170.69141777165746","-170.69141777165746","-170.69141777165746","-364.57632503969523","-364.57632503969523","-364.57632503969523","-146.0475382081867","-146.0475382081867","-146.0475382081867","-124.01747857344697","-124.01747857344697","-124.01747857344697","-172.28623384668788","-172.28623384668788","-172.28623384668788","-472.60053089649017","-472.60053089649017","-472.60053089649017"
"7200","-142.07542495975412","-142.07542495975412","-142.07542495975412","-211.89249856434503","-211.89249856434503","-211.89249856434503","-230.61362850448842","-230.61362850448842","-230.61362850448842","-210.97522935690375","-210.97522935690375","-210.97522935690375","-143.80351432341118","-143.80351432341118","-143.80351432341118","-145.49524467119386","-145.49524467119386","-145.49524467119386","-195.26491436800015","-195.26491436800015","-195.26491436800015","-98.065393876602","-98.065393876602","-98.065393876602","-170.5950503620659","-170.5950503620659","-170.5950503620659","-124.51714876660137","-124.51714876660137","-124.51714876660137","-148.28179768537325","-148.28179768537325","-148.28179768537325","-171.8067305464872","-171.8067305464872","-171.8067305464872","-125.8375678106735","-125.8375678106735","-125.8375678106735","-229.7760217179222","-229.7760217179222","-229.7760217179222","-170.6781424066612","-170.6781424066612","-170.6781424066612","-355.52186487355266","-355.52186487355266","-355.52186487355266","-145.82788293364183","-145.82788293364183","-145.82788293364183","-123.46085781580253","-123.46085781580253","-123.46085781580253","-172.88765908376507","-172.88765908376507","-172.88765908376507","-125.60957502202578","-125.60957502202578","-125.60957502202578"
"7500","-143.75017120033016","-143.75017120033016","-143.75017120033016","-190.96080620973737","-190.96080620973737","-190.96080620973737","-225.59228422310858","-225.59228422310858","-225.59228422310858","-217.10733439444158","-217.10733439444158","-217.10733439444158","-143.26272336700026","-143.26272336700026","-143.26272336700026","-143.83362934616477","-143.83362934616477","-143.83362934616477","-195.68789714342523","-195.68789714342523","-195.68789714342523","-97.15816881518508","-97.15816881518508","-97.15816881518508","-169.7536284594133","-169.7536284594133","-169.7536284594133","-123.84687469694238","-123.84687469694238","-123.84687469694238","-146.6852533101106","-146.6852533101106","-146.6852533101106","-172.3921336634603","-172.3921336634603","-172.3921336634603","-126.45941021547182","-126.45941021547182","-126.45941021547182","-205.87617939269535","-205.87617939269535","-205.87617939269535","-171.55235331652614","-171.55235331652614","-171.55235331652614","-366.37670771057793","-366.37670771057793","-366.37670771057793","-147.8166351747505","-147.8166351747505","-147.8166351747505","-122.31430403320192","-122.31430403320192","-122.31430403320192","-173.13162491047004","-173.13162491047004","-173.13162491047004","-175.96663990721328","-175.96663990721328","-175.96663990721328"
"7800","-142.47549279524588","-142.47549279524588","-142.47549279524588","-214.2936621754493","-214.2936621754493","-214.2936621754493","-223.5527005302386","-223.5527005302386","-223.5527005302386","-217.93044985378847","-217.93044985378847","-217.93044985378847","-143.67607857105733","-143.67607857105733","-143.67607857105733","-144.09960369950895","-144.09960369950895","-144.09960369950895","-249.1794867049617","-249.1794867049617","-249.1794867049617","-97.24763592121094","-97.24763592121094","-97.24763592121094","-170.2465876233115","-170.2465876233115","-170.2465876233115","-121.48708816765948","-121.48708816765948","-121.48708816765948","-146.78628134518368","-146.78628134518368","-146.78628134518368","-172.50063748742593","-172.50063748742593","-172.50063748742593","-258.0881172538376","-258.0881172538376","-258.0881172538376","-205.0783693409252","-205.0783693409252","-205.0783693409252","-173.06469140896417","-173.06469140896417","-173.06469140896417","-341.35412489349324","-341.35412489349324","-341.35412489349324","-146.04867491957512","-146.04867491957512","-146.04867491957512","-126.27150064836947","-126.27150064836947","-126.27150064836947","-172.05974176359084","-172.05974176359084","-172.05974176359084","-123.34338700095869","-123.34338700095869","-123.34338700095869"
"8100","-143.78092490667206","-143.78092490667206","-143.78092490667206","-214.01603451417972","-214.01603451417972","-214.01603451417972","-224.45707088182144","-224.45707088182144","-224.45707088182144","-218.5844513527352","-218.5844513527352","-218.5844513527352","-144.55407863887658","-144.55407863887658","-144.55407863887658","-142.1957087208395","-142.1957087208395","-142.1957087208395","-220.92917467381614","-220.92917467381614","-220.92917467381614","-97.37794149004299","-97.37794149004299","-97.37794149004299","-170.62477719546578","-170.62477719546578","-170.62477719546578","-124.37965027920988","-124.37965027920988","-124.37965027920988","-146.56122508051158","-146.56122508051158","-146.56122508051158","-172.05248414537556","-172.05248414537556","-172.05248414537556","-540.1739279203802","-540.1739279203802","-540.1739279203802","-204.60379506988664","-204.60379506988664","-204.60379506988664","-173.82555181979492","-173.82555181979492","-173.82555181979492","-148.0945506444928","-148.0945506444928","-148.0945506444928","-145.28970829121937","-145.28970829121937","-145.28970829121937","-126.16095540938518","-126.16095540938518","-126.16095540938518","-173.7997243848761","-173.7997243848761","-173.7997243848761","-123.84239240872118","-123.84239240872118","-123.84239240872118"
"8400","-143.7384782325327","-143.7384782325327","-143.7384782325327","-214.09296324493198","-214.09296324493198","-214.09296324493198","-223.48630973623835","-223.48630973623835","-223.48630973623835","-217.99853611809294","-217.99853611809294","-217.99853611809294","-143.126563102789","-143.126563102789","-143.126563102789","-142.02725936399537","-142.02725936399537","-142.02725936399537","-194.72689937950094","-194.72689937950094","-194.72689937950094","-100.47161770995757","-100.47161770995757","-100.47161770995757","-169.72489078864214","-169.72489078864214","-169.72489078864214","-122.8295381793642","-122.8295381793642","-122.8295381793642","-146.51763438773372","-146.51763438773372","-146.51763438773372","-173.16573814840905","-173.16573814840905","-173.16573814840905","-153.00710072345154","-153.00710072345154","-153.00710072345154","-205.7695969664067","-205.7695969664067","-205.7695969664067","-170.05796108203006","-170.05796108203006","-170.05796108203006","-306.97166486225933","-306.97166486225933","-306.97166486225933","-146.8880422932783","-146.8880422932783","-146.8880422932783","-124.6262830936906","-124.6262830936906","-124.6262830936906","-173.89393453759052","-173.89393453759052","-173.89393453759052","-123.4250876789971","-123.4250876789971","-123.4250876789971"
"8700","-144.54647735740906","-144.54647735740906","-144.54647735740906","-212.3083796338612","-212.3083796338612","-212.3083796338612","-224.25080188961448","-224.25080188961448","-224.25080188961448","-217.05798122012783","-217.05798122012783","-217.05798122012783","-144.71068585686834","-144.71068585686834","-144.71068585686834","-142.29792901798595","-142.29792901798595","-142.29792901798595","-218.6662367567532","-218.6662367567532","-218.6662367567532","-99.65596761720063","-99.65596761720063","-99.65596761720063","-170.85324935956697","-170.85324935956697","-170.85324935956697","-125.34817025418707","-125.34817025418707","-125.34817025418707","-146.62686312745203","-146.62686312745203","-146.62686312745203","-198.45189825929805","-198.45189825929805","-198.45189825929805","-874.269904191187","-874.269904191187","-874.269904191187","-205.5149723129303","-205.5149723129303","-205.5149723129303","-173.92481541249163","-173.92481541249163","-173.92481541249163","-149.09362431459186","-149.09362431459186","-149.09362431459186","-146.54789070411002","-146.54789070411002","-146.54789070411002","-121.2499856976646","-121.2499856976646","-121.2499856976646","-173.1639417721405","-173.1639417721405","-173.1639417721405","-122.41965425347504","-122.41965425347504","-122.41965425347504"
"9000","-144.03405288617097","-144.03405288617097","-144.03405288617097","-213.10440257145734","-213.10440257145734","-213.10440257145734","-223.05304125889364","-223.05304125889364","-223.05304125889364","-217.67617822819852","-217.67617822819852","-217.67617822819852","-144.59193350600648","-144.59193350600648","-144.59193350600648","-142.30982268142083","-142.30982268142083","-142.30982268142083","-218.84658038474907","-218.84658038474907","-218.84658038474907","-99.70700529656088","-99.70700529656088","-99.70700529656088","-171.9080804968891","-171.9080804968891","-171.9080804968891","-124.90572811756908","-124.90572811756908","-124.90572811756908","-146.42887796741888","-146.42887796741888","-146.42887796741888","-198.30002412126862","-198.30002412126862","-198.30002412126862","-876.0742645379407","-876.0742645379407","-876.0742645379407","-205.78754135976","-205.78754135976","-205.78754135976","-174.2735677812346","-174.2735677812346","-174.2735677812346","-124.58217817087413","-124.58217817087413","-124.58217817087413","-149.1516563336259","-149.1516563336259","-149.1516563336259","-121.1442913179136","-121.1442913179136","-121.1442913179136","-173.30946597705577","-173.30946597705577","-173.30946597705577","-121.9998007154719","-121.9998007154719","-121.9998007154719"
"9300","-144.2853997102567","-144.2853997102567","-144.2853997102567","-212.36558298919255","-212.36558298919255","-212.36558298919255","-222.15200197046624","-222.15200197046624","-222.15200197046624","-214.1064033539049","-214.1064033539049","-214.1064033539049","-145.34979843775804","-145.34979843775804","-145.34979843775804","-142.02557570358687","-142.02557570358687","-142.02557570358687","-193.32945622725146","-193.32945622725146","-193.32945622725146","-99.83513107598837","-99.83513107598837","-99.83513107598837","-172.9477768146208","-172.9477768146208","-172.9477768146208","-124.14321706985564","-124.14321706985564","-124.14321706985564","-146.24676363293307","-146.24676363293307","-146.24676363293307","-172.21852128584163","-172.21852128584163","-172.21852128584163","-125.86702716038636","-125.86702716038636","-125.86702716038636","-205.41549662374427","-205.41549662374427","-205.41549662374427","-175.4854077969961","-175.4854077969961","-175.4854077969961","-124.57458042447385","-124.57458042447385","-124.57458042447385","-150.06502878775524","-150.06502878775524","-150.06502878775524","-120.75643763690778","-120.75643763690778","-120.75643763690778","-173.54491417449768","-173.54491417449768","-173.54491417449768","-121.30056608067316","-121.30056608067316","-121.30056608067316"
"9600","-143.8295679105921","-143.8295679105921","-143.8295679105921","-213.5606177189049","-213.5606177189049","-213.5606177189049","-220.54249385674842","-220.54249385674842","-220.54249385674842","-211.07489605751053","-211.07489605751053","-211.07489605751053","-145.7801045082217","-145.7801045082217","-145.7801045082217","-142.3463568995847","-142.3463568995847","-142.3463568995847","-193.2577520216961","-193.2577520216961","-193.2577520216961","-99.71094172485074","-99.71094172485074","-99.71094172485074","-173.22751846474847","-173.22751846474847","-173.22751846474847","-123.1318602312675","-123.1318602312675","-123.1318602312675","-145.22558110302697","-145.22558110302697","-145.22558110302697","-171.8925962415547","-171.8925962415547","-171.8925962415547","-124.64373473880896","-124.64373473880896","-124.64373473880896","-205.26154215028743","-205.26154215028743","-205.26154215028743","-175.86278649747845","-175.86278649747845","-175.86278649747845","-124.75160323029154","-124.75160323029154","-124.75160323029154","-150.1845725506244","-150.1845725506244","-150.1845725506244","-123.46070414959661","-123.46070414959661","-123.46070414959661","-172.87741525906014","-172.87741525906014","-172.87741525906014","-121.21752106084269","-121.21752106084269","-121.21752106084269"
"9900","-143.4904816317733","-143.4904816317733","-143.4904816317733","-212.81592864561713","-212.81592864561713","-212.81592864561713","-222.1648769132561","-222.1648769132561","-222.1648769132561","-210.60243269736958","-210.60243269736958","-210.60243269736958","-144.35323736263288","-144.35323736263288","-144.35323736263288","-142.2482593141254","-142.2482593141254","-142.2482593141254","-192.14537297204578","-192.14537297204578","-192.14537297204578","-99.84499781669338","-99.84499781669338","-99.84499781669338","-172.22742236762386","-172.22742236762386","-172.22742236762386","-121.62710814639058","-121.62710814639058","-121.62710814639058","-144.98193142748025","-144.98193142748025","-144.98193142748025","-171.60479318561852","-171.60479318561852","-171.60479318561852","-124.36313499028802","-124.36313499028802","-124.36313499028802","-205.5072143180817","-205.5072143180817","-205.5072143180817","-172.90696525564027","-172.90696525564027","-172.90696525564027","-123.34299830766027","-123.34299830766027","-123.34299830766027","-150.7368873512675","-150.7368873512675","-150.7368873512675","-122.50363415865448","-122.50363415865448","-122.50363415865448","-171.40898729040458","-171.40898729040458","-171.40898729040458","-121.33686106760938","-121.33686106760938","-121.33686106760938"
"10200","-143.6180065759928","-143.6180065759928","-143.6180065759928","-190.10113549202367","-190.10113549202367","-190.10113549202367","-223.00173976720143","-223.00173976720143","-223.00173976720143","-210.90776681358292","-210.90776681358292","-210.90776681358292","-147.00740588806212","-147.00740588806212","-147.00740588806212","-142.37212814416267","-142.37212814416267","-142.37212814416267","-191.4651002133677","-191.4651002133677","-191.4651002133677","-96.6975189458819","-96.6975189458819","-96.6975189458819","-172.48530485388432","-172.48530485388432","-172.48530485388432","-121.54134513115123","-121.54134513115123","-121.54134513115123","-145.04849497700053","-145.04849497700053","-145.04849497700053","-171.60515270260981","-171.60515270260981","-171.60515270260981","-123.7674918733042","-123.7674918733042","-123.7674918733042","-204.69745455691086","-204.69745455691086","-204.69745455691086","-172.20593689739007","-172.20593689739007","-172.20593689739007","-148.5750254918054","-148.5750254918054","-148.5750254918054","-149.70576769315872","-149.70576769315872","-149.70576769315872","-122.24211579482048","-122.24211579482048","-122.24211579482048","-197.95893540402406","-197.95893540402406","-197.95893540402406","-121.50549226990447","-121.50549226990447","-121.50549226990447"
"10500","-143.63136934507446","-143.63136934507446","-143.63136934507446","-211.52968459398463","-211.52968459398463","-211.52968459398463","-222.88617052654203","-222.88617052654203","-222.88617052654203","-210.92867662168527","-210.92867662168527","-210.92867662168527","-145.8390311567545","-145.8390311567545","-145.8390311567545","-141.97636374003196","-141.97636374003196","-141.97636374003196","-191.59824195019365","-191.59824195019365","-191.59824195019365","-97.27780875689088","-97.27780875689088","-97.27780875689088","-172.5663265844293","-172.5663265844293","-172.5663265844293","-121.37236960224762","-121.37236960224762","-121.37236960224762","-143.2187696657329","-143.2187696657329","-143.2187696657329","-171.24881014126177","-171.24881014126177","-171.24881014126177","-123.81749304528148","-123.81749304528148","-123.81749304528148","-204.52678891700856","-204.52678891700856","-204.52678891700856","-173.10518619198575","-173.10518619198575","-173.10518619198575","-122.67019050398525","-122.67019050398525","-122.67019050398525","-151.67235897104734","-151.67235897104734","-151.67235897104734","-121.58488506869112","-121.58488506869112","-121.58488506869112","-173.09379072433592","-173.09379072433592","-173.09379072433592","-122.16583257574648","-122.16583257574648","-122.16583257574648"
"10800","-143.22108433600198","-143.22108433600198","-143.22108433600198","-210.62019018180482","-210.62019018180482","-210.62019018180482","-224.52760486792303","-224.52760486792303","-224.52760486792303","-210.89775295679823","-210.89775295679823","-210.89775295679823","-146.7165241076961","-146.7165241076961","-146.7165241076961","-142.2624284374671","-142.2624284374671","-142.2624284374671","-190.553803916106","-190.553803916106","-190.553803916106","-100.05087907961995","-100.05087907961995","-100.05087907961995","-172.67542333311604","-172.67542333311604","-172.67542333311604","-121.56290316887137","-121.56290316887137","-121.56290316887137","-143.6352981915438","-143.6352981915438","-143.6352981915438","-170.87804735079732","-170.87804735079732","-170.87804735079732","-123.27954647391785","-123.27954647391785","-123.27954647391785","-205.37626789350352","-205.37626789350352","-205.37626789350352","-172.2118138959593","-172.2118138959593","-172.2118138959593","-123.01356957984804","-123.01356957984804","-123.01356957984804","-148.7526116121542","-148.7526116121542","-148.7526116121542","-121.62578276627173","-121.62578276627173","-121.62578276627173","-172.333391187103","-172.333391187103","-172.333391187103","-123.09031472053334","-123.09031472053334","-123.09031472053334"
"11100","-142.94831105780696","-142.94831105780696","-142.94831105780696","-212.8762011967252","-212.8762011967252","-212.8762011967252","-221.78016933653595","-221.78016933653595","-221.78016933653595","-212.35585105218934","-212.35585105218934","-212.35585105218934","-144.44600686967178","-144.44600686967178","-144.44600686967178","-141.98014546276798","-141.98014546276798","-141.98014546276798","-191.03257082522526","-191.03257082522526","-191.03257082522526","-99.41061249785834","-99.41061249785834","-99.41061249785834","-171.44715974539412","-171.44715974539412","-171.44715974539412","-120.93235359391115","-120.93235359391115","-120.93235359391115","-143.65706139226168","-143.65706139226168","-143.65706139226168","-171.17442720599155","-171.17442720599155","-171.17442720599155","-123.80348746411978","-123.80348746411978","-123.80348746411978","-204.22985114181114","-204.22985114181114","-204.22985114181114","-174.08927326243543","-174.08927326243543","-174.08927326243543","-123.54351598223066","-123.54351598223066","-123.54351598223066","-250.29599616461337","-250.29599616461337","-250.29599616461337","-122.4418681032571","-122.4418681032571","-122.4418681032571","-172.30051072704603","-172.30051072704603","-172.30051072704603","-123.48100669547821","-123.48100669547821","-123.48100669547821"
"11400","-143.73608174202357","-143.73608174202357","-143.73608174202357","-189.71669686424028","-189.71669686424028","-189.71669686424028","-223.01688711380766","-223.01688711380766","-223.01688711380766","-211.1605366540678","-211.1605366540678","-211.1605366540678","-145.41693791385586","-145.41693791385586","-145.41693791385586","-142.2820672315566","-142.2820672315566","-142.2820672315566","-191.07005712306815","-191.07005712306815","-191.07005712306815","-99.78835505453048","-99.78835505453048","-99.78835505453048","-172.39544327614647","-172.39544327614647","-172.39544327614647","-120.7146593976242","-120.7146593976242","-120.7146593976242","-143.61987974059986","-143.61987974059986","-143.61987974059986","-170.6111542108701","-170.6111542108701","-170.6111542108701","-123.71728726787046","-123.71728726787046","-123.71728726787046","-206.38296265760914","-206.38296265760914","-206.38296265760914","-172.10964615523923","-172.10964615523923","-172.10964615523923","-122.67398200726859","-122.67398200726859","-122.67398200726859","-146.47415501639432","-146.47415501639432","-146.47415501639432","-120.91390205536277","-120.91390205536277","-120.91390205536277","-176.50838191931751","-176.50838191931751","-176.50838191931751","-124.17948513695178","-124.17948513695178","-124.17948513695178"
"11700","-143.52401429250335","-143.52401429250335","-143.52401429250335","-210.44341731132704","-210.44341731132704","-210.44341731132704","-247.9279015064059","-247.9279015064059","-247.9279015064059","-210.11971466776785","-210.11971466776785","-210.11971466776785","-146.36503044329896","-146.36503044329896","-146.36503044329896","-142.07724671422307","-142.07724671422307","-142.07724671422307","-190.82716576930565","-190.82716576930565","-190.82716576930565","-102.26996521631182","-102.26996521631182","-102.26996521631182","-171.85014924220036","-171.85014924220036","-171.85014924220036","-120.93605251810584","-120.93605251810584","-120.93605251810584","-143.49477990967523","-143.49477990967523","-143.49477990967523","-170.2065210993108","-170.2065210993108","-170.2065210993108","-122.8834049121389","-122.8834049121389","-122.8834049121389","-209.5611200527144","-209.5611200527144","-209.5611200527144","-172.0762602143746","-172.0762602143746","-172.0762602143746","-121.96443507853056","-121.96443507853056","-121.96443507853056","-196.22278228254123","-196.22278228254123","-196.22278228254123","-121.45463970475946","-121.45463970475946","-121.45463970475946","-252.85596950959794","-252.85596950959794","-252.85596950959794","-123.8809923219912","-123.8809923219912","-123.8809923219912"
"12000","-142.68991899846498","-142.68991899846498","-142.68991899846498","-214.31099292058647","-214.31099292058647","-214.31099292058647","-248.12126197189687","-248.12126197189687","-248.12126197189687","-211.27841581298117","-211.27841581298117","-211.27841581298117","-145.00735340298132","-145.00735340298132","-145.00735340298132","-142.19253687803254","-142.19253687803254","-142.19253687803254","-190.45396355530116","-190.45396355530116","-190.45396355530116","-100.35436887603471","-100.35436887603471","-100.35436887603471","-171.00786992245474","-171.00786992245474","-171.00786992245474","-120.09231170223936","-120.09231170223936","-120.09231170223936","-142.746049101138","-142.746049101138","-142.746049101138","-170.4709295660423","-170.4709295660423","-170.4709295660423","-123.55032773851212","-123.55032773851212","-123.55032773851212","-206.7304322250509","-206.7304322250509","-206.7304322250509","-169.97977377902538","-169.97977377902538","-169.97977377902538","-121.97070462434974","-121.97070462434974","-121.97070462434974","-170.47780440412774","-170.47780440412774","-170.47780440412774","-121.07743276012374","-121.07743276012374","-121.07743276012374","-201.48790555617944","-201.48790555617944","-201.48790555617944","-123.42294379487615","-123.42294379487615","-123.42294379487615"
"12300","-142.4736108186788","-142.4736108186788","-142.4736108186788","-187.95597350038406","-187.95597350038406","-187.95597350038406","-224.58232854170856","-224.58232854170856","-224.58232854170856","-210.60090349949033","-210.60090349949033","-210.60090349949033","-146.23807475775303","-146.23807475775303","-146.23807475775303","-142.5637961843876","-142.5637961843876","-142.5637961843876","-190.5179699328406","-190.5179699328406","-190.5179699328406","-101.58305941013404","-101.58305941013404","-101.58305941013404","-170.32091770048626","-170.32091770048626","-170.32091770048626","-120.73008763490729","-120.73008763490729","-120.73008763490729","-143.17926997840337","-143.17926997840337","-143.17926997840337","-170.5438471630144","-170.5438471630144","-170.5438471630144","-122.75107519278606","-122.75107519278606","-122.75107519278606","-206.233755775369","-206.233755775369","-206.233755775369","-169.29966332619856","-169.29966332619856","-169.29966332619856","-122.10284355505439","-122.10284355505439","-122.10284355505439","-271.16214971776986","-271.16214971776986","-271.16214971776986","-121.39489458579354","-121.39489458579354","-121.39489458579354","-175.15711635061527","-175.15711635061527","-175.15711635061527","-125.26195586733245","-125.26195586733245","-125.26195586733245"
"12600","-142.6046927164726","-142.6046927164726","-142.6046927164726","-212.14781563666725","-212.14781563666725","-212.14781563666725","-224.44669679146736","-224.44669679146736","-224.44669679146736","-210.91345420789094","-210.91345420789094","-210.91345420789094","-145.09745289899564","-145.09745289899564","-145.09745289899564","-142.40630895397396","-142.40630895397396","-142.40630895397396","-190.41412034572068","-190.41412034572068","-190.41412034572068","-102.3173642555427","-102.3173642555427","-102.3173642555427","-170.4108656597614","-170.4108656597614","-170.4108656597614","-120.19046701994384","-120.19046701994384","-120.19046701994384","-142.52196570582734","-142.52196570582734","-142.52196570582734","-170.5538588273463","-170.5538588273463","-170.5538588273463","-123.02396487460858","-123.02396487460858","-123.02396487460858","-207.4339001608142","-207.4339001608142","-207.4339001608142","-170.37280645004077","-170.37280645004077","-170.37280645004077","-121.9801856928819","-121.9801856928819","-121.9801856928819","-329.11880608512894","-329.11880608512894","-329.11880608512894","-121.42397834765563","-121.42397834765563","-121.42397834765563","-175.00190721278324","-175.00190721278324","-175.00190721278324","-123.92812687948768","-123.92812687948768","-123.92812687948768"
"12900","-143.12551944890066","-143.12551944890066","-143.12551944890066","-213.25226262675596","-213.25226262675596","-213.25226262675596","-231.7717201192997","-231.7717201192997","-231.7717201192997","-210.88506810190384","-210.88506810190384","-210.88506810190384","-145.18406191144592","-145.18406191144592","-145.18406191144592","-142.4078376326352","-142.4078376326352","-142.4078376326352","-189.89108027470172","-189.89108027470172","-189.89108027470172","-102.16621320457173","-102.16621320457173","-102.16621320457173","-170.13127433278248","-170.13127433278248","-170.13127433278248","-120.98540174892125","-120.98540174892125","-120.98540174892125","-143.08455937484757","-143.08455937484757","-143.08455937484757","-170.7223551001085","-170.7223551001085","-170.7223551001085","-123.52746305812778","-123.52746305812778","-123.52746305812778","-209.8120315239962","-209.8120315239962","-209.8120315239962","-171.5941239613714","-171.5941239613714","-171.5941239613714","-122.20676516071178","-122.20676516071178","-122.20676516071178","-273.28222600348937","-273.28222600348937","-273.28222600348937","-120.5336757067507","-120.5336757067507","-120.5336757067507","-176.22260831261693","-176.22260831261693","-176.22260831261693","-125.35809609401049","-125.35809609401049","-125.35809609401049"
"13200","-142.56759588546302","-142.56759588546302","-142.56759588546302","-189.6588676192656","-189.6588676192656","-189.6588676192656","-231.8797864134428","-231.8797864134428","-231.8797864134428","-213.0702474622895","-213.0702474622895","-213.0702474622895","-146.39371132577162","-146.39371132577162","-146.39371132577162","-142.6572657908428","-142.6572657908428","-142.6572657908428","-191.36974099490408","-191.36974099490408","-191.36974099490408","-102.59713462016066","-102.59713462016066","-102.59713462016066","-171.06459887266655","-171.06459887266655","-171.06459887266655","-121.65353319113993","-121.65353319113993","-121.65353319113993","-143.03078582071333","-143.03078582071333","-143.03078582071333","-170.0912468160198","-170.0912468160198","-170.0912468160198","-123.73930901225033","-123.73930901225033","-123.73930901225033","-211.16308165994263","-211.16308165994263","-211.16308165994263","-170.29239303557094","-170.29239303557094","-170.29239303557094","-121.79393528634577","-121.79393528634577","-121.79393528634577","-348.4171271513655","-348.4171271513655","-348.4171271513655","-120.68094856007924","-120.68094856007924","-120.68094856007924","-201.49257550925216","-201.49257550925216","-201.49257550925216","-125.50373721194144","-125.50373721194144","-125.50373721194144"
"13500","-142.42905139527267","-142.42905139527267","-142.42905139527267","-217.47211964017782","-217.47211964017782","-217.47211964017782","-232.36655767840094","-232.36655767840094","-232.36655767840094","-213.7448393522015","-213.7448393522015","-213.7448393522015","-145.98340173023348","-145.98340173023348","-145.98340173023348","-143.04202013252305","-143.04202013252305","-143.04202013252305","-191.2335031884765","-191.2335031884765","-191.2335031884765","-98.94171802715712","-98.94171802715712","-98.94171802715712","-170.08301183063648","-170.08301183063648","-170.08301183063648","-121.73602698720117","-121.73602698720117","-121.73602698720117","-142.4273968144558","-142.4273968144558","-142.4273968144558","-170.1605847207716","-170.1605847207716","-170.1605847207716","-123.00892595292808","-123.00892595292808","-123.00892595292808","-214.615053509946","-214.615053509946","-214.615053509946","-169.67774408602904","-169.67774408602904","-169.67774408602904","-121.7375914929816","-121.7375914929816","-121.7375914929816","-272.2455463283218","-272.2455463283218","-272.2455463283218","-120.62380810252637","-120.62380810252637","-120.62380810252637","-173.44438379552508","-173.44438379552508","-173.44438379552508","-126.04997017903129","-126.04997017903129","-126.04997017903129"
"13800","-142.2952518769495","-142.2952518769495","-142.2952518769495","-215.8042466872058","-215.8042466872058","-215.8042466872058","-231.4665709760602","-231.4665709760602","-231.4665709760602","-212.0738813327943","-212.0738813327943","-212.0738813327943","-145.1208778933855","-145.1208778933855","-145.1208778933855","-142.96749074017558","-142.96749074017558","-142.96749074017558","-190.36941903482733","-190.36941903482733","-190.36941903482733","-98.52926851697846","-98.52926851697846","-98.52926851697846","-169.92991360159925","-169.92991360159925","-169.92991360159925","-121.93110771853199","-121.93110771853199","-121.93110771853199","-142.70766990389183","-142.70766990389183","-142.70766990389183","-169.94620945261468","-169.94620945261468","-169.94620945261468","-122.9984552160266","-122.9984552160266","-122.9984552160266","-214.64655741301334","-214.64655741301334","-214.64655741301334","-170.0395129118287","-170.0395129118287","-170.0395129118287","-121.9231882503728","-121.9231882503728","-121.9231882503728","-249.35747508219168","-249.35747508219168","-249.35747508219168","-175.2670976009643","-175.2670976009643","-175.2670976009643","-174.47374484098447","-174.47374484098447","-174.47374484098447","-124.38306304459756","-124.38306304459756","-124.38306304459756"
"14100","-142.1111600987958","-142.1111600987958","-142.1111600987958","-212.62238167896712","-212.62238167896712","-212.62238167896712","-232.00475312191702","-232.00475312191702","-232.00475312191702","-213.56828060523563","-213.56828060523563","-213.56828060523563","-145.60638347835328","-145.60638347835328","-145.60638347835328","-142.72889932459822","-142.72889932459822","-142.72889932459822","-190.74778074495492","-190.74778074495492","-190.74778074495492","-99.71657142942789","-99.71657142942789","-99.71657142942789","-170.87603458707105","-170.87603458707105","-170.87603458707105","-122.4824539680687","-122.4824539680687","-122.4824539680687","-141.86264123173848","-141.86264123173848","-141.86264123173848","-170.4296323415284","-170.4296323415284","-170.4296323415284","-123.18287057554014","-123.18287057554014","-123.18287057554014","-212.93437281291412","-212.93437281291412","-212.93437281291412","-171.8162520054026","-171.8162520054026","-171.8162520054026","-122.07558491908249","-122.07558491908249","-122.07558491908249","-246.54110374887787","-246.54110374887787","-246.54110374887787","-120.51788710438038","-120.51788710438038","-120.51788710438038","-173.88602607209918","-173.88602607209918","-173.88602607209918","-124.05148122543922","-124.05148122543922","-124.05148122543922"
"14400","-143.2729629093774","-143.2729629093774","-143.2729629093774","-214.57382121925747","-214.57382121925747","-214.57382121925747","-231.88617599682448","-231.88617599682448","-231.88617599682448","-213.16850577197562","-213.16850577197562","-213.16850577197562","-145.55477476253853","-145.55477476253853","-145.55477476253853","-143.2439392073531","-143.2439392073531","-143.2439392073531","-191.24012125842336","-191.24012125842336","-191.24012125842336","-100.14112612509896","-100.14112612509896","-100.14112612509896","-171.06291959654556","-171.06291959654556","-171.06291959654556","-123.19874974496858","-123.19874974496858","-123.19874974496858","-143.59253200810767","-143.59253200810767","-143.59253200810767","-170.19614849685792","-170.19614849685792","-170.19614849685792","-122.72413049911343","-122.72413049911343","-122.72413049911343","-214.95512235246724","-214.95512235246724","-214.95512235246724","-169.18328948016568","-169.18328948016568","-169.18328948016568","-122.16369249028637","-122.16369249028637","-122.16369249028637","-222.89946044181957","-222.89946044181957","-222.89946044181957","-120.51959931962298","-120.51959931962298","-120.51959931962298","-176.16156544400548","-176.16156544400548","-176.16156544400548","-125.45653286892716","-125.45653286892716","-125.45653286892716"
"14700","-142.68517270577883","-142.68517270577883","-142.68517270577883","-213.25934225562384","-213.25934225562384","-213.25934225562384","-231.6627038943844","-231.6627038943844","-231.6627038943844","-213.44560967395904","-213.44560967395904","-213.44560967395904","-145.90524070882898","-145.90524070882898","-145.90524070882898","-143.02810124988832","-143.02810124988832","-143.02810124988832","-190.67023142296034","-190.67023142296034","-190.67023142296034","-98.90410764870873","-98.90410764870873","-98.90410764870873","-171.03503920109688","-171.03503920109688","-171.03503920109688","-127.78588526443157","-127.78588526443157","-127.78588526443157","-142.087598580546","-142.087598580546","-142.087598580546","-170.34750715253483","-170.34750715253483","-170.34750715253483","-122.6030201633309","-122.6030201633309","-122.6030201633309","-211.03216165152782","-211.03216165152782","-211.03216165152782","-169.44142543231015","-169.44142543231015","-169.44142543231015","-122.47858094926092","-122.47858094926092","-122.47858094926092","-271.3417207326662","-271.3417207326662","-271.3417207326662","-120.24266552852418","-120.24266552852418","-120.24266552852418","-174.19239258140473","-174.19239258140473","-174.19239258140473","-125.1743784072432","-125.1743784072432","-125.1743784072432"
"15000","-143.0740597243017","-143.0740597243017","-143.0740597243017","-215.2210933384519","-215.2210933384519","-215.2210933384519","-235.11067435206687","-235.11067435206687","-235.11067435206687","-212.78023548348887","-212.78023548348887","-212.78023548348887","-146.45553215500598","-146.45553215500598","-146.45553215500598","-143.4801846253783","-143.4801846253783","-143.4801846253783","-190.59916017813458","-190.59916017813458","-190.59916017813458","-99.2473664667283","-99.2473664667283","-99.2473664667283","-170.75412209404004","-170.75412209404004","-170.75412209404004","-128.35083428300777","-128.35083428300777","-128.35083428300777","-143.8553575161749","-143.8553575161749","-143.8553575161749","-170.69262359255143","-170.69262359255143","-170.69262359255143","-122.2571313226645","-122.2571313226645","-122.2571313226645","-215.94913703089424","-215.94913703089424","-215.94913703089424","-169.33370831859332","-169.33370831859332","-169.33370831859332","-122.69670321932924","-122.69670321932924","-122.69670321932924","-247.64023406569692","-247.64023406569692","-247.64023406569692","-120.02323448202864","-120.02323448202864","-120.02323448202864","-253.92983258286432","-253.92983258286432","-253.92983258286432","-125.24412873252899","-125.24412873252899","-125.24412873252899"
"15300","-142.59892467188402","-142.59892467188402","-142.59892467188402","-193.23492519170094","-193.23492519170094","-193.23492519170094","-231.94176732310106","-231.94176732310106","-231.94176732310106","-213.31855653851318","-213.31855653851318","-213.31855653851318","-146.42771342730887","-146.42771342730887","-146.42771342730887","-142.4856201326552","-142.4856201326552","-142.4856201326552","-190.6918452319223","-190.6918452319223","-190.6918452319223","-98.59324230417293","-98.59324230417293","-98.59324230417293","-171.2287664255194","-171.2287664255194","-171.2287664255194","-130.14629588447445","-130.14629588447445","-130.14629588447445","-142.30852309571083","-142.30852309571083","-142.30852309571083","-170.90203158368715","-170.90203158368715","-170.90203158368715","-122.00416831020922","-122.00416831020922","-122.00416831020922","-213.93040699254624","-213.93040699254624","-213.93040699254624","-169.63816069892238","-169.63816069892238","-169.63816069892238","-122.61279081729447","-122.61279081729447","-122.61279081729447","-322.44963139348323","-322.44963139348323","-322.44963139348323","-119.98773265089444","-119.98773265089444","-119.98773265089444","-176.0026859188866","-176.0026859188866","-176.0026859188866","-125.33549881760355","-125.33549881760355","-125.33549881760355"
"15600","-142.85195847732726","-142.85195847732726","-142.85195847732726","-214.39903599867995","-214.39903599867995","-214.39903599867995","-232.13971035608284","-232.13971035608284","-232.13971035608284","-213.73482214629212","-213.73482214629212","-213.73482214629212","-146.44042002432303","-146.44042002432303","-146.44042002432303","-142.89641164632013","-142.89641164632013","-142.89641164632013","-190.58491993494007","-190.58491993494007","-190.58491993494007","-99.28371903550676","-99.28371903550676","-99.28371903550676","-170.50973154672425","-170.50973154672425","-170.50973154672425","-128.47679447034346","-128.47679447034346","-128.47679447034346","-143.551955108815","-143.551955108815","-143.551955108815","-170.4967616610712","-170.4967616610712","-170.4967616610712","-121.33109101301568","-121.33109101301568","-121.33109101301568","-215.04828652451383","-215.04828652451383","-215.04828652451383","-169.244499391513","-169.244499391513","-169.244499391513","-122.6588192211411","-122.6588192211411","-122.6588192211411","-247.54802567649827","-247.54802567649827","-247.54802567649827","-120.74699621165584","-120.74699621165584","-120.74699621165584","-200.6961207869013","-200.6961207869013","-200.6961207869013","-125.63863537346015","-125.63863537346015","-125.63863537346015"
"15900","-142.40707802316325","-142.40707802316325","-142.40707802316325","-215.29034510053575","-215.29034510053575","-215.29034510053575","-232.02909103494684","-232.02909103494684","-232.02909103494684","-213.72865693790672","-213.72865693790672","-213.72865693790672","-146.5697626546334","-146.5697626546334","-146.5697626546334","-142.5703254024798","-142.5703254024798","-142.5703254024798","-190.45771419350643","-190.45771419350643","-190.45771419350643","-99.25479947336324","-99.25479947336324","-99.25479947336324","-172.2796133865576","-172.2796133865576","-172.2796133865576","-127.59353470230477","-127.59353470230477","-127.59353470230477","-143.9676603972867","-143.9676603972867","-143.9676603972867","-170.3052642503851","-170.3052642503851","-170.3052642503851","-121.95195878386362","-121.95195878386362","-121.95195878386362","-215.0841532523526","-215.0841532523526","-215.0841532523526","-168.44328321735625","-168.44328321735625","-168.44328321735625","-123.05877826189445","-123.05877826189445","-123.05877826189445","-248.06918372897704","-248.06918372897704","-248.06918372897704","-120.35110655557642","-120.35110655557642","-120.35110655557642","-175.79604414466866","-175.79604414466866","-175.79604414466866","-125.68070037748821","-125.68070037748821","-125.68070037748821"
"16200","-142.87379930939014","-142.87379930939014","-142.87379930939014","-216.07279198946853","-216.07279198946853","-216.07279198946853","-229.44505283559474","-229.44505283559474","-229.44505283559474","-211.76201307595488","-211.76201307595488","-211.76201307595488","-146.94663571155428","-146.94663571155428","-146.94663571155428","-142.81222632530313","-142.81222632530313","-142.81222632530313","-190.4656825849126","-190.4656825849126","-190.4656825849126","-98.31411718991406","-98.31411718991406","-98.31411718991406","-172.1086024025867","-172.1086024025867","-172.1086024025867","-130.18237080358966","-130.18237080358966","-130.18237080358966","-142.22210129202122","-142.22210129202122","-142.22210129202122","-170.523224641178","-170.523224641178","-170.523224641178","-121.08866038512367","-121.08866038512367","-121.08866038512367","-211.29723686914048","-211.29723686914048","-211.29723686914048","-170.00925400580553","-170.00925400580553","-170.00925400580553","-122.72861607921652","-122.72861607921652","-122.72861607921652","-222.37839658347303","-222.37839658347303","-222.37839658347303","-120.83563103711148","-120.83563103711148","-120.83563103711148","-201.35479205996094","-201.35479205996094","-201.35479205996094","-125.52033501947479","-125.52033501947479","-125.52033501947479"
"16500","-143.6120525384371","-143.6120525384371","-143.6120525384371","-215.09014123386964","-215.09014123386964","-215.09014123386964","-227.97807271316137","-227.97807271316137","-227.97807271316137","-214.2348675590476","-214.2348675590476","-214.2348675590476","-146.76625797198432","-146.76625797198432","-146.76625797198432","-142.77112419982907","-142.77112419982907","-142.77112419982907","-190.71416890684608","-190.71416890684608","-190.71416890684608","-99.49953005777364","-99.49953005777364","-99.49953005777364","-172.52350539638522","-172.52350539638522","-172.52350539638522","-130.7135731920163","-130.7135731920163","-130.7135731920163","-143.0506425740837","-143.0506425740837","-143.0506425740837","-170.85636433445688","-170.85636433445688","-170.85636433445688","-121.1775863248458","-121.1775863248458","-121.1775863248458","-214.47753814934703","-214.47753814934703","-214.47753814934703","-168.83052084748888","-168.83052084748888","-168.83052084748888","-122.81101536152119","-122.81101536152119","-122.81101536152119","-220.57729140273423","-220.57729140273423","-220.57729140273423","-148.9175995800578","-148.9175995800578","-148.9175995800578","-174.49555421362743","-174.49555421362743","-174.49555421362743","-122.49815350322422","-122.49815350322422","-122.49815350322422"
"16800","-143.74318806299158","-143.74318806299158","-143.74318806299158","-214.8898849927438","-214.8898849927438","-214.8898849927438","-228.2193296235363","-228.2193296235363","-228.2193296235363","-214.44308380485535","-214.44308380485535","-214.44308380485535","-147.08074662886986","-147.08074662886986","-147.08074662886986","-142.9973327428736","-142.9973327428736","-142.9973327428736","-188.9847818771162","-188.9847818771162","-188.9847818771162","-99.93390351046403","-99.93390351046403","-99.93390351046403","-172.3437008212484","-172.3437008212484","-172.3437008212484","-129.8554244203471","-129.8554244203471","-129.8554244203471","-143.01127999187787","-143.01127999187787","-143.01127999187787","-170.53525848077675","-170.53525848077675","-170.53525848077675","-122.78500406448913","-122.78500406448913","-122.78500406448913","-215.30427549250652","-215.30427549250652","-215.30427549250652","-169.41664969461502","-169.41664969461502","-169.41664969461502","-122.5223626113293","-122.5223626113293","-122.5223626113293","-272.74686283581667","-272.74686283581667","-272.74686283581667","-146.79859989436451","-146.79859989436451","-146.79859989436451","-228.275380923328","-228.275380923328","-228.275380923328","-124.3586315238551","-124.3586315238551","-124.3586315238551"
"17100","-143.30960263984102","-143.30960263984102","-143.30960263984102","-213.99684826664839","-213.99684826664839","-213.99684826664839","-228.37909329330722","-228.37909329330722","-228.37909329330722","-214.08918241418172","-214.08918241418172","-214.08918241418172","-147.75130007443116","-147.75130007443116","-147.75130007443116","-142.50242512453653","-142.50242512453653","-142.50242512453653","-190.46427077535083","-190.46427077535083","-190.46427077535083","-100.50228405719041","-100.50228405719041","-100.50228405719041","-171.46731530635535","-171.46731530635535","-171.46731530635535","-131.28362875436127","-131.28362875436127","-131.28362875436127","-143.85248318121552","-143.85248318121552","-143.85248318121552","-170.55605669665124","-170.55605669665124","-170.55605669665124","-146.8999785829911","-146.8999785829911","-146.8999785829911","-213.621834450354","-213.621834450354","-213.621834450354","-169.02852604203082","-169.02852604203082","-169.02852604203082","-121.90084997684176","-121.90084997684176","-121.90084997684176","-247.25348505706643","-247.25348505706643","-247.25348505706643","-146.79869092395697","-146.79869092395697","-146.79869092395697","-174.36492372847516","-174.36492372847516","-174.36492372847516","-123.5357819972119","-123.5357819972119","-123.5357819972119"
"17400","-143.4646168206454","-143.4646168206454","-143.4646168206454","-214.17484445892052","-214.17484445892052","-214.17484445892052","-229.21637665029417","-229.21637665029417","-229.21637665029417","-213.5512840701702","-213.5512840701702","-213.5512840701702","-147.07776659595177","-147.07776659595177","-147.07776659595177","-142.95907226649666","-142.95907226649666","-142.95907226649666","-189.58360210593617","-189.58360210593617","-189.58360210593617","-100.43836318414348","-100.43836318414348","-100.43836318414348","-171.8393216391412","-171.8393216391412","-171.8393216391412","-132.18171733872913","-132.18171733872913","-132.18171733872913","-143.23401740766536","-143.23401740766536","-143.23401740766536","-170.33886489190945","-170.33886489190945","-170.33886489190945","-271.2316916662648","-271.2316916662648","-271.2316916662648","-213.05110585552129","-213.05110585552129","-213.05110585552129","-169.3559308489017","-169.3559308489017","-169.3559308489017","-122.2257541227976","-122.2257541227976","-122.2257541227976","-247.0303813687659","-247.0303813687659","-247.0303813687659","-120.51000051853161","-120.51000051853161","-120.51000051853161","-172.64289497682532","-172.64289497682532","-172.64289497682532","-125.44207659840603","-125.44207659840603","-125.44207659840603"
"17700","-143.44306082753383","-143.44306082753383","-143.44306082753383","-193.5860312753217","-193.5860312753217","-193.5860312753217","-227.23995035377862","-227.23995035377862","-227.23995035377862","-214.49587148691276","-214.49587148691276","-214.49587148691276","-148.31232177032885","-148.31232177032885","-148.31232177032885","-143.06124084731556","-143.06124084731556","-143.06124084731556","-189.54756177341972","-189.54756177341972","-189.54756177341972","-100.65966687844909","-100.65966687844909","-100.65966687844909","-171.89527543229582","-171.89527543229582","-171.89527543229582","-131.5868707469669","-131.5868707469669","-131.5868707469669","-142.5747638402563","-142.5747638402563","-142.5747638402563","-170.42239583377162","-170.42239583377162","-170.42239583377162","-148.49930679897847","-148.49930679897847","-148.49930679897847","-209.1165188631419","-209.1165188631419","-209.1165188631419","-168.4950362391286","-168.4950362391286","-168.4950362391286","-121.90561950153476","-121.90561950153476","-121.90561950153476","-220.94435650782526","-220.94435650782526","-220.94435650782526","-121.0110108571741","-121.0110108571741","-121.0110108571741","-199.6131065649332","-199.6131065649332","-199.6131065649332","-125.81517104189633","-125.81517104189633","-125.81517104189633"
"18000","-143.06830450055273","-143.06830450055273","-143.06830450055273","-192.4804703002889","-192.4804703002889","-192.4804703002889","-225.0747148132019","-225.0747148132019","-225.0747148132019","-214.1888775655122","-214.1888775655122","-214.1888775655122","-147.58850398907788","-147.58850398907788","-147.58850398907788","-142.88098634074186","-142.88098634074186","-142.88098634074186","-189.56588273726248","-189.56588273726248","-189.56588273726248","-99.92610636491402","-99.92610636491402","-99.92610636491402","-171.69593226542628","-171.69593226542628","-171.69593226542628","-131.7197016889376","-131.7197016889376","-131.7197016889376","-141.96412048237934","-141.96412048237934","-141.96412048237934","-170.51554343625284","-170.51554343625284","-170.51554343625284","-131.31289366448726","-131.31289366448726","-131.31289366448726","-259.30046473544286","-259.30046473544286","-259.30046473544286","-169.48544461269944","-169.48544461269944","-169.48544461269944","-121.88156144546792","-121.88156144546792","-121.88156144546792","-220.27690947388342","-220.27690947388342","-220.27690947388342","-121.73785278990704","-121.73785278990704","-121.73785278990704","-252.1750478366702","-252.1750478366702","-252.1750478366702","-125.05848667095056","-125.05848667095056","-125.05848667095056"
"18300","-143.19055990805478","-143.19055990805478","-143.19055990805478","-191.63752958432195","-191.63752958432195","-191.63752958432195","-226.0239850546006","-226.0239850546006","-226.0239850546006","-213.707362947834","-213.707362947834","-213.707362947834","-146.61509782235296","-146.61509782235296","-146.61509782235296","-142.44721194374523","-142.44721194374523","-142.44721194374523","-190.25816687833475","-190.25816687833475","-190.25816687833475","-100.43525645887928","-100.43525645887928","-100.43525645887928","-173.26428660247493","-173.26428660247493","-173.26428660247493","-133.16589314572016","-133.16589314572016","-133.16589314572016","-142.2218627331411","-142.2218627331411","-142.2218627331411","-170.5049651821906","-170.5049651821906","-170.5049651821906","-120.52219257072855","-120.52219257072855","-120.52219257072855","-208.30710114413264","-208.30710114413264","-208.30710114413264","-169.65240324017802","-169.65240324017802","-169.65240324017802","-121.15554465394425","-121.15554465394425","-121.15554465394425","-220.54618945552738","-220.54618945552738","-220.54618945552738","-122.20082562248015","-122.20082562248015","-122.20082562248015","-199.05209004464137","-199.05209004464137","-199.05209004464137","-125.49327632831655","-125.49327632831655","-125.49327632831655"
"18600","-142.94951967949973","-142.94951967949973","-142.94951967949973","-191.79817627876702","-191.79817627876702","-191.79817627876702","-226.70664005649252","-226.70664005649252","-226.70664005649252","-212.46632801680963","-212.46632801680963","-212.46632801680963","-146.01990162793697","-146.01990162793697","-146.01990162793697","-142.3021543899554","-142.3021543899554","-142.3021543899554","-190.24111125321306","-190.24111125321306","-190.24111125321306","-101.0988262195651","-101.0988262195651","-101.0988262195651","-171.9743805573522","-171.9743805573522","-171.9743805573522","-132.14256643481176","-132.14256643481176","-132.14256643481176","-142.16877153428055","-142.16877153428055","-142.16877153428055","-170.24616687619243","-170.24616687619243","-170.24616687619243","-120.54219769579103","-120.54219769579103","-120.54219769579103","-207.3935888220034","-207.3935888220034","-207.3935888220034","-169.8468437720157","-169.8468437720157","-169.8468437720157","-122.08490710303087","-122.08490710303087","-122.08490710303087","-221.66238264148214","-221.66238264148214","-221.66238264148214","-121.26890663860691","-121.26890663860691","-121.26890663860691","-173.13327161701483","-173.13327161701483","-173.13327161701483","-125.30368108116095","-125.30368108116095","-125.30368108116095"
"18900","-143.1538153713901","-143.1538153713901","-143.1538153713901","-192.24017548800168","-192.24017548800168","-192.24017548800168","-228.6416265665389","-228.6416265665389","-228.6416265665389","-213.29934759853995","-213.29934759853995","-213.29934759853995","-147.74090834220527","-147.74090834220527","-147.74090834220527","-142.5676873495969","-142.5676873495969","-142.5676873495969","-188.69434992085058","-188.69434992085058","-188.69434992085058","-101.72300224333082","-101.72300224333082","-101.72300224333082","-172.76730047589731","-172.76730047589731","-172.76730047589731","-132.67038375578386","-132.67038375578386","-132.67038375578386","-142.19853888049815","-142.19853888049815","-142.19853888049815","-170.10743486463178","-170.10743486463178","-170.10743486463178","-121.09904707744147","-121.09904707744147","-121.09904707744147","-209.85318665262412","-209.85318665262412","-209.85318665262412","-170.0199252851733","-170.0199252851733","-170.0199252851733","-121.54138962989641","-121.54138962989641","-121.54138962989641","-221.21463171696905","-221.21463171696905","-221.21463171696905","-121.04609917709433","-121.04609917709433","-121.04609917709433","-200.23560905633767","-200.23560905633767","-200.23560905633767","-124.48542833730298","-124.48542833730298","-124.48542833730298"
"19200","-143.01413929720223","-143.01413929720223","-143.01413929720223","-217.3666129172256","-217.3666129172256","-217.3666129172256","-228.3431163182309","-228.3431163182309","-228.3431163182309","-213.0410260783802","-213.0410260783802","-213.0410260783802","-146.51149291950316","-146.51149291950316","-146.51149291950316","-142.26918997312427","-142.26918997312427","-142.26918997312427","-189.47815990383492","-189.47815990383492","-189.47815990383492","-100.64025603320027","-100.64025603320027","-100.64025603320027","-172.3651390033128","-172.3651390033128","-172.3651390033128","-133.6058599411179","-133.6058599411179","-133.6058599411179","-142.329467389496","-142.329467389496","-142.329467389496","-170.32728840121143","-170.32728840121143","-170.32728840121143","-120.75247311701825","-120.75247311701825","-120.75247311701825","-210.8903637278457","-210.8903637278457","-210.8903637278457","-170.21511042456146","-170.21511042456146","-170.21511042456146","-121.24906487528294","-121.24906487528294","-121.24906487528294","-221.34497101137603","-221.34497101137603","-221.34497101137603","-121.54121227291978","-121.54121227291978","-121.54121227291978","-226.13294439602214","-226.13294439602214","-226.13294439602214","-125.08407646509461","-125.08407646509461","-125.08407646509461"
"19500","-143.01714926335276","-143.01714926335276","-143.01714926335276","-193.59737655403197","-193.59737655403197","-193.59737655403197","-226.97049969962222","-226.97049969962222","-226.97049969962222","-212.87033103561348","-212.87033103561348","-212.87033103561348","-146.72508562146066","-146.72508562146066","-146.72508562146066","-142.14203236704984","-142.14203236704984","-142.14203236704984","-189.2109155303611","-189.2109155303611","-189.2109155303611","-101.21233610733069","-101.21233610733069","-101.21233610733069","-172.520505525513","-172.520505525513","-172.520505525513","-133.36999445333987","-133.36999445333987","-133.36999445333987","-142.16648920955183","-142.16648920955183","-142.16648920955183","-170.3200666635702","-170.3200666635702","-170.3200666635702","-121.08756627417586","-121.08756627417586","-121.08756627417586","-209.39654140564716","-209.39654140564716","-209.39654140564716","-224.29499108076112","-224.29499108076112","-224.29499108076112","-121.42514673802705","-121.42514673802705","-121.42514673802705","-221.5549764213079","-221.5549764213079","-221.5549764213079","-121.58669269192967","-121.58669269192967","-121.58669269192967","-198.9086406012962","-198.9086406012962","-198.9086406012962","-124.97687661863645","-124.97687661863645","-124.97687661863645"
"19800","-143.1762043287941","-143.1762043287941","-143.1762043287941","-193.04565669374418","-193.04565669374418","-193.04565669374418","-227.49395222061125","-227.49395222061125","-227.49395222061125","-213.09069099870968","-213.09069099870968","-213.09069099870968","-146.66619215308015","-146.66619215308015","-146.66619215308015","-142.76006013091236","-142.76006013091236","-142.76006013091236","-189.37565341111934","-189.37565341111934","-189.37565341111934","-103.16773900814266","-103.16773900814266","-103.16773900814266","-173.21090753373153","-173.21090753373153","-173.21090753373153","-132.49628786676288","-132.49628786676288","-132.49628786676288","-143.35868512312322","-143.35868512312322","-143.35868512312322","-170.24386452868598","-170.24386452868598","-170.24386452868598","-121.11993245427315","-121.11993245427315","-121.11993245427315","-210.5829374551855","-210.5829374551855","-210.5829374551855","-216.73520600503943","-216.73520600503943","-216.73520600503943","-121.62334172861055","-121.62334172861055","-121.62334172861055","-222.81210805569577","-222.81210805569577","-222.81210805569577","-123.17449395876804","-123.17449395876804","-123.17449395876804","-199.6862973460797","-199.6862973460797","-199.6862973460797","-124.94693215366283","-124.94693215366283","-124.94693215366283"
"20100","-143.18362297492473","-143.18362297492473","-143.18362297492473","-192.59575994201913","-192.59575994201913","-192.59575994201913","-228.14059010558853","-228.14059010558853","-228.14059010558853","-212.98034036117355","-212.98034036117355","-212.98034036117355","-145.3647572552586","-145.3647572552586","-145.3647572552586","-142.69846691726457","-142.69846691726457","-142.69846691726457","-188.9974508751822","-188.9974508751822","-188.9974508751822","-102.37341063287745","-102.37341063287745","-102.37341063287745","-173.94096407061642","-173.94096407061642","-173.94096407061642","-132.8133677140201","-132.8133677140201","-132.8133677140201","-143.36687015211527","-143.36687015211527","-143.36687015211527","-170.26086418538836","-170.26086418538836","-170.26086418538836","-120.85605861794883","-120.85605861794883","-120.85605861794883","-208.8762101691315","-208.8762101691315","-208.8762101691315","-169.96180540591837","-169.96180540591837","-169.96180540591837","-121.1394723135589","-121.1394723135589","-121.1394723135589","-221.14991716673862","-221.14991716673862","-221.14991716673862","-123.8093053270456","-123.8093053270456","-123.8093053270456","-174.17959153206976","-174.17959153206976","-174.17959153206976","-125.11772699521653","-125.11772699521653","-125.11772699521653"
"20400","-142.91688943044815","-142.91688943044815","-142.91688943044815","-192.3006238925243","-192.3006238925243","-192.3006238925243","-227.49278983741124","-227.49278983741124","-227.49278983741124","-213.73044143095595","-213.73044143095595","-213.73044143095595","-146.69338314753344","-146.69338314753344","-146.69338314753344","-141.80739134271656","-141.80739134271656","-141.80739134271656","-189.17472771639612","-189.17472771639612","-189.17472771639612","-103.36243349276997","-103.36243349276997","-103.36243349276997","-173.59052270924377","-173.59052270924377","-173.59052270924377","-134.1682014469182","-134.1682014469182","-134.1682014469182","-143.35304034302857","-143.35304034302857","-143.35304034302857","-170.21552956388444","-170.21552956388444","-170.21552956388444","-120.8848502820234","-120.8848502820234","-120.8848502820234","-208.99494108501668","-208.99494108501668","-208.99494108501668","-170.38303671107033","-170.38303671107033","-170.38303671107033","-120.82890910798442","-120.82890910798442","-120.82890910798442","-221.64929887659054","-221.64929887659054","-221.64929887659054","-123.68556264645733","-123.68556264645733","-123.68556264645733","-173.90818587677896","-173.90818587677896","-173.90818587677896","-124.97757217197496","-124.97757217197496","-124.97757217197496"
"20700","-143.05595124713787","-143.05595124713787","-143.05595124713787","-216.21122549344568","-216.21122549344568","-216.21122549344568","-224.0207143393789","-224.0207143393789","-224.0207143393789","-212.56674440495962","-212.56674440495962","-212.56674440495962","-146.11157158530267","-146.11157158530267","-146.11157158530267","-141.47842050333867","-141.47842050333867","-141.47842050333867","-189.73858625556466","-189.73858625556466","-189.73858625556466","-102.62868554843962","-102.62868554843962","-102.62868554843962","-173.5334023236076","-173.5334023236076","-173.5334023236076","-133.60104271600886","-133.60104271600886","-133.60104271600886","-141.90423707352016","-141.90423707352016","-141.90423707352016","-170.9218601848225","-170.9218601848225","-170.9218601848225","-121.02407069535097","-121.02407069535097","-121.02407069535097","-209.11430346845663","-209.11430346845663","-209.11430346845663","-170.50201960981798","-170.50201960981798","-170.50201960981798","-121.20904175300616","-121.20904175300616","-121.20904175300616","-221.31439409026243","-221.31439409026243","-221.31439409026243","-123.84802913858343","-123.84802913858343","-123.84802913858343","-174.36287735021745","-174.36287735021745","-174.36287735021745","-125.62352141779365","-125.62352141779365","-125.62352141779365"
"21000","-143.267337809577","-143.267337809577","-143.267337809577","-192.5731609883068","-192.5731609883068","-192.5731609883068","-227.44714210220997","-227.44714210220997","-227.44714210220997","-212.57940648352323","-212.57940648352323","-212.57940648352323","-145.9047089239506","-145.9047089239506","-145.9047089239506","-141.64507248635644","-141.64507248635644","-141.64507248635644","-189.59726775412975","-189.59726775412975","-189.59726775412975","-103.06992368064316","-103.06992368064316","-103.06992368064316","-173.0635770308941","-173.0635770308941","-173.0635770308941","-134.50219615901815","-134.50219615901815","-134.50219615901815","-143.72877911659694","-143.72877911659694","-143.72877911659694","-170.5300371960337","-170.5300371960337","-170.5300371960337","-121.0251463627981","-121.0251463627981","-121.0251463627981","-208.13410226528873","-208.13410226528873","-208.13410226528873","-171.78584924588353","-171.78584924588353","-171.78584924588353","-121.11603306828476","-121.11603306828476","-121.11603306828476","-222.0670504496261","-222.0670504496261","-222.0670504496261","-123.72130692779672","-123.72130692779672","-123.72130692779672","-202.16490617552148","-202.16490617552148","-202.16490617552148","-125.85574653924087","-125.85574653924087","-125.85574653924087"
"21300","-143.08026383725485","-143.08026383725485","-143.08026383725485","-192.86906840874536","-192.86906840874536","-192.86906840874536","-226.2774004561868","-226.2774004561868","-226.2774004561868","-211.8730617512337","-211.8730617512337","-211.8730617512337","-145.7878506906564","-145.7878506906564","-145.7878506906564","-141.72354013880118","-141.72354013880118","-141.72354013880118","-189.23187773056227","-189.23187773056227","-189.23187773056227","-102.63087085470295","-102.63087085470295","-102.63087085470295","-173.3871331737825","-173.3871331737825","-173.3871331737825","-134.53028315346498","-134.53028315346498","-134.53028315346498","-142.36090591507633","-142.36090591507633","-142.36090591507633","-170.69212308371664","-170.69212308371664","-170.69212308371664","-120.7136745896566","-120.7136745896566","-120.7136745896566","-208.05638991914347","-208.05638991914347","-208.05638991914347","-170.49926563163092","-170.49926563163092","-170.49926563163092","-120.7716514114943","-120.7716514114943","-120.7716514114943","-221.56731612102408","-221.56731612102408","-221.56731612102408","-124.00822296035997","-124.00822296035997","-124.00822296035997","-198.9438927546427","-198.9438927546427","-198.9438927546427","-125.7538361228761","-125.7538361228761","-125.7538361228761"
"21600","-143.3605293062088","-143.3605293062088","-143.3605293062088","-193.04893379427304","-193.04893379427304","-193.04893379427304","-228.45221724536515","-228.45221724536515","-228.45221724536515","-212.93786116513556","-212.93786116513556","-212.93786116513556","-145.72814002701688","-145.72814002701688","-145.72814002701688","-141.94560548754538","-141.94560548754538","-141.94560548754538","-189.81633472613427","-189.81633472613427","-189.81633472613427","-103.18954097911345","-103.18954097911345","-103.18954097911345","-173.7221189716889","-173.7221189716889","-173.7221189716889","-133.86020595156225","-133.86020595156225","-133.86020595156225","-142.4233159694823","-142.4233159694823","-142.4233159694823","-170.54560686916142","-170.54560686916142","-170.54560686916142","-121.21407237603216","-121.21407237603216","-121.21407237603216","-209.0122905393141","-209.0122905393141","-209.0122905393141","-170.88849014863138","-170.88849014863138","-170.88849014863138","-121.29941868264004","-121.29941868264004","-121.29941868264004","-221.0527195541694","-221.0527195541694","-221.0527195541694","-123.54978341814937","-123.54978341814937","-123.54978341814937","-227.1145179660857","-227.1145179660857","-227.1145179660857","-126.0980694702223","-126.0980694702223","-126.0980694702223"
"21900","-143.3156494401932","-143.3156494401932","-143.3156494401932","-217.16533742736902","-217.16533742736902","-217.16533742736902","-228.80687463349955","-228.80687463349955","-228.80687463349955","-212.47500184340402","-212.47500184340402","-212.47500184340402","-146.37877092424054","-146.37877092424054","-146.37877092424054","-142.3285449426647","-142.3285449426647","-142.3285449426647","-189.14416058257314","-189.14416058257314","-189.14416058257314","-102.32282079290732","-102.32282079290732","-102.32282079290732","-173.70168822032366","-173.70168822032366","-173.70168822032366","-134.64746851578076","-134.64746851578076","-134.64746851578076","-142.6037441577509","-142.6037441577509","-142.6037441577509","-170.59403544361922","-170.59403544361922","-170.59403544361922","-120.97385307074228","-120.97385307074228","-120.97385307074228","-208.03646932339603","-208.03646932339603","-208.03646932339603","-170.43972329429198","-170.43972329429198","-170.43972329429198","-120.47912033453215","-120.47912033453215","-120.47912033453215","-221.00167904322387","-221.00167904322387","-221.00167904322387","-123.54077139911917","-123.54077139911917","-123.54077139911917","-174.89110618283684","-174.89110618283684","-174.89110618283684","-126.05248368550788","-126.05248368550788","-126.05248368550788"
"22200","-143.19609590483705","-143.19609590483705","-143.19609590483705","-192.1574577011201","-192.1574577011201","-192.1574577011201","-228.40688531697492","-228.40688531697492","-228.40688531697492","-212.95876919511323","-212.95876919511323","-212.95876919511323","-146.44695910185104","-146.44695910185104","-146.44695910185104","-141.76922654981752","-141.76922654981752","-141.76922654981752","-189.52454586357834","-189.52454586357834","-189.52454586357834","-101.01412373546498","-101.01412373546498","-101.01412373546498","-174.09945581342183","-174.09945581342183","-174.09945581342183","-135.1524624836712","-135.1524624836712","-135.1524624836712","-142.682220387514","-142.682220387514","-142.682220387514","-170.77563909868417","-170.77563909868417","-170.77563909868417","-121.1332146623549","-121.1332146623549","-121.1332146623549","-207.95242317718856","-207.95242317718856","-207.95242317718856","-170.50702063389923","-170.50702063389923","-170.50702063389923","-121.0312355551335","-121.0312355551335","-121.0312355551335","-220.64193345005123","-220.64193345005123","-220.64193345005123","-123.08349044105262","-123.08349044105262","-123.08349044105262","-200.40795172082292","-200.40795172082292","-200.40795172082292","-126.09554130277402","-126.09554130277402","-126.09554130277402"
"22500","-143.97303054343436","-143.97303054343436","-143.97303054343436","-191.7466898332068","-191.7466898332068","-191.7466898332068","-225.97869850021442","-225.97869850021442","-225.97869850021442","-211.26407830028484","-211.26407830028484","-211.26407830028484","-146.22974905200388","-146.22974905200388","-146.22974905200388","-142.06376196217565","-142.06376196217565","-142.06376196217565","-188.95453341330312","-188.95453341330312","-188.95453341330312","-103.18746011737815","-103.18746011737815","-103.18746011737815","-174.28304405935074","-174.28304405935074","-174.28304405935074","-134.375208855999","-134.375208855999","-134.375208855999","-142.4186147937822","-142.4186147937822","-142.4186147937822","-170.7968065160789","-170.7968065160789","-170.7968065160789","-121.15514008914491","-121.15514008914491","-121.15514008914491","-208.43324766116035","-208.43324766116035","-208.43324766116035","-170.42942561492342","-170.42942561492342","-170.42942561492342","-120.83904810541303","-120.83904810541303","-120.83904810541303","-220.28325921154752","-220.28325921154752","-220.28325921154752","-123.21677024971204","-123.21677024971204","-123.21677024971204","-200.268929407631","-200.268929407631","-200.268929407631","-125.51262309006017","-125.51262309006017","-125.51262309006017"
"22800","-143.19438561140242","-143.19438561140242","-143.19438561140242","-216.50895727985258","-216.50895727985258","-216.50895727985258","-353.22374277464746","-353.22374277464746","-353.22374277464746","-211.5896878484406","-211.5896878484406","-211.5896878484406","-146.26548665685115","-146.26548665685115","-146.26548665685115","-142.66068223393074","-142.66068223393074","-142.66068223393074","-188.4608454977232","-188.4608454977232","-188.4608454977232","-101.94418583600638","-101.94418583600638","-101.94418583600638","-174.54733777043094","-174.54733777043094","-174.54733777043094","-135.2925696307015","-135.2925696307015","-135.2925696307015","-142.59081235822845","-142.59081235822845","-142.59081235822845","-170.5465581371318","-170.5465581371318","-170.5465581371318","-121.39286072056355","-121.39286072056355","-121.39286072056355","-208.39608538045977","-208.39608538045977","-208.39608538045977","-170.65706754475596","-170.65706754475596","-170.65706754475596","-121.01922022957777","-121.01922022957777","-121.01922022957777","-219.80070410225252","-219.80070410225252","-219.80070410225252","-123.5995517964312","-123.5995517964312","-123.5995517964312","-175.00634840035627","-175.00634840035627","-175.00634840035627","-125.94178312433492","-125.94178312433492","-125.94178312433492"
"23100","-143.27897312604023","-143.27897312604023","-143.27897312604023","-215.4270648389288","-215.4270648389288","-215.4270648389288","-232.6216985723761","-232.6216985723761","-232.6216985723761","-212.3539007286275","-212.3539007286275","-212.3539007286275","-146.41399981258343","-146.41399981258343","-146.41399981258343","-141.50734422085708","-141.50734422085708","-141.50734422085708","-189.43586277421136","-189.43586277421136","-189.43586277421136","-102.04032418207699","-102.04032418207699","-102.04032418207699","-174.33327982516423","-174.33327982516423","-174.33327982516423","-135.31177490099782","-135.31177490099782","-135.31177490099782","-143.71621900812997","-143.71621900812997","-143.71621900812997","-170.65842742355068","-170.65842742355068","-170.65842742355068","-121.8712384918288","-121.8712384918288","-121.8712384918288","-208.12535431258848","-208.12535431258848","-208.12535431258848","-170.1437314822318","-170.1437314822318","-170.1437314822318","-120.70190809252851","-120.70190809252851","-120.70190809252851","-220.01009150197766","-220.01009150197766","-220.01009150197766","-123.44948319838537","-123.44948319838537","-123.44948319838537","-200.2819101444091","-200.2819101444091","-200.2819101444091","-126.17659440505493","-126.17659440505493","-126.17659440505493"
"23400","-143.11548797684418","-143.11548797684418","-143.11548797684418","-214.87613764896113","-214.87613764896113","-214.87613764896113","-352.97460598013714","-352.97460598013714","-352.97460598013714","-211.63926873891728","-211.63926873891728","-211.63926873891728","-146.92705999292878","-146.92705999292878","-146.92705999292878","-141.84589560999305","-141.84589560999305","-141.84589560999305","-188.82472553639468","-188.82472553639468","-188.82472553639468","-101.9549304965984","-101.9549304965984","-101.9549304965984","-174.51597331072279","-174.51597331072279","-174.51597331072279","-135.37686512568882","-135.37686512568882","-135.37686512568882","-143.3101240933022","-143.3101240933022","-143.3101240933022","-170.40196498717913","-170.40196498717913","-170.40196498717913","-122.3363280911861","-122.3363280911861","-122.3363280911861","-208.42524764856088","-208.42524764856088","-208.42524764856088","-170.0277920348007","-170.0277920348007","-170.0277920348007","-120.90738796868361","-120.90738796868361","-120.90738796868361","-219.62938852317538","-219.62938852317538","-219.62938852317538","-122.93196129102076","-122.93196129102076","-122.93196129102076","-199.45398399571894","-199.45398399571894","-199.45398399571894","-125.76890458103985","-125.76890458103985","-125.76890458103985"
"23700","-143.06397091394433","-143.06397091394433","-143.06397091394433","-213.9248881644039","-213.9248881644039","-213.9248881644039","-351.14147626858824","-351.14147626858824","-351.14147626858824","-211.5578680224699","-211.5578680224699","-211.5578680224699","-146.87322460536956","-146.87322460536956","-146.87322460536956","-141.81465010630927","-141.81465010630927","-141.81465010630927","-188.9066689171335","-188.9066689171335","-188.9066689171335","-101.51187585099005","-101.51187585099005","-101.51187585099005","-174.32524946946592","-174.32524946946592","-174.32524946946592","-136.44381678737767","-136.44381678737767","-136.44381678737767","-143.4180348612285","-143.4180348612285","-143.4180348612285","-170.53098561590818","-170.53098561590818","-170.53098561590818","-122.4806570596797","-122.4806570596797","-122.4806570596797","-208.43916131826714","-208.43916131826714","-208.43916131826714","-169.69123974155633","-169.69123974155633","-169.69123974155633","-120.72313665039069","-120.72313665039069","-120.72313665039069","-219.98249493963257","-219.98249493963257","-219.98249493963257","-123.26924498082602","-123.26924498082602","-123.26924498082602","-173.77757795261573","-173.77757795261573","-173.77757795261573","-126.75775140983929","-126.75775140983929","-126.75775140983929"
"24000","-142.91573859854466","-142.91573859854466","-142.91573859854466","-214.1463874074462","-214.1463874074462","-214.1463874074462","-352.7271223390283","-352.7271223390283","-352.7271223390283","-211.69711149636933","-211.69711149636933","-211.69711149636933","-147.35091594141835","-147.35091594141835","-147.35091594141835","-141.63096544768717","-141.63096544768717","-141.63096544768717","-188.63504220149676","-188.63504220149676","-188.63504220149676","-101.3552026397177","-101.3552026397177","-101.3552026397177","-174.3569223833055","-174.3569223833055","-174.3569223833055","-136.3674184086408","-136.3674184086408","-136.3674184086408","-143.3217776956927","-143.3217776956927","-143.3217776956927","-170.2614538092545","-170.2614538092545","-170.2614538092545","-122.81721389624204","-122.81721389624204","-122.81721389624204","-210.25035288342815","-210.25035288342815","-210.25035288342815","-169.66390654121207","-169.66390654121207","-169.66390654121207","-120.62494000506736","-120.62494000506736","-120.62494000506736","-169.67376868141986","-169.67376868141986","-169.67376868141986","-123.4878216071359","-123.4878216071359","-123.4878216071359","-173.57699426092077","-173.57699426092077","-173.57699426092077","-126.3310924194684","-126.3310924194684","-126.3310924194684"
"24300","-142.7118634462051","-142.7118634462051","-142.7118634462051","-214.19901754142992","-214.19901754142992","-214.19901754142992","-318.23000308421575","-318.23000308421575","-318.23000308421575","-211.68155037286078","-211.68155037286078","-211.68155037286078","-146.0516923489067","-146.0516923489067","-146.0516923489067","-142.83616956936345","-142.83616956936345","-142.83616956936345","-189.50949772111034","-189.50949772111034","-189.50949772111034","-100.54215573318797","-100.54215573318797","-100.54215573318797","-174.40191734321309","-174.40191734321309","-174.40191734321309","-136.73094924047027","-136.73094924047027","-136.73094924047027","-143.29537468845822","-143.29537468845822","-143.29537468845822","-170.39235727256806","-170.39235727256806","-170.39235727256806","-123.45956223861353","-123.45956223861353","-123.45956223861353","-210.19245915296838","-210.19245915296838","-210.19245915296838","-169.67392669946554","-169.67392669946554","-169.67392669946554","-120.87953839577467","-120.87953839577467","-120.87953839577467","-144.2134818443795","-144.2134818443795","-144.2134818443795","-123.52539741795545","-123.52539741795545","-123.52539741795545","-199.23244342412232","-199.23244342412232","-199.23244342412232","-126.82764028265319","-126.82764028265319","-126.82764028265319"
"24600","-142.46673240574233","-142.46673240574233","-142.46673240574233","-213.51871729392332","-213.51871729392332","-213.51871729392332","-327.5834818399095","-327.5834818399095","-327.5834818399095","-211.7719424326408","-211.7719424326408","-211.7719424326408","-144.96804210350768","-144.96804210350768","-144.96804210350768","-142.3135606616599","-142.3135606616599","-142.3135606616599","-189.7782935656375","-189.7782935656375","-189.7782935656375","-100.75641474901111","-100.75641474901111","-100.75641474901111","-173.65001125740102","-173.65001125740102","-173.65001125740102","-136.2806037567329","-136.2806037567329","-136.2806037567329","-142.90979522951443","-142.90979522951443","-142.90979522951443","-170.42232542871886","-170.42232542871886","-170.42232542871886","-123.9251960763992","-123.9251960763992","-123.9251960763992","-210.14279860486562","-210.14279860486562","-210.14279860486562","-169.75711330801025","-169.75711330801025","-169.75711330801025","-121.02487097453493","-121.02487097453493","-121.02487097453493","-220.34142033373456","-220.34142033373456","-220.34142033373456","-123.31062981687839","-123.31062981687839","-123.31062981687839","-173.0114282166678","-173.0114282166678","-173.0114282166678","-126.8759795028905","-126.8759795028905","-126.8759795028905"
"24900","-143.10434212110346","-143.10434212110346","-143.10434212110346","-212.83511444988895","-212.83511444988895","-212.83511444988895","-227.41512411181353","-227.41512411181353","-227.41512411181353","-211.74940597887516","-211.74940597887516","-211.74940597887516","-145.89796265684396","-145.89796265684396","-145.89796265684396","-141.65444559161278","-141.65444559161278","-141.65444559161278","-189.09012636239146","-189.09012636239146","-189.09012636239146","-100.4993059860959","-100.4993059860959","-100.4993059860959","-174.29242064029367","-174.29242064029367","-174.29242064029367","-136.93651144650673","-136.93651144650673","-136.93651144650673","-143.40806086135956","-143.40806086135956","-143.40806086135956","-170.47664192285166","-170.47664192285166","-170.47664192285166","-124.15723653316743","-124.15723653316743","-124.15723653316743","-209.77128722207482","-209.77128722207482","-209.77128722207482","-169.48902557700552","-169.48902557700552","-169.48902557700552","-121.12190395286709","-121.12190395286709","-121.12190395286709","-169.92269973928177","-169.92269973928177","-169.92269973928177","-123.79697679063744","-123.79697679063744","-123.79697679063744","-172.33114421185465","-172.33114421185465","-172.33114421185465","-126.26688975558686","-126.26688975558686","-126.26688975558686"
"25200","-143.204577624237","-143.204577624237","-143.204577624237","-213.65936328492984","-213.65936328492984","-213.65936328492984","-226.8499087182725","-226.8499087182725","-226.8499087182725","-212.42625141395055","-212.42625141395055","-212.42625141395055","-145.9435719783323","-145.9435719783323","-145.9435719783323","-141.60699017776057","-141.60699017776057","-141.60699017776057","-189.15714709908247","-189.15714709908247","-189.15714709908247","-101.00997331202124","-101.00997331202124","-101.00997331202124","-174.38043297325794","-174.38043297325794","-174.38043297325794","-136.90313917148845","-136.90313917148845","-136.90313917148845","-142.87272905271453","-142.87272905271453","-142.87272905271453","-170.47859298494652","-170.47859298494652","-170.47859298494652","-124.12379728810879","-124.12379728810879","-124.12379728810879","-209.78069095977366","-209.78069095977366","-209.78069095977366","-169.68040609695976","-169.68040609695976","-169.68040609695976","-121.48924610730558","-121.48924610730558","-121.48924610730558","-143.82639089252342","-143.82639089252342","-143.82639089252342","-123.91994167086992","-123.91994167086992","-123.91994167086992","-199.6444828549999","-199.6444828549999","-199.6444828549999","-126.22439247376299","-126.22439247376299","-126.22439247376299"
"25500","-143.4545087795818","-143.4545087795818","-143.4545087795818","-213.7124958904319","-213.7124958904319","-213.7124958904319","-226.33492664489236","-226.33492664489236","-226.33492664489236","-212.50601453934323","-212.50601453934323","-212.50601453934323","-145.16303946001636","-145.16303946001636","-145.16303946001636","-141.6095285368578","-141.6095285368578","-141.6095285368578","-189.90574647981984","-189.90574647981984","-189.90574647981984","-100.82046123782956","-100.82046123782956","-100.82046123782956","-175.03382990988743","-175.03382990988743","-175.03382990988743","-137.28469930881104","-137.28469930881104","-137.28469930881104","-142.72169386911025","-142.72169386911025","-142.72169386911025","-170.88097715653208","-170.88097715653208","-170.88097715653208","-124.10469568725622","-124.10469568725622","-124.10469568725622","-211.56258082741047","-211.56258082741047","-211.56258082741047","-170.40431186486575","-170.40431186486575","-170.40431186486575","-121.26843433746822","-121.26843433746822","-121.26843433746822","-143.93028315224927","-143.93028315224927","-143.93028315224927","-123.74885650558716","-123.74885650558716","-123.74885650558716","-199.0534109630609","-199.0534109630609","-199.0534109630609","-125.79433299764608","-125.79433299764608","-125.79433299764608"
"25800","-143.3873762153509","-143.3873762153509","-143.3873762153509","-188.74633773549323","-188.74633773549323","-188.74633773549323","-226.05642460808394","-226.05642460808394","-226.05642460808394","-212.07399497094383","-212.07399497094383","-212.07399497094383","-145.13290303899095","-145.13290303899095","-145.13290303899095","-142.0913931258815","-142.0913931258815","-142.0913931258815","-189.2414828919908","-189.2414828919908","-189.2414828919908","-101.41824001172401","-101.41824001172401","-101.41824001172401","-173.81367098465458","-173.81367098465458","-173.81367098465458","-137.26160475565158","-137.26160475565158","-137.26160475565158","-142.9958374061591","-142.9958374061591","-142.9958374061591","-170.85177330895803","-170.85177330895803","-170.85177330895803","-124.23693430887454","-124.23693430887454","-124.23693430887454","-211.26762882896463","-211.26762882896463","-211.26762882896463","-170.2465132049401","-170.2465132049401","-170.2465132049401","-121.4125022728947","-121.4125022728947","-121.4125022728947","-144.57612402397308","-144.57612402397308","-144.57612402397308","-123.70893047629224","-123.70893047629224","-123.70893047629224","-172.93077889797934","-172.93077889797934","-172.93077889797934","-124.19794711641316","-124.19794711641316","-124.19794711641316"
"26100","-143.0713638540973","-143.0713638540973","-143.0713638540973","-188.47209201052743","-188.47209201052743","-188.47209201052743","-227.1677012420627","-227.1677012420627","-227.1677012420627","-211.5836739626467","-211.5836739626467","-211.5836739626467","-146.19651546857796","-146.19651546857796","-146.19651546857796","-141.4812328554088","-141.4812328554088","-141.4812328554088","-188.91372209183538","-188.91372209183538","-188.91372209183538","-101.81056985820562","-101.81056985820562","-101.81056985820562","-175.03197894720319","-175.03197894720319","-175.03197894720319","-137.27864943354297","-137.27864943354297","-137.27864943354297","-142.49556498026058","-142.49556498026058","-142.49556498026058","-170.98162160163955","-170.98162160163955","-170.98162160163955","-124.38461227259897","-124.38461227259897","-124.38461227259897","-212.04326034470256","-212.04326034470256","-212.04326034470256","-169.9163817005941","-169.9163817005941","-169.9163817005941","-121.65621249285996","-121.65621249285996","-121.65621249285996","-143.9526612598631","-143.9526612598631","-143.9526612598631","-123.55202803174261","-123.55202803174261","-123.55202803174261","-173.2211373397731","-173.2211373397731","-173.2211373397731","-122.118672509663","-122.118672509663","-122.118672509663"
"26400","-142.90137460659668","-142.90137460659668","-142.90137460659668","-213.22163351598823","-213.22163351598823","-213.22163351598823","-226.19447684629807","-226.19447684629807","-226.19447684629807","-212.50152501661643","-212.50152501661643","-212.50152501661643","-145.07795892748476","-145.07795892748476","-145.07795892748476","-141.58869347422288","-141.58869347422288","-141.58869347422288","-188.47005146354746","-188.47005146354746","-188.47005146354746","-101.99957724808148","-101.99957724808148","-101.99957724808148","-175.26725408935425","-175.26725408935425","-175.26725408935425","-137.27604787374202","-137.27604787374202","-137.27604787374202","-142.64293737924368","-142.64293737924368","-142.64293737924368","-170.557106332643","-170.557106332643","-170.557106332643","-124.88580200637496","-124.88580200637496","-124.88580200637496","-212.0973327152829","-212.0973327152829","-212.0973327152829","-169.5627205134857","-169.5627205134857","-169.5627205134857","-121.44918162649878","-121.44918162649878","-121.44918162649878","-143.72067045192557","-143.72067045192557","-143.72067045192557","-123.63817557018274","-123.63817557018274","-123.63817557018274","-173.17303473712963","-173.17303473712963","-173.17303473712963","-121.98329774506144","-121.98329774506144","-121.98329774506144"
"26700","-143.28598780198004","-143.28598780198004","-143.28598780198004","-212.84175018691718","-212.84175018691718","-212.84175018691718","-225.76580434881217","-225.76580434881217","-225.76580434881217","-212.5993150795028","-212.5993150795028","-212.5993150795028","-147.4552018157126","-147.4552018157126","-147.4552018157126","-141.49045959971025","-141.49045959971025","-141.49045959971025","-188.36887479739448","-188.36887479739448","-188.36887479739448","-101.49237064623689","-101.49237064623689","-101.49237064623689","-174.45101758331742","-174.45101758331742","-174.45101758331742","-137.40320891929565","-137.40320891929565","-137.40320891929565","-142.36108554215627","-142.36108554215627","-142.36108554215627","-170.73442669257938","-170.73442669257938","-170.73442669257938","-125.32789484230454","-125.32789484230454","-125.32789484230454","-212.36571712955143","-212.36571712955143","-212.36571712955143","-169.51964451107682","-169.51964451107682","-169.51964451107682","-121.7083345656825","-121.7083345656825","-121.7083345656825","-144.0182179026533","-144.0182179026533","-144.0182179026533","-123.64116401053779","-123.64116401053779","-123.64116401053779","-173.26863070136264","-173.26863070136264","-173.26863070136264","-121.36594612445455","-121.36594612445455","-121.36594612445455"
"27000","-143.46896760887435","-143.46896760887435","-143.46896760887435","-213.46495593617448","-213.46495593617448","-213.46495593617448","-225.8646363199635","-225.8646363199635","-225.8646363199635","-211.32400758090998","-211.32400758090998","-211.32400758090998","-144.53011196064034","-144.53011196064034","-144.53011196064034","-141.42261780072855","-141.42261780072855","-141.42261780072855","-188.35878736222077","-188.35878736222077","-188.35878736222077","-101.63062215394811","-101.63062215394811","-101.63062215394811","-174.37235004489224","-174.37235004489224","-174.37235004489224","-137.50092006425217","-137.50092006425217","-137.50092006425217","-142.6763440203968","-142.6763440203968","-142.6763440203968","-170.74887153308435","-170.74887153308435","-170.74887153308435","-125.26803872309787","-125.26803872309787","-125.26803872309787","-212.35014380308402","-212.35014380308402","-212.35014380308402","-169.3408747504314","-169.3408747504314","-169.3408747504314","-121.7301789978726","-121.7301789978726","-121.7301789978726","-143.87152050307446","-143.87152050307446","-143.87152050307446","-123.53730649275272","-123.53730649275272","-123.53730649275272","-200.11258098947803","-200.11258098947803","-200.11258098947803","-121.53729710863293","-121.53729710863293","-121.53729710863293"
"27300","-143.1851857137492","-143.1851857137492","-143.1851857137492","-213.40853426112568","-213.40853426112568","-213.40853426112568","-224.778209988","-224.778209988","-224.778209988","-212.98309085310024","-212.98309085310024","-212.98309085310024","-146.06281729174307","-146.06281729174307","-146.06281729174307","-141.33865883962744","-141.33865883962744","-141.33865883962744","-188.6504562311755","-188.6504562311755","-188.6504562311755","-100.79588616635658","-100.79588616635658","-100.79588616635658","-174.49746426888288","-174.49746426888288","-174.49746426888288","-137.13728385729388","-137.13728385729388","-137.13728385729388","-142.7257466306381","-142.7257466306381","-142.7257466306381","-171.1332634608169","-171.1332634608169","-171.1332634608169","-125.06348479622099","-125.06348479622099","-125.06348479622099","-213.27690860119068","-213.27690860119068","-213.27690860119068","-169.3666985407761","-169.3666985407761","-169.3666985407761","-121.70073161429002","-121.70073161429002","-121.70073161429002","-143.66684225395878","-143.66684225395878","-143.66684225395878","-123.7206402489821","-123.7206402489821","-123.7206402489821","-173.1187638408834","-173.1187638408834","-173.1187638408834","-121.6322468960634","-121.6322468960634","-121.6322468960634"
"27600","-143.8512461882297","-143.8512461882297","-143.8512461882297","-212.82416061970306","-212.82416061970306","-212.82416061970306","-225.48811505555477","-225.48811505555477","-225.48811505555477","-211.0250552227084","-211.0250552227084","-211.0250552227084","-145.3405253835043","-145.3405253835043","-145.3405253835043","-141.39205339146284","-141.39205339146284","-141.39205339146284","-188.6264988911925","-188.6264988911925","-188.6264988911925","-100.98049278892736","-100.98049278892736","-100.98049278892736","-174.01680419423252","-174.01680419423252","-174.01680419423252","-137.3398062092513","-137.3398062092513","-137.3398062092513","-142.77513726510827","-142.77513726510827","-142.77513726510827","-170.62167481376085","-170.62167481376085","-170.62167481376085","-126.66672078116096","-126.66672078116096","-126.66672078116096","-212.5688611504317","-212.5688611504317","-212.5688611504317","-169.4730690347365","-169.4730690347365","-169.4730690347365","-121.59081320899308","-121.59081320899308","-121.59081320899308","-143.63083209081324","-143.63083209081324","-143.63083209081324","-123.2728882761434","-123.2728882761434","-123.2728882761434","-172.6841662508579","-172.6841662508579","-172.6841662508579","-121.65117785183195","-121.65117785183195","-121.65117785183195"
"27900","-143.2938042774391","-143.2938042774391","-143.2938042774391","-213.3360760496601","-213.3360760496601","-213.3360760496601","-225.64620541506974","-225.64620541506974","-225.64620541506974","-211.8567076992943","-211.8567076992943","-211.8567076992943","-144.49739179672918","-144.49739179672918","-144.49739179672918","-141.4889809249865","-141.4889809249865","-141.4889809249865","-189.03351026764307","-189.03351026764307","-189.03351026764307","-101.10895047327703","-101.10895047327703","-101.10895047327703","-173.10494181191194","-173.10494181191194","-173.10494181191194","-135.7464281166459","-135.7464281166459","-135.7464281166459","-143.30960371096515","-143.30960371096515","-143.30960371096515","-170.9742808434533","-170.9742808434533","-170.9742808434533","-127.94795321526442","-127.94795321526442","-127.94795321526442","-212.8288274220657","-212.8288274220657","-212.8288274220657","-169.21858616875045","-169.21858616875045","-169.21858616875045","-121.79687765583076","-121.79687765583076","-121.79687765583076","-143.18112650593642","-143.18112650593642","-143.18112650593642","-122.98504273242284","-122.98504273242284","-122.98504273242284","-172.9143474727338","-172.9143474727338","-172.9143474727338","-121.83837297725918","-121.83837297725918","-121.83837297725918"
"28200","-143.3593701356124","-143.3593701356124","-143.3593701356124","-188.73570107423345","-188.73570107423345","-188.73570107423345","-225.7789259201558","-225.7789259201558","-225.7789259201558","-211.27516565397474","-211.27516565397474","-211.27516565397474","-146.28651094175407","-146.28651094175407","-146.28651094175407","-141.341560994931","-141.341560994931","-141.341560994931","-188.4885919833429","-188.4885919833429","-188.4885919833429","-100.75363203460266","-100.75363203460266","-100.75363203460266","-172.87507957878424","-172.87507957878424","-172.87507957878424","-136.50492019303368","-136.50492019303368","-136.50492019303368","-142.89201822964563","-142.89201822964563","-142.89201822964563","-170.7013043437611","-170.7013043437611","-170.7013043437611","-127.16468641874899","-127.16468641874899","-127.16468641874899","-213.00868933528153","-213.00868933528153","-213.00868933528153","-168.39461669279498","-168.39461669279498","-168.39461669279498","-121.89457448863531","-121.89457448863531","-121.89457448863531","-143.23123578828626","-143.23123578828626","-143.23123578828626","-123.47407169156205","-123.47407169156205","-123.47407169156205","-198.82680101450396","-198.82680101450396","-198.82680101450396","-122.31760617509683","-122.31760617509683","-122.31760617509683"
"28500","-143.34626381644586","-143.34626381644586","-143.34626381644586","-187.43541952840678","-187.43541952840678","-187.43541952840678","-226.1537117538922","-226.1537117538922","-226.1537117538922","-211.2624446444326","-211.2624446444326","-211.2624446444326","-144.51323653844557","-144.51323653844557","-144.51323653844557","-141.45111725832325","-141.45111725832325","-141.45111725832325","-188.90905504621782","-188.90905504621782","-188.90905504621782","-100.66988681898081","-100.66988681898081","-100.66988681898081","-172.9554851392717","-172.9554851392717","-172.9554851392717","-136.4735365298156","-136.4735365298156","-136.4735365298156","-142.8421343073605","-142.8421343073605","-142.8421343073605","-171.0114995891864","-171.0114995891864","-171.0114995891864","-127.54000388784974","-127.54000388784974","-127.54000388784974","-212.47933906785948","-212.47933906785948","-212.47933906785948","-168.982524451247","-168.982524451247","-168.982524451247","-122.1312032089472","-122.1312032089472","-122.1312032089472","-143.20506921319492","-143.20506921319492","-143.20506921319492","-122.65587993757","-122.65587993757","-122.65587993757","-198.5152849255946","-198.5152849255946","-198.5152849255946","-122.3002181355151","-122.3002181355151","-122.3002181355151"
"28800","-143.24771930469188","-143.24771930469188","-143.24771930469188","-212.72160490598336","-212.72160490598336","-212.72160490598336","-226.45974699901268","-226.45974699901268","-226.45974699901268","-211.12017600895","-211.12017600895","-211.12017600895","-144.47543528494685","-144.47543528494685","-144.47543528494685","-141.3195132173147","-141.3195132173147","-141.3195132173147","-188.60435450803487","-188.60435450803487","-188.60435450803487","-100.63919381000578","-100.63919381000578","-100.63919381000578","-173.4315712147527","-173.4315712147527","-173.4315712147527","-136.59702377255712","-136.59702377255712","-136.59702377255712","-142.9074482481344","-142.9074482481344","-142.9074482481344","-170.83412422062784","-170.83412422062784","-170.83412422062784","-127.52791359294001","-127.52791359294001","-127.52791359294001","-212.39654772705586","-212.39654772705586","-212.39654772705586","-168.8709970081212","-168.8709970081212","-168.8709970081212","-122.07443346200577","-122.07443346200577","-122.07443346200577","-142.94973435059495","-142.94973435059495","-142.94973435059495","-122.40714105565704","-122.40714105565704","-122.40714105565704","-172.42272264772652","-172.42272264772652","-172.42272264772652","-122.22168110701512","-122.22168110701512","-122.22168110701512"
"29100","-143.2680803787089","-143.2680803787089","-143.2680803787089","-187.57808248358074","-187.57808248358074","-187.57808248358074","-226.57464619829744","-226.57464619829744","-226.57464619829744","-211.53793762592264","-211.53793762592264","-211.53793762592264","-144.11465261882464","-144.11465261882464","-144.11465261882464","-141.4303495919608","-141.4303495919608","-141.4303495919608","-189.20851617766473","-189.20851617766473","-189.20851617766473","-100.50171502253934","-100.50171502253934","-100.50171502253934","-174.68035639680514","-174.68035639680514","-174.68035639680514","-136.66928607991593","-136.66928607991593","-136.66928607991593","-142.7567855920815","-142.7567855920815","-142.7567855920815","-171.2230020900568","-171.2230020900568","-171.2230020900568","-128.04882749183656","-128.04882749183656","-128.04882749183656","-212.8876719401093","-212.8876719401093","-212.8876719401093","-168.6748076433757","-168.6748076433757","-168.6748076433757","-122.38553419668077","-122.38553419668077","-122.38553419668077","-143.12170171810186","-143.12170171810186","-143.12170171810186","-122.13801246807989","-122.13801246807989","-122.13801246807989","-199.57290125732138","-199.57290125732138","-199.57290125732138","-122.17216975781314","-122.17216975781314","-122.17216975781314"
"29400","-143.48433302808604","-143.48433302808604","-143.48433302808604","-212.99092181965233","-212.99092181965233","-212.99092181965233","-226.4021557601357","-226.4021557601357","-226.4021557601357","-211.53234409528386","-211.53234409528386","-211.53234409528386","-144.33528337597818","-144.33528337597818","-144.33528337597818","-142.27571428537692","-142.27571428537692","-142.27571428537692","-189.54508880341294","-189.54508880341294","-189.54508880341294","-100.45093863624854","-100.45093863624854","-100.45093863624854","-176.13833452013134","-176.13833452013134","-176.13833452013134","-136.7148987481772","-136.7148987481772","-136.7148987481772","-143.0313891339429","-143.0313891339429","-143.0313891339429","-171.19395675240267","-171.19395675240267","-171.19395675240267","-128.03723061699196","-128.03723061699196","-128.03723061699196","-212.17955480447813","-212.17955480447813","-212.17955480447813","-168.55920514593186","-168.55920514593186","-168.55920514593186","-122.10902744576345","-122.10902744576345","-122.10902744576345","-143.06509945016168","-143.06509945016168","-143.06509945016168","-122.07541917893559","-122.07541917893559","-122.07541917893559","-198.77189106775802","-198.77189106775802","-198.77189106775802","-122.30398403696681","-122.30398403696681","-122.30398403696681"
"29700","-142.86014482498487","-142.86014482498487","-142.86014482498487","-187.7080115787859","-187.7080115787859","-187.7080115787859","-226.790861281864","-226.790861281864","-226.790861281864","-211.38635887666888","-211.38635887666888","-211.38635887666888","-145.98765016041312","-145.98765016041312","-145.98765016041312","-141.45143032445642","-141.45143032445642","-141.45143032445642","-189.28515737720397","-189.28515737720397","-189.28515737720397","-100.4550662340609","-100.4550662340609","-100.4550662340609","-177.72251815789318","-177.72251815789318","-177.72251815789318","-136.7737282125786","-136.7737282125786","-136.7737282125786","-142.83195592675423","-142.83195592675423","-142.83195592675423","-170.8925640771594","-170.8925640771594","-170.8925640771594","-128.3643277327272","-128.3643277327272","-128.3643277327272","-212.68833073402553","-212.68833073402553","-212.68833073402553","-168.54663192028033","-168.54663192028033","-168.54663192028033","-122.11697030207094","-122.11697030207094","-122.11697030207094","-143.09745550703335","-143.09745550703335","-143.09745550703335","-122.1889979220899","-122.1889979220899","-122.1889979220899","-225.5901198010243","-225.5901198010243","-225.5901198010243","-122.34215704936435","-122.34215704936435","-122.34215704936435"
"30000","-142.67795122841926","-142.67795122841926","-142.67795122841926","-212.9827120211916","-212.9827120211916","-212.9827120211916","-226.88715732211978","-226.88715732211978","-226.88715732211978","-211.35163724433096","-211.35163724433096","-211.35163724433096","-144.1842986230299","-144.1842986230299","-144.1842986230299","-141.6985752381589","-141.6985752381589","-141.6985752381589","-189.74651803813944","-189.74651803813944","-189.74651803813944","-100.79692997329339","-100.79692997329339","-100.79692997329339","-177.1109388300609","-177.1109388300609","-177.1109388300609","-137.03595923951332","-137.03595923951332","-137.03595923951332","-142.91680192336486","-142.91680192336486","-142.91680192336486","-171.20365188433368","-171.20365188433368","-171.20365188433368","-128.0789331926014","-128.0789331926014","-128.0789331926014","-213.19469428185138","-213.19469428185138","-213.19469428185138","-168.5521267011017","-168.5521267011017","-168.5521267011017","-122.90590582208738","-122.90590582208738","-122.90590582208738","-143.59111268588018","-143.59111268588018","-143.59111268588018","-122.23341823679868","-122.23341823679868","-122.23341823679868","-199.59463107124012","-199.59463107124012","-199.59463107124012","-122.35980348799903","-122.35980348799903","-122.35980348799903"