"Step","DDPG_EQL_Pendulum-v1_19 - eval/avg_reward","DDPG_EQL_Pendulum-v1_19 - eval/avg_reward__MIN","DDPG_EQL_Pendulum-v1_19 - eval/avg_reward__MAX","DDPG_EQL_Pendulum-v1_18 - eval/avg_reward","DDPG_EQL_Pendulum-v1_18 - eval/avg_reward__MIN","DDPG_EQL_Pendulum-v1_18 - eval/avg_reward__MAX","DDPG_EQL_Pendulum-v1_17 - eval/avg_reward","DDPG_EQL_Pendulum-v1_17 - eval/avg_reward__MIN","DDPG_EQL_Pendulum-v1_17 - eval/avg_reward__MAX","DDPG_EQL_Pendulum-v1_16 - eval/avg_reward","DDPG_EQL_Pendulum-v1_16 - eval/avg_reward__MIN","DDPG_EQL_Pendulum-v1_16 - eval/avg_reward__MAX","DDPG_EQL_Pendulum-v1_15 - eval/avg_reward","DDPG_EQL_Pendulum-v1_15 - eval/avg_reward__MIN","DDPG_EQL_Pendulum-v1_15 - eval/avg_reward__MAX","DDPG_EQL_Pendulum-v1_14 - eval/avg_reward","DDPG_EQL_Pendulum-v1_14 - eval/avg_reward__MIN","DDPG_EQL_Pendulum-v1_14 - eval/avg_reward__MAX","DDPG_EQL_Pendulum-v1_13 - eval/avg_reward","DDPG_EQL_Pendulum-v1_13 - eval/avg_reward__MIN","DDPG_EQL_Pendulum-v1_13 - eval/avg_reward__MAX","DDPG_EQL_Pendulum-v1_12 - eval/avg_reward","DDPG_EQL_Pendulum-v1_12 - eval/avg_reward__MIN","DDPG_EQL_Pendulum-v1_12 - eval/avg_reward__MAX","DDPG_EQL_Pendulum-v1_11 - eval/avg_reward","DDPG_EQL_Pendulum-v1_11 - eval/avg_reward__MIN","DDPG_EQL_Pendulum-v1_11 - eval/avg_reward__MAX","DDPG_EQL_Pendulum-v1_10 - eval/avg_reward","DDPG_EQL_Pendulum-v1_10 - eval/avg_reward__MIN","DDPG_EQL_Pendulum-v1_10 - eval/avg_reward__MAX","DDPG_EQL_Pendulum-v1_9 - eval/avg_reward","DDPG_EQL_Pendulum-v1_9 - eval/avg_reward__MIN","DDPG_EQL_Pendulum-v1_9 - eval/avg_reward__MAX","DDPG_EQL_Pendulum-v1_8 - eval/avg_reward","DDPG_EQL_Pendulum-v1_8 - eval/avg_reward__MIN","DDPG_EQL_Pendulum-v1_8 - eval/avg_reward__MAX","DDPG_EQL_Pendulum-v1_7 - eval/avg_reward","DDPG_EQL_Pendulum-v1_7 - eval/avg_reward__MIN","DDPG_EQL_Pendulum-v1_7 - eval/avg_reward__MAX","DDPG_EQL_Pendulum-v1_6 - eval/avg_reward","DDPG_EQL_Pendulum-v1_6 - eval/avg_reward__MIN","DDPG_EQL_Pendulum-v1_6 - eval/avg_reward__MAX","DDPG_EQL_Pendulum-v1_5 - eval/avg_reward","DDPG_EQL_Pendulum-v1_5 - eval/avg_reward__MIN","DDPG_EQL_Pendulum-v1_5 - eval/avg_reward__MAX","DDPG_EQL_Pendulum-v1_4 - eval/avg_reward","DDPG_EQL_Pendulum-v1_4 - eval/avg_reward__MIN","DDPG_EQL_Pendulum-v1_4 - eval/avg_reward__MAX","DDPG_EQL_Pendulum-v1_3 - eval/avg_reward","DDPG_EQL_Pendulum-v1_3 - eval/avg_reward__MIN","DDPG_EQL_Pendulum-v1_3 - eval/avg_reward__MAX","DDPG_EQL_Pendulum-v1_2 - eval/avg_reward","DDPG_EQL_Pendulum-v1_2 - eval/avg_reward__MIN","DDPG_EQL_Pendulum-v1_2 - eval/avg_reward__MAX","DDPG_EQL_Pendulum-v1_1 - eval/avg_reward","DDPG_EQL_Pendulum-v1_1 - eval/avg_reward__MIN","DDPG_EQL_Pendulum-v1_1 - eval/avg_reward__MAX","DDPG_EQL_Pendulum-v1_0 - eval/avg_reward","DDPG_EQL_Pendulum-v1_0 - eval/avg_reward__MIN","DDPG_EQL_Pendulum-v1_0 - eval/avg_reward__MAX"
"0","-1401.6226261599954","-1401.6226261599954","-1401.6226261599954","-1435.930552650268","-1435.930552650268","-1435.930552650268","-1448.9737364488112","-1448.9737364488112","-1448.9737364488112","-1568.9914164926765","-1568.9914164926765","-1568.9914164926765","-1209.5689572761542","-1209.5689572761542","-1209.5689572761542","-1248.506786966152","-1248.506786966152","-1248.506786966152","-1551.8436031626215","-1551.8436031626215","-1551.8436031626215","-1076.9632882264573","-1076.9632882264573","-1076.9632882264573","-1275.2165836417412","-1275.2165836417412","-1275.2165836417412","-1452.7631073899386","-1452.7631073899386","-1452.7631073899386","-1231.4761808535611","-1231.4761808535611","-1231.4761808535611","-1227.1472525562713","-1227.1472525562713","-1227.1472525562713","-1287.533745727514","-1287.533745727514","-1287.533745727514","-1448.4177689706441","-1448.4177689706441","-1448.4177689706441","-1436.4946402293442","-1436.4946402293442","-1436.4946402293442","-1494.0380537227197","-1494.0380537227197","-1494.0380537227197","-1149.8804169778966","-1149.8804169778966","-1149.8804169778966","-1251.0188341915482","-1251.0188341915482","-1251.0188341915482","-1489.5534472957415","-1489.5534472957415","-1489.5534472957415","-1062.5954729358295","-1062.5954729358295","-1062.5954729358295"
"300","-1401.6226261599954","-1401.6226261599954","-1401.6226261599954","-1435.930552650268","-1435.930552650268","-1435.930552650268","-1448.9737364488112","-1448.9737364488112","-1448.9737364488112","-1568.9914164926765","-1568.9914164926765","-1568.9914164926765","-1209.5689572761542","-1209.5689572761542","-1209.5689572761542","-1248.506786966152","-1248.506786966152","-1248.506786966152","-1551.8436031626215","-1551.8436031626215","-1551.8436031626215","-1076.9632882264573","-1076.9632882264573","-1076.9632882264573","-1275.2165836417412","-1275.2165836417412","-1275.2165836417412","-1452.7631073899386","-1452.7631073899386","-1452.7631073899386","-1231.4761808535611","-1231.4761808535611","-1231.4761808535611","-1227.1472525562713","-1227.1472525562713","-1227.1472525562713","-1287.533745727514","-1287.533745727514","-1287.533745727514","-1448.4177689706441","-1448.4177689706441","-1448.4177689706441","-1436.4946402293442","-1436.4946402293442","-1436.4946402293442","-1494.0380537227197","-1494.0380537227197","-1494.0380537227197","-1149.8804169778966","-1149.8804169778966","-1149.8804169778966","-1251.0188341915482","-1251.0188341915482","-1251.0188341915482","-1489.5534472957415","-1489.5534472957415","-1489.5534472957415","-1062.5954729358295","-1062.5954729358295","-1062.5954729358295"
"600","-1401.6226261599954","-1401.6226261599954","-1401.6226261599954","-1435.930552650268","-1435.930552650268","-1435.930552650268","-1448.9737364488112","-1448.9737364488112","-1448.9737364488112","-1568.9914164926765","-1568.9914164926765","-1568.9914164926765","-1209.5689572761542","-1209.5689572761542","-1209.5689572761542","-1248.506786966152","-1248.506786966152","-1248.506786966152","-1551.8436031626215","-1551.8436031626215","-1551.8436031626215","-1076.9632882264573","-1076.9632882264573","-1076.9632882264573","-1275.2165836417412","-1275.2165836417412","-1275.2165836417412","-1452.7631073899386","-1452.7631073899386","-1452.7631073899386","-1231.4761808535611","-1231.4761808535611","-1231.4761808535611","-1227.1472525562713","-1227.1472525562713","-1227.1472525562713","-1287.533745727514","-1287.533745727514","-1287.533745727514","-1448.4177689706441","-1448.4177689706441","-1448.4177689706441","-1436.4946402293442","-1436.4946402293442","-1436.4946402293442","-1494.0380537227197","-1494.0380537227197","-1494.0380537227197","-1149.8804169778966","-1149.8804169778966","-1149.8804169778966","-1251.0188341915482","-1251.0188341915482","-1251.0188341915482","-1489.5534472957415","-1489.5534472957415","-1489.5534472957415","-1062.5954729358295","-1062.5954729358295","-1062.5954729358295"
"900","-1401.6226261599954","-1401.6226261599954","-1401.6226261599954","-1435.930552650268","-1435.930552650268","-1435.930552650268","-1448.9737364488112","-1448.9737364488112","-1448.9737364488112","-1568.9914164926765","-1568.9914164926765","-1568.9914164926765","-1209.5689572761542","-1209.5689572761542","-1209.5689572761542","-1248.506786966152","-1248.506786966152","-1248.506786966152","-1551.8436031626215","-1551.8436031626215","-1551.8436031626215","-1076.9632882264573","-1076.9632882264573","-1076.9632882264573","-1275.2165836417412","-1275.2165836417412","-1275.2165836417412","-1452.7631073899386","-1452.7631073899386","-1452.7631073899386","-1231.4761808535611","-1231.4761808535611","-1231.4761808535611","-1227.1472525562713","-1227.1472525562713","-1227.1472525562713","-1287.533745727514","-1287.533745727514","-1287.533745727514","-1448.4177689706441","-1448.4177689706441","-1448.4177689706441","-1436.4946402293442","-1436.4946402293442","-1436.4946402293442","-1494.0380537227197","-1494.0380537227197","-1494.0380537227197","-1149.8804169778966","-1149.8804169778966","-1149.8804169778966","-1251.0188341915482","-1251.0188341915482","-1251.0188341915482","-1489.5534472957415","-1489.5534472957415","-1489.5534472957415","-1062.5954729358295","-1062.5954729358295","-1062.5954729358295"
"1200","-1150.8513623072054","-1150.8513623072054","-1150.8513623072054","-1835.2674233008602","-1835.2674233008602","-1835.2674233008602","-1826.5724871132593","-1826.5724871132593","-1826.5724871132593","-1737.3733297693357","-1737.3733297693357","-1737.3733297693357","-1521.4318727994869","-1521.4318727994869","-1521.4318727994869","-1681.0477092516462","-1681.0477092516462","-1681.0477092516462","-1597.183565009854","-1597.183565009854","-1597.183565009854","-1597.9428375397852","-1597.9428375397852","-1597.9428375397852","-1596.1834787899343","-1596.1834787899343","-1596.1834787899343","-1685.2541005301773","-1685.2541005301773","-1685.2541005301773","-1771.710492733256","-1771.710492733256","-1771.710492733256","-1545.9889430083033","-1545.9889430083033","-1545.9889430083033","-1596.3054194141296","-1596.3054194141296","-1596.3054194141296","-1477.0317803537096","-1477.0317803537096","-1477.0317803537096","-1692.3366075946403","-1692.3366075946403","-1692.3366075946403","-1236.9517011956743","-1236.9517011956743","-1236.9517011956743","-1607.5953333320642","-1607.5953333320642","-1607.5953333320642","-1636.8427988599071","-1636.8427988599071","-1636.8427988599071","-1508.1730287581386","-1508.1730287581386","-1508.1730287581386","-1564.1704842767085","-1564.1704842767085","-1564.1704842767085"
"1500","-1421.4008322640534","-1421.4008322640534","-1421.4008322640534","-1749.7120148908984","-1749.7120148908984","-1749.7120148908984","-1560.7134601996402","-1560.7134601996402","-1560.7134601996402","-1578.3216673221682","-1578.3216673221682","-1578.3216673221682","-1527.0700279188134","-1527.0700279188134","-1527.0700279188134","-1790.0700523630233","-1790.0700523630233","-1790.0700523630233","-1495.2465551340008","-1495.2465551340008","-1495.2465551340008","-1481.25750326357","-1481.25750326357","-1481.25750326357","-1701.8108417633332","-1701.8108417633332","-1701.8108417633332","-1670.4629744081808","-1670.4629744081808","-1670.4629744081808","-1603.2753950397066","-1603.2753950397066","-1603.2753950397066","-1523.7420103425343","-1523.7420103425343","-1523.7420103425343","-1544.1741666582675","-1544.1741666582675","-1544.1741666582675","-1693.3662313494526","-1693.3662313494526","-1693.3662313494526","-1535.3314728638156","-1535.3314728638156","-1535.3314728638156","-1475.2043653658536","-1475.2043653658536","-1475.2043653658536","-1538.0712905720713","-1538.0712905720713","-1538.0712905720713","-1498.496354975139","-1498.496354975139","-1498.496354975139","-1523.4930733339932","-1523.4930733339932","-1523.4930733339932","-1657.3595678746449","-1657.3595678746449","-1657.3595678746449"
"1800","-1469.9199594583947","-1469.9199594583947","-1469.9199594583947","-1499.2768815194217","-1499.2768815194217","-1499.2768815194217","-1516.8329941320228","-1516.8329941320228","-1516.8329941320228","-1584.5706987884407","-1584.5706987884407","-1584.5706987884407","-1787.0769356957735","-1787.0769356957735","-1787.0769356957735","-1512.8482220882026","-1512.8482220882026","-1512.8482220882026","-1491.1907169231179","-1491.1907169231179","-1491.1907169231179","-1459.872389134874","-1459.872389134874","-1459.872389134874","-1478.5876682876744","-1478.5876682876744","-1478.5876682876744","-1650.0389605152996","-1650.0389605152996","-1650.0389605152996","-1510.5823974523173","-1510.5823974523173","-1510.5823974523173","-1477.636591825408","-1477.636591825408","-1477.636591825408","-1457.8931730146637","-1457.8931730146637","-1457.8931730146637","-1500.1231605985492","-1500.1231605985492","-1500.1231605985492","-1510.5645647119775","-1510.5645647119775","-1510.5645647119775","-1458.5893232067017","-1458.5893232067017","-1458.5893232067017","-1527.3875527519838","-1527.3875527519838","-1527.3875527519838","-1479.1771908817525","-1479.1771908817525","-1479.1771908817525","-1498.5976927410597","-1498.5976927410597","-1498.5976927410597","-1542.0210339695104","-1542.0210339695104","-1542.0210339695104"
"2100","-1458.7314220756846","-1458.7314220756846","-1458.7314220756846","-1481.9086314074277","-1481.9086314074277","-1481.9086314074277","-1505.2986389822215","-1505.2986389822215","-1505.2986389822215","-1447.93279686082","-1447.93279686082","-1447.93279686082","-1474.3843293382206","-1474.3843293382206","-1474.3843293382206","-1471.5725393358866","-1471.5725393358866","-1471.5725393358866","-1484.9335902579207","-1484.9335902579207","-1484.9335902579207","-1372.8255724742032","-1372.8255724742032","-1372.8255724742032","-1476.8718645194947","-1476.8718645194947","-1476.8718645194947","-1425.600190747748","-1425.600190747748","-1425.600190747748","-1472.6459120528853","-1472.6459120528853","-1472.6459120528853","-1403.684706664842","-1403.684706664842","-1403.684706664842","-1444.1721782349073","-1444.1721782349073","-1444.1721782349073","-1479.3317259819173","-1479.3317259819173","-1479.3317259819173","-1380.9030836953111","-1380.9030836953111","-1380.9030836953111","-1363.5578218236099","-1363.5578218236099","-1363.5578218236099","-1476.2964658990466","-1476.2964658990466","-1476.2964658990466","-1508.22135436237","-1508.22135436237","-1508.22135436237","-1501.4611903027107","-1501.4611903027107","-1501.4611903027107","-1522.3918437663992","-1522.3918437663992","-1522.3918437663992"
"2400","-1423.5054507455961","-1423.5054507455961","-1423.5054507455961","-1419.510253427497","-1419.510253427497","-1419.510253427497","-1511.894911839649","-1511.894911839649","-1511.894911839649","-1431.0105004733023","-1431.0105004733023","-1431.0105004733023","-1363.8461606196065","-1363.8461606196065","-1363.8461606196065","-1427.4768740532877","-1427.4768740532877","-1427.4768740532877","-1267.073429624305","-1267.073429624305","-1267.073429624305","-1195.7026447124692","-1195.7026447124692","-1195.7026447124692","-1437.0801344982629","-1437.0801344982629","-1437.0801344982629","-1219.4633249057993","-1219.4633249057993","-1219.4633249057993","-1363.852101191736","-1363.852101191736","-1363.852101191736","-1345.2902296793607","-1345.2902296793607","-1345.2902296793607","-1310.6290245413443","-1310.6290245413443","-1310.6290245413443","-1433.2053916553098","-1433.2053916553098","-1433.2053916553098","-1247.814494923176","-1247.814494923176","-1247.814494923176","-1329.301322680011","-1329.301322680011","-1329.301322680011","-1357.220149791169","-1357.220149791169","-1357.220149791169","-1378.699078498215","-1378.699078498215","-1378.699078498215","-1457.4208632588782","-1457.4208632588782","-1457.4208632588782","-1464.1287677551159","-1464.1287677551159","-1464.1287677551159"
"2700","-1338.995836046794","-1338.995836046794","-1338.995836046794","-1243.1050856180984","-1243.1050856180984","-1243.1050856180984","-1343.8505466693866","-1343.8505466693866","-1343.8505466693866","-1244.8746020820174","-1244.8746020820174","-1244.8746020820174","-1176.365428099093","-1176.365428099093","-1176.365428099093","-1284.666944377394","-1284.666944377394","-1284.666944377394","-1191.7704299717502","-1191.7704299717502","-1191.7704299717502","-722.2844480139613","-722.2844480139613","-722.2844480139613","-1185.5033430774279","-1185.5033430774279","-1185.5033430774279","-1162.116283463503","-1162.116283463503","-1162.116283463503","-1122.0888463902818","-1122.0888463902818","-1122.0888463902818","-1250.7826895515161","-1250.7826895515161","-1250.7826895515161","-1094.6488322611276","-1094.6488322611276","-1094.6488322611276","-1248.4123441446209","-1248.4123441446209","-1248.4123441446209","-1188.562682344835","-1188.562682344835","-1188.562682344835","-1115.6000926489035","-1115.6000926489035","-1115.6000926489035","-1211.4212675834883","-1211.4212675834883","-1211.4212675834883","-1287.4081951731127","-1287.4081951731127","-1287.4081951731127","-1226.40605128666","-1226.40605128666","-1226.40605128666","-1423.6789764971245","-1423.6789764971245","-1423.6789764971245"
"3000","-1233.4869021328068","-1233.4869021328068","-1233.4869021328068","-1169.1776912880116","-1169.1776912880116","-1169.1776912880116","-1278.5127257610604","-1278.5127257610604","-1278.5127257610604","-1106.8433517991575","-1106.8433517991575","-1106.8433517991575","-1093.6053608522648","-1093.6053608522648","-1093.6053608522648","-1071.779594296219","-1071.779594296219","-1071.779594296219","-1158.0707921724925","-1158.0707921724925","-1158.0707921724925","-542.6914655835474","-542.6914655835474","-542.6914655835474","-1059.4332977838194","-1059.4332977838194","-1059.4332977838194","-1120.881711871764","-1120.881711871764","-1120.881711871764","-985.6612703409503","-985.6612703409503","-985.6612703409503","-1054.6268252886362","-1054.6268252886362","-1054.6268252886362","-1028.8513535029492","-1028.8513535029492","-1028.8513535029492","-964.6287065273103","-964.6287065273103","-964.6287065273103","-1165.847321957719","-1165.847321957719","-1165.847321957719","-1161.2138868354193","-1161.2138868354193","-1161.2138868354193","-1089.3202717110921","-1089.3202717110921","-1089.3202717110921","-1079.6348692616289","-1079.6348692616289","-1079.6348692616289","-1248.4331016269366","-1248.4331016269366","-1248.4331016269366","-1016.4145149841806","-1016.4145149841806","-1016.4145149841806"
"3300","-970.2368220742528","-970.2368220742528","-970.2368220742528","-1003.89824762647","-1003.89824762647","-1003.89824762647","-1260.7427454168392","-1260.7427454168392","-1260.7427454168392","-787.6816124065297","-787.6816124065297","-787.6816124065297","-728.0079357155269","-728.0079357155269","-728.0079357155269","-993.0962056521921","-993.0962056521921","-993.0962056521921","-955.8931652893756","-955.8931652893756","-955.8931652893756","-538.5202399922016","-538.5202399922016","-538.5202399922016","-811.3785488061726","-811.3785488061726","-811.3785488061726","-843.7463692653062","-843.7463692653062","-843.7463692653062","-788.4814696331653","-788.4814696331653","-788.4814696331653","-871.7512438086908","-871.7512438086908","-871.7512438086908","-920.9974728496882","-920.9974728496882","-920.9974728496882","-779.0552528624866","-779.0552528624866","-779.0552528624866","-1056.8262176526036","-1056.8262176526036","-1056.8262176526036","-996.9971746143677","-996.9971746143677","-996.9971746143677","-1060.4857305050657","-1060.4857305050657","-1060.4857305050657","-974.2857910749157","-974.2857910749157","-974.2857910749157","-1133.871466729952","-1133.871466729952","-1133.871466729952","-914.0103413875062","-914.0103413875062","-914.0103413875062"
"3600","-554.2874780601281","-554.2874780601281","-554.2874780601281","-681.8497139043268","-681.8497139043268","-681.8497139043268","-1096.8982821712973","-1096.8982821712973","-1096.8982821712973","-701.1496593849823","-701.1496593849823","-701.1496593849823","-673.0197238224252","-673.0197238224252","-673.0197238224252","-1129.5397794376827","-1129.5397794376827","-1129.5397794376827","-938.6435468678137","-938.6435468678137","-938.6435468678137","-162.48262047388374","-162.48262047388374","-162.48262047388374","-366.4079713655071","-366.4079713655071","-366.4079713655071","-829.1109652007323","-829.1109652007323","-829.1109652007323","-870.1902342170315","-870.1902342170315","-870.1902342170315","-491.9783504370386","-491.9783504370386","-491.9783504370386","-886.0385344031149","-886.0385344031149","-886.0385344031149","-543.4727078357337","-543.4727078357337","-543.4727078357337","-717.3190786281151","-717.3190786281151","-717.3190786281151","-1497.1439602107243","-1497.1439602107243","-1497.1439602107243","-326.5840737644864","-326.5840737644864","-326.5840737644864","-927.5001912040892","-927.5001912040892","-927.5001912040892","-1492.0957648345352","-1492.0957648345352","-1492.0957648345352","-776.664812297496","-776.664812297496","-776.664812297496"
"3900","-205.77062640955","-205.77062640955","-205.77062640955","-717.1633351810111","-717.1633351810111","-717.1633351810111","-1038.5150132623655","-1038.5150132623655","-1038.5150132623655","-500.29310291253694","-500.29310291253694","-500.29310291253694","-662.1237867630718","-662.1237867630718","-662.1237867630718","-1375.6636207564534","-1375.6636207564534","-1375.6636207564534","-349.37912271716874","-349.37912271716874","-349.37912271716874","-111.02543968227151","-111.02543968227151","-111.02543968227151","-402.2185264567359","-402.2185264567359","-402.2185264567359","-464.3959141543943","-464.3959141543943","-464.3959141543943","-262.9443091961894","-262.9443091961894","-262.9443091961894","-266.40425593098144","-266.40425593098144","-266.40425593098144","-442.65142685478395","-442.65142685478395","-442.65142685478395","-281.057130223897","-281.057130223897","-281.057130223897","-494.3964576077284","-494.3964576077284","-494.3964576077284","-1208.8347584621931","-1208.8347584621931","-1208.8347584621931","-814.5970832618216","-814.5970832618216","-814.5970832618216","-608.571004875453","-608.571004875453","-608.571004875453","-1279.1995665711129","-1279.1995665711129","-1279.1995665711129","-209.76364432843084","-209.76364432843084","-209.76364432843084"
"4200","-175.8584166566319","-175.8584166566319","-175.8584166566319","-490.92459823820843","-490.92459823820843","-490.92459823820843","-703.021154642715","-703.021154642715","-703.021154642715","-441.0781868956536","-441.0781868956536","-441.0781868956536","-593.2925852674532","-593.2925852674532","-593.2925852674532","-377.170283944533","-377.170283944533","-377.170283944533","-234.5800062812109","-234.5800062812109","-234.5800062812109","-107.38248628591202","-107.38248628591202","-107.38248628591202","-210.4595938041254","-210.4595938041254","-210.4595938041254","-448.94883228645256","-448.94883228645256","-448.94883228645256","-155.59379180650035","-155.59379180650035","-155.59379180650035","-208.17181048236483","-208.17181048236483","-208.17181048236483","-181.71016269289416","-181.71016269289416","-181.71016269289416","-222.0523656911072","-222.0523656911072","-222.0523656911072","-321.0451177218275","-321.0451177218275","-321.0451177218275","-212.55089521208146","-212.55089521208146","-212.55089521208146","-158.59624959247304","-158.59624959247304","-158.59624959247304","-543.1134018851424","-543.1134018851424","-543.1134018851424","-1173.9447937373313","-1173.9447937373313","-1173.9447937373313","-180.21552650696214","-180.21552650696214","-180.21552650696214"
"4500","-148.76512369971633","-148.76512369971633","-148.76512369971633","-257.3107742653096","-257.3107742653096","-257.3107742653096","-388.100998984056","-388.100998984056","-388.100998984056","-431.5713839964454","-431.5713839964454","-431.5713839964454","-549.8166811395819","-549.8166811395819","-549.8166811395819","-549.2814653542016","-549.2814653542016","-549.2814653542016","-228.7632135789495","-228.7632135789495","-228.7632135789495","-105.7722722875804","-105.7722722875804","-105.7722722875804","-181.09987403576315","-181.09987403576315","-181.09987403576315","-400.89562887232574","-400.89562887232574","-400.89562887232574","-153.23759841806597","-153.23759841806597","-153.23759841806597","-204.43637914607402","-204.43637914607402","-204.43637914607402","-154.107437254688","-154.107437254688","-154.107437254688","-219.754300546383","-219.754300546383","-219.754300546383","-185.03977111241664","-185.03977111241664","-185.03977111241664","-155.22356191796524","-155.22356191796524","-155.22356191796524","-156.365216908982","-156.365216908982","-156.365216908982","-728.610730778307","-728.610730778307","-728.610730778307","-1131.9294394639387","-1131.9294394639387","-1131.9294394639387","-124.87171098949632","-124.87171098949632","-124.87171098949632"
"4800","-145.39608735383743","-145.39608735383743","-145.39608735383743","-227.06184545935258","-227.06184545935258","-227.06184545935258","-299.33589205228986","-299.33589205228986","-299.33589205228986","-415.04809719954545","-415.04809719954545","-415.04809719954545","-161.95290026955553","-161.95290026955553","-161.95290026955553","-282.5769969241338","-282.5769969241338","-282.5769969241338","-198.5339781306689","-198.5339781306689","-198.5339781306689","-102.58959487277298","-102.58959487277298","-102.58959487277298","-179.6739198174127","-179.6739198174127","-179.6739198174127","-156.67205273101553","-156.67205273101553","-156.67205273101553","-151.9067310415714","-151.9067310415714","-151.9067310415714","-175.64470167895465","-175.64470167895465","-175.64470167895465","-152.34592374602298","-152.34592374602298","-152.34592374602298","-215.93276338644245","-215.93276338644245","-215.93276338644245","-180.5967515568616","-180.5967515568616","-180.5967515568616","-126.02265446082363","-126.02265446082363","-126.02265446082363","-158.64726958639454","-158.64726958639454","-158.64726958639454","-838.5961326842811","-838.5961326842811","-838.5961326842811","-1084.2442320805872","-1084.2442320805872","-1084.2442320805872","-124.17642519493124","-124.17642519493124","-124.17642519493124"
"5100","-143.10613840052804","-143.10613840052804","-143.10613840052804","-227.79508019371283","-227.79508019371283","-227.79508019371283","-291.1530168435647","-291.1530168435647","-291.1530168435647","-643.5880579803309","-643.5880579803309","-643.5880579803309","-152.29737743094427","-152.29737743094427","-152.29737743094427","-142.72251314059594","-142.72251314059594","-142.72251314059594","-198.64933623350734","-198.64933623350734","-198.64933623350734","-101.41574305885437","-101.41574305885437","-101.41574305885437","-177.31999508453583","-177.31999508453583","-177.31999508453583","-147.93164919882608","-147.93164919882608","-147.93164919882608","-149.24132990118588","-149.24132990118588","-149.24132990118588","-175.48460226112786","-175.48460226112786","-175.48460226112786","-128.30227990304422","-128.30227990304422","-128.30227990304422","-212.009718003411","-212.009718003411","-212.009718003411","-176.7450879694407","-176.7450879694407","-176.7450879694407","-127.6070429403868","-127.6070429403868","-127.6070429403868","-152.45231647843835","-152.45231647843835","-152.45231647843835","-939.1214484161825","-939.1214484161825","-939.1214484161825","-894.5832643752331","-894.5832643752331","-894.5832643752331","-122.66763849113383","-122.66763849113383","-122.66763849113383"
"5400","-166.52456267718208","-166.52456267718208","-166.52456267718208","-224.44239095984148","-224.44239095984148","-224.44239095984148","-235.96601063500788","-235.96601063500788","-235.96601063500788","-830.8640621527904","-830.8640621527904","-830.8640621527904","-152.29845375399918","-152.29845375399918","-152.29845375399918","-140.8650184129838","-140.8650184129838","-140.8650184129838","-195.4782163999164","-195.4782163999164","-195.4782163999164","-101.15819785586794","-101.15819785586794","-101.15819785586794","-202.61195575525625","-202.61195575525625","-202.61195575525625","-147.29934647602732","-147.29934647602732","-147.29934647602732","-148.43643341871234","-148.43643341871234","-148.43643341871234","-174.70746055248117","-174.70746055248117","-174.70746055248117","-124.95256480879524","-124.95256480879524","-124.95256480879524","-205.69513693612822","-205.69513693612822","-205.69513693612822","-173.9821098947839","-173.9821098947839","-173.9821098947839","-124.93717240358714","-124.93717240358714","-124.93717240358714","-147.15553106819738","-147.15553106819738","-147.15553106819738","-409.5888801983525","-409.5888801983525","-409.5888801983525","-282.6461132419669","-282.6461132419669","-282.6461132419669","-122.6240708736569","-122.6240708736569","-122.6240708736569"
"5700","-165.66528006153717","-165.66528006153717","-165.66528006153717","-221.92187721574297","-221.92187721574297","-221.92187721574297","-222.5972880559908","-222.5972880559908","-222.5972880559908","-1079.5007166606597","-1079.5007166606597","-1079.5007166606597","-149.83617287810785","-149.83617287810785","-149.83617287810785","-140.9933252634974","-140.9933252634974","-140.9933252634974","-194.31605029350564","-194.31605029350564","-194.31605029350564","-98.97379188214721","-98.97379188214721","-98.97379188214721","-172.43572132342072","-172.43572132342072","-172.43572132342072","-481.045330211951","-481.045330211951","-481.045330211951","-148.34144153198184","-148.34144153198184","-148.34144153198184","-173.89550179277666","-173.89550179277666","-173.89550179277666","-125.6699744594819","-125.6699744594819","-125.6699744594819","-202.7628451001438","-202.7628451001438","-202.7628451001438","-172.97250707982326","-172.97250707982326","-172.97250707982326","-125.21427400863342","-125.21427400863342","-125.21427400863342","-145.2548455151116","-145.2548455151116","-145.2548455151116","-231.43968190052607","-231.43968190052607","-231.43968190052607","-177.96981536104153","-177.96981536104153","-177.96981536104153","-122.48918400427863","-122.48918400427863","-122.48918400427863"
"6000","-163.74663697913667","-163.74663697913667","-163.74663697913667","-215.01224250134132","-215.01224250134132","-215.01224250134132","-220.12894221253404","-220.12894221253404","-220.12894221253404","-214.8773712661582","-214.8773712661582","-214.8773712661582","-152.22325092007517","-152.22325092007517","-152.22325092007517","-166.60986452760386","-166.60986452760386","-166.60986452760386","-193.78778843943695","-193.78778843943695","-193.78778843943695","-98.9548349177137","-98.9548349177137","-98.9548349177137","-174.28309027251302","-174.28309027251302","-174.28309027251302","-396.1862051725339","-396.1862051725339","-396.1862051725339","-147.44738521128386","-147.44738521128386","-147.44738521128386","-172.55134682889314","-172.55134682889314","-172.55134682889314","-125.11761355168626","-125.11761355168626","-125.11761355168626","-391.0468401432902","-391.0468401432902","-391.0468401432902","-172.38311967687184","-172.38311967687184","-172.38311967687184","-124.995074056908","-124.995074056908","-124.995074056908","-149.36113875965856","-149.36113875965856","-149.36113875965856","-128.42605059370237","-128.42605059370237","-128.42605059370237","-278.11562059234785","-278.11562059234785","-278.11562059234785","-123.88155569073285","-123.88155569073285","-123.88155569073285"
"6300","-163.6405542924108","-163.6405542924108","-163.6405542924108","-213.76474635532813","-213.76474635532813","-213.76474635532813","-219.2680941150862","-219.2680941150862","-219.2680941150862","-210.47686294811223","-210.47686294811223","-210.47686294811223","-148.69966925765746","-148.69966925765746","-148.69966925765746","-140.64251698508411","-140.64251698508411","-140.64251698508411","-220.67177566712644","-220.67177566712644","-220.67177566712644","-98.0410702579136","-98.0410702579136","-98.0410702579136","-172.82954786899805","-172.82954786899805","-172.82954786899805","-424.48297985992065","-424.48297985992065","-424.48297985992065","-147.24438158425102","-147.24438158425102","-147.24438158425102","-172.46835759952222","-172.46835759952222","-172.46835759952222","-125.10054240011036","-125.10054240011036","-125.10054240011036","-200.4657604523761","-200.4657604523761","-200.4657604523761","-172.58633104536457","-172.58633104536457","-172.58633104536457","-122.90961399768321","-122.90961399768321","-122.90961399768321","-150.7020602466867","-150.7020602466867","-150.7020602466867","-149.84511572016407","-149.84511572016407","-149.84511572016407","-308.4523032605174","-308.4523032605174","-308.4523032605174","-123.33616940839977","-123.33616940839977","-123.33616940839977"
"6600","-164.51352748755448","-164.51352748755448","-164.51352748755448","-211.61276218002553","-211.61276218002553","-211.61276218002553","-243.7016220653817","-243.7016220653817","-243.7016220653817","-206.50189805552682","-206.50189805552682","-206.50189805552682","-149.0281398433244","-149.0281398433244","-149.0281398433244","-170.79075742435836","-170.79075742435836","-170.79075742435836","-632.3807408013811","-632.3807408013811","-632.3807408013811","-99.37310457135463","-99.37310457135463","-99.37310457135463","-172.26920533806077","-172.26920533806077","-172.26920533806077","-441.73660107137795","-441.73660107137795","-441.73660107137795","-146.87282964119967","-146.87282964119967","-146.87282964119967","-172.89820062039797","-172.89820062039797","-172.89820062039797","-125.25042175956276","-125.25042175956276","-125.25042175956276","-199.68744555988823","-199.68744555988823","-199.68744555988823","-171.2486253636846","-171.2486253636846","-171.2486253636846","-314.65153454467446","-314.65153454467446","-314.65153454467446","-402.4388019734784","-402.4388019734784","-402.4388019734784","-123.08111019704843","-123.08111019704843","-123.08111019704843","-228.55019654879226","-228.55019654879226","-228.55019654879226","-123.68710809571208","-123.68710809571208","-123.68710809571208"
"6900","-166.607946204905","-166.607946204905","-166.607946204905","-209.62245081678935","-209.62245081678935","-209.62245081678935","-599.6157539109852","-599.6157539109852","-599.6157539109852","-209.4849439288977","-209.4849439288977","-209.4849439288977","-149.12023364256467","-149.12023364256467","-149.12023364256467","-365.93736232394764","-365.93736232394764","-365.93736232394764","-565.6629904262987","-565.6629904262987","-565.6629904262987","-100.05080160954284","-100.05080160954284","-100.05080160954284","-172.64930914843748","-172.64930914843748","-172.64930914843748","-134.21284493218414","-134.21284493218414","-134.21284493218414","-146.96900463969763","-146.96900463969763","-146.96900463969763","-175.31404998743096","-175.31404998743096","-175.31404998743096","-124.20436266158613","-124.20436266158613","-124.20436266158613","-200.75564148013615","-200.75564148013615","-200.75564148013615","-172.0551589714526","-172.0551589714526","-172.0551589714526","-123.550759421257","-123.550759421257","-123.550759421257","-437.3447687521457","-437.3447687521457","-437.3447687521457","-123.93849814708669","-123.93849814708669","-123.93849814708669","-204.3455019949176","-204.3455019949176","-204.3455019949176","-122.74258344266153","-122.74258344266153","-122.74258344266153"
"7200","-140.29812753712935","-140.29812753712935","-140.29812753712935","-209.93890221731453","-209.93890221731453","-209.93890221731453","-245.71274039218915","-245.71274039218915","-245.71274039218915","-209.19794661606429","-209.19794661606429","-209.19794661606429","-149.29453252609125","-149.29453252609125","-149.29453252609125","-170.08511609229114","-170.08511609229114","-170.08511609229114","-191.26297100710067","-191.26297100710067","-191.26297100710067","-125.63184914333885","-125.63184914333885","-125.63184914333885","-171.55128561379877","-171.55128561379877","-171.55128561379877","-132.5500490304837","-132.5500490304837","-132.5500490304837","-146.86969510790524","-146.86969510790524","-146.86969510790524","-179.89973410433174","-179.89973410433174","-179.89973410433174","-125.84213693109726","-125.84213693109726","-125.84213693109726","-201.65015070513437","-201.65015070513437","-201.65015070513437","-171.08321290391305","-171.08321290391305","-171.08321290391305","-123.08571879290753","-123.08571879290753","-123.08571879290753","-399.85202845525254","-399.85202845525254","-399.85202845525254","-122.89773337820141","-122.89773337820141","-122.89773337820141","-203.67924674019193","-203.67924674019193","-203.67924674019193","-124.87744122581914","-124.87744122581914","-124.87744122581914"
"7500","-142.1644402098094","-142.1644402098094","-142.1644402098094","-209.51756029817093","-209.51756029817093","-209.51756029817093","-246.50959949661745","-246.50959949661745","-246.50959949661745","-211.7446463152193","-211.7446463152193","-211.7446463152193","-148.97822415736505","-148.97822415736505","-148.97822415736505","-169.26610793384552","-169.26610793384552","-169.26610793384552","-190.0860160769367","-190.0860160769367","-190.0860160769367","-100.62592556824666","-100.62592556824666","-100.62592556824666","-171.59072660531302","-171.59072660531302","-171.59072660531302","-158.18869614493292","-158.18869614493292","-158.18869614493292","-146.83357406548564","-146.83357406548564","-146.83357406548564","-174.3636764323601","-174.3636764323601","-174.3636764323601","-126.34269327319339","-126.34269327319339","-126.34269327319339","-202.9432352413471","-202.9432352413471","-202.9432352413471","-172.21288998065558","-172.21288998065558","-172.21288998065558","-123.01197115578536","-123.01197115578536","-123.01197115578536","-411.89657388635777","-411.89657388635777","-411.89657388635777","-122.87499408708281","-122.87499408708281","-122.87499408708281","-177.00429918460222","-177.00429918460222","-177.00429918460222","-124.5935484797349","-124.5935484797349","-124.5935484797349"
"7800","-143.85348353024366","-143.85348353024366","-143.85348353024366","-211.09509205713866","-211.09509205713866","-211.09509205713866","-384.14247115696884","-384.14247115696884","-384.14247115696884","-212.08752322656747","-212.08752322656747","-212.08752322656747","-149.02034506013695","-149.02034506013695","-149.02034506013695","-143.96195263316807","-143.96195263316807","-143.96195263316807","-189.9105206769247","-189.9105206769247","-189.9105206769247","-100.12744345440963","-100.12744345440963","-100.12744345440963","-170.5635765472824","-170.5635765472824","-170.5635765472824","-129.82883774316008","-129.82883774316008","-129.82883774316008","-146.72997348209182","-146.72997348209182","-146.72997348209182","-173.47443061003867","-173.47443061003867","-173.47443061003867","-126.8072379056864","-126.8072379056864","-126.8072379056864","-201.52684657511972","-201.52684657511972","-201.52684657511972","-338.0793774133339","-338.0793774133339","-338.0793774133339","-123.16444282784005","-123.16444282784005","-123.16444282784005","-371.10983277225506","-371.10983277225506","-371.10983277225506","-122.6853329044933","-122.6853329044933","-122.6853329044933","-178.00082897596891","-178.00082897596891","-178.00082897596891","-124.03917936238672","-124.03917936238672","-124.03917936238672"
"8100","-142.81057455943287","-142.81057455943287","-142.81057455943287","-214.37425627108445","-214.37425627108445","-214.37425627108445","-540.2419620715978","-540.2419620715978","-540.2419620715978","-216.20079424419777","-216.20079424419777","-216.20079424419777","-149.62537637480546","-149.62537637480546","-149.62537637480546","-144.73676781626324","-144.73676781626324","-144.73676781626324","-190.34183942913842","-190.34183942913842","-190.34183942913842","-101.08025915319661","-101.08025915319661","-101.08025915319661","-170.9024084881465","-170.9024084881465","-170.9024084881465","-129.62200742367833","-129.62200742367833","-129.62200742367833","-147.613910847855","-147.613910847855","-147.613910847855","-173.56880180549706","-173.56880180549706","-173.56880180549706","-125.95966197622963","-125.95966197622963","-125.95966197622963","-202.71736650373435","-202.71736650373435","-202.71736650373435","-173.71363781952456","-173.71363781952456","-173.71363781952456","-122.91309990877785","-122.91309990877785","-122.91309990877785","-424.88407621452416","-424.88407621452416","-424.88407621452416","-122.20370533210533","-122.20370533210533","-122.20370533210533","-177.04506596420882","-177.04506596420882","-177.04506596420882","-126.06361028241402","-126.06361028241402","-126.06361028241402"
"8400","-143.52703517847314","-143.52703517847314","-143.52703517847314","-212.9848812673788","-212.9848812673788","-212.9848812673788","-217.79966709147152","-217.79966709147152","-217.79966709147152","-215.59744536664647","-215.59744536664647","-215.59744536664647","-149.42152417954486","-149.42152417954486","-149.42152417954486","-143.28890699513306","-143.28890699513306","-143.28890699513306","-189.88179364975002","-189.88179364975002","-189.88179364975002","-101.15014670328384","-101.15014670328384","-101.15014670328384","-170.78681104476686","-170.78681104476686","-170.78681104476686","-130.3036706606793","-130.3036706606793","-130.3036706606793","-148.62139576453018","-148.62139576453018","-148.62139576453018","-173.53593304768418","-173.53593304768418","-173.53593304768418","-123.46207267680465","-123.46207267680465","-123.46207267680465","-203.0079338943929","-203.0079338943929","-203.0079338943929","-174.38114592280772","-174.38114592280772","-174.38114592280772","-122.58633603031801","-122.58633603031801","-122.58633603031801","-151.83124131885447","-151.83124131885447","-151.83124131885447","-122.50027347591143","-122.50027347591143","-122.50027347591143","-175.69719713636988","-175.69719713636988","-175.69719713636988","-124.04790530413206","-124.04790530413206","-124.04790530413206"
"8700","-142.77666505092293","-142.77666505092293","-142.77666505092293","-190.70431592202232","-190.70431592202232","-190.70431592202232","-220.25049910919034","-220.25049910919034","-220.25049910919034","-217.92697029471069","-217.92697029471069","-217.92697029471069","-151.21415600697165","-151.21415600697165","-151.21415600697165","-143.66452799779492","-143.66452799779492","-143.66452799779492","-191.00924925982522","-191.00924925982522","-191.00924925982522","-100.63488388906794","-100.63488388906794","-100.63488388906794","-171.9637598369655","-171.9637598369655","-171.9637598369655","-128.86308590506414","-128.86308590506414","-128.86308590506414","-147.9847806325451","-147.9847806325451","-147.9847806325451","-173.46978309045372","-173.46978309045372","-173.46978309045372","-122.49333860720135","-122.49333860720135","-122.49333860720135","-203.2031505602086","-203.2031505602086","-203.2031505602086","-172.3928844570244","-172.3928844570244","-172.3928844570244","-122.70098707307243","-122.70098707307243","-122.70098707307243","-151.66283154965623","-151.66283154965623","-151.66283154965623","-121.81926498625103","-121.81926498625103","-121.81926498625103","-200.71439426278675","-200.71439426278675","-200.71439426278675","-123.730195736598","-123.730195736598","-123.730195736598"
"9000","-142.6188170559352","-142.6188170559352","-142.6188170559352","-215.35701074697582","-215.35701074697582","-215.35701074697582","-218.53080380557373","-218.53080380557373","-218.53080380557373","-214.83790873930266","-214.83790873930266","-214.83790873930266","-148.64754627104338","-148.64754627104338","-148.64754627104338","-169.64878379096217","-169.64878379096217","-169.64878379096217","-190.21270482258456","-190.21270482258456","-190.21270482258456","-100.51949282027496","-100.51949282027496","-100.51949282027496","-171.87042927732708","-171.87042927732708","-171.87042927732708","-127.46059695856388","-127.46059695856388","-127.46059695856388","-146.75463964692315","-146.75463964692315","-146.75463964692315","-173.04116587929445","-173.04116587929445","-173.04116587929445","-123.50716136372591","-123.50716136372591","-123.50716136372591","-203.49349662882886","-203.49349662882886","-203.49349662882886","-171.30476479924874","-171.30476479924874","-171.30476479924874","-122.33104565811888","-122.33104565811888","-122.33104565811888","-149.27898000699238","-149.27898000699238","-149.27898000699238","-121.91996526527615","-121.91996526527615","-121.91996526527615","-176.2650268752634","-176.2650268752634","-176.2650268752634","-122.81398312335448","-122.81398312335448","-122.81398312335448"
"9300","-141.15856064035353","-141.15856064035353","-141.15856064035353","-216.43733916381683","-216.43733916381683","-216.43733916381683","-218.88754174771876","-218.88754174771876","-218.88754174771876","-216.70885496327205","-216.70885496327205","-216.70885496327205","-148.6078381372933","-148.6078381372933","-148.6078381372933","-219.82789059854696","-219.82789059854696","-219.82789059854696","-190.94079023345896","-190.94079023345896","-190.94079023345896","-99.7001177725734","-99.7001177725734","-99.7001177725734","-171.6267955773404","-171.6267955773404","-171.6267955773404","-126.50193995969319","-126.50193995969319","-126.50193995969319","-146.78997080104136","-146.78997080104136","-146.78997080104136","-173.47175993714666","-173.47175993714666","-173.47175993714666","-124.57889213767737","-124.57889213767737","-124.57889213767737","-205.0950462151483","-205.0950462151483","-205.0950462151483","-169.0194529191944","-169.0194529191944","-169.0194529191944","-122.52767768164468","-122.52767768164468","-122.52767768164468","-148.08783670705913","-148.08783670705913","-148.08783670705913","-122.12238209983018","-122.12238209983018","-122.12238209983018","-174.0832179909713","-174.0832179909713","-174.0832179909713","-123.7075106092503","-123.7075106092503","-123.7075106092503"
"9600","-167.532022519696","-167.532022519696","-167.532022519696","-192.40623054079887","-192.40623054079887","-192.40623054079887","-219.59173400236386","-219.59173400236386","-219.59173400236386","-215.05327178938552","-215.05327178938552","-215.05327178938552","-147.22339276088792","-147.22339276088792","-147.22339276088792","-269.1970794018238","-269.1970794018238","-269.1970794018238","-192.31454373541743","-192.31454373541743","-192.31454373541743","-99.86503366578413","-99.86503366578413","-99.86503366578413","-171.4310287163312","-171.4310287163312","-171.4310287163312","-130.14970862601038","-130.14970862601038","-130.14970862601038","-147.4170294513414","-147.4170294513414","-147.4170294513414","-171.81958922280748","-171.81958922280748","-171.81958922280748","-122.52309494855265","-122.52309494855265","-122.52309494855265","-204.7549143761214","-204.7549143761214","-204.7549143761214","-169.11903589546694","-169.11903589546694","-169.11903589546694","-122.64477845750585","-122.64477845750585","-122.64477845750585","-146.6532411774727","-146.6532411774727","-146.6532411774727","-121.67128874070613","-121.67128874070613","-121.67128874070613","-174.09728870962013","-174.09728870962013","-174.09728870962013","-123.40296764974191","-123.40296764974191","-123.40296764974191"
"9900","-140.7085089917777","-140.7085089917777","-140.7085089917777","-218.20229612003754","-218.20229612003754","-218.20229612003754","-222.1098574990518","-222.1098574990518","-222.1098574990518","-212.7991780160374","-212.7991780160374","-212.7991780160374","-249.93051062490008","-249.93051062490008","-249.93051062490008","-415.84390613713595","-415.84390613713595","-415.84390613713595","-191.54775404803644","-191.54775404803644","-191.54775404803644","-98.82511170806565","-98.82511170806565","-98.82511170806565","-171.10126527872143","-171.10126527872143","-171.10126527872143","-131.24190100643014","-131.24190100643014","-131.24190100643014","-146.4672839962206","-146.4672839962206","-146.4672839962206","-171.8576475144135","-171.8576475144135","-171.8576475144135","-122.70476889795563","-122.70476889795563","-122.70476889795563","-204.38892062084037","-204.38892062084037","-204.38892062084037","-168.4125327465512","-168.4125327465512","-168.4125327465512","-121.749670907357","-121.749670907357","-121.749670907357","-145.00327762615746","-145.00327762615746","-145.00327762615746","-121.56591586710685","-121.56591586710685","-121.56591586710685","-173.59567402331027","-173.59567402331027","-173.59567402331027","-123.10271684426675","-123.10271684426675","-123.10271684426675"
"10200","-141.242881328558","-141.242881328558","-141.242881328558","-191.4219245795555","-191.4219245795555","-191.4219245795555","-238.76756977896403","-238.76756977896403","-238.76756977896403","-212.58774511962844","-212.58774511962844","-212.58774511962844","-145.97986940543208","-145.97986940543208","-145.97986940543208","-521.7799622752437","-521.7799622752437","-521.7799622752437","-192.12087964604513","-192.12087964604513","-192.12087964604513","-98.9905484569741","-98.9905484569741","-98.9905484569741","-171.32993572986248","-171.32993572986248","-171.32993572986248","-132.7729817437112","-132.7729817437112","-132.7729817437112","-147.33966900259605","-147.33966900259605","-147.33966900259605","-171.86613103858278","-171.86613103858278","-171.86613103858278","-121.9293330614582","-121.9293330614582","-121.9293330614582","-204.8934299554648","-204.8934299554648","-204.8934299554648","-168.70536680898908","-168.70536680898908","-168.70536680898908","-121.76132596008271","-121.76132596008271","-121.76132596008271","-151.09594983767528","-151.09594983767528","-151.09594983767528","-120.7472906527212","-120.7472906527212","-120.7472906527212","-199.34259591106226","-199.34259591106226","-199.34259591106226","-121.5398592314054","-121.5398592314054","-121.5398592314054"
"10500","-140.17477380838378","-140.17477380838378","-140.17477380838378","-191.25959396511493","-191.25959396511493","-191.25959396511493","-238.8378357344437","-238.8378357344437","-238.8378357344437","-211.73244712406995","-211.73244712406995","-211.73244712406995","-146.8854004301473","-146.8854004301473","-146.8854004301473","-556.8741685207287","-556.8741685207287","-556.8741685207287","-191.6387410157103","-191.6387410157103","-191.6387410157103","-98.27327601573214","-98.27327601573214","-98.27327601573214","-169.98002929634194","-169.98002929634194","-169.98002929634194","-133.1207796034855","-133.1207796034855","-133.1207796034855","-146.32140035686206","-146.32140035686206","-146.32140035686206","-171.39403991535897","-171.39403991535897","-171.39403991535897","-122.1438407395541","-122.1438407395541","-122.1438407395541","-204.55222958551764","-204.55222958551764","-204.55222958551764","-169.3680908538995","-169.3680908538995","-169.3680908538995","-122.1353951184421","-122.1353951184421","-122.1353951184421","-149.25016264520514","-149.25016264520514","-149.25016264520514","-120.1372152555188","-120.1372152555188","-120.1372152555188","-173.89046731414288","-173.89046731414288","-173.89046731414288","-120.52410305851427","-120.52410305851427","-120.52410305851427"
"10800","-141.8159582460687","-141.8159582460687","-141.8159582460687","-217.9549661420107","-217.9549661420107","-217.9549661420107","-239.95918794953724","-239.95918794953724","-239.95918794953724","-210.39643340650946","-210.39643340650946","-210.39643340650946","-146.62333698529423","-146.62333698529423","-146.62333698529423","-523.5569034746425","-523.5569034746425","-523.5569034746425","-192.42239116256482","-192.42239116256482","-192.42239116256482","-97.81171032775947","-97.81171032775947","-97.81171032775947","-170.5387730909888","-170.5387730909888","-170.5387730909888","-133.3766268504318","-133.3766268504318","-133.3766268504318","-146.02663652162767","-146.02663652162767","-146.02663652162767","-171.3786433987936","-171.3786433987936","-171.3786433987936","-121.97363390503324","-121.97363390503324","-121.97363390503324","-204.20301330142846","-204.20301330142846","-204.20301330142846","-168.78550605998663","-168.78550605998663","-168.78550605998663","-121.11419463721654","-121.11419463721654","-121.11419463721654","-148.4894487496039","-148.4894487496039","-148.4894487496039","-120.8438178863302","-120.8438178863302","-120.8438178863302","-200.97563668678657","-200.97563668678657","-200.97563668678657","-120.79451642413785","-120.79451642413785","-120.79451642413785"
"11100","-140.20744841756763","-140.20744841756763","-140.20744841756763","-192.64728719081137","-192.64728719081137","-192.64728719081137","-241.7503804363445","-241.7503804363445","-241.7503804363445","-211.3255313426113","-211.3255313426113","-211.3255313426113","-310.91401689715957","-310.91401689715957","-310.91401689715957","-582.1251788774401","-582.1251788774401","-582.1251788774401","-194.3024791028309","-194.3024791028309","-194.3024791028309","-98.47516184394313","-98.47516184394313","-98.47516184394313","-171.565779603378","-171.565779603378","-171.565779603378","-133.7981337541821","-133.7981337541821","-133.7981337541821","-146.10371419452886","-146.10371419452886","-146.10371419452886","-173.73673629003636","-173.73673629003636","-173.73673629003636","-120.69025137573706","-120.69025137573706","-120.69025137573706","-204.4212919831195","-204.4212919831195","-204.4212919831195","-168.92431767670732","-168.92431767670732","-168.92431767670732","-121.52093888303023","-121.52093888303023","-121.52093888303023","-204.9226529518732","-204.9226529518732","-204.9226529518732","-120.32168693820363","-120.32168693820363","-120.32168693820363","-199.03777169941705","-199.03777169941705","-199.03777169941705","-119.77447423284916","-119.77447423284916","-119.77447423284916"
"11400","-141.60481588537056","-141.60481588537056","-141.60481588537056","-191.6310505345023","-191.6310505345023","-191.6310505345023","-242.7505738699675","-242.7505738699675","-242.7505738699675","-210.9366410373631","-210.9366410373631","-210.9366410373631","-170.34294431231822","-170.34294431231822","-170.34294431231822","-589.6012593030005","-589.6012593030005","-589.6012593030005","-195.3058487939464","-195.3058487939464","-195.3058487939464","-98.20200899355906","-98.20200899355906","-98.20200899355906","-171.38497400922978","-171.38497400922978","-171.38497400922978","-133.76223198460232","-133.76223198460232","-133.76223198460232","-145.77778841399896","-145.77778841399896","-145.77778841399896","-171.841243967127","-171.841243967127","-171.841243967127","-120.91460106426021","-120.91460106426021","-120.91460106426021","-207.71174272648722","-207.71174272648722","-207.71174272648722","-169.02852016629674","-169.02852016629674","-169.02852016629674","-121.36719548314295","-121.36719548314295","-121.36719548314295","-298.39165248424763","-298.39165248424763","-298.39165248424763","-120.33569634197802","-120.33569634197802","-120.33569634197802","-226.05735831523316","-226.05735831523316","-226.05735831523316","-120.61932559618963","-120.61932559618963","-120.61932559618963"
"11700","-140.38423227654408","-140.38423227654408","-140.38423227654408","-190.96471457240074","-190.96471457240074","-190.96471457240074","-242.0287934017887","-242.0287934017887","-242.0287934017887","-212.90394126088898","-212.90394126088898","-212.90394126088898","-170.74343776985415","-170.74343776985415","-170.74343776985415","-677.636443387128","-677.636443387128","-677.636443387128","-194.40994460119688","-194.40994460119688","-194.40994460119688","-98.06008485972133","-98.06008485972133","-98.06008485972133","-171.81826787617473","-171.81826787617473","-171.81826787617473","-134.2623336876132","-134.2623336876132","-134.2623336876132","-224.3945322573489","-224.3945322573489","-224.3945322573489","-179.42579427558712","-179.42579427558712","-179.42579427558712","-126.56070348309966","-126.56070348309966","-126.56070348309966","-231.6620686892079","-231.6620686892079","-231.6620686892079","-169.0100502932741","-169.0100502932741","-169.0100502932741","-121.81470990129597","-121.81470990129597","-121.81470990129597","-169.09120052828945","-169.09120052828945","-169.09120052828945","-120.61336384252847","-120.61336384252847","-120.61336384252847","-224.55792305686845","-224.55792305686845","-224.55792305686845","-120.97861354818458","-120.97861354818458","-120.97861354818458"
"12000","-140.59741588361393","-140.59741588361393","-140.59741588361393","-216.17932526018086","-216.17932526018086","-216.17932526018086","-241.4844743325877","-241.4844743325877","-241.4844743325877","-212.3167514701921","-212.3167514701921","-212.3167514701921","-145.0457313032461","-145.0457313032461","-145.0457313032461","-675.7930676164679","-675.7930676164679","-675.7930676164679","-195.1673561066212","-195.1673561066212","-195.1673561066212","-97.89043515087134","-97.89043515087134","-97.89043515087134","-172.78130181412536","-172.78130181412536","-172.78130181412536","-134.37905928396117","-134.37905928396117","-134.37905928396117","-145.61619063613892","-145.61619063613892","-145.61619063613892","-241.21209559602184","-241.21209559602184","-241.21209559602184","-121.29124633439191","-121.29124633439191","-121.29124633439191","-207.76987662823635","-207.76987662823635","-207.76987662823635","-168.59223546602865","-168.59223546602865","-168.59223546602865","-121.33053741167842","-121.33053741167842","-121.33053741167842","-144.13008467948106","-144.13008467948106","-144.13008467948106","-120.16173417205016","-120.16173417205016","-120.16173417205016","-172.8105158530112","-172.8105158530112","-172.8105158530112","-223.38536805570251","-223.38536805570251","-223.38536805570251"
"12300","-140.5399908814489","-140.5399908814489","-140.5399908814489","-216.59366439505453","-216.59366439505453","-216.59366439505453","-268.5590822082455","-268.5590822082455","-268.5590822082455","-212.90223641406402","-212.90223641406402","-212.90223641406402","-143.7047592517897","-143.7047592517897","-143.7047592517897","-425.65679498143663","-425.65679498143663","-425.65679498143663","-194.60154803796587","-194.60154803796587","-194.60154803796587","-98.72356858072497","-98.72356858072497","-98.72356858072497","-172.07598637048378","-172.07598637048378","-172.07598637048378","-135.84331609955365","-135.84331609955365","-135.84331609955365","-145.30751507006374","-145.30751507006374","-145.30751507006374","-298.37803953032665","-298.37803953032665","-298.37803953032665","-121.52169201665656","-121.52169201665656","-121.52169201665656","-287.74361990302896","-287.74361990302896","-287.74361990302896","-221.9253186077578","-221.9253186077578","-221.9253186077578","-121.69600431961149","-121.69600431961149","-121.69600431961149","-196.1544758729255","-196.1544758729255","-196.1544758729255","-120.32626261483253","-120.32626261483253","-120.32626261483253","-173.11551728596723","-173.11551728596723","-173.11551728596723","-121.74720870444203","-121.74720870444203","-121.74720870444203"
"12600","-139.83949540828914","-139.83949540828914","-139.83949540828914","-293.20767572604143","-293.20767572604143","-293.20767572604143","-244.75098393710286","-244.75098393710286","-244.75098393710286","-238.64025006641182","-238.64025006641182","-238.64025006641182","-250.35393708350907","-250.35393708350907","-250.35393708350907","-714.544742327097","-714.544742327097","-714.544742327097","-195.1331953354407","-195.1331953354407","-195.1331953354407","-97.23525118362151","-97.23525118362151","-97.23525118362151","-171.58030144105237","-171.58030144105237","-171.58030144105237","-135.42840800520074","-135.42840800520074","-135.42840800520074","-144.96212790094927","-144.96212790094927","-144.96212790094927","-271.3173589833882","-271.3173589833882","-271.3173589833882","-121.56853280028095","-121.56853280028095","-121.56853280028095","-261.58126416549095","-261.58126416549095","-261.58126416549095","-169.35068435651092","-169.35068435651092","-169.35068435651092","-121.44666464819072","-121.44666464819072","-121.44666464819072","-272.25112149198196","-272.25112149198196","-272.25112149198196","-120.73255063172967","-120.73255063172967","-120.73255063172967","-226.0004853252493","-226.0004853252493","-226.0004853252493","-198.28286096598737","-198.28286096598737","-198.28286096598737"
"12900","-140.64277354413434","-140.64277354413434","-140.64277354413434","-366.0528527840793","-366.0528527840793","-366.0528527840793","-241.56400883248043","-241.56400883248043","-241.56400883248043","-213.6506876853028","-213.6506876853028","-213.6506876853028","-144.1367592404145","-144.1367592404145","-144.1367592404145","-567.1364192352946","-567.1364192352946","-567.1364192352946","-194.17329784801652","-194.17329784801652","-194.17329784801652","-98.46561981913237","-98.46561981913237","-98.46561981913237","-172.5160099395012","-172.5160099395012","-172.5160099395012","-136.9781174248936","-136.9781174248936","-136.9781174248936","-145.60363321827126","-145.60363321827126","-145.60363321827126","-177.4564350809767","-177.4564350809767","-177.4564350809767","-121.09777314058911","-121.09777314058911","-121.09777314058911","-263.2281335268061","-263.2281335268061","-263.2281335268061","-168.2240206565137","-168.2240206565137","-168.2240206565137","-121.5001913370551","-121.5001913370551","-121.5001913370551","-222.37836428139022","-222.37836428139022","-222.37836428139022","-121.21202907741409","-121.21202907741409","-121.21202907741409","-252.20786300331437","-252.20786300331437","-252.20786300331437","-173.42421507243142","-173.42421507243142","-173.42421507243142"
"13200","-139.5046370232576","-139.5046370232576","-139.5046370232576","-219.25239507554647","-219.25239507554647","-219.25239507554647","-226.3292025702699","-226.3292025702699","-226.3292025702699","-239.68042607306023","-239.68042607306023","-239.68042607306023","-143.5657070316518","-143.5657070316518","-143.5657070316518","-680.3341132594753","-680.3341132594753","-680.3341132594753","-192.937400800799","-192.937400800799","-192.937400800799","-97.42495394843925","-97.42495394843925","-97.42495394843925","-196.38848750799076","-196.38848750799076","-196.38848750799076","-138.14784927132683","-138.14784927132683","-138.14784927132683","-145.70862853293232","-145.70862853293232","-145.70862853293232","-179.57826444865827","-179.57826444865827","-179.57826444865827","-121.95240197943072","-121.95240197943072","-121.95240197943072","-311.21600384665766","-311.21600384665766","-311.21600384665766","-196.63116617639056","-196.63116617639056","-196.63116617639056","-120.85005518474784","-120.85005518474784","-120.85005518474784","-143.28780558751671","-143.28780558751671","-143.28780558751671","-119.96940170018891","-119.96940170018891","-119.96940170018891","-225.7417171523046","-225.7417171523046","-225.7417171523046","-226.37942344768982","-226.37942344768982","-226.37942344768982"
"13500","-140.25794059710864","-140.25794059710864","-140.25794059710864","-346.4168025325469","-346.4168025325469","-346.4168025325469","-226.56089064546805","-226.56089064546805","-226.56089064546805","-263.46286260758274","-263.46286260758274","-263.46286260758274","-169.31948675405206","-169.31948675405206","-169.31948675405206","-609.8444151189158","-609.8444151189158","-609.8444151189158","-193.32131474093768","-193.32131474093768","-193.32131474093768","-96.77451764421487","-96.77451764421487","-96.77451764421487","-171.31829441519727","-171.31829441519727","-171.31829441519727","-137.21780444152603","-137.21780444152603","-137.21780444152603","-146.16041955520853","-146.16041955520853","-146.16041955520853","-180.70494037490056","-180.70494037490056","-180.70494037490056","-120.95279386710486","-120.95279386710486","-120.95279386710486","-287.0229030336456","-287.0229030336456","-287.0229030336456","-169.19544679494123","-169.19544679494123","-169.19544679494123","-121.36417825284506","-121.36417825284506","-121.36417825284506","-168.20685418159843","-168.20685418159843","-168.20685418159843","-123.06439742426596","-123.06439742426596","-123.06439742426596","-173.6559909845389","-173.6559909845389","-173.6559909845389","-122.373028564791","-122.373028564791","-122.373028564791"
"13800","-139.83835258375655","-139.83835258375655","-139.83835258375655","-342.0710091782631","-342.0710091782631","-342.0710091782631","-224.99984204143897","-224.99984204143897","-224.99984204143897","-211.83921960165648","-211.83921960165648","-211.83921960165648","-144.2943562300014","-144.2943562300014","-144.2943562300014","-525.0952129982026","-525.0952129982026","-525.0952129982026","-195.314687566474","-195.314687566474","-195.314687566474","-98.07276829516317","-98.07276829516317","-98.07276829516317","-298.4204807545712","-298.4204807545712","-298.4204807545712","-137.61406298610194","-137.61406298610194","-137.61406298610194","-146.55967545319797","-146.55967545319797","-146.55967545319797","-179.93386417907354","-179.93386417907354","-179.93386417907354","-120.7237686734882","-120.7237686734882","-120.7237686734882","-285.6984363105128","-285.6984363105128","-285.6984363105128","-169.3135928324851","-169.3135928324851","-169.3135928324851","-121.4130768685967","-121.4130768685967","-121.4130768685967","-145.51478131578347","-145.51478131578347","-145.51478131578347","-122.97533358810725","-122.97533358810725","-122.97533358810725","-226.79794959078444","-226.79794959078444","-226.79794959078444","-121.11732791554866","-121.11732791554866","-121.11732791554866"
"14100","-140.6443474539429","-140.6443474539429","-140.6443474539429","-217.42798740974644","-217.42798740974644","-217.42798740974644","-224.5127003056436","-224.5127003056436","-224.5127003056436","-212.6514942872165","-212.6514942872165","-212.6514942872165","-145.61090677583329","-145.61090677583329","-145.61090677583329","-141.87189295451878","-141.87189295451878","-141.87189295451878","-273.030902236159","-273.030902236159","-273.030902236159","-97.55857411857326","-97.55857411857326","-97.55857411857326","-172.95133900810487","-172.95133900810487","-172.95133900810487","-136.4940497622291","-136.4940497622291","-136.4940497622291","-147.4587961904524","-147.4587961904524","-147.4587961904524","-177.56648425545728","-177.56648425545728","-177.56648425545728","-120.90121490644408","-120.90121490644408","-120.90121490644408","-335.09945884013894","-335.09945884013894","-335.09945884013894","-168.93512319627877","-168.93512319627877","-168.93512319627877","-120.87153573901324","-120.87153573901324","-120.87153573901324","-169.07834423480037","-169.07834423480037","-169.07834423480037","-144.07502226609384","-144.07502226609384","-144.07502226609384","-197.29224635166514","-197.29224635166514","-197.29224635166514","-147.14874570606213","-147.14874570606213","-147.14874570606213"
"14400","-139.95322462236712","-139.95322462236712","-139.95322462236712","-367.31811665959316","-367.31811665959316","-367.31811665959316","-222.1462109860347","-222.1462109860347","-222.1462109860347","-212.50779902554586","-212.50779902554586","-212.50779902554586","-148.4898231188889","-148.4898231188889","-148.4898231188889","-141.51764428825243","-141.51764428825243","-141.51764428825243","-197.7191312204625","-197.7191312204625","-197.7191312204625","-97.38598051421249","-97.38598051421249","-97.38598051421249","-226.6960955771452","-226.6960955771452","-226.6960955771452","-136.38577370578014","-136.38577370578014","-136.38577370578014","-146.13206410636408","-146.13206410636408","-146.13206410636408","-177.908107583235","-177.908107583235","-177.908107583235","-120.9936862696137","-120.9936862696137","-120.9936862696137","-409.0844774788884","-409.0844774788884","-409.0844774788884","-168.9292540233923","-168.9292540233923","-168.9292540233923","-121.62751107663883","-121.62751107663883","-121.62751107663883","-195.64652271816655","-195.64652271816655","-195.64652271816655","-165.475884492342","-165.475884492342","-165.475884492342","-221.2615857037925","-221.2615857037925","-221.2615857037925","-120.7482162182184","-120.7482162182184","-120.7482162182184"
"14700","-140.8539112300915","-140.8539112300915","-140.8539112300915","-317.13535346359805","-317.13535346359805","-317.13535346359805","-223.3422726198659","-223.3422726198659","-223.3422726198659","-213.8247790894825","-213.8247790894825","-213.8247790894825","-147.99285608446323","-147.99285608446323","-147.99285608446323","-166.45448732882852","-166.45448732882852","-166.45448732882852","-198.5773487827039","-198.5773487827039","-198.5773487827039","-96.94644134933228","-96.94644134933228","-96.94644134933228","-277.93077281932545","-277.93077281932545","-277.93077281932545","-135.4253893244965","-135.4253893244965","-135.4253893244965","-146.62974219549804","-146.62974219549804","-146.62974219549804","-177.01788949077047","-177.01788949077047","-177.01788949077047","-120.96446198134262","-120.96446198134262","-120.96446198134262","-233.84943079249447","-233.84943079249447","-233.84943079249447","-169.20928260572185","-169.20928260572185","-169.20928260572185","-120.54753291370825","-120.54753291370825","-120.54753291370825","-172.32782597756545","-172.32782597756545","-172.32782597756545","-149.2758589572395","-149.2758589572395","-149.2758589572395","-171.15609720304124","-171.15609720304124","-171.15609720304124","-120.93809997856447","-120.93809997856447","-120.93809997856447"
"15000","-140.06506243133248","-140.06506243133248","-140.06506243133248","-292.3632201220345","-292.3632201220345","-292.3632201220345","-224.70334262617476","-224.70334262617476","-224.70334262617476","-211.6312429328015","-211.6312429328015","-211.6312429328015","-146.75483561320746","-146.75483561320746","-146.75483561320746","-166.6496493841772","-166.6496493841772","-166.6496493841772","-199.17177873964914","-199.17177873964914","-199.17177873964914","-97.11467126118495","-97.11467126118495","-97.11467126118495","-177.5755509506559","-177.5755509506559","-177.5755509506559","-134.52463612038585","-134.52463612038585","-134.52463612038585","-149.02839601985497","-149.02839601985497","-149.02839601985497","-175.23056853037417","-175.23056853037417","-175.23056853037417","-120.60454801966202","-120.60454801966202","-120.60454801966202","-584.9843516313255","-584.9843516313255","-584.9843516313255","-195.70463813748242","-195.70463813748242","-195.70463813748242","-120.98061835446019","-120.98061835446019","-120.98061835446019","-140.56701907482105","-140.56701907482105","-140.56701907482105","-300.7930077845044","-300.7930077845044","-300.7930077845044","-196.95234017825214","-196.95234017825214","-196.95234017825214","-121.27137528034964","-121.27137528034964","-121.27137528034964"
"15300","-140.46809767164004","-140.46809767164004","-140.46809767164004","-440.23697116387683","-440.23697116387683","-440.23697116387683","-224.21710479932966","-224.21710479932966","-224.21710479932966","-212.3212980242725","-212.3212980242725","-212.3212980242725","-143.94333018438982","-143.94333018438982","-143.94333018438982","-192.7049213201269","-192.7049213201269","-192.7049213201269","-198.6729226131934","-198.6729226131934","-198.6729226131934","-96.87232998858383","-96.87232998858383","-96.87232998858383","-176.09447386801224","-176.09447386801224","-176.09447386801224","-134.65946228441973","-134.65946228441973","-134.65946228441973","-148.69556216064677","-148.69556216064677","-148.69556216064677","-175.9143872240948","-175.9143872240948","-175.9143872240948","-120.5892172892878","-120.5892172892878","-120.5892172892878","-206.17661707588542","-206.17661707588542","-206.17661707588542","-169.5397811536508","-169.5397811536508","-169.5397811536508","-121.0630952022929","-121.0630952022929","-121.0630952022929","-142.45035900521296","-142.45035900521296","-142.45035900521296","-291.13068312819087","-291.13068312819087","-291.13068312819087","-170.7390683504313","-170.7390683504313","-170.7390683504313","-121.28302852477331","-121.28302852477331","-121.28302852477331"
"15600","-143.67649049668267","-143.67649049668267","-143.67649049668267","-444.35274089437473","-444.35274089437473","-444.35274089437473","-224.6932004801789","-224.6932004801789","-224.6932004801789","-215.15481425013007","-215.15481425013007","-215.15481425013007","-143.1313747657429","-143.1313747657429","-143.1313747657429","-166.1143525790452","-166.1143525790452","-166.1143525790452","-200.23563878025712","-200.23563878025712","-200.23563878025712","-97.27316478508446","-97.27316478508446","-97.27316478508446","-173.48288700647393","-173.48288700647393","-173.48288700647393","-134.5921569338191","-134.5921569338191","-134.5921569338191","-147.46804833366014","-147.46804833366014","-147.46804833366014","-177.3432078619565","-177.3432078619565","-177.3432078619565","-120.59372452469272","-120.59372452469272","-120.59372452469272","-206.67043827636016","-206.67043827636016","-206.67043827636016","-169.90675924439572","-169.90675924439572","-169.90675924439572","-120.65367567701583","-120.65367567701583","-120.65367567701583","-142.2589460777228","-142.2589460777228","-142.2589460777228","-349.7531555743623","-349.7531555743623","-349.7531555743623","-171.46991283124848","-171.46991283124848","-171.46991283124848","-147.0214739803602","-147.0214739803602","-147.0214739803602"
"15900","-141.26818382188492","-141.26818382188492","-141.26818382188492","-265.5754372711481","-265.5754372711481","-265.5754372711481","-224.29422062986546","-224.29422062986546","-224.29422062986546","-216.58071185333566","-216.58071185333566","-216.58071185333566","-143.839372709182","-143.839372709182","-143.839372709182","-141.47019726394257","-141.47019726394257","-141.47019726394257","-199.1062705391752","-199.1062705391752","-199.1062705391752","-96.9779485300588","-96.9779485300588","-96.9779485300588","-175.52613273978463","-175.52613273978463","-175.52613273978463","-135.37018591355175","-135.37018591355175","-135.37018591355175","-146.74231442174747","-146.74231442174747","-146.74231442174747","-177.35336210353663","-177.35336210353663","-177.35336210353663","-120.79436801722773","-120.79436801722773","-120.79436801722773","-206.86099213830698","-206.86099213830698","-206.86099213830698","-170.4124121971948","-170.4124121971948","-170.4124121971948","-121.21518671770255","-121.21518671770255","-121.21518671770255","-142.16938844810267","-142.16938844810267","-142.16938844810267","-451.7536670592375","-451.7536670592375","-451.7536670592375","-171.53272218666137","-171.53272218666137","-171.53272218666137","-121.17140467261477","-121.17140467261477","-121.17140467261477"
"16200","-141.5945380861071","-141.5945380861071","-141.5945380861071","-594.1956718664405","-594.1956718664405","-594.1956718664405","-223.35817866817183","-223.35817866817183","-223.35817866817183","-216.1302948383459","-216.1302948383459","-216.1302948383459","-144.15908809175448","-144.15908809175448","-144.15908809175448","-141.3703951316003","-141.3703951316003","-141.3703951316003","-198.74180775707177","-198.74180775707177","-198.74180775707177","-97.60334059861226","-97.60334059861226","-97.60334059861226","-174.2906455031764","-174.2906455031764","-174.2906455031764","-134.46509918100338","-134.46509918100338","-134.46509918100338","-145.0682154489011","-145.0682154489011","-145.0682154489011","-176.76809466903754","-176.76809466903754","-176.76809466903754","-120.71048674225612","-120.71048674225612","-120.71048674225612","-207.2003429692755","-207.2003429692755","-207.2003429692755","-171.33837748627178","-171.33837748627178","-171.33837748627178","-121.16145250089639","-121.16145250089639","-121.16145250089639","-141.95288120376918","-141.95288120376918","-141.95288120376918","-377.5384165105509","-377.5384165105509","-377.5384165105509","-197.5948421547003","-197.5948421547003","-197.5948421547003","-121.53981932151878","-121.53981932151878","-121.53981932151878"
"16500","-141.0747389544855","-141.0747389544855","-141.0747389544855","-491.3904450582887","-491.3904450582887","-491.3904450582887","-225.2760253065569","-225.2760253065569","-225.2760253065569","-213.4754911480201","-213.4754911480201","-213.4754911480201","-145.02038920788002","-145.02038920788002","-145.02038920788002","-141.28605392691503","-141.28605392691503","-141.28605392691503","-321.79061811728513","-321.79061811728513","-321.79061811728513","-97.12900952155888","-97.12900952155888","-97.12900952155888","-173.5508420705863","-173.5508420705863","-173.5508420705863","-133.93472558954178","-133.93472558954178","-133.93472558954178","-145.83588237226655","-145.83588237226655","-145.83588237226655","-177.77785419585535","-177.77785419585535","-177.77785419585535","-120.91252192891406","-120.91252192891406","-120.91252192891406","-260.9296259967937","-260.9296259967937","-260.9296259967937","-172.3196578558968","-172.3196578558968","-172.3196578558968","-120.89885069487141","-120.89885069487141","-120.89885069487141","-167.49970581243457","-167.49970581243457","-167.49970581243457","-374.3056571010772","-374.3056571010772","-374.3056571010772","-172.53435118059784","-172.53435118059784","-172.53435118059784","-121.76446729387312","-121.76446729387312","-121.76446729387312"
"16800","-141.6874382397274","-141.6874382397274","-141.6874382397274","-515.9179362499577","-515.9179362499577","-515.9179362499577","-224.30850116884145","-224.30850116884145","-224.30850116884145","-213.74860908924924","-213.74860908924924","-213.74860908924924","-144.033080667888","-144.033080667888","-144.033080667888","-141.5453100306283","-141.5453100306283","-141.5453100306283","-444.1376519952222","-444.1376519952222","-444.1376519952222","-97.20292508347336","-97.20292508347336","-97.20292508347336","-171.66984706466658","-171.66984706466658","-171.66984706466658","-134.63876683713846","-134.63876683713846","-134.63876683713846","-147.81853354800268","-147.81853354800268","-147.81853354800268","-177.32395845973275","-177.32395845973275","-177.32395845973275","-121.67443322769131","-121.67443322769131","-121.67443322769131","-210.7958066814129","-210.7958066814129","-210.7958066814129","-170.44036575148772","-170.44036575148772","-170.44036575148772","-121.11246961152003","-121.11246961152003","-121.11246961152003","-168.44147262239272","-168.44147262239272","-168.44147262239272","-344.92450983646296","-344.92450983646296","-344.92450983646296","-173.13960849052688","-173.13960849052688","-173.13960849052688","-121.61079413015791","-121.61079413015791","-121.61079413015791"
"17100","-142.08592924453257","-142.08592924453257","-142.08592924453257","-492.2418317542623","-492.2418317542623","-492.2418317542623","-226.07796716100307","-226.07796716100307","-226.07796716100307","-213.25463056367926","-213.25463056367926","-213.25463056367926","-144.9850153428827","-144.9850153428827","-144.9850153428827","-141.62208398061225","-141.62208398061225","-141.62208398061225","-224.49203760106087","-224.49203760106087","-224.49203760106087","-97.10211274740287","-97.10211274740287","-97.10211274740287","-170.86451680339854","-170.86451680339854","-170.86451680339854","-133.86205177886774","-133.86205177886774","-133.86205177886774","-147.54660055802844","-147.54660055802844","-147.54660055802844","-202.77325466832394","-202.77325466832394","-202.77325466832394","-122.62055149829662","-122.62055149829662","-122.62055149829662","-209.67219695938024","-209.67219695938024","-209.67219695938024","-169.73792843977995","-169.73792843977995","-169.73792843977995","-122.00518600632824","-122.00518600632824","-122.00518600632824","-140.85764819539955","-140.85764819539955","-140.85764819539955","-252.22487740238034","-252.22487740238034","-252.22487740238034","-171.28020423022537","-171.28020423022537","-171.28020423022537","-121.670966026851","-121.670966026851","-121.670966026851"
"17400","-142.2015966491275","-142.2015966491275","-142.2015966491275","-491.63334961927796","-491.63334961927796","-491.63334961927796","-225.37761154770698","-225.37761154770698","-225.37761154770698","-242.14925458126527","-242.14925458126527","-242.14925458126527","-144.93988299198733","-144.93988299198733","-144.93988299198733","-140.63670298248056","-140.63670298248056","-140.63670298248056","-197.0961153671836","-197.0961153671836","-197.0961153671836","-97.2612062714628","-97.2612062714628","-97.2612062714628","-170.06632385576543","-170.06632385576543","-170.06632385576543","-133.44886337328177","-133.44886337328177","-133.44886337328177","-149.35741707642978","-149.35741707642978","-149.35741707642978","-179.21409941930523","-179.21409941930523","-179.21409941930523","-123.09665823740553","-123.09665823740553","-123.09665823740553","-259.81932706558104","-259.81932706558104","-259.81932706558104","-169.41034576881185","-169.41034576881185","-169.41034576881185","-121.90208603375281","-121.90208603375281","-121.90208603375281","-142.51943746791275","-142.51943746791275","-142.51943746791275","-252.01343711118147","-252.01343711118147","-252.01343711118147","-171.36276063210545","-171.36276063210545","-171.36276063210545","-121.5957778500962","-121.5957778500962","-121.5957778500962"
"17700","-142.07365715854797","-142.07365715854797","-142.07365715854797","-441.0309466979535","-441.0309466979535","-441.0309466979535","-224.01406308350724","-224.01406308350724","-224.01406308350724","-215.00600781659227","-215.00600781659227","-215.00600781659227","-143.56463975467065","-143.56463975467065","-143.56463975467065","-141.0740823874901","-141.0740823874901","-141.0740823874901","-196.37603689543158","-196.37603689543158","-196.37603689543158","-97.13707226451979","-97.13707226451979","-97.13707226451979","-169.5386827071089","-169.5386827071089","-169.5386827071089","-133.74827385080556","-133.74827385080556","-133.74827385080556","-148.30120236786718","-148.30120236786718","-148.30120236786718","-177.9665592776715","-177.9665592776715","-177.9665592776715","-121.96020033764071","-121.96020033764071","-121.96020033764071","-284.9923065089939","-284.9923065089939","-284.9923065089939","-169.75210366792072","-169.75210366792072","-169.75210366792072","-121.91117662029333","-121.91117662029333","-121.91117662029333","-142.01244426586942","-142.01244426586942","-142.01244426586942","-276.85554683616385","-276.85554683616385","-276.85554683616385","-171.5282810879173","-171.5282810879173","-171.5282810879173","-122.12155900391977","-122.12155900391977","-122.12155900391977"
"18000","-142.17498687606056","-142.17498687606056","-142.17498687606056","-472.58245170205737","-472.58245170205737","-472.58245170205737","-224.8822180033901","-224.8822180033901","-224.8822180033901","-214.5251284947381","-214.5251284947381","-214.5251284947381","-144.64018167945315","-144.64018167945315","-144.64018167945315","-141.77609843776787","-141.77609843776787","-141.77609843776787","-321.98291270462744","-321.98291270462744","-321.98291270462744","-97.09044588659914","-97.09044588659914","-97.09044588659914","-170.79670474211076","-170.79670474211076","-170.79670474211076","-132.99915168457034","-132.99915168457034","-132.99915168457034","-147.17304019767306","-147.17304019767306","-147.17304019767306","-174.07033061542162","-174.07033061542162","-174.07033061542162","-122.21340089008552","-122.21340089008552","-122.21340089008552","-210.96391687088789","-210.96391687088789","-210.96391687088789","-169.37061166244362","-169.37061166244362","-169.37061166244362","-122.21777490253794","-122.21777490253794","-122.21777490253794","-141.64093444121502","-141.64093444121502","-141.64093444121502","-375.26388401582307","-375.26388401582307","-375.26388401582307","-171.06707435418008","-171.06707435418008","-171.06707435418008","-123.76045525553772","-123.76045525553772","-123.76045525553772"
"18300","-141.5694334093425","-141.5694334093425","-141.5694334093425","-237.4876923048917","-237.4876923048917","-237.4876923048917","-223.92382264083813","-223.92382264083813","-223.92382264083813","-240.2588598070087","-240.2588598070087","-240.2588598070087","-150.16935066227384","-150.16935066227384","-150.16935066227384","-141.47840145066183","-141.47840145066183","-141.47840145066183","-302.824870855435","-302.824870855435","-302.824870855435","-97.06707769870532","-97.06707769870532","-97.06707769870532","-173.0025367785734","-173.0025367785734","-173.0025367785734","-134.4225499927278","-134.4225499927278","-134.4225499927278","-147.3110619075234","-147.3110619075234","-147.3110619075234","-175.3092705310251","-175.3092705310251","-175.3092705310251","-122.58139232462266","-122.58139232462266","-122.58139232462266","-210.16831824369228","-210.16831824369228","-210.16831824369228","-168.65314091933448","-168.65314091933448","-168.65314091933448","-122.46968665482487","-122.46968665482487","-122.46968665482487","-141.84455508144268","-141.84455508144268","-141.84455508144268","-252.2355549414122","-252.2355549414122","-252.2355549414122","-171.77289030105237","-171.77289030105237","-171.77289030105237","-124.0034771982913","-124.0034771982913","-124.0034771982913"
"18600","-140.48507338563294","-140.48507338563294","-140.48507338563294","-212.22143656838756","-212.22143656838756","-212.22143656838756","-224.01355338325925","-224.01355338325925","-224.01355338325925","-213.8827931735049","-213.8827931735049","-213.8827931735049","-149.6696292450175","-149.6696292450175","-149.6696292450175","-140.60954894861314","-140.60954894861314","-140.60954894861314","-248.9850593681358","-248.9850593681358","-248.9850593681358","-99.16372242284027","-99.16372242284027","-99.16372242284027","-234.31092019894533","-234.31092019894533","-234.31092019894533","-133.55321651183522","-133.55321651183522","-133.55321651183522","-147.26359552435233","-147.26359552435233","-147.26359552435233","-200.8554505423868","-200.8554505423868","-200.8554505423868","-122.47221515042786","-122.47221515042786","-122.47221515042786","-209.76757371771396","-209.76757371771396","-209.76757371771396","-168.97809341579017","-168.97809341579017","-168.97809341579017","-121.68203193335023","-121.68203193335023","-121.68203193335023","-141.39687313766822","-141.39687313766822","-141.39687313766822","-251.77655720803517","-251.77655720803517","-251.77655720803517","-171.1264773360433","-171.1264773360433","-171.1264773360433","-124.28830278922456","-124.28830278922456","-124.28830278922456"
"18900","-139.59895754663677","-139.59895754663677","-139.59895754663677","-213.61580513818953","-213.61580513818953","-213.61580513818953","-224.20086904265878","-224.20086904265878","-224.20086904265878","-213.2759166570805","-213.2759166570805","-213.2759166570805","-150.843945633451","-150.843945633451","-150.843945633451","-140.37514877836097","-140.37514877836097","-140.37514877836097","-197.61023527732533","-197.61023527732533","-197.61023527732533","-98.06980781137193","-98.06980781137193","-98.06980781137193","-174.98680599632453","-174.98680599632453","-174.98680599632453","-133.53721865857048","-133.53721865857048","-133.53721865857048","-147.43536718336247","-147.43536718336247","-147.43536718336247","-177.85590145626003","-177.85590145626003","-177.85590145626003","-122.6144721533885","-122.6144721533885","-122.6144721533885","-210.80692470108306","-210.80692470108306","-210.80692470108306","-168.42295644756751","-168.42295644756751","-168.42295644756751","-121.89436391817034","-121.89436391817034","-121.89436391817034","-141.45189656088556","-141.45189656088556","-141.45189656088556","-252.28909753201953","-252.28909753201953","-252.28909753201953","-170.7779375605205","-170.7779375605205","-170.7779375605205","-123.82765220862666","-123.82765220862666","-123.82765220862666"
"19200","-140.47184977220817","-140.47184977220817","-140.47184977220817","-213.4744164995083","-213.4744164995083","-213.4744164995083","-224.18214188005464","-224.18214188005464","-224.18214188005464","-213.80522559795833","-213.80522559795833","-213.80522559795833","-148.73018397366707","-148.73018397366707","-148.73018397366707","-141.16363703054537","-141.16363703054537","-141.16363703054537","-347.25511727902744","-347.25511727902744","-347.25511727902744","-98.6993729291094","-98.6993729291094","-98.6993729291094","-176.08745120206078","-176.08745120206078","-176.08745120206078","-133.78047832501983","-133.78047832501983","-133.78047832501983","-146.84156879445658","-146.84156879445658","-146.84156879445658","-178.08049845425953","-178.08049845425953","-178.08049845425953","-122.94845835180358","-122.94845835180358","-122.94845835180358","-211.12210975992457","-211.12210975992457","-211.12210975992457","-168.34573689355022","-168.34573689355022","-168.34573689355022","-121.97570031623505","-121.97570031623505","-121.97570031623505","-192.99208019797112","-192.99208019797112","-192.99208019797112","-277.4627708513075","-277.4627708513075","-277.4627708513075","-171.15436443327957","-171.15436443327957","-171.15436443327957","-124.0328068702865","-124.0328068702865","-124.0328068702865"
"19500","-140.7066010287941","-140.7066010287941","-140.7066010287941","-213.3304330484305","-213.3304330484305","-213.3304330484305","-223.4121565597965","-223.4121565597965","-223.4121565597965","-214.59757828364872","-214.59757828364872","-214.59757828364872","-148.262093996151","-148.262093996151","-148.262093996151","-141.70153713827978","-141.70153713827978","-141.70153713827978","-225.43019096255313","-225.43019096255313","-225.43019096255313","-100.34944791155456","-100.34944791155456","-100.34944791155456","-176.09258343658183","-176.09258343658183","-176.09258343658183","-133.1349767446648","-133.1349767446648","-133.1349767446648","-147.43212027491418","-147.43212027491418","-147.43212027491418","-203.83419734065885","-203.83419734065885","-203.83419734065885","-123.26176451533865","-123.26176451533865","-123.26176451533865","-210.34796956367336","-210.34796956367336","-210.34796956367336","-169.44125053703866","-169.44125053703866","-169.44125053703866","-122.69742119347359","-122.69742119347359","-122.69742119347359","-142.42140672333545","-142.42140672333545","-142.42140672333545","-251.81303647541554","-251.81303647541554","-251.81303647541554","-170.91484024405034","-170.91484024405034","-170.91484024405034","-123.59009084886804","-123.59009084886804","-123.59009084886804"
"19800","-140.38779430612942","-140.38779430612942","-140.38779430612942","-214.12391820985476","-214.12391820985476","-214.12391820985476","-223.0901444568264","-223.0901444568264","-223.0901444568264","-214.304037328034","-214.304037328034","-214.304037328034","-150.1594020807579","-150.1594020807579","-150.1594020807579","-141.68453815181894","-141.68453815181894","-141.68453815181894","-222.77162519858197","-222.77162519858197","-222.77162519858197","-99.2086668200828","-99.2086668200828","-99.2086668200828","-176.60058669134162","-176.60058669134162","-176.60058669134162","-133.87838880413892","-133.87838880413892","-133.87838880413892","-147.3090768881629","-147.3090768881629","-147.3090768881629","-178.63791022276183","-178.63791022276183","-178.63791022276183","-123.8483323090007","-123.8483323090007","-123.8483323090007","-212.45245067503052","-212.45245067503052","-212.45245067503052","-169.44444278009195","-169.44444278009195","-169.44444278009195","-121.39324291914379","-121.39324291914379","-121.39324291914379","-141.76052510422014","-141.76052510422014","-141.76052510422014","-300.8056324434686","-300.8056324434686","-300.8056324434686","-170.5314562566078","-170.5314562566078","-170.5314562566078","-123.54138190056074","-123.54138190056074","-123.54138190056074"
"20100","-139.58417805971888","-139.58417805971888","-139.58417805971888","-216.80898466615795","-216.80898466615795","-216.80898466615795","-223.13879753383753","-223.13879753383753","-223.13879753383753","-213.73690243258108","-213.73690243258108","-213.73690243258108","-150.01039987073585","-150.01039987073585","-150.01039987073585","-141.66756544869278","-141.66756544869278","-141.66756544869278","-295.4338344436029","-295.4338344436029","-295.4338344436029","-99.28758941377495","-99.28758941377495","-99.28758941377495","-177.31124900686012","-177.31124900686012","-177.31124900686012","-134.15253652978225","-134.15253652978225","-134.15253652978225","-147.10476229284035","-147.10476229284035","-147.10476229284035","-228.49302707843694","-228.49302707843694","-228.49302707843694","-123.24716021903082","-123.24716021903082","-123.24716021903082","-236.68495980349","-236.68495980349","-236.68495980349","-169.87909265640738","-169.87909265640738","-169.87909265640738","-121.62176887133027","-121.62176887133027","-121.62176887133027","-142.2286175975998","-142.2286175975998","-142.2286175975998","-253.64260205413862","-253.64260205413862","-253.64260205413862","-171.50582417440478","-171.50582417440478","-171.50582417440478","-123.42523922665566","-123.42523922665566","-123.42523922665566"
"20400","-140.32976911158462","-140.32976911158462","-140.32976911158462","-216.70267367228553","-216.70267367228553","-216.70267367228553","-222.9506945100763","-222.9506945100763","-222.9506945100763","-214.60284532742472","-214.60284532742472","-214.60284532742472","-148.25833853064984","-148.25833853064984","-148.25833853064984","-141.72259822976477","-141.72259822976477","-141.72259822976477","-298.5742678101582","-298.5742678101582","-298.5742678101582","-102.47174943637067","-102.47174943637067","-102.47174943637067","-176.40921165611573","-176.40921165611573","-176.40921165611573","-134.10834326191488","-134.10834326191488","-134.10834326191488","-146.91365776048832","-146.91365776048832","-146.91365776048832","-176.70283086794254","-176.70283086794254","-176.70283086794254","-123.10886554289104","-123.10886554289104","-123.10886554289104","-209.06164242924814","-209.06164242924814","-209.06164242924814","-169.8792666434337","-169.8792666434337","-169.8792666434337","-121.36067750484594","-121.36067750484594","-121.36067750484594","-141.25480361170685","-141.25480361170685","-141.25480361170685","-351.644972552437","-351.644972552437","-351.644972552437","-171.45327724104845","-171.45327724104845","-171.45327724104845","-122.90602974115181","-122.90602974115181","-122.90602974115181"
"20700","-139.14651742456084","-139.14651742456084","-139.14651742456084","-216.69331938972232","-216.69331938972232","-216.69331938972232","-222.86214894223372","-222.86214894223372","-222.86214894223372","-215.0473254628852","-215.0473254628852","-215.0473254628852","-147.78582775586057","-147.78582775586057","-147.78582775586057","-142.1090595105161","-142.1090595105161","-142.1090595105161","-371.14922824518237","-371.14922824518237","-371.14922824518237","-99.8568228735968","-99.8568228735968","-99.8568228735968","-177.0350702633346","-177.0350702633346","-177.0350702633346","-135.0841075612286","-135.0841075612286","-135.0841075612286","-147.0646440932809","-147.0646440932809","-147.0646440932809","-176.10277134931934","-176.10277134931934","-176.10277134931934","-123.4117415512172","-123.4117415512172","-123.4117415512172","-286.15656081007853","-286.15656081007853","-286.15656081007853","-169.81595097285535","-169.81595097285535","-169.81595097285535","-121.60985406122131","-121.60985406122131","-121.60985406122131","-141.14632319230265","-141.14632319230265","-141.14632319230265","-252.30974806857972","-252.30974806857972","-252.30974806857972","-171.33927154450106","-171.33927154450106","-171.33927154450106","-123.19581161125552","-123.19581161125552","-123.19581161125552"
"21000","-140.1586087093471","-140.1586087093471","-140.1586087093471","-216.95844854417405","-216.95844854417405","-216.95844854417405","-222.73840796052278","-222.73840796052278","-222.73840796052278","-214.52605967450614","-214.52605967450614","-214.52605967450614","-148.2875552181349","-148.2875552181349","-148.2875552181349","-141.87318456219234","-141.87318456219234","-141.87318456219234","-272.01433578962815","-272.01433578962815","-272.01433578962815","-100.56822267526985","-100.56822267526985","-100.56822267526985","-177.23626670219159","-177.23626670219159","-177.23626670219159","-134.45468877339107","-134.45468877339107","-134.45468877339107","-146.35022502958114","-146.35022502958114","-146.35022502958114","-177.02914729268954","-177.02914729268954","-177.02914729268954","-123.52627747162367","-123.52627747162367","-123.52627747162367","-208.13386182429545","-208.13386182429545","-208.13386182429545","-170.2460757514943","-170.2460757514943","-170.2460757514943","-121.89136470666219","-121.89136470666219","-121.89136470666219","-140.42729902830868","-140.42729902830868","-140.42729902830868","-204.486963453856","-204.486963453856","-204.486963453856","-171.56924249439143","-171.56924249439143","-171.56924249439143","-122.85474050846332","-122.85474050846332","-122.85474050846332"
"21300","-140.187293139481","-140.187293139481","-140.187293139481","-216.3249926180772","-216.3249926180772","-216.3249926180772","-223.12920921275727","-223.12920921275727","-223.12920921275727","-214.7000391464781","-214.7000391464781","-214.7000391464781","-148.10578569175013","-148.10578569175013","-148.10578569175013","-167.12236761434372","-167.12236761434372","-167.12236761434372","-247.08384136075838","-247.08384136075838","-247.08384136075838","-101.36951852268302","-101.36951852268302","-101.36951852268302","-176.72802585199125","-176.72802585199125","-176.72802585199125","-134.47126950464664","-134.47126950464664","-134.47126950464664","-147.31788304791002","-147.31788304791002","-147.31788304791002","-201.95877406068854","-201.95877406068854","-201.95877406068854","-122.81864153022839","-122.81864153022839","-122.81864153022839","-208.3745736778198","-208.3745736778198","-208.3745736778198","-169.57292666007348","-169.57292666007348","-169.57292666007348","-121.83982693183843","-121.83982693183843","-121.83982693183843","-140.3647316644911","-140.3647316644911","-140.3647316644911","-228.40923470160777","-228.40923470160777","-228.40923470160777","-171.29723261373968","-171.29723261373968","-171.29723261373968","-122.59402857162925","-122.59402857162925","-122.59402857162925"
"21600","-140.38859107554677","-140.38859107554677","-140.38859107554677","-216.1856864843565","-216.1856864843565","-216.1856864843565","-223.55482182129708","-223.55482182129708","-223.55482182129708","-214.80008695878186","-214.80008695878186","-214.80008695878186","-146.8931047332092","-146.8931047332092","-146.8931047332092","-141.79871815540895","-141.79871815540895","-141.79871815540895","-195.8896303168773","-195.8896303168773","-195.8896303168773","-103.23194822972489","-103.23194822972489","-103.23194822972489","-177.66553557333705","-177.66553557333705","-177.66553557333705","-134.31720430946805","-134.31720430946805","-134.31720430946805","-147.67520089030228","-147.67520089030228","-147.67520089030228","-178.78315805944612","-178.78315805944612","-178.78315805944612","-122.6415177375867","-122.6415177375867","-122.6415177375867","-207.73789695737446","-207.73789695737446","-207.73789695737446","-169.1701322631621","-169.1701322631621","-169.1701322631621","-121.86622820727385","-121.86622820727385","-121.86622820727385","-140.25597490838342","-140.25597490838342","-140.25597490838342","-253.6010961133712","-253.6010961133712","-253.6010961133712","-171.53113186852255","-171.53113186852255","-171.53113186852255","-122.75756858285827","-122.75756858285827","-122.75756858285827"
"21900","-140.27313819235923","-140.27313819235923","-140.27313819235923","-216.83854546719868","-216.83854546719868","-216.83854546719868","-222.52662575966323","-222.52662575966323","-222.52662575966323","-215.20101363979902","-215.20101363979902","-215.20101363979902","-147.43321426287434","-147.43321426287434","-147.43321426287434","-142.00101748857477","-142.00101748857477","-142.00101748857477","-221.90191208112861","-221.90191208112861","-221.90191208112861","-105.00497907366643","-105.00497907366643","-105.00497907366643","-177.5344673853893","-177.5344673853893","-177.5344673853893","-134.15829018357869","-134.15829018357869","-134.15829018357869","-147.98423809225093","-147.98423809225093","-147.98423809225093","-178.7538638367101","-178.7538638367101","-178.7538638367101","-122.84246822007606","-122.84246822007606","-122.84246822007606","-208.32139079070947","-208.32139079070947","-208.32139079070947","-169.2311593740636","-169.2311593740636","-169.2311593740636","-122.17271061945596","-122.17271061945596","-122.17271061945596","-140.39471726311518","-140.39471726311518","-140.39471726311518","-227.93914159401237","-227.93914159401237","-227.93914159401237","-171.32207299436553","-171.32207299436553","-171.32207299436553","-122.70331877967737","-122.70331877967737","-122.70331877967737"
"22200","-140.61420746685627","-140.61420746685627","-140.61420746685627","-214.69923842534104","-214.69923842534104","-214.69923842534104","-222.73777138596762","-222.73777138596762","-222.73777138596762","-214.60036416969314","-214.60036416969314","-214.60036416969314","-149.61881266347518","-149.61881266347518","-149.61881266347518","-141.4036653478575","-141.4036653478575","-141.4036653478575","-271.83976904962253","-271.83976904962253","-271.83976904962253","-106.36825181624594","-106.36825181624594","-106.36825181624594","-177.5391302961431","-177.5391302961431","-177.5391302961431","-134.32317838423484","-134.32317838423484","-134.32317838423484","-148.7348966623688","-148.7348966623688","-148.7348966623688","-178.49604255650505","-178.49604255650505","-178.49604255650505","-122.90426536721074","-122.90426536721074","-122.90426536721074","-208.2014796536116","-208.2014796536116","-208.2014796536116","-168.18312730642688","-168.18312730642688","-168.18312730642688","-122.5388477302279","-122.5388477302279","-122.5388477302279","-140.35617149461467","-140.35617149461467","-140.35617149461467","-227.73111597284256","-227.73111597284256","-227.73111597284256","-171.90523167341047","-171.90523167341047","-171.90523167341047","-121.5862779071924","-121.5862779071924","-121.5862779071924"
"22500","-140.36110066663042","-140.36110066663042","-140.36110066663042","-213.64317742662783","-213.64317742662783","-213.64317742662783","-223.60820046186745","-223.60820046186745","-223.60820046186745","-216.18120388352673","-216.18120388352673","-216.18120388352673","-147.1418921168064","-147.1418921168064","-147.1418921168064","-141.8910778969149","-141.8910778969149","-141.8910778969149","-396.3196911875824","-396.3196911875824","-396.3196911875824","-103.19905047985887","-103.19905047985887","-103.19905047985887","-177.21027205048944","-177.21027205048944","-177.21027205048944","-134.86998715360875","-134.86998715360875","-134.86998715360875","-147.22616069408508","-147.22616069408508","-147.22616069408508","-176.2668083792315","-176.2668083792315","-176.2668083792315","-122.55630492348212","-122.55630492348212","-122.55630492348212","-232.8021455480749","-232.8021455480749","-232.8021455480749","-168.35870798502276","-168.35870798502276","-168.35870798502276","-122.74406814791436","-122.74406814791436","-122.74406814791436","-141.72741152185105","-141.72741152185105","-141.72741152185105","-203.6151630492469","-203.6151630492469","-203.6151630492469","-172.8245707807353","-172.8245707807353","-172.8245707807353","-121.3165097794024","-121.3165097794024","-121.3165097794024"
"22800","-140.40251176267435","-140.40251176267435","-140.40251176267435","-213.67640924883722","-213.67640924883722","-213.67640924883722","-223.91977458460897","-223.91977458460897","-223.91977458460897","-240.43760243688575","-240.43760243688575","-240.43760243688575","-147.7647613328864","-147.7647613328864","-147.7647613328864","-217.79803708370446","-217.79803708370446","-217.79803708370446","-320.82636583936124","-320.82636583936124","-320.82636583936124","-107.3900285116301","-107.3900285116301","-107.3900285116301","-177.78229871096468","-177.78229871096468","-177.78229871096468","-134.78396581471583","-134.78396581471583","-134.78396581471583","-147.58678138806152","-147.58678138806152","-147.58678138806152","-177.75853707660477","-177.75853707660477","-177.75853707660477","-122.62553580866995","-122.62553580866995","-122.62553580866995","-210.4909478090924","-210.4909478090924","-210.4909478090924","-168.29741337794312","-168.29741337794312","-168.29741337794312","-122.00008201340134","-122.00008201340134","-122.00008201340134","-143.6333821772709","-143.6333821772709","-143.6333821772709","-204.83401822011894","-204.83401822011894","-204.83401822011894","-172.8378650814612","-172.8378650814612","-172.8378650814612","-121.38156951187061","-121.38156951187061","-121.38156951187061"
"23100","-140.10621681285434","-140.10621681285434","-140.10621681285434","-214.92853373115207","-214.92853373115207","-214.92853373115207","-224.42345467139558","-224.42345467139558","-224.42345467139558","-215.1237372572802","-215.1237372572802","-215.1237372572802","-147.46429547871185","-147.46429547871185","-147.46429547871185","-166.4408354496388","-166.4408354496388","-166.4408354496388","-246.11134427683845","-246.11134427683845","-246.11134427683845","-110.3343733384005","-110.3343733384005","-110.3343733384005","-178.6115765596192","-178.6115765596192","-178.6115765596192","-134.5811902435043","-134.5811902435043","-134.5811902435043","-147.53108159650884","-147.53108159650884","-147.53108159650884","-178.5567167893617","-178.5567167893617","-178.5567167893617","-122.50101125199174","-122.50101125199174","-122.50101125199174","-206.80640009837413","-206.80640009837413","-206.80640009837413","-168.5908870581903","-168.5908870581903","-168.5908870581903","-122.54947663927219","-122.54947663927219","-122.54947663927219","-145.08242655274267","-145.08242655274267","-145.08242655274267","-203.8947606514574","-203.8947606514574","-203.8947606514574","-172.94779129474387","-172.94779129474387","-172.94779129474387","-121.34833811532317","-121.34833811532317","-121.34833811532317"
"23400","-140.370238753853","-140.370238753853","-140.370238753853","-214.47389854434078","-214.47389854434078","-214.47389854434078","-224.79945875632188","-224.79945875632188","-224.79945875632188","-219.1807138098981","-219.1807138098981","-219.1807138098981","-147.7627102112351","-147.7627102112351","-147.7627102112351","-166.72939012104217","-166.72939012104217","-166.72939012104217","-420.80123721202455","-420.80123721202455","-420.80123721202455","-110.50979841641262","-110.50979841641262","-110.50979841641262","-178.20422108330396","-178.20422108330396","-178.20422108330396","-134.679012419564","-134.679012419564","-134.679012419564","-147.46491036493921","-147.46491036493921","-147.46491036493921","-179.35984131327731","-179.35984131327731","-179.35984131327731","-124.06249514625733","-124.06249514625733","-124.06249514625733","-232.33418707134587","-232.33418707134587","-232.33418707134587","-167.76075350404972","-167.76075350404972","-167.76075350404972","-122.88747108745208","-122.88747108745208","-122.88747108745208","-145.66267617935446","-145.66267617935446","-145.66267617935446","-177.92241917240602","-177.92241917240602","-177.92241917240602","-171.730630603806","-171.730630603806","-171.730630603806","-121.57689232855799","-121.57689232855799","-121.57689232855799"
"23700","-140.78202422679948","-140.78202422679948","-140.78202422679948","-213.54786021630935","-213.54786021630935","-213.54786021630935","-224.10319168376418","-224.10319168376418","-224.10319168376418","-291.2659477352525","-291.2659477352525","-291.2659477352525","-146.8770725104163","-146.8770725104163","-146.8770725104163","-141.45945309727256","-141.45945309727256","-141.45945309727256","-221.82198036995214","-221.82198036995214","-221.82198036995214","-110.56924997229301","-110.56924997229301","-110.56924997229301","-178.50644910877537","-178.50644910877537","-178.50644910877537","-134.7766628568387","-134.7766628568387","-134.7766628568387","-147.65205302457423","-147.65205302457423","-147.65205302457423","-178.7331955225037","-178.7331955225037","-178.7331955225037","-123.82396640526227","-123.82396640526227","-123.82396640526227","-207.91126907711524","-207.91126907711524","-207.91126907711524","-168.04598404071453","-168.04598404071453","-168.04598404071453","-123.25030668097467","-123.25030668097467","-123.25030668097467","-145.6637229779748","-145.6637229779748","-145.6637229779748","-202.8093575177695","-202.8093575177695","-202.8093575177695","-172.00212237960065","-172.00212237960065","-172.00212237960065","-121.61790943016103","-121.61790943016103","-121.61790943016103"
"24000","-140.53234451023366","-140.53234451023366","-140.53234451023366","-213.47074936758236","-213.47074936758236","-213.47074936758236","-224.43193854476777","-224.43193854476777","-224.43193854476777","-213.8147500416741","-213.8147500416741","-213.8147500416741","-146.97766239836074","-146.97766239836074","-146.97766239836074","-141.27292592318744","-141.27292592318744","-141.27292592318744","-195.53562250576152","-195.53562250576152","-195.53562250576152","-111.00242324296471","-111.00242324296471","-111.00242324296471","-177.99726589274434","-177.99726589274434","-177.99726589274434","-134.7092010053262","-134.7092010053262","-134.7092010053262","-148.00305243189982","-148.00305243189982","-148.00305243189982","-177.91612234790222","-177.91612234790222","-177.91612234790222","-123.98239231917566","-123.98239231917566","-123.98239231917566","-232.55506707806302","-232.55506707806302","-232.55506707806302","-168.1375050619662","-168.1375050619662","-168.1375050619662","-122.81679868090157","-122.81679868090157","-122.81679868090157","-146.77736079167835","-146.77736079167835","-146.77736079167835","-131.53704266141034","-131.53704266141034","-131.53704266141034","-171.68051725278377","-171.68051725278377","-171.68051725278377","-121.43364240284143","-121.43364240284143","-121.43364240284143"
"24300","-140.68006362544205","-140.68006362544205","-140.68006362544205","-214.06913894882987","-214.06913894882987","-214.06913894882987","-223.72369771114353","-223.72369771114353","-223.72369771114353","-214.3862970312416","-214.3862970312416","-214.3862970312416","-146.77736820905713","-146.77736820905713","-146.77736820905713","-141.55080451926125","-141.55080451926125","-141.55080451926125","-295.4165249294418","-295.4165249294418","-295.4165249294418","-111.30550893772997","-111.30550893772997","-111.30550893772997","-178.11904102691022","-178.11904102691022","-178.11904102691022","-134.61724263074947","-134.61724263074947","-134.61724263074947","-148.01388989767358","-148.01388989767358","-148.01388989767358","-177.16868806188617","-177.16868806188617","-177.16868806188617","-124.19296026131603","-124.19296026131603","-124.19296026131603","-207.179454410551","-207.179454410551","-207.179454410551","-167.68829291027532","-167.68829291027532","-167.68829291027532","-123.0356779450149","-123.0356779450149","-123.0356779450149","-146.5820674787545","-146.5820674787545","-146.5820674787545","-126.17877540354468","-126.17877540354468","-126.17877540354468","-171.27620765611056","-171.27620765611056","-171.27620765611056","-121.51509677141208","-121.51509677141208","-121.51509677141208"
"24600","-140.70783059447865","-140.70783059447865","-140.70783059447865","-213.8613617067893","-213.8613617067893","-213.8613617067893","-224.2898533112654","-224.2898533112654","-224.2898533112654","-214.48005537637627","-214.48005537637627","-214.48005537637627","-146.0067793109783","-146.0067793109783","-146.0067793109783","-141.77623106016026","-141.77623106016026","-141.77623106016026","-222.4269149831951","-222.4269149831951","-222.4269149831951","-110.766957661208","-110.766957661208","-110.766957661208","-177.97489829697656","-177.97489829697656","-177.97489829697656","-134.77762323532494","-134.77762323532494","-134.77762323532494","-147.64427096032358","-147.64427096032358","-147.64427096032358","-177.74640401561518","-177.74640401561518","-177.74640401561518","-124.18872307475056","-124.18872307475056","-124.18872307475056","-258.9434982509028","-258.9434982509028","-258.9434982509028","-167.88973785059736","-167.88973785059736","-167.88973785059736","-122.97355508119526","-122.97355508119526","-122.97355508119526","-146.77518091669413","-146.77518091669413","-146.77518091669413","-125.7198691535701","-125.7198691535701","-125.7198691535701","-171.10188846788023","-171.10188846788023","-171.10188846788023","-121.42652617267188","-121.42652617267188","-121.42652617267188"
"24900","-140.64569019676983","-140.64569019676983","-140.64569019676983","-213.66721392701803","-213.66721392701803","-213.66721392701803","-224.37923450893965","-224.37923450893965","-224.37923450893965","-215.22537820707947","-215.22537820707947","-215.22537820707947","-145.9933049837001","-145.9933049837001","-145.9933049837001","-192.80282994837486","-192.80282994837486","-192.80282994837486","-195.14098274794452","-195.14098274794452","-195.14098274794452","-110.86735858120838","-110.86735858120838","-110.86735858120838","-177.84261699710248","-177.84261699710248","-177.84261699710248","-134.2762748169194","-134.2762748169194","-134.2762748169194","-147.6287375452401","-147.6287375452401","-147.6287375452401","-178.4537366403943","-178.4537366403943","-178.4537366403943","-124.42882329600954","-124.42882329600954","-124.42882329600954","-234.04102786459094","-234.04102786459094","-234.04102786459094","-167.70104096211975","-167.70104096211975","-167.70104096211975","-123.03394847023128","-123.03394847023128","-123.03394847023128","-145.91379619829792","-145.91379619829792","-145.91379619829792","-125.84756036205738","-125.84756036205738","-125.84756036205738","-170.99108744490644","-170.99108744490644","-170.99108744490644","-121.40703863025222","-121.40703863025222","-121.40703863025222"
"25200","-140.899420230969","-140.899420230969","-140.899420230969","-213.46688337332694","-213.46688337332694","-213.46688337332694","-224.38080348280113","-224.38080348280113","-224.38080348280113","-240.2145657211134","-240.2145657211134","-240.2145657211134","-145.5171831708364","-145.5171831708364","-145.5171831708364","-166.7204906890858","-166.7204906890858","-166.7204906890858","-196.52439364563398","-196.52439364563398","-196.52439364563398","-111.04326707382333","-111.04326707382333","-111.04326707382333","-177.54454800029544","-177.54454800029544","-177.54454800029544","-134.2206542243483","-134.2206542243483","-134.2206542243483","-147.51326284886866","-147.51326284886866","-147.51326284886866","-178.38894825508868","-178.38894825508868","-178.38894825508868","-125.17362432129528","-125.17362432129528","-125.17362432129528","-233.6695537232622","-233.6695537232622","-233.6695537232622","-167.90505722628325","-167.90505722628325","-167.90505722628325","-122.24943633736889","-122.24943633736889","-122.24943633736889","-144.98204277826366","-144.98204277826366","-144.98204277826366","-126.78053248800067","-126.78053248800067","-126.78053248800067","-171.0985135356861","-171.0985135356861","-171.0985135356861","-121.3524023178314","-121.3524023178314","-121.3524023178314"
"25500","-141.01135918341114","-141.01135918341114","-141.01135918341114","-214.02649887521716","-214.02649887521716","-214.02649887521716","-224.3953584540215","-224.3953584540215","-224.3953584540215","-215.14334136777398","-215.14334136777398","-215.14334136777398","-145.74496987113227","-145.74496987113227","-145.74496987113227","-167.27438237613268","-167.27438237613268","-167.27438237613268","-220.73977690830748","-220.73977690830748","-220.73977690830748","-110.96859199247476","-110.96859199247476","-110.96859199247476","-177.31009750224345","-177.31009750224345","-177.31009750224345","-134.3007446773966","-134.3007446773966","-134.3007446773966","-147.3856249898085","-147.3856249898085","-147.3856249898085","-179.1334159270867","-179.1334159270867","-179.1334159270867","-125.50461546594109","-125.50461546594109","-125.50461546594109","-208.60819858868496","-208.60819858868496","-208.60819858868496","-168.16792401730922","-168.16792401730922","-168.16792401730922","-122.40361701076363","-122.40361701076363","-122.40361701076363","-144.94762809430352","-144.94762809430352","-144.94762809430352","-225.1281039068561","-225.1281039068561","-225.1281039068561","-172.10312557381104","-172.10312557381104","-172.10312557381104","-122.57448169291328","-122.57448169291328","-122.57448169291328"
"25800","-140.76764012285","-140.76764012285","-140.76764012285","-213.71627529633156","-213.71627529633156","-213.71627529633156","-224.49546999792727","-224.49546999792727","-224.49546999792727","-214.56646156053156","-214.56646156053156","-214.56646156053156","-145.78997393660788","-145.78997393660788","-145.78997393660788","-166.64203990008784","-166.64203990008784","-166.64203990008784","-220.27170168187098","-220.27170168187098","-220.27170168187098","-110.85908291439046","-110.85908291439046","-110.85908291439046","-177.49532886974157","-177.49532886974157","-177.49532886974157","-134.67431330602554","-134.67431330602554","-134.67431330602554","-147.49671932304926","-147.49671932304926","-147.49671932304926","-178.64828198293247","-178.64828198293247","-178.64828198293247","-124.71096874761386","-124.71096874761386","-124.71096874761386","-206.73571699062217","-206.73571699062217","-206.73571699062217","-167.79749416735248","-167.79749416735248","-167.79749416735248","-123.4282090477262","-123.4282090477262","-123.4282090477262","-144.91634374123936","-144.91634374123936","-144.91634374123936","-276.19876616337604","-276.19876616337604","-276.19876616337604","-171.84400022656126","-171.84400022656126","-171.84400022656126","-127.23196003513655","-127.23196003513655","-127.23196003513655"
"26100","-141.1321430397673","-141.1321430397673","-141.1321430397673","-213.82359206410138","-213.82359206410138","-213.82359206410138","-224.83378773789437","-224.83378773789437","-224.83378773789437","-215.00254357140096","-215.00254357140096","-215.00254357140096","-145.41486015436908","-145.41486015436908","-145.41486015436908","-141.60923865556524","-141.60923865556524","-141.60923865556524","-194.50853259323614","-194.50853259323614","-194.50853259323614","-110.85973539618576","-110.85973539618576","-110.85973539618576","-177.5300461400539","-177.5300461400539","-177.5300461400539","-134.34552076522965","-134.34552076522965","-134.34552076522965","-147.27543152480217","-147.27543152480217","-147.27543152480217","-177.93821182639053","-177.93821182639053","-177.93821182639053","-124.92771192863916","-124.92771192863916","-124.92771192863916","-231.43343031950394","-231.43343031950394","-231.43343031950394","-167.61755726830629","-167.61755726830629","-167.61755726830629","-123.13991569891277","-123.13991569891277","-123.13991569891277","-145.1980483729786","-145.1980483729786","-145.1980483729786","-274.52032969813735","-274.52032969813735","-274.52032969813735","-171.12641099020078","-171.12641099020078","-171.12641099020078","-128.16472181731052","-128.16472181731052","-128.16472181731052"
"26400","-141.22704731875749","-141.22704731875749","-141.22704731875749","-213.44852628876083","-213.44852628876083","-213.44852628876083","-225.2164791075129","-225.2164791075129","-225.2164791075129","-239.4812378396729","-239.4812378396729","-239.4812378396729","-145.46488622616482","-145.46488622616482","-145.46488622616482","-166.5946123163793","-166.5946123163793","-166.5946123163793","-196.25979208747708","-196.25979208747708","-196.25979208747708","-110.98730467436039","-110.98730467436039","-110.98730467436039","-177.5289047688513","-177.5289047688513","-177.5289047688513","-134.75457010681424","-134.75457010681424","-134.75457010681424","-146.94338923446122","-146.94338923446122","-146.94338923446122","-176.4686082115883","-176.4686082115883","-176.4686082115883","-125.08837803820298","-125.08837803820298","-125.08837803820298","-232.30121146698193","-232.30121146698193","-232.30121146698193","-167.84495716932597","-167.84495716932597","-167.84495716932597","-122.77589915392666","-122.77589915392666","-122.77589915392666","-145.5322723773525","-145.5322723773525","-145.5322723773525","-300.0439832687163","-300.0439832687163","-300.0439832687163","-172.0922725785404","-172.0922725785404","-172.0922725785404","-128.49701634272066","-128.49701634272066","-128.49701634272066"
"26700","-140.60449471703444","-140.60449471703444","-140.60449471703444","-213.2219268928954","-213.2219268928954","-213.2219268928954","-223.76212257716762","-223.76212257716762","-223.76212257716762","-216.06759661477673","-216.06759661477673","-216.06759661477673","-145.31621909117888","-145.31621909117888","-145.31621909117888","-142.11781518182482","-142.11781518182482","-142.11781518182482","-270.2609755789043","-270.2609755789043","-270.2609755789043","-110.7350164718043","-110.7350164718043","-110.7350164718043","-177.55995225353894","-177.55995225353894","-177.55995225353894","-134.94604888968692","-134.94604888968692","-134.94604888968692","-147.51704383517446","-147.51704383517446","-147.51704383517446","-177.20454058044334","-177.20454058044334","-177.20454058044334","-125.01703354403574","-125.01703354403574","-125.01703354403574","-206.47221391952954","-206.47221391952954","-206.47221391952954","-168.07165831974004","-168.07165831974004","-168.07165831974004","-122.41432826982498","-122.41432826982498","-122.41432826982498","-145.8345545600369","-145.8345545600369","-145.8345545600369","-256.45888024079505","-256.45888024079505","-256.45888024079505","-171.35008780005384","-171.35008780005384","-171.35008780005384","-129.1901114324421","-129.1901114324421","-129.1901114324421"
"27000","-140.88961831637855","-140.88961831637855","-140.88961831637855","-213.37254450276677","-213.37254450276677","-213.37254450276677","-224.13445572890004","-224.13445572890004","-224.13445572890004","-214.3009583669754","-214.3009583669754","-214.3009583669754","-145.0511145868307","-145.0511145868307","-145.0511145868307","-141.56758197376325","-141.56758197376325","-141.56758197376325","-195.28902340797427","-195.28902340797427","-195.28902340797427","-110.48348204700699","-110.48348204700699","-110.48348204700699","-177.90585269052","-177.90585269052","-177.90585269052","-135.26303880627114","-135.26303880627114","-135.26303880627114","-147.43050040759044","-147.43050040759044","-147.43050040759044","-177.65609880946997","-177.65609880946997","-177.65609880946997","-124.91666655493202","-124.91666655493202","-124.91666655493202","-206.58637600148813","-206.58637600148813","-206.58637600148813","-168.13178557855065","-168.13178557855065","-168.13178557855065","-122.52681844796393","-122.52681844796393","-122.52681844796393","-146.34328973130545","-146.34328973130545","-146.34328973130545","-253.89552212314138","-253.89552212314138","-253.89552212314138","-171.8832461062488","-171.8832461062488","-171.8832461062488","-129.4991180101327","-129.4991180101327","-129.4991180101327"
"27300","-141.3125442956684","-141.3125442956684","-141.3125442956684","-212.57385710139368","-212.57385710139368","-212.57385710139368","-224.22862791821746","-224.22862791821746","-224.22862791821746","-215.2720952393015","-215.2720952393015","-215.2720952393015","-144.91261635960697","-144.91261635960697","-144.91261635960697","-142.19258846732504","-142.19258846732504","-142.19258846732504","-195.13251798913794","-195.13251798913794","-195.13251798913794","-111.02361802331068","-111.02361802331068","-111.02361802331068","-177.436097819792","-177.436097819792","-177.436097819792","-135.50432640143407","-135.50432640143407","-135.50432640143407","-147.55494984972535","-147.55494984972535","-147.55494984972535","-179.0279746982728","-179.0279746982728","-179.0279746982728","-124.99284192972853","-124.99284192972853","-124.99284192972853","-207.31925679584242","-207.31925679584242","-207.31925679584242","-167.99610189554943","-167.99610189554943","-167.99610189554943","-122.25039512310487","-122.25039512310487","-122.25039512310487","-146.5719980452223","-146.5719980452223","-146.5719980452223","-250.27978329427629","-250.27978329427629","-250.27978329427629","-171.5196574816693","-171.5196574816693","-171.5196574816693","-129.04175490497067","-129.04175490497067","-129.04175490497067"
"27600","-140.66525709444494","-140.66525709444494","-140.66525709444494","-213.19529021925183","-213.19529021925183","-213.19529021925183","-223.80036490860556","-223.80036490860556","-223.80036490860556","-243.0765436632076","-243.0765436632076","-243.0765436632076","-145.01924778033694","-145.01924778033694","-145.01924778033694","-166.68130846278916","-166.68130846278916","-166.68130846278916","-220.62997476337992","-220.62997476337992","-220.62997476337992","-110.56836166407975","-110.56836166407975","-110.56836166407975","-177.24867090005006","-177.24867090005006","-177.24867090005006","-135.62094345844886","-135.62094345844886","-135.62094345844886","-147.3079949392395","-147.3079949392395","-147.3079949392395","-179.2043198597619","-179.2043198597619","-179.2043198597619","-124.93557236128254","-124.93557236128254","-124.93557236128254","-306.0598466770425","-306.0598466770425","-306.0598466770425","-168.1293294304098","-168.1293294304098","-168.1293294304098","-122.3883193140052","-122.3883193140052","-122.3883193140052","-146.5694509480333","-146.5694509480333","-146.5694509480333","-185.64909172015751","-185.64909172015751","-185.64909172015751","-170.95923983202096","-170.95923983202096","-170.95923983202096","-128.38052350134953","-128.38052350134953","-128.38052350134953"
"27900","-140.84502525918592","-140.84502525918592","-140.84502525918592","-212.57364967950315","-212.57364967950315","-212.57364967950315","-224.12810888965046","-224.12810888965046","-224.12810888965046","-215.6343511845242","-215.6343511845242","-215.6343511845242","-144.67272753314018","-144.67272753314018","-144.67272753314018","-167.0374367408295","-167.0374367408295","-167.0374367408295","-195.5594492043253","-195.5594492043253","-195.5594492043253","-110.72358999316006","-110.72358999316006","-110.72358999316006","-177.08568654043032","-177.08568654043032","-177.08568654043032","-136.26899220776792","-136.26899220776792","-136.26899220776792","-147.34776778145093","-147.34776778145093","-147.34776778145093","-177.96210276036408","-177.96210276036408","-177.96210276036408","-125.30731087998136","-125.30731087998136","-125.30731087998136","-206.5989653810237","-206.5989653810237","-206.5989653810237","-168.3686903854371","-168.3686903854371","-168.3686903854371","-122.33835656003433","-122.33835656003433","-122.33835656003433","-146.39353258645502","-146.39353258645502","-146.39353258645502","-123.11340344093367","-123.11340344093367","-123.11340344093367","-170.55361740442038","-170.55361740442038","-170.55361740442038","-127.53876918931503","-127.53876918931503","-127.53876918931503"
"28200","-140.4832953948654","-140.4832953948654","-140.4832953948654","-212.56523604728346","-212.56523604728346","-212.56523604728346","-223.86190236319604","-223.86190236319604","-223.86190236319604","-215.07828250726462","-215.07828250726462","-215.07828250726462","-144.59718542445742","-144.59718542445742","-144.59718542445742","-142.06737394362227","-142.06737394362227","-142.06737394362227","-195.10152848927433","-195.10152848927433","-195.10152848927433","-110.56301957245543","-110.56301957245543","-110.56301957245543","-177.38555523240387","-177.38555523240387","-177.38555523240387","-135.53807259226963","-135.53807259226963","-135.53807259226963","-147.59018273432727","-147.59018273432727","-147.59018273432727","-177.71467349907658","-177.71467349907658","-177.71467349907658","-125.62748039483685","-125.62748039483685","-125.62748039483685","-256.68277641348106","-256.68277641348106","-256.68277641348106","-168.5065815084194","-168.5065815084194","-168.5065815084194","-122.2123211665155","-122.2123211665155","-122.2123211665155","-146.1875836763968","-146.1875836763968","-146.1875836763968","-122.88466796465555","-122.88466796465555","-122.88466796465555","-171.18668094863796","-171.18668094863796","-171.18668094863796","-127.59358828143664","-127.59358828143664","-127.59358828143664"
"28500","-140.66020747039212","-140.66020747039212","-140.66020747039212","-212.0441131227505","-212.0441131227505","-212.0441131227505","-223.5218105505025","-223.5218105505025","-223.5218105505025","-214.6084152810135","-214.6084152810135","-214.6084152810135","-144.44849069224136","-144.44849069224136","-144.44849069224136","-141.89955590552464","-141.89955590552464","-141.89955590552464","-194.40010098401922","-194.40010098401922","-194.40010098401922","-110.3167319805741","-110.3167319805741","-110.3167319805741","-177.4083891790356","-177.4083891790356","-177.4083891790356","-135.34094729936706","-135.34094729936706","-135.34094729936706","-147.69214825749197","-147.69214825749197","-147.69214825749197","-177.71832254356622","-177.71832254356622","-177.71832254356622","-125.45020841117851","-125.45020841117851","-125.45020841117851","-205.77742252845331","-205.77742252845331","-205.77742252845331","-168.43012856063973","-168.43012856063973","-168.43012856063973","-122.18422122960244","-122.18422122960244","-122.18422122960244","-145.8258498884328","-145.8258498884328","-145.8258498884328","-122.64309469198815","-122.64309469198815","-122.64309469198815","-171.2978280332806","-171.2978280332806","-171.2978280332806","-127.07027377938796","-127.07027377938796","-127.07027377938796"
"28800","-140.45050664426805","-140.45050664426805","-140.45050664426805","-211.85810325842232","-211.85810325842232","-211.85810325842232","-223.8182263358279","-223.8182263358279","-223.8182263358279","-215.48339339280136","-215.48339339280136","-215.48339339280136","-144.55586335450585","-144.55586335450585","-144.55586335450585","-142.1188537886884","-142.1188537886884","-142.1188537886884","-193.62890736449307","-193.62890736449307","-193.62890736449307","-110.67850869579081","-110.67850869579081","-110.67850869579081","-177.51404590897485","-177.51404590897485","-177.51404590897485","-135.53326061089837","-135.53326061089837","-135.53326061089837","-147.77671286319338","-147.77671286319338","-147.77671286319338","-178.72164320777952","-178.72164320777952","-178.72164320777952","-125.37333463067834","-125.37333463067834","-125.37333463067834","-204.54122133130977","-204.54122133130977","-204.54122133130977","-168.50970440119136","-168.50970440119136","-168.50970440119136","-122.04056244251736","-122.04056244251736","-122.04056244251736","-143.08574321952406","-143.08574321952406","-143.08574321952406","-122.08418072347452","-122.08418072347452","-122.08418072347452","-171.38141665723452","-171.38141665723452","-171.38141665723452","-126.63613704833503","-126.63613704833503","-126.63613704833503"
"29100","-140.36595795840037","-140.36595795840037","-140.36595795840037","-211.97491060945276","-211.97491060945276","-211.97491060945276","-223.77724249698184","-223.77724249698184","-223.77724249698184","-214.10629706205046","-214.10629706205046","-214.10629706205046","-144.47883023424063","-144.47883023424063","-144.47883023424063","-141.87496519846283","-141.87496519846283","-141.87496519846283","-218.68824097802604","-218.68824097802604","-218.68824097802604","-110.49174279478723","-110.49174279478723","-110.49174279478723","-177.3528967758876","-177.3528967758876","-177.3528967758876","-135.50268448275955","-135.50268448275955","-135.50268448275955","-147.65890429906352","-147.65890429906352","-147.65890429906352","-178.61660222010093","-178.61660222010093","-178.61660222010093","-125.07643947841007","-125.07643947841007","-125.07643947841007","-204.42065933092547","-204.42065933092547","-204.42065933092547","-168.69686564196914","-168.69686564196914","-168.69686564196914","-122.31868919581368","-122.31868919581368","-122.31868919581368","-141.3307599020563","-141.3307599020563","-141.3307599020563","-121.71997461261344","-121.71997461261344","-121.71997461261344","-171.41450464343208","-171.41450464343208","-171.41450464343208","-126.30147684144792","-126.30147684144792","-126.30147684144792"
"29400","-140.39348029293288","-140.39348029293288","-140.39348029293288","-212.1818651596575","-212.1818651596575","-212.1818651596575","-223.52175476807102","-223.52175476807102","-223.52175476807102","-240.0056371835145","-240.0056371835145","-240.0056371835145","-144.32789418912063","-144.32789418912063","-144.32789418912063","-141.87673810218982","-141.87673810218982","-141.87673810218982","-193.0688401688913","-193.0688401688913","-193.0688401688913","-110.69318223317069","-110.69318223317069","-110.69318223317069","-177.34296524326058","-177.34296524326058","-177.34296524326058","-135.64911566766642","-135.64911566766642","-135.64911566766642","-147.5801051340678","-147.5801051340678","-147.5801051340678","-178.61210686814192","-178.61210686814192","-178.61210686814192","-124.85848448618336","-124.85848448618336","-124.85848448618336","-203.30487114495352","-203.30487114495352","-203.30487114495352","-168.5544471213562","-168.5544471213562","-168.5544471213562","-122.06088476013213","-122.06088476013213","-122.06088476013213","-140.47922444328643","-140.47922444328643","-140.47922444328643","-121.67349756303403","-121.67349756303403","-121.67349756303403","-171.3416825315224","-171.3416825315224","-171.3416825315224","-126.00706259985415","-126.00706259985415","-126.00706259985415"
"29700","-140.35004709034567","-140.35004709034567","-140.35004709034567","-211.83934059273605","-211.83934059273605","-211.83934059273605","-223.68452522752713","-223.68452522752713","-223.68452522752713","-214.63385948377973","-214.63385948377973","-214.63385948377973","-144.34792222860386","-144.34792222860386","-144.34792222860386","-141.99238776159154","-141.99238776159154","-141.99238776159154","-193.04406520861158","-193.04406520861158","-193.04406520861158","-110.9943009541873","-110.9943009541873","-110.9943009541873","-177.1855482721955","-177.1855482721955","-177.1855482721955","-135.07067854738045","-135.07067854738045","-135.07067854738045","-147.36906360343065","-147.36906360343065","-147.36906360343065","-178.48130247371495","-178.48130247371495","-178.48130247371495","-124.53865050526672","-124.53865050526672","-124.53865050526672","-204.14574075259887","-204.14574075259887","-204.14574075259887","-168.5850244713933","-168.5850244713933","-168.5850244713933","-122.2697847858039","-122.2697847858039","-122.2697847858039","-140.2551963621008","-140.2551963621008","-140.2551963621008","-121.4944286441137","-121.4944286441137","-121.4944286441137","-171.13902410795066","-171.13902410795066","-171.13902410795066","-125.55497133498928","-125.55497133498928","-125.55497133498928"
"30000","-140.15637066348418","-140.15637066348418","-140.15637066348418","-212.00630682889908","-212.00630682889908","-212.00630682889908","-223.68379298247237","-223.68379298247237","-223.68379298247237","-215.2202342320874","-215.2202342320874","-215.2202342320874","-144.26491610203948","-144.26491610203948","-144.26491610203948","-141.8567025809677","-141.8567025809677","-141.8567025809677","-192.97090052217172","-192.97090052217172","-192.97090052217172","-111.05028853033146","-111.05028853033146","-111.05028853033146","-177.31175154619245","-177.31175154619245","-177.31175154619245","-135.6235654954553","-135.6235654954553","-135.6235654954553","-147.56978329609592","-147.56978329609592","-147.56978329609592","-178.32102278401123","-178.32102278401123","-178.32102278401123","-124.33946966405804","-124.33946966405804","-124.33946966405804","-204.16316094204961","-204.16316094204961","-204.16316094204961","-168.54743342416631","-168.54743342416631","-168.54743342416631","-122.55639074252642","-122.55639074252642","-122.55639074252642","-140.6719644370717","-140.6719644370717","-140.6719644370717","-121.5749853844895","-121.5749853844895","-121.5749853844895","-170.71499970194458","-170.71499970194458","-170.71499970194458","-125.13191281726559","-125.13191281726559","-125.13191281726559"