"Step","DDPG_EQL_Pendulum-v1_19 - eval/avg_reward","DDPG_EQL_Pendulum-v1_19 - eval/avg_reward__MIN","DDPG_EQL_Pendulum-v1_19 - eval/avg_reward__MAX","DDPG_EQL_Pendulum-v1_18 - eval/avg_reward","DDPG_EQL_Pendulum-v1_18 - eval/avg_reward__MIN","DDPG_EQL_Pendulum-v1_18 - eval/avg_reward__MAX","DDPG_EQL_Pendulum-v1_17 - eval/avg_reward","DDPG_EQL_Pendulum-v1_17 - eval/avg_reward__MIN","DDPG_EQL_Pendulum-v1_17 - eval/avg_reward__MAX","DDPG_EQL_Pendulum-v1_16 - eval/avg_reward","DDPG_EQL_Pendulum-v1_16 - eval/avg_reward__MIN","DDPG_EQL_Pendulum-v1_16 - eval/avg_reward__MAX","DDPG_EQL_Pendulum-v1_15 - eval/avg_reward","DDPG_EQL_Pendulum-v1_15 - eval/avg_reward__MIN","DDPG_EQL_Pendulum-v1_15 - eval/avg_reward__MAX","DDPG_EQL_Pendulum-v1_14 - eval/avg_reward","DDPG_EQL_Pendulum-v1_14 - eval/avg_reward__MIN","DDPG_EQL_Pendulum-v1_14 - eval/avg_reward__MAX","DDPG_EQL_Pendulum-v1_13 - eval/avg_reward","DDPG_EQL_Pendulum-v1_13 - eval/avg_reward__MIN","DDPG_EQL_Pendulum-v1_13 - eval/avg_reward__MAX","DDPG_EQL_Pendulum-v1_12 - eval/avg_reward","DDPG_EQL_Pendulum-v1_12 - eval/avg_reward__MIN","DDPG_EQL_Pendulum-v1_12 - eval/avg_reward__MAX","DDPG_EQL_Pendulum-v1_11 - eval/avg_reward","DDPG_EQL_Pendulum-v1_11 - eval/avg_reward__MIN","DDPG_EQL_Pendulum-v1_11 - eval/avg_reward__MAX","DDPG_EQL_Pendulum-v1_10 - eval/avg_reward","DDPG_EQL_Pendulum-v1_10 - eval/avg_reward__MIN","DDPG_EQL_Pendulum-v1_10 - eval/avg_reward__MAX","DDPG_EQL_Pendulum-v1_9 - eval/avg_reward","DDPG_EQL_Pendulum-v1_9 - eval/avg_reward__MIN","DDPG_EQL_Pendulum-v1_9 - eval/avg_reward__MAX","DDPG_EQL_Pendulum-v1_8 - eval/avg_reward","DDPG_EQL_Pendulum-v1_8 - eval/avg_reward__MIN","DDPG_EQL_Pendulum-v1_8 - eval/avg_reward__MAX","DDPG_EQL_Pendulum-v1_7 - eval/avg_reward","DDPG_EQL_Pendulum-v1_7 - eval/avg_reward__MIN","DDPG_EQL_Pendulum-v1_7 - eval/avg_reward__MAX","DDPG_EQL_Pendulum-v1_6 - eval/avg_reward","DDPG_EQL_Pendulum-v1_6 - eval/avg_reward__MIN","DDPG_EQL_Pendulum-v1_6 - eval/avg_reward__MAX","DDPG_EQL_Pendulum-v1_5 - eval/avg_reward","DDPG_EQL_Pendulum-v1_5 - eval/avg_reward__MIN","DDPG_EQL_Pendulum-v1_5 - eval/avg_reward__MAX","DDPG_EQL_Pendulum-v1_4 - eval/avg_reward","DDPG_EQL_Pendulum-v1_4 - eval/avg_reward__MIN","DDPG_EQL_Pendulum-v1_4 - eval/avg_reward__MAX","DDPG_EQL_Pendulum-v1_3 - eval/avg_reward","DDPG_EQL_Pendulum-v1_3 - eval/avg_reward__MIN","DDPG_EQL_Pendulum-v1_3 - eval/avg_reward__MAX","DDPG_EQL_Pendulum-v1_2 - eval/avg_reward","DDPG_EQL_Pendulum-v1_2 - eval/avg_reward__MIN","DDPG_EQL_Pendulum-v1_2 - eval/avg_reward__MAX","DDPG_EQL_Pendulum-v1_1 - eval/avg_reward","DDPG_EQL_Pendulum-v1_1 - eval/avg_reward__MIN","DDPG_EQL_Pendulum-v1_1 - eval/avg_reward__MAX","DDPG_EQL_Pendulum-v1_0 - eval/avg_reward","DDPG_EQL_Pendulum-v1_0 - eval/avg_reward__MIN","DDPG_EQL_Pendulum-v1_0 - eval/avg_reward__MAX"
"0","-1401.6226261599954","-1401.6226261599954","-1401.6226261599954","-1435.930552650268","-1435.930552650268","-1435.930552650268","-1448.9737364488112","-1448.9737364488112","-1448.9737364488112","-1568.9914164926765","-1568.9914164926765","-1568.9914164926765","-1209.5689572761542","-1209.5689572761542","-1209.5689572761542","-1248.506786966152","-1248.506786966152","-1248.506786966152","-1551.8436031626215","-1551.8436031626215","-1551.8436031626215","-1076.9632882264573","-1076.9632882264573","-1076.9632882264573","-1275.2165836417412","-1275.2165836417412","-1275.2165836417412","-1452.7631073899386","-1452.7631073899386","-1452.7631073899386","-1231.4761808535611","-1231.4761808535611","-1231.4761808535611","-1227.1472525562713","-1227.1472525562713","-1227.1472525562713","-1287.533745727514","-1287.533745727514","-1287.533745727514","-1448.4177689706441","-1448.4177689706441","-1448.4177689706441","-1436.4946402293442","-1436.4946402293442","-1436.4946402293442","-1494.0380537227197","-1494.0380537227197","-1494.0380537227197","-1149.8804169778966","-1149.8804169778966","-1149.8804169778966","-1251.0188341915482","-1251.0188341915482","-1251.0188341915482","-1489.5534472957415","-1489.5534472957415","-1489.5534472957415","-1062.5954729358295","-1062.5954729358295","-1062.5954729358295"
"300","-1401.6226261599954","-1401.6226261599954","-1401.6226261599954","-1435.930552650268","-1435.930552650268","-1435.930552650268","-1448.9737364488112","-1448.9737364488112","-1448.9737364488112","-1568.9914164926765","-1568.9914164926765","-1568.9914164926765","-1209.5689572761542","-1209.5689572761542","-1209.5689572761542","-1248.506786966152","-1248.506786966152","-1248.506786966152","-1551.8436031626215","-1551.8436031626215","-1551.8436031626215","-1076.9632882264573","-1076.9632882264573","-1076.9632882264573","-1275.2165836417412","-1275.2165836417412","-1275.2165836417412","-1452.7631073899386","-1452.7631073899386","-1452.7631073899386","-1231.4761808535611","-1231.4761808535611","-1231.4761808535611","-1227.1472525562713","-1227.1472525562713","-1227.1472525562713","-1287.533745727514","-1287.533745727514","-1287.533745727514","-1448.4177689706441","-1448.4177689706441","-1448.4177689706441","-1436.4946402293442","-1436.4946402293442","-1436.4946402293442","-1494.0380537227197","-1494.0380537227197","-1494.0380537227197","-1149.8804169778966","-1149.8804169778966","-1149.8804169778966","-1251.0188341915482","-1251.0188341915482","-1251.0188341915482","-1489.5534472957415","-1489.5534472957415","-1489.5534472957415","-1062.5954729358295","-1062.5954729358295","-1062.5954729358295"
"600","-1401.6226261599954","-1401.6226261599954","-1401.6226261599954","-1435.930552650268","-1435.930552650268","-1435.930552650268","-1448.9737364488112","-1448.9737364488112","-1448.9737364488112","-1568.9914164926765","-1568.9914164926765","-1568.9914164926765","-1209.5689572761542","-1209.5689572761542","-1209.5689572761542","-1248.506786966152","-1248.506786966152","-1248.506786966152","-1551.8436031626215","-1551.8436031626215","-1551.8436031626215","-1076.9632882264573","-1076.9632882264573","-1076.9632882264573","-1275.2165836417412","-1275.2165836417412","-1275.2165836417412","-1452.7631073899386","-1452.7631073899386","-1452.7631073899386","-1231.4761808535611","-1231.4761808535611","-1231.4761808535611","-1227.1472525562713","-1227.1472525562713","-1227.1472525562713","-1287.533745727514","-1287.533745727514","-1287.533745727514","-1448.4177689706441","-1448.4177689706441","-1448.4177689706441","-1436.4946402293442","-1436.4946402293442","-1436.4946402293442","-1494.0380537227197","-1494.0380537227197","-1494.0380537227197","-1149.8804169778966","-1149.8804169778966","-1149.8804169778966","-1251.0188341915482","-1251.0188341915482","-1251.0188341915482","-1489.5534472957415","-1489.5534472957415","-1489.5534472957415","-1062.5954729358295","-1062.5954729358295","-1062.5954729358295"
"900","-1401.6226261599954","-1401.6226261599954","-1401.6226261599954","-1435.930552650268","-1435.930552650268","-1435.930552650268","-1448.9737364488112","-1448.9737364488112","-1448.9737364488112","-1568.9914164926765","-1568.9914164926765","-1568.9914164926765","-1209.5689572761542","-1209.5689572761542","-1209.5689572761542","-1248.506786966152","-1248.506786966152","-1248.506786966152","-1551.8436031626215","-1551.8436031626215","-1551.8436031626215","-1076.9632882264573","-1076.9632882264573","-1076.9632882264573","-1275.2165836417412","-1275.2165836417412","-1275.2165836417412","-1452.7631073899386","-1452.7631073899386","-1452.7631073899386","-1231.4761808535611","-1231.4761808535611","-1231.4761808535611","-1227.1472525562713","-1227.1472525562713","-1227.1472525562713","-1287.533745727514","-1287.533745727514","-1287.533745727514","-1448.4177689706441","-1448.4177689706441","-1448.4177689706441","-1436.4946402293442","-1436.4946402293442","-1436.4946402293442","-1494.0380537227197","-1494.0380537227197","-1494.0380537227197","-1149.8804169778966","-1149.8804169778966","-1149.8804169778966","-1251.0188341915482","-1251.0188341915482","-1251.0188341915482","-1489.5534472957415","-1489.5534472957415","-1489.5534472957415","-1062.5954729358295","-1062.5954729358295","-1062.5954729358295"
"1200","-1425.1549515538613","-1425.1549515538613","-1425.1549515538613","-1737.9558070877872","-1737.9558070877872","-1737.9558070877872","-1603.2190859372245","-1603.2190859372245","-1603.2190859372245","-1678.534631726797","-1678.534631726797","-1678.534631726797","-1381.1084834322137","-1381.1084834322137","-1381.1084834322137","-1733.0767571495787","-1733.0767571495787","-1733.0767571495787","-1635.6592375083796","-1635.6592375083796","-1635.6592375083796","-1655.14207039224","-1655.14207039224","-1655.14207039224","-1786.1386285553185","-1786.1386285553185","-1786.1386285553185","-1655.8781872543248","-1655.8781872543248","-1655.8781872543248","-1673.2551318372418","-1673.2551318372418","-1673.2551318372418","-1565.3463588276577","-1565.3463588276577","-1565.3463588276577","-1434.475220586001","-1434.475220586001","-1434.475220586001","-1840.6993382476412","-1840.6993382476412","-1840.6993382476412","-1620.9107734292925","-1620.9107734292925","-1620.9107734292925","-1257.6933400309058","-1257.6933400309058","-1257.6933400309058","-1724.7589920805717","-1724.7589920805717","-1724.7589920805717","-1399.9231182515155","-1399.9231182515155","-1399.9231182515155","-1720.5201721915705","-1720.5201721915705","-1720.5201721915705","-1773.604017608756","-1773.604017608756","-1773.604017608756"
"1500","-1507.2300714475684","-1507.2300714475684","-1507.2300714475684","-1501.2130346644244","-1501.2130346644244","-1501.2130346644244","-1571.5128872134133","-1571.5128872134133","-1571.5128872134133","-1508.135372593512","-1508.135372593512","-1508.135372593512","-1503.412563651975","-1503.412563651975","-1503.412563651975","-1747.492974718966","-1747.492974718966","-1747.492974718966","-1524.6687558128515","-1524.6687558128515","-1524.6687558128515","-1462.6378157000722","-1462.6378157000722","-1462.6378157000722","-1650.4391856379614","-1650.4391856379614","-1650.4391856379614","-1528.27206928919","-1528.27206928919","-1528.27206928919","-1783.9354908664463","-1783.9354908664463","-1783.9354908664463","-1486.9479982671332","-1486.9479982671332","-1486.9479982671332","-1607.714963620783","-1607.714963620783","-1607.714963620783","-1509.3360366178108","-1509.3360366178108","-1509.3360366178108","-1548.7306353169465","-1548.7306353169465","-1548.7306353169465","-1461.680457079689","-1461.680457079689","-1461.680457079689","-1639.4368521509307","-1639.4368521509307","-1639.4368521509307","-1514.3443899538775","-1514.3443899538775","-1514.3443899538775","-1461.8360536442813","-1461.8360536442813","-1461.8360536442813","-1777.804692170032","-1777.804692170032","-1777.804692170032"
"1800","-1470.5538563716477","-1470.5538563716477","-1470.5538563716477","-1489.40488279574","-1489.40488279574","-1489.40488279574","-1586.137924073053","-1586.137924073053","-1586.137924073053","-1521.8294574651322","-1521.8294574651322","-1521.8294574651322","-1467.609347137184","-1467.609347137184","-1467.609347137184","-1467.063921113843","-1467.063921113843","-1467.063921113843","-1623.7313462988946","-1623.7313462988946","-1623.7313462988946","-1417.41151890153","-1417.41151890153","-1417.41151890153","-1497.8065283937035","-1497.8065283937035","-1497.8065283937035","-1505.5270923719258","-1505.5270923719258","-1505.5270923719258","-1505.732085306543","-1505.732085306543","-1505.732085306543","-1471.071892414758","-1471.071892414758","-1471.071892414758","-1455.6123045377954","-1455.6123045377954","-1455.6123045377954","-1478.969640310785","-1478.969640310785","-1478.969640310785","-1472.9257869826508","-1472.9257869826508","-1472.9257869826508","-1447.195514522256","-1447.195514522256","-1447.195514522256","-1497.8302494031432","-1497.8302494031432","-1497.8302494031432","-1481.2934359331568","-1481.2934359331568","-1481.2934359331568","-1456.424010633957","-1456.424010633957","-1456.424010633957","-1467.7678817715512","-1467.7678817715512","-1467.7678817715512"
"2100","-1426.4034361382983","-1426.4034361382983","-1426.4034361382983","-1497.9349416216733","-1497.9349416216733","-1497.9349416216733","-1561.7908294337108","-1561.7908294337108","-1561.7908294337108","-1474.5836344891054","-1474.5836344891054","-1474.5836344891054","-1409.8125739889094","-1409.8125739889094","-1409.8125739889094","-1464.5298923218784","-1464.5298923218784","-1464.5298923218784","-1527.7679003314142","-1527.7679003314142","-1527.7679003314142","-1403.634857758195","-1403.634857758195","-1403.634857758195","-1474.2178528956745","-1474.2178528956745","-1474.2178528956745","-1352.6359763234443","-1352.6359763234443","-1352.6359763234443","-1362.1259325796304","-1362.1259325796304","-1362.1259325796304","-1449.8639252803964","-1449.8639252803964","-1449.8639252803964","-1441.952735323403","-1441.952735323403","-1441.952735323403","-1478.4484577298213","-1478.4484577298213","-1478.4484577298213","-1363.3813863047815","-1363.3813863047815","-1363.3813863047815","-1420.458842595004","-1420.458842595004","-1420.458842595004","-1510.770321474408","-1510.770321474408","-1510.770321474408","-1475.0445657529567","-1475.0445657529567","-1475.0445657529567","-1425.461362366285","-1425.461362366285","-1425.461362366285","-1459.2175991597749","-1459.2175991597749","-1459.2175991597749"
"2400","-1248.4799290251563","-1248.4799290251563","-1248.4799290251563","-1460.7562097239756","-1460.7562097239756","-1460.7562097239756","-1426.6973646416925","-1426.6973646416925","-1426.6973646416925","-1429.2274784317647","-1429.2274784317647","-1429.2274784317647","-1345.7291162245247","-1345.7291162245247","-1345.7291162245247","-1313.5365913745095","-1313.5365913745095","-1313.5365913745095","-1425.9474052962182","-1425.9474052962182","-1425.9474052962182","-1294.1119150080517","-1294.1119150080517","-1294.1119150080517","-1330.8392626331574","-1330.8392626331574","-1330.8392626331574","-1301.5121803460338","-1301.5121803460338","-1301.5121803460338","-1293.3396696938348","-1293.3396696938348","-1293.3396696938348","-1388.3051574555075","-1388.3051574555075","-1388.3051574555075","-1399.4699140405621","-1399.4699140405621","-1399.4699140405621","-1392.2382642999505","-1392.2382642999505","-1392.2382642999505","-1313.2961005304685","-1313.2961005304685","-1313.2961005304685","-1304.2594078276657","-1304.2594078276657","-1304.2594078276657","-1391.6646776707125","-1391.6646776707125","-1391.6646776707125","-1559.8164727235308","-1559.8164727235308","-1559.8164727235308","-1430.1509169570522","-1430.1509169570522","-1430.1509169570522","-1433.780317620312","-1433.780317620312","-1433.780317620312"
"2700","-1155.336307254473","-1155.336307254473","-1155.336307254473","-1307.6865488608069","-1307.6865488608069","-1307.6865488608069","-1333.2838733702974","-1333.2838733702974","-1333.2838733702974","-1290.0293389496587","-1290.0293389496587","-1290.0293389496587","-1279.4459127469404","-1279.4459127469404","-1279.4459127469404","-1207.857806079043","-1207.857806079043","-1207.857806079043","-1298.1573162242737","-1298.1573162242737","-1298.1573162242737","-848.3242558144381","-848.3242558144381","-848.3242558144381","-1145.8030813407975","-1145.8030813407975","-1145.8030813407975","-1282.6787606686282","-1282.6787606686282","-1282.6787606686282","-1133.4527448769136","-1133.4527448769136","-1133.4527448769136","-1183.3515622507607","-1183.3515622507607","-1183.3515622507607","-1174.707076473646","-1174.707076473646","-1174.707076473646","-1146.0106067190136","-1146.0106067190136","-1146.0106067190136","-1228.6127879995342","-1228.6127879995342","-1228.6127879995342","-973.2147508349477","-973.2147508349477","-973.2147508349477","-1237.212742558435","-1237.212742558435","-1237.212742558435","-1226.0165609800376","-1226.0165609800376","-1226.0165609800376","-1241.102489339567","-1241.102489339567","-1241.102489339567","-1202.3344716608424","-1202.3344716608424","-1202.3344716608424"
"3000","-743.0088903968337","-743.0088903968337","-743.0088903968337","-1286.3366760642741","-1286.3366760642741","-1286.3366760642741","-1248.2141458579536","-1248.2141458579536","-1248.2141458579536","-1074.9437977448274","-1074.9437977448274","-1074.9437977448274","-1004.6772333375095","-1004.6772333375095","-1004.6772333375095","-1195.696557138421","-1195.696557138421","-1195.696557138421","-1240.3200465168525","-1240.3200465168525","-1240.3200465168525","-686.6738830560645","-686.6738830560645","-686.6738830560645","-1029.5710545745903","-1029.5710545745903","-1029.5710545745903","-1223.8291007199955","-1223.8291007199955","-1223.8291007199955","-1039.1377701685637","-1039.1377701685637","-1039.1377701685637","-1158.5779087730557","-1158.5779087730557","-1158.5779087730557","-1061.415292876311","-1061.415292876311","-1061.415292876311","-1161.4398211651653","-1161.4398211651653","-1161.4398211651653","-1142.927839557034","-1142.927839557034","-1142.927839557034","-980.6614959394271","-980.6614959394271","-980.6614959394271","-1115.524124453752","-1115.524124453752","-1115.524124453752","-1042.1674358278901","-1042.1674358278901","-1042.1674358278901","-1134.9804677943473","-1134.9804677943473","-1134.9804677943473","-994.3099909343382","-994.3099909343382","-994.3099909343382"
"3300","-350.1218874343109","-350.1218874343109","-350.1218874343109","-924.3884707683835","-924.3884707683835","-924.3884707683835","-1238.8166945105372","-1238.8166945105372","-1238.8166945105372","-1038.2947575550513","-1038.2947575550513","-1038.2947575550513","-682.180976836111","-682.180976836111","-682.180976836111","-1087.8004515025857","-1087.8004515025857","-1087.8004515025857","-1007.4371740584141","-1007.4371740584141","-1007.4371740584141","-465.1507183573287","-465.1507183573287","-465.1507183573287","-760.7935178194527","-760.7935178194527","-760.7935178194527","-1116.5408165777267","-1116.5408165777267","-1116.5408165777267","-886.9958596116988","-886.9958596116988","-886.9958596116988","-1446.9390730295793","-1446.9390730295793","-1446.9390730295793","-931.7998045975576","-931.7998045975576","-931.7998045975576","-880.8494006967694","-880.8494006967694","-880.8494006967694","-1098.4626820820135","-1098.4626820820135","-1098.4626820820135","-767.2451794461235","-767.2451794461235","-767.2451794461235","-1059.6304719893199","-1059.6304719893199","-1059.6304719893199","-1071.9698437752709","-1071.9698437752709","-1071.9698437752709","-955.096571341717","-955.096571341717","-955.096571341717","-907.8108472393964","-907.8108472393964","-907.8108472393964"
"3600","-338.8477947751827","-338.8477947751827","-338.8477947751827","-631.6092038496711","-631.6092038496711","-631.6092038496711","-1152.4066271434808","-1152.4066271434808","-1152.4066271434808","-878.6340773563718","-878.6340773563718","-878.6340773563718","-908.077574646701","-908.077574646701","-908.077574646701","-1017.5225345376455","-1017.5225345376455","-1017.5225345376455","-750.0121086947518","-750.0121086947518","-750.0121086947518","-406.8654932562076","-406.8654932562076","-406.8654932562076","-773.98391943513","-773.98391943513","-773.98391943513","-750.7078721341107","-750.7078721341107","-750.7078721341107","-551.6090745055036","-551.6090745055036","-551.6090745055036","-1467.4865259821954","-1467.4865259821954","-1467.4865259821954","-970.7382113467426","-970.7382113467426","-970.7382113467426","-313.6696080908674","-313.6696080908674","-313.6696080908674","-838.1849224629299","-838.1849224629299","-838.1849224629299","-490.3022103315231","-490.3022103315231","-490.3022103315231","-770.1699806757971","-770.1699806757971","-770.1699806757971","-565.9542228845141","-565.9542228845141","-565.9542228845141","-487.28296019545286","-487.28296019545286","-487.28296019545286","-598.1085125149033","-598.1085125149033","-598.1085125149033"
"3900","-640.5343557404988","-640.5343557404988","-640.5343557404988","-600.8744320597417","-600.8744320597417","-600.8744320597417","-974.6557782455845","-974.6557782455845","-974.6557782455845","-574.6976618173528","-574.6976618173528","-574.6976618173528","-1022.0769058725851","-1022.0769058725851","-1022.0769058725851","-677.3966212927114","-677.3966212927114","-677.3966212927114","-377.1629614610839","-377.1629614610839","-377.1629614610839","-259.97790473512515","-259.97790473512515","-259.97790473512515","-735.1324361603863","-735.1324361603863","-735.1324361603863","-511.6953694558498","-511.6953694558498","-511.6953694558498","-557.2715615888457","-557.2715615888457","-557.2715615888457","-322.9996975972428","-322.9996975972428","-322.9996975972428","-259.51263224576985","-259.51263224576985","-259.51263224576985","-276.76289064626644","-276.76289064626644","-276.76289064626644","-569.4224477328088","-569.4224477328088","-569.4224477328088","-403.4374586481599","-403.4374586481599","-403.4374586481599","-1171.0031302872126","-1171.0031302872126","-1171.0031302872126","-924.6802619891587","-924.6802619891587","-924.6802619891587","-404.2917121345092","-404.2917121345092","-404.2917121345092","-542.0006689416343","-542.0006689416343","-542.0006689416343"
"4200","-678.6944676430228","-678.6944676430228","-678.6944676430228","-314.5292700629319","-314.5292700629319","-314.5292700629319","-545.6815798043814","-545.6815798043814","-545.6815798043814","-333.35866507086394","-333.35866507086394","-333.35866507086394","-1320.3170634199719","-1320.3170634199719","-1320.3170634199719","-214.8699464571884","-214.8699464571884","-214.8699464571884","-257.3518005334581","-257.3518005334581","-257.3518005334581","-114.49040822127378","-114.49040822127378","-114.49040822127378","-651.0410342522434","-651.0410342522434","-651.0410342522434","-753.587278937226","-753.587278937226","-753.587278937226","-447.12914407382857","-447.12914407382857","-447.12914407382857","-344.1760477828328","-344.1760477828328","-344.1760477828328","-307.3736782032591","-307.3736782032591","-307.3736782032591","-221.153879712964","-221.153879712964","-221.153879712964","-351.1919958691113","-351.1919958691113","-351.1919958691113","-166.52506087598857","-166.52506087598857","-166.52506087598857","-1000.829311135714","-1000.829311135714","-1000.829311135714","-717.3961887033521","-717.3961887033521","-717.3961887033521","-292.3671813969223","-292.3671813969223","-292.3671813969223","-417.3069586677704","-417.3069586677704","-417.3069586677704"
"4500","-177.78562941894734","-177.78562941894734","-177.78562941894734","-249.74693634969435","-249.74693634969435","-249.74693634969435","-304.71983943862926","-304.71983943862926","-304.71983943862926","-303.79058752544773","-303.79058752544773","-303.79058752544773","-616.2542069294296","-616.2542069294296","-616.2542069294296","-195.21833606399682","-195.21833606399682","-195.21833606399682","-250.6293674547107","-250.6293674547107","-250.6293674547107","-106.43832687527397","-106.43832687527397","-106.43832687527397","-641.7458852045953","-641.7458852045953","-641.7458852045953","-260.87013401873776","-260.87013401873776","-260.87013401873776","-366.6408185601511","-366.6408185601511","-366.6408185601511","-209.7366957143271","-209.7366957143271","-209.7366957143271","-415.7836783754163","-415.7836783754163","-415.7836783754163","-746.7521192436473","-746.7521192436473","-746.7521192436473","-246.90626293694103","-246.90626293694103","-246.90626293694103","-153.7334310684454","-153.7334310684454","-153.7334310684454","-950.5602685347183","-950.5602685347183","-950.5602685347183","-1381.179756704917","-1381.179756704917","-1381.179756704917","-614.4501714908363","-614.4501714908363","-614.4501714908363","-208.50998933754437","-208.50998933754437","-208.50998933754437"
"4800","-366.4336225827655","-366.4336225827655","-366.4336225827655","-224.72337442253024","-224.72337442253024","-224.72337442253024","-296.1386650684135","-296.1386650684135","-296.1386650684135","-220.59158670143643","-220.59158670143643","-220.59158670143643","-158.13701384689165","-158.13701384689165","-158.13701384689165","-203.68852543460972","-203.68852543460972","-203.68852543460972","-1023.3924556218001","-1023.3924556218001","-1023.3924556218001","-103.71726301548699","-103.71726301548699","-103.71726301548699","-257.6545549023618","-257.6545549023618","-257.6545549023618","-173.34538899518174","-173.34538899518174","-173.34538899518174","-290.51608177002373","-290.51608177002373","-290.51608177002373","-257.90845902573733","-257.90845902573733","-257.90845902573733","-339.48774418308847","-339.48774418308847","-339.48774418308847","-221.94116674709213","-221.94116674709213","-221.94116674709213","-217.9444020489822","-217.9444020489822","-217.9444020489822","-126.50226018580986","-126.50226018580986","-126.50226018580986","-655.4012554673193","-655.4012554673193","-655.4012554673193","-1348.5449644538974","-1348.5449644538974","-1348.5449644538974","-923.3020704284339","-923.3020704284339","-923.3020704284339","-254.18944826891635","-254.18944826891635","-254.18944826891635"
"5100","-233.58420613624418","-233.58420613624418","-233.58420613624418","-198.1654283666714","-198.1654283666714","-198.1654283666714","-263.1120222121307","-263.1120222121307","-263.1120222121307","-214.8738336003615","-214.8738336003615","-214.8738336003615","-178.0722129286771","-178.0722129286771","-178.0722129286771","-227.77994865222007","-227.77994865222007","-227.77994865222007","-1088.3953447311414","-1088.3953447311414","-1088.3953447311414","-102.63987510161897","-102.63987510161897","-102.63987510161897","-200.95998091181247","-200.95998091181247","-200.95998091181247","-142.67382538211848","-142.67382538211848","-142.67382538211848","-186.35040569688667","-186.35040569688667","-186.35040569688667","-205.6482618181859","-205.6482618181859","-205.6482618181859","-130.73130549735706","-130.73130549735706","-130.73130549735706","-270.2234371214108","-270.2234371214108","-270.2234371214108","-187.55968481163023","-187.55968481163023","-187.55968481163023","-127.91316182459177","-127.91316182459177","-127.91316182459177","-774.801238863732","-774.801238863732","-774.801238863732","-779.8251329520707","-779.8251329520707","-779.8251329520707","-789.838618717281","-789.838618717281","-789.838618717281","-278.0841024494854","-278.0841024494854","-278.0841024494854"
"5400","-210.86149003987666","-210.86149003987666","-210.86149003987666","-246.57735122465402","-246.57735122465402","-246.57735122465402","-241.67232906018225","-241.67232906018225","-241.67232906018225","-217.25403989516022","-217.25403989516022","-217.25403989516022","-157.51701487184016","-157.51701487184016","-157.51701487184016","-394.0654988333825","-394.0654988333825","-394.0654988333825","-193.82811345712275","-193.82811345712275","-193.82811345712275","-104.62572313316227","-104.62572313316227","-104.62572313316227","-171.30517365549866","-171.30517365549866","-171.30517365549866","-137.3284462408484","-137.3284462408484","-137.3284462408484","-151.72369440911686","-151.72369440911686","-151.72369440911686","-385.25476776038886","-385.25476776038886","-385.25476776038886","-128.75673250034697","-128.75673250034697","-128.75673250034697","-338.69324678298386","-338.69324678298386","-338.69324678298386","-210.99828447229592","-210.99828447229592","-210.99828447229592","-124.72104749537012","-124.72104749537012","-124.72104749537012","-861.8212982080422","-861.8212982080422","-861.8212982080422","-128.75240332959157","-128.75240332959157","-128.75240332959157","-618.1919225099878","-618.1919225099878","-618.1919225099878","-123.7723817793723","-123.7723817793723","-123.7723817793723"
"5700","-208.28843683761517","-208.28843683761517","-208.28843683761517","-273.4704065622651","-273.4704065622651","-273.4704065622651","-255.75944824038584","-255.75944824038584","-255.75944824038584","-218.45905484289605","-218.45905484289605","-218.45905484289605","-158.33942877382066","-158.33942877382066","-158.33942877382066","-734.0608670953725","-734.0608670953725","-734.0608670953725","-193.37114485306878","-193.37114485306878","-193.37114485306878","-102.70346286045799","-102.70346286045799","-102.70346286045799","-171.77867701423514","-171.77867701423514","-171.77867701423514","-299.75063615922534","-299.75063615922534","-299.75063615922534","-149.88421610048957","-149.88421610048957","-149.88421610048957","-230.71533067996455","-230.71533067996455","-230.71533067996455","-125.25339989128459","-125.25339989128459","-125.25339989128459","-211.4881916753223","-211.4881916753223","-211.4881916753223","-185.43496495849882","-185.43496495849882","-185.43496495849882","-126.50730574000768","-126.50730574000768","-126.50730574000768","-515.4364032831639","-515.4364032831639","-515.4364032831639","-128.99375075874653","-128.99375075874653","-128.99375075874653","-657.9918019393011","-657.9918019393011","-657.9918019393011","-591.2595067658689","-591.2595067658689","-591.2595067658689"
"6000","-178.4537727400351","-178.4537727400351","-178.4537727400351","-417.0340602255948","-417.0340602255948","-417.0340602255948","-793.0269948054253","-793.0269948054253","-793.0269948054253","-378.5156316734792","-378.5156316734792","-378.5156316734792","-149.56177327520612","-149.56177327520612","-149.56177327520612","-1257.019826299886","-1257.019826299886","-1257.019826299886","-192.56162209252744","-192.56162209252744","-192.56162209252744","-208.53767891562438","-208.53767891562438","-208.53767891562438","-173.91196467095352","-173.91196467095352","-173.91196467095352","-122.34087322456851","-122.34087322456851","-122.34087322456851","-148.27554179120227","-148.27554179120227","-148.27554179120227","-475.4565142138332","-475.4565142138332","-475.4565142138332","-123.70787377780046","-123.70787377780046","-123.70787377780046","-215.8666850819543","-215.8666850819543","-215.8666850819543","-179.76528328760287","-179.76528328760287","-179.76528328760287","-153.03914845341455","-153.03914845341455","-153.03914845341455","-570.8567764675826","-570.8567764675826","-570.8567764675826","-152.99175421379374","-152.99175421379374","-152.99175421379374","-658.6858915177615","-658.6858915177615","-658.6858915177615","-779.4568705178306","-779.4568705178306","-779.4568705178306"
"6300","-179.14194609572695","-179.14194609572695","-179.14194609572695","-219.55217128734475","-219.55217128734475","-219.55217128734475","-859.4193945618335","-859.4193945618335","-859.4193945618335","-294.60405319376","-294.60405319376","-294.60405319376","-178.6132773298033","-178.6132773298033","-178.6132773298033","-823.2747098095357","-823.2747098095357","-823.2747098095357","-196.3651695117422","-196.3651695117422","-196.3651695117422","-206.03112031776058","-206.03112031776058","-206.03112031776058","-170.783257401705","-170.783257401705","-170.783257401705","-366.53219326163116","-366.53219326163116","-366.53219326163116","-149.66620814058157","-149.66620814058157","-149.66620814058157","-522.7060770231184","-522.7060770231184","-522.7060770231184","-129.47506293776786","-129.47506293776786","-129.47506293776786","-397.3184382214744","-397.3184382214744","-397.3184382214744","-177.12759794706187","-177.12759794706187","-177.12759794706187","-127.15588987513692","-127.15588987513692","-127.15588987513692","-254.6069621999461","-254.6069621999461","-254.6069621999461","-126.80504192753764","-126.80504192753764","-126.80504192753764","-960.9033306649848","-960.9033306649848","-960.9033306649848","-562.7878688398267","-562.7878688398267","-562.7878688398267"
"6600","-175.9859533228457","-175.9859533228457","-175.9859533228457","-194.60173677635026","-194.60173677635026","-194.60173677635026","-693.6514069928184","-693.6514069928184","-693.6514069928184","-633.0202454132989","-633.0202454132989","-633.0202454132989","-154.64451157325666","-154.64451157325666","-154.64451157325666","-628.5329098956611","-628.5329098956611","-628.5329098956611","-196.39488041999033","-196.39488041999033","-196.39488041999033","-101.86180922902369","-101.86180922902369","-101.86180922902369","-176.98752428388366","-176.98752428388366","-176.98752428388366","-636.3918184085024","-636.3918184085024","-636.3918184085024","-147.6946611356341","-147.6946611356341","-147.6946611356341","-693.9532142291932","-693.9532142291932","-693.9532142291932","-129.9486814590251","-129.9486814590251","-129.9486814590251","-346.9067863977258","-346.9067863977258","-346.9067863977258","-177.1149178852892","-177.1149178852892","-177.1149178852892","-131.18152050435143","-131.18152050435143","-131.18152050435143","-147.2159596736558","-147.2159596736558","-147.2159596736558","-286.91417136098346","-286.91417136098346","-286.91417136098346","-794.1629928798989","-794.1629928798989","-794.1629928798989","-154.65830594723553","-154.65830594723553","-154.65830594723553"
"6900","-175.75848241285902","-175.75848241285902","-175.75848241285902","-242.03353413778663","-242.03353413778663","-242.03353413778663","-743.9782133583718","-743.9782133583718","-743.9782133583718","-214.5858486960028","-214.5858486960028","-214.5858486960028","-181.00429209753207","-181.00429209753207","-181.00429209753207","-1057.5031334637795","-1057.5031334637795","-1057.5031334637795","-191.06591842007495","-191.06591842007495","-191.06591842007495","-264.13822821930523","-264.13822821930523","-264.13822821930523","-543.4263848147772","-543.4263848147772","-543.4263848147772","-646.9253884001292","-646.9253884001292","-646.9253884001292","-147.88323963430443","-147.88323963430443","-147.88323963430443","-705.0799257727887","-705.0799257727887","-705.0799257727887","-497.1306471802469","-497.1306471802469","-497.1306471802469","-207.6453022072532","-207.6453022072532","-207.6453022072532","-229.00869386184314","-229.00869386184314","-229.00869386184314","-572.5269850519995","-572.5269850519995","-572.5269850519995","-148.17912393108537","-148.17912393108537","-148.17912393108537","-126.54395859176665","-126.54395859176665","-126.54395859176665","-328.4786034839698","-328.4786034839698","-328.4786034839698","-202.36341777481772","-202.36341777481772","-202.36341777481772"
"7200","-178.73205002990716","-178.73205002990716","-178.73205002990716","-375.6765043972356","-375.6765043972356","-375.6765043972356","-623.5963587153758","-623.5963587153758","-623.5963587153758","-270.9082918017073","-270.9082918017073","-270.9082918017073","-148.91323624637303","-148.91323624637303","-148.91323624637303","-533.2636849064513","-533.2636849064513","-533.2636849064513","-326.4598502647068","-326.4598502647068","-326.4598502647068","-104.77446475788868","-104.77446475788868","-104.77446475788868","-306.6321928537127","-306.6321928537127","-306.6321928537127","-913.4181408833762","-913.4181408833762","-913.4181408833762","-289.30586928954625","-289.30586928954625","-289.30586928954625","-268.26143281383503","-268.26143281383503","-268.26143281383503","-443.16450100164013","-443.16450100164013","-443.16450100164013","-346.4332789010192","-346.4332789010192","-346.4332789010192","-495.2620366480939","-495.2620366480939","-495.2620366480939","-899.5565011696508","-899.5565011696508","-899.5565011696508","-146.88851506738317","-146.88851506738317","-146.88851506738317","-406.99417532374974","-406.99417532374974","-406.99417532374974","-613.024692168274","-613.024692168274","-613.024692168274","-288.16504078918183","-288.16504078918183","-288.16504078918183"
"7500","-255.66624684176253","-255.66624684176253","-255.66624684176253","-271.10840637027707","-271.10840637027707","-271.10840637027707","-576.055010605982","-576.055010605982","-576.055010605982","-246.35552968647426","-246.35552968647426","-246.35552968647426","-149.12367216985112","-149.12367216985112","-149.12367216985112","-713.1826048730034","-713.1826048730034","-713.1826048730034","-246.02616609359083","-246.02616609359083","-246.02616609359083","-371.2970807937817","-371.2970807937817","-371.2970807937817","-351.7852740759232","-351.7852740759232","-351.7852740759232","-1346.4956137246768","-1346.4956137246768","-1346.4956137246768","-149.93285747594496","-149.93285747594496","-149.93285747594496","-202.73451042192875","-202.73451042192875","-202.73451042192875","-387.0016838695768","-387.0016838695768","-387.0016838695768","-314.20660360680074","-314.20660360680074","-314.20660360680074","-220.15240995078466","-220.15240995078466","-220.15240995078466","-393.4086124185038","-393.4086124185038","-393.4086124185038","-146.32336059837553","-146.32336059837553","-146.32336059837553","-123.84996152865392","-123.84996152865392","-123.84996152865392","-764.5015427127375","-764.5015427127375","-764.5015427127375","-390.2435045092993","-390.2435045092993","-390.2435045092993"
"7800","-180.1055404351277","-180.1055404351277","-180.1055404351277","-297.0782559791953","-297.0782559791953","-297.0782559791953","-552.020374641114","-552.020374641114","-552.020374641114","-433.91110478787397","-433.91110478787397","-433.91110478787397","-152.1860568194961","-152.1860568194961","-152.1860568194961","-648.3712270189786","-648.3712270189786","-648.3712270189786","-567.9243860681215","-567.9243860681215","-567.9243860681215","-587.4462528852066","-587.4462528852066","-587.4462528852066","-425.37450826672847","-425.37450826672847","-425.37450826672847","-726.7163884354945","-726.7163884354945","-726.7163884354945","-191.53387279154651","-191.53387279154651","-191.53387279154651","-602.9856479568605","-602.9856479568605","-602.9856479568605","-529.7343610491507","-529.7343610491507","-529.7343610491507","-749.2318857108473","-749.2318857108473","-749.2318857108473","-391.96863363213754","-391.96863363213754","-391.96863363213754","-415.60673015155027","-415.60673015155027","-415.60673015155027","-151.59636331707657","-151.59636331707657","-151.59636331707657","-206.49898885720444","-206.49898885720444","-206.49898885720444","-312.2944233432512","-312.2944233432512","-312.2944233432512","-253.87316571876937","-253.87316571876937","-253.87316571876937"
"8100","-229.13144251182194","-229.13144251182194","-229.13144251182194","-242.08180921043567","-242.08180921043567","-242.08180921043567","-237.33694000785945","-237.33694000785945","-237.33694000785945","-297.19327871466317","-297.19327871466317","-297.19327871466317","-157.11951769051626","-157.11951769051626","-157.11951769051626","-249.14029069279655","-249.14029069279655","-249.14029069279655","-333.7625917297547","-333.7625917297547","-333.7625917297547","-102.6102065450091","-102.6102065450091","-102.6102065450091","-813.6718889290396","-813.6718889290396","-813.6718889290396","-770.5888537628512","-770.5888537628512","-770.5888537628512","-315.26998218391816","-315.26998218391816","-315.26998218391816","-495.38507797417185","-495.38507797417185","-495.38507797417185","-605.3880510241216","-605.3880510241216","-605.3880510241216","-764.5520818001092","-764.5520818001092","-764.5520818001092","-178.55336073147419","-178.55336073147419","-178.55336073147419","-470.35706029149395","-470.35706029149395","-470.35706029149395","-197.79705175766395","-197.79705175766395","-197.79705175766395","-153.36046959407082","-153.36046959407082","-153.36046959407082","-760.8407006202025","-760.8407006202025","-760.8407006202025","-418.4356759888594","-418.4356759888594","-418.4356759888594"
"8400","-305.03982748943935","-305.03982748943935","-305.03982748943935","-247.98751229379081","-247.98751229379081","-247.98751229379081","-258.68097438169127","-258.68097438169127","-258.68097438169127","-221.90132906848694","-221.90132906848694","-221.90132906848694","-151.46924612389472","-151.46924612389472","-151.46924612389472","-528.3117696902578","-528.3117696902578","-528.3117696902578","-481.9746859884479","-481.9746859884479","-481.9746859884479","-130.31096375319476","-130.31096375319476","-130.31096375319476","-233.5167158995827","-233.5167158995827","-233.5167158995827","-573.2659303157345","-573.2659303157345","-573.2659303157345","-434.27288440722225","-434.27288440722225","-434.27288440722225","-662.4670510871762","-662.4670510871762","-662.4670510871762","-580.0022886345929","-580.0022886345929","-580.0022886345929","-668.6800442692345","-668.6800442692345","-668.6800442692345","-176.09867395447304","-176.09867395447304","-176.09867395447304","-473.5352360807086","-473.5352360807086","-473.5352360807086","-174.67615106343104","-174.67615106343104","-174.67615106343104","-125.6848193361636","-125.6848193361636","-125.6848193361636","-696.2734091434406","-696.2734091434406","-696.2734091434406","-264.12860201905295","-264.12860201905295","-264.12860201905295"
"8700","-255.1312903152052","-255.1312903152052","-255.1312903152052","-347.78537766881254","-347.78537766881254","-347.78537766881254","-233.84042948361304","-233.84042948361304","-233.84042948361304","-246.1471304845133","-246.1471304845133","-246.1471304845133","-229.6033565827003","-229.6033565827003","-229.6033565827003","-227.7180475783727","-227.7180475783727","-227.7180475783727","-392.7385578814261","-392.7385578814261","-392.7385578814261","-232.56757675368945","-232.56757675368945","-232.56757675368945","-406.1281543801449","-406.1281543801449","-406.1281543801449","-356.2493532746572","-356.2493532746572","-356.2493532746572","-516.6438520570655","-516.6438520570655","-516.6438520570655","-524.9348996878216","-524.9348996878216","-524.9348996878216","-500.2478766225232","-500.2478766225232","-500.2478766225232","-771.28375509312","-771.28375509312","-771.28375509312","-375.2967027887256","-375.2967027887256","-375.2967027887256","-386.55501271957974","-386.55501271957974","-386.55501271957974","-228.06353877087162","-228.06353877087162","-228.06353877087162","-123.04576896465899","-123.04576896465899","-123.04576896465899","-1231.9044505581332","-1231.9044505581332","-1231.9044505581332","-628.0402762259766","-628.0402762259766","-628.0402762259766"
"9000","-185.85996505254747","-185.85996505254747","-185.85996505254747","-318.72807891157134","-318.72807891157134","-318.72807891157134","-290.12676307620853","-290.12676307620853","-290.12676307620853","-246.4522190218278","-246.4522190218278","-246.4522190218278","-381.906778069811","-381.906778069811","-381.906778069811","-198.76370696187558","-198.76370696187558","-198.76370696187558","-240.74039785934056","-240.74039785934056","-240.74039785934056","-156.3712408811907","-156.3712408811907","-156.3712408811907","-360.5953276409902","-360.5953276409902","-360.5953276409902","-431.8308927090873","-431.8308927090873","-431.8308927090873","-656.8243833619904","-656.8243833619904","-656.8243833619904","-253.49793972186353","-253.49793972186353","-253.49793972186353","-773.3012380576711","-773.3012380576711","-773.3012380576711","-636.4324664825004","-636.4324664825004","-636.4324664825004","-204.28439083769612","-204.28439083769612","-204.28439083769612","-597.968821798147","-597.968821798147","-597.968821798147","-154.47874651569117","-154.47874651569117","-154.47874651569117","-123.47538371578355","-123.47538371578355","-123.47538371578355","-686.6739212756395","-686.6739212756395","-686.6739212756395","-432.74159106493335","-432.74159106493335","-432.74159106493335"
"9300","-296.5025364415742","-296.5025364415742","-296.5025364415742","-242.32467208693407","-242.32467208693407","-242.32467208693407","-254.22220579287915","-254.22220579287915","-254.22220579287915","-219.0879449424308","-219.0879449424308","-219.0879449424308","-206.16823903955165","-206.16823903955165","-206.16823903955165","-146.48454253979347","-146.48454253979347","-146.48454253979347","-422.8513372618907","-422.8513372618907","-422.8513372618907","-105.0081765912361","-105.0081765912361","-105.0081765912361","-436.61463869212696","-436.61463869212696","-436.61463869212696","-464.38939310996784","-464.38939310996784","-464.38939310996784","-515.2426797442041","-515.2426797442041","-515.2426797442041","-445.3497645493529","-445.3497645493529","-445.3497645493529","-520.5245075121709","-520.5245075121709","-520.5245075121709","-599.5367518054209","-599.5367518054209","-599.5367518054209","-224.63653817823297","-224.63653817823297","-224.63653817823297","-443.67522442813515","-443.67522442813515","-443.67522442813515","-329.4776932942192","-329.4776932942192","-329.4776932942192","-123.88435834191084","-123.88435834191084","-123.88435834191084","-220.45573166775125","-220.45573166775125","-220.45573166775125","-128.55609073082024","-128.55609073082024","-128.55609073082024"
"9600","-253.08391405315334","-253.08391405315334","-253.08391405315334","-210.48750298911347","-210.48750298911347","-210.48750298911347","-254.7638807304736","-254.7638807304736","-254.7638807304736","-244.2316210554017","-244.2316210554017","-244.2316210554017","-479.485416654637","-479.485416654637","-479.485416654637","-338.99969435982354","-338.99969435982354","-338.99969435982354","-249.18656325141757","-249.18656325141757","-249.18656325141757","-104.539243624817","-104.539243624817","-104.539243624817","-171.13546080130064","-171.13546080130064","-171.13546080130064","-524.7080010589082","-524.7080010589082","-524.7080010589082","-633.8685307193641","-633.8685307193641","-633.8685307193641","-303.71534025083","-303.71534025083","-303.71534025083","-575.0328812769294","-575.0328812769294","-575.0328812769294","-211.8005654165661","-211.8005654165661","-211.8005654165661","-199.3929153667082","-199.3929153667082","-199.3929153667082","-480.0529123880522","-480.0529123880522","-480.0529123880522","-447.12912885896293","-447.12912885896293","-447.12912885896293","-122.70584360999752","-122.70584360999752","-122.70584360999752","-187.2239889946104","-187.2239889946104","-187.2239889946104","-126.85807141604899","-126.85807141604899","-126.85807141604899"
"9900","-225.2933270983488","-225.2933270983488","-225.2933270983488","-242.4560406623272","-242.4560406623272","-242.4560406623272","-254.17193259181235","-254.17193259181235","-254.17193259181235","-299.50242132022186","-299.50242132022186","-299.50242132022186","-455.96808947475273","-455.96808947475273","-455.96808947475273","-143.18532219550923","-143.18532219550923","-143.18532219550923","-276.3272055671763","-276.3272055671763","-276.3272055671763","-104.33654110367078","-104.33654110367078","-104.33654110367078","-195.73268250822187","-195.73268250822187","-195.73268250822187","-628.7052178827705","-628.7052178827705","-628.7052178827705","-582.8702165777535","-582.8702165777535","-582.8702165777535","-223.07256865663845","-223.07256865663845","-223.07256865663845","-537.9650086088479","-537.9650086088479","-537.9650086088479","-289.1235996889478","-289.1235996889478","-289.1235996889478","-173.24764556150924","-173.24764556150924","-173.24764556150924","-465.57589759376435","-465.57589759376435","-465.57589759376435","-432.52868644599465","-432.52868644599465","-432.52868644599465","-123.692603326884","-123.692603326884","-123.692603326884","-185.7206450485543","-185.7206450485543","-185.7206450485543","-124.94531025449778","-124.94531025449778","-124.94531025449778"
"10200","-349.99179991507447","-349.99179991507447","-349.99179991507447","-213.98603708272472","-213.98603708272472","-213.98603708272472","-280.55359270247084","-280.55359270247084","-280.55359270247084","-245.13526055313332","-245.13526055313332","-245.13526055313332","-706.7613609853292","-706.7613609853292","-706.7613609853292","-145.5081106059434","-145.5081106059434","-145.5081106059434","-191.83217664467844","-191.83217664467844","-191.83217664467844","-107.26143737285975","-107.26143737285975","-107.26143737285975","-220.75813264523373","-220.75813264523373","-220.75813264523373","-496.81370417378673","-496.81370417378673","-496.81370417378673","-559.8973130916019","-559.8973130916019","-559.8973130916019","-330.9493166593305","-330.9493166593305","-330.9493166593305","-559.3496083748053","-559.3496083748053","-559.3496083748053","-213.57594771968337","-213.57594771968337","-213.57594771968337","-251.33304551835764","-251.33304551835764","-251.33304551835764","-454.28941359683796","-454.28941359683796","-454.28941359683796","-281.23346583518344","-281.23346583518344","-281.23346583518344","-123.38630422047311","-123.38630422047311","-123.38630422047311","-889.7199650727067","-889.7199650727067","-889.7199650727067","-179.90097637985087","-179.90097637985087","-179.90097637985087"
"10500","-204.64050443053856","-204.64050443053856","-204.64050443053856","-213.43907763122783","-213.43907763122783","-213.43907763122783","-279.85683501636805","-279.85683501636805","-279.85683501636805","-293.5184771137748","-293.5184771137748","-293.5184771137748","-151.9065307420226","-151.9065307420226","-151.9065307420226","-145.8228002010522","-145.8228002010522","-145.8228002010522","-193.27508450773013","-193.27508450773013","-193.27508450773013","-106.25263557790564","-106.25263557790564","-106.25263557790564","-197.31030570235563","-197.31030570235563","-197.31030570235563","-445.82480391279006","-445.82480391279006","-445.82480391279006","-782.1906418252972","-782.1906418252972","-782.1906418252972","-278.8617733728248","-278.8617733728248","-278.8617733728248","-395.9429206732692","-395.9429206732692","-395.9429206732692","-209.50945651715332","-209.50945651715332","-209.50945651715332","-174.6851028034435","-174.6851028034435","-174.6851028034435","-295.34945255905706","-295.34945255905706","-295.34945255905706","-441.7982341069781","-441.7982341069781","-441.7982341069781","-122.48583241150429","-122.48583241150429","-122.48583241150429","-944.3353767350224","-944.3353767350224","-944.3353767350224","-126.05878415649184","-126.05878415649184","-126.05878415649184"
"10800","-393.23476109261526","-393.23476109261526","-393.23476109261526","-219.36982017575718","-219.36982017575718","-219.36982017575718","-307.48381783658965","-307.48381783658965","-307.48381783658965","-272.32816935207285","-272.32816935207285","-272.32816935207285","-203.56706834762818","-203.56706834762818","-203.56706834762818","-170.1145585447195","-170.1145585447195","-170.1145585447195","-244.8205734396293","-244.8205734396293","-244.8205734396293","-103.55414439081487","-103.55414439081487","-103.55414439081487","-245.72900543466858","-245.72900543466858","-245.72900543466858","-471.67007901273854","-471.67007901273854","-471.67007901273854","-617.0735979454254","-617.0735979454254","-617.0735979454254","-277.0983633549749","-277.0983633549749","-277.0983633549749","-438.93788371593234","-438.93788371593234","-438.93788371593234","-319.21182698579594","-319.21182698579594","-319.21182698579594","-174.79804626303297","-174.79804626303297","-174.79804626303297","-508.3134856792518","-508.3134856792518","-508.3134856792518","-458.7294910715461","-458.7294910715461","-458.7294910715461","-122.11042736746049","-122.11042736746049","-122.11042736746049","-792.3857257907191","-792.3857257907191","-792.3857257907191","-127.23585303462797","-127.23585303462797","-127.23585303462797"
"11100","-303.25155446972275","-303.25155446972275","-303.25155446972275","-221.83642002390974","-221.83642002390974","-221.83642002390974","-307.66303161471717","-307.66303161471717","-307.66303161471717","-272.16414459116237","-272.16414459116237","-272.16414459116237","-366.3849666255127","-366.3849666255127","-366.3849666255127","-196.7896176540204","-196.7896176540204","-196.7896176540204","-325.5705589546783","-325.5705589546783","-325.5705589546783","-129.69711156628506","-129.69711156628506","-129.69711156628506","-246.09190197501283","-246.09190197501283","-246.09190197501283","-512.1439506279411","-512.1439506279411","-512.1439506279411","-823.4560219760278","-823.4560219760278","-823.4560219760278","-305.7940658878788","-305.7940658878788","-305.7940658878788","-274.4094929744","-274.4094929744","-274.4094929744","-284.1054443497453","-284.1054443497453","-284.1054443497453","-638.4721273954256","-638.4721273954256","-638.4721273954256","-441.16015225266636","-441.16015225266636","-441.16015225266636","-371.42337690317675","-371.42337690317675","-371.42337690317675","-121.62149213330807","-121.62149213330807","-121.62149213330807","-581.2148058011614","-581.2148058011614","-581.2148058011614","-150.84979259037556","-150.84979259037556","-150.84979259037556"
"11400","-346.44917412438156","-346.44917412438156","-346.44917412438156","-219.34751916883988","-219.34751916883988","-219.34751916883988","-362.5889315944611","-362.5889315944611","-362.5889315944611","-273.76925230574795","-273.76925230574795","-273.76925230574795","-229.43802938305103","-229.43802938305103","-229.43802938305103","-249.2150835964184","-249.2150835964184","-249.2150835964184","-248.21396221075005","-248.21396221075005","-248.21396221075005","-155.08046733639912","-155.08046733639912","-155.08046733639912","-172.64075959045047","-172.64075959045047","-172.64075959045047","-521.1439408803047","-521.1439408803047","-521.1439408803047","-544.5983230716665","-544.5983230716665","-544.5983230716665","-198.42936223460464","-198.42936223460464","-198.42936223460464","-467.62544505456134","-467.62544505456134","-467.62544505456134","-416.3672866253731","-416.3672866253731","-416.3672866253731","-557.0315668684838","-557.0315668684838","-557.0315668684838","-685.9713706885751","-685.9713706885751","-685.9713706885751","-525.8228400177367","-525.8228400177367","-525.8228400177367","-122.72102898598128","-122.72102898598128","-122.72102898598128","-755.0102425556594","-755.0102425556594","-755.0102425556594","-178.27177959572435","-178.27177959572435","-178.27177959572435"
"11700","-303.7410254123087","-303.7410254123087","-303.7410254123087","-222.4122173809867","-222.4122173809867","-222.4122173809867","-309.90293957086203","-309.90293957086203","-309.90293957086203","-324.81908163765354","-324.81908163765354","-324.81908163765354","-649.9061932676173","-649.9061932676173","-649.9061932676173","-145.6483771236249","-145.6483771236249","-145.6483771236249","-193.58654509262618","-193.58654509262618","-193.58654509262618","-105.32040910124992","-105.32040910124992","-105.32040910124992","-248.57548530296384","-248.57548530296384","-248.57548530296384","-471.25233532611327","-471.25233532611327","-471.25233532611327","-651.2812897811973","-651.2812897811973","-651.2812897811973","-251.43876069248395","-251.43876069248395","-251.43876069248395","-460.09700462625517","-460.09700462625517","-460.09700462625517","-217.80964016265617","-217.80964016265617","-217.80964016265617","-536.9988854253791","-536.9988854253791","-536.9988854253791","-511.46785506910027","-511.46785506910027","-511.46785506910027","-459.8249651992388","-459.8249651992388","-459.8249651992388","-122.5216543751599","-122.5216543751599","-122.5216543751599","-868.5672649029368","-868.5672649029368","-868.5672649029368","-179.54145453665132","-179.54145453665132","-179.54145453665132"
"12000","-344.1811648103254","-344.1811648103254","-344.1811648103254","-198.99581834894025","-198.99581834894025","-198.99581834894025","-337.2700548188425","-337.2700548188425","-337.2700548188425","-273.319562987171","-273.319562987171","-273.319562987171","-227.00154631225237","-227.00154631225237","-227.00154631225237","-143.46357246500938","-143.46357246500938","-143.46357246500938","-194.24327097105643","-194.24327097105643","-194.24327097105643","-104.62530661693229","-104.62530661693229","-104.62530661693229","-272.67334408669973","-272.67334408669973","-272.67334408669973","-583.4080488997197","-583.4080488997197","-583.4080488997197","-594.4951416914655","-594.4951416914655","-594.4951416914655","-173.80844099477616","-173.80844099477616","-173.80844099477616","-497.5114949437848","-497.5114949437848","-497.5114949437848","-451.52908887238954","-451.52908887238954","-451.52908887238954","-637.4795144151219","-637.4795144151219","-637.4795144151219","-478.4048251408391","-478.4048251408391","-478.4048251408391","-481.9565053318596","-481.9565053318596","-481.9565053318596","-122.55835227673701","-122.55835227673701","-122.55835227673701","-202.8992047270559","-202.8992047270559","-202.8992047270559","-124.69458857857862","-124.69458857857862","-124.69458857857862"
"12300","-386.76701617425954","-386.76701617425954","-386.76701617425954","-246.7664668132658","-246.7664668132658","-246.7664668132658","-254.35335490639886","-254.35335490639886","-254.35335490639886","-272.64791361230334","-272.64791361230334","-272.64791361230334","-151.90790984890012","-151.90790984890012","-151.90790984890012","-144.59173415760205","-144.59173415760205","-144.59173415760205","-221.71739906857297","-221.71739906857297","-221.71739906857297","-103.85083433458047","-103.85083433458047","-103.85083433458047","-217.65062101035969","-217.65062101035969","-217.65062101035969","-674.5842556239519","-674.5842556239519","-674.5842556239519","-577.5181226089021","-577.5181226089021","-577.5181226089021","-198.12674666336238","-198.12674666336238","-198.12674666336238","-386.88743775689375","-386.88743775689375","-386.88743775689375","-353.78523724427384","-353.78523724427384","-353.78523724427384","-583.3376215388505","-583.3376215388505","-583.3376215388505","-310.897173886923","-310.897173886923","-310.897173886923","-630.4376223758929","-630.4376223758929","-630.4376223758929","-122.89139907433977","-122.89139907433977","-122.89139907433977","-203.03354386725863","-203.03354386725863","-203.03354386725863","-124.66050206864603","-124.66050206864603","-124.66050206864603"
"12600","-340.91642554726985","-340.91642554726985","-340.91642554726985","-324.37512315575754","-324.37512315575754","-324.37512315575754","-307.4843561295093","-307.4843561295093","-307.4843561295093","-453.239739405764","-453.239739405764","-453.239739405764","-157.88324544334031","-157.88324544334031","-157.88324544334031","-169.7564460940338","-169.7564460940338","-169.7564460940338","-518.1684242467634","-518.1684242467634","-518.1684242467634","-105.65283330860964","-105.65283330860964","-105.65283330860964","-170.48493402243358","-170.48493402243358","-170.48493402243358","-619.9701369944472","-619.9701369944472","-619.9701369944472","-558.896394569916","-558.896394569916","-558.896394569916","-170.5453079077325","-170.5453079077325","-170.5453079077325","-558.1948495735514","-558.1948495735514","-558.1948495735514","-318.87354634550275","-318.87354634550275","-318.87354634550275","-589.4139998753476","-589.4139998753476","-589.4139998753476","-425.2070361701086","-425.2070361701086","-425.2070361701086","-459.41148828258264","-459.41148828258264","-459.41148828258264","-150.53850490717022","-150.53850490717022","-150.53850490717022","-359.57095062865017","-359.57095062865017","-359.57095062865017","-125.82479381940323","-125.82479381940323","-125.82479381940323"
"12900","-289.55782865418","-289.55782865418","-289.55782865418","-249.3443402612639","-249.3443402612639","-249.3443402612639","-307.31300772762256","-307.31300772762256","-307.31300772762256","-222.2236627229582","-222.2236627229582","-222.2236627229582","-205.83724710038564","-205.83724710038564","-205.83724710038564","-142.6801854023187","-142.6801854023187","-142.6801854023187","-488.69659703491027","-488.69659703491027","-488.69659703491027","-102.62907035383213","-102.62907035383213","-102.62907035383213","-220.19467254051227","-220.19467254051227","-220.19467254051227","-767.8421641244347","-767.8421641244347","-767.8421641244347","-582.8145680503088","-582.8145680503088","-582.8145680503088","-170.29330842867074","-170.29330842867074","-170.29330842867074","-517.2718324782352","-517.2718324782352","-517.2718324782352","-334.20927161835783","-334.20927161835783","-334.20927161835783","-531.3971086503685","-531.3971086503685","-531.3971086503685","-433.3680350933888","-433.3680350933888","-433.3680350933888","-463.141267615042","-463.141267615042","-463.141267615042","-124.11011845889136","-124.11011845889136","-124.11011845889136","-177.71838743410862","-177.71838743410862","-177.71838743410862","-178.4830305574562","-178.4830305574562","-178.4830305574562"
"13200","-372.81107387030323","-372.81107387030323","-372.81107387030323","-248.55788306112626","-248.55788306112626","-248.55788306112626","-307.38782396382277","-307.38782396382277","-307.38782396382277","-301.07894264048076","-301.07894264048076","-301.07894264048076","-368.847564273506","-368.847564273506","-368.847564273506","-143.32421696104498","-143.32421696104498","-143.32421696104498","-390.9799688200459","-390.9799688200459","-390.9799688200459","-105.53685504535034","-105.53685504535034","-105.53685504535034","-195.9885198560553","-195.9885198560553","-195.9885198560553","-533.7680095078647","-533.7680095078647","-533.7680095078647","-534.7502260027544","-534.7502260027544","-534.7502260027544","-172.729787034245","-172.729787034245","-172.729787034245","-483.5607747885806","-483.5607747885806","-483.5607747885806","-321.7373408063922","-321.7373408063922","-321.7373408063922","-589.0344127265564","-589.0344127265564","-589.0344127265564","-507.11761278694513","-507.11761278694513","-507.11761278694513","-295.3966734237685","-295.3966734237685","-295.3966734237685","-125.05477871495093","-125.05477871495093","-125.05477871495093","-205.31781399579503","-205.31781399579503","-205.31781399579503","-440.59667153355383","-440.59667153355383","-440.59667153355383"
"13500","-383.22971100161556","-383.22971100161556","-383.22971100161556","-248.03225733663197","-248.03225733663197","-248.03225733663197","-278.1230972340287","-278.1230972340287","-278.1230972340287","-302.5087810871979","-302.5087810871979","-302.5087810871979","-155.47129716277684","-155.47129716277684","-155.47129716277684","-169.85016185561597","-169.85016185561597","-169.85016185561597","-409.48192246110636","-409.48192246110636","-409.48192246110636","-104.41850592234383","-104.41850592234383","-104.41850592234383","-248.46696726742752","-248.46696726742752","-248.46696726742752","-739.6296048209906","-739.6296048209906","-739.6296048209906","-484.8718244244066","-484.8718244244066","-484.8718244244066","-578.1622553271833","-578.1622553271833","-578.1622553271833","-403.14058813243145","-403.14058813243145","-403.14058813243145","-345.3748853037027","-345.3748853037027","-345.3748853037027","-610.3450970095363","-610.3450970095363","-610.3450970095363","-329.1441324088024","-329.1441324088024","-329.1441324088024","-323.6467326857561","-323.6467326857561","-323.6467326857561","-126.95281121824473","-126.95281121824473","-126.95281121824473","-180.20049191792856","-180.20049191792856","-180.20049191792856","-253.65444552328387","-253.65444552328387","-253.65444552328387"
"13800","-279.9870665796956","-279.9870665796956","-279.9870665796956","-222.13436495315477","-222.13436495315477","-222.13436495315477","-336.0222181463889","-336.0222181463889","-336.0222181463889","-324.0307478117626","-324.0307478117626","-324.0307478117626","-208.73806120307808","-208.73806120307808","-208.73806120307808","-146.3364502225274","-146.3364502225274","-146.3364502225274","-195.0425886113867","-195.0425886113867","-195.0425886113867","-107.48265402250554","-107.48265402250554","-107.48265402250554","-196.7495587886545","-196.7495587886545","-196.7495587886545","-689.5623984616728","-689.5623984616728","-689.5623984616728","-628.2990568497955","-628.2990568497955","-628.2990568497955","-375.9181077853089","-375.9181077853089","-375.9181077853089","-349.0006057249871","-349.0006057249871","-349.0006057249871","-342.94594510533864","-342.94594510533864","-342.94594510533864","-532.8320699568078","-532.8320699568078","-532.8320699568078","-405.6903477091554","-405.6903477091554","-405.6903477091554","-483.82243475646555","-483.82243475646555","-483.82243475646555","-331.0087932910089","-331.0087932910089","-331.0087932910089","-177.76236029185483","-177.76236029185483","-177.76236029185483","-150.1958628899588","-150.1958628899588","-150.1958628899588"
"14100","-430.01625713451267","-430.01625713451267","-430.01625713451267","-220.1038212334459","-220.1038212334459","-220.1038212334459","-382.6619606335647","-382.6619606335647","-382.6619606335647","-323.7565062255129","-323.7565062255129","-323.7565062255129","-396.3772905893317","-396.3772905893317","-396.3772905893317","-143.98160034001643","-143.98160034001643","-143.98160034001643","-274.7913059891165","-274.7913059891165","-274.7913059891165","-107.72744715658011","-107.72744715658011","-107.72744715658011","-221.94674492435124","-221.94674492435124","-221.94674492435124","-677.8853785368559","-677.8853785368559","-677.8853785368559","-506.7854918851237","-506.7854918851237","-506.7854918851237","-199.25984579218425","-199.25984579218425","-199.25984579218425","-388.4323260572328","-388.4323260572328","-388.4323260572328","-324.2109591243467","-324.2109591243467","-324.2109591243467","-576.2929327052076","-576.2929327052076","-576.2929327052076","-306.7543596434332","-306.7543596434332","-306.7543596434332","-174.91575604246339","-174.91575604246339","-174.91575604246339","-268.50028987995825","-268.50028987995825","-268.50028987995825","-408.3023625079638","-408.3023625079638","-408.3023625079638","-123.95878887001122","-123.95878887001122","-123.95878887001122"
"14400","-430.4181131510951","-430.4181131510951","-430.4181131510951","-247.38182802682576","-247.38182802682576","-247.38182802682576","-277.67225488702877","-277.67225488702877","-277.67225488702877","-299.1751738880806","-299.1751738880806","-299.1751738880806","-236.66736700436974","-236.66736700436974","-236.66736700436974","-143.3718410856773","-143.3718410856773","-143.3718410856773","-385.3851639910755","-385.3851639910755","-385.3851639910755","-106.80579161486139","-106.80579161486139","-106.80579161486139","-247.56825011739102","-247.56825011739102","-247.56825011739102","-595.6884272402807","-595.6884272402807","-595.6884272402807","-554.9949368851926","-554.9949368851926","-554.9949368851926","-360.47568867899815","-360.47568867899815","-360.47568867899815","-514.4235648008531","-514.4235648008531","-514.4235648008531","-300.3618577128494","-300.3618577128494","-300.3618577128494","-765.4382348887391","-765.4382348887391","-765.4382348887391","-253.85154812300965","-253.85154812300965","-253.85154812300965","-251.23070036996333","-251.23070036996333","-251.23070036996333","-261.6298239066551","-261.6298239066551","-261.6298239066551","-491.28700254060004","-491.28700254060004","-491.28700254060004","-125.19501501352593","-125.19501501352593","-125.19501501352593"
"14700","-417.0537279688604","-417.0537279688604","-417.0537279688604","-245.10671548048077","-245.10671548048077","-245.10671548048077","-389.65008131002656","-389.65008131002656","-389.65008131002656","-509.7435177241843","-509.7435177241843","-509.7435177241843","-396.5617366563758","-396.5617366563758","-396.5617366563758","-169.36469491874226","-169.36469491874226","-169.36469491874226","-529.1384588007825","-529.1384588007825","-529.1384588007825","-109.52074040975273","-109.52074040975273","-109.52074040975273","-398.1554509870787","-398.1554509870787","-398.1554509870787","-730.044076348","-730.044076348","-730.044076348","-689.1170218023165","-689.1170218023165","-689.1170218023165","-388.9149848687365","-388.9149848687365","-388.9149848687365","-512.2301110512294","-512.2301110512294","-512.2301110512294","-216.72488646489722","-216.72488646489722","-216.72488646489722","-663.5650700753968","-663.5650700753968","-663.5650700753968","-303.3351929980678","-303.3351929980678","-303.3351929980678","-175.21503715381237","-175.21503715381237","-175.21503715381237","-239.37836234226384","-239.37836234226384","-239.37836234226384","-175.4164357645847","-175.4164357645847","-175.4164357645847","-177.30178017081326","-177.30178017081326","-177.30178017081326"
"15000","-577.5288980247769","-577.5288980247769","-577.5288980247769","-289.2043202853282","-289.2043202853282","-289.2043202853282","-513.5656409374245","-513.5656409374245","-513.5656409374245","-430.7119401614485","-430.7119401614485","-430.7119401614485","-157.7885417011924","-157.7885417011924","-157.7885417011924","-143.4600759669396","-143.4600759669396","-143.4600759669396","-578.3442235962591","-578.3442235962591","-578.3442235962591","-161.6328136714415","-161.6328136714415","-161.6328136714415","-226.03780499289414","-226.03780499289414","-226.03780499289414","-589.999093960536","-589.999093960536","-589.999093960536","-458.81328187464953","-458.81328187464953","-458.81328187464953","-387.99135199989684","-387.99135199989684","-387.99135199989684","-531.3381162992475","-531.3381162992475","-531.3381162992475","-289.09760834048876","-289.09760834048876","-289.09760834048876","-604.4330327083778","-604.4330327083778","-604.4330327083778","-280.90227292722153","-280.90227292722153","-280.90227292722153","-175.81798575749963","-175.81798575749963","-175.81798575749963","-154.2540489263049","-154.2540489263049","-154.2540489263049","-176.65276778676866","-176.65276778676866","-176.65276778676866","-177.52854370121378","-177.52854370121378","-177.52854370121378"
"15300","-435.76070635280684","-435.76070635280684","-435.76070635280684","-220.978584324026","-220.978584324026","-220.978584324026","-463.96408734631405","-463.96408734631405","-463.96408734631405","-326.3091530593177","-326.3091530593177","-326.3091530593177","-182.77306062358974","-182.77306062358974","-182.77306062358974","-144.57435844007813","-144.57435844007813","-144.57435844007813","-591.6282102737391","-591.6282102737391","-591.6282102737391","-111.29114019141875","-111.29114019141875","-111.29114019141875","-326.81674893135335","-326.81674893135335","-326.81674893135335","-706.1942757709254","-706.1942757709254","-706.1942757709254","-569.8688867132712","-569.8688867132712","-569.8688867132712","-171.83337327566488","-171.83337327566488","-171.83337327566488","-525.9628647955834","-525.9628647955834","-525.9628647955834","-216.18848034241742","-216.18848034241742","-216.18848034241742","-577.4137201570926","-577.4137201570926","-577.4137201570926","-152.98899907268054","-152.98899907268054","-152.98899907268054","-430.25912145392306","-430.25912145392306","-430.25912145392306","-179.48505051327862","-179.48505051327862","-179.48505051327862","-204.21527340335308","-204.21527340335308","-204.21527340335308","-124.40238256932905","-124.40238256932905","-124.40238256932905"
"15600","-501.4280803175311","-501.4280803175311","-501.4280803175311","-247.07589790663738","-247.07589790663738","-247.07589790663738","-600.3384915586513","-600.3384915586513","-600.3384915586513","-397.48779193665297","-397.48779193665297","-397.48779193665297","-256.74648084117337","-256.74648084117337","-256.74648084117337","-249.31848809414436","-249.31848809414436","-249.31848809414436","-548.3804616646959","-548.3804616646959","-548.3804616646959","-159.69051925894613","-159.69051925894613","-159.69051925894613","-271.4538415531423","-271.4538415531423","-271.4538415531423","-570.9800402001525","-570.9800402001525","-570.9800402001525","-619.0004949427749","-619.0004949427749","-619.0004949427749","-360.9273095922654","-360.9273095922654","-360.9273095922654","-531.0895619116426","-531.0895619116426","-531.0895619116426","-214.3542444978938","-214.3542444978938","-214.3542444978938","-661.7408278099381","-661.7408278099381","-661.7408278099381","-176.08978860553708","-176.08978860553708","-176.08978860553708","-428.9496375745236","-428.9496375745236","-428.9496375745236","-253.78766076503933","-253.78766076503933","-253.78766076503933","-404.2671723269399","-404.2671723269399","-404.2671723269399","-124.15802500848008","-124.15802500848008","-124.15802500848008"
"15900","-556.850400306362","-556.850400306362","-556.850400306362","-245.28190059793116","-245.28190059793116","-245.28190059793116","-461.104024386568","-461.104024386568","-461.104024386568","-476.3249619913895","-476.3249619913895","-476.3249619913895","-306.13247165749266","-306.13247165749266","-306.13247165749266","-169.7992532664434","-169.7992532664434","-169.7992532664434","-444.9222978716956","-444.9222978716956","-444.9222978716956","-140.07340465568618","-140.07340465568618","-140.07340465568618","-273.43388858946776","-273.43388858946776","-273.43388858946776","-550.6506408356311","-550.6506408356311","-550.6506408356311","-563.0523662226852","-563.0523662226852","-563.0523662226852","-200.63975040886862","-200.63975040886862","-200.63975040886862","-655.1975366142526","-655.1975366142526","-655.1975366142526","-215.56231515022523","-215.56231515022523","-215.56231515022523","-623.7316011028936","-623.7316011028936","-623.7316011028936","-203.5238498467454","-203.5238498467454","-203.5238498467454","-541.9731442846211","-541.9731442846211","-541.9731442846211","-126.1482746113455","-126.1482746113455","-126.1482746113455","-199.43665308432008","-199.43665308432008","-199.43665308432008","-124.9545032313312","-124.9545032313312","-124.9545032313312"
"16200","-559.9196935407","-559.9196935407","-559.9196935407","-220.28937448146752","-220.28937448146752","-220.28937448146752","-356.77637319932023","-356.77637319932023","-356.77637319932023","-559.7579024259743","-559.7579024259743","-559.7579024259743","-160.1878477373123","-160.1878477373123","-160.1878477373123","-249.3240118674633","-249.3240118674633","-249.3240118674633","-552.222254478172","-552.222254478172","-552.222254478172","-142.72074173164418","-142.72074173164418","-142.72074173164418","-270.67313210812574","-270.67313210812574","-270.67313210812574","-479.02188182790417","-479.02188182790417","-479.02188182790417","-555.4433116930729","-555.4433116930729","-555.4433116930729","-171.66142030643104","-171.66142030643104","-171.66142030643104","-692.137435325176","-692.137435325176","-692.137435325176","-216.34083358753273","-216.34083358753273","-216.34083358753273","-588.5866878834594","-588.5866878834594","-588.5866878834594","-175.81158679318477","-175.81158679318477","-175.81158679318477","-497.12554157796893","-497.12554157796893","-497.12554157796893","-151.9476571813165","-151.9476571813165","-151.9476571813165","-176.10018923286967","-176.10018923286967","-176.10018923286967","-351.2253980080983","-351.2253980080983","-351.2253980080983"
"16500","-468.96789024456723","-468.96789024456723","-468.96789024456723","-220.53758515863836","-220.53758515863836","-220.53758515863836","-455.5350714359227","-455.5350714359227","-455.5350714359227","-617.2928724554357","-617.2928724554357","-617.2928724554357","-180.82317853726948","-180.82317853726948","-180.82317853726948","-196.1366239302299","-196.1366239302299","-196.1366239302299","-290.41612605774503","-290.41612605774503","-290.41612605774503","-290.0675126096354","-290.0675126096354","-290.0675126096354","-245.09462956201827","-245.09462956201827","-245.09462956201827","-595.5544331908234","-595.5544331908234","-595.5544331908234","-557.2297195959552","-557.2297195959552","-557.2297195959552","-305.4868827402885","-305.4868827402885","-305.4868827402885","-524.8604919098331","-524.8604919098331","-524.8604919098331","-214.36843287735195","-214.36843287735195","-214.36843287735195","-633.8183415467862","-633.8183415467862","-633.8183415467862","-150.0509503150459","-150.0509503150459","-150.0509503150459","-387.32797387851986","-387.32797387851986","-387.32797387851986","-283.1909851657051","-283.1909851657051","-283.1909851657051","-277.442885422046","-277.442885422046","-277.442885422046","-423.60798455408747","-423.60798455408747","-423.60798455408747"
"16800","-485.94019415591976","-485.94019415591976","-485.94019415591976","-270.8021622211791","-270.8021622211791","-270.8021622211791","-356.68865736913784","-356.68865736913784","-356.68865736913784","-478.43131091486276","-478.43131091486276","-478.43131091486276","-304.10291571339815","-304.10291571339815","-304.10291571339815","-144.41619014761795","-144.41619014761795","-144.41619014761795","-374.5838485709799","-374.5838485709799","-374.5838485709799","-192.57565865688622","-192.57565865688622","-192.57565865688622","-218.7005339976685","-218.7005339976685","-218.7005339976685","-592.6545684263781","-592.6545684263781","-592.6545684263781","-474.12017336195896","-474.12017336195896","-474.12017336195896","-303.13497553456966","-303.13497553456966","-303.13497553456966","-623.8217463397547","-623.8217463397547","-623.8217463397547","-239.22783521059077","-239.22783521059077","-239.22783521059077","-577.7880234209308","-577.7880234209308","-577.7880234209308","-176.10181185774306","-176.10181185774306","-176.10181185774306","-554.5671578287981","-554.5671578287981","-554.5671578287981","-278.36928014246416","-278.36928014246416","-278.36928014246416","-614.0303275533048","-614.0303275533048","-614.0303275533048","-352.6392823389193","-352.6392823389193","-352.6392823389193"
"17100","-544.3578371508049","-544.3578371508049","-544.3578371508049","-222.9638031924091","-222.9638031924091","-222.9638031924091","-531.5747933026169","-531.5747933026169","-531.5747933026169","-373.7960019194678","-373.7960019194678","-373.7960019194678","-223.6475460929743","-223.6475460929743","-223.6475460929743","-144.8661678940901","-144.8661678940901","-144.8661678940901","-415.0516137830535","-415.0516137830535","-415.0516137830535","-117.41988954719173","-117.41988954719173","-117.41988954719173","-445.0022049606514","-445.0022049606514","-445.0022049606514","-505.00776995378436","-505.00776995378436","-505.00776995378436","-612.5497932028117","-612.5497932028117","-612.5497932028117","-225.56225144021408","-225.56225144021408","-225.56225144021408","-558.9558173545806","-558.9558173545806","-558.9558173545806","-214.95708993937942","-214.95708993937942","-214.95708993937942","-562.4622958916923","-562.4622958916923","-562.4622958916923","-202.8652133974924","-202.8652133974924","-202.8652133974924","-536.7990094871736","-536.7990094871736","-536.7990094871736","-278.03040088862883","-278.03040088862883","-278.03040088862883","-201.73988076655925","-201.73988076655925","-201.73988076655925","-377.0254054635896","-377.0254054635896","-377.0254054635896"
"17400","-574.0725539005625","-574.0725539005625","-574.0725539005625","-224.00293325778892","-224.00293325778892","-224.00293325778892","-331.1465867097494","-331.1465867097494","-331.1465867097494","-446.9992870870957","-446.9992870870957","-446.9992870870957","-340.7395757010662","-340.7395757010662","-340.7395757010662","-170.41880123243263","-170.41880123243263","-170.41880123243263","-481.68667871339403","-481.68667871339403","-481.68667871339403","-251.26100702283043","-251.26100702283043","-251.26100702283043","-271.4109182268349","-271.4109182268349","-271.4109182268349","-755.9958325082417","-755.9958325082417","-755.9958325082417","-607.2341385024181","-607.2341385024181","-607.2341385024181","-227.48358268675355","-227.48358268675355","-227.48358268675355","-394.9633554745602","-394.9633554745602","-394.9633554745602","-267.060386756525","-267.060386756525","-267.060386756525","-502.01398040845487","-502.01398040845487","-502.01398040845487","-227.5523155989602","-227.5523155989602","-227.5523155989602","-603.9576854733358","-603.9576854733358","-603.9576854733358","-201.66440465178925","-201.66440465178925","-201.66440465178925","-332.00857458238","-332.00857458238","-332.00857458238","-367.9335602700031","-367.9335602700031","-367.9335602700031"
"17700","-554.3125102379149","-554.3125102379149","-554.3125102379149","-220.37751269175095","-220.37751269175095","-220.37751269175095","-360.879503051481","-360.879503051481","-360.879503051481","-323.14054871065764","-323.14054871065764","-323.14054871065764","-285.6732444676506","-285.6732444676506","-285.6732444676506","-143.72746149654887","-143.72746149654887","-143.72746149654887","-640.188439444038","-640.188439444038","-640.188439444038","-376.01329478930654","-376.01329478930654","-376.01329478930654","-295.1766602597491","-295.1766602597491","-295.1766602597491","-514.5065678880175","-514.5065678880175","-514.5065678880175","-566.3613602819154","-566.3613602819154","-566.3613602819154","-224.73412711310812","-224.73412711310812","-224.73412711310812","-331.16843346656333","-331.16843346656333","-331.16843346656333","-214.76892280742385","-214.76892280742385","-214.76892280742385","-558.3456565030631","-558.3456565030631","-558.3456565030631","-175.65903790227952","-175.65903790227952","-175.65903790227952","-652.031590456151","-652.031590456151","-652.031590456151","-175.07288872513058","-175.07288872513058","-175.07288872513058","-226.3296885469727","-226.3296885469727","-226.3296885469727","-514.0418937355589","-514.0418937355589","-514.0418937355589"
"18000","-569.1987474960113","-569.1987474960113","-569.1987474960113","-246.60508908124365","-246.60508908124365","-246.60508908124365","-308.1988939896387","-308.1988939896387","-308.1988939896387","-348.9755195601681","-348.9755195601681","-348.9755195601681","-370.8417867332632","-370.8417867332632","-370.8417867332632","-145.32538581925866","-145.32538581925866","-145.32538581925866","-740.4306072734516","-740.4306072734516","-740.4306072734516","-241.4945248416765","-241.4945248416765","-241.4945248416765","-297.04827443152476","-297.04827443152476","-297.04827443152476","-466.0960951128057","-466.0960951128057","-466.0960951128057","-785.327633183611","-785.327633183611","-785.327633183611","-306.3721590965622","-306.3721590965622","-306.3721590965622","-486.1390283487264","-486.1390283487264","-486.1390283487264","-238.19728878378137","-238.19728878378137","-238.19728878378137","-623.8730828265304","-623.8730828265304","-623.8730828265304","-124.8739209960822","-124.8739209960822","-124.8739209960822","-518.6403232816272","-518.6403232816272","-518.6403232816272","-252.70208166012375","-252.70208166012375","-252.70208166012375","-198.19635547094325","-198.19635547094325","-198.19635547094325","-717.0517195737291","-717.0517195737291","-717.0517195737291"
"18300","-609.8091760533403","-609.8091760533403","-609.8091760533403","-242.484095361804","-242.484095361804","-242.484095361804","-434.92082195047595","-434.92082195047595","-434.92082195047595","-297.01750055804115","-297.01750055804115","-297.01750055804115","-305.18181270120283","-305.18181270120283","-305.18181270120283","-149.54324957152159","-149.54324957152159","-149.54324957152159","-410.41561078929726","-410.41561078929726","-410.41561078929726","-248.60131752662286","-248.60131752662286","-248.60131752662286","-244.85774362429393","-244.85774362429393","-244.85774362429393","-650.2007187879979","-650.2007187879979","-650.2007187879979","-561.905107683517","-561.905107683517","-561.905107683517","-171.42678076416573","-171.42678076416573","-171.42678076416573","-355.39674445844","-355.39674445844","-355.39674445844","-213.3682005758911","-213.3682005758911","-213.3682005758911","-660.4687113041332","-660.4687113041332","-660.4687113041332","-329.23906200406157","-329.23906200406157","-329.23906200406157","-461.260442207275","-461.260442207275","-461.260442207275","-360.1054044905575","-360.1054044905575","-360.1054044905575","-200.04594353922047","-200.04594353922047","-200.04594353922047","-774.3750668274135","-774.3750668274135","-774.3750668274135"
"18600","-477.032843252334","-477.032843252334","-477.032843252334","-216.05476411783246","-216.05476411783246","-216.05476411783246","-500.9202507506716","-500.9202507506716","-500.9202507506716","-480.1970875443021","-480.1970875443021","-480.1970875443021","-358.12224605304726","-358.12224605304726","-358.12224605304726","-151.27536951426563","-151.27536951426563","-151.27536951426563","-523.8856051474711","-523.8856051474711","-523.8856051474711","-124.05252427578333","-124.05252427578333","-124.05252427578333","-195.1712581828618","-195.1712581828618","-195.1712581828618","-575.7385847684785","-575.7385847684785","-575.7385847684785","-608.4647192290645","-608.4647192290645","-608.4647192290645","-305.06530538363506","-305.06530538363506","-305.06530538363506","-467.12298923668794","-467.12298923668794","-467.12298923668794","-212.80451649531452","-212.80451649531452","-212.80451649531452","-632.3546731526633","-632.3546731526633","-632.3546731526633","-303.6126207752196","-303.6126207752196","-303.6126207752196","-299.88512253485436","-299.88512253485436","-299.88512253485436","-543.0757255845638","-543.0757255845638","-543.0757255845638","-407.7824721885225","-407.7824721885225","-407.7824721885225","-555.0420082877583","-555.0420082877583","-555.0420082877583"
"18900","-575.9663672640811","-575.9663672640811","-575.9663672640811","-268.3772925401421","-268.3772925401421","-268.3772925401421","-521.7166599701702","-521.7166599701702","-521.7166599701702","-321.6858481720566","-321.6858481720566","-321.6858481720566","-465.4510431722682","-465.4510431722682","-465.4510431722682","-566.7838037554466","-566.7838037554466","-566.7838037554466","-414.68186042471655","-414.68186042471655","-414.68186042471655","-371.76374772826","-371.76374772826","-371.76374772826","-248.59075623176582","-248.59075623176582","-248.59075623176582","-392.5762669927143","-392.5762669927143","-392.5762669927143","-508.24472283423466","-508.24472283423466","-508.24472283423466","-279.0526327921247","-279.0526327921247","-279.0526327921247","-328.19539017910625","-328.19539017910625","-328.19539017910625","-212.2193803248646","-212.2193803248646","-212.2193803248646","-551.8166167823374","-551.8166167823374","-551.8166167823374","-277.83772237580564","-277.83772237580564","-277.83772237580564","-475.2295316920422","-475.2295316920422","-475.2295316920422","-350.6150323665423","-350.6150323665423","-350.6150323665423","-433.8141275379563","-433.8141275379563","-433.8141275379563","-737.4694484027484","-737.4694484027484","-737.4694484027484"
"19200","-575.9791654568519","-575.9791654568519","-575.9791654568519","-217.49490115299054","-217.49490115299054","-217.49490115299054","-461.36597684662064","-461.36597684662064","-461.36597684662064","-396.90323735621104","-396.90323735621104","-396.90323735621104","-384.0783283320769","-384.0783283320769","-384.0783283320769","-451.0370297425555","-451.0370297425555","-451.0370297425555","-540.1791254179227","-540.1791254179227","-540.1791254179227","-168.63115054863252","-168.63115054863252","-168.63115054863252","-271.97924798075246","-271.97924798075246","-271.97924798075246","-472.46760351844404","-472.46760351844404","-472.46760351844404","-586.5508865043719","-586.5508865043719","-586.5508865043719","-306.29550878399664","-306.29550878399664","-306.29550878399664","-347.99185644933885","-347.99185644933885","-347.99185644933885","-210.82422042619842","-210.82422042619842","-210.82422042619842","-543.637907288423","-543.637907288423","-543.637907288423","-255.04209866875075","-255.04209866875075","-255.04209866875075","-423.6865536616938","-423.6865536616938","-423.6865536616938","-374.634832297962","-374.634832297962","-374.634832297962","-226.71989254887072","-226.71989254887072","-226.71989254887072","-670.5191785054822","-670.5191785054822","-670.5191785054822"
"19500","-629.5566042671757","-629.5566042671757","-629.5566042671757","-216.45589137408783","-216.45589137408783","-216.45589137408783","-468.9966277719515","-468.9966277719515","-468.9966277719515","-404.47277727607263","-404.47277727607263","-404.47277727607263","-347.59511418525284","-347.59511418525284","-347.59511418525284","-605.7061417028174","-605.7061417028174","-605.7061417028174","-403.19346675259857","-403.19346675259857","-403.19346675259857","-216.41502065249247","-216.41502065249247","-216.41502065249247","-243.15826291521853","-243.15826291521853","-243.15826291521853","-496.0803574671746","-496.0803574671746","-496.0803574671746","-480.33437483246763","-480.33437483246763","-480.33437483246763","-198.64721243908917","-198.64721243908917","-198.64721243908917","-270.1721614607626","-270.1721614607626","-270.1721614607626","-212.0057325102081","-212.0057325102081","-212.0057325102081","-579.8091121839982","-579.8091121839982","-579.8091121839982","-252.0889358391151","-252.0889358391151","-252.0889358391151","-225.01250263652614","-225.01250263652614","-225.01250263652614","-325.76136612360995","-325.76136612360995","-325.76136612360995","-426.34439233189005","-426.34439233189005","-426.34439233189005","-600.4462129238926","-600.4462129238926","-600.4462129238926"
"19800","-548.6261706761298","-548.6261706761298","-548.6261706761298","-241.72615613792544","-241.72615613792544","-241.72615613792544","-463.99479837100824","-463.99479837100824","-463.99479837100824","-296.2939685507987","-296.2939685507987","-296.2939685507987","-398.8942187226954","-398.8942187226954","-398.8942187226954","-620.4096920934693","-620.4096920934693","-620.4096920934693","-453.1508662677219","-453.1508662677219","-453.1508662677219","-300.67919047781686","-300.67919047781686","-300.67919047781686","-364.5022149108562","-364.5022149108562","-364.5022149108562","-470.3878377361035","-470.3878377361035","-470.3878377361035","-657.2649468860617","-657.2649468860617","-657.2649468860617","-278.2084192548479","-278.2084192548479","-278.2084192548479","-396.09641099463414","-396.09641099463414","-396.09641099463414","-212.5926039205237","-212.5926039205237","-212.5926039205237","-581.7389673430196","-581.7389673430196","-581.7389673430196","-255.6501575876724","-255.6501575876724","-255.6501575876724","-274.8328018098947","-274.8328018098947","-274.8328018098947","-249.67396565968093","-249.67396565968093","-249.67396565968093","-206.68417851466444","-206.68417851466444","-206.68417851466444","-574.6632568739687","-574.6632568739687","-574.6632568739687"
"20100","-527.2929612804456","-527.2929612804456","-527.2929612804456","-217.23487960798562","-217.23487960798562","-217.23487960798562","-570.9151437422067","-570.9151437422067","-570.9151437422067","-419.55830729506926","-419.55830729506926","-419.55830729506926","-367.5719665510875","-367.5719665510875","-367.5719665510875","-531.6478008524211","-531.6478008524211","-531.6478008524211","-308.89901560032433","-308.89901560032433","-308.89901560032433","-223.83706514667156","-223.83706514667156","-223.83706514667156","-272.2797370832612","-272.2797370832612","-272.2797370832612","-571.8861025127998","-571.8861025127998","-571.8861025127998","-582.626163002243","-582.626163002243","-582.626163002243","-170.4373420999306","-170.4373420999306","-170.4373420999306","-250.2455898044454","-250.2455898044454","-250.2455898044454","-210.22473561690086","-210.22473561690086","-210.22473561690086","-720.3409801887159","-720.3409801887159","-720.3409801887159","-334.22454418779256","-334.22454418779256","-334.22454418779256","-487.01378435066374","-487.01378435066374","-487.01378435066374","-349.28158328084544","-349.28158328084544","-349.28158328084544","-434.73859824511084","-434.73859824511084","-434.73859824511084","-533.8157833990311","-533.8157833990311","-533.8157833990311"
"20400","-582.6810453177657","-582.6810453177657","-582.6810453177657","-194.12778651599257","-194.12778651599257","-194.12778651599257","-383.84353548516805","-383.84353548516805","-383.84353548516805","-295.5615153258345","-295.5615153258345","-295.5615153258345","-437.66692543895687","-437.66692543895687","-437.66692543895687","-542.5811581591225","-542.5811581591225","-542.5811581591225","-215.40617636067228","-215.40617636067228","-215.40617636067228","-176.27737303074144","-176.27737303074144","-176.27737303074144","-339.12529829104614","-339.12529829104614","-339.12529829104614","-529.7475783245968","-529.7475783245968","-529.7475783245968","-565.0374722900001","-565.0374722900001","-565.0374722900001","-170.1547175142771","-170.1547175142771","-170.1547175142771","-330.32813685824823","-330.32813685824823","-330.32813685824823","-289.79604489549007","-289.79604489549007","-289.79604489549007","-625.3097145534218","-625.3097145534218","-625.3097145534218","-329.8244311358919","-329.8244311358919","-329.8244311358919","-174.33472249406424","-174.33472249406424","-174.33472249406424","-399.6137593277407","-399.6137593277407","-399.6137593277407","-488.8843574669983","-488.8843574669983","-488.8843574669983","-483.02222994803907","-483.02222994803907","-483.02222994803907"
"20700","-407.8466513909171","-407.8466513909171","-407.8466513909171","-218.34723602050894","-218.34723602050894","-218.34723602050894","-410.0108254894429","-410.0108254894429","-410.0108254894429","-293.0997504290659","-293.0997504290659","-293.0997504290659","-379.94647002048634","-379.94647002048634","-379.94647002048634","-568.8414579034171","-568.8414579034171","-568.8414579034171","-223.80444765915894","-223.80444765915894","-223.80444765915894","-240.66088472434026","-240.66088472434026","-240.66088472434026","-698.3995324571736","-698.3995324571736","-698.3995324571736","-605.6540799335736","-605.6540799335736","-605.6540799335736","-639.5704911922527","-639.5704911922527","-639.5704911922527","-303.6696984631309","-303.6696984631309","-303.6696984631309","-300.941493524768","-300.941493524768","-300.941493524768","-210.2528046815202","-210.2528046815202","-210.2528046815202","-577.391020183485","-577.391020183485","-577.391020183485","-358.4361731179818","-358.4361731179818","-358.4361731179818","-146.180078675528","-146.180078675528","-146.180078675528","-377.5452659066311","-377.5452659066311","-377.5452659066311","-483.35334715412307","-483.35334715412307","-483.35334715412307","-406.6826934726188","-406.6826934726188","-406.6826934726188"
"21000","-552.3649058296866","-552.3649058296866","-552.3649058296866","-216.55512819897822","-216.55512819897822","-216.55512819897822","-438.5505639365292","-438.5505639365292","-438.5505639365292","-319.2318688409849","-319.2318688409849","-319.2318688409849","-412.8993805472036","-412.8993805472036","-412.8993805472036","-431.5208930060506","-431.5208930060506","-431.5208930060506","-404.8522170442654","-404.8522170442654","-404.8522170442654","-114.89559916271078","-114.89559916271078","-114.89559916271078","-529.5315155797559","-529.5315155797559","-529.5315155797559","-502.4295609724906","-502.4295609724906","-502.4295609724906","-556.0740770460276","-556.0740770460276","-556.0740770460276","-170.4945847835142","-170.4945847835142","-170.4945847835142","-331.61437169827866","-331.61437169827866","-331.61437169827866","-236.78434067951343","-236.78434067951343","-236.78434067951343","-593.7844346817039","-593.7844346817039","-593.7844346817039","-175.48780706118373","-175.48780706118373","-175.48780706118373","-174.16667591490932","-174.16667591490932","-174.16667591490932","-250.74297290100108","-250.74297290100108","-250.74297290100108","-301.18256922648004","-301.18256922648004","-301.18256922648004","-403.9147972023385","-403.9147972023385","-403.9147972023385"
"21300","-626.3279739136333","-626.3279739136333","-626.3279739136333","-297.9062697693455","-297.9062697693455","-297.9062697693455","-416.54117974613746","-416.54117974613746","-416.54117974613746","-240.87668562823364","-240.87668562823364","-240.87668562823364","-344.4896446887287","-344.4896446887287","-344.4896446887287","-507.0278603015569","-507.0278603015569","-507.0278603015569","-197.37298926320847","-197.37298926320847","-197.37298926320847","-116.64261255602507","-116.64261255602507","-116.64261255602507","-540.5936878838211","-540.5936878838211","-540.5936878838211","-501.380867142596","-501.380867142596","-501.380867142596","-533.3111876806117","-533.3111876806117","-533.3111876806117","-382.36318418546915","-382.36318418546915","-382.36318418546915","-409.57081736030784","-409.57081736030784","-409.57081736030784","-212.13010184755436","-212.13010184755436","-212.13010184755436","-607.7809694538925","-607.7809694538925","-607.7809694538925","-200.51264028477584","-200.51264028477584","-200.51264028477584","-305.15542466613624","-305.15542466613624","-305.15542466613624","-357.6040676184356","-357.6040676184356","-357.6040676184356","-516.3660509788091","-516.3660509788091","-516.3660509788091","-203.23704668308463","-203.23704668308463","-203.23704668308463"
"21600","-578.0961984766652","-578.0961984766652","-578.0961984766652","-219.4363948125835","-219.4363948125835","-219.4363948125835","-411.0784232736531","-411.0784232736531","-411.0784232736531","-298.85347523018424","-298.85347523018424","-298.85347523018424","-477.39613324802895","-477.39613324802895","-477.39613324802895","-497.61128124100276","-497.61128124100276","-497.61128124100276","-221.57261751902084","-221.57261751902084","-221.57261751902084","-115.81073749672446","-115.81073749672446","-115.81073749672446","-415.6578269603612","-415.6578269603612","-415.6578269603612","-502.14018450504","-502.14018450504","-502.14018450504","-565.912231986387","-565.912231986387","-565.912231986387","-388.3409393570528","-388.3409393570528","-388.3409393570528","-257.72015674083997","-257.72015674083997","-257.72015674083997","-213.37297883680958","-213.37297883680958","-213.37297883680958","-517.1634187978591","-517.1634187978591","-517.1634187978591","-227.02389025568132","-227.02389025568132","-227.02389025568132","-176.72457602341143","-176.72457602341143","-176.72457602341143","-301.05936279136364","-301.05936279136364","-301.05936279136364","-281.4182868198328","-281.4182868198328","-281.4182868198328","-372.9008409483672","-372.9008409483672","-372.9008409483672"
"21900","-480.89909841419666","-480.89909841419666","-480.89909841419666","-218.1410071002083","-218.1410071002083","-218.1410071002083","-334.90833686179394","-334.90833686179394","-334.90833686179394","-245.2990887068372","-245.2990887068372","-245.2990887068372","-359.7765724227706","-359.7765724227706","-359.7765724227706","-452.71358382263986","-452.71358382263986","-452.71358382263986","-247.893536833807","-247.893536833807","-247.893536833807","-323.92082230612885","-323.92082230612885","-323.92082230612885","-766.7247507208905","-766.7247507208905","-766.7247507208905","-594.1709101658863","-594.1709101658863","-594.1709101658863","-466.33920382966534","-466.33920382966534","-466.33920382966534","-418.70611297915383","-418.70611297915383","-418.70611297915383","-338.80298451470344","-338.80298451470344","-338.80298451470344","-237.43885128585367","-237.43885128585367","-237.43885128585367","-604.7782690728377","-604.7782690728377","-604.7782690728377","-176.2841041426175","-176.2841041426175","-176.2841041426175","-251.5959271300848","-251.5959271300848","-251.5959271300848","-405.4923042878703","-405.4923042878703","-405.4923042878703","-441.9170807162876","-441.9170807162876","-441.9170807162876","-254.5605890923792","-254.5605890923792","-254.5605890923792"
"22200","-574.8561570149902","-574.8561570149902","-574.8561570149902","-242.44104461254656","-242.44104461254656","-242.44104461254656","-336.5196570551128","-336.5196570551128","-336.5196570551128","-266.96686028760735","-266.96686028760735","-266.96686028760735","-403.9082066130918","-403.9082066130918","-403.9082066130918","-328.1457696803189","-328.1457696803189","-328.1457696803189","-199.72781047137065","-199.72781047137065","-199.72781047137065","-217.9493772850555","-217.9493772850555","-217.9493772850555","-369.0201395652766","-369.0201395652766","-369.0201395652766","-523.86725018448","-523.86725018448","-523.86725018448","-575.2312244679366","-575.2312244679366","-575.2312244679366","-197.10535788558067","-197.10535788558067","-197.10535788558067","-428.4892204855586","-428.4892204855586","-428.4892204855586","-212.06857097220646","-212.06857097220646","-212.06857097220646","-551.8041433151006","-551.8041433151006","-551.8041433151006","-176.40719335034692","-176.40719335034692","-176.40719335034692","-405.96690988228397","-405.96690988228397","-405.96690988228397","-300.7673715597923","-300.7673715597923","-300.7673715597923","-386.33401240366","-386.33401240366","-386.33401240366","-229.18055598956516","-229.18055598956516","-229.18055598956516"
"22500","-510.99987182165376","-510.99987182165376","-510.99987182165376","-219.10819862989283","-219.10819862989283","-219.10819862989283","-409.9292619804114","-409.9292619804114","-409.9292619804114","-243.10368433840944","-243.10368433840944","-243.10368433840944","-393.95552511845415","-393.95552511845415","-393.95552511845415","-417.9738089089218","-417.9738089089218","-417.9738089089218","-248.97565710788248","-248.97565710788248","-248.97565710788248","-191.09780864732255","-191.09780864732255","-191.09780864732255","-619.1136639289828","-619.1136639289828","-619.1136639289828","-594.49525996525","-594.49525996525","-594.49525996525","-550.3806168096388","-550.3806168096388","-550.3806168096388","-277.5468628368677","-277.5468628368677","-277.5468628368677","-493.93631902373124","-493.93631902373124","-493.93631902373124","-236.07700909902118","-236.07700909902118","-236.07700909902118","-631.8291550180251","-631.8291550180251","-631.8291550180251","-332.46050544145317","-332.46050544145317","-332.46050544145317","-458.7645970925958","-458.7645970925958","-458.7645970925958","-401.04765921292295","-401.04765921292295","-401.04765921292295","-411.78131976262637","-411.78131976262637","-411.78131976262637","-230.55191722102282","-230.55191722102282","-230.55191722102282"
"22800","-526.9316372918938","-526.9316372918938","-526.9316372918938","-269.67409017629865","-269.67409017629865","-269.67409017629865","-357.19527610078114","-357.19527610078114","-357.19527610078114","-322.1670310708671","-322.1670310708671","-322.1670310708671","-428.02855556738984","-428.02855556738984","-428.02855556738984","-427.15243122892133","-427.15243122892133","-427.15243122892133","-196.11770323237334","-196.11770323237334","-196.11770323237334","-141.73429756448974","-141.73429756448974","-141.73429756448974","-436.38368938557085","-436.38368938557085","-436.38368938557085","-578.0227028205958","-578.0227028205958","-578.0227028205958","-458.7169501011534","-458.7169501011534","-458.7169501011534","-197.16736799927085","-197.16736799927085","-197.16736799927085","-309.25988031213905","-309.25988031213905","-309.25988031213905","-211.38369780029507","-211.38369780029507","-211.38369780029507","-601.8726926782153","-601.8726926782153","-601.8726926782153","-200.14746997500941","-200.14746997500941","-200.14746997500941","-470.24031026093235","-470.24031026093235","-470.24031026093235","-350.16906350249303","-350.16906350249303","-350.16906350249303","-618.58949622895","-618.58949622895","-618.58949622895","-331.9368487790995","-331.9368487790995","-331.9368487790995"
"23100","-580.7403208746424","-580.7403208746424","-580.7403208746424","-193.00127885430607","-193.00127885430607","-193.00127885430607","-305.5729188170938","-305.5729188170938","-305.5729188170938","-268.5030844718974","-268.5030844718974","-268.5030844718974","-409.50133626035387","-409.50133626035387","-409.50133626035387","-407.37303786466816","-407.37303786466816","-407.37303786466816","-195.8054611963479","-195.8054611963479","-195.8054611963479","-264.0097998664459","-264.0097998664459","-264.0097998664459","-493.48394472624506","-493.48394472624506","-493.48394472624506","-625.1095155911012","-625.1095155911012","-625.1095155911012","-505.96301912407233","-505.96301912407233","-505.96301912407233","-170.2154673220613","-170.2154673220613","-170.2154673220613","-480.34597168804004","-480.34597168804004","-480.34597168804004","-263.8479106153246","-263.8479106153246","-263.8479106153246","-608.0015405437168","-608.0015405437168","-608.0015405437168","-201.70444192503783","-201.70444192503783","-201.70444192503783","-383.7278167454093","-383.7278167454093","-383.7278167454093","-387.46360987358054","-387.46360987358054","-387.46360987358054","-430.4454035409637","-430.4454035409637","-430.4454035409637","-261.1974010083243","-261.1974010083243","-261.1974010083243"
"23400","-522.6185420725511","-522.6185420725511","-522.6185420725511","-217.08333551309042","-217.08333551309042","-217.08333551309042","-316.3104587688382","-316.3104587688382","-316.3104587688382","-272.02544327922254","-272.02544327922254","-272.02544327922254","-372.42903255917133","-372.42903255917133","-372.42903255917133","-428.72534905062923","-428.72534905062923","-428.72534905062923","-250.60089034988937","-250.60089034988937","-250.60089034988937","-189.26691832134537","-189.26691832134537","-189.26691832134537","-504.28898177612973","-504.28898177612973","-504.28898177612973","-512.392347740905","-512.392347740905","-512.392347740905","-541.345070214804","-541.345070214804","-541.345070214804","-304.06812696947696","-304.06812696947696","-304.06812696947696","-407.4247411997931","-407.4247411997931","-407.4247411997931","-211.2264313636676","-211.2264313636676","-211.2264313636676","-543.0466160417585","-543.0466160417585","-543.0466160417585","-230.1065318174949","-230.1065318174949","-230.1065318174949","-363.9932782523225","-363.9932782523225","-363.9932782523225","-400.6473225375032","-400.6473225375032","-400.6473225375032","-508.6665373932274","-508.6665373932274","-508.6665373932274","-290.50946191051145","-290.50946191051145","-290.50946191051145"
"23700","-506.0700677838041","-506.0700677838041","-506.0700677838041","-192.64797439222303","-192.64797439222303","-192.64797439222303","-382.0553595998857","-382.0553595998857","-382.0553595998857","-271.34400823074554","-271.34400823074554","-271.34400823074554","-384.45212514574695","-384.45212514574695","-384.45212514574695","-376.2390984417746","-376.2390984417746","-376.2390984417746","-245.89699280533614","-245.89699280533614","-245.89699280533614","-164.66226217353787","-164.66226217353787","-164.66226217353787","-584.6447018939853","-584.6447018939853","-584.6447018939853","-499.73522449492054","-499.73522449492054","-499.73522449492054","-437.4509764956236","-437.4509764956236","-437.4509764956236","-249.11421271115955","-249.11421271115955","-249.11421271115955","-331.1615691431424","-331.1615691431424","-331.1615691431424","-237.2982294169097","-237.2982294169097","-237.2982294169097","-583.3614013329573","-583.3614013329573","-583.3614013329573","-150.20642913592079","-150.20642913592079","-150.20642913592079","-596.6127761975691","-596.6127761975691","-596.6127761975691","-400.3503240949732","-400.3503240949732","-400.3503240949732","-396.6123633383325","-396.6123633383325","-396.6123633383325","-430.7250241034552","-430.7250241034552","-430.7250241034552"
"24000","-506.448102400109","-506.448102400109","-506.448102400109","-211.95371868216307","-211.95371868216307","-211.95371868216307","-286.0220122302177","-286.0220122302177","-286.0220122302177","-319.6084761631987","-319.6084761631987","-319.6084761631987","-465.72716353866497","-465.72716353866497","-465.72716353866497","-351.56108506532405","-351.56108506532405","-351.56108506532405","-221.98495822165296","-221.98495822165296","-221.98495822165296","-189.62643775641504","-189.62643775641504","-189.62643775641504","-519.8009998211224","-519.8009998211224","-519.8009998211224","-599.030267359673","-599.030267359673","-599.030267359673","-618.6583682251993","-618.6583682251993","-618.6583682251993","-361.6926056860274","-361.6926056860274","-361.6926056860274","-386.5501444700176","-386.5501444700176","-386.5501444700176","-213.24001649251585","-213.24001649251585","-213.24001649251585","-550.9321818579267","-550.9321818579267","-550.9321818579267","-359.26587785926284","-359.26587785926284","-359.26587785926284","-433.07637310178154","-433.07637310178154","-433.07637310178154","-425.232426499363","-425.232426499363","-425.232426499363","-541.8369326617695","-541.8369326617695","-541.8369326617695","-512.277328961517","-512.277328961517","-512.277328961517"
"24300","-517.7263224204258","-517.7263224204258","-517.7263224204258","-212.39957694978267","-212.39957694978267","-212.39957694978267","-304.14858488651714","-304.14858488651714","-304.14858488651714","-217.39468889072586","-217.39468889072586","-217.39468889072586","-471.71133677856915","-471.71133677856915","-471.71133677856915","-325.77845143104463","-325.77845143104463","-325.77845143104463","-214.19460486359108","-214.19460486359108","-214.19460486359108","-236.74452544811987","-236.74452544811987","-236.74452544811987","-532.6864229409869","-532.6864229409869","-532.6864229409869","-595.3534912679693","-595.3534912679693","-595.3534912679693","-548.9508447602182","-548.9508447602182","-548.9508447602182","-195.88190848665982","-195.88190848665982","-195.88190848665982","-359.5686524783483","-359.5686524783483","-359.5686524783483","-211.7431010598503","-211.7431010598503","-211.7431010598503","-654.5871250695197","-654.5871250695197","-654.5871250695197","-287.87380078480743","-287.87380078480743","-287.87380078480743","-536.6891376736451","-536.6891376736451","-536.6891376736451","-501.11885684517466","-501.11885684517466","-501.11885684517466","-509.52025437661223","-509.52025437661223","-509.52025437661223","-388.68476680924067","-388.68476680924067","-388.68476680924067"
"24600","-502.94108218636393","-502.94108218636393","-502.94108218636393","-215.1203910561478","-215.1203910561478","-215.1203910561478","-399.4834532945826","-399.4834532945826","-399.4834532945826","-223.5734827018986","-223.5734827018986","-223.5734827018986","-359.4635849629484","-359.4635849629484","-359.4635849629484","-304.78047255071976","-304.78047255071976","-304.78047255071976","-221.15247766770253","-221.15247766770253","-221.15247766770253","-115.76284001027739","-115.76284001027739","-115.76284001027739","-632.6544841699719","-632.6544841699719","-632.6544841699719","-624.8662925787992","-624.8662925787992","-624.8662925787992","-616.0745639724856","-616.0745639724856","-616.0745639724856","-275.35133539417586","-275.35133539417586","-275.35133539417586","-452.7791369486795","-452.7791369486795","-452.7791369486795","-237.50315911770213","-237.50315911770213","-237.50315911770213","-567.3409832532409","-567.3409832532409","-567.3409832532409","-361.1930102183579","-361.1930102183579","-361.1930102183579","-458.0708167372562","-458.0708167372562","-458.0708167372562","-427.66636839011045","-427.66636839011045","-427.66636839011045","-569.8501424670173","-569.8501424670173","-569.8501424670173","-503.1426678608039","-503.1426678608039","-503.1426678608039"
"24900","-602.5694911966646","-602.5694911966646","-602.5694911966646","-191.36207803899111","-191.36207803899111","-191.36207803899111","-380.4923983938139","-380.4923983938139","-380.4923983938139","-272.41760798158884","-272.41760798158884","-272.41760798158884","-427.36725671733","-427.36725671733","-427.36725671733","-356.66274752455155","-356.66274752455155","-356.66274752455155","-273.66251237637425","-273.66251237637425","-273.66251237637425","-290.79111554589565","-290.79111554589565","-290.79111554589565","-525.062876811238","-525.062876811238","-525.062876811238","-617.5051648730783","-617.5051648730783","-617.5051648730783","-579.6517099963146","-579.6517099963146","-579.6517099963146","-278.4282317064027","-278.4282317064027","-278.4282317064027","-429.6343299568404","-429.6343299568404","-429.6343299568404","-212.0205968620865","-212.0205968620865","-212.0205968620865","-454.2580101271751","-454.2580101271751","-454.2580101271751","-281.2222137910249","-281.2222137910249","-281.2222137910249","-456.7291456717042","-456.7291456717042","-456.7291456717042","-348.4068803030471","-348.4068803030471","-348.4068803030471","-478.02756079772325","-478.02756079772325","-478.02756079772325","-525.2328955628808","-525.2328955628808","-525.2328955628808"
"25200","-661.9193005206708","-661.9193005206708","-661.9193005206708","-193.19637251351358","-193.19637251351358","-193.19637251351358","-426.1257670754547","-426.1257670754547","-426.1257670754547","-245.55891186167014","-245.55891186167014","-245.55891186167014","-462.3822134696772","-462.3822134696772","-462.3822134696772","-355.2039541632048","-355.2039541632048","-355.2039541632048","-316.06688303073736","-316.06688303073736","-316.06688303073736","-214.70867774025209","-214.70867774025209","-214.70867774025209","-402.63941751818476","-402.63941751818476","-402.63941751818476","-477.7617649389543","-477.7617649389543","-477.7617649389543","-605.3945860645066","-605.3945860645066","-605.3945860645066","-224.17010064139194","-224.17010064139194","-224.17010064139194","-397.70251226664965","-397.70251226664965","-397.70251226664965","-237.30154986371545","-237.30154986371545","-237.30154986371545","-532.0079467260679","-532.0079467260679","-532.0079467260679","-227.1585413405059","-227.1585413405059","-227.1585413405059","-527.7370696426269","-527.7370696426269","-527.7370696426269","-452.8561406367727","-452.8561406367727","-452.8561406367727","-588.331746700195","-588.331746700195","-588.331746700195","-505.36563301708156","-505.36563301708156","-505.36563301708156"
"25500","-452.65608376906374","-452.65608376906374","-452.65608376906374","-238.8441467673278","-238.8441467673278","-238.8441467673278","-468.3054318055996","-468.3054318055996","-468.3054318055996","-221.12782002775492","-221.12782002775492","-221.12782002775492","-476.55889274220226","-476.55889274220226","-476.55889274220226","-177.97700623995058","-177.97700623995058","-177.97700623995058","-266.9314686563649","-266.9314686563649","-266.9314686563649","-232.92770796484206","-232.92770796484206","-232.92770796484206","-579.9478654228375","-579.9478654228375","-579.9478654228375","-650.9094314921713","-650.9094314921713","-650.9094314921713","-604.0911284809665","-604.0911284809665","-604.0911284809665","-361.08257764713403","-361.08257764713403","-361.08257764713403","-425.8511850995072","-425.8511850995072","-425.8511850995072","-211.83055820524774","-211.83055820524774","-211.83055820524774","-456.6053945558148","-456.6053945558148","-456.6053945558148","-305.3453703728041","-305.3453703728041","-305.3453703728041","-371.66247848870734","-371.66247848870734","-371.66247848870734","-402.5826431459142","-402.5826431459142","-402.5826431459142","-534.9088790306466","-534.9088790306466","-534.9088790306466","-525.8108772010307","-525.8108772010307","-525.8108772010307"
"25800","-534.0483047815309","-534.0483047815309","-534.0483047815309","-190.78484739752017","-190.78484739752017","-190.78484739752017","-408.64556107344305","-408.64556107344305","-408.64556107344305","-297.20203799080457","-297.20203799080457","-297.20203799080457","-469.26710160863297","-469.26710160863297","-469.26710160863297","-189.4890594140622","-189.4890594140622","-189.4890594140622","-223.14353904037065","-223.14353904037065","-223.14353904037065","-321.102917556754","-321.102917556754","-321.102917556754","-497.58631743303147","-497.58631743303147","-497.58631743303147","-523.3214454649836","-523.3214454649836","-523.3214454649836","-583.8141113245586","-583.8141113245586","-583.8141113245586","-250.31577619405934","-250.31577619405934","-250.31577619405934","-241.98649450902388","-241.98649450902388","-241.98649450902388","-213.39733424535044","-213.39733424535044","-213.39733424535044","-535.6619428237434","-535.6619428237434","-535.6619428237434","-407.76649471647926","-407.76649471647926","-407.76649471647926","-458.7782196121014","-458.7782196121014","-458.7782196121014","-526.7675367307678","-526.7675367307678","-526.7675367307678","-403.8677900682563","-403.8677900682563","-403.8677900682563","-523.514708812341","-523.514708812341","-523.514708812341"
"26100","-469.14926691235166","-469.14926691235166","-469.14926691235166","-210.75269042991854","-210.75269042991854","-210.75269042991854","-422.3823971138073","-422.3823971138073","-422.3823971138073","-272.3163334362415","-272.3163334362415","-272.3163334362415","-429.71959749228824","-429.71959749228824","-429.71959749228824","-380.9951137352592","-380.9951137352592","-380.9951137352592","-222.79098561399377","-222.79098561399377","-222.79098561399377","-142.41663590558727","-142.41663590558727","-142.41663590558727","-527.5963295994343","-527.5963295994343","-527.5963295994343","-448.2051495012065","-448.2051495012065","-448.2051495012065","-503.68615930609315","-503.68615930609315","-503.68615930609315","-305.0481375876975","-305.0481375876975","-305.0481375876975","-501.0941866121187","-501.0941866121187","-501.0941866121187","-211.4623669382848","-211.4623669382848","-211.4623669382848","-479.80814056124063","-479.80814056124063","-479.80814056124063","-315.2069067903834","-315.2069067903834","-315.2069067903834","-539.1975889064744","-539.1975889064744","-539.1975889064744","-374.7538324456292","-374.7538324456292","-374.7538324456292","-484.0924859539774","-484.0924859539774","-484.0924859539774","-458.1513243278382","-458.1513243278382","-458.1513243278382"
"26400","-489.71191830866803","-489.71191830866803","-489.71191830866803","-212.6826603656811","-212.6826603656811","-212.6826603656811","-485.02788286210654","-485.02788286210654","-485.02788286210654","-244.0608797228959","-244.0608797228959","-244.0608797228959","-431.7223932980696","-431.7223932980696","-431.7223932980696","-347.53199412376233","-347.53199412376233","-347.53199412376233","-246.73909142435105","-246.73909142435105","-246.73909142435105","-116.40991586930825","-116.40991586930825","-116.40991586930825","-603.9694923596971","-603.9694923596971","-603.9694923596971","-588.248911905788","-588.248911905788","-588.248911905788","-532.0364322197722","-532.0364322197722","-532.0364322197722","-357.4497019143969","-357.4497019143969","-357.4497019143969","-323.3610095646239","-323.3610095646239","-323.3610095646239","-262.42493264324827","-262.42493264324827","-262.42493264324827","-302.14881468063925","-302.14881468063925","-302.14881468063925","-407.33091640339705","-407.33091640339705","-407.33091640339705","-509.7085193897172","-509.7085193897172","-509.7085193897172","-451.4907718006717","-451.4907718006717","-451.4907718006717","-434.1740439937945","-434.1740439937945","-434.1740439937945","-536.5101442084417","-536.5101442084417","-536.5101442084417"
"26700","-507.2186056012564","-507.2186056012564","-507.2186056012564","-189.42637983319568","-189.42637983319568","-189.42637983319568","-331.5763544097361","-331.5763544097361","-331.5763544097361","-321.6909702279994","-321.6909702279994","-321.6909702279994","-473.56311523630967","-473.56311523630967","-473.56311523630967","-339.2776428564672","-339.2776428564672","-339.2776428564672","-274.33626280892423","-274.33626280892423","-274.33626280892423","-115.5285077115238","-115.5285077115238","-115.5285077115238","-603.5414803801762","-603.5414803801762","-603.5414803801762","-494.8466053392984","-494.8466053392984","-494.8466053392984","-596.3528342632478","-596.3528342632478","-596.3528342632478","-196.02423060586136","-196.02423060586136","-196.02423060586136","-433.85359111576327","-433.85359111576327","-433.85359111576327","-211.27187785750078","-211.27187785750078","-211.27187785750078","-351.65816141792413","-351.65816141792413","-351.65816141792413","-321.6299027315996","-321.6299027315996","-321.6299027315996","-469.0276903500038","-469.0276903500038","-469.0276903500038","-551.7027946700207","-551.7027946700207","-551.7027946700207","-414.9450128898369","-414.9450128898369","-414.9450128898369","-580.9712724728448","-580.9712724728448","-580.9712724728448"
"27000","-595.8631896074803","-595.8631896074803","-595.8631896074803","-215.91064240313904","-215.91064240313904","-215.91064240313904","-458.4944783980457","-458.4944783980457","-458.4944783980457","-219.41188801932202","-219.41188801932202","-219.41188801932202","-509.8445797356454","-509.8445797356454","-509.8445797356454","-403.906024235328","-403.906024235328","-403.906024235328","-273.2146208970445","-273.2146208970445","-273.2146208970445","-190.0647367490861","-190.0647367490861","-190.0647367490861","-569.2296245683153","-569.2296245683153","-569.2296245683153","-546.4236219034212","-546.4236219034212","-546.4236219034212","-471.2235305779679","-471.2235305779679","-471.2235305779679","-300.7490573831999","-300.7490573831999","-300.7490573831999","-361.49175838045596","-361.49175838045596","-361.49175838045596","-212.66948254211593","-212.66948254211593","-212.66948254211593","-454.1748408634364","-454.1748408634364","-454.1748408634364","-354.6104339679425","-354.6104339679425","-354.6104339679425","-491.4090340459749","-491.4090340459749","-491.4090340459749","-445.2738254148625","-445.2738254148625","-445.2738254148625","-386.3700899297354","-386.3700899297354","-386.3700899297354","-603.9763119513088","-603.9763119513088","-603.9763119513088"
"27300","-451.7370310411628","-451.7370310411628","-451.7370310411628","-189.95471933497814","-189.95471933497814","-189.95471933497814","-387.5416844866715","-387.5416844866715","-387.5416844866715","-271.05057808877825","-271.05057808877825","-271.05057808877825","-436.03141967935363","-436.03141967935363","-436.03141967935363","-171.74880830626915","-171.74880830626915","-171.74880830626915","-222.20704432024667","-222.20704432024667","-222.20704432024667","-172.29904210469977","-172.29904210469977","-172.29904210469977","-577.2724586063956","-577.2724586063956","-577.2724586063956","-546.0500825372085","-546.0500825372085","-546.0500825372085","-578.4876100907829","-578.4876100907829","-578.4876100907829","-221.72632742868353","-221.72632742868353","-221.72632742868353","-384.1589308000382","-384.1589308000382","-384.1589308000382","-237.1986690799081","-237.1986690799081","-237.1986690799081","-407.3204925534365","-407.3204925534365","-407.3204925534365","-408.53651957332534","-408.53651957332534","-408.53651957332534","-450.87267784998613","-450.87267784998613","-450.87267784998613","-503.34434679445593","-503.34434679445593","-503.34434679445593","-403.1368937790552","-403.1368937790552","-403.1368937790552","-536.7109943933602","-536.7109943933602","-536.7109943933602"
"27600","-408.5489247238013","-408.5489247238013","-408.5489247238013","-213.36704404745691","-213.36704404745691","-213.36704404745691","-356.3694117168617","-356.3694117168617","-356.3694117168617","-299.61501998299684","-299.61501998299684","-299.61501998299684","-458.56656261602654","-458.56656261602654","-458.56656261602654","-304.38787928490353","-304.38787928490353","-304.38787928490353","-308.015384541641","-308.015384541641","-308.015384541641","-140.41185954398824","-140.41185954398824","-140.41185954398824","-636.9384316231657","-636.9384316231657","-636.9384316231657","-576.2650793096052","-576.2650793096052","-576.2650793096052","-553.7156685277224","-553.7156685277224","-553.7156685277224","-170.24740215159267","-170.24740215159267","-170.24740215159267","-384.36670118006396","-384.36670118006396","-384.36670118006396","-236.7186330501225","-236.7186330501225","-236.7186330501225","-276.52071764411005","-276.52071764411005","-276.52071764411005","-286.42626402949315","-286.42626402949315","-286.42626402949315","-403.53631177154404","-403.53631177154404","-403.53631177154404","-402.29119364063024","-402.29119364063024","-402.29119364063024","-369.5412829270672","-369.5412829270672","-369.5412829270672","-576.3191931115813","-576.3191931115813","-576.3191931115813"
"27900","-452.00348833060536","-452.00348833060536","-452.00348833060536","-213.35943009028915","-213.35943009028915","-213.35943009028915","-405.41340181862313","-405.41340181862313","-405.41340181862313","-273.740092490949","-273.740092490949","-273.740092490949","-427.10026694738747","-427.10026694738747","-427.10026694738747","-343.0986820026425","-343.0986820026425","-343.0986820026425","-216.99414097865116","-216.99414097865116","-216.99414097865116","-212.44232521111013","-212.44232521111013","-212.44232521111013","-582.5250811425266","-582.5250811425266","-582.5250811425266","-613.6245094936023","-613.6245094936023","-613.6245094936023","-509.10509714071793","-509.10509714071793","-509.10509714071793","-170.4715516575348","-170.4715516575348","-170.4715516575348","-379.84138160671","-379.84138160671","-379.84138160671","-263.4773129013479","-263.4773129013479","-263.4773129013479","-276.08829560209654","-276.08829560209654","-276.08829560209654","-431.57992891481956","-431.57992891481956","-431.57992891481956","-564.8186759357219","-564.8186759357219","-564.8186759357219","-400.53392419610685","-400.53392419610685","-400.53392419610685","-547.9447639938098","-547.9447639938098","-547.9447639938098","-615.6488054324177","-615.6488054324177","-615.6488054324177"
"28200","-382.0658035015472","-382.0658035015472","-382.0658035015472","-190.08504532194146","-190.08504532194146","-190.08504532194146","-388.594571606177","-388.594571606177","-388.594571606177","-323.91035526051115","-323.91035526051115","-323.91035526051115","-443.67371873356115","-443.67371873356115","-443.67371873356115","-233.17869847738066","-233.17869847738066","-233.17869847738066","-378.39360335611184","-378.39360335611184","-378.39360335611184","-188.40573717461683","-188.40573717461683","-188.40573717461683","-634.9658973072147","-634.9658973072147","-634.9658973072147","-540.5843362588373","-540.5843362588373","-540.5843362588373","-414.5949557026876","-414.5949557026876","-414.5949557026876","-249.84500970838062","-249.84500970838062","-249.84500970838062","-418.22326730952193","-418.22326730952193","-418.22326730952193","-263.38993105935634","-263.38993105935634","-263.38993105935634","-276.7693960483223","-276.7693960483223","-276.7693960483223","-382.88196379119074","-382.88196379119074","-382.88196379119074","-404.2712389043233","-404.2712389043233","-404.2712389043233","-469.1583982525268","-469.1583982525268","-469.1583982525268","-454.5204825736011","-454.5204825736011","-454.5204825736011","-627.1768568096493","-627.1768568096493","-627.1768568096493"
"28500","-355.4324265429792","-355.4324265429792","-355.4324265429792","-190.96829052836057","-190.96829052836057","-190.96829052836057","-358.7949644743326","-358.7949644743326","-358.7949644743326","-247.60457971057804","-247.60457971057804","-247.60457971057804","-411.8982192231233","-411.8982192231233","-411.8982192231233","-184.63858461867778","-184.63858461867778","-184.63858461867778","-248.0956970817776","-248.0956970817776","-248.0956970817776","-140.67186826382644","-140.67186826382644","-140.67186826382644","-587.1757580343159","-587.1757580343159","-587.1757580343159","-473.6661159757656","-473.6661159757656","-473.6661159757656","-590.5237751002296","-590.5237751002296","-590.5237751002296","-171.47810587847272","-171.47810587847272","-171.47810587847272","-604.6852924488778","-604.6852924488778","-604.6852924488778","-213.8683805672274","-213.8683805672274","-213.8683805672274","-351.8648205140563","-351.8648205140563","-351.8648205140563","-459.86943810928915","-459.86943810928915","-459.86943810928915","-428.8177784894818","-428.8177784894818","-428.8177784894818","-399.7153841634989","-399.7153841634989","-399.7153841634989","-506.2330427252592","-506.2330427252592","-506.2330427252592","-606.7135767655792","-606.7135767655792","-606.7135767655792"
"28800","-363.6718007314977","-363.6718007314977","-363.6718007314977","-213.6275326823896","-213.6275326823896","-213.6275326823896","-353.4987280722314","-353.4987280722314","-353.4987280722314","-221.2693016684446","-221.2693016684446","-221.2693016684446","-487.8567314480557","-487.8567314480557","-487.8567314480557","-246.22788332515242","-246.22788332515242","-246.22788332515242","-223.07937964293995","-223.07937964293995","-223.07937964293995","-164.97917029357237","-164.97917029357237","-164.97917029357237","-608.5729724395824","-608.5729724395824","-608.5729724395824","-574.4179510997944","-574.4179510997944","-574.4179510997944","-512.6731409990563","-512.6731409990563","-512.6731409990563","-249.64761816375957","-249.64761816375957","-249.64761816375957","-373.7043961583214","-373.7043961583214","-373.7043961583214","-211.8561765362286","-211.8561765362286","-211.8561765362286","-326.73491001163285","-326.73491001163285","-326.73491001163285","-401.2010002024003","-401.2010002024003","-401.2010002024003","-387.21592992572363","-387.21592992572363","-387.21592992572363","-528.0121183146974","-528.0121183146974","-528.0121183146974","-422.2949529677362","-422.2949529677362","-422.2949529677362","-527.3196823875198","-527.3196823875198","-527.3196823875198"
"29100","-526.4315947949516","-526.4315947949516","-526.4315947949516","-192.38310327544423","-192.38310327544423","-192.38310327544423","-394.58121129923495","-394.58121129923495","-394.58121129923495","-222.45440998485043","-222.45440998485043","-222.45440998485043","-456.0193783543235","-456.0193783543235","-456.0193783543235","-380.89103329643115","-380.89103329643115","-380.89103329643115","-251.12794715059704","-251.12794715059704","-251.12794715059704","-165.40499266358364","-165.40499266358364","-165.40499266358364","-607.1397682324152","-607.1397682324152","-607.1397682324152","-543.8336925732417","-543.8336925732417","-543.8336925732417","-555.0293214740421","-555.0293214740421","-555.0293214740421","-278.5048532468304","-278.5048532468304","-278.5048532468304","-502.2054036200906","-502.2054036200906","-502.2054036200906","-239.00373795591176","-239.00373795591176","-239.00373795591176","-249.63449813213825","-249.63449813213825","-249.63449813213825","-353.2001918646706","-353.2001918646706","-353.2001918646706","-485.0850953672757","-485.0850953672757","-485.0850953672757","-520.7906630836954","-520.7906630836954","-520.7906630836954","-433.35487766630206","-433.35487766630206","-433.35487766630206","-560.3299855353529","-560.3299855353529","-560.3299855353529"
"29400","-404.9717077875113","-404.9717077875113","-404.9717077875113","-192.14236937879508","-192.14236937879508","-192.14236937879508","-340.36045758633037","-340.36045758633037","-340.36045758633037","-223.0434958697384","-223.0434958697384","-223.0434958697384","-427.68479934525084","-427.68479934525084","-427.68479934525084","-382.81416312515404","-382.81416312515404","-382.81416312515404","-256.12385783571085","-256.12385783571085","-256.12385783571085","-164.8829096514615","-164.8829096514615","-164.8829096514615","-532.0922303987936","-532.0922303987936","-532.0922303987936","-667.1708800557145","-667.1708800557145","-667.1708800557145","-506.75174464622495","-506.75174464622495","-506.75174464622495","-276.1164632739877","-276.1164632739877","-276.1164632739877","-501.45610927189983","-501.45610927189983","-501.45610927189983","-212.8095903755803","-212.8095903755803","-212.8095903755803","-274.61710265351917","-274.61710265351917","-274.61710265351917","-398.07810962256497","-398.07810962256497","-398.07810962256497","-353.17374186242023","-353.17374186242023","-353.17374186242023","-451.7109593277839","-451.7109593277839","-451.7109593277839","-405.95497585020956","-405.95497585020956","-405.95497585020956","-538.9835380462677","-538.9835380462677","-538.9835380462677"
"29700","-519.9705621419814","-519.9705621419814","-519.9705621419814","-217.65740703184102","-217.65740703184102","-217.65740703184102","-333.99928054044335","-333.99928054044335","-333.99928054044335","-224.94633567583423","-224.94633567583423","-224.94633567583423","-408.41442812839216","-408.41442812839216","-408.41442812839216","-476.93514797293756","-476.93514797293756","-476.93514797293756","-217.2549423921004","-217.2549423921004","-217.2549423921004","-116.29504033968324","-116.29504033968324","-116.29504033968324","-495.7681253784701","-495.7681253784701","-495.7681253784701","-592.2593814691052","-592.2593814691052","-592.2593814691052","-509.9202003710834","-509.9202003710834","-509.9202003710834","-222.81867796959546","-222.81867796959546","-222.81867796959546","-678.5238592506768","-678.5238592506768","-678.5238592506768","-213.01132897429852","-213.01132897429852","-213.01132897429852","-251.64078357237423","-251.64078357237423","-251.64078357237423","-227.42751227533864","-227.42751227533864","-227.42751227533864","-443.96333873370423","-443.96333873370423","-443.96333873370423","-480.76006525935543","-480.76006525935543","-480.76006525935543","-587.206502090846","-587.206502090846","-587.206502090846","-608.4352419148283","-608.4352419148283","-608.4352419148283"
"30000","-535.1637935743004","-535.1637935743004","-535.1637935743004","-219.67717712421594","-219.67717712421594","-219.67717712421594","-357.2548574566087","-357.2548574566087","-357.2548574566087","-274.5460056109483","-274.5460056109483","-274.5460056109483","-409.9509853255298","-409.9509853255298","-409.9509853255298","-183.5570225073747","-183.5570225073747","-183.5570225073747","-224.81298404653882","-224.81298404653882","-224.81298404653882","-189.72700314028256","-189.72700314028256","-189.72700314028256","-467.2532552775544","-467.2532552775544","-467.2532552775544","-565.9438162643592","-565.9438162643592","-565.9438162643592","-655.0616099975986","-655.0616099975986","-655.0616099975986","-195.9559355595929","-195.9559355595929","-195.9559355595929","-704.2992041927489","-704.2992041927489","-704.2992041927489","-213.76180558111295","-213.76180558111295","-213.76180558111295","-275.82889235385625","-275.82889235385625","-275.82889235385625","-373.76804557029783","-373.76804557029783","-373.76804557029783","-465.12407049358796","-465.12407049358796","-465.12407049358796","-601.2725231869869","-601.2725231869869","-601.2725231869869","-467.85998167801745","-467.85998167801745","-467.85998167801745","-594.5329988789549","-594.5329988789549","-594.5329988789549"