"Step","DDPG_EQL_Pendulum-v1_19 - eval/avg_reward","DDPG_EQL_Pendulum-v1_19 - eval/avg_reward__MIN","DDPG_EQL_Pendulum-v1_19 - eval/avg_reward__MAX","DDPG_EQL_Pendulum-v1_18 - eval/avg_reward","DDPG_EQL_Pendulum-v1_18 - eval/avg_reward__MIN","DDPG_EQL_Pendulum-v1_18 - eval/avg_reward__MAX","DDPG_EQL_Pendulum-v1_17 - eval/avg_reward","DDPG_EQL_Pendulum-v1_17 - eval/avg_reward__MIN","DDPG_EQL_Pendulum-v1_17 - eval/avg_reward__MAX","DDPG_EQL_Pendulum-v1_16 - eval/avg_reward","DDPG_EQL_Pendulum-v1_16 - eval/avg_reward__MIN","DDPG_EQL_Pendulum-v1_16 - eval/avg_reward__MAX","DDPG_EQL_Pendulum-v1_15 - eval/avg_reward","DDPG_EQL_Pendulum-v1_15 - eval/avg_reward__MIN","DDPG_EQL_Pendulum-v1_15 - eval/avg_reward__MAX","DDPG_EQL_Pendulum-v1_14 - eval/avg_reward","DDPG_EQL_Pendulum-v1_14 - eval/avg_reward__MIN","DDPG_EQL_Pendulum-v1_14 - eval/avg_reward__MAX","DDPG_EQL_Pendulum-v1_13 - eval/avg_reward","DDPG_EQL_Pendulum-v1_13 - eval/avg_reward__MIN","DDPG_EQL_Pendulum-v1_13 - eval/avg_reward__MAX","DDPG_EQL_Pendulum-v1_12 - eval/avg_reward","DDPG_EQL_Pendulum-v1_12 - eval/avg_reward__MIN","DDPG_EQL_Pendulum-v1_12 - eval/avg_reward__MAX","DDPG_EQL_Pendulum-v1_11 - eval/avg_reward","DDPG_EQL_Pendulum-v1_11 - eval/avg_reward__MIN","DDPG_EQL_Pendulum-v1_11 - eval/avg_reward__MAX","DDPG_EQL_Pendulum-v1_10 - eval/avg_reward","DDPG_EQL_Pendulum-v1_10 - eval/avg_reward__MIN","DDPG_EQL_Pendulum-v1_10 - eval/avg_reward__MAX","DDPG_EQL_Pendulum-v1_9 - eval/avg_reward","DDPG_EQL_Pendulum-v1_9 - eval/avg_reward__MIN","DDPG_EQL_Pendulum-v1_9 - eval/avg_reward__MAX","DDPG_EQL_Pendulum-v1_8 - eval/avg_reward","DDPG_EQL_Pendulum-v1_8 - eval/avg_reward__MIN","DDPG_EQL_Pendulum-v1_8 - eval/avg_reward__MAX","DDPG_EQL_Pendulum-v1_7 - eval/avg_reward","DDPG_EQL_Pendulum-v1_7 - eval/avg_reward__MIN","DDPG_EQL_Pendulum-v1_7 - eval/avg_reward__MAX","DDPG_EQL_Pendulum-v1_6 - eval/avg_reward","DDPG_EQL_Pendulum-v1_6 - eval/avg_reward__MIN","DDPG_EQL_Pendulum-v1_6 - eval/avg_reward__MAX","DDPG_EQL_Pendulum-v1_5 - eval/avg_reward","DDPG_EQL_Pendulum-v1_5 - eval/avg_reward__MIN","DDPG_EQL_Pendulum-v1_5 - eval/avg_reward__MAX","DDPG_EQL_Pendulum-v1_4 - eval/avg_reward","DDPG_EQL_Pendulum-v1_4 - eval/avg_reward__MIN","DDPG_EQL_Pendulum-v1_4 - eval/avg_reward__MAX","DDPG_EQL_Pendulum-v1_3 - eval/avg_reward","DDPG_EQL_Pendulum-v1_3 - eval/avg_reward__MIN","DDPG_EQL_Pendulum-v1_3 - eval/avg_reward__MAX","DDPG_EQL_Pendulum-v1_2 - eval/avg_reward","DDPG_EQL_Pendulum-v1_2 - eval/avg_reward__MIN","DDPG_EQL_Pendulum-v1_2 - eval/avg_reward__MAX","DDPG_EQL_Pendulum-v1_1 - eval/avg_reward","DDPG_EQL_Pendulum-v1_1 - eval/avg_reward__MIN","DDPG_EQL_Pendulum-v1_1 - eval/avg_reward__MAX","DDPG_EQL_Pendulum-v1_0 - eval/avg_reward","DDPG_EQL_Pendulum-v1_0 - eval/avg_reward__MIN","DDPG_EQL_Pendulum-v1_0 - eval/avg_reward__MAX"
"0","-1401.6226261599954","-1401.6226261599954","-1401.6226261599954","-1435.930552650268","-1435.930552650268","-1435.930552650268","-1448.9737364488112","-1448.9737364488112","-1448.9737364488112","-1568.9914164926765","-1568.9914164926765","-1568.9914164926765","-1209.5689572761542","-1209.5689572761542","-1209.5689572761542","-1248.506786966152","-1248.506786966152","-1248.506786966152","-1551.8436031626215","-1551.8436031626215","-1551.8436031626215","-1076.9632882264573","-1076.9632882264573","-1076.9632882264573","-1275.2165836417412","-1275.2165836417412","-1275.2165836417412","-1452.7631073899386","-1452.7631073899386","-1452.7631073899386","-1231.4761808535611","-1231.4761808535611","-1231.4761808535611","-1227.1472525562713","-1227.1472525562713","-1227.1472525562713","-1287.533745727514","-1287.533745727514","-1287.533745727514","-1448.4177689706441","-1448.4177689706441","-1448.4177689706441","-1436.4946402293442","-1436.4946402293442","-1436.4946402293442","-1494.0380537227197","-1494.0380537227197","-1494.0380537227197","-1149.8804169778966","-1149.8804169778966","-1149.8804169778966","-1251.0188341915482","-1251.0188341915482","-1251.0188341915482","-1489.5534472957415","-1489.5534472957415","-1489.5534472957415","-1062.5954729358295","-1062.5954729358295","-1062.5954729358295"
"300","-1401.6226261599954","-1401.6226261599954","-1401.6226261599954","-1435.930552650268","-1435.930552650268","-1435.930552650268","-1448.9737364488112","-1448.9737364488112","-1448.9737364488112","-1568.9914164926765","-1568.9914164926765","-1568.9914164926765","-1209.5689572761542","-1209.5689572761542","-1209.5689572761542","-1248.506786966152","-1248.506786966152","-1248.506786966152","-1551.8436031626215","-1551.8436031626215","-1551.8436031626215","-1076.9632882264573","-1076.9632882264573","-1076.9632882264573","-1275.2165836417412","-1275.2165836417412","-1275.2165836417412","-1452.7631073899386","-1452.7631073899386","-1452.7631073899386","-1231.4761808535611","-1231.4761808535611","-1231.4761808535611","-1227.1472525562713","-1227.1472525562713","-1227.1472525562713","-1287.533745727514","-1287.533745727514","-1287.533745727514","-1448.4177689706441","-1448.4177689706441","-1448.4177689706441","-1436.4946402293442","-1436.4946402293442","-1436.4946402293442","-1494.0380537227197","-1494.0380537227197","-1494.0380537227197","-1149.8804169778966","-1149.8804169778966","-1149.8804169778966","-1251.0188341915482","-1251.0188341915482","-1251.0188341915482","-1489.5534472957415","-1489.5534472957415","-1489.5534472957415","-1062.5954729358295","-1062.5954729358295","-1062.5954729358295"
"600","-1401.6226261599954","-1401.6226261599954","-1401.6226261599954","-1435.930552650268","-1435.930552650268","-1435.930552650268","-1448.9737364488112","-1448.9737364488112","-1448.9737364488112","-1568.9914164926765","-1568.9914164926765","-1568.9914164926765","-1209.5689572761542","-1209.5689572761542","-1209.5689572761542","-1248.506786966152","-1248.506786966152","-1248.506786966152","-1551.8436031626215","-1551.8436031626215","-1551.8436031626215","-1076.9632882264573","-1076.9632882264573","-1076.9632882264573","-1275.2165836417412","-1275.2165836417412","-1275.2165836417412","-1452.7631073899386","-1452.7631073899386","-1452.7631073899386","-1231.4761808535611","-1231.4761808535611","-1231.4761808535611","-1227.1472525562713","-1227.1472525562713","-1227.1472525562713","-1287.533745727514","-1287.533745727514","-1287.533745727514","-1448.4177689706441","-1448.4177689706441","-1448.4177689706441","-1436.4946402293442","-1436.4946402293442","-1436.4946402293442","-1494.0380537227197","-1494.0380537227197","-1494.0380537227197","-1149.8804169778966","-1149.8804169778966","-1149.8804169778966","-1251.0188341915482","-1251.0188341915482","-1251.0188341915482","-1489.5534472957415","-1489.5534472957415","-1489.5534472957415","-1062.5954729358295","-1062.5954729358295","-1062.5954729358295"
"900","-1401.6226261599954","-1401.6226261599954","-1401.6226261599954","-1435.930552650268","-1435.930552650268","-1435.930552650268","-1448.9737364488112","-1448.9737364488112","-1448.9737364488112","-1568.9914164926765","-1568.9914164926765","-1568.9914164926765","-1209.5689572761542","-1209.5689572761542","-1209.5689572761542","-1248.506786966152","-1248.506786966152","-1248.506786966152","-1551.8436031626215","-1551.8436031626215","-1551.8436031626215","-1076.9632882264573","-1076.9632882264573","-1076.9632882264573","-1275.2165836417412","-1275.2165836417412","-1275.2165836417412","-1452.7631073899386","-1452.7631073899386","-1452.7631073899386","-1231.4761808535611","-1231.4761808535611","-1231.4761808535611","-1227.1472525562713","-1227.1472525562713","-1227.1472525562713","-1287.533745727514","-1287.533745727514","-1287.533745727514","-1448.4177689706441","-1448.4177689706441","-1448.4177689706441","-1436.4946402293442","-1436.4946402293442","-1436.4946402293442","-1494.0380537227197","-1494.0380537227197","-1494.0380537227197","-1149.8804169778966","-1149.8804169778966","-1149.8804169778966","-1251.0188341915482","-1251.0188341915482","-1251.0188341915482","-1489.5534472957415","-1489.5534472957415","-1489.5534472957415","-1062.5954729358295","-1062.5954729358295","-1062.5954729358295"
"1200","-1671.378793101087","-1671.378793101087","-1671.378793101087","-1631.2221847192764","-1631.2221847192764","-1631.2221847192764","-1853.984619195987","-1853.984619195987","-1853.984619195987","-1794.9605673760639","-1794.9605673760639","-1794.9605673760639","-1634.4275081477092","-1634.4275081477092","-1634.4275081477092","-1733.3032491379047","-1733.3032491379047","-1733.3032491379047","-1714.0805502183036","-1714.0805502183036","-1714.0805502183036","-1483.0701063302763","-1483.0701063302763","-1483.0701063302763","-1446.9328965745906","-1446.9328965745906","-1446.9328965745906","-1486.2746454587773","-1486.2746454587773","-1486.2746454587773","-1751.831176193124","-1751.831176193124","-1751.831176193124","-1550.7026465880765","-1550.7026465880765","-1550.7026465880765","-1725.9049038859503","-1725.9049038859503","-1725.9049038859503","-1835.9980173431115","-1835.9980173431115","-1835.9980173431115","-1216.495024452968","-1216.495024452968","-1216.495024452968","-1176.814783433105","-1176.814783433105","-1176.814783433105","-1663.8040619144256","-1663.8040619144256","-1663.8040619144256","-1697.0944582991174","-1697.0944582991174","-1697.0944582991174","-1754.4546143071552","-1754.4546143071552","-1754.4546143071552","-1633.5410106225052","-1633.5410106225052","-1633.5410106225052"
"1500","-1491.1636433013196","-1491.1636433013196","-1491.1636433013196","-1557.1711259862875","-1557.1711259862875","-1557.1711259862875","-1549.6095223689151","-1549.6095223689151","-1549.6095223689151","-1505.5520958061506","-1505.5520958061506","-1505.5520958061506","-1654.2978192712424","-1654.2978192712424","-1654.2978192712424","-1719.0298184628184","-1719.0298184628184","-1719.0298184628184","-1525.5501856157507","-1525.5501856157507","-1525.5501856157507","-1668.402133093877","-1668.402133093877","-1668.402133093877","-1537.5716614541839","-1537.5716614541839","-1537.5716614541839","-1622.9253734026338","-1622.9253734026338","-1622.9253734026338","-1511.5403707092453","-1511.5403707092453","-1511.5403707092453","-1516.4159192757122","-1516.4159192757122","-1516.4159192757122","-1495.5242766007411","-1495.5242766007411","-1495.5242766007411","-1494.5508162983915","-1494.5508162983915","-1494.5508162983915","-1612.6292871719074","-1612.6292871719074","-1612.6292871719074","-1555.6662762554324","-1555.6662762554324","-1555.6662762554324","-1760.502399417345","-1760.502399417345","-1760.502399417345","-1766.6923039200974","-1766.6923039200974","-1766.6923039200974","-1458.509375226297","-1458.509375226297","-1458.509375226297","-1478.7938064791742","-1478.7938064791742","-1478.7938064791742"
"1800","-1448.6355392910314","-1448.6355392910314","-1448.6355392910314","-1512.570843557853","-1512.570843557853","-1512.570843557853","-1510.427392442549","-1510.427392442549","-1510.427392442549","-1491.8339022828952","-1491.8339022828952","-1491.8339022828952","-1575.400129696857","-1575.400129696857","-1575.400129696857","-1541.777176226219","-1541.777176226219","-1541.777176226219","-1499.9915127237746","-1499.9915127237746","-1499.9915127237746","-1483.7658703309014","-1483.7658703309014","-1483.7658703309014","-1494.523543495853","-1494.523543495853","-1494.523543495853","-1450.8307077539453","-1450.8307077539453","-1450.8307077539453","-1469.6890799877847","-1469.6890799877847","-1469.6890799877847","-1472.1560869043806","-1472.1560869043806","-1472.1560869043806","-1472.199372288916","-1472.199372288916","-1472.199372288916","-1484.0202187786663","-1484.0202187786663","-1484.0202187786663","-1492.455892394522","-1492.455892394522","-1492.455892394522","-1538.9238204564447","-1538.9238204564447","-1538.9238204564447","-1630.0259900635858","-1630.0259900635858","-1630.0259900635858","-1489.3191403352748","-1489.3191403352748","-1489.3191403352748","-1449.993341314485","-1449.993341314485","-1449.993341314485","-1456.031649106281","-1456.031649106281","-1456.031649106281"
"2100","-1410.141328134669","-1410.141328134669","-1410.141328134669","-1481.2278872534948","-1481.2278872534948","-1481.2278872534948","-1467.9498158634956","-1467.9498158634956","-1467.9498158634956","-1339.7336735642007","-1339.7336735642007","-1339.7336735642007","-1513.3181354753312","-1513.3181354753312","-1513.3181354753312","-1465.1490675993746","-1465.1490675993746","-1465.1490675993746","-1483.8490877876568","-1483.8490877876568","-1483.8490877876568","-1439.5858034246062","-1439.5858034246062","-1439.5858034246062","-1493.1870469965863","-1493.1870469965863","-1493.1870469965863","-1417.7924029204264","-1417.7924029204264","-1417.7924029204264","-1406.200213746963","-1406.200213746963","-1406.200213746963","-1373.528379307217","-1373.528379307217","-1373.528379307217","-1437.6048893888778","-1437.6048893888778","-1437.6048893888778","-1477.453796135312","-1477.453796135312","-1477.453796135312","-1477.00300827018","-1477.00300827018","-1477.00300827018","-1436.2330170721705","-1436.2330170721705","-1436.2330170721705","-1550.2198234961502","-1550.2198234961502","-1550.2198234961502","-1486.2637489357808","-1486.2637489357808","-1486.2637489357808","-1443.1484778220215","-1443.1484778220215","-1443.1484778220215","-1351.8456551458414","-1351.8456551458414","-1351.8456551458414"
"2400","-1365.2405815107372","-1365.2405815107372","-1365.2405815107372","-1446.001198408937","-1446.001198408937","-1446.001198408937","-1374.5224818667114","-1374.5224818667114","-1374.5224818667114","-1217.071331504215","-1217.071331504215","-1217.071331504215","-1332.1895084005835","-1332.1895084005835","-1332.1895084005835","-1316.250231837436","-1316.250231837436","-1316.250231837436","-1444.9296662722206","-1444.9296662722206","-1444.9296662722206","-1278.0311142623143","-1278.0311142623143","-1278.0311142623143","-1340.4351644118822","-1340.4351644118822","-1340.4351644118822","-1341.0983916227146","-1341.0983916227146","-1341.0983916227146","-1200.8363325304726","-1200.8363325304726","-1200.8363325304726","-1221.0377177441","-1221.0377177441","-1221.0377177441","-1278.8205557256194","-1278.8205557256194","-1278.8205557256194","-1469.7754306954846","-1469.7754306954846","-1469.7754306954846","-1320.40949304438","-1320.40949304438","-1320.40949304438","-1295.0192287399643","-1295.0192287399643","-1295.0192287399643","-1311.0244067917592","-1311.0244067917592","-1311.0244067917592","-1448.3820557333108","-1448.3820557333108","-1448.3820557333108","-1365.3127055958882","-1365.3127055958882","-1365.3127055958882","-1203.1426491820705","-1203.1426491820705","-1203.1426491820705"
"2700","-1230.3912099522431","-1230.3912099522431","-1230.3912099522431","-1327.7593318560307","-1327.7593318560307","-1327.7593318560307","-1293.2506259102768","-1293.2506259102768","-1293.2506259102768","-1175.1062980408801","-1175.1062980408801","-1175.1062980408801","-1193.0609907862063","-1193.0609907862063","-1193.0609907862063","-1245.368555359417","-1245.368555359417","-1245.368555359417","-1268.080878818802","-1268.080878818802","-1268.080878818802","-707.2409404654885","-707.2409404654885","-707.2409404654885","-1127.3361164287262","-1127.3361164287262","-1127.3361164287262","-1279.7651995918877","-1279.7651995918877","-1279.7651995918877","-1096.5287913778097","-1096.5287913778097","-1096.5287913778097","-1095.7648883972483","-1095.7648883972483","-1095.7648883972483","-1178.2905464966057","-1178.2905464966057","-1178.2905464966057","-1242.097319977701","-1242.097319977701","-1242.097319977701","-1204.2242198189585","-1204.2242198189585","-1204.2242198189585","-1169.0469302633123","-1169.0469302633123","-1169.0469302633123","-1186.9647578474746","-1186.9647578474746","-1186.9647578474746","-1115.7500259566746","-1115.7500259566746","-1115.7500259566746","-1197.4014730442805","-1197.4014730442805","-1197.4014730442805","-1123.583568312662","-1123.583568312662","-1123.583568312662"
"3000","-1034.3810070978816","-1034.3810070978816","-1034.3810070978816","-1265.4390467732255","-1265.4390467732255","-1265.4390467732255","-1256.6152710185188","-1256.6152710185188","-1256.6152710185188","-1091.5370004032677","-1091.5370004032677","-1091.5370004032677","-1117.5138668418376","-1117.5138668418376","-1117.5138668418376","-1205.3663217788312","-1205.3663217788312","-1205.3663217788312","-1098.6272854153815","-1098.6272854153815","-1098.6272854153815","-646.4218026460348","-646.4218026460348","-646.4218026460348","-1032.9861851393823","-1032.9861851393823","-1032.9861851393823","-1207.0959316802205","-1207.0959316802205","-1207.0959316802205","-929.0459175881426","-929.0459175881426","-929.0459175881426","-1021.5468180267129","-1021.5468180267129","-1021.5468180267129","-1141.3674817865276","-1141.3674817865276","-1141.3674817865276","-1137.012670007862","-1137.012670007862","-1137.012670007862","-1068.5429232720635","-1068.5429232720635","-1068.5429232720635","-704.8511839854589","-704.8511839854589","-704.8511839854589","-992.1675192652092","-992.1675192652092","-992.1675192652092","-928.739858937973","-928.739858937973","-928.739858937973","-1078.1703244547923","-1078.1703244547923","-1078.1703244547923","-1037.7677477485822","-1037.7677477485822","-1037.7677477485822"
"3300","-923.8217775007204","-923.8217775007204","-923.8217775007204","-1150.137965422706","-1150.137965422706","-1150.137965422706","-1232.449520532145","-1232.449520532145","-1232.449520532145","-1024.5049710393","-1024.5049710393","-1024.5049710393","-1037.9057517709068","-1037.9057517709068","-1037.9057517709068","-1160.8991663941395","-1160.8991663941395","-1160.8991663941395","-1096.9792384393895","-1096.9792384393895","-1096.9792384393895","-553.8550902749632","-553.8550902749632","-553.8550902749632","-622.8397352625801","-622.8397352625801","-622.8397352625801","-1207.487067870467","-1207.487067870467","-1207.487067870467","-803.4847743117695","-803.4847743117695","-803.4847743117695","-832.3886003247732","-832.3886003247732","-832.3886003247732","-1044.8483859955213","-1044.8483859955213","-1044.8483859955213","-1434.2618183733011","-1434.2618183733011","-1434.2618183733011","-702.3503838166342","-702.3503838166342","-702.3503838166342","-538.8990619743316","-538.8990619743316","-538.8990619743316","-929.0068889520796","-929.0068889520796","-929.0068889520796","-777.3683152073621","-777.3683152073621","-777.3683152073621","-1090.0771358237828","-1090.0771358237828","-1090.0771358237828","-934.3146599274689","-934.3146599274689","-934.3146599274689"
"3600","-646.3471731191614","-646.3471731191614","-646.3471731191614","-985.6049992847853","-985.6049992847853","-985.6049992847853","-994.5884152301242","-994.5884152301242","-994.5884152301242","-971.3471734338412","-971.3471734338412","-971.3471734338412","-544.7754986347284","-544.7754986347284","-544.7754986347284","-689.063105244504","-689.063105244504","-689.063105244504","-731.0076154638064","-731.0076154638064","-731.0076154638064","-198.98188985512124","-198.98188985512124","-198.98188985512124","-905.6937162391498","-905.6937162391498","-905.6937162391498","-1030.9917642014652","-1030.9917642014652","-1030.9917642014652","-657.0322244605225","-657.0322244605225","-657.0322244605225","-584.3506255547757","-584.3506255547757","-584.3506255547757","-834.6620967036131","-834.6620967036131","-834.6620967036131","-1037.0080891225866","-1037.0080891225866","-1037.0080891225866","-536.0340829947559","-536.0340829947559","-536.0340829947559","-457.0541470536215","-457.0541470536215","-457.0541470536215","-1565.7127022509446","-1565.7127022509446","-1565.7127022509446","-757.7035062312733","-757.7035062312733","-757.7035062312733","-972.870928383026","-972.870928383026","-972.870928383026","-803.6087946383384","-803.6087946383384","-803.6087946383384"
"3900","-610.6192073847415","-610.6192073847415","-610.6192073847415","-777.0119847823137","-777.0119847823137","-777.0119847823137","-1294.0136811380605","-1294.0136811380605","-1294.0136811380605","-754.7422862136275","-754.7422862136275","-754.7422862136275","-328.7224608864643","-328.7224608864643","-328.7224608864643","-801.6122306299638","-801.6122306299638","-801.6122306299638","-274.6603599861186","-274.6603599861186","-274.6603599861186","-490.6041008411106","-490.6041008411106","-490.6041008411106","-660.1416810367733","-660.1416810367733","-660.1416810367733","-673.9991889299297","-673.9991889299297","-673.9991889299297","-677.2959845500012","-677.2959845500012","-677.2959845500012","-498.6919252163358","-498.6919252163358","-498.6919252163358","-183.53752407076016","-183.53752407076016","-183.53752407076016","-749.0259870342223","-749.0259870342223","-749.0259870342223","-905.1978566392836","-905.1978566392836","-905.1978566392836","-223.53656498191822","-223.53656498191822","-223.53656498191822","-1029.1940964127573","-1029.1940964127573","-1029.1940964127573","-309.6756039367288","-309.6756039367288","-309.6756039367288","-580.0101149101372","-580.0101149101372","-580.0101149101372","-164.96536791531517","-164.96536791531517","-164.96536791531517"
"4200","-155.2994636575033","-155.2994636575033","-155.2994636575033","-636.8699057861941","-636.8699057861941","-636.8699057861941","-822.6806721501446","-822.6806721501446","-822.6806721501446","-740.7255239637886","-740.7255239637886","-740.7255239637886","-265.81364283696905","-265.81364283696905","-265.81364283696905","-629.4635875499414","-629.4635875499414","-629.4635875499414","-254.92350922067303","-254.92350922067303","-254.92350922067303","-140.05504006561387","-140.05504006561387","-140.05504006561387","-209.88705780755703","-209.88705780755703","-209.88705780755703","-824.8517911009903","-824.8517911009903","-824.8517911009903","-576.5041536356764","-576.5041536356764","-576.5041536356764","-395.99158938329947","-395.99158938329947","-395.99158938329947","-334.7583448586173","-334.7583448586173","-334.7583448586173","-766.7871631631114","-766.7871631631114","-766.7871631631114","-691.016797685169","-691.016797685169","-691.016797685169","-503.19614096976056","-503.19614096976056","-503.19614096976056","-787.0331185373399","-787.0331185373399","-787.0331185373399","-667.4105944186613","-667.4105944186613","-667.4105944186613","-260.4679786768728","-260.4679786768728","-260.4679786768728","-159.23215129738477","-159.23215129738477","-159.23215129738477"
"4500","-156.50615586642306","-156.50615586642306","-156.50615586642306","-619.8291268368116","-619.8291268368116","-619.8291268368116","-1552.070339704429","-1552.070339704429","-1552.070339704429","-782.5989635069492","-782.5989635069492","-782.5989635069492","-157.99953724368956","-157.99953724368956","-157.99953724368956","-340.3715631120528","-340.3715631120528","-340.3715631120528","-224.85433226400284","-224.85433226400284","-224.85433226400284","-165.0442336786561","-165.0442336786561","-165.0442336786561","-201.5914698034175","-201.5914698034175","-201.5914698034175","-701.2542165656102","-701.2542165656102","-701.2542165656102","-263.5844657862426","-263.5844657862426","-263.5844657862426","-314.1865514003826","-314.1865514003826","-314.1865514003826","-153.43670185428851","-153.43670185428851","-153.43670185428851","-660.5181745424965","-660.5181745424965","-660.5181745424965","-1072.081769017706","-1072.081769017706","-1072.081769017706","-652.2607428429361","-652.2607428429361","-652.2607428429361","-696.4841225996056","-696.4841225996056","-696.4841225996056","-386.02375728151395","-386.02375728151395","-386.02375728151395","-197.4524009001611","-197.4524009001611","-197.4524009001611","-234.10030824343426","-234.10030824343426","-234.10030824343426"
"4800","-147.5108083184012","-147.5108083184012","-147.5108083184012","-540.7999739608841","-540.7999739608841","-540.7999739608841","-285.3479832050469","-285.3479832050469","-285.3479832050469","-621.5926622214254","-621.5926622214254","-621.5926622214254","-544.4600317573477","-544.4600317573477","-544.4600317573477","-152.39162801937837","-152.39162801937837","-152.39162801937837","-195.16369939532393","-195.16369939532393","-195.16369939532393","-109.5775527567055","-109.5775527567055","-109.5775527567055","-171.57676893261583","-171.57676893261583","-171.57676893261583","-402.6241580483253","-402.6241580483253","-402.6241580483253","-155.4180139142952","-155.4180139142952","-155.4180139142952","-182.50073784756222","-182.50073784756222","-182.50073784756222","-126.98089009229766","-126.98089009229766","-126.98089009229766","-350.2409875778946","-350.2409875778946","-350.2409875778946","-650.6283475928813","-650.6283475928813","-650.6283475928813","-472.32761278455064","-472.32761278455064","-472.32761278455064","-148.6452012022148","-148.6452012022148","-148.6452012022148","-129.36205722869997","-129.36205722869997","-129.36205722869997","-194.40397931041372","-194.40397931041372","-194.40397931041372","-233.35757966164493","-233.35757966164493","-233.35757966164493"
"5100","-142.8653157905389","-142.8653157905389","-142.8653157905389","-228.24687251041047","-228.24687251041047","-228.24687251041047","-272.34995202876604","-272.34995202876604","-272.34995202876604","-219.2754259427481","-219.2754259427481","-219.2754259427481","-155.50125711630707","-155.50125711630707","-155.50125711630707","-147.17958388302756","-147.17958388302756","-147.17958388302756","-194.08631114038693","-194.08631114038693","-194.08631114038693","-107.17577165785401","-107.17577165785401","-107.17577165785401","-170.69041546534757","-170.69041546534757","-170.69041546534757","-144.1118634948197","-144.1118634948197","-144.1118634948197","-148.76470165568483","-148.76470165568483","-148.76470165568483","-175.3026454628247","-175.3026454628247","-175.3026454628247","-124.87081719810774","-124.87081719810774","-124.87081719810774","-211.83305021800828","-211.83305021800828","-211.83305021800828","-176.78941431287473","-176.78941431287473","-176.78941431287473","-149.77590372454483","-149.77590372454483","-149.77590372454483","-150.7325070093205","-150.7325070093205","-150.7325070093205","-127.0005914052638","-127.0005914052638","-127.0005914052638","-179.60345881839515","-179.60345881839515","-179.60345881839515","-127.92057707395375","-127.92057707395375","-127.92057707395375"
"5400","-143.2054811144254","-143.2054811144254","-143.2054811144254","-222.24415915772238","-222.24415915772238","-222.24415915772238","-256.0085663872476","-256.0085663872476","-256.0085663872476","-216.87016258842976","-216.87016258842976","-216.87016258842976","-349.91411655454976","-349.91411655454976","-349.91411655454976","-145.51460572282227","-145.51460572282227","-145.51460572282227","-192.71358935179495","-192.71358935179495","-192.71358935179495","-105.22866419498632","-105.22866419498632","-105.22866419498632","-171.42830197331503","-171.42830197331503","-171.42830197331503","-139.18393189902162","-139.18393189902162","-139.18393189902162","-148.60096514593016","-148.60096514593016","-148.60096514593016","-174.30996056827485","-174.30996056827485","-174.30996056827485","-124.24790133736171","-124.24790133736171","-124.24790133736171","-210.51896404204712","-210.51896404204712","-210.51896404204712","-173.72548155852039","-173.72548155852039","-173.72548155852039","-147.73465766410408","-147.73465766410408","-147.73465766410408","-143.58383525804828","-143.58383525804828","-143.58383525804828","-120.85005984208655","-120.85005984208655","-120.85005984208655","-177.28070935578992","-177.28070935578992","-177.28070935578992","-128.38346084706805","-128.38346084706805","-128.38346084706805"
"5700","-143.62642939618155","-143.62642939618155","-143.62642939618155","-218.0985647164308","-218.0985647164308","-218.0985647164308","-253.062865655628","-253.062865655628","-253.062865655628","-214.04753624866316","-214.04753624866316","-214.04753624866316","-375.6888883021071","-375.6888883021071","-375.6888883021071","-141.0029005265268","-141.0029005265268","-141.0029005265268","-191.41902122529527","-191.41902122529527","-191.41902122529527","-420.7803994258408","-420.7803994258408","-420.7803994258408","-171.81298039372206","-171.81298039372206","-171.81298039372206","-139.85315105301808","-139.85315105301808","-139.85315105301808","-148.41415150015192","-148.41415150015192","-148.41415150015192","-281.3013672907849","-281.3013672907849","-281.3013672907849","-124.12372969694653","-124.12372969694653","-124.12372969694653","-208.71029833275816","-208.71029833275816","-208.71029833275816","-172.02205994610932","-172.02205994610932","-172.02205994610932","-120.32886455012165","-120.32886455012165","-120.32886455012165","-140.88386939006097","-140.88386939006097","-140.88386939006097","-121.21120872235792","-121.21120872235792","-121.21120872235792","-175.62323211607048","-175.62323211607048","-175.62323211607048","-131.27699256977218","-131.27699256977218","-131.27699256977218"
"6000","-166.40600476107747","-166.40600476107747","-166.40600476107747","-211.8180765501698","-211.8180765501698","-211.8180765501698","-226.18746993478317","-226.18746993478317","-226.18746993478317","-209.74850485967863","-209.74850485967863","-209.74850485967863","-344.4935949510295","-344.4935949510295","-344.4935949510295","-140.36640618264352","-140.36640618264352","-140.36640618264352","-191.20686980436267","-191.20686980436267","-191.20686980436267","-101.49075383788367","-101.49075383788367","-101.49075383788367","-171.88558035708405","-171.88558035708405","-171.88558035708405","-135.00018046529868","-135.00018046529868","-135.00018046529868","-148.8770329460712","-148.8770329460712","-148.8770329460712","-200.56054712800466","-200.56054712800466","-200.56054712800466","-388.80196554655475","-388.80196554655475","-388.80196554655475","-204.45781112992938","-204.45781112992938","-204.45781112992938","-171.9597780977305","-171.9597780977305","-171.9597780977305","-119.09955075560731","-119.09955075560731","-119.09955075560731","-141.24341725849965","-141.24341725849965","-141.24341725849965","-121.03647733253838","-121.03647733253838","-121.03647733253838","-175.62450329252857","-175.62450329252857","-175.62450329252857","-156.47756392484638","-156.47756392484638","-156.47756392484638"
"6300","-165.25085668473986","-165.25085668473986","-165.25085668473986","-209.00953360049525","-209.00953360049525","-209.00953360049525","-249.44649730249407","-249.44649730249407","-249.44649730249407","-206.2547159955876","-206.2547159955876","-206.2547159955876","-147.77674205832744","-147.77674205832744","-147.77674205832744","-139.2935836589424","-139.2935836589424","-139.2935836589424","-189.53022675629265","-189.53022675629265","-189.53022675629265","-102.53950087656094","-102.53950087656094","-102.53950087656094","-172.18178621632222","-172.18178621632222","-172.18178621632222","-134.44281047442877","-134.44281047442877","-134.44281047442877","-282.4123731604858","-282.4123731604858","-282.4123731604858","-175.6855333478797","-175.6855333478797","-175.6855333478797","-588.4965372407519","-588.4965372407519","-588.4965372407519","-207.56799651746815","-207.56799651746815","-207.56799651746815","-171.88566258035638","-171.88566258035638","-171.88566258035638","-118.64273466487377","-118.64273466487377","-118.64273466487377","-140.59770045701825","-140.59770045701825","-140.59770045701825","-122.37155268190138","-122.37155268190138","-122.37155268190138","-172.94957426895843","-172.94957426895843","-172.94957426895843","-128.35655358525443","-128.35655358525443","-128.35655358525443"
"6600","-163.76819515623393","-163.76819515623393","-163.76819515623393","-212.17565640575876","-212.17565640575876","-212.17565640575876","-252.29799418793718","-252.29799418793718","-252.29799418793718","-207.10977888238273","-207.10977888238273","-207.10977888238273","-144.54527136006993","-144.54527136006993","-144.54527136006993","-140.5780418839449","-140.5780418839449","-140.5780418839449","-192.73909515828046","-192.73909515828046","-192.73909515828046","-101.77691179275988","-101.77691179275988","-101.77691179275988","-173.00858213112468","-173.00858213112468","-173.00858213112468","-131.12647311409424","-131.12647311409424","-131.12647311409424","-147.8179053274162","-147.8179053274162","-147.8179053274162","-173.9698256278768","-173.9698256278768","-173.9698256278768","-124.79569474845985","-124.79569474845985","-124.79569474845985","-201.91152362296458","-201.91152362296458","-201.91152362296458","-172.86133064075648","-172.86133064075648","-172.86133064075648","-119.21032768835849","-119.21032768835849","-119.21032768835849","-140.3048342993643","-140.3048342993643","-140.3048342993643","-121.74647582864357","-121.74647582864357","-121.74647582864357","-172.93099274680978","-172.93099274680978","-172.93099274680978","-125.78309291556813","-125.78309291556813","-125.78309291556813"
"6900","-164.6979526922999","-164.6979526922999","-164.6979526922999","-234.8743423651331","-234.8743423651331","-234.8743423651331","-282.6545711379175","-282.6545711379175","-282.6545711379175","-206.39501896288635","-206.39501896288635","-206.39501896288635","-418.09330102206616","-418.09330102206616","-418.09330102206616","-140.42017947629944","-140.42017947629944","-140.42017947629944","-308.0364672874026","-308.0364672874026","-308.0364672874026","-575.456610187505","-575.456610187505","-575.456610187505","-199.2460247612738","-199.2460247612738","-199.2460247612738","-131.06615114550763","-131.06615114550763","-131.06615114550763","-148.1935017016071","-148.1935017016071","-148.1935017016071","-173.77437298132833","-173.77437298132833","-173.77437298132833","-125.23742924770178","-125.23742924770178","-125.23742924770178","-205.09235712610047","-205.09235712610047","-205.09235712610047","-171.55258477346254","-171.55258477346254","-171.55258477346254","-120.82659612436753","-120.82659612436753","-120.82659612436753","-140.83884148512232","-140.83884148512232","-140.83884148512232","-121.11305505792734","-121.11305505792734","-121.11305505792734","-332.1271862497414","-332.1271862497414","-332.1271862497414","-126.48255004474458","-126.48255004474458","-126.48255004474458"
"7200","-164.75942258070512","-164.75942258070512","-164.75942258070512","-234.5381168251728","-234.5381168251728","-234.5381168251728","-283.617759444806","-283.617759444806","-283.617759444806","-205.08829235954312","-205.08829235954312","-205.08829235954312","-144.93380959108333","-144.93380959108333","-144.93380959108333","-141.89363749078535","-141.89363749078535","-141.89363749078535","-220.87987127469145","-220.87987127469145","-220.87987127469145","-563.9276666686794","-563.9276666686794","-563.9276666686794","-172.549135300813","-172.549135300813","-172.549135300813","-131.38201587217483","-131.38201587217483","-131.38201587217483","-148.17417042634847","-148.17417042634847","-148.17417042634847","-174.18649204124048","-174.18649204124048","-174.18649204124048","-152.20162549313181","-152.20162549313181","-152.20162549313181","-206.0344155208587","-206.0344155208587","-206.0344155208587","-171.14617124226464","-171.14617124226464","-171.14617124226464","-121.47707749862703","-121.47707749862703","-121.47707749862703","-141.7186134454011","-141.7186134454011","-141.7186134454011","-121.05169892063343","-121.05169892063343","-121.05169892063343","-225.10194639520245","-225.10194639520245","-225.10194639520245","-126.21462190888215","-126.21462190888215","-126.21462190888215"
"7500","-164.05845059079738","-164.05845059079738","-164.05845059079738","-232.77815647355","-232.77815647355","-232.77815647355","-285.3739352849467","-285.3739352849467","-285.3739352849467","-207.29059985289913","-207.29059985289913","-207.29059985289913","-144.7249515853507","-144.7249515853507","-144.7249515853507","-141.0584864168256","-141.0584864168256","-141.0584864168256","-221.3955152589806","-221.3955152589806","-221.3955152589806","-619.5083652014724","-619.5083652014724","-619.5083652014724","-518.0613794828853","-518.0613794828853","-518.0613794828853","-131.82694366110488","-131.82694366110488","-131.82694366110488","-148.1825536683544","-148.1825536683544","-148.1825536683544","-174.01330187536624","-174.01330187536624","-174.01330187536624","-408.1433638399886","-408.1433638399886","-408.1433638399886","-202.69365944456067","-202.69365944456067","-202.69365944456067","-222.8087418325803","-222.8087418325803","-222.8087418325803","-122.03465040238521","-122.03465040238521","-122.03465040238521","-142.859459684284","-142.859459684284","-142.859459684284","-120.44451257972294","-120.44451257972294","-120.44451257972294","-199.86463157702673","-199.86463157702673","-199.86463157702673","-126.21681414147568","-126.21681414147568","-126.21681414147568"
"7800","-143.57585756132093","-143.57585756132093","-143.57585756132093","-236.20883141732534","-236.20883141732534","-236.20883141732534","-276.46289367102725","-276.46289367102725","-276.46289367102725","-205.6502066510564","-205.6502066510564","-205.6502066510564","-142.9240125766154","-142.9240125766154","-142.9240125766154","-144.06760097746314","-144.06760097746314","-144.06760097746314","-222.53274927640632","-222.53274927640632","-222.53274927640632","-617.3512450289533","-617.3512450289533","-617.3512450289533","-439.4865844064649","-439.4865844064649","-439.4865844064649","-132.99786370682648","-132.99786370682648","-132.99786370682648","-148.23519055514174","-148.23519055514174","-148.23519055514174","-176.25246947821122","-176.25246947821122","-176.25246947821122","-124.83216009404484","-124.83216009404484","-124.83216009404484","-204.48329002527717","-204.48329002527717","-204.48329002527717","-171.49906730392087","-171.49906730392087","-171.49906730392087","-121.13770212544264","-121.13770212544264","-121.13770212544264","-142.18025240891203","-142.18025240891203","-142.18025240891203","-120.27644671873236","-120.27644671873236","-120.27644671873236","-225.37412791948708","-225.37412791948708","-225.37412791948708","-125.80712633230344","-125.80712633230344","-125.80712633230344"
"8100","-141.56359559644065","-141.56359559644065","-141.56359559644065","-208.3449994552781","-208.3449994552781","-208.3449994552781","-398.55742059109446","-398.55742059109446","-398.55742059109446","-207.11096961125426","-207.11096961125426","-207.11096961125426","-143.19148385276617","-143.19148385276617","-143.19148385276617","-144.099546679473","-144.099546679473","-144.099546679473","-224.44152320966668","-224.44152320966668","-224.44152320966668","-568.5667376788716","-568.5667376788716","-568.5667376788716","-172.7428696207674","-172.7428696207674","-172.7428696207674","-133.79539797234486","-133.79539797234486","-133.79539797234486","-147.76956224324547","-147.76956224324547","-147.76956224324547","-176.59332095582536","-176.59332095582536","-176.59332095582536","-151.24078661539824","-151.24078661539824","-151.24078661539824","-207.71703342242955","-207.71703342242955","-207.71703342242955","-352.40349189833194","-352.40349189833194","-352.40349189833194","-121.02306856081245","-121.02306856081245","-121.02306856081245","-142.27539164445628","-142.27539164445628","-142.27539164445628","-120.42507692833752","-120.42507692833752","-120.42507692833752","-225.97885829888955","-225.97885829888955","-225.97885829888955","-127.70710056024961","-127.70710056024961","-127.70710056024961"
"8400","-166.96571171957925","-166.96571171957925","-166.96571171957925","-209.91733699781844","-209.91733699781844","-209.91733699781844","-287.1038720326318","-287.1038720326318","-287.1038720326318","-205.86063950274257","-205.86063950274257","-205.86063950274257","-142.45621873036112","-142.45621873036112","-142.45621873036112","-143.04796640482897","-143.04796640482897","-143.04796640482897","-804.5058759930391","-804.5058759930391","-804.5058759930391","-99.32156763099991","-99.32156763099991","-99.32156763099991","-172.78369701898728","-172.78369701898728","-172.78369701898728","-134.62087856045025","-134.62087856045025","-134.62087856045025","-147.31625714397643","-147.31625714397643","-147.31625714397643","-173.95000977649642","-173.95000977649642","-173.95000977649642","-123.24326724948928","-123.24326724948928","-123.24326724948928","-206.2776402410991","-206.2776402410991","-206.2776402410991","-547.6555283127376","-547.6555283127376","-547.6555283127376","-120.64555692455397","-120.64555692455397","-120.64555692455397","-142.70162152342655","-142.70162152342655","-142.70162152342655","-122.03837969079973","-122.03837969079973","-122.03837969079973","-577.0704503153671","-577.0704503153671","-577.0704503153671","-124.68787485821005","-124.68787485821005","-124.68787485821005"
"8700","-142.63931663263867","-142.63931663263867","-142.63931663263867","-212.55125572918124","-212.55125572918124","-212.55125572918124","-277.64923455909263","-277.64923455909263","-277.64923455909263","-207.49251574850342","-207.49251574850342","-207.49251574850342","-143.70865792238382","-143.70865792238382","-143.70865792238382","-144.34836336619102","-144.34836336619102","-144.34836336619102","-532.0437042029255","-532.0437042029255","-532.0437042029255","-100.96760917848164","-100.96760917848164","-100.96760917848164","-171.8390017909142","-171.8390017909142","-171.8390017909142","-135.68840079693325","-135.68840079693325","-135.68840079693325","-147.40914503960448","-147.40914503960448","-147.40914503960448","-173.3047844856213","-173.3047844856213","-173.3047844856213","-122.80619994698505","-122.80619994698505","-122.80619994698505","-207.76888856327452","-207.76888856327452","-207.76888856327452","-330.03227167099493","-330.03227167099493","-330.03227167099493","-122.80365187267962","-122.80365187267962","-122.80365187267962","-142.83341114187917","-142.83341114187917","-142.83341114187917","-121.27094886963212","-121.27094886963212","-121.27094886963212","-517.0152931743585","-517.0152931743585","-517.0152931743585","-122.95119105511813","-122.95119105511813","-122.95119105511813"
"9000","-143.08408879830722","-143.08408879830722","-143.08408879830722","-210.96319185911966","-210.96319185911966","-210.96319185911966","-282.1784888219154","-282.1784888219154","-282.1784888219154","-208.39721209427003","-208.39721209427003","-208.39721209427003","-143.93734323601015","-143.93734323601015","-143.93734323601015","-142.42041172154617","-142.42041172154617","-142.42041172154617","-938.8020012146615","-938.8020012146615","-938.8020012146615","-102.02180843808958","-102.02180843808958","-102.02180843808958","-172.41685767214724","-172.41685767214724","-172.41685767214724","-136.44532461299963","-136.44532461299963","-136.44532461299963","-146.55905875517433","-146.55905875517433","-146.55905875517433","-172.82722633054485","-172.82722633054485","-172.82722633054485","-123.03219682876053","-123.03219682876053","-123.03219682876053","-206.0686937186509","-206.0686937186509","-206.0686937186509","-676.0060929250112","-676.0060929250112","-676.0060929250112","-121.69939369537637","-121.69939369537637","-121.69939369537637","-142.81082506173314","-142.81082506173314","-142.81082506173314","-122.30746939944022","-122.30746939944022","-122.30746939944022","-474.6031127130576","-474.6031127130576","-474.6031127130576","-122.77455956857739","-122.77455956857739","-122.77455956857739"
"9300","-140.67212801594752","-140.67212801594752","-140.67212801594752","-210.4229522424354","-210.4229522424354","-210.4229522424354","-536.2853938250066","-536.2853938250066","-536.2853938250066","-210.01713354069807","-210.01713354069807","-210.01713354069807","-144.8878377687413","-144.8878377687413","-144.8878377687413","-142.87831386584241","-142.87831386584241","-142.87831386584241","-398.10163470778645","-398.10163470778645","-398.10163470778645","-153.70759485959792","-153.70759485959792","-153.70759485959792","-173.36450572235952","-173.36450572235952","-173.36450572235952","-136.3009103623377","-136.3009103623377","-136.3009103623377","-146.50269551484666","-146.50269551484666","-146.50269551484666","-338.26175416959944","-338.26175416959944","-338.26175416959944","-122.84807017596026","-122.84807017596026","-122.84807017596026","-208.0632095986347","-208.0632095986347","-208.0632095986347","-276.1643388864717","-276.1643388864717","-276.1643388864717","-121.14707315281376","-121.14707315281376","-121.14707315281376","-168.73342965011557","-168.73342965011557","-168.73342965011557","-122.02556090151533","-122.02556090151533","-122.02556090151533","-174.55163115290446","-174.55163115290446","-174.55163115290446","-125.86307051060301","-125.86307051060301","-125.86307051060301"
"9600","-141.63820814097443","-141.63820814097443","-141.63820814097443","-212.0888331590226","-212.0888331590226","-212.0888331590226","-339.9325741806157","-339.9325741806157","-339.9325741806157","-209.6926834251626","-209.6926834251626","-209.6926834251626","-146.9357785973133","-146.9357785973133","-146.9357785973133","-142.65926563902923","-142.65926563902923","-142.65926563902923","-191.74315782963112","-191.74315782963112","-191.74315782963112","-127.21637413128765","-127.21637413128765","-127.21637413128765","-171.9614886088305","-171.9614886088305","-171.9614886088305","-135.5951350632059","-135.5951350632059","-135.5951350632059","-147.0604503246429","-147.0604503246429","-147.0604503246429","-171.85634044442912","-171.85634044442912","-171.85634044442912","-122.5644690950149","-122.5644690950149","-122.5644690950149","-206.22239868999586","-206.22239868999586","-206.22239868999586","-169.73440038164034","-169.73440038164034","-169.73440038164034","-121.76149763627416","-121.76149763627416","-121.76149763627416","-141.68889904508572","-141.68889904508572","-141.68889904508572","-121.02829118960824","-121.02829118960824","-121.02829118960824","-173.8980997520644","-173.8980997520644","-173.8980997520644","-126.23117065572664","-126.23117065572664","-126.23117065572664"
"9900","-142.39338131002364","-142.39338131002364","-142.39338131002364","-214.27457701481617","-214.27457701481617","-214.27457701481617","-334.1780182364798","-334.1780182364798","-334.1780182364798","-211.9106832921521","-211.9106832921521","-211.9106832921521","-146.52465010971156","-146.52465010971156","-146.52465010971156","-143.93312673360305","-143.93312673360305","-143.93312673360305","-245.37193934912693","-245.37193934912693","-245.37193934912693","-152.00323916171914","-152.00323916171914","-152.00323916171914","-171.8477884189737","-171.8477884189737","-171.8477884189737","-137.52112176160827","-137.52112176160827","-137.52112176160827","-147.15845176038079","-147.15845176038079","-147.15845176038079","-171.11660463759108","-171.11660463759108","-171.11660463759108","-122.54713377909108","-122.54713377909108","-122.54713377909108","-206.83675145699527","-206.83675145699527","-206.83675145699527","-168.18616419098157","-168.18616419098157","-168.18616419098157","-146.33798823190602","-146.33798823190602","-146.33798823190602","-141.62169526728053","-141.62169526728053","-141.62169526728053","-121.91999238495286","-121.91999238495286","-121.91999238495286","-172.92821934012306","-172.92821934012306","-172.92821934012306","-125.37860633731711","-125.37860633731711","-125.37860633731711"
"10200","-142.6180898628948","-142.6180898628948","-142.6180898628948","-212.50610634210233","-212.50610634210233","-212.50610634210233","-260.8911539032646","-260.8911539032646","-260.8911539032646","-210.50002784738052","-210.50002784738052","-210.50002784738052","-147.54941348553407","-147.54941348553407","-147.54941348553407","-143.4633169062513","-143.4633169062513","-143.4633169062513","-190.9922108739067","-190.9922108739067","-190.9922108739067","-101.09413599243679","-101.09413599243679","-101.09413599243679","-171.9042270319584","-171.9042270319584","-171.9042270319584","-137.3255332379564","-137.3255332379564","-137.3255332379564","-146.2807248491002","-146.2807248491002","-146.2807248491002","-170.40148515959336","-170.40148515959336","-170.40148515959336","-122.62557930544695","-122.62557930544695","-122.62557930544695","-209.63585923838622","-209.63585923838622","-209.63585923838622","-168.95166075092635","-168.95166075092635","-168.95166075092635","-121.33025663520183","-121.33025663520183","-121.33025663520183","-141.35896152188263","-141.35896152188263","-141.35896152188263","-121.71728970761771","-121.71728970761771","-121.71728970761771","-171.75842544617382","-171.75842544617382","-171.75842544617382","-124.05974239041502","-124.05974239041502","-124.05974239041502"
"10500","-142.94291152074166","-142.94291152074166","-142.94291152074166","-213.76794449158928","-213.76794449158928","-213.76794449158928","-312.959097689592","-312.959097689592","-312.959097689592","-210.0298622853205","-210.0298622853205","-210.0298622853205","-147.89042773370733","-147.89042773370733","-147.89042773370733","-143.11677120469315","-143.11677120469315","-143.11677120469315","-191.00989698753366","-191.00989698753366","-191.00989698753366","-150.04879318489674","-150.04879318489674","-150.04879318489674","-172.29720225170712","-172.29720225170712","-172.29720225170712","-136.40480314238135","-136.40480314238135","-136.40480314238135","-145.86869645105216","-145.86869645105216","-145.86869645105216","-169.36171694706368","-169.36171694706368","-169.36171694706368","-123.54319680452195","-123.54319680452195","-123.54319680452195","-207.54333064016072","-207.54333064016072","-207.54333064016072","-169.13847827238914","-169.13847827238914","-169.13847827238914","-121.80975650548574","-121.80975650548574","-121.80975650548574","-141.05510124378242","-141.05510124378242","-141.05510124378242","-122.47957616553447","-122.47957616553447","-122.47957616553447","-171.7972508368589","-171.7972508368589","-171.7972508368589","-124.2059969380687","-124.2059969380687","-124.2059969380687"
"10800","-141.85994085834213","-141.85994085834213","-141.85994085834213","-219.34799290092374","-219.34799290092374","-219.34799290092374","-256.3322471614769","-256.3322471614769","-256.3322471614769","-212.65565847079515","-212.65565847079515","-212.65565847079515","-149.70559677599869","-149.70559677599869","-149.70559677599869","-142.36166414065517","-142.36166414065517","-142.36166414065517","-191.0972610913791","-191.0972610913791","-191.0972610913791","-150.5517334805798","-150.5517334805798","-150.5517334805798","-172.23056027856637","-172.23056027856637","-172.23056027856637","-136.7597954825024","-136.7597954825024","-136.7597954825024","-145.85997680271328","-145.85997680271328","-145.85997680271328","-169.16277902528245","-169.16277902528245","-169.16277902528245","-123.35513355743069","-123.35513355743069","-123.35513355743069","-208.07136495036707","-208.07136495036707","-208.07136495036707","-169.00760294829428","-169.00760294829428","-169.00760294829428","-121.5061885447827","-121.5061885447827","-121.5061885447827","-141.8275752432373","-141.8275752432373","-141.8275752432373","-122.15691814123177","-122.15691814123177","-122.15691814123177","-172.3622036994903","-172.3622036994903","-172.3622036994903","-125.10827762073185","-125.10827762073185","-125.10827762073185"
"11100","-143.18612399389633","-143.18612399389633","-143.18612399389633","-218.27111931229373","-218.27111931229373","-218.27111931229373","-252.88592060750298","-252.88592060750298","-252.88592060750298","-210.84425433308215","-210.84425433308215","-210.84425433308215","-454.43081044937935","-454.43081044937935","-454.43081044937935","-142.49924286054403","-142.49924286054403","-142.49924286054403","-191.37920942800977","-191.37920942800977","-191.37920942800977","-149.98180435262057","-149.98180435262057","-149.98180435262057","-172.21658613593755","-172.21658613593755","-172.21658613593755","-136.74079131341364","-136.74079131341364","-136.74079131341364","-146.37208557963385","-146.37208557963385","-146.37208557963385","-170.16299119702555","-170.16299119702555","-170.16299119702555","-122.73417994584042","-122.73417994584042","-122.73417994584042","-209.13933239317248","-209.13933239317248","-209.13933239317248","-168.90062849478113","-168.90062849478113","-168.90062849478113","-123.04202680546493","-123.04202680546493","-123.04202680546493","-142.4134474917198","-142.4134474917198","-142.4134474917198","-121.91575719589461","-121.91575719589461","-121.91575719589461","-174.03486559526675","-174.03486559526675","-174.03486559526675","-125.98151680038231","-125.98151680038231","-125.98151680038231"
"11400","-143.64750962677198","-143.64750962677198","-143.64750962677198","-211.76675183561824","-211.76675183561824","-211.76675183561824","-252.27921256246947","-252.27921256246947","-252.27921256246947","-210.82860000912447","-210.82860000912447","-210.82860000912447","-146.5742467126594","-146.5742467126594","-146.5742467126594","-142.8310616983069","-142.8310616983069","-142.8310616983069","-190.14368243977017","-190.14368243977017","-190.14368243977017","-99.26893829945398","-99.26893829945398","-99.26893829945398","-171.39080785722211","-171.39080785722211","-171.39080785722211","-136.74838645502828","-136.74838645502828","-136.74838645502828","-199.00973076179451","-199.00973076179451","-199.00973076179451","-169.48778734783497","-169.48778734783497","-169.48778734783497","-123.25309030054078","-123.25309030054078","-123.25309030054078","-208.4568193892663","-208.4568193892663","-208.4568193892663","-167.44324268318067","-167.44324268318067","-167.44324268318067","-121.08731805541304","-121.08731805541304","-121.08731805541304","-142.2451567013366","-142.2451567013366","-142.2451567013366","-121.76946691188864","-121.76946691188864","-121.76946691188864","-174.2219460158088","-174.2219460158088","-174.2219460158088","-124.4093223806484","-124.4093223806484","-124.4093223806484"
"11700","-142.69667935443985","-142.69667935443985","-142.69667935443985","-217.2838588969063","-217.2838588969063","-217.2838588969063","-252.82624237609735","-252.82624237609735","-252.82624237609735","-214.700118941899","-214.700118941899","-214.700118941899","-145.79147394490147","-145.79147394490147","-145.79147394490147","-142.32205780118034","-142.32205780118034","-142.32205780118034","-190.99993307866885","-190.99993307866885","-190.99993307866885","-148.19963941049926","-148.19963941049926","-148.19963941049926","-171.92792026874847","-171.92792026874847","-171.92792026874847","-136.48320898646028","-136.48320898646028","-136.48320898646028","-254.67976129557724","-254.67976129557724","-254.67976129557724","-169.7321372205058","-169.7321372205058","-169.7321372205058","-122.91975787489989","-122.91975787489989","-122.91975787489989","-208.69062478668192","-208.69062478668192","-208.69062478668192","-168.30895198874458","-168.30895198874458","-168.30895198874458","-120.36386702009227","-120.36386702009227","-120.36386702009227","-142.86237075913607","-142.86237075913607","-142.86237075913607","-121.25575153114467","-121.25575153114467","-121.25575153114467","-174.90666762745374","-174.90666762745374","-174.90666762745374","-124.81909232485881","-124.81909232485881","-124.81909232485881"
"12000","-142.0667358770063","-142.0667358770063","-142.0667358770063","-188.5684322717348","-188.5684322717348","-188.5684322717348","-252.07646613895093","-252.07646613895093","-252.07646613895093","-213.2825999437001","-213.2825999437001","-213.2825999437001","-145.48892807078568","-145.48892807078568","-145.48892807078568","-144.0968849422078","-144.0968849422078","-144.0968849422078","-191.79734766349782","-191.79734766349782","-191.79734766349782","-98.72947920591496","-98.72947920591496","-98.72947920591496","-172.20332005072615","-172.20332005072615","-172.20332005072615","-136.54388923316966","-136.54388923316966","-136.54388923316966","-146.45180782322183","-146.45180782322183","-146.45180782322183","-170.50868934986693","-170.50868934986693","-170.50868934986693","-122.67334411096529","-122.67334411096529","-122.67334411096529","-208.51439257187218","-208.51439257187218","-208.51439257187218","-168.82376914462114","-168.82376914462114","-168.82376914462114","-120.7194512205383","-120.7194512205383","-120.7194512205383","-142.51353650704442","-142.51353650704442","-142.51353650704442","-121.52094284769824","-121.52094284769824","-121.52094284769824","-174.73598920913193","-174.73598920913193","-174.73598920913193","-123.51211172683398","-123.51211172683398","-123.51211172683398"
"12300","-142.37625326748977","-142.37625326748977","-142.37625326748977","-211.94812067748126","-211.94812067748126","-211.94812067748126","-249.79757346340335","-249.79757346340335","-249.79757346340335","-214.67827888530957","-214.67827888530957","-214.67827888530957","-145.1774262616124","-145.1774262616124","-145.1774262616124","-143.35519551923375","-143.35519551923375","-143.35519551923375","-191.105466841907","-191.105466841907","-191.105466841907","-99.08779590555436","-99.08779590555436","-99.08779590555436","-173.32241434288568","-173.32241434288568","-173.32241434288568","-135.53595889227745","-135.53595889227745","-135.53595889227745","-198.16856419577002","-198.16856419577002","-198.16856419577002","-171.00966798637685","-171.00966798637685","-171.00966798637685","-123.20460640288172","-123.20460640288172","-123.20460640288172","-209.26767697289682","-209.26767697289682","-209.26767697289682","-167.66521830923745","-167.66521830923745","-167.66521830923745","-120.60711678446917","-120.60711678446917","-120.60711678446917","-142.722392323307","-142.722392323307","-142.722392323307","-121.7268882099806","-121.7268882099806","-121.7268882099806","-174.49948535179823","-174.49948535179823","-174.49948535179823","-123.57628404076027","-123.57628404076027","-123.57628404076027"
"12600","-141.4082016218684","-141.4082016218684","-141.4082016218684","-199.17037024867813","-199.17037024867813","-199.17037024867813","-252.2305008416024","-252.2305008416024","-252.2305008416024","-212.18149162811056","-212.18149162811056","-212.18149162811056","-144.54161678246143","-144.54161678246143","-144.54161678246143","-143.30492921899196","-143.30492921899196","-143.30492921899196","-191.01378188220147","-191.01378188220147","-191.01378188220147","-124.59781377238235","-124.59781377238235","-124.59781377238235","-172.90538386285604","-172.90538386285604","-172.90538386285604","-135.5606629214138","-135.5606629214138","-135.5606629214138","-146.14071672852378","-146.14071672852378","-146.14071672852378","-171.52047649167702","-171.52047649167702","-171.52047649167702","-123.01019296678207","-123.01019296678207","-123.01019296678207","-209.36633447354447","-209.36633447354447","-209.36633447354447","-168.4541948196275","-168.4541948196275","-168.4541948196275","-120.58743183520468","-120.58743183520468","-120.58743183520468","-144.05681023502547","-144.05681023502547","-144.05681023502547","-123.21518422180853","-123.21518422180853","-123.21518422180853","-174.3160106639237","-174.3160106639237","-174.3160106639237","-123.5795697330199","-123.5795697330199","-123.5795697330199"
"12900","-141.732626274387","-141.732626274387","-141.732626274387","-217.19390570790097","-217.19390570790097","-217.19390570790097","-252.09294066470838","-252.09294066470838","-252.09294066470838","-215.2635666982772","-215.2635666982772","-215.2635666982772","-144.50735905296625","-144.50735905296625","-144.50735905296625","-143.42958558196028","-143.42958558196028","-143.42958558196028","-192.7970849179962","-192.7970849179962","-192.7970849179962","-124.24796847022938","-124.24796847022938","-124.24796847022938","-174.74654258534855","-174.74654258534855","-174.74654258534855","-135.39901433594122","-135.39901433594122","-135.39901433594122","-146.63574040141089","-146.63574040141089","-146.63574040141089","-171.80572474869751","-171.80572474869751","-171.80572474869751","-123.13051802287107","-123.13051802287107","-123.13051802287107","-207.63548836398908","-207.63548836398908","-207.63548836398908","-168.78708671255214","-168.78708671255214","-168.78708671255214","-120.33561279234978","-120.33561279234978","-120.33561279234978","-144.29536443838123","-144.29536443838123","-144.29536443838123","-122.20545051586275","-122.20545051586275","-122.20545051586275","-174.68550732056426","-174.68550732056426","-174.68550732056426","-123.63741699962527","-123.63741699962527","-123.63741699962527"
"13200","-142.10606236139768","-142.10606236139768","-142.10606236139768","-509.4071691711718","-509.4071691711718","-509.4071691711718","-249.79511813996805","-249.79511813996805","-249.79511813996805","-213.7969018672887","-213.7969018672887","-213.7969018672887","-144.7420571807689","-144.7420571807689","-144.7420571807689","-144.68071656956894","-144.68071656956894","-144.68071656956894","-255.93272876465124","-255.93272876465124","-255.93272876465124","-98.28414322486279","-98.28414322486279","-98.28414322486279","-174.66304534030445","-174.66304534030445","-174.66304534030445","-177.89898432518902","-177.89898432518902","-177.89898432518902","-145.7453845804","-145.7453845804","-145.7453845804","-171.32913770517462","-171.32913770517462","-171.32913770517462","-122.84654292898158","-122.84654292898158","-122.84654292898158","-207.28471539302146","-207.28471539302146","-207.28471539302146","-168.80217631976797","-168.80217631976797","-168.80217631976797","-144.24984774259354","-144.24984774259354","-144.24984774259354","-143.05592454230685","-143.05592454230685","-143.05592454230685","-122.98311360177642","-122.98311360177642","-122.98311360177642","-174.09489887545814","-174.09489887545814","-174.09489887545814","-124.05438901149485","-124.05438901149485","-124.05438901149485"
"13500","-140.62258192489","-140.62258192489","-140.62258192489","-518.7018017031185","-518.7018017031185","-518.7018017031185","-250.14062117178364","-250.14062117178364","-250.14062117178364","-240.2401511805423","-240.2401511805423","-240.2401511805423","-144.95707297787243","-144.95707297787243","-144.95707297787243","-144.04818440189098","-144.04818440189098","-144.04818440189098","-191.50416856750832","-191.50416856750832","-191.50416856750832","-98.10231906273798","-98.10231906273798","-98.10231906273798","-175.75296256917272","-175.75296256917272","-175.75296256917272","-134.56044776544223","-134.56044776544223","-134.56044776544223","-146.29118514698638","-146.29118514698638","-146.29118514698638","-174.1824551308204","-174.1824551308204","-174.1824551308204","-123.36739869155868","-123.36739869155868","-123.36739869155868","-208.68307283217646","-208.68307283217646","-208.68307283217646","-169.12108920776421","-169.12108920776421","-169.12108920776421","-120.42649417043052","-120.42649417043052","-120.42649417043052","-144.11484782731992","-144.11484782731992","-144.11484782731992","-215.0800017806489","-215.0800017806489","-215.0800017806489","-174.63528204522936","-174.63528204522936","-174.63528204522936","-125.17686687054572","-125.17686687054572","-125.17686687054572"
"13800","-142.2674447202341","-142.2674447202341","-142.2674447202341","-542.9914589071543","-542.9914589071543","-542.9914589071543","-251.27510570201267","-251.27510570201267","-251.27510570201267","-215.8249611503041","-215.8249611503041","-215.8249611503041","-145.17721427863984","-145.17721427863984","-145.17721427863984","-143.63567045244125","-143.63567045244125","-143.63567045244125","-217.9949059535391","-217.9949059535391","-217.9949059535391","-98.06868967454182","-98.06868967454182","-98.06868967454182","-175.17103652977835","-175.17103652977835","-175.17103652977835","-135.01474609818348","-135.01474609818348","-135.01474609818348","-146.2790963299058","-146.2790963299058","-146.2790963299058","-171.89850596664525","-171.89850596664525","-171.89850596664525","-123.16798404880278","-123.16798404880278","-123.16798404880278","-207.70495784032465","-207.70495784032465","-207.70495784032465","-169.21648634013243","-169.21648634013243","-169.21648634013243","-120.37538375944341","-120.37538375944341","-120.37538375944341","-143.3692192695682","-143.3692192695682","-143.3692192695682","-123.137205647292","-123.137205647292","-123.137205647292","-174.5944837259998","-174.5944837259998","-174.5944837259998","-124.28715345272228","-124.28715345272228","-124.28715345272228"
"14100","-141.99931709936126","-141.99931709936126","-141.99931709936126","-464.5415064538682","-464.5415064538682","-464.5415064538682","-227.4194714192925","-227.4194714192925","-227.4194714192925","-214.19481106180598","-214.19481106180598","-214.19481106180598","-144.68351583285917","-144.68351583285917","-144.68351583285917","-144.20680790678506","-144.20680790678506","-144.20680790678506","-272.4127336662827","-272.4127336662827","-272.4127336662827","-97.54080178539252","-97.54080178539252","-97.54080178539252","-176.07749720040368","-176.07749720040368","-176.07749720040368","-133.8349416047127","-133.8349416047127","-133.8349416047127","-145.88191485680682","-145.88191485680682","-145.88191485680682","-170.76199130088577","-170.76199130088577","-170.76199130088577","-122.97902762836478","-122.97902762836478","-122.97902762836478","-208.3510677597224","-208.3510677597224","-208.3510677597224","-168.6875251133491","-168.6875251133491","-168.6875251133491","-127.03559516669057","-127.03559516669057","-127.03559516669057","-141.52667634269733","-141.52667634269733","-141.52667634269733","-122.7429798423766","-122.7429798423766","-122.7429798423766","-174.4784455620825","-174.4784455620825","-174.4784455620825","-124.04446310222822","-124.04446310222822","-124.04446310222822"
"14400","-142.28074367671675","-142.28074367671675","-142.28074367671675","-566.1746843917547","-566.1746843917547","-566.1746843917547","-225.04152224790923","-225.04152224790923","-225.04152224790923","-214.96356313233505","-214.96356313233505","-214.96356313233505","-145.44508864988615","-145.44508864988615","-145.44508864988615","-143.65590056004214","-143.65590056004214","-143.65590056004214","-242.8651286074533","-242.8651286074533","-242.8651286074533","-97.18704955864763","-97.18704955864763","-97.18704955864763","-174.29782708768383","-174.29782708768383","-174.29782708768383","-137.52460104611734","-137.52460104611734","-137.52460104611734","-145.61050205785745","-145.61050205785745","-145.61050205785745","-172.53046056323188","-172.53046056323188","-172.53046056323188","-123.27601280760601","-123.27601280760601","-123.27601280760601","-207.7350561082745","-207.7350561082745","-207.7350561082745","-168.41487556487445","-168.41487556487445","-168.41487556487445","-127.95725419461186","-127.95725419461186","-127.95725419461186","-326.67026517376513","-326.67026517376513","-326.67026517376513","-122.56212702834537","-122.56212702834537","-122.56212702834537","-175.74748648703465","-175.74748648703465","-175.74748648703465","-124.04025040181546","-124.04025040181546","-124.04025040181546"
"14700","-141.95800660301387","-141.95800660301387","-141.95800660301387","-567.4916221598604","-567.4916221598604","-567.4916221598604","-249.4099938627217","-249.4099938627217","-249.4099938627217","-216.63026634608886","-216.63026634608886","-216.63026634608886","-144.73310417541933","-144.73310417541933","-144.73310417541933","-143.69137159707728","-143.69137159707728","-143.69137159707728","-296.2197000596649","-296.2197000596649","-296.2197000596649","-97.79178294533939","-97.79178294533939","-97.79178294533939","-172.5705244503157","-172.5705244503157","-172.5705244503157","-133.91123872411515","-133.91123872411515","-133.91123872411515","-146.49704267713642","-146.49704267713642","-146.49704267713642","-169.51964100647442","-169.51964100647442","-169.51964100647442","-123.6199359538912","-123.6199359538912","-123.6199359538912","-207.19126312131874","-207.19126312131874","-207.19126312131874","-168.09057368122933","-168.09057368122933","-168.09057368122933","-128.83544904098795","-128.83544904098795","-128.83544904098795","-299.548658718037","-299.548658718037","-299.548658718037","-122.50414489178051","-122.50414489178051","-122.50414489178051","-175.3320793821942","-175.3320793821942","-175.3320793821942","-124.54522702814913","-124.54522702814913","-124.54522702814913"
"15000","-143.2527873994332","-143.2527873994332","-143.2527873994332","-620.7698145190732","-620.7698145190732","-620.7698145190732","-223.6295170345856","-223.6295170345856","-223.6295170345856","-217.26452913842726","-217.26452913842726","-217.26452913842726","-144.04586762899973","-144.04586762899973","-144.04586762899973","-142.84712855908694","-142.84712855908694","-142.84712855908694","-189.86946712795935","-189.86946712795935","-189.86946712795935","-97.63683094389873","-97.63683094389873","-97.63683094389873","-172.6293380665707","-172.6293380665707","-172.6293380665707","-157.24785609204602","-157.24785609204602","-157.24785609204602","-146.0923087864012","-146.0923087864012","-146.0923087864012","-168.9244973043448","-168.9244973043448","-168.9244973043448","-123.47307261455771","-123.47307261455771","-123.47307261455771","-208.4560316217981","-208.4560316217981","-208.4560316217981","-168.1512704978861","-168.1512704978861","-168.1512704978861","-127.5304598445933","-127.5304598445933","-127.5304598445933","-141.8272818730642","-141.8272818730642","-141.8272818730642","-170.43831405477508","-170.43831405477508","-170.43831405477508","-174.35862819345195","-174.35862819345195","-174.35862819345195","-124.20011175479958","-124.20011175479958","-124.20011175479958"
"15300","-142.1639022691299","-142.1639022691299","-142.1639022691299","-566.2560082477945","-566.2560082477945","-566.2560082477945","-222.1755941928347","-222.1755941928347","-222.1755941928347","-242.89780976406905","-242.89780976406905","-242.89780976406905","-144.37690277988287","-144.37690277988287","-144.37690277988287","-142.21479345128012","-142.21479345128012","-142.21479345128012","-191.85716183225605","-191.85716183225605","-191.85716183225605","-98.1065032272331","-98.1065032272331","-98.1065032272331","-171.28343268994973","-171.28343268994973","-171.28343268994973","-135.06182752785517","-135.06182752785517","-135.06182752785517","-147.17512840939403","-147.17512840939403","-147.17512840939403","-168.77099564516024","-168.77099564516024","-168.77099564516024","-123.04682499746245","-123.04682499746245","-123.04682499746245","-208.46881689684864","-208.46881689684864","-208.46881689684864","-167.8533284395379","-167.8533284395379","-167.8533284395379","-124.23966864841445","-124.23966864841445","-124.23966864841445","-141.98818361424736","-141.98818361424736","-141.98818361424736","-121.30932465268593","-121.30932465268593","-121.30932465268593","-174.71527926342202","-174.71527926342202","-174.71527926342202","-124.63316795513356","-124.63316795513356","-124.63316795513356"
"15600","-144.7109685713953","-144.7109685713953","-144.7109685713953","-579.3943132566166","-579.3943132566166","-579.3943132566166","-226.33083981420842","-226.33083981420842","-226.33083981420842","-220.15471318602073","-220.15471318602073","-220.15471318602073","-144.9961625900417","-144.9961625900417","-144.9961625900417","-142.22331437433593","-142.22331437433593","-142.22331437433593","-190.41548064644337","-190.41548064644337","-190.41548064644337","-99.1163548479643","-99.1163548479643","-99.1163548479643","-169.96530210772016","-169.96530210772016","-169.96530210772016","-135.36933376611282","-135.36933376611282","-135.36933376611282","-145.74725958327014","-145.74725958327014","-145.74725958327014","-169.446311017241","-169.446311017241","-169.446311017241","-123.2457763823194","-123.2457763823194","-123.2457763823194","-207.56992344393444","-207.56992344393444","-207.56992344393444","-167.47757618208195","-167.47757618208195","-167.47757618208195","-124.00129151967238","-124.00129151967238","-124.00129151967238","-141.6215531080155","-141.6215531080155","-141.6215531080155","-121.56965524681038","-121.56965524681038","-121.56965524681038","-175.86222267318968","-175.86222267318968","-175.86222267318968","-124.62130880783029","-124.62130880783029","-124.62130880783029"
"15900","-143.11228780548947","-143.11228780548947","-143.11228780548947","-576.3805020973355","-576.3805020973355","-576.3805020973355","-226.38308423866107","-226.38308423866107","-226.38308423866107","-220.81800573786458","-220.81800573786458","-220.81800573786458","-144.56792023104242","-144.56792023104242","-144.56792023104242","-142.9590406825042","-142.9590406825042","-142.9590406825042","-190.28095074975852","-190.28095074975852","-190.28095074975852","-100.20604510664836","-100.20604510664836","-100.20604510664836","-170.57936349517058","-170.57936349517058","-170.57936349517058","-148.86952842583773","-148.86952842583773","-148.86952842583773","-144.85359449277811","-144.85359449277811","-144.85359449277811","-170.8666008145542","-170.8666008145542","-170.8666008145542","-123.30805718546355","-123.30805718546355","-123.30805718546355","-207.9021556565869","-207.9021556565869","-207.9021556565869","-167.34824769616748","-167.34824769616748","-167.34824769616748","-125.6735169329672","-125.6735169329672","-125.6735169329672","-141.35807839298485","-141.35807839298485","-141.35807839298485","-121.2757606583917","-121.2757606583917","-121.2757606583917","-173.55178459475744","-173.55178459475744","-173.55178459475744","-124.46926399562001","-124.46926399562001","-124.46926399562001"
"16200","-144.06759511262518","-144.06759511262518","-144.06759511262518","-540.0962190625177","-540.0962190625177","-540.0962190625177","-226.19857287109934","-226.19857287109934","-226.19857287109934","-221.77001972043323","-221.77001972043323","-221.77001972043323","-144.804381342387","-144.804381342387","-144.804381342387","-142.80901253076428","-142.80901253076428","-142.80901253076428","-189.37146754501052","-189.37146754501052","-189.37146754501052","-99.3478687062534","-99.3478687062534","-99.3478687062534","-172.54848675887928","-172.54848675887928","-172.54848675887928","-186.22148893642807","-186.22148893642807","-186.22148893642807","-145.58347139970857","-145.58347139970857","-145.58347139970857","-170.72434411408568","-170.72434411408568","-170.72434411408568","-123.06403752697254","-123.06403752697254","-123.06403752697254","-207.52376988124334","-207.52376988124334","-207.52376988124334","-167.31611155968875","-167.31611155968875","-167.31611155968875","-125.57100599158873","-125.57100599158873","-125.57100599158873","-141.34056954142198","-141.34056954142198","-141.34056954142198","-121.54031851483501","-121.54031851483501","-121.54031851483501","-174.47151880448584","-174.47151880448584","-174.47151880448584","-124.40135644001282","-124.40135644001282","-124.40135644001282"
"16500","-143.62741423395065","-143.62741423395065","-143.62741423395065","-564.6407479312614","-564.6407479312614","-564.6407479312614","-225.2572246254284","-225.2572246254284","-225.2572246254284","-220.35944031865256","-220.35944031865256","-220.35944031865256","-145.11998886369284","-145.11998886369284","-145.11998886369284","-142.24890408297193","-142.24890408297193","-142.24890408297193","-190.4997562007094","-190.4997562007094","-190.4997562007094","-99.61877246110228","-99.61877246110228","-99.61877246110228","-175.86285964501576","-175.86285964501576","-175.86285964501576","-181.40598243087544","-181.40598243087544","-181.40598243087544","-145.18824558811525","-145.18824558811525","-145.18824558811525","-170.37915522857307","-170.37915522857307","-170.37915522857307","-122.75251804259214","-122.75251804259214","-122.75251804259214","-208.20411482031506","-208.20411482031506","-208.20411482031506","-169.3808131508644","-169.3808131508644","-169.3808131508644","-126.41394249153802","-126.41394249153802","-126.41394249153802","-141.39160237647727","-141.39160237647727","-141.39160237647727","-122.34911589895077","-122.34911589895077","-122.34911589895077","-171.85417468886186","-171.85417468886186","-171.85417468886186","-124.08435413906895","-124.08435413906895","-124.08435413906895"
"16800","-144.63248977174982","-144.63248977174982","-144.63248977174982","-499.6442697090649","-499.6442697090649","-499.6442697090649","-225.2979376613185","-225.2979376613185","-225.2979376613185","-221.4949826762367","-221.4949826762367","-221.4949826762367","-145.9406746844132","-145.9406746844132","-145.9406746844132","-142.5355089636767","-142.5355089636767","-142.5355089636767","-189.57100263062037","-189.57100263062037","-189.57100263062037","-100.13439879628537","-100.13439879628537","-100.13439879628537","-176.5512385532941","-176.5512385532941","-176.5512385532941","-147.3427308140784","-147.3427308140784","-147.3427308140784","-145.34187958710388","-145.34187958710388","-145.34187958710388","-169.2999171291584","-169.2999171291584","-169.2999171291584","-123.44876572576433","-123.44876572576433","-123.44876572576433","-207.61218678794748","-207.61218678794748","-207.61218678794748","-167.80037536449223","-167.80037536449223","-167.80037536449223","-126.60901454909568","-126.60901454909568","-126.60901454909568","-142.18309183749824","-142.18309183749824","-142.18309183749824","-149.25741294875706","-149.25741294875706","-149.25741294875706","-171.18742128924194","-171.18742128924194","-171.18742128924194","-124.96558098108389","-124.96558098108389","-124.96558098108389"
"17100","-144.78033132296372","-144.78033132296372","-144.78033132296372","-523.3660791991243","-523.3660791991243","-523.3660791991243","-225.23841795090294","-225.23841795090294","-225.23841795090294","-222.70296657952298","-222.70296657952298","-222.70296657952298","-147.34492701951746","-147.34492701951746","-147.34492701951746","-142.11616270952436","-142.11616270952436","-142.11616270952436","-189.42907626980912","-189.42907626980912","-189.42907626980912","-149.117059665039","-149.117059665039","-149.117059665039","-176.90383996019017","-176.90383996019017","-176.90383996019017","-135.87256840785417","-135.87256840785417","-135.87256840785417","-146.33761959992802","-146.33761959992802","-146.33761959992802","-172.37394463990725","-172.37394463990725","-172.37394463990725","-123.70994740632432","-123.70994740632432","-123.70994740632432","-207.4070645666448","-207.4070645666448","-207.4070645666448","-167.22972776307085","-167.22972776307085","-167.22972776307085","-126.11567254303627","-126.11567254303627","-126.11567254303627","-141.67540618786262","-141.67540618786262","-141.67540618786262","-121.77099584205459","-121.77099584205459","-121.77099584205459","-172.62295921276163","-172.62295921276163","-172.62295921276163","-124.45313868763442","-124.45313868763442","-124.45313868763442"
"17400","-143.542678630218","-143.542678630218","-143.542678630218","-562.3745890389303","-562.3745890389303","-562.3745890389303","-225.7940975052239","-225.7940975052239","-225.7940975052239","-222.16125975388513","-222.16125975388513","-222.16125975388513","-147.31017954806777","-147.31017954806777","-147.31017954806777","-142.66035531934295","-142.66035531934295","-142.66035531934295","-190.01008696227873","-190.01008696227873","-190.01008696227873","-99.96786609579824","-99.96786609579824","-99.96786609579824","-177.08614144242097","-177.08614144242097","-177.08614144242097","-135.56176971056613","-135.56176971056613","-135.56176971056613","-146.6616769455747","-146.6616769455747","-146.6616769455747","-170.6867314420869","-170.6867314420869","-170.6867314420869","-123.70359112076194","-123.70359112076194","-123.70359112076194","-207.65756776395475","-207.65756776395475","-207.65756776395475","-167.82347065699378","-167.82347065699378","-167.82347065699378","-125.3856368479126","-125.3856368479126","-125.3856368479126","-142.35415682965518","-142.35415682965518","-142.35415682965518","-121.62225859106475","-121.62225859106475","-121.62225859106475","-172.79335861573725","-172.79335861573725","-172.79335861573725","-125.18690396234327","-125.18690396234327","-125.18690396234327"
"17700","-144.0643166825968","-144.0643166825968","-144.0643166825968","-463.81942496815265","-463.81942496815265","-463.81942496815265","-225.57905695975083","-225.57905695975083","-225.57905695975083","-222.25257764915537","-222.25257764915537","-222.25257764915537","-146.26233637955494","-146.26233637955494","-146.26233637955494","-141.83276811608516","-141.83276811608516","-141.83276811608516","-189.94241584692128","-189.94241584692128","-189.94241584692128","-100.503298872639","-100.503298872639","-100.503298872639","-174.60045883497156","-174.60045883497156","-174.60045883497156","-158.9741282366652","-158.9741282366652","-158.9741282366652","-146.17818865706892","-146.17818865706892","-146.17818865706892","-174.09229032315494","-174.09229032315494","-174.09229032315494","-122.87371988214791","-122.87371988214791","-122.87371988214791","-208.11640198955365","-208.11640198955365","-208.11640198955365","-167.63909854035776","-167.63909854035776","-167.63909854035776","-125.50927679287562","-125.50927679287562","-125.50927679287562","-142.75382589538066","-142.75382589538066","-142.75382589538066","-121.80550238624603","-121.80550238624603","-121.80550238624603","-171.75684276372783","-171.75684276372783","-171.75684276372783","-124.53183006095131","-124.53183006095131","-124.53183006095131"
"18000","-143.97681540715593","-143.97681540715593","-143.97681540715593","-462.50102655607543","-462.50102655607543","-462.50102655607543","-225.67577802196905","-225.67577802196905","-225.67577802196905","-222.23974779296205","-222.23974779296205","-222.23974779296205","-149.10985391708522","-149.10985391708522","-149.10985391708522","-141.821997235266","-141.821997235266","-141.821997235266","-189.45170596359716","-189.45170596359716","-189.45170596359716","-100.18684027626155","-100.18684027626155","-100.18684027626155","-172.39880363921358","-172.39880363921358","-172.39880363921358","-136.77864563865256","-136.77864563865256","-136.77864563865256","-146.57399028756768","-146.57399028756768","-146.57399028756768","-177.46497648025255","-177.46497648025255","-177.46497648025255","-122.93529488776855","-122.93529488776855","-122.93529488776855","-208.29954702369847","-208.29954702369847","-208.29954702369847","-185.68394282752647","-185.68394282752647","-185.68394282752647","-124.58328864569198","-124.58328864569198","-124.58328864569198","-142.07613770329414","-142.07613770329414","-142.07613770329414","-122.77471247966568","-122.77471247966568","-122.77471247966568","-172.5317752015432","-172.5317752015432","-172.5317752015432","-123.82671021251312","-123.82671021251312","-123.82671021251312"
"18300","-142.99540053628297","-142.99540053628297","-142.99540053628297","-469.7615701524546","-469.7615701524546","-469.7615701524546","-224.53884085381122","-224.53884085381122","-224.53884085381122","-220.77923919405075","-220.77923919405075","-220.77923919405075","-149.19633785461298","-149.19633785461298","-149.19633785461298","-142.14314961689996","-142.14314961689996","-142.14314961689996","-189.8076884328564","-189.8076884328564","-189.8076884328564","-99.83487885972706","-99.83487885972706","-99.83487885972706","-171.33292914157124","-171.33292914157124","-171.33292914157124","-137.4320921344523","-137.4320921344523","-137.4320921344523","-146.91112541157935","-146.91112541157935","-146.91112541157935","-175.25894335497168","-175.25894335497168","-175.25894335497168","-122.79553380852522","-122.79553380852522","-122.79553380852522","-208.1725183159096","-208.1725183159096","-208.1725183159096","-169.6020331697625","-169.6020331697625","-169.6020331697625","-122.88769880260399","-122.88769880260399","-122.88769880260399","-141.9971848276826","-141.9971848276826","-141.9971848276826","-145.1523953636135","-145.1523953636135","-145.1523953636135","-172.34652578777113","-172.34652578777113","-172.34652578777113","-157.35151487982853","-157.35151487982853","-157.35151487982853"
"18600","-143.7317578242691","-143.7317578242691","-143.7317578242691","-439.5115116512199","-439.5115116512199","-439.5115116512199","-224.61525999300278","-224.61525999300278","-224.61525999300278","-221.34611185583807","-221.34611185583807","-221.34611185583807","-205.83873878185582","-205.83873878185582","-205.83873878185582","-142.40972111618296","-142.40972111618296","-142.40972111618296","-190.18596388062966","-190.18596388062966","-190.18596388062966","-100.07893784438338","-100.07893784438338","-100.07893784438338","-170.16662496611542","-170.16662496611542","-170.16662496611542","-137.15468718516632","-137.15468718516632","-137.15468718516632","-146.2309153580542","-146.2309153580542","-146.2309153580542","-175.80278646139305","-175.80278646139305","-175.80278646139305","-122.93931893662173","-122.93931893662173","-122.93931893662173","-209.09024339532417","-209.09024339532417","-209.09024339532417","-168.83617378724722","-168.83617378724722","-168.83617378724722","-122.08329039124426","-122.08329039124426","-122.08329039124426","-142.18698594168066","-142.18698594168066","-142.18698594168066","-121.84496100811376","-121.84496100811376","-121.84496100811376","-170.97145917445837","-170.97145917445837","-170.97145917445837","-140.97364257894543","-140.97364257894543","-140.97364257894543"
"18900","-144.58823514869007","-144.58823514869007","-144.58823514869007","-342.0654605331234","-342.0654605331234","-342.0654605331234","-225.07449024970862","-225.07449024970862","-225.07449024970862","-224.16489771501193","-224.16489771501193","-224.16489771501193","-173.12938601660863","-173.12938601660863","-173.12938601660863","-142.3298156000015","-142.3298156000015","-142.3298156000015","-189.69907659352307","-189.69907659352307","-189.69907659352307","-100.40199393963412","-100.40199393963412","-100.40199393963412","-170.16900528724995","-170.16900528724995","-170.16900528724995","-137.47748213105152","-137.47748213105152","-137.47748213105152","-146.7494592445665","-146.7494592445665","-146.7494592445665","-175.33427027534302","-175.33427027534302","-175.33427027534302","-122.39017404184624","-122.39017404184624","-122.39017404184624","-208.27546348978854","-208.27546348978854","-208.27546348978854","-169.12407293102825","-169.12407293102825","-169.12407293102825","-121.73933520471128","-121.73933520471128","-121.73933520471128","-142.27716272912613","-142.27716272912613","-142.27716272912613","-121.78210240846875","-121.78210240846875","-121.78210240846875","-170.94433101565423","-170.94433101565423","-170.94433101565423","-224.8601613610544","-224.8601613610544","-224.8601613610544"
"19200","-144.21010663335755","-144.21010663335755","-144.21010663335755","-292.29040434855915","-292.29040434855915","-292.29040434855915","-224.7915704075483","-224.7915704075483","-224.7915704075483","-225.22283931679885","-225.22283931679885","-225.22283931679885","-149.29536884589965","-149.29536884589965","-149.29536884589965","-142.30017986613854","-142.30017986613854","-142.30017986613854","-189.84109339008572","-189.84109339008572","-189.84109339008572","-100.04375090151488","-100.04375090151488","-100.04375090151488","-170.292242366642","-170.292242366642","-170.292242366642","-136.5267870889116","-136.5267870889116","-136.5267870889116","-146.50010523669528","-146.50010523669528","-146.50010523669528","-169.67661814104662","-169.67661814104662","-169.67661814104662","-122.52526540550573","-122.52526540550573","-122.52526540550573","-208.9152021293171","-208.9152021293171","-208.9152021293171","-170.04502318529674","-170.04502318529674","-170.04502318529674","-120.61688227587452","-120.61688227587452","-120.61688227587452","-141.8080539523559","-141.8080539523559","-141.8080539523559","-126.94896460244429","-126.94896460244429","-126.94896460244429","-171.99359954660457","-171.99359954660457","-171.99359954660457","-149.90804122513904","-149.90804122513904","-149.90804122513904"
"19500","-144.29884690037548","-144.29884690037548","-144.29884690037548","-292.40222422644","-292.40222422644","-292.40222422644","-225.70171857648","-225.70171857648","-225.70171857648","-223.420057857938","-223.420057857938","-223.420057857938","-175.11135792492448","-175.11135792492448","-175.11135792492448","-142.96166244571808","-142.96166244571808","-142.96166244571808","-188.5937883002358","-188.5937883002358","-188.5937883002358","-100.5063531602568","-100.5063531602568","-100.5063531602568","-171.05147268529288","-171.05147268529288","-171.05147268529288","-136.97049564791135","-136.97049564791135","-136.97049564791135","-146.10698120926563","-146.10698120926563","-146.10698120926563","-175.17695234551556","-175.17695234551556","-175.17695234551556","-123.06725504879489","-123.06725504879489","-123.06725504879489","-208.86381244205444","-208.86381244205444","-208.86381244205444","-169.08017729477695","-169.08017729477695","-169.08017729477695","-120.64415230128141","-120.64415230128141","-120.64415230128141","-142.609100268985","-142.609100268985","-142.609100268985","-121.95151364405497","-121.95151364405497","-121.95151364405497","-169.85013469246275","-169.85013469246275","-169.85013469246275","-199.62109762300116","-199.62109762300116","-199.62109762300116"
"19800","-145.26224946907604","-145.26224946907604","-145.26224946907604","-192.82575552343874","-192.82575552343874","-192.82575552343874","-224.4748567036091","-224.4748567036091","-224.4748567036091","-223.58889426663433","-223.58889426663433","-223.58889426663433","-148.8513860269748","-148.8513860269748","-148.8513860269748","-142.53648573767128","-142.53648573767128","-142.53648573767128","-188.72716998614962","-188.72716998614962","-188.72716998614962","-99.0367100003373","-99.0367100003373","-99.0367100003373","-171.47646944725517","-171.47646944725517","-171.47646944725517","-138.57512696325173","-138.57512696325173","-138.57512696325173","-147.07210559792142","-147.07210559792142","-147.07210559792142","-173.4980022100055","-173.4980022100055","-173.4980022100055","-123.11268221723228","-123.11268221723228","-123.11268221723228","-210.06934070406314","-210.06934070406314","-210.06934070406314","-168.832626791145","-168.832626791145","-168.832626791145","-120.98649941430808","-120.98649941430808","-120.98649941430808","-142.24255232646857","-142.24255232646857","-142.24255232646857","-122.00585299760026","-122.00585299760026","-122.00585299760026","-170.17785821866897","-170.17785821866897","-170.17785821866897","-143.02597637469967","-143.02597637469967","-143.02597637469967"
"20100","-144.58466444196367","-144.58466444196367","-144.58466444196367","-193.28009131266742","-193.28009131266742","-193.28009131266742","-224.4615056590307","-224.4615056590307","-224.4615056590307","-218.06158745599743","-218.06158745599743","-218.06158745599743","-150.95445282874658","-150.95445282874658","-150.95445282874658","-142.84282218055986","-142.84282218055986","-142.84282218055986","-188.97597978557354","-188.97597978557354","-188.97597978557354","-98.66547442132541","-98.66547442132541","-98.66547442132541","-171.0375599211196","-171.0375599211196","-171.0375599211196","-137.66852480870392","-137.66852480870392","-137.66852480870392","-147.38937532615233","-147.38937532615233","-147.38937532615233","-174.49387940806506","-174.49387940806506","-174.49387940806506","-125.28778354779902","-125.28778354779902","-125.28778354779902","-211.53866026229989","-211.53866026229989","-211.53866026229989","-168.96992297934042","-168.96992297934042","-168.96992297934042","-121.79712422520427","-121.79712422520427","-121.79712422520427","-142.5328316440079","-142.5328316440079","-142.5328316440079","-167.6800292127713","-167.6800292127713","-167.6800292127713","-171.24482212167658","-171.24482212167658","-171.24482212167658","-199.2274232297612","-199.2274232297612","-199.2274232297612"
"20400","-144.639031693539","-144.639031693539","-144.639031693539","-192.14151950050135","-192.14151950050135","-192.14151950050135","-225.82705106503607","-225.82705106503607","-225.82705106503607","-218.32442482935403","-218.32442482935403","-218.32442482935403","-200.45228695851378","-200.45228695851378","-200.45228695851378","-142.58724133456295","-142.58724133456295","-142.58724133456295","-189.56659638839508","-189.56659638839508","-189.56659638839508","-98.28076538245024","-98.28076538245024","-98.28076538245024","-172.28138692871994","-172.28138692871994","-172.28138692871994","-137.64672666397334","-137.64672666397334","-137.64672666397334","-147.83690549160337","-147.83690549160337","-147.83690549160337","-172.7721464816841","-172.7721464816841","-172.7721464816841","-126.06729897277759","-126.06729897277759","-126.06729897277759","-211.4608061372278","-211.4608061372278","-211.4608061372278","-168.81746446876372","-168.81746446876372","-168.81746446876372","-122.84496316864504","-122.84496316864504","-122.84496316864504","-142.96083979567763","-142.96083979567763","-142.96083979567763","-121.44736723559652","-121.44736723559652","-121.44736723559652","-172.56125467535853","-172.56125467535853","-172.56125467535853","-223.36044866699726","-223.36044866699726","-223.36044866699726"
"20700","-144.64268549362342","-144.64268549362342","-144.64268549362342","-193.94341318749377","-193.94341318749377","-193.94341318749377","-224.85618234257066","-224.85618234257066","-224.85618234257066","-219.7426990357697","-219.7426990357697","-219.7426990357697","-149.34238685834887","-149.34238685834887","-149.34238685834887","-143.2828198045596","-143.2828198045596","-143.2828198045596","-190.4706747490625","-190.4706747490625","-190.4706747490625","-97.62538940439387","-97.62538940439387","-97.62538940439387","-171.4263760357213","-171.4263760357213","-171.4263760357213","-137.65356112171202","-137.65356112171202","-137.65356112171202","-147.88648718649085","-147.88648718649085","-147.88648718649085","-172.98166869046946","-172.98166869046946","-172.98166869046946","-126.85813092515934","-126.85813092515934","-126.85813092515934","-210.54819412207948","-210.54819412207948","-210.54819412207948","-170.16241571019486","-170.16241571019486","-170.16241571019486","-124.22817292030398","-124.22817292030398","-124.22817292030398","-143.4692768621638","-143.4692768621638","-143.4692768621638","-120.60140459564475","-120.60140459564475","-120.60140459564475","-169.74119018092512","-169.74119018092512","-169.74119018092512","-149.411976050596","-149.411976050596","-149.411976050596"
"21000","-145.1584429084756","-145.1584429084756","-145.1584429084756","-194.05800293987886","-194.05800293987886","-194.05800293987886","-224.48264999769418","-224.48264999769418","-224.48264999769418","-218.54561951957461","-218.54561951957461","-218.54561951957461","-296.88959019398254","-296.88959019398254","-296.88959019398254","-143.53668047853313","-143.53668047853313","-143.53668047853313","-189.89859507200111","-189.89859507200111","-189.89859507200111","-97.95258998737702","-97.95258998737702","-97.95258998737702","-170.43163672761665","-170.43163672761665","-170.43163672761665","-137.6845120446005","-137.6845120446005","-137.6845120446005","-147.4673876373357","-147.4673876373357","-147.4673876373357","-172.32597769320728","-172.32597769320728","-172.32597769320728","-127.1920815450554","-127.1920815450554","-127.1920815450554","-211.55287444179243","-211.55287444179243","-211.55287444179243","-170.10921984448396","-170.10921984448396","-170.10921984448396","-125.06581724949903","-125.06581724949903","-125.06581724949903","-168.3821597907837","-168.3821597907837","-168.3821597907837","-121.38667207965679","-121.38667207965679","-121.38667207965679","-170.2145780442297","-170.2145780442297","-170.2145780442297","-124.38027926324715","-124.38027926324715","-124.38027926324715"
"21300","-145.30403895566366","-145.30403895566366","-145.30403895566366","-194.62689030349753","-194.62689030349753","-194.62689030349753","-223.90690565783774","-223.90690565783774","-223.90690565783774","-244.99830772755067","-244.99830772755067","-244.99830772755067","-177.38302544259184","-177.38302544259184","-177.38302544259184","-142.5382694785924","-142.5382694785924","-142.5382694785924","-189.29414245164887","-189.29414245164887","-189.29414245164887","-98.25832211167081","-98.25832211167081","-98.25832211167081","-170.83547956508986","-170.83547956508986","-170.83547956508986","-136.8520341498608","-136.8520341498608","-136.8520341498608","-147.4720350230578","-147.4720350230578","-147.4720350230578","-353.32998074813224","-353.32998074813224","-353.32998074813224","-127.86883331054067","-127.86883331054067","-127.86883331054067","-211.77440898807623","-211.77440898807623","-211.77440898807623","-171.02949734674857","-171.02949734674857","-171.02949734674857","-125.63124453879664","-125.63124453879664","-125.63124453879664","-192.61626791721852","-192.61626791721852","-192.61626791721852","-120.26691408765025","-120.26691408765025","-120.26691408765025","-170.24062692909044","-170.24062692909044","-170.24062692909044","-124.2678288017981","-124.2678288017981","-124.2678288017981"
"21600","-145.1876303070631","-145.1876303070631","-145.1876303070631","-194.18694499193572","-194.18694499193572","-194.18694499193572","-225.04590513861325","-225.04590513861325","-225.04590513861325","-221.9284623439243","-221.9284623439243","-221.9284623439243","-146.75876926212754","-146.75876926212754","-146.75876926212754","-143.9694436941847","-143.9694436941847","-143.9694436941847","-189.1597213368311","-189.1597213368311","-189.1597213368311","-98.6835377492794","-98.6835377492794","-98.6835377492794","-170.8850279756798","-170.8850279756798","-170.8850279756798","-137.32074755285632","-137.32074755285632","-137.32074755285632","-147.21829998417712","-147.21829998417712","-147.21829998417712","-295.22656784447986","-295.22656784447986","-295.22656784447986","-126.78998488443908","-126.78998488443908","-126.78998488443908","-211.24370686754884","-211.24370686754884","-211.24370686754884","-171.09064521341915","-171.09064521341915","-171.09064521341915","-126.35282704989004","-126.35282704989004","-126.35282704989004","-142.08585305461423","-142.08585305461423","-142.08585305461423","-122.31210006223846","-122.31210006223846","-122.31210006223846","-170.2597423127305","-170.2597423127305","-170.2597423127305","-125.21646434607935","-125.21646434607935","-125.21646434607935"
"21900","-145.2810534826612","-145.2810534826612","-145.2810534826612","-192.8154554151678","-192.8154554151678","-192.8154554151678","-224.8294354162027","-224.8294354162027","-224.8294354162027","-323.43538973475415","-323.43538973475415","-323.43538973475415","-146.7064828212071","-146.7064828212071","-146.7064828212071","-143.31557395727253","-143.31557395727253","-143.31557395727253","-190.09894693208076","-190.09894693208076","-190.09894693208076","-99.25718091298044","-99.25718091298044","-99.25718091298044","-171.38649718392747","-171.38649718392747","-171.38649718392747","-138.026621034509","-138.026621034509","-138.026621034509","-147.88774242416582","-147.88774242416582","-147.88774242416582","-488.5178641166616","-488.5178641166616","-488.5178641166616","-126.17573360182924","-126.17573360182924","-126.17573360182924","-211.86417046907735","-211.86417046907735","-211.86417046907735","-170.68204121417986","-170.68204121417986","-170.68204121417986","-127.12264864757917","-127.12264864757917","-127.12264864757917","-142.94748116603986","-142.94748116603986","-142.94748116603986","-122.2314787504954","-122.2314787504954","-122.2314787504954","-169.5523289663883","-169.5523289663883","-169.5523289663883","-150.3981384059234","-150.3981384059234","-150.3981384059234"
"22200","-145.35145049780846","-145.35145049780846","-145.35145049780846","-194.31773635788173","-194.31773635788173","-194.31773635788173","-225.27387624641582","-225.27387624641582","-225.27387624641582","-223.039114714174","-223.039114714174","-223.039114714174","-145.17789879174504","-145.17789879174504","-145.17789879174504","-143.15456023251608","-143.15456023251608","-143.15456023251608","-189.25981355611415","-189.25981355611415","-189.25981355611415","-100.11213272767907","-100.11213272767907","-100.11213272767907","-171.10259523504598","-171.10259523504598","-171.10259523504598","-137.90196864357227","-137.90196864357227","-137.90196864357227","-147.59936918247215","-147.59936918247215","-147.59936918247215","-424.21685107118174","-424.21685107118174","-424.21685107118174","-126.59525540901495","-126.59525540901495","-126.59525540901495","-211.8019369914246","-211.8019369914246","-211.8019369914246","-171.509759493404","-171.509759493404","-171.509759493404","-126.77095876452651","-126.77095876452651","-126.77095876452651","-142.86840435432413","-142.86840435432413","-142.86840435432413","-123.21405711060274","-123.21405711060274","-123.21405711060274","-169.17810493202234","-169.17810493202234","-169.17810493202234","-125.10250642225392","-125.10250642225392","-125.10250642225392"
"22500","-145.3835060224369","-145.3835060224369","-145.3835060224369","-195.68435535645307","-195.68435535645307","-195.68435535645307","-224.9948505087551","-224.9948505087551","-224.9948505087551","-222.9015046353581","-222.9015046353581","-222.9015046353581","-146.075453419574","-146.075453419574","-146.075453419574","-143.48946721339456","-143.48946721339456","-143.48946721339456","-189.7216919493063","-189.7216919493063","-189.7216919493063","-102.40856694474618","-102.40856694474618","-102.40856694474618","-171.67692655936713","-171.67692655936713","-171.67692655936713","-138.12114762415436","-138.12114762415436","-138.12114762415436","-172.3040421154497","-172.3040421154497","-172.3040421154497","-175.14205572638414","-175.14205572638414","-175.14205572638414","-126.99628303037306","-126.99628303037306","-126.99628303037306","-211.63512668200502","-211.63512668200502","-211.63512668200502","-171.1666466964","-171.1666466964","-171.1666466964","-128.60792164430808","-128.60792164430808","-128.60792164430808","-142.34070529084528","-142.34070529084528","-142.34070529084528","-121.84556681861207","-121.84556681861207","-121.84556681861207","-170.3172593259625","-170.3172593259625","-170.3172593259625","-125.13691175955026","-125.13691175955026","-125.13691175955026"
"22800","-145.98143616818476","-145.98143616818476","-145.98143616818476","-196.255799720234","-196.255799720234","-196.255799720234","-225.50300391861947","-225.50300391861947","-225.50300391861947","-244.78179618636813","-244.78179618636813","-244.78179618636813","-145.733841912149","-145.733841912149","-145.733841912149","-144.19086058862962","-144.19086058862962","-144.19086058862962","-189.6003618944067","-189.6003618944067","-189.6003618944067","-104.51149928536867","-104.51149928536867","-104.51149928536867","-171.8319235883628","-171.8319235883628","-171.8319235883628","-138.0771588525835","-138.0771588525835","-138.0771588525835","-146.55565652718892","-146.55565652718892","-146.55565652718892","-224.66643818068982","-224.66643818068982","-224.66643818068982","-126.58098243618356","-126.58098243618356","-126.58098243618356","-212.1482056706016","-212.1482056706016","-212.1482056706016","-170.59902073910376","-170.59902073910376","-170.59902073910376","-128.07791199261726","-128.07791199261726","-128.07791199261726","-142.16390058654392","-142.16390058654392","-142.16390058654392","-123.16620110742335","-123.16620110742335","-123.16620110742335","-170.72526043459678","-170.72526043459678","-170.72526043459678","-125.63201509286705","-125.63201509286705","-125.63201509286705"
"23100","-145.5640838791197","-145.5640838791197","-145.5640838791197","-193.36851877340246","-193.36851877340246","-193.36851877340246","-225.12670390123344","-225.12670390123344","-225.12670390123344","-219.7778354309475","-219.7778354309475","-219.7778354309475","-144.8339122193512","-144.8339122193512","-144.8339122193512","-144.35537020774507","-144.35537020774507","-144.35537020774507","-190.17912843312342","-190.17912843312342","-190.17912843312342","-107.93090359937496","-107.93090359937496","-107.93090359937496","-172.2244729716411","-172.2244729716411","-172.2244729716411","-137.43253305590258","-137.43253305590258","-137.43253305590258","-147.3669122824916","-147.3669122824916","-147.3669122824916","-350.3129743382277","-350.3129743382277","-350.3129743382277","-125.83492430253538","-125.83492430253538","-125.83492430253538","-213.01258551240795","-213.01258551240795","-213.01258551240795","-171.56346556932786","-171.56346556932786","-171.56346556932786","-129.07453104699482","-129.07453104699482","-129.07453104699482","-144.62556962273865","-144.62556962273865","-144.62556962273865","-124.0690764037394","-124.0690764037394","-124.0690764037394","-169.50588408110596","-169.50588408110596","-169.50588408110596","-125.57931499880794","-125.57931499880794","-125.57931499880794"
"23400","-146.34509115352262","-146.34509115352262","-146.34509115352262","-194.1004462801172","-194.1004462801172","-194.1004462801172","-225.0830783149341","-225.0830783149341","-225.0830783149341","-244.04340887140705","-244.04340887140705","-244.04340887140705","-145.48956509739992","-145.48956509739992","-145.48956509739992","-143.9255851572172","-143.9255851572172","-143.9255851572172","-189.2200142602313","-189.2200142602313","-189.2200142602313","-108.21363230021743","-108.21363230021743","-108.21363230021743","-172.39449779142493","-172.39449779142493","-172.39449779142493","-138.42765939270137","-138.42765939270137","-138.42765939270137","-146.55872968231327","-146.55872968231327","-146.55872968231327","-198.94976156599176","-198.94976156599176","-198.94976156599176","-124.50573629564659","-124.50573629564659","-124.50573629564659","-212.80843435827109","-212.80843435827109","-212.80843435827109","-170.95244827052593","-170.95244827052593","-170.95244827052593","-128.08524860102793","-128.08524860102793","-128.08524860102793","-195.81125562843314","-195.81125562843314","-195.81125562843314","-124.65154646882911","-124.65154646882911","-124.65154646882911","-168.62985156156714","-168.62985156156714","-168.62985156156714","-226.29890257144143","-226.29890257144143","-226.29890257144143"
"23700","-145.22534438547194","-145.22534438547194","-145.22534438547194","-195.0606840148304","-195.0606840148304","-195.0606840148304","-224.54666734931197","-224.54666734931197","-224.54666734931197","-221.2317386075345","-221.2317386075345","-221.2317386075345","-145.45306354855265","-145.45306354855265","-145.45306354855265","-144.67407393535882","-144.67407393535882","-144.67407393535882","-189.0707666605985","-189.0707666605985","-189.0707666605985","-107.9514123275023","-107.9514123275023","-107.9514123275023","-172.8933297995387","-172.8933297995387","-172.8933297995387","-138.3528421818051","-138.3528421818051","-138.3528421818051","-146.61666489654743","-146.61666489654743","-146.61666489654743","-172.28490234797704","-172.28490234797704","-172.28490234797704","-123.06113492770888","-123.06113492770888","-123.06113492770888","-212.45999009093134","-212.45999009093134","-212.45999009093134","-170.45883357307554","-170.45883357307554","-170.45883357307554","-129.17770244241822","-129.17770244241822","-129.17770244241822","-145.90261836784128","-145.90261836784128","-145.90261836784128","-124.75727951570157","-124.75727951570157","-124.75727951570157","-169.0887208649612","-169.0887208649612","-169.0887208649612","-176.50085850911017","-176.50085850911017","-176.50085850911017"
"24000","-146.11802363325245","-146.11802363325245","-146.11802363325245","-195.46301298910464","-195.46301298910464","-195.46301298910464","-225.02950908574803","-225.02950908574803","-225.02950908574803","-222.12044413318372","-222.12044413318372","-222.12044413318372","-145.39660073818567","-145.39660073818567","-145.39660073818567","-144.9283793374519","-144.9283793374519","-144.9283793374519","-188.89929460564156","-188.89929460564156","-188.89929460564156","-108.52165963688294","-108.52165963688294","-108.52165963688294","-173.98189508419492","-173.98189508419492","-173.98189508419492","-138.15604009752866","-138.15604009752866","-138.15604009752866","-146.57854373399985","-146.57854373399985","-146.57854373399985","-171.45253004016803","-171.45253004016803","-171.45253004016803","-122.23920089528022","-122.23920089528022","-122.23920089528022","-212.40104153774118","-212.40104153774118","-212.40104153774118","-171.03070333490317","-171.03070333490317","-171.03070333490317","-129.2707123740533","-129.2707123740533","-129.2707123740533","-147.99892052041054","-147.99892052041054","-147.99892052041054","-125.44718945237923","-125.44718945237923","-125.44718945237923","-168.456224917149","-168.456224917149","-168.456224917149","-126.14642104556044","-126.14642104556044","-126.14642104556044"
"24300","-145.3797779476528","-145.3797779476528","-145.3797779476528","-195.818777447267","-195.818777447267","-195.818777447267","-225.0806731876643","-225.0806731876643","-225.0806731876643","-244.94734892140235","-244.94734892140235","-244.94734892140235","-146.3827935917387","-146.3827935917387","-146.3827935917387","-144.76373066466806","-144.76373066466806","-144.76373066466806","-188.5782412699078","-188.5782412699078","-188.5782412699078","-105.22820011083658","-105.22820011083658","-105.22820011083658","-174.74178784012082","-174.74178784012082","-174.74178784012082","-137.68147664417285","-137.68147664417285","-137.68147664417285","-145.80561318864952","-145.80561318864952","-145.80561318864952","-171.8819709897038","-171.8819709897038","-171.8819709897038","-122.42188040117676","-122.42188040117676","-122.42188040117676","-213.08315516603193","-213.08315516603193","-213.08315516603193","-172.3389043926175","-172.3389043926175","-172.3389043926175","-127.50947360732778","-127.50947360732778","-127.50947360732778","-297.0062931728186","-297.0062931728186","-297.0062931728186","-125.75238820142923","-125.75238820142923","-125.75238820142923","-168.0479420106289","-168.0479420106289","-168.0479420106289","-125.48854864525079","-125.48854864525079","-125.48854864525079"
"24600","-144.49435711112125","-144.49435711112125","-144.49435711112125","-194.59133462000963","-194.59133462000963","-194.59133462000963","-225.15894895196556","-225.15894895196556","-225.15894895196556","-243.64312795310124","-243.64312795310124","-243.64312795310124","-147.02014796798707","-147.02014796798707","-147.02014796798707","-145.2279584632641","-145.2279584632641","-145.2279584632641","-189.41413800101685","-189.41413800101685","-189.41413800101685","-105.06776978557926","-105.06776978557926","-105.06776978557926","-175.15650661359408","-175.15650661359408","-175.15650661359408","-138.7336369584051","-138.7336369584051","-138.7336369584051","-146.28600932041667","-146.28600932041667","-146.28600932041667","-171.47931014332903","-171.47931014332903","-171.47931014332903","-122.54413918874593","-122.54413918874593","-122.54413918874593","-212.23795342281792","-212.23795342281792","-212.23795342281792","-171.802279988011","-171.802279988011","-171.802279988011","-126.83152357727784","-126.83152357727784","-126.83152357727784","-291.91960245805683","-291.91960245805683","-291.91960245805683","-125.73116141283427","-125.73116141283427","-125.73116141283427","-170.14058649887832","-170.14058649887832","-170.14058649887832","-125.08597316812197","-125.08597316812197","-125.08597316812197"
"24900","-146.16014858938618","-146.16014858938618","-146.16014858938618","-197.12110115167718","-197.12110115167718","-197.12110115167718","-225.30514378645134","-225.30514378645134","-225.30514378645134","-242.4240059504378","-242.4240059504378","-242.4240059504378","-148.35565294752615","-148.35565294752615","-148.35565294752615","-145.6983908731773","-145.6983908731773","-145.6983908731773","-188.81909216472326","-188.81909216472326","-188.81909216472326","-109.05098805233547","-109.05098805233547","-109.05098805233547","-175.2589948535476","-175.2589948535476","-175.2589948535476","-138.4885693503224","-138.4885693503224","-138.4885693503224","-146.2122196129614","-146.2122196129614","-146.2122196129614","-396.52824066032355","-396.52824066032355","-396.52824066032355","-122.1093626070636","-122.1093626070636","-122.1093626070636","-212.9503616336322","-212.9503616336322","-212.9503616336322","-171.92712771197097","-171.92712771197097","-171.92712771197097","-126.16766810950874","-126.16766810950874","-126.16766810950874","-300.2068421018008","-300.2068421018008","-300.2068421018008","-126.33923964170722","-126.33923964170722","-126.33923964170722","-169.5256815721334","-169.5256815721334","-169.5256815721334","-124.29635708248982","-124.29635708248982","-124.29635708248982"
"25200","-146.41397130628286","-146.41397130628286","-146.41397130628286","-196.50558530541247","-196.50558530541247","-196.50558530541247","-225.3851773753564","-225.3851773753564","-225.3851773753564","-218.23164980761635","-218.23164980761635","-218.23164980761635","-148.44983249032128","-148.44983249032128","-148.44983249032128","-145.899860615428","-145.899860615428","-145.899860615428","-189.34623857390883","-189.34623857390883","-189.34623857390883","-111.16786203925366","-111.16786203925366","-111.16786203925366","-175.20387606904794","-175.20387606904794","-175.20387606904794","-163.2925619861703","-163.2925619861703","-163.2925619861703","-146.23636198395715","-146.23636198395715","-146.23636198395715","-246.42113320039306","-246.42113320039306","-246.42113320039306","-122.12127830736662","-122.12127830736662","-122.12127830736662","-213.70124766380872","-213.70124766380872","-213.70124766380872","-171.71909054653787","-171.71909054653787","-171.71909054653787","-126.2241349011324","-126.2241349011324","-126.2241349011324","-198.57114024813345","-198.57114024813345","-198.57114024813345","-126.85536876620988","-126.85536876620988","-126.85536876620988","-169.08872611436337","-169.08872611436337","-169.08872611436337","-124.1654429709464","-124.1654429709464","-124.1654429709464"
"25500","-146.71497932418393","-146.71497932418393","-146.71497932418393","-196.55702687906597","-196.55702687906597","-196.55702687906597","-225.12907382228917","-225.12907382228917","-225.12907382228917","-242.40472208288656","-242.40472208288656","-242.40472208288656","-148.44290014428788","-148.44290014428788","-148.44290014428788","-146.25963640088275","-146.25963640088275","-146.25963640088275","-189.3530951589228","-189.3530951589228","-189.3530951589228","-110.95478329307305","-110.95478329307305","-110.95478329307305","-175.39816066600125","-175.39816066600125","-175.39816066600125","-138.0512051343511","-138.0512051343511","-138.0512051343511","-146.68869309554447","-146.68869309554447","-146.68869309554447","-171.20993529073115","-171.20993529073115","-171.20993529073115","-122.01027855044704","-122.01027855044704","-122.01027855044704","-213.63955076218357","-213.63955076218357","-213.63955076218357","-171.61572150095145","-171.61572150095145","-171.61572150095145","-125.45862835648111","-125.45862835648111","-125.45862835648111","-231.06832922091115","-231.06832922091115","-231.06832922091115","-127.88346639329359","-127.88346639329359","-127.88346639329359","-169.96679867357594","-169.96679867357594","-169.96679867357594","-123.62197542930906","-123.62197542930906","-123.62197542930906"
"25800","-146.21273527788372","-146.21273527788372","-146.21273527788372","-197.653872652102","-197.653872652102","-197.653872652102","-226.02232987589255","-226.02232987589255","-226.02232987589255","-241.50085712788308","-241.50085712788308","-241.50085712788308","-148.9145930158559","-148.9145930158559","-148.9145930158559","-147.06830753262716","-147.06830753262716","-147.06830753262716","-189.71368273996157","-189.71368273996157","-189.71368273996157","-109.21088438619672","-109.21088438619672","-109.21088438619672","-175.53940980323145","-175.53940980323145","-175.53940980323145","-138.12489472453893","-138.12489472453893","-138.12489472453893","-146.304036451017","-146.304036451017","-146.304036451017","-195.97277709591313","-195.97277709591313","-195.97277709591313","-121.75924168180026","-121.75924168180026","-121.75924168180026","-213.47025236732648","-213.47025236732648","-213.47025236732648","-171.59443890058498","-171.59443890058498","-171.59443890058498","-124.75538969447712","-124.75538969447712","-124.75538969447712","-319.44261279729466","-319.44261279729466","-319.44261279729466","-128.91294154822123","-128.91294154822123","-128.91294154822123","-170.12377588370947","-170.12377588370947","-170.12377588370947","-123.20240277074697","-123.20240277074697","-123.20240277074697"
"26100","-145.30223034055396","-145.30223034055396","-145.30223034055396","-196.87872648719176","-196.87872648719176","-196.87872648719176","-225.3144759290197","-225.3144759290197","-225.3144759290197","-241.03433416019826","-241.03433416019826","-241.03433416019826","-148.6923976100966","-148.6923976100966","-148.6923976100966","-146.84335164944326","-146.84335164944326","-146.84335164944326","-189.58804531363563","-189.58804531363563","-189.58804531363563","-109.34087025926146","-109.34087025926146","-109.34087025926146","-175.35387941114922","-175.35387941114922","-175.35387941114922","-137.93757079771453","-137.93757079771453","-137.93757079771453","-146.73329178801487","-146.73329178801487","-146.73329178801487","-170.33387533250263","-170.33387533250263","-170.33387533250263","-121.61592802905525","-121.61592802905525","-121.61592802905525","-214.93068093131177","-214.93068093131177","-214.93068093131177","-171.81224009989816","-171.81224009989816","-171.81224009989816","-124.40301476744705","-124.40301476744705","-124.40301476744705","-298.9084035459403","-298.9084035459403","-298.9084035459403","-180.9758730268467","-180.9758730268467","-180.9758730268467","-170.08274420831782","-170.08274420831782","-170.08274420831782","-123.40557771361614","-123.40557771361614","-123.40557771361614"
"26400","-145.93361397673704","-145.93361397673704","-145.93361397673704","-197.48628545117003","-197.48628545117003","-197.48628545117003","-224.4921160192424","-224.4921160192424","-224.4921160192424","-243.17681247511365","-243.17681247511365","-243.17681247511365","-150.33947654757281","-150.33947654757281","-150.33947654757281","-147.35749266913527","-147.35749266913527","-147.35749266913527","-189.72576771624747","-189.72576771624747","-189.72576771624747","-109.27139476178372","-109.27139476178372","-109.27139476178372","-175.8784608806653","-175.8784608806653","-175.8784608806653","-137.4208801652452","-137.4208801652452","-137.4208801652452","-147.15269765730253","-147.15269765730253","-147.15269765730253","-170.9018371509154","-170.9018371509154","-170.9018371509154","-121.53260724128286","-121.53260724128286","-121.53260724128286","-213.88174356045687","-213.88174356045687","-213.88174356045687","-172.499359184566","-172.499359184566","-172.499359184566","-124.28841388163168","-124.28841388163168","-124.28841388163168","-346.5553257164888","-346.5553257164888","-346.5553257164888","-129.21287026889857","-129.21287026889857","-129.21287026889857","-168.7569552424451","-168.7569552424451","-168.7569552424451","-122.95975208920645","-122.95975208920645","-122.95975208920645"
"26700","-146.14196022130625","-146.14196022130625","-146.14196022130625","-198.3327737224178","-198.3327737224178","-198.3327737224178","-224.7493470514763","-224.7493470514763","-224.7493470514763","-293.6763356320729","-293.6763356320729","-293.6763356320729","-150.66983251332854","-150.66983251332854","-150.66983251332854","-147.84961708797033","-147.84961708797033","-147.84961708797033","-190.5808819124452","-190.5808819124452","-190.5808819124452","-109.03773851835885","-109.03773851835885","-109.03773851835885","-175.15357565972994","-175.15357565972994","-175.15357565972994","-137.25033787259883","-137.25033787259883","-137.25033787259883","-171.917604040163","-171.917604040163","-171.917604040163","-273.5160743579571","-273.5160743579571","-273.5160743579571","-121.64201915044293","-121.64201915044293","-121.64201915044293","-214.34837511843247","-214.34837511843247","-214.34837511843247","-172.33812714813996","-172.33812714813996","-172.33812714813996","-124.68840659267019","-124.68840659267019","-124.68840659267019","-322.8863295251857","-322.8863295251857","-322.8863295251857","-131.0994526386243","-131.0994526386243","-131.0994526386243","-169.64989346711954","-169.64989346711954","-169.64989346711954","-122.93649274010606","-122.93649274010606","-122.93649274010606"
"27000","-146.99060092648182","-146.99060092648182","-146.99060092648182","-197.61394479774182","-197.61394479774182","-197.61394479774182","-224.4139542841593","-224.4139542841593","-224.4139542841593","-292.7493846102899","-292.7493846102899","-292.7493846102899","-150.86085589787263","-150.86085589787263","-150.86085589787263","-148.04441767975925","-148.04441767975925","-148.04441767975925","-189.5657462446456","-189.5657462446456","-189.5657462446456","-107.62643957364779","-107.62643957364779","-107.62643957364779","-176.50243565425154","-176.50243565425154","-176.50243565425154","-136.63020821646015","-136.63020821646015","-136.63020821646015","-197.23364302130267","-197.23364302130267","-197.23364302130267","-170.5931248517908","-170.5931248517908","-170.5931248517908","-121.70403246851988","-121.70403246851988","-121.70403246851988","-214.87765675498036","-214.87765675498036","-214.87765675498036","-171.92658188716825","-171.92658188716825","-171.92658188716825","-124.78900555846369","-124.78900555846369","-124.78900555846369","-421.18509236589034","-421.18509236589034","-421.18509236589034","-132.0482025067693","-132.0482025067693","-132.0482025067693","-169.94270499128103","-169.94270499128103","-169.94270499128103","-123.02752924483605","-123.02752924483605","-123.02752924483605"
"27300","-145.83526234980218","-145.83526234980218","-145.83526234980218","-198.45851172186943","-198.45851172186943","-198.45851172186943","-224.96865856612834","-224.96865856612834","-224.96865856612834","-268.1298855250342","-268.1298855250342","-268.1298855250342","-150.93604513775412","-150.93604513775412","-150.93604513775412","-148.00942318934227","-148.00942318934227","-148.00942318934227","-189.4913422390573","-189.4913422390573","-189.4913422390573","-107.73927542877638","-107.73927542877638","-107.73927542877638","-176.50789118102983","-176.50789118102983","-176.50789118102983","-136.80465582131848","-136.80465582131848","-136.80465582131848","-147.58520713077004","-147.58520713077004","-147.58520713077004","-221.23665156642664","-221.23665156642664","-221.23665156642664","-121.64469104417996","-121.64469104417996","-121.64469104417996","-214.60355539540325","-214.60355539540325","-214.60355539540325","-172.11630428127316","-172.11630428127316","-172.11630428127316","-124.77448036788822","-124.77448036788822","-124.77448036788822","-371.38467446663964","-371.38467446663964","-371.38467446663964","-132.52779055604555","-132.52779055604555","-132.52779055604555","-169.818935138575","-169.818935138575","-169.818935138575","-122.8494511807185","-122.8494511807185","-122.8494511807185"
"27600","-146.21870440042525","-146.21870440042525","-146.21870440042525","-197.35135191060323","-197.35135191060323","-197.35135191060323","-224.84155930547757","-224.84155930547757","-224.84155930547757","-293.6436367863874","-293.6436367863874","-293.6436367863874","-150.80684917000167","-150.80684917000167","-150.80684917000167","-148.45292762218762","-148.45292762218762","-148.45292762218762","-189.25100390177073","-189.25100390177073","-189.25100390177073","-104.90792670510696","-104.90792670510696","-104.90792670510696","-176.55421258479865","-176.55421258479865","-176.55421258479865","-136.7137873415125","-136.7137873415125","-136.7137873415125","-146.20191140075366","-146.20191140075366","-146.20191140075366","-195.6350815190122","-195.6350815190122","-195.6350815190122","-121.67709502207337","-121.67709502207337","-121.67709502207337","-214.94633064087566","-214.94633064087566","-214.94633064087566","-171.8997419982889","-171.8997419982889","-171.8997419982889","-125.27641949412285","-125.27641949412285","-125.27641949412285","-337.3922817081584","-337.3922817081584","-337.3922817081584","-132.0856034119052","-132.0856034119052","-132.0856034119052","-169.91697502559433","-169.91697502559433","-169.91697502559433","-122.24732023780534","-122.24732023780534","-122.24732023780534"
"27900","-146.5066998034742","-146.5066998034742","-146.5066998034742","-198.5598711695535","-198.5598711695535","-198.5598711695535","-225.49545822405952","-225.49545822405952","-225.49545822405952","-269.44319329156184","-269.44319329156184","-269.44319329156184","-150.70493990159088","-150.70493990159088","-150.70493990159088","-149.17314445109093","-149.17314445109093","-149.17314445109093","-189.3431799411362","-189.3431799411362","-189.3431799411362","-104.43805876464307","-104.43805876464307","-104.43805876464307","-176.10705706406955","-176.10705706406955","-176.10705706406955","-136.6293963168449","-136.6293963168449","-136.6293963168449","-146.11498792785372","-146.11498792785372","-146.11498792785372","-170.56769992831477","-170.56769992831477","-170.56769992831477","-121.80460661403177","-121.80460661403177","-121.80460661403177","-215.3308889963344","-215.3308889963344","-215.3308889963344","-172.60401641175739","-172.60401641175739","-172.60401641175739","-125.25404140546702","-125.25404140546702","-125.25404140546702","-323.11081784876757","-323.11081784876757","-323.11081784876757","-131.8265592195293","-131.8265592195293","-131.8265592195293","-169.08463737254561","-169.08463737254561","-169.08463737254561","-121.24241941301719","-121.24241941301719","-121.24241941301719"
"28200","-146.90001373034363","-146.90001373034363","-146.90001373034363","-198.0353136448961","-198.0353136448961","-198.0353136448961","-225.47837253874997","-225.47837253874997","-225.47837253874997","-245.11552139966275","-245.11552139966275","-245.11552139966275","-150.6827979893506","-150.6827979893506","-150.6827979893506","-149.59622530240858","-149.59622530240858","-149.59622530240858","-189.5381176353052","-189.5381176353052","-189.5381176353052","-104.35451649862948","-104.35451649862948","-104.35451649862948","-176.40810882833446","-176.40810882833446","-176.40810882833446","-136.90771256618902","-136.90771256618902","-136.90771256618902","-146.04669209071216","-146.04669209071216","-146.04669209071216","-196.03749248939062","-196.03749248939062","-196.03749248939062","-121.64174162248771","-121.64174162248771","-121.64174162248771","-215.53708037551715","-215.53708037551715","-215.53708037551715","-171.19244824812037","-171.19244824812037","-171.19244824812037","-125.65747633580865","-125.65747633580865","-125.65747633580865","-400.2911391202614","-400.2911391202614","-400.2911391202614","-131.983817243678","-131.983817243678","-131.983817243678","-169.67903105122613","-169.67903105122613","-169.67903105122613","-121.25589770018618","-121.25589770018618","-121.25589770018618"
"28500","-145.51421854929936","-145.51421854929936","-145.51421854929936","-198.66569230123076","-198.66569230123076","-198.66569230123076","-225.05500424000758","-225.05500424000758","-225.05500424000758","-270.2973743570488","-270.2973743570488","-270.2973743570488","-150.8631817536854","-150.8631817536854","-150.8631817536854","-148.86292938837147","-148.86292938837147","-148.86292938837147","-189.40697143638818","-189.40697143638818","-189.40697143638818","-105.9654141664042","-105.9654141664042","-105.9654141664042","-176.36605555099175","-176.36605555099175","-176.36605555099175","-136.36709549781855","-136.36709549781855","-136.36709549781855","-146.2712664469811","-146.2712664469811","-146.2712664469811","-245.27969022006042","-245.27969022006042","-245.27969022006042","-121.70954454559183","-121.70954454559183","-121.70954454559183","-215.00241078535254","-215.00241078535254","-215.00241078535254","-171.60781402190977","-171.60781402190977","-171.60781402190977","-125.83509244744546","-125.83509244744546","-125.83509244744546","-335.84222975379697","-335.84222975379697","-335.84222975379697","-131.49124140531822","-131.49124140531822","-131.49124140531822","-170.21480289482616","-170.21480289482616","-170.21480289482616","-120.79213069913507","-120.79213069913507","-120.79213069913507"
"28800","-145.81583835850589","-145.81583835850589","-145.81583835850589","-198.01291175741326","-198.01291175741326","-198.01291175741326","-225.24656567326528","-225.24656567326528","-225.24656567326528","-219.0782791837487","-219.0782791837487","-219.0782791837487","-150.84255671095042","-150.84255671095042","-150.84255671095042","-149.34443605125438","-149.34443605125438","-149.34443605125438","-189.49883556934313","-189.49883556934313","-189.49883556934313","-106.82123260408562","-106.82123260408562","-106.82123260408562","-176.17137169185668","-176.17137169185668","-176.17137169185668","-136.38840262635148","-136.38840262635148","-136.38840262635148","-146.27502530645899","-146.27502530645899","-146.27502530645899","-170.90062154584157","-170.90062154584157","-170.90062154584157","-121.94974177172594","-121.94974177172594","-121.94974177172594","-215.45119991150673","-215.45119991150673","-215.45119991150673","-171.77531321903894","-171.77531321903894","-171.77531321903894","-126.154077239504","-126.154077239504","-126.154077239504","-397.35146793455027","-397.35146793455027","-397.35146793455027","-131.669425329738","-131.669425329738","-131.669425329738","-170.1208990367517","-170.1208990367517","-170.1208990367517","-120.37863886424589","-120.37863886424589","-120.37863886424589"
"29100","-146.27068501088553","-146.27068501088553","-146.27068501088553","-197.76147873671977","-197.76147873671977","-197.76147873671977","-225.79182943106167","-225.79182943106167","-225.79182943106167","-219.58294749677708","-219.58294749677708","-219.58294749677708","-150.8856062911555","-150.8856062911555","-150.8856062911555","-150.25535358046784","-150.25535358046784","-150.25535358046784","-189.51654951708502","-189.51654951708502","-189.51654951708502","-106.31778420230198","-106.31778420230198","-106.31778420230198","-175.9617449747513","-175.9617449747513","-175.9617449747513","-136.2801016129272","-136.2801016129272","-136.2801016129272","-145.7545006621549","-145.7545006621549","-145.7545006621549","-170.9263758417219","-170.9263758417219","-170.9263758417219","-121.901168742356","-121.901168742356","-121.901168742356","-215.75967722082473","-215.75967722082473","-215.75967722082473","-171.72474321450764","-171.72474321450764","-171.72474321450764","-126.97166977095112","-126.97166977095112","-126.97166977095112","-401.1267345817247","-401.1267345817247","-401.1267345817247","-131.49603786131198","-131.49603786131198","-131.49603786131198","-169.81616415814966","-169.81616415814966","-169.81616415814966","-120.22832997149052","-120.22832997149052","-120.22832997149052"
"29400","-146.23165554844104","-146.23165554844104","-146.23165554844104","-198.24290421291806","-198.24290421291806","-198.24290421291806","-225.4173354653032","-225.4173354653032","-225.4173354653032","-268.71556466111343","-268.71556466111343","-268.71556466111343","-150.8367468317487","-150.8367468317487","-150.8367468317487","-150.87115489318145","-150.87115489318145","-150.87115489318145","-189.56834839035884","-189.56834839035884","-189.56834839035884","-107.10024241453175","-107.10024241453175","-107.10024241453175","-176.46696117752666","-176.46696117752666","-176.46696117752666","-136.15663833899754","-136.15663833899754","-136.15663833899754","-145.98475279525127","-145.98475279525127","-145.98475279525127","-169.6674706308424","-169.6674706308424","-169.6674706308424","-121.79780950496422","-121.79780950496422","-121.79780950496422","-216.30963977402743","-216.30963977402743","-216.30963977402743","-171.847669881627","-171.847669881627","-171.847669881627","-126.53288779424884","-126.53288779424884","-126.53288779424884","-298.70221800757975","-298.70221800757975","-298.70221800757975","-131.2305697801042","-131.2305697801042","-131.2305697801042","-169.84424695029935","-169.84424695029935","-169.84424695029935","-119.9949827910796","-119.9949827910796","-119.9949827910796"
"29700","-145.831700518007","-145.831700518007","-145.831700518007","-197.21999807600594","-197.21999807600594","-197.21999807600594","-226.28874054184658","-226.28874054184658","-226.28874054184658","-271.1977938504906","-271.1977938504906","-271.1977938504906","-150.94181990566852","-150.94181990566852","-150.94181990566852","-151.1027989628051","-151.1027989628051","-151.1027989628051","-189.6305157093278","-189.6305157093278","-189.6305157093278","-106.48028301716245","-106.48028301716245","-106.48028301716245","-176.30086023234304","-176.30086023234304","-176.30086023234304","-136.40837825991724","-136.40837825991724","-136.40837825991724","-145.3517516286328","-145.3517516286328","-145.3517516286328","-244.60791810748137","-244.60791810748137","-244.60791810748137","-121.7824897299425","-121.7824897299425","-121.7824897299425","-216.22650972022603","-216.22650972022603","-216.22650972022603","-171.88738703673624","-171.88738703673624","-171.88738703673624","-126.85106535459147","-126.85106535459147","-126.85106535459147","-324.84968491136925","-324.84968491136925","-324.84968491136925","-131.23123526433704","-131.23123526433704","-131.23123526433704","-169.6245589975985","-169.6245589975985","-169.6245589975985","-119.814966674797","-119.814966674797","-119.814966674797"
"30000","-145.47548419005062","-145.47548419005062","-145.47548419005062","-197.26187713034437","-197.26187713034437","-197.26187713034437","-226.75011841387928","-226.75011841387928","-226.75011841387928","-217.76422848126032","-217.76422848126032","-217.76422848126032","-150.79833327481225","-150.79833327481225","-150.79833327481225","-151.14454049645263","-151.14454049645263","-151.14454049645263","-190.0228942836081","-190.0228942836081","-190.0228942836081","-104.65501795131999","-104.65501795131999","-104.65501795131999","-176.52090524379395","-176.52090524379395","-176.52090524379395","-136.79887704094313","-136.79887704094313","-136.79887704094313","-145.36252888416124","-145.36252888416124","-145.36252888416124","-169.39682230016302","-169.39682230016302","-169.39682230016302","-121.81340232426116","-121.81340232426116","-121.81340232426116","-216.08403630335033","-216.08403630335033","-216.08403630335033","-172.11329656090425","-172.11329656090425","-172.11329656090425","-126.97902029778622","-126.97902029778622","-126.97902029778622","-325.2231187142552","-325.2231187142552","-325.2231187142552","-130.92430981828838","-130.92430981828838","-130.92430981828838","-170.173490576052","-170.173490576052","-170.173490576052","-119.74745180565955","-119.74745180565955","-119.74745180565955"