"Step","DDPG_TempoRL_Pendulum-v1_19 - eval/avg_reward","DDPG_TempoRL_Pendulum-v1_19 - eval/avg_reward__MIN","DDPG_TempoRL_Pendulum-v1_19 - eval/avg_reward__MAX","DDPG_TempoRL_Pendulum-v1_18 - eval/avg_reward","DDPG_TempoRL_Pendulum-v1_18 - eval/avg_reward__MIN","DDPG_TempoRL_Pendulum-v1_18 - eval/avg_reward__MAX","DDPG_TempoRL_Pendulum-v1_17 - eval/avg_reward","DDPG_TempoRL_Pendulum-v1_17 - eval/avg_reward__MIN","DDPG_TempoRL_Pendulum-v1_17 - eval/avg_reward__MAX","DDPG_TempoRL_Pendulum-v1_16 - eval/avg_reward","DDPG_TempoRL_Pendulum-v1_16 - eval/avg_reward__MIN","DDPG_TempoRL_Pendulum-v1_16 - eval/avg_reward__MAX","DDPG_TempoRL_Pendulum-v1_15 - eval/avg_reward","DDPG_TempoRL_Pendulum-v1_15 - eval/avg_reward__MIN","DDPG_TempoRL_Pendulum-v1_15 - eval/avg_reward__MAX","DDPG_TempoRL_Pendulum-v1_14 - eval/avg_reward","DDPG_TempoRL_Pendulum-v1_14 - eval/avg_reward__MIN","DDPG_TempoRL_Pendulum-v1_14 - eval/avg_reward__MAX","DDPG_TempoRL_Pendulum-v1_13 - eval/avg_reward","DDPG_TempoRL_Pendulum-v1_13 - eval/avg_reward__MIN","DDPG_TempoRL_Pendulum-v1_13 - eval/avg_reward__MAX","DDPG_TempoRL_Pendulum-v1_12 - eval/avg_reward","DDPG_TempoRL_Pendulum-v1_12 - eval/avg_reward__MIN","DDPG_TempoRL_Pendulum-v1_12 - eval/avg_reward__MAX","DDPG_TempoRL_Pendulum-v1_11 - eval/avg_reward","DDPG_TempoRL_Pendulum-v1_11 - eval/avg_reward__MIN","DDPG_TempoRL_Pendulum-v1_11 - eval/avg_reward__MAX","DDPG_TempoRL_Pendulum-v1_10 - eval/avg_reward","DDPG_TempoRL_Pendulum-v1_10 - eval/avg_reward__MIN","DDPG_TempoRL_Pendulum-v1_10 - eval/avg_reward__MAX","DDPG_TempoRL_Pendulum-v1_9 - eval/avg_reward","DDPG_TempoRL_Pendulum-v1_9 - eval/avg_reward__MIN","DDPG_TempoRL_Pendulum-v1_9 - eval/avg_reward__MAX","DDPG_TempoRL_Pendulum-v1_8 - eval/avg_reward","DDPG_TempoRL_Pendulum-v1_8 - eval/avg_reward__MIN","DDPG_TempoRL_Pendulum-v1_8 - eval/avg_reward__MAX","DDPG_TempoRL_Pendulum-v1_7 - eval/avg_reward","DDPG_TempoRL_Pendulum-v1_7 - eval/avg_reward__MIN","DDPG_TempoRL_Pendulum-v1_7 - eval/avg_reward__MAX","DDPG_TempoRL_Pendulum-v1_6 - eval/avg_reward","DDPG_TempoRL_Pendulum-v1_6 - eval/avg_reward__MIN","DDPG_TempoRL_Pendulum-v1_6 - eval/avg_reward__MAX","DDPG_TempoRL_Pendulum-v1_5 - eval/avg_reward","DDPG_TempoRL_Pendulum-v1_5 - eval/avg_reward__MIN","DDPG_TempoRL_Pendulum-v1_5 - eval/avg_reward__MAX","DDPG_TempoRL_Pendulum-v1_4 - eval/avg_reward","DDPG_TempoRL_Pendulum-v1_4 - eval/avg_reward__MIN","DDPG_TempoRL_Pendulum-v1_4 - eval/avg_reward__MAX","DDPG_TempoRL_Pendulum-v1_3 - eval/avg_reward","DDPG_TempoRL_Pendulum-v1_3 - eval/avg_reward__MIN","DDPG_TempoRL_Pendulum-v1_3 - eval/avg_reward__MAX","DDPG_TempoRL_Pendulum-v1_2 - eval/avg_reward","DDPG_TempoRL_Pendulum-v1_2 - eval/avg_reward__MIN","DDPG_TempoRL_Pendulum-v1_2 - eval/avg_reward__MAX","DDPG_TempoRL_Pendulum-v1_1 - eval/avg_reward","DDPG_TempoRL_Pendulum-v1_1 - eval/avg_reward__MIN","DDPG_TempoRL_Pendulum-v1_1 - eval/avg_reward__MAX","DDPG_TempoRL_Pendulum-v1_0 - eval/avg_reward","DDPG_TempoRL_Pendulum-v1_0 - eval/avg_reward__MIN","DDPG_TempoRL_Pendulum-v1_0 - eval/avg_reward__MAX"
"0","-1401.6226261599954","-1401.6226261599954","-1401.6226261599954","-1435.930552650268","-1435.930552650268","-1435.930552650268","-1448.9737364488112","-1448.9737364488112","-1448.9737364488112","-1568.9914164926765","-1568.9914164926765","-1568.9914164926765","-1209.5689572761542","-1209.5689572761542","-1209.5689572761542","-1248.506786966152","-1248.506786966152","-1248.506786966152","-1551.8436031626215","-1551.8436031626215","-1551.8436031626215","-1076.9632882264573","-1076.9632882264573","-1076.9632882264573","-1275.2165836417412","-1275.2165836417412","-1275.2165836417412","-1452.7631073899386","-1452.7631073899386","-1452.7631073899386","-1231.4761808535611","-1231.4761808535611","-1231.4761808535611","-1227.1472525562713","-1227.1472525562713","-1227.1472525562713","-1287.533745727514","-1287.533745727514","-1287.533745727514","-1448.4177689706441","-1448.4177689706441","-1448.4177689706441","-1436.4946402293442","-1436.4946402293442","-1436.4946402293442","-1494.0380537227197","-1494.0380537227197","-1494.0380537227197","-1149.8804169778966","-1149.8804169778966","-1149.8804169778966","-1251.0188341915482","-1251.0188341915482","-1251.0188341915482","-1489.5534472957415","-1489.5534472957415","-1489.5534472957415","-1062.5954729358295","-1062.5954729358295","-1062.5954729358295"
"300","-1401.6226261599954","-1401.6226261599954","-1401.6226261599954","-1435.930552650268","-1435.930552650268","-1435.930552650268","-1448.9737364488112","-1448.9737364488112","-1448.9737364488112","-1568.9914164926765","-1568.9914164926765","-1568.9914164926765","-1209.5689572761542","-1209.5689572761542","-1209.5689572761542","-1248.506786966152","-1248.506786966152","-1248.506786966152","-1551.8436031626215","-1551.8436031626215","-1551.8436031626215","-1076.9632882264573","-1076.9632882264573","-1076.9632882264573","-1275.2165836417412","-1275.2165836417412","-1275.2165836417412","-1452.7631073899386","-1452.7631073899386","-1452.7631073899386","-1231.4761808535611","-1231.4761808535611","-1231.4761808535611","-1227.1472525562713","-1227.1472525562713","-1227.1472525562713","-1287.533745727514","-1287.533745727514","-1287.533745727514","-1448.4177689706441","-1448.4177689706441","-1448.4177689706441","-1436.4946402293442","-1436.4946402293442","-1436.4946402293442","-1494.0380537227197","-1494.0380537227197","-1494.0380537227197","-1149.8804169778966","-1149.8804169778966","-1149.8804169778966","-1251.0188341915482","-1251.0188341915482","-1251.0188341915482","-1489.5534472957415","-1489.5534472957415","-1489.5534472957415","-1062.5954729358295","-1062.5954729358295","-1062.5954729358295"
"600","-1401.6226261599954","-1401.6226261599954","-1401.6226261599954","-1435.930552650268","-1435.930552650268","-1435.930552650268","-1448.9737364488112","-1448.9737364488112","-1448.9737364488112","-1568.9914164926765","-1568.9914164926765","-1568.9914164926765","-1209.5689572761542","-1209.5689572761542","-1209.5689572761542","-1248.506786966152","-1248.506786966152","-1248.506786966152","-1551.8436031626215","-1551.8436031626215","-1551.8436031626215","-1076.9632882264573","-1076.9632882264573","-1076.9632882264573","-1275.2165836417412","-1275.2165836417412","-1275.2165836417412","-1452.7631073899386","-1452.7631073899386","-1452.7631073899386","-1231.4761808535611","-1231.4761808535611","-1231.4761808535611","-1227.1472525562713","-1227.1472525562713","-1227.1472525562713","-1287.533745727514","-1287.533745727514","-1287.533745727514","-1448.4177689706441","-1448.4177689706441","-1448.4177689706441","-1436.4946402293442","-1436.4946402293442","-1436.4946402293442","-1494.0380537227197","-1494.0380537227197","-1494.0380537227197","-1149.8804169778966","-1149.8804169778966","-1149.8804169778966","-1251.0188341915482","-1251.0188341915482","-1251.0188341915482","-1489.5534472957415","-1489.5534472957415","-1489.5534472957415","-1062.5954729358295","-1062.5954729358295","-1062.5954729358295"
"900","-1401.6226261599954","-1401.6226261599954","-1401.6226261599954","-1435.930552650268","-1435.930552650268","-1435.930552650268","-1448.9737364488112","-1448.9737364488112","-1448.9737364488112","-1568.9914164926765","-1568.9914164926765","-1568.9914164926765","-1209.5689572761542","-1209.5689572761542","-1209.5689572761542","-1248.506786966152","-1248.506786966152","-1248.506786966152","-1551.8436031626215","-1551.8436031626215","-1551.8436031626215","-1076.9632882264573","-1076.9632882264573","-1076.9632882264573","-1275.2165836417412","-1275.2165836417412","-1275.2165836417412","-1452.7631073899386","-1452.7631073899386","-1452.7631073899386","-1231.4761808535611","-1231.4761808535611","-1231.4761808535611","-1227.1472525562713","-1227.1472525562713","-1227.1472525562713","-1287.533745727514","-1287.533745727514","-1287.533745727514","-1448.4177689706441","-1448.4177689706441","-1448.4177689706441","-1436.4946402293442","-1436.4946402293442","-1436.4946402293442","-1494.0380537227197","-1494.0380537227197","-1494.0380537227197","-1149.8804169778966","-1149.8804169778966","-1149.8804169778966","-1251.0188341915482","-1251.0188341915482","-1251.0188341915482","-1489.5534472957415","-1489.5534472957415","-1489.5534472957415","-1062.5954729358295","-1062.5954729358295","-1062.5954729358295"
"1200","-1308.1953702711257","-1308.1953702711257","-1308.1953702711257","-1730.7611690241345","-1730.7611690241345","-1730.7611690241345","-1787.66991173213","-1787.66991173213","-1787.66991173213","-1646.0876065894365","-1646.0876065894365","-1646.0876065894365","-1274.2795446308278","-1274.2795446308278","-1274.2795446308278","-1416.7151855822135","-1416.7151855822135","-1416.7151855822135","-1716.2675394784455","-1716.2675394784455","-1716.2675394784455","-1540.439424388121","-1540.439424388121","-1540.439424388121","-1780.4472160782557","-1780.4472160782557","-1780.4472160782557","-1707.4395884266535","-1707.4395884266535","-1707.4395884266535","-1745.6244635104063","-1745.6244635104063","-1745.6244635104063","-1641.2148220059469","-1641.2148220059469","-1641.2148220059469","-1797.9972885411553","-1797.9972885411553","-1797.9972885411553","-1771.6830587116965","-1771.6830587116965","-1771.6830587116965","-1585.748145851719","-1585.748145851719","-1585.748145851719","-1589.7525318520197","-1589.7525318520197","-1589.7525318520197","-1713.7256470177897","-1713.7256470177897","-1713.7256470177897","-1356.9964149880684","-1356.9964149880684","-1356.9964149880684","-1591.5333294939041","-1591.5333294939041","-1591.5333294939041","-1726.3288016425875","-1726.3288016425875","-1726.3288016425875"
"1500","-1476.0662353258356","-1476.0662353258356","-1476.0662353258356","-1539.3292751706972","-1539.3292751706972","-1539.3292751706972","-1637.6980851790433","-1637.6980851790433","-1637.6980851790433","-1485.5565448849577","-1485.5565448849577","-1485.5565448849577","-1425.5088193835243","-1425.5088193835243","-1425.5088193835243","-1566.5134759239456","-1566.5134759239456","-1566.5134759239456","-1503.8699665875042","-1503.8699665875042","-1503.8699665875042","-1525.287719081861","-1525.287719081861","-1525.287719081861","-1519.0617302183923","-1519.0617302183923","-1519.0617302183923","-1536.4517096120044","-1536.4517096120044","-1536.4517096120044","-1484.0352629704344","-1484.0352629704344","-1484.0352629704344","-1576.3120855135548","-1576.3120855135548","-1576.3120855135548","-1599.6892926299984","-1599.6892926299984","-1599.6892926299984","-1566.9830746954665","-1566.9830746954665","-1566.9830746954665","-1551.1342990406615","-1551.1342990406615","-1551.1342990406615","-1577.7896249994649","-1577.7896249994649","-1577.7896249994649","-1712.0173376098676","-1712.0173376098676","-1712.0173376098676","-1557.3539476312994","-1557.3539476312994","-1557.3539476312994","-1462.9864519326661","-1462.9864519326661","-1462.9864519326661","-1522.7441269801534","-1522.7441269801534","-1522.7441269801534"
"1800","-1450.502608910088","-1450.502608910088","-1450.502608910088","-1496.4723498014282","-1496.4723498014282","-1496.4723498014282","-1575.105977756004","-1575.105977756004","-1575.105977756004","-1477.700910248178","-1477.700910248178","-1477.700910248178","-1411.6608497793297","-1411.6608497793297","-1411.6608497793297","-1469.010073323979","-1469.010073323979","-1469.010073323979","-1490.6400740940305","-1490.6400740940305","-1490.6400740940305","-1423.9273054054345","-1423.9273054054345","-1423.9273054054345","-1497.8889963358185","-1497.8889963358185","-1497.8889963358185","-1467.8159960834241","-1467.8159960834241","-1467.8159960834241","-1464.8611305097709","-1464.8611305097709","-1464.8611305097709","-1471.136271888917","-1471.136271888917","-1471.136271888917","-1519.374090827901","-1519.374090827901","-1519.374090827901","-1503.612369612206","-1503.612369612206","-1503.612369612206","-1502.9532338905744","-1502.9532338905744","-1502.9532338905744","-1457.874592330149","-1457.874592330149","-1457.874592330149","-1517.0771513304194","-1517.0771513304194","-1517.0771513304194","-1481.4743755302145","-1481.4743755302145","-1481.4743755302145","-1481.5089111184293","-1481.5089111184293","-1481.5089111184293","-1482.5078535512498","-1482.5078535512498","-1482.5078535512498"
"2100","-1454.5830827879868","-1454.5830827879868","-1454.5830827879868","-1478.2210347630844","-1478.2210347630844","-1478.2210347630844","-1525.0822735535191","-1525.0822735535191","-1525.0822735535191","-1411.8836664084524","-1411.8836664084524","-1411.8836664084524","-1490.6254833120176","-1490.6254833120176","-1490.6254833120176","-1454.3781634155607","-1454.3781634155607","-1454.3781634155607","-1488.0099339579754","-1488.0099339579754","-1488.0099339579754","-1380.4366752341016","-1380.4366752341016","-1380.4366752341016","-1488.5402700483842","-1488.5402700483842","-1488.5402700483842","-1368.4308621807502","-1368.4308621807502","-1368.4308621807502","-1464.9325765747813","-1464.9325765747813","-1464.9325765747813","-1470.1698903757228","-1470.1698903757228","-1470.1698903757228","-1520.7044691354936","-1520.7044691354936","-1520.7044691354936","-1492.6495441009197","-1492.6495441009197","-1492.6495441009197","-1465.918595517485","-1465.918595517485","-1465.918595517485","-1436.9200491792767","-1436.9200491792767","-1436.9200491792767","-1506.0804861775173","-1506.0804861775173","-1506.0804861775173","-1429.4809821073418","-1429.4809821073418","-1429.4809821073418","-1445.942380403733","-1445.942380403733","-1445.942380403733","-1460.1235787264575","-1460.1235787264575","-1460.1235787264575"
"2400","-1448.375084835963","-1448.375084835963","-1448.375084835963","-1417.8144764621047","-1417.8144764621047","-1417.8144764621047","-1379.671552386185","-1379.671552386185","-1379.671552386185","-1350.2119945156041","-1350.2119945156041","-1350.2119945156041","-1462.0697729540982","-1462.0697729540982","-1462.0697729540982","-1434.728103803384","-1434.728103803384","-1434.728103803384","-1406.852374978324","-1406.852374978324","-1406.852374978324","-1167.432999376801","-1167.432999376801","-1167.432999376801","-1369.3963211887483","-1369.3963211887483","-1369.3963211887483","-1348.2266447803506","-1348.2266447803506","-1348.2266447803506","-1332.4567638187984","-1332.4567638187984","-1332.4567638187984","-1370.3642971254512","-1370.3642971254512","-1370.3642971254512","-1305.9122576279822","-1305.9122576279822","-1305.9122576279822","-1382.9202149111534","-1382.9202149111534","-1382.9202149111534","-1367.9573923114651","-1367.9573923114651","-1367.9573923114651","-1299.0128736504662","-1299.0128736504662","-1299.0128736504662","-1300.791982534097","-1300.791982534097","-1300.791982534097","-1450.6475078940978","-1450.6475078940978","-1450.6475078940978","-1363.9485845357963","-1363.9485845357963","-1363.9485845357963","-1447.64193639708","-1447.64193639708","-1447.64193639708"
"2700","-1328.4415524215865","-1328.4415524215865","-1328.4415524215865","-1179.5137137205343","-1179.5137137205343","-1179.5137137205343","-1283.221416877428","-1283.221416877428","-1283.221416877428","-1209.8493792769436","-1209.8493792769436","-1209.8493792769436","-1309.4903408807975","-1309.4903408807975","-1309.4903408807975","-1219.6551998056268","-1219.6551998056268","-1219.6551998056268","-1310.6881508032254","-1310.6881508032254","-1310.6881508032254","-1050.570302012095","-1050.570302012095","-1050.570302012095","-1277.731271544118","-1277.731271544118","-1277.731271544118","-1263.516918800731","-1263.516918800731","-1263.516918800731","-1141.8601068807834","-1141.8601068807834","-1141.8601068807834","-1193.2246861962024","-1193.2246861962024","-1193.2246861962024","-1108.8782437612767","-1108.8782437612767","-1108.8782437612767","-1305.0661234545312","-1305.0661234545312","-1305.0661234545312","-1258.4535526205484","-1258.4535526205484","-1258.4535526205484","-1153.2761713742482","-1153.2761713742482","-1153.2761713742482","-1223.0357840448555","-1223.0357840448555","-1223.0357840448555","-1189.3348966860317","-1189.3348966860317","-1189.3348966860317","-1232.2495961041907","-1232.2495961041907","-1232.2495961041907","-1133.623821628885","-1133.623821628885","-1133.623821628885"
"3000","-1181.1119745532699","-1181.1119745532699","-1181.1119745532699","-1174.22784781995","-1174.22784781995","-1174.22784781995","-1171.0029352567067","-1171.0029352567067","-1171.0029352567067","-1071.5555208848368","-1071.5555208848368","-1071.5555208848368","-1080.1107174118297","-1080.1107174118297","-1080.1107174118297","-1181.9471682676717","-1181.9471682676717","-1181.9471682676717","-1260.869990285859","-1260.869990285859","-1260.869990285859","-658.5773677560485","-658.5773677560485","-658.5773677560485","-1097.3876611039561","-1097.3876611039561","-1097.3876611039561","-1214.4468280598817","-1214.4468280598817","-1214.4468280598817","-1110.2522524197618","-1110.2522524197618","-1110.2522524197618","-1030.1819051367288","-1030.1819051367288","-1030.1819051367288","-1055.9334026513","-1055.9334026513","-1055.9334026513","-1213.269317076205","-1213.269317076205","-1213.269317076205","-1138.0922237091968","-1138.0922237091968","-1138.0922237091968","-1033.487381043044","-1033.487381043044","-1033.487381043044","-1164.5295246338642","-1164.5295246338642","-1164.5295246338642","-1089.5205170818026","-1089.5205170818026","-1089.5205170818026","-1157.1726473569925","-1157.1726473569925","-1157.1726473569925","-1065.7417809871522","-1065.7417809871522","-1065.7417809871522"
"3300","-867.3837539082217","-867.3837539082217","-867.3837539082217","-957.676893686529","-957.676893686529","-957.676893686529","-1036.1335322986347","-1036.1335322986347","-1036.1335322986347","-988.1481958014898","-988.1481958014898","-988.1481958014898","-1030.6953299695977","-1030.6953299695977","-1030.6953299695977","-1085.231959624095","-1085.231959624095","-1085.231959624095","-1184.3949257617066","-1184.3949257617066","-1184.3949257617066","-557.1849418014923","-557.1849418014923","-557.1849418014923","-869.1831774319559","-869.1831774319559","-869.1831774319559","-1062.4580175189567","-1062.4580175189567","-1062.4580175189567","-761.3266454105435","-761.3266454105435","-761.3266454105435","-868.4683793760394","-868.4683793760394","-868.4683793760394","-936.4348774327257","-936.4348774327257","-936.4348774327257","-957.9253735932696","-957.9253735932696","-957.9253735932696","-1088.7024406902387","-1088.7024406902387","-1088.7024406902387","-457.492364739988","-457.492364739988","-457.492364739988","-1061.0227696434272","-1061.0227696434272","-1061.0227696434272","-897.8787534737312","-897.8787534737312","-897.8787534737312","-975.124715122661","-975.124715122661","-975.124715122661","-905.1787460294714","-905.1787460294714","-905.1787460294714"
"3600","-478.96256024646647","-478.96256024646647","-478.96256024646647","-873.4129572131576","-873.4129572131576","-873.4129572131576","-1002.0821665396172","-1002.0821665396172","-1002.0821665396172","-560.5715311787625","-560.5715311787625","-560.5715311787625","-710.2746651825807","-710.2746651825807","-710.2746651825807","-776.1399576632004","-776.1399576632004","-776.1399576632004","-727.1614374975665","-727.1614374975665","-727.1614374975665","-457.0947716811414","-457.0947716811414","-457.0947716811414","-506.5672568642541","-506.5672568642541","-506.5672568642541","-990.9500890128359","-990.9500890128359","-990.9500890128359","-405.05137376838286","-405.05137376838286","-405.05137376838286","-747.4977504958003","-747.4977504958003","-747.4977504958003","-712.242814840985","-712.242814840985","-712.242814840985","-1141.2607849060048","-1141.2607849060048","-1141.2607849060048","-866.8601997797772","-866.8601997797772","-866.8601997797772","-454.0175394687376","-454.0175394687376","-454.0175394687376","-830.3827096790253","-830.3827096790253","-830.3827096790253","-892.2415584185765","-892.2415584185765","-892.2415584185765","-750.7432022755811","-750.7432022755811","-750.7432022755811","-216.63755556033144","-216.63755556033144","-216.63755556033144"
"3900","-235.33296657022052","-235.33296657022052","-235.33296657022052","-339.5850860840939","-339.5850860840939","-339.5850860840939","-821.3467985378715","-821.3467985378715","-821.3467985378715","-288.4760674037334","-288.4760674037334","-288.4760674037334","-664.1102684574774","-664.1102684574774","-664.1102684574774","-499.4424578549603","-499.4424578549603","-499.4424578549603","-398.1746173087703","-398.1746173087703","-398.1746173087703","-110.3089842273661","-110.3089842273661","-110.3089842273661","-242.52049623124307","-242.52049623124307","-242.52049623124307","-762.787435254971","-762.787435254971","-762.787435254971","-158.94390753506053","-158.94390753506053","-158.94390753506053","-345.85947542790984","-345.85947542790984","-345.85947542790984","-187.82488241686673","-187.82488241686673","-187.82488241686673","-835.9988972840183","-835.9988972840183","-835.9988972840183","-546.5291503385303","-546.5291503385303","-546.5291503385303","-377.4097060581405","-377.4097060581405","-377.4097060581405","-624.1928910233698","-624.1928910233698","-624.1928910233698","-900.4962501045878","-900.4962501045878","-900.4962501045878","-718.425129020247","-718.425129020247","-718.425129020247","-295.4310310612199","-295.4310310612199","-295.4310310612199"
"4200","-181.2895322598742","-181.2895322598742","-181.2895322598742","-228.31592650287047","-228.31592650287047","-228.31592650287047","-363.3202802165342","-363.3202802165342","-363.3202802165342","-254.77625610547685","-254.77625610547685","-254.77625610547685","-929.9034359877982","-929.9034359877982","-929.9034359877982","-233.94990785538772","-233.94990785538772","-233.94990785538772","-339.2777436590967","-339.2777436590967","-339.2777436590967","-106.67551078562947","-106.67551078562947","-106.67551078562947","-354.66511567561577","-354.66511567561577","-354.66511567561577","-667.7741406102596","-667.7741406102596","-667.7741406102596","-865.9316941232416","-865.9316941232416","-865.9316941232416","-263.1753660925535","-263.1753660925535","-263.1753660925535","-158.4947446496452","-158.4947446496452","-158.4947446496452","-637.0704327620783","-637.0704327620783","-637.0704327620783","-189.82431574810943","-189.82431574810943","-189.82431574810943","-215.74015293123256","-215.74015293123256","-215.74015293123256","-280.9452393105678","-280.9452393105678","-280.9452393105678","-805.3593702475338","-805.3593702475338","-805.3593702475338","-606.1888818841428","-606.1888818841428","-606.1888818841428","-154.76309394991978","-154.76309394991978","-154.76309394991978"
"4500","-294.78249508576806","-294.78249508576806","-294.78249508576806","-199.78250487461767","-199.78250487461767","-199.78250487461767","-294.86965775038345","-294.86965775038345","-294.86965775038345","-224.4584247293871","-224.4584247293871","-224.4584247293871","-1025.3513854929206","-1025.3513854929206","-1025.3513854929206","-181.13821941095716","-181.13821941095716","-181.13821941095716","-225.6857577083199","-225.6857577083199","-225.6857577083199","-106.09776950882974","-106.09776950882974","-106.09776950882974","-215.94725290070778","-215.94725290070778","-215.94725290070778","-658.100000820846","-658.100000820846","-658.100000820846","-152.78848950415332","-152.78848950415332","-152.78848950415332","-206.06578571348118","-206.06578571348118","-206.06578571348118","-131.75563355327552","-131.75563355327552","-131.75563355327552","-218.34057213913292","-218.34057213913292","-218.34057213913292","-555.4303429030273","-555.4303429030273","-555.4303429030273","-156.28033849060824","-156.28033849060824","-156.28033849060824","-156.59538879440862","-156.59538879440862","-156.59538879440862","-615.8126636299443","-615.8126636299443","-615.8126636299443","-493.8941552037031","-493.8941552037031","-493.8941552037031","-150.98828532221563","-150.98828532221563","-150.98828532221563"
"4800","-325.1335809301666","-325.1335809301666","-325.1335809301666","-196.15628831434088","-196.15628831434088","-196.15628831434088","-266.2529501411201","-266.2529501411201","-266.2529501411201","-222.64077917171826","-222.64077917171826","-222.64077917171826","-381.6527658539379","-381.6527658539379","-381.6527658539379","-180.68451469787016","-180.68451469787016","-180.68451469787016","-196.93532660070014","-196.93532660070014","-196.93532660070014","-102.21534323886166","-102.21534323886166","-102.21534323886166","-213.02783681279948","-213.02783681279948","-213.02783681279948","-666.3160754395258","-666.3160754395258","-666.3160754395258","-738.9576310413761","-738.9576310413761","-738.9576310413761","-175.66215054118993","-175.66215054118993","-175.66215054118993","-126.71709358918126","-126.71709358918126","-126.71709358918126","-212.04292759675042","-212.04292759675042","-212.04292759675042","-181.607701861026","-181.607701861026","-181.607701861026","-125.19407713430101","-125.19407713430101","-125.19407713430101","-144.98557463859711","-144.98557463859711","-144.98557463859711","-527.9582147761457","-527.9582147761457","-527.9582147761457","-201.15483867591524","-201.15483867591524","-201.15483867591524","-124.97558865463957","-124.97558865463957","-124.97558865463957"
"5100","-145.45229781429296","-145.45229781429296","-145.45229781429296","-191.90568539617556","-191.90568539617556","-191.90568539617556","-251.5298842574751","-251.5298842574751","-251.5298842574751","-221.4601779030057","-221.4601779030057","-221.4601779030057","-1372.3641343627207","-1372.3641343627207","-1372.3641343627207","-150.40295763901557","-150.40295763901557","-150.40295763901557","-193.77146043299587","-193.77146043299587","-193.77146043299587","-100.87169114854683","-100.87169114854683","-100.87169114854683","-208.75438653482075","-208.75438653482075","-208.75438653482075","-350.3245118397989","-350.3245118397989","-350.3245118397989","-155.3408311208894","-155.3408311208894","-155.3408311208894","-173.0540630835564","-173.0540630835564","-173.0540630835564","-127.10104932804151","-127.10104932804151","-127.10104932804151","-207.84881905467356","-207.84881905467356","-207.84881905467356","-179.49692711541758","-179.49692711541758","-179.49692711541758","-124.50213043740985","-124.50213043740985","-124.50213043740985","-143.45092063950813","-143.45092063950813","-143.45092063950813","-243.30587874769998","-243.30587874769998","-243.30587874769998","-193.32588938527942","-193.32588938527942","-193.32588938527942","-122.18664255768851","-122.18664255768851","-122.18664255768851"
"5400","-144.92369651463167","-144.92369651463167","-144.92369651463167","-216.7188050225613","-216.7188050225613","-216.7188050225613","-231.66600456389386","-231.66600456389386","-231.66600456389386","-212.75176820339993","-212.75176820339993","-212.75176820339993","-152.22936258988025","-152.22936258988025","-152.22936258988025","-146.6142656548313","-146.6142656548313","-146.6142656548313","-191.75013736041944","-191.75013736041944","-191.75013736041944","-101.39835438280937","-101.39835438280937","-101.39835438280937","-179.4546870137393","-179.4546870137393","-179.4546870137393","-137.4181737287604","-137.4181737287604","-137.4181737287604","-153.9970467621932","-153.9970467621932","-153.9970467621932","-173.23561692968394","-173.23561692968394","-173.23561692968394","-130.4690798566944","-130.4690798566944","-130.4690798566944","-206.82509689549525","-206.82509689549525","-206.82509689549525","-174.60788760708235","-174.60788760708235","-174.60788760708235","-149.56874435883006","-149.56874435883006","-149.56874435883006","-143.22258219553632","-143.22258219553632","-143.22258219553632","-150.32965869753897","-150.32965869753897","-150.32965869753897","-179.53694327042905","-179.53694327042905","-179.53694327042905","-122.44145584834287","-122.44145584834287","-122.44145584834287"
"5700","-144.0271892082855","-144.0271892082855","-144.0271892082855","-214.30772895692766","-214.30772895692766","-214.30772895692766","-226.39775771213212","-226.39775771213212","-226.39775771213212","-214.79806139883522","-214.79806139883522","-214.79806139883522","-151.20893313136133","-151.20893313136133","-151.20893313136133","-146.61762631768647","-146.61762631768647","-146.61762631768647","-193.01577831484045","-193.01577831484045","-193.01577831484045","-102.52995897639224","-102.52995897639224","-102.52995897639224","-177.32493775014805","-177.32493775014805","-177.32493775014805","-137.10375236319555","-137.10375236319555","-137.10375236319555","-153.12961128483266","-153.12961128483266","-153.12961128483266","-172.3682211455264","-172.3682211455264","-172.3682211455264","-127.35337255509917","-127.35337255509917","-127.35337255509917","-203.83017019644387","-203.83017019644387","-203.83017019644387","-172.5003989560716","-172.5003989560716","-172.5003989560716","-149.80190914362856","-149.80190914362856","-149.80190914362856","-141.77164300797165","-141.77164300797165","-141.77164300797165","-151.0194780803666","-151.0194780803666","-151.0194780803666","-176.49139969469326","-176.49139969469326","-176.49139969469326","-254.58413495091418","-254.58413495091418","-254.58413495091418"
"6000","-143.25141488553027","-143.25141488553027","-143.25141488553027","-213.88390399679906","-213.88390399679906","-213.88390399679906","-220.72383027969735","-220.72383027969735","-220.72383027969735","-239.32693243319568","-239.32693243319568","-239.32693243319568","-150.35330274869224","-150.35330274869224","-150.35330274869224","-149.58080895863367","-149.58080895863367","-149.58080895863367","-191.90571102068287","-191.90571102068287","-191.90571102068287","-101.04867397197893","-101.04867397197893","-101.04867397197893","-199.3759511695319","-199.3759511695319","-199.3759511695319","-135.42202683081388","-135.42202683081388","-135.42202683081388","-152.30096603200957","-152.30096603200957","-152.30096603200957","-170.9958916940187","-170.9958916940187","-170.9958916940187","-527.7358822607606","-527.7358822607606","-527.7358822607606","-364.20883073706057","-364.20883073706057","-364.20883073706057","-172.93595235434879","-172.93595235434879","-172.93595235434879","-121.85600500841092","-121.85600500841092","-121.85600500841092","-142.41578195906644","-142.41578195906644","-142.41578195906644","-124.6775281857364","-124.6775281857364","-124.6775281857364","-279.47895282436605","-279.47895282436605","-279.47895282436605","-124.32991556949207","-124.32991556949207","-124.32991556949207"
"6300","-165.89670546364417","-165.89670546364417","-165.89670546364417","-212.47076716414284","-212.47076716414284","-212.47076716414284","-220.95325989768804","-220.95325989768804","-220.95325989768804","-234.54177345987787","-234.54177345987787","-234.54177345987787","-151.92304359651368","-151.92304359651368","-151.92304359651368","-147.91169046853452","-147.91169046853452","-147.91169046853452","-192.00358963109198","-192.00358963109198","-192.00358963109198","-101.15932297465406","-101.15932297465406","-101.15932297465406","-172.3119117287336","-172.3119117287336","-172.3119117287336","-132.94395481092656","-132.94395481092656","-132.94395481092656","-374.47269260692775","-374.47269260692775","-374.47269260692775","-485.9251510113274","-485.9251510113274","-485.9251510113274","-125.07209333724897","-125.07209333724897","-125.07209333724897","-376.4996596138404","-376.4996596138404","-376.4996596138404","-175.46746133032053","-175.46746133032053","-175.46746133032053","-146.87101634873903","-146.87101634873903","-146.87101634873903","-142.16710867504887","-142.16710867504887","-142.16710867504887","-123.08793680346892","-123.08793680346892","-123.08793680346892","-280.7333252123723","-280.7333252123723","-280.7333252123723","-170.86461313074182","-170.86461313074182","-170.86461313074182"
"6600","-217.5231399462753","-217.5231399462753","-217.5231399462753","-214.5639087845265","-214.5639087845265","-214.5639087845265","-219.9685269439236","-219.9685269439236","-219.9685269439236","-210.62762058027724","-210.62762058027724","-210.62762058027724","-150.55290862906648","-150.55290862906648","-150.55290862906648","-147.1591122366093","-147.1591122366093","-147.1591122366093","-192.29632925814786","-192.29632925814786","-192.29632925814786","-100.42398473674275","-100.42398473674275","-100.42398473674275","-172.27402357858614","-172.27402357858614","-172.27402357858614","-122.58063729541902","-122.58063729541902","-122.58063729541902","-766.7819767545086","-766.7819767545086","-766.7819767545086","-327.4059811362414","-327.4059811362414","-327.4059811362414","-125.84746907707867","-125.84746907707867","-125.84746907707867","-590.4410534193995","-590.4410534193995","-590.4410534193995","-178.68193651322022","-178.68193651322022","-178.68193651322022","-121.15166832220004","-121.15166832220004","-121.15166832220004","-143.10471049991406","-143.10471049991406","-143.10471049991406","-124.63571835450253","-124.63571835450253","-124.63571835450253","-306.6690263779998","-306.6690263779998","-306.6690263779998","-121.69360937971355","-121.69360937971355","-121.69360937971355"
"6900","-142.84502646224624","-142.84502646224624","-142.84502646224624","-191.46824846477318","-191.46824846477318","-191.46824846477318","-219.3177376670867","-219.3177376670867","-219.3177376670867","-213.93569729872334","-213.93569729872334","-213.93569729872334","-153.6288881663878","-153.6288881663878","-153.6288881663878","-146.71767541615455","-146.71767541615455","-146.71767541615455","-192.16133627323904","-192.16133627323904","-192.16133627323904","-101.49886429996522","-101.49886429996522","-101.49886429996522","-171.82508642378724","-171.82508642378724","-171.82508642378724","-134.02071997493596","-134.02071997493596","-134.02071997493596","-1230.3840557022331","-1230.3840557022331","-1230.3840557022331","-479.95481933107067","-479.95481933107067","-479.95481933107067","-125.28687414118319","-125.28687414118319","-125.28687414118319","-421.1155696029756","-421.1155696029756","-421.1155696029756","-176.43539718966457","-176.43539718966457","-176.43539718966457","-120.56824831441354","-120.56824831441354","-120.56824831441354","-142.54465675930396","-142.54465675930396","-142.54465675930396","-121.84373866804336","-121.84373866804336","-121.84373866804336","-446.8182184119065","-446.8182184119065","-446.8182184119065","-120.34212977396949","-120.34212977396949","-120.34212977396949"
"7200","-142.4974256254832","-142.4974256254832","-142.4974256254832","-192.49153153377551","-192.49153153377551","-192.49153153377551","-219.117266281115","-219.117266281115","-219.117266281115","-212.9706354633021","-212.9706354633021","-212.9706354633021","-152.02296223013326","-152.02296223013326","-152.02296223013326","-145.7335368431716","-145.7335368431716","-145.7335368431716","-193.89228298373655","-193.89228298373655","-193.89228298373655","-99.80799018997949","-99.80799018997949","-99.80799018997949","-171.74596056550823","-171.74596056550823","-171.74596056550823","-138.7717098174752","-138.7717098174752","-138.7717098174752","-149.24815617580157","-149.24815617580157","-149.24815617580157","-570.7735005686653","-570.7735005686653","-570.7735005686653","-124.25428484405795","-124.25428484405795","-124.25428484405795","-420.7501914221648","-420.7501914221648","-420.7501914221648","-175.87612307755666","-175.87612307755666","-175.87612307755666","-121.64089019734271","-121.64089019734271","-121.64089019734271","-142.6235678419312","-142.6235678419312","-142.6235678419312","-120.24409070946669","-120.24409070946669","-120.24409070946669","-308.1286548947694","-308.1286548947694","-308.1286548947694","-120.63348416312074","-120.63348416312074","-120.63348416312074"
"7500","-142.2418919216329","-142.2418919216329","-142.2418919216329","-192.94552925419848","-192.94552925419848","-192.94552925419848","-219.20444911902888","-219.20444911902888","-219.20444911902888","-215.50453491619078","-215.50453491619078","-215.50453491619078","-150.98732836284432","-150.98732836284432","-150.98732836284432","-147.02325235221167","-147.02325235221167","-147.02325235221167","-193.67169691237862","-193.67169691237862","-193.67169691237862","-99.89661790401573","-99.89661790401573","-99.89661790401573","-171.77541319085904","-171.77541319085904","-171.77541319085904","-143.83131913631675","-143.83131913631675","-143.83131913631675","-148.60454832853486","-148.60454832853486","-148.60454832853486","-691.0621851303956","-691.0621851303956","-691.0621851303956","-124.22501990449348","-124.22501990449348","-124.22501990449348","-613.6635811290303","-613.6635811290303","-613.6635811290303","-175.78619935890097","-175.78619935890097","-175.78619935890097","-121.86234214601473","-121.86234214601473","-121.86234214601473","-142.94340862306592","-142.94340862306592","-142.94340862306592","-119.98291017711622","-119.98291017711622","-119.98291017711622","-333.91526363481546","-333.91526363481546","-333.91526363481546","-120.71103379834283","-120.71103379834283","-120.71103379834283"
"7800","-248.36255723694907","-248.36255723694907","-248.36255723694907","-192.26770988733193","-192.26770988733193","-192.26770988733193","-220.56578032292464","-220.56578032292464","-220.56578032292464","-214.62486609981661","-214.62486609981661","-214.62486609981661","-152.07741559825558","-152.07741559825558","-152.07741559825558","-146.21303497539606","-146.21303497539606","-146.21303497539606","-193.52593731027372","-193.52593731027372","-193.52593731027372","-100.35951607186442","-100.35951607186442","-100.35951607186442","-172.04396265720976","-172.04396265720976","-172.04396265720976","-141.20310864339896","-141.20310864339896","-141.20310864339896","-147.48593723141846","-147.48593723141846","-147.48593723141846","-195.220458035319","-195.220458035319","-195.220458035319","-125.24901908242484","-125.24901908242484","-125.24901908242484","-204.4039752027223","-204.4039752027223","-204.4039752027223","-172.94276380243872","-172.94276380243872","-172.94276380243872","-122.23196802743607","-122.23196802743607","-122.23196802743607","-142.9114765425182","-142.9114765425182","-142.9114765425182","-119.95921940380249","-119.95921940380249","-119.95921940380249","-363.07441188498535","-363.07441188498535","-363.07441188498535","-120.58933951625917","-120.58933951625917","-120.58933951625917"
"8100","-141.93121459599547","-141.93121459599547","-141.93121459599547","-192.3956195166792","-192.3956195166792","-192.3956195166792","-219.24322391534525","-219.24322391534525","-219.24322391534525","-215.16617747805654","-215.16617747805654","-215.16617747805654","-150.65239706654395","-150.65239706654395","-150.65239706654395","-148.67856059793067","-148.67856059793067","-148.67856059793067","-276.9813162450956","-276.9813162450956","-276.9813162450956","-99.54493964937068","-99.54493964937068","-99.54493964937068","-171.52006479430625","-171.52006479430625","-171.52006479430625","-138.74247826268453","-138.74247826268453","-138.74247826268453","-147.78741104286624","-147.78741104286624","-147.78741104286624","-171.63247494487376","-171.63247494487376","-171.63247494487376","-124.72737502005559","-124.72737502005559","-124.72737502005559","-204.66070978282863","-204.66070978282863","-204.66070978282863","-170.94670892198693","-170.94670892198693","-170.94670892198693","-123.0714072860031","-123.0714072860031","-123.0714072860031","-143.14074014898","-143.14074014898","-143.14074014898","-119.88291133318714","-119.88291133318714","-119.88291133318714","-186.29621528813078","-186.29621528813078","-186.29621528813078","-120.88393830779026","-120.88393830779026","-120.88393830779026"
"8400","-142.24421387232152","-142.24421387232152","-142.24421387232152","-220.00625629241858","-220.00625629241858","-220.00625629241858","-218.92578287991773","-218.92578287991773","-218.92578287991773","-215.3221843505546","-215.3221843505546","-215.3221843505546","-148.87154644298087","-148.87154644298087","-148.87154644298087","-147.8083698185889","-147.8083698185889","-147.8083698185889","-192.72442914990802","-192.72442914990802","-192.72442914990802","-100.7085485036051","-100.7085485036051","-100.7085485036051","-171.08100543966776","-171.08100543966776","-171.08100543966776","-138.1810688374397","-138.1810688374397","-138.1810688374397","-147.13635565884033","-147.13635565884033","-147.13635565884033","-194.20671171744644","-194.20671171744644","-194.20671171744644","-123.28623463530361","-123.28623463530361","-123.28623463530361","-206.64029081055122","-206.64029081055122","-206.64029081055122","-170.32603646677944","-170.32603646677944","-170.32603646677944","-123.83447915977217","-123.83447915977217","-123.83447915977217","-142.42312993355776","-142.42312993355776","-142.42312993355776","-120.05429141782982","-120.05429141782982","-120.05429141782982","-187.11495901016463","-187.11495901016463","-187.11495901016463","-123.82355641867275","-123.82355641867275","-123.82355641867275"
"8700","-143.4601155671561","-143.4601155671561","-143.4601155671561","-218.9209164890568","-218.9209164890568","-218.9209164890568","-218.79115611624394","-218.79115611624394","-218.79115611624394","-215.50380864341332","-215.50380864341332","-215.50380864341332","-149.2789963499074","-149.2789963499074","-149.2789963499074","-438.4785755107852","-438.4785755107852","-438.4785755107852","-192.39189995655906","-192.39189995655906","-192.39189995655906","-101.01263957032609","-101.01263957032609","-101.01263957032609","-171.47592160146405","-171.47592160146405","-171.47592160146405","-138.88178459850477","-138.88178459850477","-138.88178459850477","-146.7258196850535","-146.7258196850535","-146.7258196850535","-169.34839167013735","-169.34839167013735","-169.34839167013735","-125.02777965683347","-125.02777965683347","-125.02777965683347","-206.23905589989778","-206.23905589989778","-206.23905589989778","-171.12877515144834","-171.12877515144834","-171.12877515144834","-123.45549182739323","-123.45549182739323","-123.45549182739323","-142.74676894172197","-142.74676894172197","-142.74676894172197","-119.32814657231737","-119.32814657231737","-119.32814657231737","-185.0692744501433","-185.0692744501433","-185.0692744501433","-122.96133962730578","-122.96133962730578","-122.96133962730578"
"9000","-142.99404128849932","-142.99404128849932","-142.99404128849932","-193.89285776938067","-193.89285776938067","-193.89285776938067","-218.45147001244413","-218.45147001244413","-218.45147001244413","-215.97934101009236","-215.97934101009236","-215.97934101009236","-149.3178662655288","-149.3178662655288","-149.3178662655288","-148.25007032719162","-148.25007032719162","-148.25007032719162","-193.50925646132205","-193.50925646132205","-193.50925646132205","-100.6660148761463","-100.6660148761463","-100.6660148761463","-171.5546330053705","-171.5546330053705","-171.5546330053705","-139.86757371078852","-139.86757371078852","-139.86757371078852","-146.39866191696257","-146.39866191696257","-146.39866191696257","-169.60551753130366","-169.60551753130366","-169.60551753130366","-124.35465222426069","-124.35465222426069","-124.35465222426069","-207.06337530424426","-207.06337530424426","-207.06337530424426","-169.84206534154444","-169.84206534154444","-169.84206534154444","-148.03116564624767","-148.03116564624767","-148.03116564624767","-142.44357046654756","-142.44357046654756","-142.44357046654756","-119.89351017642187","-119.89351017642187","-119.89351017642187","-185.66274545378633","-185.66274545378633","-185.66274545378633","-122.16383249005654","-122.16383249005654","-122.16383249005654"
"9300","-141.84790465663446","-141.84790465663446","-141.84790465663446","-193.16459053165244","-193.16459053165244","-193.16459053165244","-218.65095823608962","-218.65095823608962","-218.65095823608962","-218.00971363874456","-218.00971363874456","-218.00971363874456","-148.51993692723636","-148.51993692723636","-148.51993692723636","-147.7304887971673","-147.7304887971673","-147.7304887971673","-241.4719183668165","-241.4719183668165","-241.4719183668165","-100.53178916698815","-100.53178916698815","-100.53178916698815","-173.35053732349408","-173.35053732349408","-173.35053732349408","-137.2587160941113","-137.2587160941113","-137.2587160941113","-147.22642706958308","-147.22642706958308","-147.22642706958308","-169.97970195977663","-169.97970195977663","-169.97970195977663","-127.01901120917691","-127.01901120917691","-127.01901120917691","-207.00952407859523","-207.00952407859523","-207.00952407859523","-169.05337585093292","-169.05337585093292","-169.05337585093292","-149.95557405662404","-149.95557405662404","-149.95557405662404","-142.26736573580988","-142.26736573580988","-142.26736573580988","-119.51423671195903","-119.51423671195903","-119.51423671195903","-182.9782409063709","-182.9782409063709","-182.9782409063709","-123.81724977977368","-123.81724977977368","-123.81724977977368"
"9600","-142.48159332628586","-142.48159332628586","-142.48159332628586","-218.632197854539","-218.632197854539","-218.632197854539","-219.6715117104885","-219.6715117104885","-219.6715117104885","-217.77017941584026","-217.77017941584026","-217.77017941584026","-149.12188833907433","-149.12188833907433","-149.12188833907433","-147.51489287292551","-147.51489287292551","-147.51489287292551","-222.27467210051705","-222.27467210051705","-222.27467210051705","-126.27526755328745","-126.27526755328745","-126.27526755328745","-171.83301627739397","-171.83301627739397","-171.83301627739397","-136.38711348231365","-136.38711348231365","-136.38711348231365","-146.6296933674493","-146.6296933674493","-146.6296933674493","-172.14925990814513","-172.14925990814513","-172.14925990814513","-125.21549300190762","-125.21549300190762","-125.21549300190762","-206.05507978182487","-206.05507978182487","-206.05507978182487","-169.1705381447442","-169.1705381447442","-169.1705381447442","-146.56750531183425","-146.56750531183425","-146.56750531183425","-142.82418019025505","-142.82418019025505","-142.82418019025505","-223.95929044195924","-223.95929044195924","-223.95929044195924","-185.32439492918138","-185.32439492918138","-185.32439492918138","-123.00600026614025","-123.00600026614025","-123.00600026614025"
"9900","-141.052658818093","-141.052658818093","-141.052658818093","-218.4122657043381","-218.4122657043381","-218.4122657043381","-243.0254965058689","-243.0254965058689","-243.0254965058689","-217.37396781911838","-217.37396781911838","-217.37396781911838","-149.6147480010774","-149.6147480010774","-149.6147480010774","-147.70660630537014","-147.70660630537014","-147.70660630537014","-193.78014996894825","-193.78014996894825","-193.78014996894825","-98.97980257328707","-98.97980257328707","-98.97980257328707","-173.0570107033115","-173.0570107033115","-173.0570107033115","-151.53573605708797","-151.53573605708797","-151.53573605708797","-147.35258588906206","-147.35258588906206","-147.35258588906206","-171.45242647543964","-171.45242647543964","-171.45242647543964","-124.76976030640772","-124.76976030640772","-124.76976030640772","-204.06718085601156","-204.06718085601156","-204.06718085601156","-169.01082546251322","-169.01082546251322","-169.01082546251322","-124.32699324804204","-124.32699324804204","-124.32699324804204","-142.4099428484019","-142.4099428484019","-142.4099428484019","-198.46852795701164","-198.46852795701164","-198.46852795701164","-181.5139676771413","-181.5139676771413","-181.5139676771413","-122.0873504386872","-122.0873504386872","-122.0873504386872"
"10200","-142.43733165129635","-142.43733165129635","-142.43733165129635","-219.83423347982074","-219.83423347982074","-219.83423347982074","-219.28377323773725","-219.28377323773725","-219.28377323773725","-218.03391214027914","-218.03391214027914","-218.03391214027914","-147.1646509317516","-147.1646509317516","-147.1646509317516","-148.56701754091563","-148.56701754091563","-148.56701754091563","-192.06279934031082","-192.06279934031082","-192.06279934031082","-124.07962323514184","-124.07962323514184","-124.07962323514184","-171.93195857809408","-171.93195857809408","-171.93195857809408","-385.7025958845514","-385.7025958845514","-385.7025958845514","-146.53905003462174","-146.53905003462174","-146.53905003462174","-172.7041216745582","-172.7041216745582","-172.7041216745582","-125.01852153408262","-125.01852153408262","-125.01852153408262","-205.04311149941114","-205.04311149941114","-205.04311149941114","-168.49556057638634","-168.49556057638634","-168.49556057638634","-147.9776627723749","-147.9776627723749","-147.9776627723749","-142.57963639982114","-142.57963639982114","-142.57963639982114","-120.1735747599002","-120.1735747599002","-120.1735747599002","-182.2881403493347","-182.2881403493347","-182.2881403493347","-122.17770453426324","-122.17770453426324","-122.17770453426324"
"10500","-143.87431319626825","-143.87431319626825","-143.87431319626825","-219.9025121072149","-219.9025121072149","-219.9025121072149","-219.34867129274784","-219.34867129274784","-219.34867129274784","-218.08602353210503","-218.08602353210503","-218.08602353210503","-148.33044057215346","-148.33044057215346","-148.33044057215346","-147.0675622607765","-147.0675622607765","-147.0675622607765","-191.49369581555717","-191.49369581555717","-191.49369581555717","-124.55612907159677","-124.55612907159677","-124.55612907159677","-172.61071354417638","-172.61071354417638","-172.61071354417638","-257.64245384082835","-257.64245384082835","-257.64245384082835","-146.5709215247033","-146.5709215247033","-146.5709215247033","-172.4397313504948","-172.4397313504948","-172.4397313504948","-123.48511749422043","-123.48511749422043","-123.48511749422043","-205.12871693425367","-205.12871693425367","-205.12871693425367","-169.20661260955427","-169.20661260955427","-169.20661260955427","-125.34868534916298","-125.34868534916298","-125.34868534916298","-142.30865687031945","-142.30865687031945","-142.30865687031945","-122.02928602485558","-122.02928602485558","-122.02928602485558","-180.84271130915923","-180.84271130915923","-180.84271130915923","-121.09755834303778","-121.09755834303778","-121.09755834303778"
"10800","-142.36028657875198","-142.36028657875198","-142.36028657875198","-220.02936880420435","-220.02936880420435","-220.02936880420435","-218.96158743850447","-218.96158743850447","-218.96158743850447","-216.0590267410044","-216.0590267410044","-216.0590267410044","-147.91021612447912","-147.91021612447912","-147.91021612447912","-146.17030542264746","-146.17030542264746","-146.17030542264746","-191.56165455164845","-191.56165455164845","-191.56165455164845","-98.20371745879513","-98.20371745879513","-98.20371745879513","-172.60793209499548","-172.60793209499548","-172.60793209499548","-376.87629844008785","-376.87629844008785","-376.87629844008785","-146.0943239060294","-146.0943239060294","-146.0943239060294","-173.49480691755502","-173.49480691755502","-173.49480691755502","-123.91694296397088","-123.91694296397088","-123.91694296397088","-207.26370453496367","-207.26370453496367","-207.26370453496367","-171.64650027596562","-171.64650027596562","-171.64650027596562","-123.55036581663985","-123.55036581663985","-123.55036581663985","-142.27356734467247","-142.27356734467247","-142.27356734467247","-120.15873669073044","-120.15873669073044","-120.15873669073044","-180.39555051486633","-180.39555051486633","-180.39555051486633","-120.59647742386714","-120.59647742386714","-120.59647742386714"
"11100","-142.31009638610834","-142.31009638610834","-142.31009638610834","-217.9002576603982","-217.9002576603982","-217.9002576603982","-244.16076051529484","-244.16076051529484","-244.16076051529484","-216.16191288521662","-216.16191288521662","-216.16191288521662","-147.91830987564126","-147.91830987564126","-147.91830987564126","-145.7745868944973","-145.7745868944973","-145.7745868944973","-190.68842523635797","-190.68842523635797","-190.68842523635797","-97.84880818430176","-97.84880818430176","-97.84880818430176","-173.54142446461535","-173.54142446461535","-173.54142446461535","-405.69983123392","-405.69983123392","-405.69983123392","-146.12873037628827","-146.12873037628827","-146.12873037628827","-172.82426768704127","-172.82426768704127","-172.82426768704127","-122.93495486180572","-122.93495486180572","-122.93495486180572","-205.51047664819734","-205.51047664819734","-205.51047664819734","-172.05735673179646","-172.05735673179646","-172.05735673179646","-122.67944534873106","-122.67944534873106","-122.67944534873106","-142.0282933995765","-142.0282933995765","-142.0282933995765","-223.00079714198938","-223.00079714198938","-223.00079714198938","-172.2245174692784","-172.2245174692784","-172.2245174692784","-120.37569763292706","-120.37569763292706","-120.37569763292706"
"11400","-144.5763417468196","-144.5763417468196","-144.5763417468196","-217.47002813867","-217.47002813867","-217.47002813867","-219.06306552649053","-219.06306552649053","-219.06306552649053","-216.27212092505766","-216.27212092505766","-216.27212092505766","-147.02198406170731","-147.02198406170731","-147.02198406170731","-146.20980546251678","-146.20980546251678","-146.20980546251678","-190.94794635266862","-190.94794635266862","-190.94794635266862","-96.81651521289294","-96.81651521289294","-96.81651521289294","-174.57328529618457","-174.57328529618457","-174.57328529618457","-466.89201994789585","-466.89201994789585","-466.89201994789585","-146.007120436876","-146.007120436876","-146.007120436876","-171.53232469823223","-171.53232469823223","-171.53232469823223","-123.40025296958704","-123.40025296958704","-123.40025296958704","-207.6319296338294","-207.6319296338294","-207.6319296338294","-170.35636440530416","-170.35636440530416","-170.35636440530416","-122.9061872092786","-122.9061872092786","-122.9061872092786","-143.5139794648316","-143.5139794648316","-143.5139794648316","-121.41852850792506","-121.41852850792506","-121.41852850792506","-169.99244393832788","-169.99244393832788","-169.99244393832788","-120.78606441884133","-120.78606441884133","-120.78606441884133"
"11700","-145.66674147436225","-145.66674147436225","-145.66674147436225","-218.73437822534507","-218.73437822534507","-218.73437822534507","-218.53153943158867","-218.53153943158867","-218.53153943158867","-215.54038622851695","-215.54038622851695","-215.54038622851695","-147.7388548095688","-147.7388548095688","-147.7388548095688","-146.687582989992","-146.687582989992","-146.687582989992","-190.97364884148644","-190.97364884148644","-190.97364884148644","-96.93341649535017","-96.93341649535017","-96.93341649535017","-174.3971591492155","-174.3971591492155","-174.3971591492155","-396.80643866320696","-396.80643866320696","-396.80643866320696","-145.8474982185499","-145.8474982185499","-145.8474982185499","-170.65549283211644","-170.65549283211644","-170.65549283211644","-122.69343308725215","-122.69343308725215","-122.69343308725215","-205.906458708431","-205.906458708431","-205.906458708431","-167.60605043013203","-167.60605043013203","-167.60605043013203","-122.50492640439158","-122.50492640439158","-122.50492640439158","-142.33156734052528","-142.33156734052528","-142.33156734052528","-119.59516473435107","-119.59516473435107","-119.59516473435107","-176.515216231647","-176.515216231647","-176.515216231647","-121.68207260298804","-121.68207260298804","-121.68207260298804"
"12000","-145.80820774244776","-145.80820774244776","-145.80820774244776","-218.00313859007196","-218.00313859007196","-218.00313859007196","-219.0297666862507","-219.0297666862507","-219.0297666862507","-214.55424774742355","-214.55424774742355","-214.55424774742355","-146.88011649324116","-146.88011649324116","-146.88011649324116","-147.0183540260062","-147.0183540260062","-147.0183540260062","-190.62335668472463","-190.62335668472463","-190.62335668472463","-97.34764568871299","-97.34764568871299","-97.34764568871299","-171.88231445376698","-171.88231445376698","-171.88231445376698","-377.74231577181615","-377.74231577181615","-377.74231577181615","-145.7693982069663","-145.7693982069663","-145.7693982069663","-171.16510479324137","-171.16510479324137","-171.16510479324137","-123.41308450493734","-123.41308450493734","-123.41308450493734","-205.7020253199844","-205.7020253199844","-205.7020253199844","-168.46916754384205","-168.46916754384205","-168.46916754384205","-122.58337039180358","-122.58337039180358","-122.58337039180358","-142.56545954456342","-142.56545954456342","-142.56545954456342","-119.72178454202296","-119.72178454202296","-119.72178454202296","-169.5614596304765","-169.5614596304765","-169.5614596304765","-120.46707512267986","-120.46707512267986","-120.46707512267986"
"12300","-142.49220843650485","-142.49220843650485","-142.49220843650485","-192.80579633435792","-192.80579633435792","-192.80579633435792","-220.72909871171373","-220.72909871171373","-220.72909871171373","-215.8800154814212","-215.8800154814212","-215.8800154814212","-146.49747668427705","-146.49747668427705","-146.49747668427705","-146.04341075054822","-146.04341075054822","-146.04341075054822","-190.56149148066015","-190.56149148066015","-190.56149148066015","-150.44225053722553","-150.44225053722553","-150.44225053722553","-172.9626594187094","-172.9626594187094","-172.9626594187094","-500.07332867428124","-500.07332867428124","-500.07332867428124","-145.99620177194092","-145.99620177194092","-145.99620177194092","-171.17644932400643","-171.17644932400643","-171.17644932400643","-123.6594420033698","-123.6594420033698","-123.6594420033698","-206.00345808586","-206.00345808586","-206.00345808586","-168.3305295887731","-168.3305295887731","-168.3305295887731","-121.8009865464232","-121.8009865464232","-121.8009865464232","-142.50686442721485","-142.50686442721485","-142.50686442721485","-119.21465174791012","-119.21465174791012","-119.21465174791012","-170.9547189176907","-170.9547189176907","-170.9547189176907","-121.61746526001198","-121.61746526001198","-121.61746526001198"
"12600","-143.25078585220604","-143.25078585220604","-143.25078585220604","-194.7986211890777","-194.7986211890777","-194.7986211890777","-221.25800276400355","-221.25800276400355","-221.25800276400355","-217.50450558306588","-217.50450558306588","-217.50450558306588","-145.33170931869736","-145.33170931869736","-145.33170931869736","-148.046479763287","-148.046479763287","-148.046479763287","-190.8774832244033","-190.8774832244033","-190.8774832244033","-98.37372261371328","-98.37372261371328","-98.37372261371328","-171.54655473782844","-171.54655473782844","-171.54655473782844","-496.5809267316117","-496.5809267316117","-496.5809267316117","-146.07138728673712","-146.07138728673712","-146.07138728673712","-172.22732847081267","-172.22732847081267","-172.22732847081267","-123.61995915079311","-123.61995915079311","-123.61995915079311","-205.12865856656396","-205.12865856656396","-205.12865856656396","-168.29221919170638","-168.29221919170638","-168.29221919170638","-122.12015301478326","-122.12015301478326","-122.12015301478326","-142.4562689065712","-142.4562689065712","-142.4562689065712","-120.0995508923011","-120.0995508923011","-120.0995508923011","-174.9784738107573","-174.9784738107573","-174.9784738107573","-121.36063477465731","-121.36063477465731","-121.36063477465731"
"12900","-143.80064659652683","-143.80064659652683","-143.80064659652683","-193.2508791672033","-193.2508791672033","-193.2508791672033","-221.43930013565668","-221.43930013565668","-221.43930013565668","-216.8792943911307","-216.8792943911307","-216.8792943911307","-145.42799618368892","-145.42799618368892","-145.42799618368892","-150.04726595240663","-150.04726595240663","-150.04726595240663","-191.71104974569394","-191.71104974569394","-191.71104974569394","-270.3324105857561","-270.3324105857561","-270.3324105857561","-171.39244985160627","-171.39244985160627","-171.39244985160627","-258.5051000635066","-258.5051000635066","-258.5051000635066","-146.12598185820778","-146.12598185820778","-146.12598185820778","-170.2676699213959","-170.2676699213959","-170.2676699213959","-123.02252416874039","-123.02252416874039","-123.02252416874039","-206.53045955494707","-206.53045955494707","-206.53045955494707","-168.64032405689935","-168.64032405689935","-168.64032405689935","-121.84491072712896","-121.84491072712896","-121.84491072712896","-143.32009867013082","-143.32009867013082","-143.32009867013082","-120.029773520493","-120.029773520493","-120.029773520493","-171.1948300050836","-171.1948300050836","-171.1948300050836","-122.21891620488172","-122.21891620488172","-122.21891620488172"
"13200","-142.53987578290327","-142.53987578290327","-142.53987578290327","-192.91291740655768","-192.91291740655768","-192.91291740655768","-223.33005765850908","-223.33005765850908","-223.33005765850908","-216.47991107287982","-216.47991107287982","-216.47991107287982","-146.07843483256167","-146.07843483256167","-146.07843483256167","-149.0594426767015","-149.0594426767015","-149.0594426767015","-191.5283659998709","-191.5283659998709","-191.5283659998709","-100.09981521608506","-100.09981521608506","-100.09981521608506","-172.60291472553772","-172.60291472553772","-172.60291472553772","-268.5629405634215","-268.5629405634215","-268.5629405634215","-146.42297553730737","-146.42297553730737","-146.42297553730737","-172.95205805422262","-172.95205805422262","-172.95205805422262","-122.90930807574914","-122.90930807574914","-122.90930807574914","-206.33912741420014","-206.33912741420014","-206.33912741420014","-170.05923413119086","-170.05923413119086","-170.05923413119086","-121.47972347662217","-121.47972347662217","-121.47972347662217","-143.17685269984136","-143.17685269984136","-143.17685269984136","-119.78505008097292","-119.78505008097292","-119.78505008097292","-170.73688923143789","-170.73688923143789","-170.73688923143789","-122.12244705517985","-122.12244705517985","-122.12244705517985"
"13500","-142.6532608542488","-142.6532608542488","-142.6532608542488","-193.23870523189507","-193.23870523189507","-193.23870523189507","-222.8357132990197","-222.8357132990197","-222.8357132990197","-217.21837264503975","-217.21837264503975","-217.21837264503975","-145.85946506489725","-145.85946506489725","-145.85946506489725","-150.88811513748337","-150.88811513748337","-150.88811513748337","-191.3538472087956","-191.3538472087956","-191.3538472087956","-100.96195747657855","-100.96195747657855","-100.96195747657855","-171.49024114467272","-171.49024114467272","-171.49024114467272","-277.66032193390777","-277.66032193390777","-277.66032193390777","-146.40558849666166","-146.40558849666166","-146.40558849666166","-172.99403704377676","-172.99403704377676","-172.99403704377676","-122.86179120152447","-122.86179120152447","-122.86179120152447","-205.87267442357998","-205.87267442357998","-205.87267442357998","-169.57210190282683","-169.57210190282683","-169.57210190282683","-121.40321664216546","-121.40321664216546","-121.40321664216546","-144.0694647453097","-144.0694647453097","-144.0694647453097","-121.56030845255393","-121.56030845255393","-121.56030845255393","-174.78921867280164","-174.78921867280164","-174.78921867280164","-123.7388249643459","-123.7388249643459","-123.7388249643459"
"13800","-142.42151723693823","-142.42151723693823","-142.42151723693823","-193.65160380548917","-193.65160380548917","-193.65160380548917","-222.72374541138078","-222.72374541138078","-222.72374541138078","-218.07442854172785","-218.07442854172785","-218.07442854172785","-147.03555163385641","-147.03555163385641","-147.03555163385641","-149.54190041085536","-149.54190041085536","-149.54190041085536","-191.53265642831505","-191.53265642831505","-191.53265642831505","-99.0190545875334","-99.0190545875334","-99.0190545875334","-171.09155676376056","-171.09155676376056","-171.09155676376056","-222.6499175071653","-222.6499175071653","-222.6499175071653","-146.941612956669","-146.941612956669","-146.941612956669","-171.52986462617068","-171.52986462617068","-171.52986462617068","-122.97108463731611","-122.97108463731611","-122.97108463731611","-205.66874325202542","-205.66874325202542","-205.66874325202542","-169.23672992862006","-169.23672992862006","-169.23672992862006","-121.33733857903948","-121.33733857903948","-121.33733857903948","-143.81447739604448","-143.81447739604448","-143.81447739604448","-122.40471456552568","-122.40471456552568","-122.40471456552568","-170.33806903269038","-170.33806903269038","-170.33806903269038","-122.08031914757585","-122.08031914757585","-122.08031914757585"
"14100","-143.3195458455482","-143.3195458455482","-143.3195458455482","-194.73676588034334","-194.73676588034334","-194.73676588034334","-222.39013679140461","-222.39013679140461","-222.39013679140461","-216.727119550288","-216.727119550288","-216.727119550288","-146.12627632386167","-146.12627632386167","-146.12627632386167","-148.62353737595916","-148.62353737595916","-148.62353737595916","-191.21014533470424","-191.21014533470424","-191.21014533470424","-99.72641105920559","-99.72641105920559","-99.72641105920559","-171.1933544243023","-171.1933544243023","-171.1933544243023","-135.28021377612552","-135.28021377612552","-135.28021377612552","-146.18388434594448","-146.18388434594448","-146.18388434594448","-169.65889555520374","-169.65889555520374","-169.65889555520374","-122.4108784808503","-122.4108784808503","-122.4108784808503","-205.84966821612315","-205.84966821612315","-205.84966821612315","-168.23529536446776","-168.23529536446776","-168.23529536446776","-121.50536798794755","-121.50536798794755","-121.50536798794755","-145.25860224939532","-145.25860224939532","-145.25860224939532","-122.5207788390436","-122.5207788390436","-122.5207788390436","-175.17282576489166","-175.17282576489166","-175.17282576489166","-124.0918462897466","-124.0918462897466","-124.0918462897466"
"14400","-141.95305800043755","-141.95305800043755","-141.95305800043755","-191.17819202013692","-191.17819202013692","-191.17819202013692","-221.30466123330697","-221.30466123330697","-221.30466123330697","-218.14982696753455","-218.14982696753455","-218.14982696753455","-146.2527767771141","-146.2527767771141","-146.2527767771141","-149.91811714439106","-149.91811714439106","-149.91811714439106","-190.79231945425482","-190.79231945425482","-190.79231945425482","-100.52241589325854","-100.52241589325854","-100.52241589325854","-171.97187908472497","-171.97187908472497","-171.97187908472497","-213.20320131551657","-213.20320131551657","-213.20320131551657","-146.52166298035678","-146.52166298035678","-146.52166298035678","-171.0232087713112","-171.0232087713112","-171.0232087713112","-123.50937269569356","-123.50937269569356","-123.50937269569356","-208.09851577246863","-208.09851577246863","-208.09851577246863","-168.77348972153214","-168.77348972153214","-168.77348972153214","-120.88473517700172","-120.88473517700172","-120.88473517700172","-145.56668948058797","-145.56668948058797","-145.56668948058797","-123.9050514986124","-123.9050514986124","-123.9050514986124","-171.27530011245085","-171.27530011245085","-171.27530011245085","-126.20490872958649","-126.20490872958649","-126.20490872958649"
"14700","-141.86584096221503","-141.86584096221503","-141.86584096221503","-193.0525804288724","-193.0525804288724","-193.0525804288724","-220.53179872926998","-220.53179872926998","-220.53179872926998","-217.10350720268428","-217.10350720268428","-217.10350720268428","-146.82280647079583","-146.82280647079583","-146.82280647079583","-148.3758769629177","-148.3758769629177","-148.3758769629177","-190.02595582380363","-190.02595582380363","-190.02595582380363","-100.18098392484752","-100.18098392484752","-100.18098392484752","-170.77398957978477","-170.77398957978477","-170.77398957978477","-262.30925495102105","-262.30925495102105","-262.30925495102105","-146.3328516385835","-146.3328516385835","-146.3328516385835","-172.68215074512338","-172.68215074512338","-172.68215074512338","-122.55465633187407","-122.55465633187407","-122.55465633187407","-206.9545045220737","-206.9545045220737","-206.9545045220737","-168.76060538422445","-168.76060538422445","-168.76060538422445","-121.48228537113218","-121.48228537113218","-121.48228537113218","-144.68925434626166","-144.68925434626166","-144.68925434626166","-124.7512510251626","-124.7512510251626","-124.7512510251626","-176.7935808341029","-176.7935808341029","-176.7935808341029","-127.46037685970425","-127.46037685970425","-127.46037685970425"
"15000","-142.35856938369346","-142.35856938369346","-142.35856938369346","-194.25955093715814","-194.25955093715814","-194.25955093715814","-221.55418296537732","-221.55418296537732","-221.55418296537732","-215.35639606355934","-215.35639606355934","-215.35639606355934","-146.99377657445902","-146.99377657445902","-146.99377657445902","-147.37758428788166","-147.37758428788166","-147.37758428788166","-190.3106908646607","-190.3106908646607","-190.3106908646607","-101.39068098455164","-101.39068098455164","-101.39068098455164","-171.17412119396107","-171.17412119396107","-171.17412119396107","-136.91066367912873","-136.91066367912873","-136.91066367912873","-146.30360152064185","-146.30360152064185","-146.30360152064185","-169.50268878947549","-169.50268878947549","-169.50268878947549","-122.7914315516952","-122.7914315516952","-122.7914315516952","-208.29189954157096","-208.29189954157096","-208.29189954157096","-169.16337991046754","-169.16337991046754","-169.16337991046754","-122.68306930228951","-122.68306930228951","-122.68306930228951","-146.216394390256","-146.216394390256","-146.216394390256","-123.77643777966242","-123.77643777966242","-123.77643777966242","-171.43048510027097","-171.43048510027097","-171.43048510027097","-127.24219856390016","-127.24219856390016","-127.24219856390016"
"15300","-142.7589300704226","-142.7589300704226","-142.7589300704226","-194.45412791883695","-194.45412791883695","-194.45412791883695","-220.81290195963743","-220.81290195963743","-220.81290195963743","-215.06035429767653","-215.06035429767653","-215.06035429767653","-146.87388103535434","-146.87388103535434","-146.87388103535434","-146.40248445175558","-146.40248445175558","-146.40248445175558","-190.4672211213599","-190.4672211213599","-190.4672211213599","-102.69049758950264","-102.69049758950264","-102.69049758950264","-171.0862979028511","-171.0862979028511","-171.0862979028511","-136.83233947248135","-136.83233947248135","-136.83233947248135","-146.0805966009768","-146.0805966009768","-146.0805966009768","-170.74288449969276","-170.74288449969276","-170.74288449969276","-122.98511293587376","-122.98511293587376","-122.98511293587376","-208.37646615673893","-208.37646615673893","-208.37646615673893","-168.91600395646026","-168.91600395646026","-168.91600395646026","-121.11442520886412","-121.11442520886412","-121.11442520886412","-147.17982213110182","-147.17982213110182","-147.17982213110182","-124.42614454412497","-124.42614454412497","-124.42614454412497","-172.12257669883718","-172.12257669883718","-172.12257669883718","-128.94916132492628","-128.94916132492628","-128.94916132492628"
"15600","-143.26308375384383","-143.26308375384383","-143.26308375384383","-196.05720353559673","-196.05720353559673","-196.05720353559673","-220.90818141658542","-220.90818141658542","-220.90818141658542","-213.44946243500561","-213.44946243500561","-213.44946243500561","-145.74613721163553","-145.74613721163553","-145.74613721163553","-147.10320950197027","-147.10320950197027","-147.10320950197027","-190.84006509933334","-190.84006509933334","-190.84006509933334","-103.37276759167301","-103.37276759167301","-103.37276759167301","-171.1169611353002","-171.1169611353002","-171.1169611353002","-139.25743252768618","-139.25743252768618","-139.25743252768618","-145.52500398228477","-145.52500398228477","-145.52500398228477","-173.00577225344708","-173.00577225344708","-173.00577225344708","-122.70995318220136","-122.70995318220136","-122.70995318220136","-207.30810030484122","-207.30810030484122","-207.30810030484122","-170.01764035532165","-170.01764035532165","-170.01764035532165","-121.37207334138361","-121.37207334138361","-121.37207334138361","-147.12359597696573","-147.12359597696573","-147.12359597696573","-124.22731547672156","-124.22731547672156","-124.22731547672156","-171.1184796180318","-171.1184796180318","-171.1184796180318","-125.56992144691267","-125.56992144691267","-125.56992144691267"
"15900","-142.718629052621","-142.718629052621","-142.718629052621","-196.1487791687183","-196.1487791687183","-196.1487791687183","-220.3317799458859","-220.3317799458859","-220.3317799458859","-213.4827226866061","-213.4827226866061","-213.4827226866061","-146.5911847180633","-146.5911847180633","-146.5911847180633","-146.31069951859942","-146.31069951859942","-146.31069951859942","-189.84556555367567","-189.84556555367567","-189.84556555367567","-99.85149126725817","-99.85149126725817","-99.85149126725817","-171.98263122607094","-171.98263122607094","-171.98263122607094","-142.82742531596978","-142.82742531596978","-142.82742531596978","-146.08761824417093","-146.08761824417093","-146.08761824417093","-172.5035870120979","-172.5035870120979","-172.5035870120979","-122.28261790952338","-122.28261790952338","-122.28261790952338","-207.22956595392574","-207.22956595392574","-207.22956595392574","-170.22574998552994","-170.22574998552994","-170.22574998552994","-121.75706808368696","-121.75706808368696","-121.75706808368696","-147.19463677937225","-147.19463677937225","-147.19463677937225","-125.06428041282781","-125.06428041282781","-125.06428041282781","-170.74409643631574","-170.74409643631574","-170.74409643631574","-128.4116800292898","-128.4116800292898","-128.4116800292898"
"16200","-142.73356058392534","-142.73356058392534","-142.73356058392534","-194.9847593558749","-194.9847593558749","-194.9847593558749","-219.98091654591138","-219.98091654591138","-219.98091654591138","-214.2776931592585","-214.2776931592585","-214.2776931592585","-147.23938718331482","-147.23938718331482","-147.23938718331482","-145.34520190146037","-145.34520190146037","-145.34520190146037","-191.83677609960327","-191.83677609960327","-191.83677609960327","-98.828201250462","-98.828201250462","-98.828201250462","-173.12592236933818","-173.12592236933818","-173.12592236933818","-138.40677137632426","-138.40677137632426","-138.40677137632426","-146.06697426857758","-146.06697426857758","-146.06697426857758","-169.73749038661694","-169.73749038661694","-169.73749038661694","-122.250703660232","-122.250703660232","-122.250703660232","-207.37361908513458","-207.37361908513458","-207.37361908513458","-168.60708418410707","-168.60708418410707","-168.60708418410707","-121.4776612260664","-121.4776612260664","-121.4776612260664","-146.07267138047575","-146.07267138047575","-146.07267138047575","-124.70277846482422","-124.70277846482422","-124.70277846482422","-169.49062793126257","-169.49062793126257","-169.49062793126257","-128.7155151573789","-128.7155151573789","-128.7155151573789"
"16500","-144.23021280749828","-144.23021280749828","-144.23021280749828","-194.96688316775231","-194.96688316775231","-194.96688316775231","-219.93016402314666","-219.93016402314666","-219.93016402314666","-214.9252269307911","-214.9252269307911","-214.9252269307911","-146.7874620813841","-146.7874620813841","-146.7874620813841","-144.77658090748383","-144.77658090748383","-144.77658090748383","-191.28451927273096","-191.28451927273096","-191.28451927273096","-100.00984990953697","-100.00984990953697","-100.00984990953697","-172.33617688816852","-172.33617688816852","-172.33617688816852","-136.0323805754884","-136.0323805754884","-136.0323805754884","-145.99773173043906","-145.99773173043906","-145.99773173043906","-171.697633117644","-171.697633117644","-171.697633117644","-122.58102764039889","-122.58102764039889","-122.58102764039889","-206.32641821485132","-206.32641821485132","-206.32641821485132","-171.16890878730902","-171.16890878730902","-171.16890878730902","-120.9031289925698","-120.9031289925698","-120.9031289925698","-146.1702435090472","-146.1702435090472","-146.1702435090472","-124.7268887647831","-124.7268887647831","-124.7268887647831","-174.56594799296494","-174.56594799296494","-174.56594799296494","-127.23178642978444","-127.23178642978444","-127.23178642978444"
"16800","-143.68501369327703","-143.68501369327703","-143.68501369327703","-195.9591827754105","-195.9591827754105","-195.9591827754105","-220.63082927328725","-220.63082927328725","-220.63082927328725","-214.96230206069112","-214.96230206069112","-214.96230206069112","-147.95808446369182","-147.95808446369182","-147.95808446369182","-145.1627644033851","-145.1627644033851","-145.1627644033851","-191.55852882516646","-191.55852882516646","-191.55852882516646","-102.76929383401334","-102.76929383401334","-102.76929383401334","-171.33675204969","-171.33675204969","-171.33675204969","-135.78170499711527","-135.78170499711527","-135.78170499711527","-146.408842653105","-146.408842653105","-146.408842653105","-171.24347766823334","-171.24347766823334","-171.24347766823334","-122.29557008139781","-122.29557008139781","-122.29557008139781","-210.0187558210671","-210.0187558210671","-210.0187558210671","-169.51603151410464","-169.51603151410464","-169.51603151410464","-121.33021429966752","-121.33021429966752","-121.33021429966752","-147.28610064892558","-147.28610064892558","-147.28610064892558","-125.98752037240365","-125.98752037240365","-125.98752037240365","-170.60541156343112","-170.60541156343112","-170.60541156343112","-128.06418401857246","-128.06418401857246","-128.06418401857246"
"17100","-143.07118962620137","-143.07118962620137","-143.07118962620137","-196.05887148083008","-196.05887148083008","-196.05887148083008","-219.44452626226803","-219.44452626226803","-219.44452626226803","-214.6794014869255","-214.6794014869255","-214.6794014869255","-146.77127986724128","-146.77127986724128","-146.77127986724128","-144.90364707361647","-144.90364707361647","-144.90364707361647","-191.13525800775037","-191.13525800775037","-191.13525800775037","-103.88367438775178","-103.88367438775178","-103.88367438775178","-172.08811701109852","-172.08811701109852","-172.08811701109852","-133.50649456387185","-133.50649456387185","-133.50649456387185","-146.55183629068742","-146.55183629068742","-146.55183629068742","-171.7604686122208","-171.7604686122208","-171.7604686122208","-122.04645547156079","-122.04645547156079","-122.04645547156079","-209.24103765126506","-209.24103765126506","-209.24103765126506","-170.59934043261808","-170.59934043261808","-170.59934043261808","-120.46153493043417","-120.46153493043417","-120.46153493043417","-146.73113997528858","-146.73113997528858","-146.73113997528858","-126.34049792766511","-126.34049792766511","-126.34049792766511","-178.92403289836267","-178.92403289836267","-178.92403289836267","-127.4460182067784","-127.4460182067784","-127.4460182067784"
"17400","-142.89885884745675","-142.89885884745675","-142.89885884745675","-195.92459406049574","-195.92459406049574","-195.92459406049574","-219.91655625223066","-219.91655625223066","-219.91655625223066","-214.2871793449437","-214.2871793449437","-214.2871793449437","-147.58035304569336","-147.58035304569336","-147.58035304569336","-145.26773431259934","-145.26773431259934","-145.26773431259934","-191.50021722834526","-191.50021722834526","-191.50021722834526","-103.18553949044849","-103.18553949044849","-103.18553949044849","-171.85061979116728","-171.85061979116728","-171.85061979116728","-140.09562719841014","-140.09562719841014","-140.09562719841014","-145.9747429509256","-145.9747429509256","-145.9747429509256","-174.94208296645905","-174.94208296645905","-174.94208296645905","-122.3133878673309","-122.3133878673309","-122.3133878673309","-206.6060860657586","-206.6060860657586","-206.6060860657586","-169.86366282928842","-169.86366282928842","-169.86366282928842","-121.47382200207451","-121.47382200207451","-121.47382200207451","-146.74423739304837","-146.74423739304837","-146.74423739304837","-126.54474661212426","-126.54474661212426","-126.54474661212426","-179.54947611526538","-179.54947611526538","-179.54947611526538","-128.07241847678307","-128.07241847678307","-128.07241847678307"
"17700","-143.63982854557858","-143.63982854557858","-143.63982854557858","-194.7919242110347","-194.7919242110347","-194.7919242110347","-218.94279406206482","-218.94279406206482","-218.94279406206482","-214.85437921158254","-214.85437921158254","-214.85437921158254","-147.5047229112812","-147.5047229112812","-147.5047229112812","-144.4445014550348","-144.4445014550348","-144.4445014550348","-192.47305363163682","-192.47305363163682","-192.47305363163682","-107.31715754462168","-107.31715754462168","-107.31715754462168","-172.03965037259272","-172.03965037259272","-172.03965037259272","-128.37065992162658","-128.37065992162658","-128.37065992162658","-146.5997596155591","-146.5997596155591","-146.5997596155591","-175.89663045285744","-175.89663045285744","-175.89663045285744","-122.38434621158251","-122.38434621158251","-122.38434621158251","-205.27942735219904","-205.27942735219904","-205.27942735219904","-172.10597074995906","-172.10597074995906","-172.10597074995906","-120.97297856460739","-120.97297856460739","-120.97297856460739","-147.7712209366769","-147.7712209366769","-147.7712209366769","-126.57826656114955","-126.57826656114955","-126.57826656114955","-174.9410824475498","-174.9410824475498","-174.9410824475498","-128.84357238652888","-128.84357238652888","-128.84357238652888"
"18000","-142.76831117351225","-142.76831117351225","-142.76831117351225","-194.1400164809417","-194.1400164809417","-194.1400164809417","-219.56173346844554","-219.56173346844554","-219.56173346844554","-215.50950249702382","-215.50950249702382","-215.50950249702382","-147.61237831730537","-147.61237831730537","-147.61237831730537","-144.5514107705077","-144.5514107705077","-144.5514107705077","-192.04394310846982","-192.04394310846982","-192.04394310846982","-105.88307816634028","-105.88307816634028","-105.88307816634028","-172.49344724544204","-172.49344724544204","-172.49344724544204","-138.3771705543662","-138.3771705543662","-138.3771705543662","-146.45294363922076","-146.45294363922076","-146.45294363922076","-176.51508755073888","-176.51508755073888","-176.51508755073888","-122.03692593027968","-122.03692593027968","-122.03692593027968","-210.35612368995982","-210.35612368995982","-210.35612368995982","-173.24341700147326","-173.24341700147326","-173.24341700147326","-120.6043377137185","-120.6043377137185","-120.6043377137185","-147.23165467200496","-147.23165467200496","-147.23165467200496","-126.96565579414289","-126.96565579414289","-126.96565579414289","-180.88151222593336","-180.88151222593336","-180.88151222593336","-126.3614961835658","-126.3614961835658","-126.3614961835658"
"18300","-168.4126077898167","-168.4126077898167","-168.4126077898167","-191.95500313118865","-191.95500313118865","-191.95500313118865","-219.25398114095256","-219.25398114095256","-219.25398114095256","-215.19302784843086","-215.19302784843086","-215.19302784843086","-148.54941458422076","-148.54941458422076","-148.54941458422076","-144.4500854428349","-144.4500854428349","-144.4500854428349","-193.38730802564626","-193.38730802564626","-193.38730802564626","-108.78773725558919","-108.78773725558919","-108.78773725558919","-172.6167847826511","-172.6167847826511","-172.6167847826511","-133.32403440274345","-133.32403440274345","-133.32403440274345","-145.59285303518197","-145.59285303518197","-145.59285303518197","-175.33460507143786","-175.33460507143786","-175.33460507143786","-122.27599206752443","-122.27599206752443","-122.27599206752443","-207.34277648845622","-207.34277648845622","-207.34277648845622","-174.90127869144578","-174.90127869144578","-174.90127869144578","-121.12140953993551","-121.12140953993551","-121.12140953993551","-147.4014629206876","-147.4014629206876","-147.4014629206876","-127.38621477053641","-127.38621477053641","-127.38621477053641","-174.6769074807285","-174.6769074807285","-174.6769074807285","-126.35048575400893","-126.35048575400893","-126.35048575400893"
"18600","-143.19967443042214","-143.19967443042214","-143.19967443042214","-190.39002875077253","-190.39002875077253","-190.39002875077253","-219.0761683274854","-219.0761683274854","-219.0761683274854","-214.87897088788682","-214.87897088788682","-214.87897088788682","-147.93415115943793","-147.93415115943793","-147.93415115943793","-144.9127676616402","-144.9127676616402","-144.9127676616402","-193.48752434034287","-193.48752434034287","-193.48752434034287","-108.54465811544985","-108.54465811544985","-108.54465811544985","-172.71856042628085","-172.71856042628085","-172.71856042628085","-131.8933513296899","-131.8933513296899","-131.8933513296899","-145.6493422415758","-145.6493422415758","-145.6493422415758","-177.64600429096032","-177.64600429096032","-177.64600429096032","-122.16308480048649","-122.16308480048649","-122.16308480048649","-207.99662027699142","-207.99662027699142","-207.99662027699142","-174.0890531022192","-174.0890531022192","-174.0890531022192","-121.04740281348259","-121.04740281348259","-121.04740281348259","-147.8415051639397","-147.8415051639397","-147.8415051639397","-127.34724568228872","-127.34724568228872","-127.34724568228872","-172.20349422819652","-172.20349422819652","-172.20349422819652","-127.58925864316564","-127.58925864316564","-127.58925864316564"
"18900","-143.87355638628583","-143.87355638628583","-143.87355638628583","-190.12761366343042","-190.12761366343042","-190.12761366343042","-219.4053746923577","-219.4053746923577","-219.4053746923577","-214.55484352617992","-214.55484352617992","-214.55484352617992","-147.9457893296325","-147.9457893296325","-147.9457893296325","-145.14160064518143","-145.14160064518143","-145.14160064518143","-197.13318290627592","-197.13318290627592","-197.13318290627592","-107.07366084121307","-107.07366084121307","-107.07366084121307","-172.82586371659687","-172.82586371659687","-172.82586371659687","-130.72918462357669","-130.72918462357669","-130.72918462357669","-145.21615089956893","-145.21615089956893","-145.21615089956893","-178.07098027800657","-178.07098027800657","-178.07098027800657","-122.17886800493257","-122.17886800493257","-122.17886800493257","-209.5525828351901","-209.5525828351901","-209.5525828351901","-173.92945499090553","-173.92945499090553","-173.92945499090553","-121.17194134946541","-121.17194134946541","-121.17194134946541","-147.73670220005982","-147.73670220005982","-147.73670220005982","-127.95401594445279","-127.95401594445279","-127.95401594445279","-169.53597700423921","-169.53597700423921","-169.53597700423921","-127.60223696155609","-127.60223696155609","-127.60223696155609"
"19200","-142.8876758992964","-142.8876758992964","-142.8876758992964","-192.28315118966242","-192.28315118966242","-192.28315118966242","-217.87864751466455","-217.87864751466455","-217.87864751466455","-214.5949754151301","-214.5949754151301","-214.5949754151301","-147.32081389323895","-147.32081389323895","-147.32081389323895","-146.02887593948176","-146.02887593948176","-146.02887593948176","-198.94507507159943","-198.94507507159943","-198.94507507159943","-105.92492089892323","-105.92492089892323","-105.92492089892323","-173.8127370129228","-173.8127370129228","-173.8127370129228","-136.61021692229707","-136.61021692229707","-136.61021692229707","-145.76954536137973","-145.76954536137973","-145.76954536137973","-176.87717989295487","-176.87717989295487","-176.87717989295487","-121.86130678513555","-121.86130678513555","-121.86130678513555","-207.4048335387988","-207.4048335387988","-207.4048335387988","-173.61395592490058","-173.61395592490058","-173.61395592490058","-120.80677240536511","-120.80677240536511","-120.80677240536511","-147.45729397651195","-147.45729397651195","-147.45729397651195","-127.58535922944922","-127.58535922944922","-127.58535922944922","-170.32539142372812","-170.32539142372812","-170.32539142372812","-122.42451991519988","-122.42451991519988","-122.42451991519988"
"19500","-144.21083083945587","-144.21083083945587","-144.21083083945587","-214.97771924830255","-214.97771924830255","-214.97771924830255","-218.57396951579867","-218.57396951579867","-218.57396951579867","-214.97494739578892","-214.97494739578892","-214.97494739578892","-147.84308528780875","-147.84308528780875","-147.84308528780875","-146.7051460807646","-146.7051460807646","-146.7051460807646","-201.1833487512336","-201.1833487512336","-201.1833487512336","-106.46068176216495","-106.46068176216495","-106.46068176216495","-172.8778922040664","-172.8778922040664","-172.8778922040664","-132.18366287545217","-132.18366287545217","-132.18366287545217","-145.51174948921525","-145.51174948921525","-145.51174948921525","-175.24385255711013","-175.24385255711013","-175.24385255711013","-121.9454463563156","-121.9454463563156","-121.9454463563156","-207.2078060620996","-207.2078060620996","-207.2078060620996","-174.3152531293477","-174.3152531293477","-174.3152531293477","-121.09020586241925","-121.09020586241925","-121.09020586241925","-146.9966858399536","-146.9966858399536","-146.9966858399536","-127.5197377107233","-127.5197377107233","-127.5197377107233","-170.73990385276602","-170.73990385276602","-170.73990385276602","-123.90680675943307","-123.90680675943307","-123.90680675943307"
"19800","-143.02755812387474","-143.02755812387474","-143.02755812387474","-191.06222657954052","-191.06222657954052","-191.06222657954052","-218.26548698614147","-218.26548698614147","-218.26548698614147","-214.73448026747684","-214.73448026747684","-214.73448026747684","-147.78371178963803","-147.78371178963803","-147.78371178963803","-146.6711135446329","-146.6711135446329","-146.6711135446329","-198.8274285192587","-198.8274285192587","-198.8274285192587","-107.11665618902694","-107.11665618902694","-107.11665618902694","-173.46764117068287","-173.46764117068287","-173.46764117068287","-137.21882479376134","-137.21882479376134","-137.21882479376134","-145.55207156609717","-145.55207156609717","-145.55207156609717","-175.63920992977916","-175.63920992977916","-175.63920992977916","-122.59661997507371","-122.59661997507371","-122.59661997507371","-206.61079293759266","-206.61079293759266","-206.61079293759266","-171.86248471812726","-171.86248471812726","-171.86248471812726","-120.98986823850893","-120.98986823850893","-120.98986823850893","-147.61355882006745","-147.61355882006745","-147.61355882006745","-128.10332680607047","-128.10332680607047","-128.10332680607047","-169.6384299842095","-169.6384299842095","-169.6384299842095","-123.64521133949002","-123.64521133949002","-123.64521133949002"
"20100","-143.15523659353624","-143.15523659353624","-143.15523659353624","-214.35808095522754","-214.35808095522754","-214.35808095522754","-219.50257592376153","-219.50257592376153","-219.50257592376153","-214.51614314424342","-214.51614314424342","-214.51614314424342","-147.62160136909475","-147.62160136909475","-147.62160136909475","-146.21835274497403","-146.21835274497403","-146.21835274497403","-200.56503202657612","-200.56503202657612","-200.56503202657612","-107.23701295888263","-107.23701295888263","-107.23701295888263","-172.87558161486487","-172.87558161486487","-172.87558161486487","-133.01050625080222","-133.01050625080222","-133.01050625080222","-145.77022184299776","-145.77022184299776","-145.77022184299776","-176.008580624296","-176.008580624296","-176.008580624296","-122.70654517358055","-122.70654517358055","-122.70654517358055","-204.58221639815082","-204.58221639815082","-204.58221639815082","-173.17793618426012","-173.17793618426012","-173.17793618426012","-121.08947312463101","-121.08947312463101","-121.08947312463101","-147.86677313258923","-147.86677313258923","-147.86677313258923","-127.88846710873615","-127.88846710873615","-127.88846710873615","-171.16378790881487","-171.16378790881487","-171.16378790881487","-123.86771023303152","-123.86771023303152","-123.86771023303152"
"20400","-143.30016986978418","-143.30016986978418","-143.30016986978418","-190.55069212037844","-190.55069212037844","-190.55069212037844","-219.0017444377385","-219.0017444377385","-219.0017444377385","-214.48391964716103","-214.48391964716103","-214.48391964716103","-148.64332512442445","-148.64332512442445","-148.64332512442445","-145.9504321853233","-145.9504321853233","-145.9504321853233","-196.89960477207626","-196.89960477207626","-196.89960477207626","-104.93667737591652","-104.93667737591652","-104.93667737591652","-173.61431832069215","-173.61431832069215","-173.61431832069215","-133.1857656524415","-133.1857656524415","-133.1857656524415","-145.90853456285163","-145.90853456285163","-145.90853456285163","-174.77805028508948","-174.77805028508948","-174.77805028508948","-122.62406590231811","-122.62406590231811","-122.62406590231811","-232.69255421966977","-232.69255421966977","-232.69255421966977","-172.64360305249016","-172.64360305249016","-172.64360305249016","-120.94736164685477","-120.94736164685477","-120.94736164685477","-147.94767647164045","-147.94767647164045","-147.94767647164045","-128.03967287050702","-128.03967287050702","-128.03967287050702","-169.45072764200435","-169.45072764200435","-169.45072764200435","-123.66846319150349","-123.66846319150349","-123.66846319150349"
"20700","-143.978935659161","-143.978935659161","-143.978935659161","-191.88391002527743","-191.88391002527743","-191.88391002527743","-219.014849505723","-219.014849505723","-219.014849505723","-214.21960844066734","-214.21960844066734","-214.21960844066734","-149.02647744103453","-149.02647744103453","-149.02647744103453","-146.62000870525225","-146.62000870525225","-146.62000870525225","-199.83376133756437","-199.83376133756437","-199.83376133756437","-104.16362549019561","-104.16362549019561","-104.16362549019561","-173.22656552063046","-173.22656552063046","-173.22656552063046","-133.17678375882628","-133.17678375882628","-133.17678375882628","-146.16095719866038","-146.16095719866038","-146.16095719866038","-174.03741805307314","-174.03741805307314","-174.03741805307314","-122.6213318219199","-122.6213318219199","-122.6213318219199","-205.0783950491729","-205.0783950491729","-205.0783950491729","-172.77727570223635","-172.77727570223635","-172.77727570223635","-120.85554344418699","-120.85554344418699","-120.85554344418699","-148.09825884230295","-148.09825884230295","-148.09825884230295","-128.0483656962374","-128.0483656962374","-128.0483656962374","-169.47327527167766","-169.47327527167766","-169.47327527167766","-123.45952305486458","-123.45952305486458","-123.45952305486458"
"21000","-143.06904013053878","-143.06904013053878","-143.06904013053878","-190.10446252823763","-190.10446252823763","-190.10446252823763","-218.06034673594496","-218.06034673594496","-218.06034673594496","-216.3968798622629","-216.3968798622629","-216.3968798622629","-149.149569651398","-149.149569651398","-149.149569651398","-146.48300285005914","-146.48300285005914","-146.48300285005914","-200.5845406542534","-200.5845406542534","-200.5845406542534","-102.8807257029744","-102.8807257029744","-102.8807257029744","-174.02311894687486","-174.02311894687486","-174.02311894687486","-138.4610950759061","-138.4610950759061","-138.4610950759061","-146.4871316267586","-146.4871316267586","-146.4871316267586","-174.07261301729747","-174.07261301729747","-174.07261301729747","-122.85782246899956","-122.85782246899956","-122.85782246899956","-207.73028474446028","-207.73028474446028","-207.73028474446028","-172.8695960873935","-172.8695960873935","-172.8695960873935","-120.51572368592076","-120.51572368592076","-120.51572368592076","-148.7063520299877","-148.7063520299877","-148.7063520299877","-127.91521885980872","-127.91521885980872","-127.91521885980872","-170.89745247893157","-170.89745247893157","-170.89745247893157","-123.32179903649526","-123.32179903649526","-123.32179903649526"
"21300","-143.90549822992233","-143.90549822992233","-143.90549822992233","-192.9515624411383","-192.9515624411383","-192.9515624411383","-218.49138239704652","-218.49138239704652","-218.49138239704652","-214.45747447753547","-214.45747447753547","-214.45747447753547","-150.3026737689773","-150.3026737689773","-150.3026737689773","-146.7230556019295","-146.7230556019295","-146.7230556019295","-198.21584136691536","-198.21584136691536","-198.21584136691536","-103.32881907655982","-103.32881907655982","-103.32881907655982","-174.05076903967225","-174.05076903967225","-174.05076903967225","-137.45301764271542","-137.45301764271542","-137.45301764271542","-147.0405035985463","-147.0405035985463","-147.0405035985463","-174.163074327328","-174.163074327328","-174.163074327328","-123.86149245052941","-123.86149245052941","-123.86149245052941","-256.4687668952211","-256.4687668952211","-256.4687668952211","-172.01264021121165","-172.01264021121165","-172.01264021121165","-120.84180345591624","-120.84180345591624","-120.84180345591624","-147.88529202104272","-147.88529202104272","-147.88529202104272","-127.9818852327702","-127.9818852327702","-127.9818852327702","-170.2131635136875","-170.2131635136875","-170.2131635136875","-123.68345775452983","-123.68345775452983","-123.68345775452983"
"21600","-143.6713023966242","-143.6713023966242","-143.6713023966242","-189.6754708669711","-189.6754708669711","-189.6754708669711","-218.6958831227724","-218.6958831227724","-218.6958831227724","-215.858519154299","-215.858519154299","-215.858519154299","-149.7858618891512","-149.7858618891512","-149.7858618891512","-145.85343500710025","-145.85343500710025","-145.85343500710025","-193.3020608199235","-193.3020608199235","-193.3020608199235","-102.78116272839247","-102.78116272839247","-102.78116272839247","-173.6019988140984","-173.6019988140984","-173.6019988140984","-130.16526965530647","-130.16526965530647","-130.16526965530647","-146.24665343095387","-146.24665343095387","-146.24665343095387","-173.43487172084235","-173.43487172084235","-173.43487172084235","-123.19979519160918","-123.19979519160918","-123.19979519160918","-203.4972915913851","-203.4972915913851","-203.4972915913851","-172.06549410686597","-172.06549410686597","-172.06549410686597","-120.92398658096617","-120.92398658096617","-120.92398658096617","-148.12672819082732","-148.12672819082732","-148.12672819082732","-127.67590314816266","-127.67590314816266","-127.67590314816266","-169.61192766530777","-169.61192766530777","-169.61192766530777","-124.06440961243675","-124.06440961243675","-124.06440961243675"
"21900","-142.85341765742993","-142.85341765742993","-142.85341765742993","-189.1509603747943","-189.1509603747943","-189.1509603747943","-218.06739298291805","-218.06739298291805","-218.06739298291805","-214.14839869428866","-214.14839869428866","-214.14839869428866","-149.61333825612675","-149.61333825612675","-149.61333825612675","-145.5112629665043","-145.5112629665043","-145.5112629665043","-194.53941660658546","-194.53941660658546","-194.53941660658546","-102.05461070377767","-102.05461070377767","-102.05461070377767","-174.142629337299","-174.142629337299","-174.142629337299","-133.41185660280706","-133.41185660280706","-133.41185660280706","-145.7756427531678","-145.7756427531678","-145.7756427531678","-173.0301644997249","-173.0301644997249","-173.0301644997249","-123.46813546681892","-123.46813546681892","-123.46813546681892","-255.1586255917013","-255.1586255917013","-255.1586255917013","-171.84812468547184","-171.84812468547184","-171.84812468547184","-122.25862109719522","-122.25862109719522","-122.25862109719522","-148.13715757189843","-148.13715757189843","-148.13715757189843","-127.76241477148146","-127.76241477148146","-127.76241477148146","-169.43743554741727","-169.43743554741727","-169.43743554741727","-125.44482936550196","-125.44482936550196","-125.44482936550196"
"22200","-143.78230339680943","-143.78230339680943","-143.78230339680943","-189.85522085869408","-189.85522085869408","-189.85522085869408","-219.48169126601405","-219.48169126601405","-219.48169126601405","-214.77471848158478","-214.77471848158478","-214.77471848158478","-149.89635471868752","-149.89635471868752","-149.89635471868752","-146.52964970744853","-146.52964970744853","-146.52964970744853","-193.81476071942717","-193.81476071942717","-193.81476071942717","-101.29342815080885","-101.29342815080885","-101.29342815080885","-174.6205590030996","-174.6205590030996","-174.6205590030996","-135.4248743700616","-135.4248743700616","-135.4248743700616","-145.80704497246037","-145.80704497246037","-145.80704497246037","-173.6430853000404","-173.6430853000404","-173.6430853000404","-123.64601514795099","-123.64601514795099","-123.64601514795099","-282.3979010628349","-282.3979010628349","-282.3979010628349","-171.66820292684085","-171.66820292684085","-171.66820292684085","-122.80568416038189","-122.80568416038189","-122.80568416038189","-147.9696402211597","-147.9696402211597","-147.9696402211597","-127.71692479093403","-127.71692479093403","-127.71692479093403","-170.282000323984","-170.282000323984","-170.282000323984","-124.70189174510293","-124.70189174510293","-124.70189174510293"
"22500","-143.6184459101232","-143.6184459101232","-143.6184459101232","-189.9555383364008","-189.9555383364008","-189.9555383364008","-219.22768007884252","-219.22768007884252","-219.22768007884252","-240.83328796963366","-240.83328796963366","-240.83328796963366","-149.6656925061309","-149.6656925061309","-149.6656925061309","-146.62855600455234","-146.62855600455234","-146.62855600455234","-193.64135544946583","-193.64135544946583","-193.64135544946583","-101.41099803398811","-101.41099803398811","-101.41099803398811","-174.4000511336258","-174.4000511336258","-174.4000511336258","-136.0853753823352","-136.0853753823352","-136.0853753823352","-145.8420507564719","-145.8420507564719","-145.8420507564719","-172.78642653727943","-172.78642653727943","-172.78642653727943","-124.68926377853631","-124.68926377853631","-124.68926377853631","-230.10451450505585","-230.10451450505585","-230.10451450505585","-172.1318717208703","-172.1318717208703","-172.1318717208703","-122.03666272517174","-122.03666272517174","-122.03666272517174","-148.246585698675","-148.246585698675","-148.246585698675","-127.29976435238571","-127.29976435238571","-127.29976435238571","-170.49262768540217","-170.49262768540217","-170.49262768540217","-125.60174173774058","-125.60174173774058","-125.60174173774058"
"22800","-142.60784866332497","-142.60784866332497","-142.60784866332497","-191.25173610297583","-191.25173610297583","-191.25173610297583","-218.92989078612445","-218.92989078612445","-218.92989078612445","-214.74615746528016","-214.74615746528016","-214.74615746528016","-149.01274631748544","-149.01274631748544","-149.01274631748544","-147.26873389220208","-147.26873389220208","-147.26873389220208","-193.02672986888592","-193.02672986888592","-193.02672986888592","-101.08061102502495","-101.08061102502495","-101.08061102502495","-174.41234831199617","-174.41234831199617","-174.41234831199617","-135.51616543218574","-135.51616543218574","-135.51616543218574","-145.67474481082965","-145.67474481082965","-145.67474481082965","-173.89283120433942","-173.89283120433942","-173.89283120433942","-124.46962495441252","-124.46962495441252","-124.46962495441252","-281.2835439636841","-281.2835439636841","-281.2835439636841","-172.18167071328193","-172.18167071328193","-172.18167071328193","-123.65378043336145","-123.65378043336145","-123.65378043336145","-147.69340767234493","-147.69340767234493","-147.69340767234493","-127.28371761713046","-127.28371761713046","-127.28371761713046","-170.9506092511935","-170.9506092511935","-170.9506092511935","-125.39994652324518","-125.39994652324518","-125.39994652324518"
"23100","-142.76912336827587","-142.76912336827587","-142.76912336827587","-191.70877451109618","-191.70877451109618","-191.70877451109618","-219.57016775641938","-219.57016775641938","-219.57016775641938","-215.26459835301677","-215.26459835301677","-215.26459835301677","-149.83895077293863","-149.83895077293863","-149.83895077293863","-146.4013449079423","-146.4013449079423","-146.4013449079423","-192.86784785951636","-192.86784785951636","-192.86784785951636","-100.27100834156764","-100.27100834156764","-100.27100834156764","-174.32802773560212","-174.32802773560212","-174.32802773560212","-134.621352594626","-134.621352594626","-134.621352594626","-145.24332791285667","-145.24332791285667","-145.24332791285667","-173.7609905265848","-173.7609905265848","-173.7609905265848","-124.04079992415276","-124.04079992415276","-124.04079992415276","-280.02248300744225","-280.02248300744225","-280.02248300744225","-171.46946546603994","-171.46946546603994","-171.46946546603994","-125.74418793985232","-125.74418793985232","-125.74418793985232","-148.32263920105467","-148.32263920105467","-148.32263920105467","-127.56050495948917","-127.56050495948917","-127.56050495948917","-170.15095079787872","-170.15095079787872","-170.15095079787872","-125.6542588595244","-125.6542588595244","-125.6542588595244"
"23400","-142.6987584014409","-142.6987584014409","-142.6987584014409","-216.6246978377134","-216.6246978377134","-216.6246978377134","-218.85907954913063","-218.85907954913063","-218.85907954913063","-214.84126163761601","-214.84126163761601","-214.84126163761601","-148.48848371893843","-148.48848371893843","-148.48848371893843","-146.56033888567245","-146.56033888567245","-146.56033888567245","-191.84837562772452","-191.84837562772452","-191.84837562772452","-99.35571166760272","-99.35571166760272","-99.35571166760272","-174.43130821349058","-174.43130821349058","-174.43130821349058","-135.0537406562896","-135.0537406562896","-135.0537406562896","-145.24065742067953","-145.24065742067953","-145.24065742067953","-172.75483811928567","-172.75483811928567","-172.75483811928567","-124.71277046859211","-124.71277046859211","-124.71277046859211","-254.3997716007103","-254.3997716007103","-254.3997716007103","-172.01799398201882","-172.01799398201882","-172.01799398201882","-125.82768885551445","-125.82768885551445","-125.82768885551445","-148.15669020920205","-148.15669020920205","-148.15669020920205","-127.3036194444384","-127.3036194444384","-127.3036194444384","-171.1386975601751","-171.1386975601751","-171.1386975601751","-125.91251000249027","-125.91251000249027","-125.91251000249027"
"23700","-143.03172853802585","-143.03172853802585","-143.03172853802585","-193.1056150779694","-193.1056150779694","-193.1056150779694","-219.66861287128322","-219.66861287128322","-219.66861287128322","-214.62344666351063","-214.62344666351063","-214.62344666351063","-148.75996655458127","-148.75996655458127","-148.75996655458127","-146.21509059353795","-146.21509059353795","-146.21509059353795","-193.59068282325265","-193.59068282325265","-193.59068282325265","-99.29059006259612","-99.29059006259612","-99.29059006259612","-174.1824574441315","-174.1824574441315","-174.1824574441315","-134.40306686675396","-134.40306686675396","-134.40306686675396","-145.06351575703758","-145.06351575703758","-145.06351575703758","-172.1149798803716","-172.1149798803716","-172.1149798803716","-125.25711348762891","-125.25711348762891","-125.25711348762891","-280.67304976047274","-280.67304976047274","-280.67304976047274","-171.81086324140574","-171.81086324140574","-171.81086324140574","-126.34293081718049","-126.34293081718049","-126.34293081718049","-148.01867507198813","-148.01867507198813","-148.01867507198813","-127.59651154904209","-127.59651154904209","-127.59651154904209","-170.6613266239479","-170.6613266239479","-170.6613266239479","-125.68355600370924","-125.68355600370924","-125.68355600370924"
"24000","-142.967447093063","-142.967447093063","-142.967447093063","-193.8299427454602","-193.8299427454602","-193.8299427454602","-218.99014457949858","-218.99014457949858","-218.99014457949858","-215.8614590477845","-215.8614590477845","-215.8614590477845","-149.31431814111045","-149.31431814111045","-149.31431814111045","-146.66014141809052","-146.66014141809052","-146.66014141809052","-192.43792732331474","-192.43792732331474","-192.43792732331474","-98.56666743721834","-98.56666743721834","-98.56666743721834","-174.05189818515217","-174.05189818515217","-174.05189818515217","-133.81729826738115","-133.81729826738115","-133.81729826738115","-145.2396932967731","-145.2396932967731","-145.2396932967731","-172.74812684342015","-172.74812684342015","-172.74812684342015","-125.31489983126383","-125.31489983126383","-125.31489983126383","-254.56031107539252","-254.56031107539252","-254.56031107539252","-172.9899995406527","-172.9899995406527","-172.9899995406527","-127.04530086304555","-127.04530086304555","-127.04530086304555","-148.43433098657619","-148.43433098657619","-148.43433098657619","-127.53952976687738","-127.53952976687738","-127.53952976687738","-171.04545053222773","-171.04545053222773","-171.04545053222773","-126.2558671545036","-126.2558671545036","-126.2558671545036"
"24300","-143.81711680624215","-143.81711680624215","-143.81711680624215","-194.86009375405916","-194.86009375405916","-194.86009375405916","-218.39442239940158","-218.39442239940158","-218.39442239940158","-214.81235972783784","-214.81235972783784","-214.81235972783784","-148.78502252111426","-148.78502252111426","-148.78502252111426","-146.62259820724762","-146.62259820724762","-146.62259820724762","-191.7274038570237","-191.7274038570237","-191.7274038570237","-98.32794675636542","-98.32794675636542","-98.32794675636542","-174.32160310465866","-174.32160310465866","-174.32160310465866","-134.3242129739824","-134.3242129739824","-134.3242129739824","-145.1384933867788","-145.1384933867788","-145.1384933867788","-172.67794809402832","-172.67794809402832","-172.67794809402832","-125.18335101406319","-125.18335101406319","-125.18335101406319","-281.18658513076775","-281.18658513076775","-281.18658513076775","-172.28819547258715","-172.28819547258715","-172.28819547258715","-126.87786421759593","-126.87786421759593","-126.87786421759593","-148.53520351912053","-148.53520351912053","-148.53520351912053","-127.30008197782668","-127.30008197782668","-127.30008197782668","-170.60164122758118","-170.60164122758118","-170.60164122758118","-126.17135063007622","-126.17135063007622","-126.17135063007622"
"24600","-142.77939822675665","-142.77939822675665","-142.77939822675665","-194.62922324439995","-194.62922324439995","-194.62922324439995","-218.73801181839016","-218.73801181839016","-218.73801181839016","-214.7590322261136","-214.7590322261136","-214.7590322261136","-149.27307286989196","-149.27307286989196","-149.27307286989196","-146.6134183433621","-146.6134183433621","-146.6134183433621","-191.94542038217983","-191.94542038217983","-191.94542038217983","-98.60258866099385","-98.60258866099385","-98.60258866099385","-173.5717907193884","-173.5717907193884","-173.5717907193884","-133.46519963852944","-133.46519963852944","-133.46519963852944","-145.75888242099148","-145.75888242099148","-145.75888242099148","-172.68722528187593","-172.68722528187593","-172.68722528187593","-125.14714794920444","-125.14714794920444","-125.14714794920444","-280.99228670179843","-280.99228670179843","-280.99228670179843","-171.67614100876366","-171.67614100876366","-171.67614100876366","-127.79657936740985","-127.79657936740985","-127.79657936740985","-148.27131174480732","-148.27131174480732","-148.27131174480732","-127.3897144420506","-127.3897144420506","-127.3897144420506","-170.42421618221684","-170.42421618221684","-170.42421618221684","-126.334200702931","-126.334200702931","-126.334200702931"
"24900","-143.60543645241322","-143.60543645241322","-143.60543645241322","-217.5763042552935","-217.5763042552935","-217.5763042552935","-219.1234695952502","-219.1234695952502","-219.1234695952502","-215.16303630363828","-215.16303630363828","-215.16303630363828","-149.20125691438247","-149.20125691438247","-149.20125691438247","-170.2624889575701","-170.2624889575701","-170.2624889575701","-193.3373724447484","-193.3373724447484","-193.3373724447484","-97.80195359292445","-97.80195359292445","-97.80195359292445","-174.11245127743263","-174.11245127743263","-174.11245127743263","-132.64572369540744","-132.64572369540744","-132.64572369540744","-146.14352495225845","-146.14352495225845","-146.14352495225845","-174.36399645985756","-174.36399645985756","-174.36399645985756","-125.28603590256634","-125.28603590256634","-125.28603590256634","-283.0822428474915","-283.0822428474915","-283.0822428474915","-171.72881772985266","-171.72881772985266","-171.72881772985266","-127.49246298122151","-127.49246298122151","-127.49246298122151","-148.22147067571","-148.22147067571","-148.22147067571","-127.55695832927131","-127.55695832927131","-127.55695832927131","-170.37072139123094","-170.37072139123094","-170.37072139123094","-126.33449620313392","-126.33449620313392","-126.33449620313392"
"25200","-143.12126844924688","-143.12126844924688","-143.12126844924688","-195.05456452673906","-195.05456452673906","-195.05456452673906","-218.25964537932055","-218.25964537932055","-218.25964537932055","-214.73446466002943","-214.73446466002943","-214.73446466002943","-149.3347282174119","-149.3347282174119","-149.3347282174119","-145.418143236148","-145.418143236148","-145.418143236148","-191.94455053448343","-191.94455053448343","-191.94455053448343","-98.07558487292788","-98.07558487292788","-98.07558487292788","-174.95015496714103","-174.95015496714103","-174.95015496714103","-134.7765716614578","-134.7765716614578","-134.7765716614578","-145.71073469275632","-145.71073469275632","-145.71073469275632","-174.5256185359175","-174.5256185359175","-174.5256185359175","-125.36972092459311","-125.36972092459311","-125.36972092459311","-280.8634880879689","-280.8634880879689","-280.8634880879689","-171.94304380830357","-171.94304380830357","-171.94304380830357","-128.07527829511872","-128.07527829511872","-128.07527829511872","-148.40163353373018","-148.40163353373018","-148.40163353373018","-127.13143130527646","-127.13143130527646","-127.13143130527646","-170.0728916602557","-170.0728916602557","-170.0728916602557","-126.6389260649245","-126.6389260649245","-126.6389260649245"
"25500","-143.0841515047328","-143.0841515047328","-143.0841515047328","-195.41462973393405","-195.41462973393405","-195.41462973393405","-217.69358558089561","-217.69358558089561","-217.69358558089561","-214.25553168577898","-214.25553168577898","-214.25553168577898","-149.53198509099315","-149.53198509099315","-149.53198509099315","-143.74028023684573","-143.74028023684573","-143.74028023684573","-192.50930931529874","-192.50930931529874","-192.50930931529874","-97.81233881077561","-97.81233881077561","-97.81233881077561","-174.68752419281313","-174.68752419281313","-174.68752419281313","-133.8025810625134","-133.8025810625134","-133.8025810625134","-145.65604160067795","-145.65604160067795","-145.65604160067795","-173.21256075934735","-173.21256075934735","-173.21256075934735","-125.51450753881345","-125.51450753881345","-125.51450753881345","-282.2898829206995","-282.2898829206995","-282.2898829206995","-171.8660467102409","-171.8660467102409","-171.8660467102409","-126.31752987302613","-126.31752987302613","-126.31752987302613","-148.18989032018334","-148.18989032018334","-148.18989032018334","-127.10010237918864","-127.10010237918864","-127.10010237918864","-169.70379236895687","-169.70379236895687","-169.70379236895687","-126.71643754576355","-126.71643754576355","-126.71643754576355"
"25800","-143.64916890802104","-143.64916890802104","-143.64916890802104","-193.5923136918914","-193.5923136918914","-193.5923136918914","-218.26754173995715","-218.26754173995715","-218.26754173995715","-214.9504153906202","-214.9504153906202","-214.9504153906202","-150.0052510388665","-150.0052510388665","-150.0052510388665","-143.33715294721895","-143.33715294721895","-143.33715294721895","-191.4943645830361","-191.4943645830361","-191.4943645830361","-97.95457242633486","-97.95457242633486","-97.95457242633486","-175.34553714033055","-175.34553714033055","-175.34553714033055","-133.85919549270596","-133.85919549270596","-133.85919549270596","-145.74419884962873","-145.74419884962873","-145.74419884962873","-174.20597651231293","-174.20597651231293","-174.20597651231293","-125.50984532440222","-125.50984532440222","-125.50984532440222","-279.6915571804251","-279.6915571804251","-279.6915571804251","-171.4562144395601","-171.4562144395601","-171.4562144395601","-126.58126715442984","-126.58126715442984","-126.58126715442984","-148.208853916065","-148.208853916065","-148.208853916065","-127.07039083777629","-127.07039083777629","-127.07039083777629","-169.60142453438363","-169.60142453438363","-169.60142453438363","-125.84448809480325","-125.84448809480325","-125.84448809480325"
"26100","-143.44743060130133","-143.44743060130133","-143.44743060130133","-217.81113560259047","-217.81113560259047","-217.81113560259047","-218.69279549936945","-218.69279549936945","-218.69279549936945","-215.04037784106254","-215.04037784106254","-215.04037784106254","-150.23156557993283","-150.23156557993283","-150.23156557993283","-143.6407388549828","-143.6407388549828","-143.6407388549828","-191.06773603382337","-191.06773603382337","-191.06773603382337","-97.70730935810158","-97.70730935810158","-97.70730935810158","-175.01691781978425","-175.01691781978425","-175.01691781978425","-134.72453575489095","-134.72453575489095","-134.72453575489095","-145.51117014545184","-145.51117014545184","-145.51117014545184","-174.48094306883883","-174.48094306883883","-174.48094306883883","-125.42759297941545","-125.42759297941545","-125.42759297941545","-280.01772712919205","-280.01772712919205","-280.01772712919205","-171.27729418264664","-171.27729418264664","-171.27729418264664","-127.73264628552344","-127.73264628552344","-127.73264628552344","-148.67325382948815","-148.67325382948815","-148.67325382948815","-127.06497715319706","-127.06497715319706","-127.06497715319706","-169.23768822490743","-169.23768822490743","-169.23768822490743","-126.01199024861398","-126.01199024861398","-126.01199024861398"
"26400","-142.24028098819866","-142.24028098819866","-142.24028098819866","-193.16305372638416","-193.16305372638416","-193.16305372638416","-219.7980091424784","-219.7980091424784","-219.7980091424784","-214.44143442142882","-214.44143442142882","-214.44143442142882","-150.33131275944143","-150.33131275944143","-150.33131275944143","-144.11749977616637","-144.11749977616637","-144.11749977616637","-192.21731638705077","-192.21731638705077","-192.21731638705077","-97.17557404373244","-97.17557404373244","-97.17557404373244","-175.12836773653208","-175.12836773653208","-175.12836773653208","-133.31843785150068","-133.31843785150068","-133.31843785150068","-145.2064522996502","-145.2064522996502","-145.2064522996502","-174.41971784436208","-174.41971784436208","-174.41971784436208","-125.39104516645241","-125.39104516645241","-125.39104516645241","-280.06648107079593","-280.06648107079593","-280.06648107079593","-171.70155717076165","-171.70155717076165","-171.70155717076165","-127.2032818642278","-127.2032818642278","-127.2032818642278","-148.18371196310014","-148.18371196310014","-148.18371196310014","-127.14452283252936","-127.14452283252936","-127.14452283252936","-169.3510184514135","-169.3510184514135","-169.3510184514135","-126.35398930046831","-126.35398930046831","-126.35398930046831"
"26700","-142.2614367104316","-142.2614367104316","-142.2614367104316","-217.9542963085136","-217.9542963085136","-217.9542963085136","-219.6199828689258","-219.6199828689258","-219.6199828689258","-213.7601488908901","-213.7601488908901","-213.7601488908901","-149.60876860029595","-149.60876860029595","-149.60876860029595","-144.37961187323094","-144.37961187323094","-144.37961187323094","-193.3933405865252","-193.3933405865252","-193.3933405865252","-97.70957167133786","-97.70957167133786","-97.70957167133786","-175.2059140975855","-175.2059140975855","-175.2059140975855","-134.1804244268646","-134.1804244268646","-134.1804244268646","-145.20644469131705","-145.20644469131705","-145.20644469131705","-173.65210515220082","-173.65210515220082","-173.65210515220082","-125.30483711762159","-125.30483711762159","-125.30483711762159","-277.9360561639061","-277.9360561639061","-277.9360561639061","-171.4119246115468","-171.4119246115468","-171.4119246115468","-127.04610852160809","-127.04610852160809","-127.04610852160809","-148.28666914474368","-148.28666914474368","-148.28666914474368","-127.37071728575631","-127.37071728575631","-127.37071728575631","-169.57529921770774","-169.57529921770774","-169.57529921770774","-126.92554725066523","-126.92554725066523","-126.92554725066523"
"27000","-142.3904993426234","-142.3904993426234","-142.3904993426234","-195.117440475039","-195.117440475039","-195.117440475039","-219.51584107258878","-219.51584107258878","-219.51584107258878","-214.52882600507473","-214.52882600507473","-214.52882600507473","-148.9764972053213","-148.9764972053213","-148.9764972053213","-145.07399337076356","-145.07399337076356","-145.07399337076356","-193.61108857460454","-193.61108857460454","-193.61108857460454","-96.94167747068217","-96.94167747068217","-96.94167747068217","-175.1518287275573","-175.1518287275573","-175.1518287275573","-135.72818211671728","-135.72818211671728","-135.72818211671728","-145.1725340138704","-145.1725340138704","-145.1725340138704","-172.68933044707666","-172.68933044707666","-172.68933044707666","-125.46386982075023","-125.46386982075023","-125.46386982075023","-254.96367173620683","-254.96367173620683","-254.96367173620683","-171.7191784847912","-171.7191784847912","-171.7191784847912","-127.07505153242946","-127.07505153242946","-127.07505153242946","-148.45851578164402","-148.45851578164402","-148.45851578164402","-127.52095402612274","-127.52095402612274","-127.52095402612274","-169.7985954147282","-169.7985954147282","-169.7985954147282","-126.75990091197968","-126.75990091197968","-126.75990091197968"
"27300","-142.11604200677434","-142.11604200677434","-142.11604200677434","-193.81497052472324","-193.81497052472324","-193.81497052472324","-219.63400249556744","-219.63400249556744","-219.63400249556744","-212.95714327015085","-212.95714327015085","-212.95714327015085","-149.53524629297075","-149.53524629297075","-149.53524629297075","-144.72676091954946","-144.72676091954946","-144.72676091954946","-194.62702341251813","-194.62702341251813","-194.62702341251813","-96.77299402571585","-96.77299402571585","-96.77299402571585","-174.98828967470416","-174.98828967470416","-174.98828967470416","-135.95803912708092","-135.95803912708092","-135.95803912708092","-145.1601701573501","-145.1601701573501","-145.1601701573501","-172.39200397794394","-172.39200397794394","-172.39200397794394","-125.76188007950933","-125.76188007950933","-125.76188007950933","-281.30505867995214","-281.30505867995214","-281.30505867995214","-171.71732388964386","-171.71732388964386","-171.71732388964386","-126.30771898865461","-126.30771898865461","-126.30771898865461","-148.44836207532714","-148.44836207532714","-148.44836207532714","-127.60850575147519","-127.60850575147519","-127.60850575147519","-168.97581130699473","-168.97581130699473","-168.97581130699473","-126.68647502146496","-126.68647502146496","-126.68647502146496"
"27600","-142.2794424812924","-142.2794424812924","-142.2794424812924","-193.67438451624906","-193.67438451624906","-193.67438451624906","-219.3137828214148","-219.3137828214148","-219.3137828214148","-215.19919486413545","-215.19919486413545","-215.19919486413545","-149.2923232868588","-149.2923232868588","-149.2923232868588","-145.14397882610874","-145.14397882610874","-145.14397882610874","-195.0335189162904","-195.0335189162904","-195.0335189162904","-97.40985407044884","-97.40985407044884","-97.40985407044884","-175.00700626614994","-175.00700626614994","-175.00700626614994","-135.85347319769065","-135.85347319769065","-135.85347319769065","-145.13115596652784","-145.13115596652784","-145.13115596652784","-173.94406528328165","-173.94406528328165","-173.94406528328165","-125.85009600921508","-125.85009600921508","-125.85009600921508","-255.78938304891813","-255.78938304891813","-255.78938304891813","-171.96077215736972","-171.96077215736972","-171.96077215736972","-126.30561069208068","-126.30561069208068","-126.30561069208068","-148.19244543578571","-148.19244543578571","-148.19244543578571","-127.62814364700054","-127.62814364700054","-127.62814364700054","-169.1471910099901","-169.1471910099901","-169.1471910099901","-126.39700065143435","-126.39700065143435","-126.39700065143435"
"27900","-142.33148424600273","-142.33148424600273","-142.33148424600273","-217.99156472409246","-217.99156472409246","-217.99156472409246","-219.6233513057065","-219.6233513057065","-219.6233513057065","-214.72721584412108","-214.72721584412108","-214.72721584412108","-149.6584444656535","-149.6584444656535","-149.6584444656535","-145.2486119646167","-145.2486119646167","-145.2486119646167","-194.9432742626654","-194.9432742626654","-194.9432742626654","-97.08481771007663","-97.08481771007663","-97.08481771007663","-174.52976146464195","-174.52976146464195","-174.52976146464195","-134.86754951489704","-134.86754951489704","-134.86754951489704","-145.06950428139533","-145.06950428139533","-145.06950428139533","-172.81169828242116","-172.81169828242116","-172.81169828242116","-125.81206486174695","-125.81206486174695","-125.81206486174695","-280.59447943150667","-280.59447943150667","-280.59447943150667","-171.4058083507318","-171.4058083507318","-171.4058083507318","-126.31494695399968","-126.31494695399968","-126.31494695399968","-148.464436667789","-148.464436667789","-148.464436667789","-127.71309511522195","-127.71309511522195","-127.71309511522195","-169.6769763461289","-169.6769763461289","-169.6769763461289","-126.6937808599439","-126.6937808599439","-126.6937808599439"
"28200","-142.3819936887637","-142.3819936887637","-142.3819936887637","-193.8944547382174","-193.8944547382174","-193.8944547382174","-219.42411468762884","-219.42411468762884","-219.42411468762884","-214.81046006988737","-214.81046006988737","-214.81046006988737","-148.81019560442036","-148.81019560442036","-148.81019560442036","-145.22508393050802","-145.22508393050802","-145.22508393050802","-195.0912153176035","-195.0912153176035","-195.0912153176035","-97.05044713724703","-97.05044713724703","-97.05044713724703","-173.9526959137317","-173.9526959137317","-173.9526959137317","-136.28882547455638","-136.28882547455638","-136.28882547455638","-145.1076673631707","-145.1076673631707","-145.1076673631707","-173.21557536186174","-173.21557536186174","-173.21557536186174","-125.76873530978769","-125.76873530978769","-125.76873530978769","-280.35624657855817","-280.35624657855817","-280.35624657855817","-171.1859433929495","-171.1859433929495","-171.1859433929495","-125.9445902777333","-125.9445902777333","-125.9445902777333","-148.6468582794446","-148.6468582794446","-148.6468582794446","-127.81760681410735","-127.81760681410735","-127.81760681410735","-170.46188330705638","-170.46188330705638","-170.46188330705638","-126.54322473405914","-126.54322473405914","-126.54322473405914"
"28500","-142.19083349797592","-142.19083349797592","-142.19083349797592","-194.06731274763777","-194.06731274763777","-194.06731274763777","-219.43473121933985","-219.43473121933985","-219.43473121933985","-213.2189648471429","-213.2189648471429","-213.2189648471429","-148.75096439097806","-148.75096439097806","-148.75096439097806","-144.63551000773276","-144.63551000773276","-144.63551000773276","-195.65625685974484","-195.65625685974484","-195.65625685974484","-97.0004046050128","-97.0004046050128","-97.0004046050128","-173.53390280661534","-173.53390280661534","-173.53390280661534","-135.06718570931477","-135.06718570931477","-135.06718570931477","-145.26369402656803","-145.26369402656803","-145.26369402656803","-173.65849542752633","-173.65849542752633","-173.65849542752633","-125.73059094568006","-125.73059094568006","-125.73059094568006","-280.8683938664013","-280.8683938664013","-280.8683938664013","-171.12370349808666","-171.12370349808666","-171.12370349808666","-126.43693753421641","-126.43693753421641","-126.43693753421641","-148.61456812600105","-148.61456812600105","-148.61456812600105","-127.92535274487804","-127.92535274487804","-127.92535274487804","-170.76775668543084","-170.76775668543084","-170.76775668543084","-127.2266990544407","-127.2266990544407","-127.2266990544407"
"28800","-142.66503591180944","-142.66503591180944","-142.66503591180944","-194.89239480116117","-194.89239480116117","-194.89239480116117","-219.74647460955984","-219.74647460955984","-219.74647460955984","-213.67659268440562","-213.67659268440562","-213.67659268440562","-148.67135788728064","-148.67135788728064","-148.67135788728064","-144.86142640730424","-144.86142640730424","-144.86142640730424","-195.5561701066868","-195.5561701066868","-195.5561701066868","-96.91023492419849","-96.91023492419849","-96.91023492419849","-173.5012498565309","-173.5012498565309","-173.5012498565309","-135.14473196529312","-135.14473196529312","-135.14473196529312","-145.095126693662","-145.095126693662","-145.095126693662","-171.12325339461782","-171.12325339461782","-171.12325339461782","-125.97467433507089","-125.97467433507089","-125.97467433507089","-280.9281598914978","-280.9281598914978","-280.9281598914978","-171.31868766591717","-171.31868766591717","-171.31868766591717","-126.24632253679272","-126.24632253679272","-126.24632253679272","-148.41856128036605","-148.41856128036605","-148.41856128036605","-127.98770388585228","-127.98770388585228","-127.98770388585228","-171.44874304943758","-171.44874304943758","-171.44874304943758","-127.01212112571974","-127.01212112571974","-127.01212112571974"
"29100","-142.43715696130758","-142.43715696130758","-142.43715696130758","-193.9577186229254","-193.9577186229254","-193.9577186229254","-220.1067664704267","-220.1067664704267","-220.1067664704267","-216.14043253891094","-216.14043253891094","-216.14043253891094","-148.7214764863518","-148.7214764863518","-148.7214764863518","-144.74366138990956","-144.74366138990956","-144.74366138990956","-196.11226412655247","-196.11226412655247","-196.11226412655247","-96.81683908582129","-96.81683908582129","-96.81683908582129","-172.93485586588614","-172.93485586588614","-172.93485586588614","-136.05878932770662","-136.05878932770662","-136.05878932770662","-145.3051988132894","-145.3051988132894","-145.3051988132894","-170.03143659760755","-170.03143659760755","-170.03143659760755","-125.86591594474335","-125.86591594474335","-125.86591594474335","-281.16558336778576","-281.16558336778576","-281.16558336778576","-170.7308982777734","-170.7308982777734","-170.7308982777734","-126.07085854020224","-126.07085854020224","-126.07085854020224","-148.3887439783661","-148.3887439783661","-148.3887439783661","-128.1375263962963","-128.1375263962963","-128.1375263962963","-171.060978411378","-171.060978411378","-171.060978411378","-127.24562163027568","-127.24562163027568","-127.24562163027568"
"29400","-142.25348462297842","-142.25348462297842","-142.25348462297842","-193.68749936970877","-193.68749936970877","-193.68749936970877","-219.5318766718512","-219.5318766718512","-219.5318766718512","-214.7028150406336","-214.7028150406336","-214.7028150406336","-148.63961490416094","-148.63961490416094","-148.63961490416094","-144.90991542655158","-144.90991542655158","-144.90991542655158","-195.99734918244553","-195.99734918244553","-195.99734918244553","-97.01346871226102","-97.01346871226102","-97.01346871226102","-173.14424527836732","-173.14424527836732","-173.14424527836732","-135.32108312435645","-135.32108312435645","-135.32108312435645","-145.243603054204","-145.243603054204","-145.243603054204","-169.51222670571832","-169.51222670571832","-169.51222670571832","-125.68505417749039","-125.68505417749039","-125.68505417749039","-280.48856741159585","-280.48856741159585","-280.48856741159585","-170.71765698602422","-170.71765698602422","-170.71765698602422","-125.78128397843818","-125.78128397843818","-125.78128397843818","-148.3695771710285","-148.3695771710285","-148.3695771710285","-127.98263180790487","-127.98263180790487","-127.98263180790487","-171.9278647643581","-171.9278647643581","-171.9278647643581","-126.90294083121562","-126.90294083121562","-126.90294083121562"
"29700","-142.30867629026108","-142.30867629026108","-142.30867629026108","-193.00557531749018","-193.00557531749018","-193.00557531749018","-220.30436905285904","-220.30436905285904","-220.30436905285904","-214.44630761996595","-214.44630761996595","-214.44630761996595","-148.73107417960316","-148.73107417960316","-148.73107417960316","-144.88391804019653","-144.88391804019653","-144.88391804019653","-196.56494069475238","-196.56494069475238","-196.56494069475238","-96.2466099166787","-96.2466099166787","-96.2466099166787","-173.4461008243722","-173.4461008243722","-173.4461008243722","-136.29935804447712","-136.29935804447712","-136.29935804447712","-145.19294400094594","-145.19294400094594","-145.19294400094594","-169.93949419469112","-169.93949419469112","-169.93949419469112","-125.5974718498837","-125.5974718498837","-125.5974718498837","-279.2550744874729","-279.2550744874729","-279.2550744874729","-170.4044505199336","-170.4044505199336","-170.4044505199336","-126.00706665013506","-126.00706665013506","-126.00706665013506","-148.68172733977244","-148.68172733977244","-148.68172733977244","-128.06370405098016","-128.06370405098016","-128.06370405098016","-170.3742254626973","-170.3742254626973","-170.3742254626973","-126.47394728176145","-126.47394728176145","-126.47394728176145"
"30000","-142.87628186720426","-142.87628186720426","-142.87628186720426","-194.1912767975686","-194.1912767975686","-194.1912767975686","-220.42959445998764","-220.42959445998764","-220.42959445998764","-212.72465615538226","-212.72465615538226","-212.72465615538226","-149.25534959649454","-149.25534959649454","-149.25534959649454","-144.54371559408366","-144.54371559408366","-144.54371559408366","-197.190178194195","-197.190178194195","-197.190178194195","-96.23303811792123","-96.23303811792123","-96.23303811792123","-173.352260130926","-173.352260130926","-173.352260130926","-135.4490203918609","-135.4490203918609","-135.4490203918609","-145.47154789963272","-145.47154789963272","-145.47154789963272","-170.15295080153464","-170.15295080153464","-170.15295080153464","-125.58135863285843","-125.58135863285843","-125.58135863285843","-280.49373999003933","-280.49373999003933","-280.49373999003933","-170.53349402655422","-170.53349402655422","-170.53349402655422","-126.03053050508929","-126.03053050508929","-126.03053050508929","-148.36512526277085","-148.36512526277085","-148.36512526277085","-127.93195786283415","-127.93195786283415","-127.93195786283415","-171.37455727846927","-171.37455727846927","-171.37455727846927","-126.46859907577577","-126.46859907577577","-126.46859907577577"