"Step","DDPG_TempoRL_Pendulum-v1_19 - eval/avg_reward","DDPG_TempoRL_Pendulum-v1_19 - eval/avg_reward__MIN","DDPG_TempoRL_Pendulum-v1_19 - eval/avg_reward__MAX","DDPG_TempoRL_Pendulum-v1_18 - eval/avg_reward","DDPG_TempoRL_Pendulum-v1_18 - eval/avg_reward__MIN","DDPG_TempoRL_Pendulum-v1_18 - eval/avg_reward__MAX","DDPG_TempoRL_Pendulum-v1_17 - eval/avg_reward","DDPG_TempoRL_Pendulum-v1_17 - eval/avg_reward__MIN","DDPG_TempoRL_Pendulum-v1_17 - eval/avg_reward__MAX","DDPG_TempoRL_Pendulum-v1_16 - eval/avg_reward","DDPG_TempoRL_Pendulum-v1_16 - eval/avg_reward__MIN","DDPG_TempoRL_Pendulum-v1_16 - eval/avg_reward__MAX","DDPG_TempoRL_Pendulum-v1_15 - eval/avg_reward","DDPG_TempoRL_Pendulum-v1_15 - eval/avg_reward__MIN","DDPG_TempoRL_Pendulum-v1_15 - eval/avg_reward__MAX","DDPG_TempoRL_Pendulum-v1_14 - eval/avg_reward","DDPG_TempoRL_Pendulum-v1_14 - eval/avg_reward__MIN","DDPG_TempoRL_Pendulum-v1_14 - eval/avg_reward__MAX","DDPG_TempoRL_Pendulum-v1_13 - eval/avg_reward","DDPG_TempoRL_Pendulum-v1_13 - eval/avg_reward__MIN","DDPG_TempoRL_Pendulum-v1_13 - eval/avg_reward__MAX","DDPG_TempoRL_Pendulum-v1_12 - eval/avg_reward","DDPG_TempoRL_Pendulum-v1_12 - eval/avg_reward__MIN","DDPG_TempoRL_Pendulum-v1_12 - eval/avg_reward__MAX","DDPG_TempoRL_Pendulum-v1_11 - eval/avg_reward","DDPG_TempoRL_Pendulum-v1_11 - eval/avg_reward__MIN","DDPG_TempoRL_Pendulum-v1_11 - eval/avg_reward__MAX","DDPG_TempoRL_Pendulum-v1_10 - eval/avg_reward","DDPG_TempoRL_Pendulum-v1_10 - eval/avg_reward__MIN","DDPG_TempoRL_Pendulum-v1_10 - eval/avg_reward__MAX","DDPG_TempoRL_Pendulum-v1_9 - eval/avg_reward","DDPG_TempoRL_Pendulum-v1_9 - eval/avg_reward__MIN","DDPG_TempoRL_Pendulum-v1_9 - eval/avg_reward__MAX","DDPG_TempoRL_Pendulum-v1_8 - eval/avg_reward","DDPG_TempoRL_Pendulum-v1_8 - eval/avg_reward__MIN","DDPG_TempoRL_Pendulum-v1_8 - eval/avg_reward__MAX","DDPG_TempoRL_Pendulum-v1_7 - eval/avg_reward","DDPG_TempoRL_Pendulum-v1_7 - eval/avg_reward__MIN","DDPG_TempoRL_Pendulum-v1_7 - eval/avg_reward__MAX","DDPG_TempoRL_Pendulum-v1_6 - eval/avg_reward","DDPG_TempoRL_Pendulum-v1_6 - eval/avg_reward__MIN","DDPG_TempoRL_Pendulum-v1_6 - eval/avg_reward__MAX","DDPG_TempoRL_Pendulum-v1_5 - eval/avg_reward","DDPG_TempoRL_Pendulum-v1_5 - eval/avg_reward__MIN","DDPG_TempoRL_Pendulum-v1_5 - eval/avg_reward__MAX","DDPG_TempoRL_Pendulum-v1_4 - eval/avg_reward","DDPG_TempoRL_Pendulum-v1_4 - eval/avg_reward__MIN","DDPG_TempoRL_Pendulum-v1_4 - eval/avg_reward__MAX","DDPG_TempoRL_Pendulum-v1_3 - eval/avg_reward","DDPG_TempoRL_Pendulum-v1_3 - eval/avg_reward__MIN","DDPG_TempoRL_Pendulum-v1_3 - eval/avg_reward__MAX","DDPG_TempoRL_Pendulum-v1_2 - eval/avg_reward","DDPG_TempoRL_Pendulum-v1_2 - eval/avg_reward__MIN","DDPG_TempoRL_Pendulum-v1_2 - eval/avg_reward__MAX","DDPG_TempoRL_Pendulum-v1_1 - eval/avg_reward","DDPG_TempoRL_Pendulum-v1_1 - eval/avg_reward__MIN","DDPG_TempoRL_Pendulum-v1_1 - eval/avg_reward__MAX","DDPG_TempoRL_Pendulum-v1_0 - eval/avg_reward","DDPG_TempoRL_Pendulum-v1_0 - eval/avg_reward__MIN","DDPG_TempoRL_Pendulum-v1_0 - eval/avg_reward__MAX"
"0","-1401.6226261599954","-1401.6226261599954","-1401.6226261599954","-1435.930552650268","-1435.930552650268","-1435.930552650268","-1448.9737364488112","-1448.9737364488112","-1448.9737364488112","-1568.9914164926765","-1568.9914164926765","-1568.9914164926765","-1209.5689572761542","-1209.5689572761542","-1209.5689572761542","-1248.506786966152","-1248.506786966152","-1248.506786966152","-1551.8436031626215","-1551.8436031626215","-1551.8436031626215","-1076.9632882264573","-1076.9632882264573","-1076.9632882264573","-1275.2165836417412","-1275.2165836417412","-1275.2165836417412","-1452.7631073899386","-1452.7631073899386","-1452.7631073899386","-1231.4761808535611","-1231.4761808535611","-1231.4761808535611","-1227.1472525562713","-1227.1472525562713","-1227.1472525562713","-1287.533745727514","-1287.533745727514","-1287.533745727514","-1448.4177689706441","-1448.4177689706441","-1448.4177689706441","-1436.4946402293442","-1436.4946402293442","-1436.4946402293442","-1494.0380537227197","-1494.0380537227197","-1494.0380537227197","-1149.8804169778966","-1149.8804169778966","-1149.8804169778966","-1251.0188341915482","-1251.0188341915482","-1251.0188341915482","-1489.5534472957415","-1489.5534472957415","-1489.5534472957415","-1062.5954729358295","-1062.5954729358295","-1062.5954729358295"
"300","-1401.6226261599954","-1401.6226261599954","-1401.6226261599954","-1435.930552650268","-1435.930552650268","-1435.930552650268","-1448.9737364488112","-1448.9737364488112","-1448.9737364488112","-1568.9914164926765","-1568.9914164926765","-1568.9914164926765","-1209.5689572761542","-1209.5689572761542","-1209.5689572761542","-1248.506786966152","-1248.506786966152","-1248.506786966152","-1551.8436031626215","-1551.8436031626215","-1551.8436031626215","-1076.9632882264573","-1076.9632882264573","-1076.9632882264573","-1275.2165836417412","-1275.2165836417412","-1275.2165836417412","-1452.7631073899386","-1452.7631073899386","-1452.7631073899386","-1231.4761808535611","-1231.4761808535611","-1231.4761808535611","-1227.1472525562713","-1227.1472525562713","-1227.1472525562713","-1287.533745727514","-1287.533745727514","-1287.533745727514","-1448.4177689706441","-1448.4177689706441","-1448.4177689706441","-1436.4946402293442","-1436.4946402293442","-1436.4946402293442","-1494.0380537227197","-1494.0380537227197","-1494.0380537227197","-1149.8804169778966","-1149.8804169778966","-1149.8804169778966","-1251.0188341915482","-1251.0188341915482","-1251.0188341915482","-1489.5534472957415","-1489.5534472957415","-1489.5534472957415","-1062.5954729358295","-1062.5954729358295","-1062.5954729358295"
"600","-1401.6226261599954","-1401.6226261599954","-1401.6226261599954","-1435.930552650268","-1435.930552650268","-1435.930552650268","-1448.9737364488112","-1448.9737364488112","-1448.9737364488112","-1568.9914164926765","-1568.9914164926765","-1568.9914164926765","-1209.5689572761542","-1209.5689572761542","-1209.5689572761542","-1248.506786966152","-1248.506786966152","-1248.506786966152","-1551.8436031626215","-1551.8436031626215","-1551.8436031626215","-1076.9632882264573","-1076.9632882264573","-1076.9632882264573","-1275.2165836417412","-1275.2165836417412","-1275.2165836417412","-1452.7631073899386","-1452.7631073899386","-1452.7631073899386","-1231.4761808535611","-1231.4761808535611","-1231.4761808535611","-1227.1472525562713","-1227.1472525562713","-1227.1472525562713","-1287.533745727514","-1287.533745727514","-1287.533745727514","-1448.4177689706441","-1448.4177689706441","-1448.4177689706441","-1436.4946402293442","-1436.4946402293442","-1436.4946402293442","-1494.0380537227197","-1494.0380537227197","-1494.0380537227197","-1149.8804169778966","-1149.8804169778966","-1149.8804169778966","-1251.0188341915482","-1251.0188341915482","-1251.0188341915482","-1489.5534472957415","-1489.5534472957415","-1489.5534472957415","-1062.5954729358295","-1062.5954729358295","-1062.5954729358295"
"900","-1401.6226261599954","-1401.6226261599954","-1401.6226261599954","-1435.930552650268","-1435.930552650268","-1435.930552650268","-1448.9737364488112","-1448.9737364488112","-1448.9737364488112","-1568.9914164926765","-1568.9914164926765","-1568.9914164926765","-1209.5689572761542","-1209.5689572761542","-1209.5689572761542","-1248.506786966152","-1248.506786966152","-1248.506786966152","-1551.8436031626215","-1551.8436031626215","-1551.8436031626215","-1076.9632882264573","-1076.9632882264573","-1076.9632882264573","-1275.2165836417412","-1275.2165836417412","-1275.2165836417412","-1452.7631073899386","-1452.7631073899386","-1452.7631073899386","-1231.4761808535611","-1231.4761808535611","-1231.4761808535611","-1227.1472525562713","-1227.1472525562713","-1227.1472525562713","-1287.533745727514","-1287.533745727514","-1287.533745727514","-1448.4177689706441","-1448.4177689706441","-1448.4177689706441","-1436.4946402293442","-1436.4946402293442","-1436.4946402293442","-1494.0380537227197","-1494.0380537227197","-1494.0380537227197","-1149.8804169778966","-1149.8804169778966","-1149.8804169778966","-1251.0188341915482","-1251.0188341915482","-1251.0188341915482","-1489.5534472957415","-1489.5534472957415","-1489.5534472957415","-1062.5954729358295","-1062.5954729358295","-1062.5954729358295"
"1200","-1628.9091638075386","-1628.9091638075386","-1628.9091638075386","-1617.6146942171613","-1617.6146942171613","-1617.6146942171613","-1683.2850040196886","-1683.2850040196886","-1683.2850040196886","-1584.6873011074538","-1584.6873011074538","-1584.6873011074538","-1195.2762420588272","-1195.2762420588272","-1195.2762420588272","-1766.7670977835467","-1766.7670977835467","-1766.7670977835467","-1595.3751305365436","-1595.3751305365436","-1595.3751305365436","-1452.7476893594953","-1452.7476893594953","-1452.7476893594953","-1557.5532728502897","-1557.5532728502897","-1557.5532728502897","-1586.3101132123818","-1586.3101132123818","-1586.3101132123818","-1442.8711305686145","-1442.8711305686145","-1442.8711305686145","-1481.5703370311135","-1481.5703370311135","-1481.5703370311135","-1574.7702560530986","-1574.7702560530986","-1574.7702560530986","-1689.9819325685153","-1689.9819325685153","-1689.9819325685153","-1616.4743484672385","-1616.4743484672385","-1616.4743484672385","-1159.7850594412864","-1159.7850594412864","-1159.7850594412864","-1566.9011888422942","-1566.9011888422942","-1566.9011888422942","-1483.9397151388634","-1483.9397151388634","-1483.9397151388634","-1542.9282511615463","-1542.9282511615463","-1542.9282511615463","-1433.7818825882564","-1433.7818825882564","-1433.7818825882564"
"1500","-1382.9797802466887","-1382.9797802466887","-1382.9797802466887","-1505.5891059971818","-1505.5891059971818","-1505.5891059971818","-1828.4937305049066","-1828.4937305049066","-1828.4937305049066","-1536.0792912600423","-1536.0792912600423","-1536.0792912600423","-1640.8749695305553","-1640.8749695305553","-1640.8749695305553","-1736.780371705589","-1736.780371705589","-1736.780371705589","-1814.4829554570401","-1814.4829554570401","-1814.4829554570401","-1557.999738700659","-1557.999738700659","-1557.999738700659","-1331.3819795005718","-1331.3819795005718","-1331.3819795005718","-1548.9894389473757","-1548.9894389473757","-1548.9894389473757","-1516.454407316018","-1516.454407316018","-1516.454407316018","-1523.6439239091974","-1523.6439239091974","-1523.6439239091974","-1295.4183161880758","-1295.4183161880758","-1295.4183161880758","-1797.8295835514546","-1797.8295835514546","-1797.8295835514546","-1580.5427642982738","-1580.5427642982738","-1580.5427642982738","-1521.220857497892","-1521.220857497892","-1521.220857497892","-1700.1950186900535","-1700.1950186900535","-1700.1950186900535","-1635.896256720086","-1635.896256720086","-1635.896256720086","-1339.0369416640422","-1339.0369416640422","-1339.0369416640422","-1676.2112518611805","-1676.2112518611805","-1676.2112518611805"
"1800","-1273.8674043015528","-1273.8674043015528","-1273.8674043015528","-1408.2628461845586","-1408.2628461845586","-1408.2628461845586","-1555.412554424513","-1555.412554424513","-1555.412554424513","-1234.3748579573698","-1234.3748579573698","-1234.3748579573698","-1491.8645292048013","-1491.8645292048013","-1491.8645292048013","-1386.4178095355358","-1386.4178095355358","-1386.4178095355358","-1766.6182247160773","-1766.6182247160773","-1766.6182247160773","-1515.7090798533231","-1515.7090798533231","-1515.7090798533231","-1458.0404040281344","-1458.0404040281344","-1458.0404040281344","-1403.0500357617377","-1403.0500357617377","-1403.0500357617377","-1504.8429836853843","-1504.8429836853843","-1504.8429836853843","-1326.7592685898974","-1326.7592685898974","-1326.7592685898974","-1211.741133791971","-1211.741133791971","-1211.741133791971","-1601.1277912746018","-1601.1277912746018","-1601.1277912746018","-1549.7629314207582","-1549.7629314207582","-1549.7629314207582","-1334.4827511967299","-1334.4827511967299","-1334.4827511967299","-1400.4290517571358","-1400.4290517571358","-1400.4290517571358","-1641.6997995835832","-1641.6997995835832","-1641.6997995835832","-1246.440327902985","-1246.440327902985","-1246.440327902985","-1393.5685767150767","-1393.5685767150767","-1393.5685767150767"
"2100","-1413.087615163506","-1413.087615163506","-1413.087615163506","-1478.494629525879","-1478.494629525879","-1478.494629525879","-1138.8958800324758","-1138.8958800324758","-1138.8958800324758","-1489.9187178024363","-1489.9187178024363","-1489.9187178024363","-912.993065349305","-912.993065349305","-912.993065349305","-1120.0562367102798","-1120.0562367102798","-1120.0562367102798","-1474.2658264833537","-1474.2658264833537","-1474.2658264833537","-1112.9240969778152","-1112.9240969778152","-1112.9240969778152","-1008.8093644578646","-1008.8093644578646","-1008.8093644578646","-1239.8032351606673","-1239.8032351606673","-1239.8032351606673","-1102.58317131439","-1102.58317131439","-1102.58317131439","-999.6804914123255","-999.6804914123255","-999.6804914123255","-818.9814795851647","-818.9814795851647","-818.9814795851647","-1185.564344375562","-1185.564344375562","-1185.564344375562","-1083.8167267580939","-1083.8167267580939","-1083.8167267580939","-955.2200775005495","-955.2200775005495","-955.2200775005495","-1175.176246797086","-1175.176246797086","-1175.176246797086","-1210.7615492975444","-1210.7615492975444","-1210.7615492975444","-1004.9442396998699","-1004.9442396998699","-1004.9442396998699","-1071.9312529941194","-1071.9312529941194","-1071.9312529941194"
"2400","-1404.452409654668","-1404.452409654668","-1404.452409654668","-1576.2716449646443","-1576.2716449646443","-1576.2716449646443","-767.9231839835302","-767.9231839835302","-767.9231839835302","-1504.8998220094345","-1504.8998220094345","-1504.8998220094345","-1108.618441591109","-1108.618441591109","-1108.618441591109","-963.5520061849026","-963.5520061849026","-963.5520061849026","-1115.8090773562385","-1115.8090773562385","-1115.8090773562385","-1247.2217592632016","-1247.2217592632016","-1247.2217592632016","-1015.645797562151","-1015.645797562151","-1015.645797562151","-960.3187934043301","-960.3187934043301","-960.3187934043301","-1021.4284006991517","-1021.4284006991517","-1021.4284006991517","-1225.5705091334617","-1225.5705091334617","-1225.5705091334617","-1274.949810944862","-1274.949810944862","-1274.949810944862","-1341.2910063717693","-1341.2910063717693","-1341.2910063717693","-1016.5402821523427","-1016.5402821523427","-1016.5402821523427","-711.2292053232434","-711.2292053232434","-711.2292053232434","-940.7311281547829","-940.7311281547829","-940.7311281547829","-744.8639129090782","-744.8639129090782","-744.8639129090782","-1545.7892463150395","-1545.7892463150395","-1545.7892463150395","-1459.4445857189125","-1459.4445857189125","-1459.4445857189125"
"2700","-1330.2913120243866","-1330.2913120243866","-1330.2913120243866","-1559.6920546601007","-1559.6920546601007","-1559.6920546601007","-456.61462257658593","-456.61462257658593","-456.61462257658593","-1446.6616823196287","-1446.6616823196287","-1446.6616823196287","-1447.0450097980288","-1447.0450097980288","-1447.0450097980288","-992.3455691779367","-992.3455691779367","-992.3455691779367","-950.7777914334736","-950.7777914334736","-950.7777914334736","-1384.447555918046","-1384.447555918046","-1384.447555918046","-1178.4976652291987","-1178.4976652291987","-1178.4976652291987","-1140.2443113653646","-1140.2443113653646","-1140.2443113653646","-1320.4396759006872","-1320.4396759006872","-1320.4396759006872","-1092.25110416844","-1092.25110416844","-1092.25110416844","-1440.9309691910385","-1440.9309691910385","-1440.9309691910385","-1086.8097264842158","-1086.8097264842158","-1086.8097264842158","-1126.401722652773","-1126.401722652773","-1126.401722652773","-1331.6244769044083","-1331.6244769044083","-1331.6244769044083","-847.2905280407707","-847.2905280407707","-847.2905280407707","-793.6743538774549","-793.6743538774549","-793.6743538774549","-1314.3991648972517","-1314.3991648972517","-1314.3991648972517","-1297.2005558913133","-1297.2005558913133","-1297.2005558913133"
"3000","-1036.366490976791","-1036.366490976791","-1036.366490976791","-1508.7183963164493","-1508.7183963164493","-1508.7183963164493","-529.2454370648769","-529.2454370648769","-529.2454370648769","-1483.406580915696","-1483.406580915696","-1483.406580915696","-1468.6998547539229","-1468.6998547539229","-1468.6998547539229","-1149.4439334278952","-1149.4439334278952","-1149.4439334278952","-1040.9596832334423","-1040.9596832334423","-1040.9596832334423","-1461.531927615182","-1461.531927615182","-1461.531927615182","-1414.6086411826302","-1414.6086411826302","-1414.6086411826302","-1174.8441838165272","-1174.8441838165272","-1174.8441838165272","-1324.0047249625864","-1324.0047249625864","-1324.0047249625864","-1009.1385939021138","-1009.1385939021138","-1009.1385939021138","-1443.6663968738542","-1443.6663968738542","-1443.6663968738542","-1485.9718597600925","-1485.9718597600925","-1485.9718597600925","-1295.0646453946672","-1295.0646453946672","-1295.0646453946672","-1078.322486241073","-1078.322486241073","-1078.322486241073","-799.9233802834287","-799.9233802834287","-799.9233802834287","-915.8047525638416","-915.8047525638416","-915.8047525638416","-1329.3192461558824","-1329.3192461558824","-1329.3192461558824","-1169.747328941799","-1169.747328941799","-1169.747328941799"
"3300","-1017.3801373576695","-1017.3801373576695","-1017.3801373576695","-1559.5358786447136","-1559.5358786447136","-1559.5358786447136","-710.7777204889162","-710.7777204889162","-710.7777204889162","-1248.732231970778","-1248.732231970778","-1248.732231970778","-968.1769215682407","-968.1769215682407","-968.1769215682407","-1332.0951523663678","-1332.0951523663678","-1332.0951523663678","-1119.797674675753","-1119.797674675753","-1119.797674675753","-1359.354065853887","-1359.354065853887","-1359.354065853887","-1141.4684189464936","-1141.4684189464936","-1141.4684189464936","-1239.6526857499468","-1239.6526857499468","-1239.6526857499468","-1485.7594466178862","-1485.7594466178862","-1485.7594466178862","-1511.1700952539484","-1511.1700952539484","-1511.1700952539484","-1133.8683759286523","-1133.8683759286523","-1133.8683759286523","-1276.448587014933","-1276.448587014933","-1276.448587014933","-1306.0114439859613","-1306.0114439859613","-1306.0114439859613","-969.458208879097","-969.458208879097","-969.458208879097","-1155.2464539499974","-1155.2464539499974","-1155.2464539499974","-1097.5315438943242","-1097.5315438943242","-1097.5315438943242","-1205.2878305655577","-1205.2878305655577","-1205.2878305655577","-315.43154436870753","-315.43154436870753","-315.43154436870753"
"3600","-879.4768844177008","-879.4768844177008","-879.4768844177008","-1583.2445591213886","-1583.2445591213886","-1583.2445591213886","-326.1503270580569","-326.1503270580569","-326.1503270580569","-1181.9153950472285","-1181.9153950472285","-1181.9153950472285","-942.9946261774545","-942.9946261774545","-942.9946261774545","-1053.355810253433","-1053.355810253433","-1053.355810253433","-1137.7419661412089","-1137.7419661412089","-1137.7419661412089","-1484.0233141878675","-1484.0233141878675","-1484.0233141878675","-751.0082006961168","-751.0082006961168","-751.0082006961168","-1183.8945803622532","-1183.8945803622532","-1183.8945803622532","-1376.0699256326661","-1376.0699256326661","-1376.0699256326661","-1484.8734838884984","-1484.8734838884984","-1484.8734838884984","-815.7233585101296","-815.7233585101296","-815.7233585101296","-1178.285797601191","-1178.285797601191","-1178.285797601191","-1209.5178139707168","-1209.5178139707168","-1209.5178139707168","-855.0739696787914","-855.0739696787914","-855.0739696787914","-1053.3088051531379","-1053.3088051531379","-1053.3088051531379","-1185.3408031717404","-1185.3408031717404","-1185.3408031717404","-1306.778935479701","-1306.778935479701","-1306.778935479701","-309.6043516983397","-309.6043516983397","-309.6043516983397"
"3900","-540.318747671605","-540.318747671605","-540.318747671605","-1332.4380440942018","-1332.4380440942018","-1332.4380440942018","-326.81778700134214","-326.81778700134214","-326.81778700134214","-1095.1029008576224","-1095.1029008576224","-1095.1029008576224","-959.6680682670628","-959.6680682670628","-959.6680682670628","-663.3915732548525","-663.3915732548525","-663.3915732548525","-677.1453728513187","-677.1453728513187","-677.1453728513187","-1318.9689158215429","-1318.9689158215429","-1318.9689158215429","-903.5335568825733","-903.5335568825733","-903.5335568825733","-1263.549900629591","-1263.549900629591","-1263.549900629591","-1433.6082822074504","-1433.6082822074504","-1433.6082822074504","-1485.2759364478784","-1485.2759364478784","-1485.2759364478784","-844.5571202863357","-844.5571202863357","-844.5571202863357","-1063.5086967997825","-1063.5086967997825","-1063.5086967997825","-1156.974138073807","-1156.974138073807","-1156.974138073807","-793.1487563891138","-793.1487563891138","-793.1487563891138","-1012.4305984514358","-1012.4305984514358","-1012.4305984514358","-1047.7165528436474","-1047.7165528436474","-1047.7165528436474","-1423.3865405413205","-1423.3865405413205","-1423.3865405413205","-124.94890339526039","-124.94890339526039","-124.94890339526039"
"4200","-356.99465166479604","-356.99465166479604","-356.99465166479604","-305.90966941419504","-305.90966941419504","-305.90966941419504","-321.6592717969001","-321.6592717969001","-321.6592717969001","-939.005159375439","-939.005159375439","-939.005159375439","-851.6549340635472","-851.6549340635472","-851.6549340635472","-406.2028249496505","-406.2028249496505","-406.2028249496505","-1029.8111493967558","-1029.8111493967558","-1029.8111493967558","-1150.5634574954433","-1150.5634574954433","-1150.5634574954433","-617.1429602516919","-617.1429602516919","-617.1429602516919","-1168.025295667481","-1168.025295667481","-1168.025295667481","-1185.7506103048795","-1185.7506103048795","-1185.7506103048795","-306.3022135229929","-306.3022135229929","-306.3022135229929","-794.7767391291396","-794.7767391291396","-794.7767391291396","-861.6967394438518","-861.6967394438518","-861.6967394438518","-894.9250107365071","-894.9250107365071","-894.9250107365071","-1013.0992245707952","-1013.0992245707952","-1013.0992245707952","-1247.145490314549","-1247.145490314549","-1247.145490314549","-150.86453295716933","-150.86453295716933","-150.86453295716933","-1425.5134256678143","-1425.5134256678143","-1425.5134256678143","-124.51982146350724","-124.51982146350724","-124.51982146350724"
"4500","-402.7685721243023","-402.7685721243023","-402.7685721243023","-191.58982542227068","-191.58982542227068","-191.58982542227068","-322.1562897369146","-322.1562897369146","-322.1562897369146","-792.5241503646042","-792.5241503646042","-792.5241503646042","-410.78265665671813","-410.78265665671813","-410.78265665671813","-144.99122146754698","-144.99122146754698","-144.99122146754698","-682.7635424503403","-682.7635424503403","-682.7635424503403","-895.3857235758521","-895.3857235758521","-895.3857235758521","-485.6006292611435","-485.6006292611435","-485.6006292611435","-1088.3413539355006","-1088.3413539355006","-1088.3413539355006","-690.3168514856097","-690.3168514856097","-690.3168514856097","-328.14965758613107","-328.14965758613107","-328.14965758613107","-769.939279235047","-769.939279235047","-769.939279235047","-706.204165003557","-706.204165003557","-706.204165003557","-607.8889057344777","-607.8889057344777","-607.8889057344777","-663.9106884322007","-663.9106884322007","-663.9106884322007","-1083.7754898921314","-1083.7754898921314","-1083.7754898921314","-149.97448517090913","-149.97448517090913","-149.97448517090913","-1372.355971393555","-1372.355971393555","-1372.355971393555","-122.3697741321187","-122.3697741321187","-122.3697741321187"
"4800","-430.83783737521634","-430.83783737521634","-430.83783737521634","-191.33018422336315","-191.33018422336315","-191.33018422336315","-317.43288484595666","-317.43288484595666","-317.43288484595666","-772.0937337094749","-772.0937337094749","-772.0937337094749","-437.46757482655164","-437.46757482655164","-437.46757482655164","-144.98475252090026","-144.98475252090026","-144.98475252090026","-546.2531665572114","-546.2531665572114","-546.2531665572114","-296.27476465188136","-296.27476465188136","-296.27476465188136","-605.783394820945","-605.783394820945","-605.783394820945","-445.40657218094674","-445.40657218094674","-445.40657218094674","-336.6992557098854","-336.6992557098854","-336.6992557098854","-300.278266523831","-300.278266523831","-300.278266523831","-643.1476112989659","-643.1476112989659","-643.1476112989659","-786.0096157096202","-786.0096157096202","-786.0096157096202","-603.2556202122165","-603.2556202122165","-603.2556202122165","-260.22800493461534","-260.22800493461534","-260.22800493461534","-872.5151951948459","-872.5151951948459","-872.5151951948459","-150.9583688357232","-150.9583688357232","-150.9583688357232","-1070.9246659510216","-1070.9246659510216","-1070.9246659510216","-122.07715354203299","-122.07715354203299","-122.07715354203299"
"5100","-299.8515512631765","-299.8515512631765","-299.8515512631765","-213.91513653388705","-213.91513653388705","-213.91513653388705","-305.503490746436","-305.503490746436","-305.503490746436","-689.6915547572619","-689.6915547572619","-689.6915547572619","-149.24062232365503","-149.24062232365503","-149.24062232365503","-145.09163921921296","-145.09163921921296","-145.09163921921296","-625.3448561154237","-625.3448561154237","-625.3448561154237","-102.92725717637441","-102.92725717637441","-102.92725717637441","-474.6000557753293","-474.6000557753293","-474.6000557753293","-628.848474359206","-628.848474359206","-628.848474359206","-204.32578568531224","-204.32578568531224","-204.32578568531224","-178.67155264432054","-178.67155264432054","-178.67155264432054","-619.6943796975362","-619.6943796975362","-619.6943796975362","-536.3735559174194","-536.3735559174194","-536.3735559174194","-574.1227529927572","-574.1227529927572","-574.1227529927572","-145.92503763185272","-145.92503763185272","-145.92503763185272","-751.6710376305107","-751.6710376305107","-751.6710376305107","-126.71590409066116","-126.71590409066116","-126.71590409066116","-976.4285460021754","-976.4285460021754","-976.4285460021754","-122.4510321394733","-122.4510321394733","-122.4510321394733"
"5400","-170.8411887592701","-170.8411887592701","-170.8411887592701","-213.84346330222556","-213.84346330222556","-213.84346330222556","-267.7367788985644","-267.7367788985644","-267.7367788985644","-512.5089869896931","-512.5089869896931","-512.5089869896931","-150.28873381927056","-150.28873381927056","-150.28873381927056","-144.21770599012763","-144.21770599012763","-144.21770599012763","-503.5332153369829","-503.5332153369829","-503.5332153369829","-104.73584059875304","-104.73584059875304","-104.73584059875304","-362.55406618962235","-362.55406618962235","-362.55406618962235","-555.9420885269055","-555.9420885269055","-555.9420885269055","-226.82683090140125","-226.82683090140125","-226.82683090140125","-250.97809470153442","-250.97809470153442","-250.97809470153442","-628.4563753257166","-628.4563753257166","-628.4563753257166","-727.905488621953","-727.905488621953","-727.905488621953","-711.3120956328283","-711.3120956328283","-711.3120956328283","-121.61841450482011","-121.61841450482011","-121.61841450482011","-620.6749781104978","-620.6749781104978","-620.6749781104978","-126.48321467155083","-126.48321467155083","-126.48321467155083","-554.8520140588137","-554.8520140588137","-554.8520140588137","-122.57310474842625","-122.57310474842625","-122.57310474842625"
"5700","-143.61717365864132","-143.61717365864132","-143.61717365864132","-214.51164248328422","-214.51164248328422","-214.51164248328422","-320.5400750444179","-320.5400750444179","-320.5400750444179","-386.2996870437112","-386.2996870437112","-386.2996870437112","-150.3194873168721","-150.3194873168721","-150.3194873168721","-147.23650207026859","-147.23650207026859","-147.23650207026859","-376.9892954868458","-376.9892954868458","-376.9892954868458","-103.96103945725515","-103.96103945725515","-103.96103945725515","-376.3251613079594","-376.3251613079594","-376.3251613079594","-380.88038049508833","-380.88038049508833","-380.88038049508833","-280.21501295399014","-280.21501295399014","-280.21501295399014","-173.39493637226693","-173.39493637226693","-173.39493637226693","-537.0551133106188","-537.0551133106188","-537.0551133106188","-733.2458824069012","-733.2458824069012","-733.2458824069012","-532.4272885993641","-532.4272885993641","-532.4272885993641","-122.34937292210782","-122.34937292210782","-122.34937292210782","-307.45452137159924","-307.45452137159924","-307.45452137159924","-124.38864723700965","-124.38864723700965","-124.38864723700965","-771.3058277538289","-771.3058277538289","-771.3058277538289","-121.60363127335333","-121.60363127335333","-121.60363127335333"
"6000","-143.32219659563094","-143.32219659563094","-143.32219659563094","-213.58764092344282","-213.58764092344282","-213.58764092344282","-263.1204043373631","-263.1204043373631","-263.1204043373631","-386.5034929155969","-386.5034929155969","-386.5034929155969","-148.00158774557005","-148.00158774557005","-148.00158774557005","-145.2553243730577","-145.2553243730577","-145.2553243730577","-231.69190679858883","-231.69190679858883","-231.69190679858883","-102.40047333306022","-102.40047333306022","-102.40047333306022","-446.1317994169338","-446.1317994169338","-446.1317994169338","-434.1356713836587","-434.1356713836587","-434.1356713836587","-202.19704534991735","-202.19704534991735","-202.19704534991735","-173.92504164232932","-173.92504164232932","-173.92504164232932","-516.276265046293","-516.276265046293","-516.276265046293","-581.407920626305","-581.407920626305","-581.407920626305","-456.6164072901479","-456.6164072901479","-456.6164072901479","-122.21067693833348","-122.21067693833348","-122.21067693833348","-194.64577253441664","-194.64577253441664","-194.64577253441664","-123.47489217908716","-123.47489217908716","-123.47489217908716","-540.3625919203399","-540.3625919203399","-540.3625919203399","-121.09791557891799","-121.09791557891799","-121.09791557891799"
"6300","-143.37765061096746","-143.37765061096746","-143.37765061096746","-214.23288993868996","-214.23288993868996","-214.23288993868996","-272.898753891954","-272.898753891954","-272.898753891954","-331.7291969995084","-331.7291969995084","-331.7291969995084","-149.05232676716395","-149.05232676716395","-149.05232676716395","-145.60820533432025","-145.60820533432025","-145.60820533432025","-219.4227195100093","-219.4227195100093","-219.4227195100093","-100.5091603379649","-100.5091603379649","-100.5091603379649","-191.1580247069014","-191.1580247069014","-191.1580247069014","-263.20733502899094","-263.20733502899094","-263.20733502899094","-264.32461829949443","-264.32461829949443","-264.32461829949443","-172.49403610032195","-172.49403610032195","-172.49403610032195","-543.2128267235812","-543.2128267235812","-543.2128267235812","-394.0853050796417","-394.0853050796417","-394.0853050796417","-334.355737666608","-334.355737666608","-334.355737666608","-120.2906393977778","-120.2906393977778","-120.2906393977778","-143.64496271337757","-143.64496271337757","-143.64496271337757","-123.31304873268861","-123.31304873268861","-123.31304873268861","-349.95769602225323","-349.95769602225323","-349.95769602225323","-121.21135790255767","-121.21135790255767","-121.21135790255767"
"6600","-143.07711658380967","-143.07711658380967","-143.07711658380967","-214.31498815622126","-214.31498815622126","-214.31498815622126","-245.21079493986196","-245.21079493986196","-245.21079493986196","-332.35728606319753","-332.35728606319753","-332.35728606319753","-148.01031661793536","-148.01031661793536","-148.01031661793536","-143.0909207143618","-143.0909207143618","-143.0909207143618","-217.9554436578866","-217.9554436578866","-217.9554436578866","-101.40682120451234","-101.40682120451234","-101.40682120451234","-190.3096631775001","-190.3096631775001","-190.3096631775001","-209.2543975390218","-209.2543975390218","-209.2543975390218","-149.485889599125","-149.485889599125","-149.485889599125","-170.56136029624486","-170.56136029624486","-170.56136029624486","-510.7097968776131","-510.7097968776131","-510.7097968776131","-330.292040270787","-330.292040270787","-330.292040270787","-182.12237731056103","-182.12237731056103","-182.12237731056103","-121.24912472803419","-121.24912472803419","-121.24912472803419","-144.33066230829846","-144.33066230829846","-144.33066230829846","-121.3218267627102","-121.3218267627102","-121.3218267627102","-243.675696129032","-243.675696129032","-243.675696129032","-120.74008766166733","-120.74008766166733","-120.74008766166733"
"6900","-144.0977813432492","-144.0977813432492","-144.0977813432492","-214.14776777858","-214.14776777858","-214.14776777858","-246.53269785268012","-246.53269785268012","-246.53269785268012","-327.6485514782431","-327.6485514782431","-327.6485514782431","-147.1369072605034","-147.1369072605034","-147.1369072605034","-143.41776734566062","-143.41776734566062","-143.41776734566062","-192.82309033183307","-192.82309033183307","-192.82309033183307","-98.18000455429163","-98.18000455429163","-98.18000455429163","-190.5073082713367","-190.5073082713367","-190.5073082713367","-201.07252527827893","-201.07252527827893","-201.07252527827893","-150.37783099255878","-150.37783099255878","-150.37783099255878","-170.7489268940505","-170.7489268940505","-170.7489268940505","-508.83272530056786","-508.83272530056786","-508.83272530056786","-206.12926879990056","-206.12926879990056","-206.12926879990056","-173.93045536614525","-173.93045536614525","-173.93045536614525","-120.68515932540556","-120.68515932540556","-120.68515932540556","-143.49361868723128","-143.49361868723128","-143.49361868723128","-120.5487310973336","-120.5487310973336","-120.5487310973336","-265.9513368136462","-265.9513368136462","-265.9513368136462","-120.39866070102487","-120.39866070102487","-120.39866070102487"
"7200","-146.1008639277732","-146.1008639277732","-146.1008639277732","-216.32976695730932","-216.32976695730932","-216.32976695730932","-246.0942218958005","-246.0942218958005","-246.0942218958005","-326.57915859013593","-326.57915859013593","-326.57915859013593","-148.15022870631623","-148.15022870631623","-148.15022870631623","-142.66124994489047","-142.66124994489047","-142.66124994489047","-190.73367961645013","-190.73367961645013","-190.73367961645013","-98.48997440144151","-98.48997440144151","-98.48997440144151","-192.09890431539228","-192.09890431539228","-192.09890431539228","-249.45263449561799","-249.45263449561799","-249.45263449561799","-149.5244539575587","-149.5244539575587","-149.5244539575587","-170.0910441325829","-170.0910441325829","-170.0910441325829","-455.3588353942682","-455.3588353942682","-455.3588353942682","-207.04624990946778","-207.04624990946778","-207.04624990946778","-170.4476488095823","-170.4476488095823","-170.4476488095823","-122.05016385251388","-122.05016385251388","-122.05016385251388","-145.7262734045964","-145.7262734045964","-145.7262734045964","-121.37058601751994","-121.37058601751994","-121.37058601751994","-193.03403446143673","-193.03403446143673","-193.03403446143673","-120.98056719561005","-120.98056719561005","-120.98056719561005"
"7500","-143.86225510740297","-143.86225510740297","-143.86225510740297","-216.46575347186462","-216.46575347186462","-216.46575347186462","-246.5838830499983","-246.5838830499983","-246.5838830499983","-321.988755104818","-321.988755104818","-321.988755104818","-144.8658721089879","-144.8658721089879","-144.8658721089879","-143.25098699287875","-143.25098699287875","-143.25098699287875","-190.88335242634963","-190.88335242634963","-190.88335242634963","-98.63089771107283","-98.63089771107283","-98.63089771107283","-188.7168627363193","-188.7168627363193","-188.7168627363193","-387.11342788530914","-387.11342788530914","-387.11342788530914","-149.2710345559317","-149.2710345559317","-149.2710345559317","-170.06723724445854","-170.06723724445854","-170.06723724445854","-463.4045975074324","-463.4045975074324","-463.4045975074324","-207.03045677926178","-207.03045677926178","-207.03045677926178","-171.74383657706727","-171.74383657706727","-171.74383657706727","-121.36697146933648","-121.36697146933648","-121.36697146933648","-144.28825638262762","-144.28825638262762","-144.28825638262762","-121.5327051819855","-121.5327051819855","-121.5327051819855","-219.49013843585885","-219.49013843585885","-219.49013843585885","-120.10130367703258","-120.10130367703258","-120.10130367703258"
"7800","-145.12414058950188","-145.12414058950188","-145.12414058950188","-192.06066198723903","-192.06066198723903","-192.06066198723903","-247.4805577283354","-247.4805577283354","-247.4805577283354","-323.48418517630245","-323.48418517630245","-323.48418517630245","-148.41761510870154","-148.41761510870154","-148.41761510870154","-143.93457705401985","-143.93457705401985","-143.93457705401985","-191.12948132124637","-191.12948132124637","-191.12948132124637","-98.47758824638495","-98.47758824638495","-98.47758824638495","-190.00110353882613","-190.00110353882613","-190.00110353882613","-156.53211256680305","-156.53211256680305","-156.53211256680305","-150.08090973973142","-150.08090973973142","-150.08090973973142","-169.47912238702241","-169.47912238702241","-169.47912238702241","-381.6325265031418","-381.6325265031418","-381.6325265031418","-208.4196868749878","-208.4196868749878","-208.4196868749878","-170.48493662453387","-170.48493662453387","-170.48493662453387","-120.04402359430041","-120.04402359430041","-120.04402359430041","-143.59620453251085","-143.59620453251085","-143.59620453251085","-120.74145711625053","-120.74145711625053","-120.74145711625053","-220.3942313414318","-220.3942313414318","-220.3942313414318","-146.14296414987922","-146.14296414987922","-146.14296414987922"
"8100","-144.36116307018628","-144.36116307018628","-144.36116307018628","-217.32920088428264","-217.32920088428264","-217.32920088428264","-247.18599552261958","-247.18599552261958","-247.18599552261958","-295.0132673163639","-295.0132673163639","-295.0132673163639","-150.05272829368386","-150.05272829368386","-150.05272829368386","-143.87149863839156","-143.87149863839156","-143.87149863839156","-191.7904907182334","-191.7904907182334","-191.7904907182334","-99.13752131649521","-99.13752131649521","-99.13752131649521","-189.47665057566832","-189.47665057566832","-189.47665057566832","-143.04644147085673","-143.04644147085673","-143.04644147085673","-148.14705607402328","-148.14705607402328","-148.14705607402328","-169.059775380298","-169.059775380298","-169.059775380298","-381.5616546564752","-381.5616546564752","-381.5616546564752","-209.3961032977375","-209.3961032977375","-209.3961032977375","-170.48294664390343","-170.48294664390343","-170.48294664390343","-120.2929925052039","-120.2929925052039","-120.2929925052039","-143.3304862003272","-143.3304862003272","-143.3304862003272","-119.72375528466505","-119.72375528466505","-119.72375528466505","-168.61676985842934","-168.61676985842934","-168.61676985842934","-120.11940670344555","-120.11940670344555","-120.11940670344555"
"8400","-143.5276416104045","-143.5276416104045","-143.5276416104045","-244.42502566468252","-244.42502566468252","-244.42502566468252","-246.54687116282648","-246.54687116282648","-246.54687116282648","-295.8516473482171","-295.8516473482171","-295.8516473482171","-225.22954956842432","-225.22954956842432","-225.22954956842432","-140.87442158228862","-140.87442158228862","-140.87442158228862","-191.05074688426436","-191.05074688426436","-191.05074688426436","-100.26078525199969","-100.26078525199969","-100.26078525199969","-192.80413743343365","-192.80413743343365","-192.80413743343365","-146.29513493627925","-146.29513493627925","-146.29513493627925","-147.9426077309495","-147.9426077309495","-147.9426077309495","-169.11336181954442","-169.11336181954442","-169.11336181954442","-255.57675159153874","-255.57675159153874","-255.57675159153874","-211.37638877029113","-211.37638877029113","-211.37638877029113","-169.5553083681114","-169.5553083681114","-169.5553083681114","-121.03244465895143","-121.03244465895143","-121.03244465895143","-143.28191035755512","-143.28191035755512","-143.28191035755512","-119.66546737319354","-119.66546737319354","-119.66546737319354","-168.9826406891181","-168.9826406891181","-168.9826406891181","-120.02831830692912","-120.02831830692912","-120.02831830692912"
"8700","-143.22147656749425","-143.22147656749425","-143.22147656749425","-192.089730323472","-192.089730323472","-192.089730323472","-248.33110723361142","-248.33110723361142","-248.33110723361142","-297.9321747932939","-297.9321747932939","-297.9321747932939","-152.02891494628608","-152.02891494628608","-152.02891494628608","-141.78216946862744","-141.78216946862744","-141.78216946862744","-190.22650749315562","-190.22650749315562","-190.22650749315562","-99.70021726095024","-99.70021726095024","-99.70021726095024","-190.00403972917235","-190.00403972917235","-190.00403972917235","-139.20814846258503","-139.20814846258503","-139.20814846258503","-147.9097910009099","-147.9097910009099","-147.9097910009099","-168.68870676012767","-168.68870676012767","-168.68870676012767","-126.74074418435904","-126.74074418435904","-126.74074418435904","-207.56268657041028","-207.56268657041028","-207.56268657041028","-168.84725477613478","-168.84725477613478","-168.84725477613478","-120.57764427354343","-120.57764427354343","-120.57764427354343","-143.1473872781807","-143.1473872781807","-143.1473872781807","-119.1399348283455","-119.1399348283455","-119.1399348283455","-270.29258811032776","-270.29258811032776","-270.29258811032776","-119.9689704233839","-119.9689704233839","-119.9689704233839"
"9000","-316.78601419221184","-316.78601419221184","-316.78601419221184","-192.92737607854693","-192.92737607854693","-192.92737607854693","-252.0367951239786","-252.0367951239786","-252.0367951239786","-297.8738175094714","-297.8738175094714","-297.8738175094714","-146.92827833731414","-146.92827833731414","-146.92827833731414","-144.04665728220886","-144.04665728220886","-144.04665728220886","-189.256800120617","-189.256800120617","-189.256800120617","-99.691977047889","-99.691977047889","-99.691977047889","-190.58451093381888","-190.58451093381888","-190.58451093381888","-136.33455717046485","-136.33455717046485","-136.33455717046485","-147.8795681231362","-147.8795681231362","-147.8795681231362","-168.94461497948004","-168.94461497948004","-168.94461497948004","-128.37107627234386","-128.37107627234386","-128.37107627234386","-208.81972176732316","-208.81972176732316","-208.81972176732316","-169.54224094087382","-169.54224094087382","-169.54224094087382","-120.3077377271641","-120.3077377271641","-120.3077377271641","-144.17971565488182","-144.17971565488182","-144.17971565488182","-119.39537214177658","-119.39537214177658","-119.39537214177658","-320.91562524491354","-320.91562524491354","-320.91562524491354","-119.7172765646144","-119.7172765646144","-119.7172765646144"
"9300","-147.7908224576991","-147.7908224576991","-147.7908224576991","-215.37937978767823","-215.37937978767823","-215.37937978767823","-246.6290464631458","-246.6290464631458","-246.6290464631458","-303.3887195356838","-303.3887195356838","-303.3887195356838","-148.00658221103575","-148.00658221103575","-148.00658221103575","-143.02857822157395","-143.02857822157395","-143.02857822157395","-215.81248412288096","-215.81248412288096","-215.81248412288096","-100.09696695921988","-100.09696695921988","-100.09696695921988","-190.33845592768694","-190.33845592768694","-190.33845592768694","-135.1197343111957","-135.1197343111957","-135.1197343111957","-147.67554484278384","-147.67554484278384","-147.67554484278384","-169.2393947310636","-169.2393947310636","-169.2393947310636","-125.34882190435818","-125.34882190435818","-125.34882190435818","-208.48207141191475","-208.48207141191475","-208.48207141191475","-170.07377060756647","-170.07377060756647","-170.07377060756647","-120.95070163515182","-120.95070163515182","-120.95070163515182","-143.18568970591906","-143.18568970591906","-143.18568970591906","-119.4208443371333","-119.4208443371333","-119.4208443371333","-399.3426168630352","-399.3426168630352","-399.3426168630352","-120.54204467370296","-120.54204467370296","-120.54204467370296"
"9600","-225.51026641210237","-225.51026641210237","-225.51026641210237","-191.69293187313673","-191.69293187313673","-191.69293187313673","-242.8737854065712","-242.8737854065712","-242.8737854065712","-296.39979203659334","-296.39979203659334","-296.39979203659334","-198.66135735118493","-198.66135735118493","-198.66135735118493","-143.3918278714158","-143.3918278714158","-143.3918278714158","-189.155372398553","-189.155372398553","-189.155372398553","-100.8709526824191","-100.8709526824191","-100.8709526824191","-189.63209240953898","-189.63209240953898","-189.63209240953898","-134.5563841190614","-134.5563841190614","-134.5563841190614","-147.60910561028453","-147.60910561028453","-147.60910561028453","-169.9559520477228","-169.9559520477228","-169.9559520477228","-124.73414577327314","-124.73414577327314","-124.73414577327314","-207.04572868114465","-207.04572868114465","-207.04572868114465","-169.86139223328155","-169.86139223328155","-169.86139223328155","-120.67035530992757","-120.67035530992757","-120.67035530992757","-142.96123499595575","-142.96123499595575","-142.96123499595575","-120.38191375681774","-120.38191375681774","-120.38191375681774","-320.83232964788897","-320.83232964788897","-320.83232964788897","-121.08400784107997","-121.08400784107997","-121.08400784107997"
"9900","-198.24905619710017","-198.24905619710017","-198.24905619710017","-216.90590517631023","-216.90590517631023","-216.90590517631023","-241.74593900298905","-241.74593900298905","-241.74593900298905","-296.4480694724246","-296.4480694724246","-296.4480694724246","-199.16301991896142","-199.16301991896142","-199.16301991896142","-144.42700957285825","-144.42700957285825","-144.42700957285825","-189.81051136959752","-189.81051136959752","-189.81051136959752","-101.06206073276135","-101.06206073276135","-101.06206073276135","-190.73204769024292","-190.73204769024292","-190.73204769024292","-135.18606361196174","-135.18606361196174","-135.18606361196174","-147.3312101107619","-147.3312101107619","-147.3312101107619","-170.65145219606532","-170.65145219606532","-170.65145219606532","-123.54271620141151","-123.54271620141151","-123.54271620141151","-206.7632250553218","-206.7632250553218","-206.7632250553218","-169.3251576494801","-169.3251576494801","-169.3251576494801","-121.65662809819955","-121.65662809819955","-121.65662809819955","-142.876333799859","-142.876333799859","-142.876333799859","-120.11256319368113","-120.11256319368113","-120.11256319368113","-423.9666454180318","-423.9666454180318","-423.9666454180318","-120.19713754468671","-120.19713754468671","-120.19713754468671"
"10200","-202.03821844786862","-202.03821844786862","-202.03821844786862","-192.76443371561695","-192.76443371561695","-192.76443371561695","-241.85925812757893","-241.85925812757893","-241.85925812757893","-308.25153567173174","-308.25153567173174","-308.25153567173174","-330.97183834866837","-330.97183834866837","-330.97183834866837","-145.16778152718325","-145.16778152718325","-145.16778152718325","-190.6676834330628","-190.6676834330628","-190.6676834330628","-101.56021078125436","-101.56021078125436","-101.56021078125436","-190.69013862899402","-190.69013862899402","-190.69013862899402","-133.37374115620256","-133.37374115620256","-133.37374115620256","-147.42913156288316","-147.42913156288316","-147.42913156288316","-169.71419142999366","-169.71419142999366","-169.71419142999366","-126.13372268597098","-126.13372268597098","-126.13372268597098","-206.4835083965683","-206.4835083965683","-206.4835083965683","-170.58368763251673","-170.58368763251673","-170.58368763251673","-120.7587840182257","-120.7587840182257","-120.7587840182257","-142.4147141906582","-142.4147141906582","-142.4147141906582","-119.36868626148298","-119.36868626148298","-119.36868626148298","-372.5493432431006","-372.5493432431006","-372.5493432431006","-120.31884581874337","-120.31884581874337","-120.31884581874337"
"10500","-444.001520209854","-444.001520209854","-444.001520209854","-192.1380263917153","-192.1380263917153","-192.1380263917153","-244.44119391259605","-244.44119391259605","-244.44119391259605","-300.9365633308465","-300.9365633308465","-300.9365633308465","-253.01784369017986","-253.01784369017986","-253.01784369017986","-144.76183756158255","-144.76183756158255","-144.76183756158255","-189.81861930089704","-189.81861930089704","-189.81861930089704","-100.52365714716147","-100.52365714716147","-100.52365714716147","-188.96403981557705","-188.96403981557705","-188.96403981557705","-131.8769081953181","-131.8769081953181","-131.8769081953181","-147.41307880980213","-147.41307880980213","-147.41307880980213","-170.39506888657655","-170.39506888657655","-170.39506888657655","-123.32223885391718","-123.32223885391718","-123.32223885391718","-208.93645172772418","-208.93645172772418","-208.93645172772418","-168.84691577063955","-168.84691577063955","-168.84691577063955","-120.91834580033378","-120.91834580033378","-120.91834580033378","-142.50289482564813","-142.50289482564813","-142.50289482564813","-119.28744553516981","-119.28744553516981","-119.28744553516981","-471.4981981321322","-471.4981981321322","-471.4981981321322","-119.80425204042399","-119.80425204042399","-119.80425204042399"
"10800","-249.6650147582627","-249.6650147582627","-249.6650147582627","-194.01859892206676","-194.01859892206676","-194.01859892206676","-242.3993515584681","-242.3993515584681","-242.3993515584681","-308.7627512082455","-308.7627512082455","-308.7627512082455","-412.50660291447446","-412.50660291447446","-412.50660291447446","-274.22984849093564","-274.22984849093564","-274.22984849093564","-188.9051851860203","-188.9051851860203","-188.9051851860203","-100.87259531362663","-100.87259531362663","-100.87259531362663","-192.11729340054222","-192.11729340054222","-192.11729340054222","-130.36140560116837","-130.36140560116837","-130.36140560116837","-147.2930009518255","-147.2930009518255","-147.2930009518255","-169.91759447893406","-169.91759447893406","-169.91759447893406","-129.9961467209131","-129.9961467209131","-129.9961467209131","-208.60362574172058","-208.60362574172058","-208.60362574172058","-170.90021973398436","-170.90021973398436","-170.90021973398436","-120.52571828833015","-120.52571828833015","-120.52571828833015","-142.4030516329662","-142.4030516329662","-142.4030516329662","-119.08221576164942","-119.08221576164942","-119.08221576164942","-295.3343892851128","-295.3343892851128","-295.3343892851128","-121.22063707918846","-121.22063707918846","-121.22063707918846"
"11100","-146.62610987708933","-146.62610987708933","-146.62610987708933","-192.71643131716556","-192.71643131716556","-192.71643131716556","-243.91122837665534","-243.91122837665534","-243.91122837665534","-309.2093609778293","-309.2093609778293","-309.2093609778293","-494.2958707642136","-494.2958707642136","-494.2958707642136","-263.4606549953106","-263.4606549953106","-263.4606549953106","-189.01332189703848","-189.01332189703848","-189.01332189703848","-101.90204813684826","-101.90204813684826","-101.90204813684826","-188.49281046311685","-188.49281046311685","-188.49281046311685","-131.1356633086763","-131.1356633086763","-131.1356633086763","-146.67772788971544","-146.67772788971544","-146.67772788971544","-170.0461625820651","-170.0461625820651","-170.0461625820651","-123.01260729635206","-123.01260729635206","-123.01260729635206","-207.73696311228187","-207.73696311228187","-207.73696311228187","-169.79809792434236","-169.79809792434236","-169.79809792434236","-120.84856216636788","-120.84856216636788","-120.84856216636788","-142.3509367749924","-142.3509367749924","-142.3509367749924","-119.01824403182816","-119.01824403182816","-119.01824403182816","-373.68975921883384","-373.68975921883384","-373.68975921883384","-121.48268814728699","-121.48268814728699","-121.48268814728699"
"11400","-145.0637367236856","-145.0637367236856","-145.0637367236856","-191.401131949859","-191.401131949859","-191.401131949859","-243.4634500031038","-243.4634500031038","-243.4634500031038","-308.0953508346613","-308.0953508346613","-308.0953508346613","-561.572008191624","-561.572008191624","-561.572008191624","-150.38759796013466","-150.38759796013466","-150.38759796013466","-190.0936087982979","-190.0936087982979","-190.0936087982979","-101.83203546266569","-101.83203546266569","-101.83203546266569","-190.65496875862937","-190.65496875862937","-190.65496875862937","-128.18056040418472","-128.18056040418472","-128.18056040418472","-146.51583253161934","-146.51583253161934","-146.51583253161934","-170.27695395119557","-170.27695395119557","-170.27695395119557","-125.20007222436678","-125.20007222436678","-125.20007222436678","-208.15121565038203","-208.15121565038203","-208.15121565038203","-382.20805136750187","-382.20805136750187","-382.20805136750187","-121.42290144909086","-121.42290144909086","-121.42290144909086","-142.79782363181135","-142.79782363181135","-142.79782363181135","-118.97211927979777","-118.97211927979777","-118.97211927979777","-295.831249319525","-295.831249319525","-295.831249319525","-120.00787912153373","-120.00787912153373","-120.00787912153373"
"11700","-175.01520907369192","-175.01520907369192","-175.01520907369192","-193.21871499954673","-193.21871499954673","-193.21871499954673","-243.03886705263326","-243.03886705263326","-243.03886705263326","-309.99611771510155","-309.99611771510155","-309.99611771510155","-485.32263023359866","-485.32263023359866","-485.32263023359866","-191.40482827177755","-191.40482827177755","-191.40482827177755","-190.09321841659693","-190.09321841659693","-190.09321841659693","-102.89455926850681","-102.89455926850681","-102.89455926850681","-191.71448839738","-191.71448839738","-191.71448839738","-127.1307754058161","-127.1307754058161","-127.1307754058161","-146.3952084095487","-146.3952084095487","-146.3952084095487","-170.69985692895358","-170.69985692895358","-170.69985692895358","-125.75343960167376","-125.75343960167376","-125.75343960167376","-207.27047401179357","-207.27047401179357","-207.27047401179357","-222.4103706895359","-222.4103706895359","-222.4103706895359","-121.1988024967391","-121.1988024967391","-121.1988024967391","-143.10506548260977","-143.10506548260977","-143.10506548260977","-118.94895512211421","-118.94895512211421","-118.94895512211421","-449.02746666433615","-449.02746666433615","-449.02746666433615","-120.28948984704057","-120.28948984704057","-120.28948984704057"
"12000","-145.28450948469487","-145.28450948469487","-145.28450948469487","-193.24973172648828","-193.24973172648828","-193.24973172648828","-243.86491827821496","-243.86491827821496","-243.86491827821496","-303.2636812592897","-303.2636812592897","-303.2636812592897","-545.6224975586359","-545.6224975586359","-545.6224975586359","-146.68801788552284","-146.68801788552284","-146.68801788552284","-190.0573609069611","-190.0573609069611","-190.0573609069611","-124.01963027398055","-124.01963027398055","-124.01963027398055","-191.05885465266812","-191.05885465266812","-191.05885465266812","-130.38886498043934","-130.38886498043934","-130.38886498043934","-145.05452531206265","-145.05452531206265","-145.05452531206265","-172.35351636809108","-172.35351636809108","-172.35351636809108","-124.47081925823429","-124.47081925823429","-124.47081925823429","-206.87177198008104","-206.87177198008104","-206.87177198008104","-196.78910134186162","-196.78910134186162","-196.78910134186162","-121.31941064521293","-121.31941064521293","-121.31941064521293","-142.7301136788354","-142.7301136788354","-142.7301136788354","-119.0546478823369","-119.0546478823369","-119.0546478823369","-346.2980964705454","-346.2980964705454","-346.2980964705454","-120.11323535502201","-120.11323535502201","-120.11323535502201"
"12300","-146.53229293548068","-146.53229293548068","-146.53229293548068","-216.66923885343857","-216.66923885343857","-216.66923885343857","-244.63607372264386","-244.63607372264386","-244.63607372264386","-302.8786580633111","-302.8786580633111","-302.8786580633111","-581.3563369498358","-581.3563369498358","-581.3563369498358","-396.6357073885032","-396.6357073885032","-396.6357073885032","-190.11437764107103","-190.11437764107103","-190.11437764107103","-99.98470801240803","-99.98470801240803","-99.98470801240803","-190.93986120997482","-190.93986120997482","-190.93986120997482","-131.06208181462165","-131.06208181462165","-131.06208181462165","-145.63367787331796","-145.63367787331796","-145.63367787331796","-173.49751697406322","-173.49751697406322","-173.49751697406322","-128.087430359747","-128.087430359747","-128.087430359747","-206.4114533227064","-206.4114533227064","-206.4114533227064","-366.5175137867029","-366.5175137867029","-366.5175137867029","-122.00317100925515","-122.00317100925515","-122.00317100925515","-143.78378358688667","-143.78378358688667","-143.78378358688667","-120.02339183629181","-120.02339183629181","-120.02339183629181","-220.84026777254735","-220.84026777254735","-220.84026777254735","-120.47026203455275","-120.47026203455275","-120.47026203455275"
"12600","-146.51190462399632","-146.51190462399632","-146.51190462399632","-191.9167167873251","-191.9167167873251","-191.9167167873251","-243.43377149966415","-243.43377149966415","-243.43377149966415","-303.2752109570406","-303.2752109570406","-303.2752109570406","-615.6795198955632","-615.6795198955632","-615.6795198955632","-417.63825836914503","-417.63825836914503","-417.63825836914503","-215.89963111405723","-215.89963111405723","-215.89963111405723","-99.38263199760736","-99.38263199760736","-99.38263199760736","-191.927854590568","-191.927854590568","-191.927854590568","-131.08606314885054","-131.08606314885054","-131.08606314885054","-146.28839265918361","-146.28839265918361","-146.28839265918361","-173.22507230953613","-173.22507230953613","-173.22507230953613","-127.6471089724885","-127.6471089724885","-127.6471089724885","-209.6995904771723","-209.6995904771723","-209.6995904771723","-196.7106075057927","-196.7106075057927","-196.7106075057927","-121.99359919590795","-121.99359919590795","-121.99359919590795","-142.45898633679275","-142.45898633679275","-142.45898633679275","-119.0135409365517","-119.0135409365517","-119.0135409365517","-168.1700069474856","-168.1700069474856","-168.1700069474856","-120.71724681306443","-120.71724681306443","-120.71724681306443"
"12900","-223.5280883372563","-223.5280883372563","-223.5280883372563","-193.22840477234737","-193.22840477234737","-193.22840477234737","-244.7506093185828","-244.7506093185828","-244.7506093185828","-429.8002833146173","-429.8002833146173","-429.8002833146173","-703.8234880223337","-703.8234880223337","-703.8234880223337","-362.12138716221386","-362.12138716221386","-362.12138716221386","-373.69188231566443","-373.69188231566443","-373.69188231566443","-100.32775901330828","-100.32775901330828","-100.32775901330828","-191.2955480378609","-191.2955480378609","-191.2955480378609","-130.12372545976945","-130.12372545976945","-130.12372545976945","-144.5942871389256","-144.5942871389256","-144.5942871389256","-173.42033276264306","-173.42033276264306","-173.42033276264306","-203.84119212817768","-203.84119212817768","-203.84119212817768","-207.10712223480195","-207.10712223480195","-207.10712223480195","-198.3660369473203","-198.3660369473203","-198.3660369473203","-121.5314990206954","-121.5314990206954","-121.5314990206954","-142.29439949030024","-142.29439949030024","-142.29439949030024","-119.11205049825351","-119.11205049825351","-119.11205049825351","-168.44994166876214","-168.44994166876214","-168.44994166876214","-121.36456588781434","-121.36456588781434","-121.36456588781434"
"13200","-144.23363653790088","-144.23363653790088","-144.23363653790088","-192.82511539050694","-192.82511539050694","-192.82511539050694","-244.06076305885","-244.06076305885","-244.06076305885","-467.4131585135727","-467.4131585135727","-467.4131585135727","-723.0588758318643","-723.0588758318643","-723.0588758318643","-148.60345653648773","-148.60345653648773","-148.60345653648773","-238.61531011334418","-238.61531011334418","-238.61531011334418","-100.68150188243571","-100.68150188243571","-100.68150188243571","-191.60944784874192","-191.60944784874192","-191.60944784874192","-133.6723900306593","-133.6723900306593","-133.6723900306593","-144.72348757560755","-144.72348757560755","-144.72348757560755","-223.86814361530938","-223.86814361530938","-223.86814361530938","-127.34574904677584","-127.34574904677584","-127.34574904677584","-208.5566994500793","-208.5566994500793","-208.5566994500793","-170.9859667231011","-170.9859667231011","-170.9859667231011","-121.17159910507698","-121.17159910507698","-121.17159910507698","-142.685457301755","-142.685457301755","-142.685457301755","-120.22702982432675","-120.22702982432675","-120.22702982432675","-167.25997091592424","-167.25997091592424","-167.25997091592424","-120.98565112040828","-120.98565112040828","-120.98565112040828"
"13500","-147.25991917913151","-147.25991917913151","-147.25991917913151","-191.26530615749837","-191.26530615749837","-191.26530615749837","-241.58980038289528","-241.58980038289528","-241.58980038289528","-309.2471040395823","-309.2471040395823","-309.2471040395823","-650.891537559678","-650.891537559678","-650.891537559678","-323.8157521726793","-323.8157521726793","-323.8157521726793","-265.03195958935027","-265.03195958935027","-265.03195958935027","-126.30249317945156","-126.30249317945156","-126.30249317945156","-192.77734876324524","-192.77734876324524","-192.77734876324524","-330.84302945386037","-330.84302945386037","-330.84302945386037","-144.37399582961015","-144.37399582961015","-144.37399582961015","-173.9612898359854","-173.9612898359854","-173.9612898359854","-128.03137548314766","-128.03137548314766","-128.03137548314766","-234.6205970442592","-234.6205970442592","-234.6205970442592","-223.45888635600144","-223.45888635600144","-223.45888635600144","-121.64559690711538","-121.64559690711538","-121.64559690711538","-144.05316511208602","-144.05316511208602","-144.05316511208602","-119.2752702391551","-119.2752702391551","-119.2752702391551","-168.08585830996665","-168.08585830996665","-168.08585830996665","-121.06055884322157","-121.06055884322157","-121.06055884322157"
"13800","-147.34880843464722","-147.34880843464722","-147.34880843464722","-217.90606091359328","-217.90606091359328","-217.90606091359328","-242.59111831256442","-242.59111831256442","-242.59111831256442","-303.86860600734616","-303.86860600734616","-303.86860600734616","-722.7895820781272","-722.7895820781272","-722.7895820781272","-151.86062053698672","-151.86062053698672","-151.86062053698672","-212.76541820090165","-212.76541820090165","-212.76541820090165","-125.01359628648757","-125.01359628648757","-125.01359628648757","-187.81395943140004","-187.81395943140004","-187.81395943140004","-426.88106102480776","-426.88106102480776","-426.88106102480776","-145.46655592649364","-145.46655592649364","-145.46655592649364","-224.2654498233024","-224.2654498233024","-224.2654498233024","-126.22080617477563","-126.22080617477563","-126.22080617477563","-210.3672190886451","-210.3672190886451","-210.3672190886451","-252.15472952084534","-252.15472952084534","-252.15472952084534","-121.31457655831991","-121.31457655831991","-121.31457655831991","-142.01031355243194","-142.01031355243194","-142.01031355243194","-119.47864649599471","-119.47864649599471","-119.47864649599471","-171.21194691590244","-171.21194691590244","-171.21194691590244","-121.44189595462824","-121.44189595462824","-121.44189595462824"
"14100","-146.2077507326366","-146.2077507326366","-146.2077507326366","-193.4166601873","-193.4166601873","-193.4166601873","-244.30919698160238","-244.30919698160238","-244.30919698160238","-300.8452336375666","-300.8452336375666","-300.8452336375666","-532.55103272851","-532.55103272851","-532.55103272851","-249.4531556740645","-249.4531556740645","-249.4531556740645","-212.10864756434907","-212.10864756434907","-212.10864756434907","-126.13424835731466","-126.13424835731466","-126.13424835731466","-192.8293544189592","-192.8293544189592","-192.8293544189592","-134.26502847995405","-134.26502847995405","-134.26502847995405","-144.2859587890628","-144.2859587890628","-144.2859587890628","-223.90952355712443","-223.90952355712443","-223.90952355712443","-125.50890790690207","-125.50890790690207","-125.50890790690207","-208.23019402628992","-208.23019402628992","-208.23019402628992","-355.8176936018269","-355.8176936018269","-355.8176936018269","-121.20358849525296","-121.20358849525296","-121.20358849525296","-143.7965531844922","-143.7965531844922","-143.7965531844922","-119.52838734349673","-119.52838734349673","-119.52838734349673","-167.46750883317776","-167.46750883317776","-167.46750883317776","-122.26671998322124","-122.26671998322124","-122.26671998322124"
"14400","-149.15960650722374","-149.15960650722374","-149.15960650722374","-193.79256498302382","-193.79256498302382","-193.79256498302382","-243.88138656699093","-243.88138656699093","-243.88138656699093","-303.2510321347913","-303.2510321347913","-303.2510321347913","-362.70886650119576","-362.70886650119576","-362.70886650119576","-187.70652548480265","-187.70652548480265","-187.70652548480265","-213.3115004503067","-213.3115004503067","-213.3115004503067","-99.71998771414039","-99.71998771414039","-99.71998771414039","-193.5684883349106","-193.5684883349106","-193.5684883349106","-500.0745397773504","-500.0745397773504","-500.0745397773504","-144.66579516337066","-144.66579516337066","-144.66579516337066","-224.59874558587597","-224.59874558587597","-224.59874558587597","-124.750861321721","-124.750861321721","-124.750861321721","-207.23633221345003","-207.23633221345003","-207.23633221345003","-249.40056627011117","-249.40056627011117","-249.40056627011117","-121.30987545835771","-121.30987545835771","-121.30987545835771","-142.50416841376062","-142.50416841376062","-142.50416841376062","-118.71664939024734","-118.71664939024734","-118.71664939024734","-168.2777042524116","-168.2777042524116","-168.2777042524116","-123.16355466864596","-123.16355466864596","-123.16355466864596"
"14700","-149.6558973363862","-149.6558973363862","-149.6558973363862","-193.3393822570732","-193.3393822570732","-193.3393822570732","-243.8808916486902","-243.8808916486902","-243.8808916486902","-303.3610920561738","-303.3610920561738","-303.3610920561738","-510.60843126289774","-510.60843126289774","-510.60843126289774","-296.1662419265853","-296.1662419265853","-296.1662419265853","-215.2529253693495","-215.2529253693495","-215.2529253693495","-98.58884586325672","-98.58884586325672","-98.58884586325672","-194.70419973765357","-194.70419973765357","-194.70419973765357","-281.677353882596","-281.677353882596","-281.677353882596","-145.15539104048753","-145.15539104048753","-145.15539104048753","-222.45150847643066","-222.45150847643066","-222.45150847643066","-127.01619268048849","-127.01619268048849","-127.01619268048849","-208.56257494998113","-208.56257494998113","-208.56257494998113","-172.42282211266416","-172.42282211266416","-172.42282211266416","-171.3606779609551","-171.3606779609551","-171.3606779609551","-143.1396818640573","-143.1396818640573","-143.1396818640573","-119.10493971934758","-119.10493971934758","-119.10493971934758","-193.26616183421993","-193.26616183421993","-193.26616183421993","-123.3370152603371","-123.3370152603371","-123.3370152603371"
"15000","-178.00203383856666","-178.00203383856666","-178.00203383856666","-193.36555488140007","-193.36555488140007","-193.36555488140007","-243.2589887257995","-243.2589887257995","-243.2589887257995","-302.5843030961676","-302.5843030961676","-302.5843030961676","-208.98207989840898","-208.98207989840898","-208.98207989840898","-396.1903900937747","-396.1903900937747","-396.1903900937747","-215.64757611223177","-215.64757611223177","-215.64757611223177","-124.0907390258933","-124.0907390258933","-124.0907390258933","-191.4519590841117","-191.4519590841117","-191.4519590841117","-129.19028763059646","-129.19028763059646","-129.19028763059646","-143.96980231004136","-143.96980231004136","-143.96980231004136","-197.33835068028594","-197.33835068028594","-197.33835068028594","-127.26980496737038","-127.26980496737038","-127.26980496737038","-205.9707143215128","-205.9707143215128","-205.9707143215128","-196.54986225604185","-196.54986225604185","-196.54986225604185","-121.2421196325715","-121.2421196325715","-121.2421196325715","-142.88062760072205","-142.88062760072205","-142.88062760072205","-118.89170631041762","-118.89170631041762","-118.89170631041762","-168.83070207907463","-168.83070207907463","-168.83070207907463","-123.46296575134345","-123.46296575134345","-123.46296575134345"
"15300","-199.4851662012006","-199.4851662012006","-199.4851662012006","-194.5243796201632","-194.5243796201632","-194.5243796201632","-245.41881321844684","-245.41881321844684","-245.41881321844684","-301.55050904649846","-301.55050904649846","-301.55050904649846","-208.61428327166726","-208.61428327166726","-208.61428327166726","-419.8804436257484","-419.8804436257484","-419.8804436257484","-213.62429409295208","-213.62429409295208","-213.62429409295208","-98.06227151293626","-98.06227151293626","-98.06227151293626","-193.56085744493996","-193.56085744493996","-193.56085744493996","-129.03020813681002","-129.03020813681002","-129.03020813681002","-143.5888238976295","-143.5888238976295","-143.5888238976295","-172.1224938538746","-172.1224938538746","-172.1224938538746","-126.30158456088482","-126.30158456088482","-126.30158456088482","-207.32837106451143","-207.32837106451143","-207.32837106451143","-170.73000146605895","-170.73000146605895","-170.73000146605895","-120.70634702036814","-120.70634702036814","-120.70634702036814","-194.9347833305944","-194.9347833305944","-194.9347833305944","-119.39582413812225","-119.39582413812225","-119.39582413812225","-166.87398802303716","-166.87398802303716","-166.87398802303716","-124.20867357980993","-124.20867357980993","-124.20867357980993"
"15600","-176.08013069294358","-176.08013069294358","-176.08013069294358","-192.1315172844308","-192.1315172844308","-192.1315172844308","-246.03762122787202","-246.03762122787202","-246.03762122787202","-301.50945654484144","-301.50945654484144","-301.50945654484144","-253.20144539469115","-253.20144539469115","-253.20144539469115","-448.5609612891964","-448.5609612891964","-448.5609612891964","-403.7309131875553","-403.7309131875553","-403.7309131875553","-98.3748610988739","-98.3748610988739","-98.3748610988739","-193.46665410712117","-193.46665410712117","-193.46665410712117","-125.9210474631761","-125.9210474631761","-125.9210474631761","-144.55463769000093","-144.55463769000093","-144.55463769000093","-220.6298549723415","-220.6298549723415","-220.6298549723415","-123.11513262077524","-123.11513262077524","-123.11513262077524","-333.09651068864406","-333.09651068864406","-333.09651068864406","-170.9772730158179","-170.9772730158179","-170.9772730158179","-122.5547506659542","-122.5547506659542","-122.5547506659542","-195.02286058585764","-195.02286058585764","-195.02286058585764","-119.03876771175649","-119.03876771175649","-119.03876771175649","-167.1953962799778","-167.1953962799778","-167.1953962799778","-124.50654176003691","-124.50654176003691","-124.50654176003691"
"15900","-224.38246150776317","-224.38246150776317","-224.38246150776317","-190.51570259911037","-190.51570259911037","-190.51570259911037","-245.4359383216442","-245.4359383216442","-245.4359383216442","-300.9430920901598","-300.9430920901598","-300.9430920901598","-174.19090116350833","-174.19090116350833","-174.19090116350833","-170.5487660663237","-170.5487660663237","-170.5487660663237","-404.7220899521807","-404.7220899521807","-404.7220899521807","-97.60708271776039","-97.60708271776039","-97.60708271776039","-193.48804878944787","-193.48804878944787","-193.48804878944787","-380.0419035572876","-380.0419035572876","-380.0419035572876","-144.11545256195961","-144.11545256195961","-144.11545256195961","-220.16490537322753","-220.16490537322753","-220.16490537322753","-124.72888547725401","-124.72888547725401","-124.72888547725401","-207.43130691089723","-207.43130691089723","-207.43130691089723","-198.52784830304384","-198.52784830304384","-198.52784830304384","-120.87701115041565","-120.87701115041565","-120.87701115041565","-193.277268300698","-193.277268300698","-193.277268300698","-118.99415723270735","-118.99415723270735","-118.99415723270735","-166.9377691573717","-166.9377691573717","-166.9377691573717","-125.32915918079107","-125.32915918079107","-125.32915918079107"
"16200","-275.38752589848116","-275.38752589848116","-275.38752589848116","-194.75161292708304","-194.75161292708304","-194.75161292708304","-245.71597876203455","-245.71597876203455","-245.71597876203455","-303.7424472378672","-303.7424472378672","-303.7424472378672","-404.57156941568553","-404.57156941568553","-404.57156941568553","-171.91621562991725","-171.91621562991725","-171.91621562991725","-345.5713724403281","-345.5713724403281","-345.5713724403281","-97.01668407494103","-97.01668407494103","-97.01668407494103","-198.63847432857955","-198.63847432857955","-198.63847432857955","-128.35590279540642","-128.35590279540642","-128.35590279540642","-144.22444710310964","-144.22444710310964","-144.22444710310964","-194.4887294600697","-194.4887294600697","-194.4887294600697","-126.30350755660675","-126.30350755660675","-126.30350755660675","-309.84025390081194","-309.84025390081194","-309.84025390081194","-171.12827277692364","-171.12827277692364","-171.12827277692364","-121.71930903789419","-121.71930903789419","-121.71930903789419","-167.26200820741528","-167.26200820741528","-167.26200820741528","-119.37429839472819","-119.37429839472819","-119.37429839472819","-168.61724973351136","-168.61724973351136","-168.61724973351136","-125.13828412017077","-125.13828412017077","-125.13828412017077"
"16500","-225.86787010700354","-225.86787010700354","-225.86787010700354","-191.59883625978838","-191.59883625978838","-191.59883625978838","-245.06819049979225","-245.06819049979225","-245.06819049979225","-301.51650876982814","-301.51650876982814","-301.51650876982814","-172.0152361592747","-172.0152361592747","-172.0152361592747","-223.75308158138873","-223.75308158138873","-223.75308158138873","-316.2292959563358","-316.2292959563358","-316.2292959563358","-99.20534506220332","-99.20534506220332","-99.20534506220332","-192.35226807480106","-192.35226807480106","-192.35226807480106","-130.34862527671413","-130.34862527671413","-130.34862527671413","-143.64173461953945","-143.64173461953945","-143.64173461953945","-170.67767451852893","-170.67767451852893","-170.67767451852893","-127.50400176301403","-127.50400176301403","-127.50400176301403","-206.6305262523831","-206.6305262523831","-206.6305262523831","-170.6055150923155","-170.6055150923155","-170.6055150923155","-121.55296284850606","-121.55296284850606","-121.55296284850606","-218.077919069583","-218.077919069583","-218.077919069583","-119.03350461339326","-119.03350461339326","-119.03350461339326","-168.15178614521494","-168.15178614521494","-168.15178614521494","-125.49666442812963","-125.49666442812963","-125.49666442812963"
"16800","-153.30604426257915","-153.30604426257915","-153.30604426257915","-192.8479365746977","-192.8479365746977","-192.8479365746977","-246.38375395148358","-246.38375395148358","-246.38375395148358","-303.2465587085433","-303.2465587085433","-303.2465587085433","-201.20014178285504","-201.20014178285504","-201.20014178285504","-317.49878636627744","-317.49878636627744","-317.49878636627744","-240.6953873343195","-240.6953873343195","-240.6953873343195","-97.78528229696346","-97.78528229696346","-97.78528229696346","-191.74532065262284","-191.74532065262284","-191.74532065262284","-127.31976869592236","-127.31976869592236","-127.31976869592236","-143.66250077080758","-143.66250077080758","-143.66250077080758","-170.09305268159895","-170.09305268159895","-170.09305268159895","-123.71364301427165","-123.71364301427165","-123.71364301427165","-281.7765712214301","-281.7765712214301","-281.7765712214301","-170.9812153190059","-170.9812153190059","-170.9812153190059","-145.11923677514426","-145.11923677514426","-145.11923677514426","-193.5450582456691","-193.5450582456691","-193.5450582456691","-118.48685912579838","-118.48685912579838","-118.48685912579838","-169.6264797557929","-169.6264797557929","-169.6264797557929","-125.31248810257242","-125.31248810257242","-125.31248810257242"
"17100","-178.30131533417165","-178.30131533417165","-178.30131533417165","-194.91972247726466","-194.91972247726466","-194.91972247726466","-246.83395895425392","-246.83395895425392","-246.83395895425392","-301.632203136679","-301.632203136679","-301.632203136679","-232.58628253816423","-232.58628253816423","-232.58628253816423","-267.9602859209784","-267.9602859209784","-267.9602859209784","-312.01146823983214","-312.01146823983214","-312.01146823983214","-97.5192072626023","-97.5192072626023","-97.5192072626023","-190.97547764090527","-190.97547764090527","-190.97547764090527","-128.96536950623477","-128.96536950623477","-128.96536950623477","-143.15422066429926","-143.15422066429926","-143.15422066429926","-220.34148587479908","-220.34148587479908","-220.34148587479908","-122.31730788348969","-122.31730788348969","-122.31730788348969","-281.7990937057989","-281.7990937057989","-281.7990937057989","-169.38061139599472","-169.38061139599472","-169.38061139599472","-147.50735252486416","-147.50735252486416","-147.50735252486416","-142.29026322663276","-142.29026322663276","-142.29026322663276","-120.09267779144764","-120.09267779144764","-120.09267779144764","-171.2713389886708","-171.2713389886708","-171.2713389886708","-125.47335668396722","-125.47335668396722","-125.47335668396722"
"17400","-154.53711083396496","-154.53711083396496","-154.53711083396496","-191.7256733448242","-191.7256733448242","-191.7256733448242","-245.5023226717737","-245.5023226717737","-245.5023226717737","-305.58700512320536","-305.58700512320536","-305.58700512320536","-198.71253290361244","-198.71253290361244","-198.71253290361244","-271.479627314194","-271.479627314194","-271.479627314194","-345.198949134034","-345.198949134034","-345.198949134034","-98.04595286725139","-98.04595286725139","-98.04595286725139","-223.92429787232368","-223.92429787232368","-223.92429787232368","-254.54284425166907","-254.54284425166907","-254.54284425166907","-144.0559621518896","-144.0559621518896","-144.0559621518896","-170.9453797057557","-170.9453797057557","-170.9453797057557","-126.79077720834616","-126.79077720834616","-126.79077720834616","-332.66973212394237","-332.66973212394237","-332.66973212394237","-169.493863436939","-169.493863436939","-169.493863436939","-146.7091357586154","-146.7091357586154","-146.7091357586154","-167.86016186692697","-167.86016186692697","-167.86016186692697","-119.00325175680109","-119.00325175680109","-119.00325175680109","-167.39521435125985","-167.39521435125985","-167.39521435125985","-126.82215934717146","-126.82215934717146","-126.82215934717146"
"17700","-202.7156858276557","-202.7156858276557","-202.7156858276557","-191.5778647285827","-191.5778647285827","-191.5778647285827","-245.77099433560699","-245.77099433560699","-245.77099433560699","-302.95324632054144","-302.95324632054144","-302.95324632054144","-229.29253860036624","-229.29253860036624","-229.29253860036624","-149.06952622479","-149.06952622479","-149.06952622479","-361.75390791740244","-361.75390791740244","-361.75390791740244","-98.79925404671351","-98.79925404671351","-98.79925404671351","-301.9362198947212","-301.9362198947212","-301.9362198947212","-127.68332737418629","-127.68332737418629","-127.68332737418629","-143.53754108243243","-143.53754108243243","-143.53754108243243","-170.00620361159602","-170.00620361159602","-170.00620361159602","-124.82069376991615","-124.82069376991615","-124.82069376991615","-355.93853220932647","-355.93853220932647","-355.93853220932647","-170.10890738036724","-170.10890738036724","-170.10890738036724","-146.95137066143897","-146.95137066143897","-146.95137066143897","-192.94972769015504","-192.94972769015504","-192.94972769015504","-119.8552915459913","-119.8552915459913","-119.8552915459913","-168.00729306194287","-168.00729306194287","-168.00729306194287","-127.04039339922672","-127.04039339922672","-127.04039339922672"
"18000","-328.75821451856035","-328.75821451856035","-328.75821451856035","-192.26400284171547","-192.26400284171547","-192.26400284171547","-246.6989921260784","-246.6989921260784","-246.6989921260784","-330.67620984287953","-330.67620984287953","-330.67620984287953","-170.07355035796093","-170.07355035796093","-170.07355035796093","-221.40686386491603","-221.40686386491603","-221.40686386491603","-213.39304544771238","-213.39304544771238","-213.39304544771238","-98.3547177374695","-98.3547177374695","-98.3547177374695","-194.26376021917085","-194.26376021917085","-194.26376021917085","-128.76452491747787","-128.76452491747787","-128.76452491747787","-143.4482149551359","-143.4482149551359","-143.4482149551359","-169.79854253467096","-169.79854253467096","-169.79854253467096","-124.97199189085583","-124.97199189085583","-124.97199189085583","-307.61109646977013","-307.61109646977013","-307.61109646977013","-168.91975567346554","-168.91975567346554","-168.91975567346554","-121.58153851295572","-121.58153851295572","-121.58153851295572","-217.449215738664","-217.449215738664","-217.449215738664","-119.6164065992223","-119.6164065992223","-119.6164065992223","-171.96245148427244","-171.96245148427244","-171.96245148427244","-149.87032744662068","-149.87032744662068","-149.87032744662068"
"18300","-154.04101184060232","-154.04101184060232","-154.04101184060232","-190.02913235387615","-190.02913235387615","-190.02913235387615","-247.2055260437001","-247.2055260437001","-247.2055260437001","-301.2176588031657","-301.2176588031657","-301.2176588031657","-175.05024683375603","-175.05024683375603","-175.05024683375603","-270.1742016367258","-270.1742016367258","-270.1742016367258","-212.63179156780302","-212.63179156780302","-212.63179156780302","-98.45687467357666","-98.45687467357666","-98.45687467357666","-194.88615197478123","-194.88615197478123","-194.88615197478123","-127.90598464855677","-127.90598464855677","-127.90598464855677","-143.57881657671243","-143.57881657671243","-143.57881657671243","-169.43686900784184","-169.43686900784184","-169.43686900784184","-122.80182279666414","-122.80182279666414","-122.80182279666414","-209.13786110244376","-209.13786110244376","-209.13786110244376","-169.21244409818553","-169.21244409818553","-169.21244409818553","-120.79320497091615","-120.79320497091615","-120.79320497091615","-243.57220338167707","-243.57220338167707","-243.57220338167707","-118.75243885181476","-118.75243885181476","-118.75243885181476","-171.39475297062114","-171.39475297062114","-171.39475297062114","-126.22081657152691","-126.22081657152691","-126.22081657152691"
"18600","-202.88090388454665","-202.88090388454665","-202.88090388454665","-195.813835718569","-195.813835718569","-195.813835718569","-245.90016789951878","-245.90016789951878","-245.90016789951878","-302.00673828156937","-302.00673828156937","-302.00673828156937","-200.09565996022607","-200.09565996022607","-200.09565996022607","-145.0628358039","-145.0628358039","-145.0628358039","-212.65864556034558","-212.65864556034558","-212.65864556034558","-98.19451351871186","-98.19451351871186","-98.19451351871186","-170.6489086474226","-170.6489086474226","-170.6489086474226","-124.12629460583332","-124.12629460583332","-124.12629460583332","-143.81442022420896","-143.81442022420896","-143.81442022420896","-168.4565619028804","-168.4565619028804","-168.4565619028804","-124.43335402660855","-124.43335402660855","-124.43335402660855","-408.06755645808346","-408.06755645808346","-408.06755645808346","-168.28883601604292","-168.28883601604292","-168.28883601604292","-145.5446626087446","-145.5446626087446","-145.5446626087446","-217.45877277325422","-217.45877277325422","-217.45877277325422","-118.5612606191228","-118.5612606191228","-118.5612606191228","-168.2511291620613","-168.2511291620613","-168.2511291620613","-126.65709413525762","-126.65709413525762","-126.65709413525762"
"18900","-231.54635294472035","-231.54635294472035","-231.54635294472035","-195.5590348726892","-195.5590348726892","-195.5590348726892","-245.91600893098158","-245.91600893098158","-245.91600893098158","-298.64976443442055","-298.64976443442055","-298.64976443442055","-200.08348035586906","-200.08348035586906","-200.08348035586906","-152.98613282752498","-152.98613282752498","-152.98613282752498","-211.84280177756682","-211.84280177756682","-211.84280177756682","-97.93390503588641","-97.93390503588641","-97.93390503588641","-170.788653596359","-170.788653596359","-170.788653596359","-121.8167138802623","-121.8167138802623","-121.8167138802623","-143.38447789676258","-143.38447789676258","-143.38447789676258","-168.8788425960295","-168.8788425960295","-168.8788425960295","-125.94658399562302","-125.94658399562302","-125.94658399562302","-261.1946935323399","-261.1946935323399","-261.1946935323399","-168.16629446842063","-168.16629446842063","-168.16629446842063","-146.05891691566046","-146.05891691566046","-146.05891691566046","-192.8568976904329","-192.8568976904329","-192.8568976904329","-120.42105201891152","-120.42105201891152","-120.42105201891152","-169.99497944912918","-169.99497944912918","-169.99497944912918","-172.0643376061747","-172.0643376061747","-172.0643376061747"
"19200","-254.23736955749655","-254.23736955749655","-254.23736955749655","-195.21865116920281","-195.21865116920281","-195.21865116920281","-244.53071990655062","-244.53071990655062","-244.53071990655062","-300.9071372393503","-300.9071372393503","-300.9071372393503","-198.409524658661","-198.409524658661","-198.409524658661","-266.296774559093","-266.296774559093","-266.296774559093","-237.03352726844543","-237.03352726844543","-237.03352726844543","-97.41288246837425","-97.41288246837425","-97.41288246837425","-169.97942828132204","-169.97942828132204","-169.97942828132204","-121.8105140145487","-121.8105140145487","-121.8105140145487","-143.99901901913591","-143.99901901913591","-143.99901901913591","-168.4055340162691","-168.4055340162691","-168.4055340162691","-125.88887330103071","-125.88887330103071","-125.88887330103071","-209.2315791929248","-209.2315791929248","-209.2315791929248","-168.4524047018715","-168.4524047018715","-168.4524047018715","-120.59437110450946","-120.59437110450946","-120.59437110450946","-142.14432299930724","-142.14432299930724","-142.14432299930724","-120.19919456583634","-120.19919456583634","-120.19919456583634","-171.03284573313022","-171.03284573313022","-171.03284573313022","-120.45915959979523","-120.45915959979523","-120.45915959979523"
"19500","-282.66600130561255","-282.66600130561255","-282.66600130561255","-215.52461393281743","-215.52461393281743","-215.52461393281743","-243.55862837943874","-243.55862837943874","-243.55862837943874","-331.153702880578","-331.153702880578","-331.153702880578","-399.21844342119954","-399.21844342119954","-399.21844342119954","-142.10594432608374","-142.10594432608374","-142.10594432608374","-211.0357398783849","-211.0357398783849","-211.0357398783849","-98.03238473928917","-98.03238473928917","-98.03238473928917","-170.30407530629407","-170.30407530629407","-170.30407530629407","-121.27972942153701","-121.27972942153701","-121.27972942153701","-143.51490052433206","-143.51490052433206","-143.51490052433206","-167.24712215138376","-167.24712215138376","-167.24712215138376","-124.69169078256054","-124.69169078256054","-124.69169078256054","-361.84564772751287","-361.84564772751287","-361.84564772751287","-168.55176289804427","-168.55176289804427","-168.55176289804427","-171.86948615943737","-171.86948615943737","-171.86948615943737","-142.08480678297855","-142.08480678297855","-142.08480678297855","-118.85496234973905","-118.85496234973905","-118.85496234973905","-170.98006369033908","-170.98006369033908","-170.98006369033908","-121.02226253277892","-121.02226253277892","-121.02226253277892"
"19800","-227.4133945847105","-227.4133945847105","-227.4133945847105","-196.12627783735198","-196.12627783735198","-196.12627783735198","-243.4470581385968","-243.4470581385968","-243.4470581385968","-299.24296250455626","-299.24296250455626","-299.24296250455626","-248.80811810604828","-248.80811810604828","-248.80811810604828","-141.81448498442924","-141.81448498442924","-141.81448498442924","-211.34758250646087","-211.34758250646087","-211.34758250646087","-97.44798929334425","-97.44798929334425","-97.44798929334425","-171.28482593470343","-171.28482593470343","-171.28482593470343","-121.95614257965238","-121.95614257965238","-121.95614257965238","-143.71509406899537","-143.71509406899537","-143.71509406899537","-168.91163765552795","-168.91163765552795","-168.91163765552795","-124.64173406475447","-124.64173406475447","-124.64173406475447","-311.98359516761184","-311.98359516761184","-311.98359516761184","-168.44215354262843","-168.44215354262843","-168.44215354262843","-147.11501369626635","-147.11501369626635","-147.11501369626635","-142.0089336979425","-142.0089336979425","-142.0089336979425","-118.7402427052281","-118.7402427052281","-118.7402427052281","-171.08686136900138","-171.08686136900138","-171.08686136900138","-122.13372255668423","-122.13372255668423","-122.13372255668423"
"20100","-199.65351897637555","-199.65351897637555","-199.65351897637555","-194.1165967662618","-194.1165967662618","-194.1165967662618","-244.33523015090722","-244.33523015090722","-244.33523015090722","-301.4876407766628","-301.4876407766628","-301.4876407766628","-143.84474768169747","-143.84474768169747","-143.84474768169747","-141.4522447028258","-141.4522447028258","-141.4522447028258","-210.458692390726","-210.458692390726","-210.458692390726","-97.83599583589323","-97.83599583589323","-97.83599583589323","-171.3455299230553","-171.3455299230553","-171.3455299230553","-122.09014029606757","-122.09014029606757","-122.09014029606757","-144.07773795231537","-144.07773795231537","-144.07773795231537","-194.91828184585","-194.91828184585","-194.91828184585","-125.62542699115488","-125.62542699115488","-125.62542699115488","-335.783620268002","-335.783620268002","-335.783620268002","-168.0189771834594","-168.0189771834594","-168.0189771834594","-171.97320104922704","-171.97320104922704","-171.97320104922704","-167.58059827377048","-167.58059827377048","-167.58059827377048","-120.16871549190459","-120.16871549190459","-120.16871549190459","-170.62642154689325","-170.62642154689325","-170.62642154689325","-122.03498749891921","-122.03498749891921","-122.03498749891921"
"20400","-535.9566165426747","-535.9566165426747","-535.9566165426747","-192.34518178633098","-192.34518178633098","-192.34518178633098","-245.1602775312098","-245.1602775312098","-245.1602775312098","-300.185864519109","-300.185864519109","-300.185864519109","-168.9978815876546","-168.9978815876546","-168.9978815876546","-141.4272817009045","-141.4272817009045","-141.4272817009045","-236.32685145976643","-236.32685145976643","-236.32685145976643","-97.89994323297559","-97.89994323297559","-97.89994323297559","-170.39481072404246","-170.39481072404246","-170.39481072404246","-122.30525765580774","-122.30525765580774","-122.30525765580774","-143.66437659087106","-143.66437659087106","-143.66437659087106","-168.6863498354459","-168.6863498354459","-168.6863498354459","-126.1520126455752","-126.1520126455752","-126.1520126455752","-212.9644686728615","-212.9644686728615","-212.9644686728615","-168.35100904103197","-168.35100904103197","-168.35100904103197","-147.1667958934259","-147.1667958934259","-147.1667958934259","-142.49539671338616","-142.49539671338616","-142.49539671338616","-119.63930761744987","-119.63930761744987","-119.63930761744987","-170.49056058008733","-170.49056058008733","-170.49056058008733","-122.6778721834686","-122.6778721834686","-122.6778721834686"
"20700","-386.24321043447674","-386.24321043447674","-386.24321043447674","-196.94004527857598","-196.94004527857598","-196.94004527857598","-245.1895052537264","-245.1895052537264","-245.1895052537264","-303.9847994736851","-303.9847994736851","-303.9847994736851","-142.60327914041142","-142.60327914041142","-142.60327914041142","-142.01618594247628","-142.01618594247628","-142.01618594247628","-235.840254306544","-235.840254306544","-235.840254306544","-98.40561620996463","-98.40561620996463","-98.40561620996463","-170.7756852769229","-170.7756852769229","-170.7756852769229","-121.20705673207017","-121.20705673207017","-121.20705673207017","-143.81456660014675","-143.81456660014675","-143.81456660014675","-169.63848273224534","-169.63848273224534","-169.63848273224534","-126.14041144634616","-126.14041144634616","-126.14041144634616","-335.82722131157226","-335.82722131157226","-335.82722131157226","-167.33770827379732","-167.33770827379732","-167.33770827379732","-120.85767451985507","-120.85767451985507","-120.85767451985507","-142.14381960421832","-142.14381960421832","-142.14381960421832","-119.98406037360837","-119.98406037360837","-119.98406037360837","-170.77395744222366","-170.77395744222366","-170.77395744222366","-122.9349414212608","-122.9349414212608","-122.9349414212608"
"21000","-153.09365644290355","-153.09365644290355","-153.09365644290355","-214.71380088937136","-214.71380088937136","-214.71380088937136","-244.81948882857054","-244.81948882857054","-244.81948882857054","-303.13594455631176","-303.13594455631176","-303.13594455631176","-245.2647476425443","-245.2647476425443","-245.2647476425443","-141.64153125130798","-141.64153125130798","-141.64153125130798","-210.98306510160378","-210.98306510160378","-210.98306510160378","-98.46112352871418","-98.46112352871418","-98.46112352871418","-171.2225917633521","-171.2225917633521","-171.2225917633521","-122.39315794930125","-122.39315794930125","-122.39315794930125","-143.53968794018772","-143.53968794018772","-143.53968794018772","-169.9721091670057","-169.9721091670057","-169.9721091670057","-125.80196474512108","-125.80196474512108","-125.80196474512108","-211.38145295460754","-211.38145295460754","-211.38145295460754","-167.8510670472693","-167.8510670472693","-167.8510670472693","-146.119474217334","-146.119474217334","-146.119474217334","-141.97728669523474","-141.97728669523474","-141.97728669523474","-119.49325247880924","-119.49325247880924","-119.49325247880924","-170.62022289088424","-170.62022289088424","-170.62022289088424","-123.13889093340188","-123.13889093340188","-123.13889093340188"
"21300","-151.50567837177977","-151.50567837177977","-151.50567837177977","-190.41376224053738","-190.41376224053738","-190.41376224053738","-243.44352277646718","-243.44352277646718","-243.44352277646718","-301.99380996526264","-301.99380996526264","-301.99380996526264","-142.64561831217503","-142.64561831217503","-142.64561831217503","-141.72122190407964","-141.72122190407964","-141.72122190407964","-212.67358752596084","-212.67358752596084","-212.67358752596084","-98.11256296911205","-98.11256296911205","-98.11256296911205","-170.91780019054664","-170.91780019054664","-170.91780019054664","-122.18766275506475","-122.18766275506475","-122.18766275506475","-143.36627698155897","-143.36627698155897","-143.36627698155897","-169.35223192386368","-169.35223192386368","-169.35223192386368","-126.41311608310416","-126.41311608310416","-126.41311608310416","-288.68673632480125","-288.68673632480125","-288.68673632480125","-167.79903063812316","-167.79903063812316","-167.79903063812316","-121.38532610175184","-121.38532610175184","-121.38532610175184","-142.05700668126093","-142.05700668126093","-142.05700668126093","-119.31748793214415","-119.31748793214415","-119.31748793214415","-170.75360679660412","-170.75360679660412","-170.75360679660412","-122.88623964912804","-122.88623964912804","-122.88623964912804"
"21600","-202.7773326850242","-202.7773326850242","-202.7773326850242","-197.14062903734757","-197.14062903734757","-197.14062903734757","-243.16013124721022","-243.16013124721022","-243.16013124721022","-303.3208833857667","-303.3208833857667","-303.3208833857667","-142.2793726236387","-142.2793726236387","-142.2793726236387","-141.44283972945772","-141.44283972945772","-141.44283972945772","-236.59180312763792","-236.59180312763792","-236.59180312763792","-97.86244521862868","-97.86244521862868","-97.86244521862868","-171.2762750561059","-171.2762750561059","-171.2762750561059","-121.40911852808895","-121.40911852808895","-121.40911852808895","-169.21636533080343","-169.21636533080343","-169.21636533080343","-170.236526077857","-170.236526077857","-170.236526077857","-126.71549628199784","-126.71549628199784","-126.71549628199784","-334.29684120770895","-334.29684120770895","-334.29684120770895","-167.76229930371207","-167.76229930371207","-167.76229930371207","-120.92755128407846","-120.92755128407846","-120.92755128407846","-141.98841029117798","-141.98841029117798","-141.98841029117798","-119.58570105248187","-119.58570105248187","-119.58570105248187","-169.79311819126835","-169.79311819126835","-169.79311819126835","-122.11502759911323","-122.11502759911323","-122.11502759911323"
"21900","-180.45019898433299","-180.45019898433299","-180.45019898433299","-196.32252183700075","-196.32252183700075","-196.32252183700075","-243.48920918137645","-243.48920918137645","-243.48920918137645","-303.4518492338665","-303.4518492338665","-303.4518492338665","-168.59712451030055","-168.59712451030055","-168.59712451030055","-141.87445767484363","-141.87445767484363","-141.87445767484363","-236.89346355145364","-236.89346355145364","-236.89346355145364","-98.08034731812162","-98.08034731812162","-98.08034731812162","-171.4391364012199","-171.4391364012199","-171.4391364012199","-121.72612497144928","-121.72612497144928","-121.72612497144928","-143.48981814876066","-143.48981814876066","-143.48981814876066","-170.28364157003625","-170.28364157003625","-170.28364157003625","-128.74754955116492","-128.74754955116492","-128.74754955116492","-309.5647885070495","-309.5647885070495","-309.5647885070495","-167.41711238312502","-167.41711238312502","-167.41711238312502","-121.35479975883857","-121.35479975883857","-121.35479975883857","-142.23155767377182","-142.23155767377182","-142.23155767377182","-119.529572068893","-119.529572068893","-119.529572068893","-170.6034592042094","-170.6034592042094","-170.6034592042094","-122.19200443882892","-122.19200443882892","-122.19200443882892"
"22200","-153.56349140126613","-153.56349140126613","-153.56349140126613","-195.02368732561223","-195.02368732561223","-195.02368732561223","-242.92227995446328","-242.92227995446328","-242.92227995446328","-301.3657985056278","-301.3657985056278","-301.3657985056278","-171.97116126280392","-171.97116126280392","-171.97116126280392","-141.60757870065856","-141.60757870065856","-141.60757870065856","-211.38066242051408","-211.38066242051408","-211.38066242051408","-100.05167908357286","-100.05167908357286","-100.05167908357286","-172.49729060989512","-172.49729060989512","-172.49729060989512","-121.28743221040854","-121.28743221040854","-121.28743221040854","-143.50483393167028","-143.50483393167028","-143.50483393167028","-170.47397711515833","-170.47397711515833","-170.47397711515833","-125.8552922278744","-125.8552922278744","-125.8552922278744","-210.8260838058955","-210.8260838058955","-210.8260838058955","-167.9781689269079","-167.9781689269079","-167.9781689269079","-121.54000834709964","-121.54000834709964","-121.54000834709964","-142.4698934732992","-142.4698934732992","-142.4698934732992","-119.44338152685691","-119.44338152685691","-119.44338152685691","-170.68114227563524","-170.68114227563524","-170.68114227563524","-122.26858368578328","-122.26858368578328","-122.26858368578328"
"22500","-204.74857223042832","-204.74857223042832","-204.74857223042832","-218.87441407906576","-218.87441407906576","-218.87441407906576","-242.6839292385499","-242.6839292385499","-242.6839292385499","-301.1708634563586","-301.1708634563586","-301.1708634563586","-142.7216480964878","-142.7216480964878","-142.7216480964878","-141.98047268267405","-141.98047268267405","-141.98047268267405","-211.78328755161246","-211.78328755161246","-211.78328755161246","-98.78485738722095","-98.78485738722095","-98.78485738722095","-170.8868640256041","-170.8868640256041","-170.8868640256041","-121.34448057041357","-121.34448057041357","-121.34448057041357","-193.39389227561912","-193.39389227561912","-193.39389227561912","-169.7512120896634","-169.7512120896634","-169.7512120896634","-128.0648850271111","-128.0648850271111","-128.0648850271111","-212.60094730893957","-212.60094730893957","-212.60094730893957","-167.24103932042127","-167.24103932042127","-167.24103932042127","-121.60098571068181","-121.60098571068181","-121.60098571068181","-142.22120468918905","-142.22120468918905","-142.22120468918905","-119.14562057779983","-119.14562057779983","-119.14562057779983","-171.26071914677195","-171.26071914677195","-171.26071914677195","-122.14684910509418","-122.14684910509418","-122.14684910509418"
"22800","-203.39180848586986","-203.39180848586986","-203.39180848586986","-218.77023403685774","-218.77023403685774","-218.77023403685774","-242.29004766375093","-242.29004766375093","-242.29004766375093","-301.72945347928965","-301.72945347928965","-301.72945347928965","-142.77455101057055","-142.77455101057055","-142.77455101057055","-141.5658640013716","-141.5658640013716","-141.5658640013716","-211.38506292154293","-211.38506292154293","-211.38506292154293","-99.27203492603824","-99.27203492603824","-99.27203492603824","-171.46937627192187","-171.46937627192187","-171.46937627192187","-121.02666751286847","-121.02666751286847","-121.02666751286847","-143.28098053906496","-143.28098053906496","-143.28098053906496","-170.25886519599334","-170.25886519599334","-170.25886519599334","-127.41646759440489","-127.41646759440489","-127.41646759440489","-213.28068624451188","-213.28068624451188","-213.28068624451188","-168.00131065587124","-168.00131065587124","-168.00131065587124","-146.99094947296638","-146.99094947296638","-146.99094947296638","-142.39494324250708","-142.39494324250708","-142.39494324250708","-119.11120617514368","-119.11120617514368","-119.11120617514368","-171.3669325102849","-171.3669325102849","-171.3669325102849","-122.57343478132091","-122.57343478132091","-122.57343478132091"
"23100","-153.84981649484175","-153.84981649484175","-153.84981649484175","-218.01495895881712","-218.01495895881712","-218.01495895881712","-242.6955289074011","-242.6955289074011","-242.6955289074011","-299.02577837009557","-299.02577837009557","-299.02577837009557","-143.88225272037678","-143.88225272037678","-143.88225272037678","-141.21573357926187","-141.21573357926187","-141.21573357926187","-237.7299938473352","-237.7299938473352","-237.7299938473352","-98.92394506282952","-98.92394506282952","-98.92394506282952","-171.20938005105222","-171.20938005105222","-171.20938005105222","-121.28370297354225","-121.28370297354225","-121.28370297354225","-165.36023451219694","-165.36023451219694","-165.36023451219694","-169.75975427559763","-169.75975427559763","-169.75975427559763","-129.2946066352331","-129.2946066352331","-129.2946066352331","-262.9356674043603","-262.9356674043603","-262.9356674043603","-168.4709946486149","-168.4709946486149","-168.4709946486149","-121.67556323121775","-121.67556323121775","-121.67556323121775","-142.42494947628916","-142.42494947628916","-142.42494947628916","-119.30481252309035","-119.30481252309035","-119.30481252309035","-171.85579100299907","-171.85579100299907","-171.85579100299907","-121.70659013700667","-121.70659013700667","-121.70659013700667"
"23400","-150.84709762569537","-150.84709762569537","-150.84709762569537","-220.58178270101538","-220.58178270101538","-220.58178270101538","-242.64103930673747","-242.64103930673747","-242.64103930673747","-302.060980442476","-302.060980442476","-302.060980442476","-143.43446524417627","-143.43446524417627","-143.43446524417627","-141.58255429702382","-141.58255429702382","-141.58255429702382","-211.80912736988574","-211.80912736988574","-211.80912736988574","-99.39368925990884","-99.39368925990884","-99.39368925990884","-171.07751417455833","-171.07751417455833","-171.07751417455833","-121.04767372933395","-121.04767372933395","-121.04767372933395","-144.6348058015439","-144.6348058015439","-144.6348058015439","-169.56606588533197","-169.56606588533197","-169.56606588533197","-129.4082570520697","-129.4082570520697","-129.4082570520697","-335.4907379214409","-335.4907379214409","-335.4907379214409","-167.55943457027098","-167.55943457027098","-167.55943457027098","-121.7687744911098","-121.7687744911098","-121.7687744911098","-192.5080396208289","-192.5080396208289","-192.5080396208289","-118.96985885626563","-118.96985885626563","-118.96985885626563","-170.42239521331913","-170.42239521331913","-170.42239521331913","-121.95491569605701","-121.95491569605701","-121.95491569605701"
"23700","-226.5914792055427","-226.5914792055427","-226.5914792055427","-221.38261795036237","-221.38261795036237","-221.38261795036237","-242.1844051528671","-242.1844051528671","-242.1844051528671","-300.18857984785893","-300.18857984785893","-300.18857984785893","-269.0895863264956","-269.0895863264956","-269.0895863264956","-142.60163923345291","-142.60163923345291","-142.60163923345291","-211.7143537109373","-211.7143537109373","-211.7143537109373","-99.65224229374135","-99.65224229374135","-99.65224229374135","-171.35724608046493","-171.35724608046493","-171.35724608046493","-120.6675329130757","-120.6675329130757","-120.6675329130757","-166.35479752022417","-166.35479752022417","-166.35479752022417","-170.0889959732712","-170.0889959732712","-170.0889959732712","-129.77242507903952","-129.77242507903952","-129.77242507903952","-237.2418554810585","-237.2418554810585","-237.2418554810585","-168.115408255153","-168.115408255153","-168.115408255153","-122.64074728834719","-122.64074728834719","-122.64074728834719","-142.45705828054705","-142.45705828054705","-142.45705828054705","-119.03316024197856","-119.03316024197856","-119.03316024197856","-170.81288924626912","-170.81288924626912","-170.81288924626912","-121.35300224057956","-121.35300224057956","-121.35300224057956"
"24000","-201.11225772145343","-201.11225772145343","-201.11225772145343","-221.0124006264394","-221.0124006264394","-221.0124006264394","-241.7875647282703","-241.7875647282703","-241.7875647282703","-299.3652682021499","-299.3652682021499","-299.3652682021499","-143.51676560181306","-143.51676560181306","-143.51676560181306","-141.1651550472839","-141.1651550472839","-141.1651550472839","-211.28484323032262","-211.28484323032262","-211.28484323032262","-125.90961920958372","-125.90961920958372","-125.90961920958372","-171.1233949390089","-171.1233949390089","-171.1233949390089","-122.78573037277184","-122.78573037277184","-122.78573037277184","-143.60209086024014","-143.60209086024014","-143.60209086024014","-169.1886932430312","-169.1886932430312","-169.1886932430312","-129.6592326752838","-129.6592326752838","-129.6592326752838","-214.30188012262974","-214.30188012262974","-214.30188012262974","-167.73009838070374","-167.73009838070374","-167.73009838070374","-122.88417478940724","-122.88417478940724","-122.88417478940724","-168.20525024899575","-168.20525024899575","-168.20525024899575","-118.95214666809511","-118.95214666809511","-118.95214666809511","-170.92594879771576","-170.92594879771576","-170.92594879771576","-121.28429129646902","-121.28429129646902","-121.28429129646902"
"24300","-177.01873837884335","-177.01873837884335","-177.01873837884335","-197.42059613852007","-197.42059613852007","-197.42059613852007","-241.7482209860992","-241.7482209860992","-241.7482209860992","-298.94250034336403","-298.94250034336403","-298.94250034336403","-168.74232062061193","-168.74232062061193","-168.74232062061193","-141.44360890334193","-141.44360890334193","-141.44360890334193","-211.06930103095874","-211.06930103095874","-211.06930103095874","-126.20595261704185","-126.20595261704185","-126.20595261704185","-171.55088962125365","-171.55088962125365","-171.55088962125365","-121.11446675240634","-121.11446675240634","-121.11446675240634","-144.2101263139876","-144.2101263139876","-144.2101263139876","-169.6056691276563","-169.6056691276563","-169.6056691276563","-127.7981209640177","-127.7981209640177","-127.7981209640177","-215.62091525148088","-215.62091525148088","-215.62091525148088","-167.207097069329","-167.207097069329","-167.207097069329","-122.59018349725389","-122.59018349725389","-122.59018349725389","-142.58408836246605","-142.58408836246605","-142.58408836246605","-118.87730019627934","-118.87730019627934","-118.87730019627934","-170.99880576008715","-170.99880576008715","-170.99880576008715","-121.37332348963653","-121.37332348963653","-121.37332348963653"
"24600","-150.27658917682325","-150.27658917682325","-150.27658917682325","-221.00516961597972","-221.00516961597972","-221.00516961597972","-242.48896346489929","-242.48896346489929","-242.48896346489929","-299.34433919884606","-299.34433919884606","-299.34433919884606","-143.9873138770621","-143.9873138770621","-143.9873138770621","-141.34229991236927","-141.34229991236927","-141.34229991236927","-210.98143423874848","-210.98143423874848","-210.98143423874848","-100.30497099256966","-100.30497099256966","-100.30497099256966","-171.63511368995927","-171.63511368995927","-171.63511368995927","-121.4469754971637","-121.4469754971637","-121.4469754971637","-143.58429526962433","-143.58429526962433","-143.58429526962433","-170.1939978345431","-170.1939978345431","-170.1939978345431","-130.15158325364825","-130.15158325364825","-130.15158325364825","-213.29602240772428","-213.29602240772428","-213.29602240772428","-166.61213086559678","-166.61213086559678","-166.61213086559678","-122.50123778391358","-122.50123778391358","-122.50123778391358","-167.36057363885993","-167.36057363885993","-167.36057363885993","-118.93524156289793","-118.93524156289793","-118.93524156289793","-170.77708960764238","-170.77708960764238","-170.77708960764238","-122.16034576366602","-122.16034576366602","-122.16034576366602"
"24900","-202.71007986000566","-202.71007986000566","-202.71007986000566","-218.54388648314153","-218.54388648314153","-218.54388648314153","-242.76660872634426","-242.76660872634426","-242.76660872634426","-300.34059942222643","-300.34059942222643","-300.34059942222643","-370.7665662629214","-370.7665662629214","-370.7665662629214","-141.36742509251468","-141.36742509251468","-141.36742509251468","-211.3571033580234","-211.3571033580234","-211.3571033580234","-127.43516460903706","-127.43516460903706","-127.43516460903706","-196.22109077449372","-196.22109077449372","-196.22109077449372","-146.18893660342206","-146.18893660342206","-146.18893660342206","-151.3298095098115","-151.3298095098115","-151.3298095098115","-169.87477313016535","-169.87477313016535","-169.87477313016535","-130.26895377867578","-130.26895377867578","-130.26895377867578","-214.42416588303348","-214.42416588303348","-214.42416588303348","-167.9444309386068","-167.9444309386068","-167.9444309386068","-122.21595137690443","-122.21595137690443","-122.21595137690443","-142.93049448167727","-142.93049448167727","-142.93049448167727","-118.9408138411936","-118.9408138411936","-118.9408138411936","-171.45821166718088","-171.45821166718088","-171.45821166718088","-122.13902759650236","-122.13902759650236","-122.13902759650236"
"25200","-152.0927968986958","-152.0927968986958","-152.0927968986958","-220.43405984634038","-220.43405984634038","-220.43405984634038","-242.50984593592352","-242.50984593592352","-242.50984593592352","-298.5331876326653","-298.5331876326653","-298.5331876326653","-169.29342312684693","-169.29342312684693","-169.29342312684693","-141.34330082634133","-141.34330082634133","-141.34330082634133","-211.30757143096304","-211.30757143096304","-211.30757143096304","-126.31719655599493","-126.31719655599493","-126.31719655599493","-196.04175089505082","-196.04175089505082","-196.04175089505082","-121.5787550835626","-121.5787550835626","-121.5787550835626","-242.31039181489217","-242.31039181489217","-242.31039181489217","-169.82504768239022","-169.82504768239022","-169.82504768239022","-129.52839909339318","-129.52839909339318","-129.52839909339318","-214.19941906049644","-214.19941906049644","-214.19941906049644","-167.98363296431657","-167.98363296431657","-167.98363296431657","-121.85121247776378","-121.85121247776378","-121.85121247776378","-142.88096478415528","-142.88096478415528","-142.88096478415528","-118.87026633752448","-118.87026633752448","-118.87026633752448","-170.85592728000364","-170.85592728000364","-170.85592728000364","-121.4097354966096","-121.4097354966096","-121.4097354966096"
"25500","-152.19376004451988","-152.19376004451988","-152.19376004451988","-220.52961776656224","-220.52961776656224","-220.52961776656224","-242.21631690061753","-242.21631690061753","-242.21631690061753","-299.87166247368737","-299.87166247368737","-299.87166247368737","-169.76967574806355","-169.76967574806355","-169.76967574806355","-142.39487686902515","-142.39487686902515","-142.39487686902515","-211.7784578962729","-211.7784578962729","-211.7784578962729","-126.40227551098442","-126.40227551098442","-126.40227551098442","-170.9771467468142","-170.9771467468142","-170.9771467468142","-121.14513045271167","-121.14513045271167","-121.14513045271167","-143.8848204921114","-143.8848204921114","-143.8848204921114","-169.80275643912833","-169.80275643912833","-169.80275643912833","-127.78151280990078","-127.78151280990078","-127.78151280990078","-214.6042406059356","-214.6042406059356","-214.6042406059356","-166.86345405657954","-166.86345405657954","-166.86345405657954","-122.26593111475218","-122.26593111475218","-122.26593111475218","-142.5314147430815","-142.5314147430815","-142.5314147430815","-118.8946656501611","-118.8946656501611","-118.8946656501611","-170.98371286741252","-170.98371286741252","-170.98371286741252","-121.2631724267375","-121.2631724267375","-121.2631724267375"
"25800","-153.7734798964721","-153.7734798964721","-153.7734798964721","-219.77412703250238","-219.77412703250238","-219.77412703250238","-241.7508007711364","-241.7508007711364","-241.7508007711364","-299.6560173018605","-299.6560173018605","-299.6560173018605","-144.29412827662972","-144.29412827662972","-144.29412827662972","-141.98339706335872","-141.98339706335872","-141.98339706335872","-237.71667747085425","-237.71667747085425","-237.71667747085425","-152.34983891047614","-152.34983891047614","-152.34983891047614","-170.81878960717793","-170.81878960717793","-170.81878960717793","-120.99925567111302","-120.99925567111302","-120.99925567111302","-143.61310795829348","-143.61310795829348","-143.61310795829348","-170.51108676744562","-170.51108676744562","-170.51108676744562","-127.12546824679607","-127.12546824679607","-127.12546824679607","-215.3289338993318","-215.3289338993318","-215.3289338993318","-167.57186298579177","-167.57186298579177","-167.57186298579177","-122.47041403338787","-122.47041403338787","-122.47041403338787","-143.6367633911089","-143.6367633911089","-143.6367633911089","-118.82927356920922","-118.82927356920922","-118.82927356920922","-170.77370097121815","-170.77370097121815","-170.77370097121815","-120.7946680326033","-120.7946680326033","-120.7946680326033"
"26100","-153.52184408673475","-153.52184408673475","-153.52184408673475","-219.75089481361297","-219.75089481361297","-219.75089481361297","-241.92198312024993","-241.92198312024993","-241.92198312024993","-300.2769163964801","-300.2769163964801","-300.2769163964801","-143.05939730199356","-143.05939730199356","-143.05939730199356","-141.24968024027908","-141.24968024027908","-141.24968024027908","-212.23232138349994","-212.23232138349994","-212.23232138349994","-126.22008530144892","-126.22008530144892","-126.22008530144892","-195.67892240858663","-195.67892240858663","-195.67892240858663","-121.31451135416835","-121.31451135416835","-121.31451135416835","-143.6212014878097","-143.6212014878097","-143.6212014878097","-169.80495384492954","-169.80495384492954","-169.80495384492954","-129.2799251445539","-129.2799251445539","-129.2799251445539","-215.27239811038265","-215.27239811038265","-215.27239811038265","-167.6523814589053","-167.6523814589053","-167.6523814589053","-122.02196052369604","-122.02196052369604","-122.02196052369604","-142.4177827944515","-142.4177827944515","-142.4177827944515","-118.834252744993","-118.834252744993","-118.834252744993","-172.8054564509782","-172.8054564509782","-172.8054564509782","-121.11035916186623","-121.11035916186623","-121.11035916186623"
"26400","-177.23103641522283","-177.23103641522283","-177.23103641522283","-220.85516252300857","-220.85516252300857","-220.85516252300857","-241.6955594095429","-241.6955594095429","-241.6955594095429","-298.8854024596596","-298.8854024596596","-298.8854024596596","-142.97151047210158","-142.97151047210158","-142.97151047210158","-141.48255309485384","-141.48255309485384","-141.48255309485384","-213.15526307647596","-213.15526307647596","-213.15526307647596","-128.3191782122422","-128.3191782122422","-128.3191782122422","-170.5905803088668","-170.5905803088668","-170.5905803088668","-122.40509016242686","-122.40509016242686","-122.40509016242686","-144.09916132021402","-144.09916132021402","-144.09916132021402","-169.73237174481307","-169.73237174481307","-169.73237174481307","-127.79679610448625","-127.79679610448625","-127.79679610448625","-214.7697023408824","-214.7697023408824","-214.7697023408824","-167.67146149147607","-167.67146149147607","-167.67146149147607","-122.03957160368245","-122.03957160368245","-122.03957160368245","-192.39360345688448","-192.39360345688448","-192.39360345688448","-118.72130742481713","-118.72130742481713","-118.72130742481713","-171.42234997573556","-171.42234997573556","-171.42234997573556","-121.32008038208305","-121.32008038208305","-121.32008038208305"
"26700","-152.06245833675538","-152.06245833675538","-152.06245833675538","-219.82587876637217","-219.82587876637217","-219.82587876637217","-241.86165696429325","-241.86165696429325","-241.86165696429325","-300.3884177484555","-300.3884177484555","-300.3884177484555","-143.16981990814247","-143.16981990814247","-143.16981990814247","-142.89354531872672","-142.89354531872672","-142.89354531872672","-212.0769186927492","-212.0769186927492","-212.0769186927492","-126.8659486466202","-126.8659486466202","-126.8659486466202","-170.75708047347922","-170.75708047347922","-170.75708047347922","-122.68565459063564","-122.68565459063564","-122.68565459063564","-143.2654339542826","-143.2654339542826","-143.2654339542826","-169.98497126572877","-169.98497126572877","-169.98497126572877","-128.07230010922476","-128.07230010922476","-128.07230010922476","-214.88480636483365","-214.88480636483365","-214.88480636483365","-167.9675671570892","-167.9675671570892","-167.9675671570892","-122.43560403308842","-122.43560403308842","-122.43560403308842","-142.24594262000102","-142.24594262000102","-142.24594262000102","-118.80892281053593","-118.80892281053593","-118.80892281053593","-171.9609316731256","-171.9609316731256","-171.9609316731256","-121.09099331784651","-121.09099331784651","-121.09099331784651"
"27000","-151.9484180553799","-151.9484180553799","-151.9484180553799","-220.50041860472325","-220.50041860472325","-220.50041860472325","-241.87637232679467","-241.87637232679467","-241.87637232679467","-299.52905226204985","-299.52905226204985","-299.52905226204985","-143.14724985754717","-143.14724985754717","-143.14724985754717","-141.64689020485423","-141.64689020485423","-141.64689020485423","-264.07979502427213","-264.07979502427213","-264.07979502427213","-177.1227742883471","-177.1227742883471","-177.1227742883471","-170.18399421333805","-170.18399421333805","-170.18399421333805","-120.99403937383929","-120.99403937383929","-120.99403937383929","-143.21312610371885","-143.21312610371885","-143.21312610371885","-170.10146799439957","-170.10146799439957","-170.10146799439957","-129.61574807943666","-129.61574807943666","-129.61574807943666","-215.1649254740842","-215.1649254740842","-215.1649254740842","-167.5902677169231","-167.5902677169231","-167.5902677169231","-147.35814648627002","-147.35814648627002","-147.35814648627002","-142.14959318490372","-142.14959318490372","-142.14959318490372","-118.7665602795627","-118.7665602795627","-118.7665602795627","-172.94534937599116","-172.94534937599116","-172.94534937599116","-121.09941171397296","-121.09941171397296","-121.09941171397296"
"27300","-151.87239396320336","-151.87239396320336","-151.87239396320336","-220.79997296568968","-220.79997296568968","-220.79997296568968","-241.50175076687765","-241.50175076687765","-241.50175076687765","-300.28320238182783","-300.28320238182783","-300.28320238182783","-169.25051331721534","-169.25051331721534","-169.25051331721534","-141.56154464741255","-141.56154464741255","-141.56154464741255","-212.477981715625","-212.477981715625","-212.477981715625","-100.03237774443569","-100.03237774443569","-100.03237774443569","-170.20874044504515","-170.20874044504515","-170.20874044504515","-121.03771071272486","-121.03771071272486","-121.03771071272486","-143.05436701669527","-143.05436701669527","-143.05436701669527","-170.1790764101567","-170.1790764101567","-170.1790764101567","-128.50841764090785","-128.50841764090785","-128.50841764090785","-215.55986021026334","-215.55986021026334","-215.55986021026334","-167.32256935985023","-167.32256935985023","-167.32256935985023","-123.16160193512005","-123.16160193512005","-123.16160193512005","-167.7841440731012","-167.7841440731012","-167.7841440731012","-118.73484938810027","-118.73484938810027","-118.73484938810027","-172.57817311442585","-172.57817311442585","-172.57817311442585","-121.39936271042616","-121.39936271042616","-121.39936271042616"
"27600","-152.69766308239733","-152.69766308239733","-152.69766308239733","-220.21758820051468","-220.21758820051468","-220.21758820051468","-242.517200776844","-242.517200776844","-242.517200776844","-300.2898185533712","-300.2898185533712","-300.2898185533712","-144.2261565287583","-144.2261565287583","-144.2261565287583","-141.74470860678656","-141.74470860678656","-141.74470860678656","-237.76109287586033","-237.76109287586033","-237.76109287586033","-125.23096835766596","-125.23096835766596","-125.23096835766596","-170.1687295559551","-170.1687295559551","-170.1687295559551","-120.76891639016692","-120.76891639016692","-120.76891639016692","-143.04824716445495","-143.04824716445495","-143.04824716445495","-169.9741729221688","-169.9741729221688","-169.9741729221688","-130.45748341578042","-130.45748341578042","-130.45748341578042","-216.00117780195484","-216.00117780195484","-216.00117780195484","-168.11085960154944","-168.11085960154944","-168.11085960154944","-122.25173103444857","-122.25173103444857","-122.25173103444857","-142.90395716719163","-142.90395716719163","-142.90395716719163","-118.756230632473","-118.756230632473","-118.756230632473","-172.6524373052226","-172.6524373052226","-172.6524373052226","-121.79181267100475","-121.79181267100475","-121.79181267100475"
"27900","-152.92495004185682","-152.92495004185682","-152.92495004185682","-196.2347651604592","-196.2347651604592","-196.2347651604592","-242.03920492814387","-242.03920492814387","-242.03920492814387","-298.44227350317544","-298.44227350317544","-298.44227350317544","-143.34634300707933","-143.34634300707933","-143.34634300707933","-142.2788825747138","-142.2788825747138","-142.2788825747138","-237.9513284379371","-237.9513284379371","-237.9513284379371","-288.81400186846724","-288.81400186846724","-288.81400186846724","-170.25827070945255","-170.25827070945255","-170.25827070945255","-120.71841391173652","-120.71841391173652","-120.71841391173652","-143.19365889156734","-143.19365889156734","-143.19365889156734","-170.24710609427558","-170.24710609427558","-170.24710609427558","-129.96963462908658","-129.96963462908658","-129.96963462908658","-216.53754474754186","-216.53754474754186","-216.53754474754186","-168.27507763039392","-168.27507763039392","-168.27507763039392","-147.68897616132136","-147.68897616132136","-147.68897616132136","-141.9992248790435","-141.9992248790435","-141.9992248790435","-118.7129263932519","-118.7129263932519","-118.7129263932519","-172.8864914014393","-172.8864914014393","-172.8864914014393","-121.80113312307235","-121.80113312307235","-121.80113312307235"
"28200","-152.4638964943175","-152.4638964943175","-152.4638964943175","-196.53470802222108","-196.53470802222108","-196.53470802222108","-241.710615292431","-241.710615292431","-241.710615292431","-298.4866437758282","-298.4866437758282","-298.4866437758282","-143.57238662852876","-143.57238662852876","-143.57238662852876","-142.3217438394137","-142.3217438394137","-142.3217438394137","-212.83295331025866","-212.83295331025866","-212.83295331025866","-178.61394142333316","-178.61394142333316","-178.61394142333316","-170.07467111686574","-170.07467111686574","-170.07467111686574","-121.08353091436081","-121.08353091436081","-121.08353091436081","-143.6277969810232","-143.6277969810232","-143.6277969810232","-170.3819134903126","-170.3819134903126","-170.3819134903126","-130.26957135440347","-130.26957135440347","-130.26957135440347","-216.1495938837833","-216.1495938837833","-216.1495938837833","-167.08769150277323","-167.08769150277323","-167.08769150277323","-123.46854089860892","-123.46854089860892","-123.46854089860892","-167.66075793272995","-167.66075793272995","-167.66075793272995","-118.63985515442855","-118.63985515442855","-118.63985515442855","-173.02270685537138","-173.02270685537138","-173.02270685537138","-121.68063802320401","-121.68063802320401","-121.68063802320401"
"28500","-152.60482161250877","-152.60482161250877","-152.60482161250877","-196.36344576686741","-196.36344576686741","-196.36344576686741","-241.91849026579303","-241.91849026579303","-241.91849026579303","-295.83017388795474","-295.83017388795474","-295.83017388795474","-143.7460217472055","-143.7460217472055","-143.7460217472055","-142.13836966338","-142.13836966338","-142.13836966338","-212.10540230016804","-212.10540230016804","-212.10540230016804","-125.40742218831801","-125.40742218831801","-125.40742218831801","-170.08491626255466","-170.08491626255466","-170.08491626255466","-146.4756244884966","-146.4756244884966","-146.4756244884966","-143.3212259048422","-143.3212259048422","-143.3212259048422","-170.23681021683365","-170.23681021683365","-170.23681021683365","-129.32804861891017","-129.32804861891017","-129.32804861891017","-216.42027572959856","-216.42027572959856","-216.42027572959856","-167.29679837860812","-167.29679837860812","-167.29679837860812","-148.50548831899255","-148.50548831899255","-148.50548831899255","-142.99542793371904","-142.99542793371904","-142.99542793371904","-118.63252267878939","-118.63252267878939","-118.63252267878939","-173.30186764307544","-173.30186764307544","-173.30186764307544","-121.31064534786438","-121.31064534786438","-121.31064534786438"
"28800","-153.02300263780512","-153.02300263780512","-153.02300263780512","-195.29485820771714","-195.29485820771714","-195.29485820771714","-241.91106312948259","-241.91106312948259","-241.91106312948259","-298.6203416756776","-298.6203416756776","-298.6203416756776","-144.13351658925347","-144.13351658925347","-144.13351658925347","-141.5829260633159","-141.5829260633159","-141.5829260633159","-238.05540247079983","-238.05540247079983","-238.05540247079983","-152.15419145104767","-152.15419145104767","-152.15419145104767","-170.27433460527055","-170.27433460527055","-170.27433460527055","-120.74311668473872","-120.74311668473872","-120.74311668473872","-143.05147704676585","-143.05147704676585","-143.05147704676585","-169.7878405087806","-169.7878405087806","-169.7878405087806","-127.67252234723699","-127.67252234723699","-127.67252234723699","-215.58872071566466","-215.58872071566466","-215.58872071566466","-167.08038048186603","-167.08038048186603","-167.08038048186603","-174.26405324741503","-174.26405324741503","-174.26405324741503","-142.74742131801455","-142.74742131801455","-142.74742131801455","-118.69981483268103","-118.69981483268103","-118.69981483268103","-173.14015579929696","-173.14015579929696","-173.14015579929696","-121.23480658978045","-121.23480658978045","-121.23480658978045"
"29100","-153.2628207398681","-153.2628207398681","-153.2628207398681","-195.5301144597814","-195.5301144597814","-195.5301144597814","-242.20533839663926","-242.20533839663926","-242.20533839663926","-298.2487358983256","-298.2487358983256","-298.2487358983256","-143.39871746134259","-143.39871746134259","-143.39871746134259","-140.89356388125924","-140.89356388125924","-140.89356388125924","-212.48885637277127","-212.48885637277127","-212.48885637277127","-97.70804269969972","-97.70804269969972","-97.70804269969972","-170.09165735393137","-170.09165735393137","-170.09165735393137","-121.1199090509347","-121.1199090509347","-121.1199090509347","-143.19192684248338","-143.19192684248338","-143.19192684248338","-169.7700514448629","-169.7700514448629","-169.7700514448629","-128.6214508596704","-128.6214508596704","-128.6214508596704","-215.3533080457095","-215.3533080457095","-215.3533080457095","-168.50073743808312","-168.50073743808312","-168.50073743808312","-173.56295750578454","-173.56295750578454","-173.56295750578454","-168.20996310838416","-168.20996310838416","-168.20996310838416","-118.77922797941866","-118.77922797941866","-118.77922797941866","-173.23067266664384","-173.23067266664384","-173.23067266664384","-121.35031152742788","-121.35031152742788","-121.35031152742788"
"29400","-153.2096179541956","-153.2096179541956","-153.2096179541956","-194.54955550546447","-194.54955550546447","-194.54955550546447","-241.9332488325408","-241.9332488325408","-241.9332488325408","-296.92783440520674","-296.92783440520674","-296.92783440520674","-143.50424422855036","-143.50424422855036","-143.50424422855036","-141.53739652381051","-141.53739652381051","-141.53739652381051","-212.09642392940958","-212.09642392940958","-212.09642392940958","-179.63407309561322","-179.63407309561322","-179.63407309561322","-169.3874454060337","-169.3874454060337","-169.3874454060337","-120.7615212098437","-120.7615212098437","-120.7615212098437","-143.236896968207","-143.236896968207","-143.236896968207","-169.49188988623777","-169.49188988623777","-169.49188988623777","-126.71449148385587","-126.71449148385587","-126.71449148385587","-216.23094321962944","-216.23094321962944","-216.23094321962944","-167.10190748645863","-167.10190748645863","-167.10190748645863","-123.35552990095911","-123.35552990095911","-123.35552990095911","-193.27207003489633","-193.27207003489633","-193.27207003489633","-118.67980414116967","-118.67980414116967","-118.67980414116967","-173.94363082848596","-173.94363082848596","-173.94363082848596","-121.66996270696382","-121.66996270696382","-121.66996270696382"
"29700","-227.629295475634","-227.629295475634","-227.629295475634","-198.32384540960743","-198.32384540960743","-198.32384540960743","-242.468311679426","-242.468311679426","-242.468311679426","-297.39569751646434","-297.39569751646434","-297.39569751646434","-143.69934183111093","-143.69934183111093","-143.69934183111093","-141.32944835765804","-141.32944835765804","-141.32944835765804","-212.53673756993717","-212.53673756993717","-212.53673756993717","-177.25208757704635","-177.25208757704635","-177.25208757704635","-170.20232467969842","-170.20232467969842","-170.20232467969842","-146.10377752545944","-146.10377752545944","-146.10377752545944","-143.42399211149916","-143.42399211149916","-143.42399211149916","-169.888829792547","-169.888829792547","-169.888829792547","-126.47209993873636","-126.47209993873636","-126.47209993873636","-216.15770158701554","-216.15770158701554","-216.15770158701554","-168.07106468826964","-168.07106468826964","-168.07106468826964","-123.44176419769323","-123.44176419769323","-123.44176419769323","-143.08782142773993","-143.08782142773993","-143.08782142773993","-118.61570221926229","-118.61570221926229","-118.61570221926229","-172.19350234094796","-172.19350234094796","-172.19350234094796","-121.77199289122723","-121.77199289122723","-121.77199289122723"
"30000","-153.1617514361333","-153.1617514361333","-153.1617514361333","-197.2649666839515","-197.2649666839515","-197.2649666839515","-242.97749405947553","-242.97749405947553","-242.97749405947553","-296.481401990921","-296.481401990921","-296.481401990921","-143.77646085494968","-143.77646085494968","-143.77646085494968","-141.55154014780356","-141.55154014780356","-141.55154014780356","-238.15266207191422","-238.15266207191422","-238.15266207191422","-125.13633924773933","-125.13633924773933","-125.13633924773933","-169.54588077686125","-169.54588077686125","-169.54588077686125","-120.75883958467016","-120.75883958467016","-120.75883958467016","-143.64695267923526","-143.64695267923526","-143.64695267923526","-170.08228028160562","-170.08228028160562","-170.08228028160562","-126.91689454736449","-126.91689454736449","-126.91689454736449","-216.39089438605976","-216.39089438605976","-216.39089438605976","-167.94281098599058","-167.94281098599058","-167.94281098599058","-123.44501921622934","-123.44501921622934","-123.44501921622934","-142.33379165657317","-142.33379165657317","-142.33379165657317","-118.74825746115138","-118.74825746115138","-118.74825746115138","-171.5807068516346","-171.5807068516346","-171.5807068516346","-121.50202187775926","-121.50202187775926","-121.50202187775926"