"Step","DDPG_UTE_Pendulum-v1_19 - eval/avg_reward","DDPG_UTE_Pendulum-v1_19 - eval/avg_reward__MIN","DDPG_UTE_Pendulum-v1_19 - eval/avg_reward__MAX","DDPG_UTE_Pendulum-v1_18 - eval/avg_reward","DDPG_UTE_Pendulum-v1_18 - eval/avg_reward__MIN","DDPG_UTE_Pendulum-v1_18 - eval/avg_reward__MAX","DDPG_UTE_Pendulum-v1_17 - eval/avg_reward","DDPG_UTE_Pendulum-v1_17 - eval/avg_reward__MIN","DDPG_UTE_Pendulum-v1_17 - eval/avg_reward__MAX","DDPG_UTE_Pendulum-v1_16 - eval/avg_reward","DDPG_UTE_Pendulum-v1_16 - eval/avg_reward__MIN","DDPG_UTE_Pendulum-v1_16 - eval/avg_reward__MAX","DDPG_UTE_Pendulum-v1_15 - eval/avg_reward","DDPG_UTE_Pendulum-v1_15 - eval/avg_reward__MIN","DDPG_UTE_Pendulum-v1_15 - eval/avg_reward__MAX","DDPG_UTE_Pendulum-v1_14 - eval/avg_reward","DDPG_UTE_Pendulum-v1_14 - eval/avg_reward__MIN","DDPG_UTE_Pendulum-v1_14 - eval/avg_reward__MAX","DDPG_UTE_Pendulum-v1_13 - eval/avg_reward","DDPG_UTE_Pendulum-v1_13 - eval/avg_reward__MIN","DDPG_UTE_Pendulum-v1_13 - eval/avg_reward__MAX","DDPG_UTE_Pendulum-v1_12 - eval/avg_reward","DDPG_UTE_Pendulum-v1_12 - eval/avg_reward__MIN","DDPG_UTE_Pendulum-v1_12 - eval/avg_reward__MAX","DDPG_UTE_Pendulum-v1_11 - eval/avg_reward","DDPG_UTE_Pendulum-v1_11 - eval/avg_reward__MIN","DDPG_UTE_Pendulum-v1_11 - eval/avg_reward__MAX","DDPG_UTE_Pendulum-v1_10 - eval/avg_reward","DDPG_UTE_Pendulum-v1_10 - eval/avg_reward__MIN","DDPG_UTE_Pendulum-v1_10 - eval/avg_reward__MAX","DDPG_UTE_Pendulum-v1_9 - eval/avg_reward","DDPG_UTE_Pendulum-v1_9 - eval/avg_reward__MIN","DDPG_UTE_Pendulum-v1_9 - eval/avg_reward__MAX","DDPG_UTE_Pendulum-v1_8 - eval/avg_reward","DDPG_UTE_Pendulum-v1_8 - eval/avg_reward__MIN","DDPG_UTE_Pendulum-v1_8 - eval/avg_reward__MAX","DDPG_UTE_Pendulum-v1_7 - eval/avg_reward","DDPG_UTE_Pendulum-v1_7 - eval/avg_reward__MIN","DDPG_UTE_Pendulum-v1_7 - eval/avg_reward__MAX","DDPG_UTE_Pendulum-v1_6 - eval/avg_reward","DDPG_UTE_Pendulum-v1_6 - eval/avg_reward__MIN","DDPG_UTE_Pendulum-v1_6 - eval/avg_reward__MAX","DDPG_UTE_Pendulum-v1_5 - eval/avg_reward","DDPG_UTE_Pendulum-v1_5 - eval/avg_reward__MIN","DDPG_UTE_Pendulum-v1_5 - eval/avg_reward__MAX","DDPG_UTE_Pendulum-v1_4 - eval/avg_reward","DDPG_UTE_Pendulum-v1_4 - eval/avg_reward__MIN","DDPG_UTE_Pendulum-v1_4 - eval/avg_reward__MAX","DDPG_UTE_Pendulum-v1_3 - eval/avg_reward","DDPG_UTE_Pendulum-v1_3 - eval/avg_reward__MIN","DDPG_UTE_Pendulum-v1_3 - eval/avg_reward__MAX","DDPG_UTE_Pendulum-v1_2 - eval/avg_reward","DDPG_UTE_Pendulum-v1_2 - eval/avg_reward__MIN","DDPG_UTE_Pendulum-v1_2 - eval/avg_reward__MAX","DDPG_UTE_Pendulum-v1_1 - eval/avg_reward","DDPG_UTE_Pendulum-v1_1 - eval/avg_reward__MIN","DDPG_UTE_Pendulum-v1_1 - eval/avg_reward__MAX","DDPG_UTE_Pendulum-v1_0 - eval/avg_reward","DDPG_UTE_Pendulum-v1_0 - eval/avg_reward__MIN","DDPG_UTE_Pendulum-v1_0 - eval/avg_reward__MAX"
"0","-1401.944625912864","-1401.944625912864","-1401.944625912864","-1374.684217284805","-1374.684217284805","-1374.684217284805","-1455.243993637554","-1455.243993637554","-1455.243993637554","-1582.1022037263144","-1582.1022037263144","-1582.1022037263144","-1206.7924271025965","-1206.7924271025965","-1206.7924271025965","-1198.9736131002705","-1198.9736131002705","-1198.9736131002705","-1515.998203085948","-1515.998203085948","-1515.998203085948","-1094.2746704979395","-1094.2746704979395","-1094.2746704979395","-1283.69932079856","-1283.69932079856","-1283.69932079856","-1482.3900080720032","-1482.3900080720032","-1482.3900080720032","-1213.725790290341","-1213.725790290341","-1213.725790290341","-1235.3243271172232","-1235.3243271172232","-1235.3243271172232","-1263.2593582176273","-1263.2593582176273","-1263.2593582176273","-1444.174137551196","-1444.174137551196","-1444.174137551196","-1489.7367707305043","-1489.7367707305043","-1489.7367707305043","-1444.0453343368458","-1444.0453343368458","-1444.0453343368458","-1233.9910276929802","-1233.9910276929802","-1233.9910276929802","-1265.5428782157455","-1265.5428782157455","-1265.5428782157455","-1494.0673254293633","-1494.0673254293633","-1494.0673254293633","-1076.9281651670208","-1076.9281651670208","-1076.9281651670208"
"300","-1399.7938295927672","-1399.7938295927672","-1399.7938295927672","-1377.2428905792376","-1377.2428905792376","-1377.2428905792376","-1449.0744595517428","-1449.0744595517428","-1449.0744595517428","-1579.6930366093661","-1579.6930366093661","-1579.6930366093661","-1221.517859325511","-1221.517859325511","-1221.517859325511","-1184.3014542307276","-1184.3014542307276","-1184.3014542307276","-1495.67380051118","-1495.67380051118","-1495.67380051118","-1089.079773365179","-1089.079773365179","-1089.079773365179","-1291.7480416506519","-1291.7480416506519","-1291.7480416506519","-1482.3900080720032","-1482.3900080720032","-1482.3900080720032","-1212.6302777320475","-1212.6302777320475","-1212.6302777320475","-1239.1192314841394","-1239.1192314841394","-1239.1192314841394","-1252.0121549302005","-1252.0121549302005","-1252.0121549302005","-1442.22832405721","-1442.22832405721","-1442.22832405721","-1497.7460232826638","-1497.7460232826638","-1497.7460232826638","-1444.4709360285174","-1444.4709360285174","-1444.4709360285174","-1207.678837414177","-1207.678837414177","-1207.678837414177","-1263.1837232581463","-1263.1837232581463","-1263.1837232581463","-1495.5070226255466","-1495.5070226255466","-1495.5070226255466","-1069.2383852021426","-1069.2383852021426","-1069.2383852021426"
"600","-1400.3071673686018","-1400.3071673686018","-1400.3071673686018","-1419.3075592831785","-1419.3075592831785","-1419.3075592831785","-1445.7487251345776","-1445.7487251345776","-1445.7487251345776","-1578.5313769190989","-1578.5313769190989","-1578.5313769190989","-1219.03940462952","-1219.03940462952","-1219.03940462952","-1186.2543363928146","-1186.2543363928146","-1186.2543363928146","-1506.035888231389","-1506.035888231389","-1506.035888231389","-1089.079773365179","-1089.079773365179","-1089.079773365179","-1276.8073974025367","-1276.8073974025367","-1276.8073974025367","-1482.3900080720032","-1482.3900080720032","-1482.3900080720032","-1219.9997406369475","-1219.9997406369475","-1219.9997406369475","-1238.0518408093099","-1238.0518408093099","-1238.0518408093099","-1259.0535876985548","-1259.0535876985548","-1259.0535876985548","-1453.318139932287","-1453.318139932287","-1453.318139932287","-1500.7760771053283","-1500.7760771053283","-1500.7760771053283","-1424.3081341802758","-1424.3081341802758","-1424.3081341802758","-1129.8702736657779","-1129.8702736657779","-1129.8702736657779","-1275.0533714033998","-1275.0533714033998","-1275.0533714033998","-1491.319149061604","-1491.319149061604","-1491.319149061604","-1042.7200197980283","-1042.7200197980283","-1042.7200197980283"
"900","-1401.904795868133","-1401.904795868133","-1401.904795868133","-1418.3042995873361","-1418.3042995873361","-1418.3042995873361","-1447.8055139730263","-1447.8055139730263","-1447.8055139730263","-1577.1790426848147","-1577.1790426848147","-1577.1790426848147","-1191.8077215217822","-1191.8077215217822","-1191.8077215217822","-1201.1134298990305","-1201.1134298990305","-1201.1134298990305","-1506.035888231389","-1506.035888231389","-1506.035888231389","-1088.0018619317357","-1088.0018619317357","-1088.0018619317357","-1282.7908939148735","-1282.7908939148735","-1282.7908939148735","-1482.3900080720032","-1482.3900080720032","-1482.3900080720032","-1210.6771921930563","-1210.6771921930563","-1210.6771921930563","-1235.332726283037","-1235.332726283037","-1235.332726283037","-1261.432975711647","-1261.432975711647","-1261.432975711647","-1449.0745834339984","-1449.0745834339984","-1449.0745834339984","-1500.7760771053283","-1500.7760771053283","-1500.7760771053283","-1429.2979685741159","-1429.2979685741159","-1429.2979685741159","-1213.0864766134719","-1213.0864766134719","-1213.0864766134719","-1273.0362603405752","-1273.0362603405752","-1273.0362603405752","-1491.319149061604","-1491.319149061604","-1491.319149061604","-1042.6405518297954","-1042.6405518297954","-1042.6405518297954"
"1200","-1551.0947125872995","-1551.0947125872995","-1551.0947125872995","-1540.106059445429","-1540.106059445429","-1540.106059445429","-1829.1914774997033","-1829.1914774997033","-1829.1914774997033","-1657.8277264127744","-1657.8277264127744","-1657.8277264127744","-1253.7387571245426","-1253.7387571245426","-1253.7387571245426","-1524.7766825026015","-1524.7766825026015","-1524.7766825026015","-1411.7788942358486","-1411.7788942358486","-1411.7788942358486","-1195.7819201132081","-1195.7819201132081","-1195.7819201132081","-1235.9815310720828","-1235.9815310720828","-1235.9815310720828","-1597.764534996088","-1597.764534996088","-1597.764534996088","-1699.3905822456502","-1699.3905822456502","-1699.3905822456502","-1288.5355707968456","-1288.5355707968456","-1288.5355707968456","-1274.215062555801","-1274.215062555801","-1274.215062555801","-1735.1760860275404","-1735.1760860275404","-1735.1760860275404","-1322.2027379517158","-1322.2027379517158","-1322.2027379517158","-1430.4988796956302","-1430.4988796956302","-1430.4988796956302","-1366.724937656779","-1366.724937656779","-1366.724937656779","-1387.6246947963814","-1387.6246947963814","-1387.6246947963814","-1597.697057026669","-1597.697057026669","-1597.697057026669","-1532.8141075095498","-1532.8141075095498","-1532.8141075095498"
"1500","-1382.4499499390618","-1382.4499499390618","-1382.4499499390618","-1678.976566633788","-1678.976566633788","-1678.976566633788","-1651.6779151174967","-1651.6779151174967","-1651.6779151174967","-1736.3113680451875","-1736.3113680451875","-1736.3113680451875","-1641.150216987137","-1641.150216987137","-1641.150216987137","-1720.950753167121","-1720.950753167121","-1720.950753167121","-1415.723207026625","-1415.723207026625","-1415.723207026625","-1658.8506233209416","-1658.8506233209416","-1658.8506233209416","-1793.674202216453","-1793.674202216453","-1793.674202216453","-1748.4033135520779","-1748.4033135520779","-1748.4033135520779","-1769.7269488134432","-1769.7269488134432","-1769.7269488134432","-1605.662293457452","-1605.662293457452","-1605.662293457452","-1540.820219433773","-1540.820219433773","-1540.820219433773","-1643.060684099403","-1643.060684099403","-1643.060684099403","-1459.778940464048","-1459.778940464048","-1459.778940464048","-1436.375695007592","-1436.375695007592","-1436.375695007592","-1720.7075054078682","-1720.7075054078682","-1720.7075054078682","-1447.8376636072016","-1447.8376636072016","-1447.8376636072016","-1418.1768947690075","-1418.1768947690075","-1418.1768947690075","-1660.938516378108","-1660.938516378108","-1660.938516378108"
"1800","-1262.1947152580346","-1262.1947152580346","-1262.1947152580346","-1393.8809116399384","-1393.8809116399384","-1393.8809116399384","-1503.4201023841897","-1503.4201023841897","-1503.4201023841897","-1462.5949449114717","-1462.5949449114717","-1462.5949449114717","-1390.4021787449017","-1390.4021787449017","-1390.4021787449017","-1655.7817496365813","-1655.7817496365813","-1655.7817496365813","-1378.608010669268","-1378.608010669268","-1378.608010669268","-1563.263503132753","-1563.263503132753","-1563.263503132753","-1545.268404516036","-1545.268404516036","-1545.268404516036","-1316.67148157157","-1316.67148157157","-1316.67148157157","-1487.1837708119742","-1487.1837708119742","-1487.1837708119742","-1462.6177581607337","-1462.6177581607337","-1462.6177581607337","-1236.0020077055283","-1236.0020077055283","-1236.0020077055283","-1453.0516509650452","-1453.0516509650452","-1453.0516509650452","-1153.9753845428058","-1153.9753845428058","-1153.9753845428058","-1168.9867097405854","-1168.9867097405854","-1168.9867097405854","-1671.6381950832024","-1671.6381950832024","-1671.6381950832024","-1272.7695822228657","-1272.7695822228657","-1272.7695822228657","-1221.5921435894904","-1221.5921435894904","-1221.5921435894904","-1606.0153797595196","-1606.0153797595196","-1606.0153797595196"
"2100","-984.2154620331019","-984.2154620331019","-984.2154620331019","-804.2022373131025","-804.2022373131025","-804.2022373131025","-1508.352752762174","-1508.352752762174","-1508.352752762174","-1135.2458514141856","-1135.2458514141856","-1135.2458514141856","-976.6620957599841","-976.6620957599841","-976.6620957599841","-1172.728331723373","-1172.728331723373","-1172.728331723373","-1336.2121985362892","-1336.2121985362892","-1336.2121985362892","-812.0848320612173","-812.0848320612173","-812.0848320612173","-1136.4112817456737","-1136.4112817456737","-1136.4112817456737","-863.0451314068569","-863.0451314068569","-863.0451314068569","-1157.009938765109","-1157.009938765109","-1157.009938765109","-1082.0175648154666","-1082.0175648154666","-1082.0175648154666","-1503.8618686777731","-1503.8618686777731","-1503.8618686777731","-1188.368911189933","-1188.368911189933","-1188.368911189933","-1104.526302903734","-1104.526302903734","-1104.526302903734","-1023.8967836617082","-1023.8967836617082","-1023.8967836617082","-1143.1391689929037","-1143.1391689929037","-1143.1391689929037","-997.6353477159204","-997.6353477159204","-997.6353477159204","-1255.321237332135","-1255.321237332135","-1255.321237332135","-1260.1448372245177","-1260.1448372245177","-1260.1448372245177"
"2400","-840.2572870215294","-840.2572870215294","-840.2572870215294","-1249.5182506738124","-1249.5182506738124","-1249.5182506738124","-1400.0519805074787","-1400.0519805074787","-1400.0519805074787","-297.7396887001977","-297.7396887001977","-297.7396887001977","-1564.0472515245724","-1564.0472515245724","-1564.0472515245724","-923.512179358464","-923.512179358464","-923.512179358464","-1378.0593689100483","-1378.0593689100483","-1378.0593689100483","-970.7894713398421","-970.7894713398421","-970.7894713398421","-1348.1538177729265","-1348.1538177729265","-1348.1538177729265","-1205.2045185209665","-1205.2045185209665","-1205.2045185209665","-689.0094885377446","-689.0094885377446","-689.0094885377446","-1381.2037782146112","-1381.2037782146112","-1381.2037782146112","-1256.8113696785629","-1256.8113696785629","-1256.8113696785629","-1112.8501973854868","-1112.8501973854868","-1112.8501973854868","-1221.6083009200236","-1221.6083009200236","-1221.6083009200236","-1464.246781737495","-1464.246781737495","-1464.246781737495","-1300.604970291127","-1300.604970291127","-1300.604970291127","-606.5025042763698","-606.5025042763698","-606.5025042763698","-1180.2939383311405","-1180.2939383311405","-1180.2939383311405","-1291.233931476041","-1291.233931476041","-1291.233931476041"
"2700","-1037.11860627119","-1037.11860627119","-1037.11860627119","-955.6897353555565","-955.6897353555565","-955.6897353555565","-1527.0541603098677","-1527.0541603098677","-1527.0541603098677","-441.373177124072","-441.373177124072","-441.373177124072","-1617.2294897902498","-1617.2294897902498","-1617.2294897902498","-1364.6732190478183","-1364.6732190478183","-1364.6732190478183","-1386.5523182009551","-1386.5523182009551","-1386.5523182009551","-1275.903233549442","-1275.903233549442","-1275.903233549442","-1345.0630588867562","-1345.0630588867562","-1345.0630588867562","-1183.8836334193527","-1183.8836334193527","-1183.8836334193527","-1273.134566754831","-1273.134566754831","-1273.134566754831","-1351.4205225886687","-1351.4205225886687","-1351.4205225886687","-1427.409344704352","-1427.409344704352","-1427.409344704352","-1280.184703333875","-1280.184703333875","-1280.184703333875","-1221.6972957513085","-1221.6972957513085","-1221.6972957513085","-983.5350306486478","-983.5350306486478","-983.5350306486478","-1342.7725022082275","-1342.7725022082275","-1342.7725022082275","-1068.0522096011662","-1068.0522096011662","-1068.0522096011662","-958.2122546963907","-958.2122546963907","-958.2122546963907","-1164.7938189271003","-1164.7938189271003","-1164.7938189271003"
"3000","-1106.9810895174462","-1106.9810895174462","-1106.9810895174462","-1310.5797013657143","-1310.5797013657143","-1310.5797013657143","-1347.6195973083836","-1347.6195973083836","-1347.6195973083836","-734.0526690872234","-734.0526690872234","-734.0526690872234","-1204.2581802188681","-1204.2581802188681","-1204.2581802188681","-1354.6958172786772","-1354.6958172786772","-1354.6958172786772","-1427.7025294390355","-1427.7025294390355","-1427.7025294390355","-1203.0448950893701","-1203.0448950893701","-1203.0448950893701","-769.3300352334669","-769.3300352334669","-769.3300352334669","-762.6977897991071","-762.6977897991071","-762.6977897991071","-1287.0823142898976","-1287.0823142898976","-1287.0823142898976","-1370.2954743345213","-1370.2954743345213","-1370.2954743345213","-1552.5616231630045","-1552.5616231630045","-1552.5616231630045","-1180.891763606107","-1180.891763606107","-1180.891763606107","-1243.603653711178","-1243.603653711178","-1243.603653711178","-1078.0198461444238","-1078.0198461444238","-1078.0198461444238","-1163.1253630326933","-1163.1253630326933","-1163.1253630326933","-1060.244849718418","-1060.244849718418","-1060.244849718418","-1092.2920700408908","-1092.2920700408908","-1092.2920700408908","-1278.9981488752608","-1278.9981488752608","-1278.9981488752608"
"3300","-1158.0045429692204","-1158.0045429692204","-1158.0045429692204","-804.101660996566","-804.101660996566","-804.101660996566","-1235.6982924057854","-1235.6982924057854","-1235.6982924057854","-962.8370926588883","-962.8370926588883","-962.8370926588883","-1353.04337845672","-1353.04337845672","-1353.04337845672","-1093.8686499780465","-1093.8686499780465","-1093.8686499780465","-1379.02419347525","-1379.02419347525","-1379.02419347525","-1224.0611263741407","-1224.0611263741407","-1224.0611263741407","-943.233715106946","-943.233715106946","-943.233715106946","-919.2100366526087","-919.2100366526087","-919.2100366526087","-471.51795145519407","-471.51795145519407","-471.51795145519407","-1369.2768715084262","-1369.2768715084262","-1369.2768715084262","-1459.9457285333351","-1459.9457285333351","-1459.9457285333351","-244.26902293830486","-244.26902293830486","-244.26902293830486","-1225.1476075020237","-1225.1476075020237","-1225.1476075020237","-1077.4106014366366","-1077.4106014366366","-1077.4106014366366","-873.9887308891617","-873.9887308891617","-873.9887308891617","-1060.410601217642","-1060.410601217642","-1060.410601217642","-667.4184144724755","-667.4184144724755","-667.4184144724755","-1089.6631634070663","-1089.6631634070663","-1089.6631634070663"
"3600","-1120.5547486108069","-1120.5547486108069","-1120.5547486108069","-1078.5232727241635","-1078.5232727241635","-1078.5232727241635","-902.1372866061671","-902.1372866061671","-902.1372866061671","-963.3797995234581","-963.3797995234581","-963.3797995234581","-676.154663043668","-676.154663043668","-676.154663043668","-963.3537389003271","-963.3537389003271","-963.3537389003271","-984.8081775094191","-984.8081775094191","-984.8081775094191","-1312.4041606598898","-1312.4041606598898","-1312.4041606598898","-408.9767229852079","-408.9767229852079","-408.9767229852079","-447.80412684832845","-447.80412684832845","-447.80412684832845","-745.9278188415004","-745.9278188415004","-745.9278188415004","-1220.7324987712468","-1220.7324987712468","-1220.7324987712468","-1144.5187692729712","-1144.5187692729712","-1144.5187692729712","-584.1001885578065","-584.1001885578065","-584.1001885578065","-1260.6342613682489","-1260.6342613682489","-1260.6342613682489","-702.1085548224052","-702.1085548224052","-702.1085548224052","-795.6143094848976","-795.6143094848976","-795.6143094848976","-1086.4745811817231","-1086.4745811817231","-1086.4745811817231","-567.1123959631489","-567.1123959631489","-567.1123959631489","-1184.2768414853103","-1184.2768414853103","-1184.2768414853103"
"3900","-885.052901761597","-885.052901761597","-885.052901761597","-337.12111358722643","-337.12111358722643","-337.12111358722643","-690.560618209944","-690.560618209944","-690.560618209944","-209.03943252830058","-209.03943252830058","-209.03943252830058","-272.2670233272112","-272.2670233272112","-272.2670233272112","-929.1166169838158","-929.1166169838158","-929.1166169838158","-1030.162402172039","-1030.162402172039","-1030.162402172039","-1155.2508978241701","-1155.2508978241701","-1155.2508978241701","-220.21916622100534","-220.21916622100534","-220.21916622100534","-124.03933229169714","-124.03933229169714","-124.03933229169714","-931.2841687643906","-931.2841687643906","-931.2841687643906","-1143.8766395804287","-1143.8766395804287","-1143.8766395804287","-1347.208194963308","-1347.208194963308","-1347.208194963308","-209.35451137243763","-209.35451137243763","-209.35451137243763","-1165.4570468732138","-1165.4570468732138","-1165.4570468732138","-335.2463172612561","-335.2463172612561","-335.2463172612561","-829.7044247218898","-829.7044247218898","-829.7044247218898","-1152.0472571452767","-1152.0472571452767","-1152.0472571452767","-180.65240939836426","-180.65240939836426","-180.65240939836426","-1001.8013976011378","-1001.8013976011378","-1001.8013976011378"
"4200","-785.5896982804904","-785.5896982804904","-785.5896982804904","-222.78647325550637","-222.78647325550637","-222.78647325550637","-660.877439283419","-660.877439283419","-660.877439283419","-209.3572496676964","-209.3572496676964","-209.3572496676964","-151.940706822461","-151.940706822461","-151.940706822461","-802.6569766457268","-802.6569766457268","-802.6569766457268","-350.6517435150678","-350.6517435150678","-350.6517435150678","-1233.4308015348045","-1233.4308015348045","-1233.4308015348045","-433.61665012311914","-433.61665012311914","-433.61665012311914","-126.61824715139869","-126.61824715139869","-126.61824715139869","-410.3106002554704","-410.3106002554704","-410.3106002554704","-980.3082789593363","-980.3082789593363","-980.3082789593363","-844.5767885984584","-844.5767885984584","-844.5767885984584","-206.150638853673","-206.150638853673","-206.150638853673","-1183.298541970917","-1183.298541970917","-1183.298541970917","-148.42322976348441","-148.42322976348441","-148.42322976348441","-826.181761951261","-826.181761951261","-826.181761951261","-1144.9588901694083","-1144.9588901694083","-1144.9588901694083","-363.30527195745407","-363.30527195745407","-363.30527195745407","-869.172144677741","-869.172144677741","-869.172144677741"
"4500","-794.4274758471494","-794.4274758471494","-794.4274758471494","-194.3476377086467","-194.3476377086467","-194.3476377086467","-655.9662465926318","-655.9662465926318","-655.9662465926318","-208.91273630784718","-208.91273630784718","-208.91273630784718","-155.44573242522165","-155.44573242522165","-155.44573242522165","-673.9754336808649","-673.9754336808649","-673.9754336808649","-220.46388882804212","-220.46388882804212","-220.46388882804212","-383.8156385397641","-383.8156385397641","-383.8156385397641","-224.30521613944885","-224.30521613944885","-224.30521613944885","-135.73562131786662","-135.73562131786662","-135.73562131786662","-413.7532604886781","-413.7532604886781","-413.7532604886781","-581.5150956217656","-581.5150956217656","-581.5150956217656","-898.8836315857543","-898.8836315857543","-898.8836315857543","-202.6596808869971","-202.6596808869971","-202.6596808869971","-1138.229792643666","-1138.229792643666","-1138.229792643666","-122.07387545280992","-122.07387545280992","-122.07387545280992","-755.4659285504347","-755.4659285504347","-755.4659285504347","-797.6114817223582","-797.6114817223582","-797.6114817223582","-738.2062475981035","-738.2062475981035","-738.2062475981035","-974.9575139694996","-974.9575139694996","-974.9575139694996"
"4800","-635.6133663110869","-635.6133663110869","-635.6133663110869","-193.71557161447132","-193.71557161447132","-193.71557161447132","-282.7456250148845","-282.7456250148845","-282.7456250148845","-208.85125185897573","-208.85125185897573","-208.85125185897573","-286.4602708339453","-286.4602708339453","-286.4602708339453","-513.0169810073296","-513.0169810073296","-513.0169810073296","-218.85833847092198","-218.85833847092198","-218.85833847092198","-358.2115849794997","-358.2115849794997","-358.2115849794997","-474.5037587885834","-474.5037587885834","-474.5037587885834","-138.72643386490634","-138.72643386490634","-138.72643386490634","-163.18878413255462","-163.18878413255462","-163.18878413255462","-409.94693981901025","-409.94693981901025","-409.94693981901025","-895.294511245054","-895.294511245054","-895.294511245054","-201.5857615486181","-201.5857615486181","-201.5857615486181","-1024.272000683573","-1024.272000683573","-1024.272000683573","-121.7862572624291","-121.7862572624291","-121.7862572624291","-606.844606530204","-606.844606530204","-606.844606530204","-453.80135585054734","-453.80135585054734","-453.80135585054734","-553.7438673213304","-553.7438673213304","-553.7438673213304","-959.6457985117725","-959.6457985117725","-959.6457985117725"
"5100","-522.7384769716091","-522.7384769716091","-522.7384769716091","-192.22207103765936","-192.22207103765936","-192.22207103765936","-255.60738643809344","-255.60738643809344","-255.60738643809344","-209.11593577915855","-209.11593577915855","-209.11593577915855","-153.6788049130483","-153.6788049130483","-153.6788049130483","-374.45434565707575","-374.45434565707575","-374.45434565707575","-246.9507486729953","-246.9507486729953","-246.9507486729953","-628.5953229862972","-628.5953229862972","-628.5953229862972","-657.8668384405511","-657.8668384405511","-657.8668384405511","-135.61831880367882","-135.61831880367882","-135.61831880367882","-153.73606632438637","-153.73606632438637","-153.73606632438637","-370.8525593477262","-370.8525593477262","-370.8525593477262","-797.9324294568062","-797.9324294568062","-797.9324294568062","-201.63451174220626","-201.63451174220626","-201.63451174220626","-977.2928544279179","-977.2928544279179","-977.2928544279179","-121.77434207511325","-121.77434207511325","-121.77434207511325","-629.8166948561288","-629.8166948561288","-629.8166948561288","-505.6411067180579","-505.6411067180579","-505.6411067180579","-667.7942964117989","-667.7942964117989","-667.7942964117989","-939.8918359886256","-939.8918359886256","-939.8918359886256"
"5400","-504.42238926046","-504.42238926046","-504.42238926046","-193.98148483009982","-193.98148483009982","-193.98148483009982","-256.3022242056717","-256.3022242056717","-256.3022242056717","-209.47976182388797","-209.47976182388797","-209.47976182388797","-152.856407080911","-152.856407080911","-152.856407080911","-142.63106795003017","-142.63106795003017","-142.63106795003017","-220.6515467306271","-220.6515467306271","-220.6515467306271","-537.2174683783492","-537.2174683783492","-537.2174683783492","-489.8965998346783","-489.8965998346783","-489.8965998346783","-125.10429142383464","-125.10429142383464","-125.10429142383464","-152.22977934308875","-152.22977934308875","-152.22977934308875","-329.26041764194076","-329.26041764194076","-329.26041764194076","-733.9958109238993","-733.9958109238993","-733.9958109238993","-201.77739488368672","-201.77739488368672","-201.77739488368672","-840.5450971472225","-840.5450971472225","-840.5450971472225","-121.3482540928062","-121.3482540928062","-121.3482540928062","-519.2656104092333","-519.2656104092333","-519.2656104092333","-591.5210500008761","-591.5210500008761","-591.5210500008761","-435.0647296071247","-435.0647296071247","-435.0647296071247","-732.1581829287436","-732.1581829287436","-732.1581829287436"
"5700","-419.39030581001214","-419.39030581001214","-419.39030581001214","-193.5255182538675","-193.5255182538675","-193.5255182538675","-233.42157326937732","-233.42157326937732","-233.42157326937732","-210.3032301346635","-210.3032301346635","-210.3032301346635","-154.7756797028265","-154.7756797028265","-154.7756797028265","-141.520368462071","-141.520368462071","-141.520368462071","-220.64093865876947","-220.64093865876947","-220.64093865876947","-439.6162189170519","-439.6162189170519","-439.6162189170519","-1010.133173507942","-1010.133173507942","-1010.133173507942","-122.87344387156413","-122.87344387156413","-122.87344387156413","-148.68168769958442","-148.68168769958442","-148.68168769958442","-199.02476534373568","-199.02476534373568","-199.02476534373568","-637.3963580196","-637.3963580196","-637.3963580196","-202.89495655666892","-202.89495655666892","-202.89495655666892","-804.6365278292172","-804.6365278292172","-804.6365278292172","-121.18884789238382","-121.18884789238382","-121.18884789238382","-349.7624083880984","-349.7624083880984","-349.7624083880984","-277.65787024762597","-277.65787024762597","-277.65787024762597","-569.9459272961683","-569.9459272961683","-569.9459272961683","-675.9437745243858","-675.9437745243858","-675.9437745243858"
"6000","-175.40599838589605","-175.40599838589605","-175.40599838589605","-191.59880649572204","-191.59880649572204","-191.59880649572204","-252.6279695951893","-252.6279695951893","-252.6279695951893","-209.38907323721725","-209.38907323721725","-209.38907323721725","-152.36539089025976","-152.36539089025976","-152.36539089025976","-141.77432974776224","-141.77432974776224","-141.77432974776224","-194.6569382411555","-194.6569382411555","-194.6569382411555","-260.98635171724317","-260.98635171724317","-260.98635171724317","-192.4552465778735","-192.4552465778735","-192.4552465778735","-121.96896060340418","-121.96896060340418","-121.96896060340418","-149.23800882544577","-149.23800882544577","-149.23800882544577","-171.8629608623549","-171.8629608623549","-171.8629608623549","-607.9674059251277","-607.9674059251277","-607.9674059251277","-203.43965830683084","-203.43965830683084","-203.43965830683084","-530.1091006767305","-530.1091006767305","-530.1091006767305","-120.55879240767459","-120.55879240767459","-120.55879240767459","-274.24763973798963","-274.24763973798963","-274.24763973798963","-225.1335306461262","-225.1335306461262","-225.1335306461262","-656.7757745570401","-656.7757745570401","-656.7757745570401","-337.697921211083","-337.697921211083","-337.697921211083"
"6300","-144.66774110226862","-144.66774110226862","-144.66774110226862","-192.4434979375017","-192.4434979375017","-192.4434979375017","-225.1889246556931","-225.1889246556931","-225.1889246556931","-208.20962639277906","-208.20962639277906","-208.20962639277906","-149.775531355255","-149.775531355255","-149.775531355255","-141.5112693637936","-141.5112693637936","-141.5112693637936","-194.78210684042594","-194.78210684042594","-194.78210684042594","-105.03448716525244","-105.03448716525244","-105.03448716525244","-219.31853357931269","-219.31853357931269","-219.31853357931269","-121.25987491518579","-121.25987491518579","-121.25987491518579","-149.36068338029472","-149.36068338029472","-149.36068338029472","-196.50245749653126","-196.50245749653126","-196.50245749653126","-624.5299785377058","-624.5299785377058","-624.5299785377058","-205.1037280223993","-205.1037280223993","-205.1037280223993","-558.5713347136632","-558.5713347136632","-558.5713347136632","-120.29550449905628","-120.29550449905628","-120.29550449905628","-250.61675417248279","-250.61675417248279","-250.61675417248279","-147.96998065371096","-147.96998065371096","-147.96998065371096","-421.0227274697255","-421.0227274697255","-421.0227274697255","-565.808350543644","-565.808350543644","-565.808350543644"
"6600","-149.94189235502253","-149.94189235502253","-149.94189235502253","-193.3197537468408","-193.3197537468408","-193.3197537468408","-223.65195614795385","-223.65195614795385","-223.65195614795385","-210.00439673797018","-210.00439673797018","-210.00439673797018","-149.45517288762193","-149.45517288762193","-149.45517288762193","-139.8689917387839","-139.8689917387839","-139.8689917387839","-218.85097706284145","-218.85097706284145","-218.85097706284145","-101.54630973530081","-101.54630973530081","-101.54630973530081","-293.31793814747186","-293.31793814747186","-293.31793814747186","-121.67536649927072","-121.67536649927072","-121.67536649927072","-149.6011451369166","-149.6011451369166","-149.6011451369166","-171.8624203920175","-171.8624203920175","-171.8624203920175","-509.35998001868336","-509.35998001868336","-509.35998001868336","-206.40470379774047","-206.40470379774047","-206.40470379774047","-519.5870195024335","-519.5870195024335","-519.5870195024335","-119.81987145833844","-119.81987145833844","-119.81987145833844","-221.59152338662352","-221.59152338662352","-221.59152338662352","-148.21462120732778","-148.21462120732778","-148.21462120732778","-354.6497661703885","-354.6497661703885","-354.6497661703885","-158.87205741366654","-158.87205741366654","-158.87205741366654"
"6900","-151.77156482551445","-151.77156482551445","-151.77156482551445","-193.29394878674174","-193.29394878674174","-193.29394878674174","-220.77965776976708","-220.77965776976708","-220.77965776976708","-210.7041623932001","-210.7041623932001","-210.7041623932001","-149.6117206068878","-149.6117206068878","-149.6117206068878","-139.9905996791905","-139.9905996791905","-139.9905996791905","-193.21997452841816","-193.21997452841816","-193.21997452841816","-101.95156515341058","-101.95156515341058","-101.95156515341058","-218.24115284753253","-218.24115284753253","-218.24115284753253","-122.25504914060278","-122.25504914060278","-122.25504914060278","-147.56739539943646","-147.56739539943646","-147.56739539943646","-169.8074599258121","-169.8074599258121","-169.8074599258121","-510.28350621910306","-510.28350621910306","-510.28350621910306","-206.6733209166654","-206.6733209166654","-206.6733209166654","-580.4799868726329","-580.4799868726329","-580.4799868726329","-119.95235804034328","-119.95235804034328","-119.95235804034328","-194.23974736775241","-194.23974736775241","-194.23974736775241","-147.79351879891522","-147.79351879891522","-147.79351879891522","-197.10318846414523","-197.10318846414523","-197.10318846414523","-153.8093695465773","-153.8093695465773","-153.8093695465773"
"7200","-170.12312051622848","-170.12312051622848","-170.12312051622848","-193.82613926614653","-193.82613926614653","-193.82613926614653","-222.2825946072948","-222.2825946072948","-222.2825946072948","-209.45077020732546","-209.45077020732546","-209.45077020732546","-146.70388259589862","-146.70388259589862","-146.70388259589862","-140.89334355603904","-140.89334355603904","-140.89334355603904","-194.48161363981677","-194.48161363981677","-194.48161363981677","-102.27596449933722","-102.27596449933722","-102.27596449933722","-268.4848280281478","-268.4848280281478","-268.4848280281478","-121.91592367482899","-121.91592367482899","-121.91592367482899","-148.92756322319747","-148.92756322319747","-148.92756322319747","-194.4316661471824","-194.4316661471824","-194.4316661471824","-357.00659132885716","-357.00659132885716","-357.00659132885716","-204.6406496451495","-204.6406496451495","-204.6406496451495","-432.3384088988356","-432.3384088988356","-432.3384088988356","-119.99940755264868","-119.99940755264868","-119.99940755264868","-169.3985806571727","-169.3985806571727","-169.3985806571727","-148.75881053618852","-148.75881053618852","-148.75881053618852","-169.6782936786932","-169.6782936786932","-169.6782936786932","-128.48917202413114","-128.48917202413114","-128.48917202413114"
"7500","-174.91691564915385","-174.91691564915385","-174.91691564915385","-216.51672631088095","-216.51672631088095","-216.51672631088095","-220.2442984409052","-220.2442984409052","-220.2442984409052","-209.31812699788787","-209.31812699788787","-209.31812699788787","-146.03939650155047","-146.03939650155047","-146.03939650155047","-148.62637470987787","-148.62637470987787","-148.62637470987787","-193.8160991120952","-193.8160991120952","-193.8160991120952","-101.39214059630565","-101.39214059630565","-101.39214059630565","-192.70222151431","-192.70222151431","-192.70222151431","-121.9899469325657","-121.9899469325657","-121.9899469325657","-174.80573258693357","-174.80573258693357","-174.80573258693357","-195.44455529002195","-195.44455529002195","-195.44455529002195","-331.5733890899394","-331.5733890899394","-331.5733890899394","-206.26082637546634","-206.26082637546634","-206.26082637546634","-444.6920204145457","-444.6920204145457","-444.6920204145457","-119.76070362060764","-119.76070362060764","-119.76070362060764","-169.36647020733773","-169.36647020733773","-169.36647020733773","-149.54347690495374","-149.54347690495374","-149.54347690495374","-197.147207848618","-197.147207848618","-197.147207848618","-123.65585175826183","-123.65585175826183","-123.65585175826183"
"7800","-151.9752078054874","-151.9752078054874","-151.9752078054874","-215.73897638368481","-215.73897638368481","-215.73897638368481","-220.60423038500448","-220.60423038500448","-220.60423038500448","-209.44253995044397","-209.44253995044397","-209.44253995044397","-147.5688074444394","-147.5688074444394","-147.5688074444394","-245.72875044209871","-245.72875044209871","-245.72875044209871","-217.66377078742653","-217.66377078742653","-217.66377078742653","-100.37985555713144","-100.37985555713144","-100.37985555713144","-194.472732840976","-194.472732840976","-194.472732840976","-121.74418921794079","-121.74418921794079","-121.74418921794079","-151.47078159228985","-151.47078159228985","-151.47078159228985","-171.084816955628","-171.084816955628","-171.084816955628","-201.14328362783834","-201.14328362783834","-201.14328362783834","-204.60680761744544","-204.60680761744544","-204.60680761744544","-434.5825193360588","-434.5825193360588","-434.5825193360588","-119.89864336533363","-119.89864336533363","-119.89864336533363","-143.73821241251846","-143.73821241251846","-143.73821241251846","-149.19290669608944","-149.19290669608944","-149.19290669608944","-298.0297233537197","-298.0297233537197","-298.0297233537197","-123.10866871896447","-123.10866871896447","-123.10866871896447"
"8100","-150.85623434071945","-150.85623434071945","-150.85623434071945","-194.3036167081544","-194.3036167081544","-194.3036167081544","-221.58607672150256","-221.58607672150256","-221.58607672150256","-212.24406084611763","-212.24406084611763","-212.24406084611763","-148.0165647882274","-148.0165647882274","-148.0165647882274","-143.02280853169898","-143.02280853169898","-143.02280853169898","-218.43938908687142","-218.43938908687142","-218.43938908687142","-101.98722818867476","-101.98722818867476","-101.98722818867476","-170.27055606833443","-170.27055606833443","-170.27055606833443","-122.01270893312997","-122.01270893312997","-122.01270893312997","-152.3713312074402","-152.3713312074402","-152.3713312074402","-193.5518095407925","-193.5518095407925","-193.5518095407925","-198.23499572866558","-198.23499572866558","-198.23499572866558","-206.97258912426577","-206.97258912426577","-206.97258912426577","-321.38934623486864","-321.38934623486864","-321.38934623486864","-119.91935049437943","-119.91935049437943","-119.91935049437943","-142.8046323320583","-142.8046323320583","-142.8046323320583","-149.42392872844408","-149.42392872844408","-149.42392872844408","-169.60453808358184","-169.60453808358184","-169.60453808358184","-122.45571764334738","-122.45571764334738","-122.45571764334738"
"8400","-149.99836224192333","-149.99836224192333","-149.99836224192333","-215.54642837100064","-215.54642837100064","-215.54642837100064","-218.30573713482872","-218.30573713482872","-218.30573713482872","-211.3734619390476","-211.3734619390476","-211.3734619390476","-145.5998490244107","-145.5998490244107","-145.5998490244107","-141.01700123306924","-141.01700123306924","-141.01700123306924","-221.20453426589825","-221.20453426589825","-221.20453426589825","-100.54871192529511","-100.54871192529511","-100.54871192529511","-195.76624357112823","-195.76624357112823","-195.76624357112823","-121.42479535721455","-121.42479535721455","-121.42479535721455","-178.25696377763185","-178.25696377763185","-178.25696377763185","-193.15609705195578","-193.15609705195578","-193.15609705195578","-342.7383144866128","-342.7383144866128","-342.7383144866128","-205.89047182374617","-205.89047182374617","-205.89047182374617","-501.3982553595233","-501.3982553595233","-501.3982553595233","-120.86459549505284","-120.86459549505284","-120.86459549505284","-143.39913508870757","-143.39913508870757","-143.39913508870757","-149.93153605352035","-149.93153605352035","-149.93153605352035","-170.30055599813292","-170.30055599813292","-170.30055599813292","-122.33234351743404","-122.33234351743404","-122.33234351743404"
"8700","-150.45962602513464","-150.45962602513464","-150.45962602513464","-215.64454324446015","-215.64454324446015","-215.64454324446015","-222.41525334708567","-222.41525334708567","-222.41525334708567","-207.8945497164331","-207.8945497164331","-207.8945497164331","-146.33001286585505","-146.33001286585505","-146.33001286585505","-139.68093565269436","-139.68093565269436","-139.68093565269436","-218.57239761220754","-218.57239761220754","-218.57239761220754","-101.52559890929628","-101.52559890929628","-101.52559890929628","-169.09174789104864","-169.09174789104864","-169.09174789104864","-122.30555097387101","-122.30555097387101","-122.30555097387101","-152.41101515099635","-152.41101515099635","-152.41101515099635","-169.8307307116902","-169.8307307116902","-169.8307307116902","-394.6150884238193","-394.6150884238193","-394.6150884238193","-206.73148962443423","-206.73148962443423","-206.73148962443423","-353.5251248019259","-353.5251248019259","-353.5251248019259","-119.55748736937986","-119.55748736937986","-119.55748736937986","-143.28802433470116","-143.28802433470116","-143.28802433470116","-149.30787862737432","-149.30787862737432","-149.30787862737432","-169.73636334625988","-169.73636334625988","-169.73636334625988","-122.327253837418","-122.327253837418","-122.327253837418"
"9000","-147.69974562195605","-147.69974562195605","-147.69974562195605","-193.13711184627215","-193.13711184627215","-193.13711184627215","-218.8249753567849","-218.8249753567849","-218.8249753567849","-208.36541081547358","-208.36541081547358","-208.36541081547358","-146.80675188060206","-146.80675188060206","-146.80675188060206","-140.49233531101643","-140.49233531101643","-140.49233531101643","-221.8363577951518","-221.8363577951518","-221.8363577951518","-125.42609706824541","-125.42609706824541","-125.42609706824541","-192.61376353933514","-192.61376353933514","-192.61376353933514","-122.09959407068952","-122.09959407068952","-122.09959407068952","-146.2255424350324","-146.2255424350324","-146.2255424350324","-168.23561300180032","-168.23561300180032","-168.23561300180032","-170.8460253193688","-170.8460253193688","-170.8460253193688","-207.01762646844855","-207.01762646844855","-207.01762646844855","-200.17944393451194","-200.17944393451194","-200.17944393451194","-121.4410309295869","-121.4410309295869","-121.4410309295869","-142.7850045992485","-142.7850045992485","-142.7850045992485","-148.99044354022936","-148.99044354022936","-148.99044354022936","-171.33458710260294","-171.33458710260294","-171.33458710260294","-121.97480447083956","-121.97480447083956","-121.97480447083956"
"9300","-149.15551052996824","-149.15551052996824","-149.15551052996824","-214.81623569583726","-214.81623569583726","-214.81623569583726","-219.67694734783498","-219.67694734783498","-219.67694734783498","-206.92079644749157","-206.92079644749157","-206.92079644749157","-145.05208738060227","-145.05208738060227","-145.05208738060227","-139.33889913368813","-139.33889913368813","-139.33889913368813","-221.53438381009764","-221.53438381009764","-221.53438381009764","-99.97590573621353","-99.97590573621353","-99.97590573621353","-193.69716198081375","-193.69716198081375","-193.69716198081375","-122.98520832317031","-122.98520832317031","-122.98520832317031","-145.2875159131586","-145.2875159131586","-145.2875159131586","-191.61428182559092","-191.61428182559092","-191.61428182559092","-196.55270311886065","-196.55270311886065","-196.55270311886065","-206.55786931366947","-206.55786931366947","-206.55786931366947","-199.94052207568444","-199.94052207568444","-199.94052207568444","-120.30709932658348","-120.30709932658348","-120.30709932658348","-142.70921554270302","-142.70921554270302","-142.70921554270302","-148.49930437350275","-148.49930437350275","-148.49930437350275","-246.18347263633754","-246.18347263633754","-246.18347263633754","-123.60719187498633","-123.60719187498633","-123.60719187498633"
"9600","-174.14195028464042","-174.14195028464042","-174.14195028464042","-216.79210615432953","-216.79210615432953","-216.79210615432953","-217.87878117262903","-217.87878117262903","-217.87878117262903","-207.50661732885357","-207.50661732885357","-207.50661732885357","-144.03419692891777","-144.03419692891777","-144.03419692891777","-141.99633413834226","-141.99633413834226","-141.99633413834226","-223.53307834640836","-223.53307834640836","-223.53307834640836","-98.68147717334558","-98.68147717334558","-98.68147717334558","-195.26102662330794","-195.26102662330794","-195.26102662330794","-122.9478796944785","-122.9478796944785","-122.9478796944785","-146.7745721399397","-146.7745721399397","-146.7745721399397","-191.293510512641","-191.293510512641","-191.293510512641","-196.623976865575","-196.623976865575","-196.623976865575","-205.76784215289746","-205.76784215289746","-205.76784215289746","-194.46008007708906","-194.46008007708906","-194.46008007708906","-121.0833385586543","-121.0833385586543","-121.0833385586543","-143.3009901664299","-143.3009901664299","-143.3009901664299","-147.85255048339891","-147.85255048339891","-147.85255048339891","-172.98648904015369","-172.98648904015369","-172.98648904015369","-151.15364885172517","-151.15364885172517","-151.15364885172517"
"9900","-149.97197142815062","-149.97197142815062","-149.97197142815062","-192.21957058378504","-192.21957058378504","-192.21957058378504","-218.35345952743245","-218.35345952743245","-218.35345952743245","-206.8128614997914","-206.8128614997914","-206.8128614997914","-146.05089021681613","-146.05089021681613","-146.05089021681613","-140.75468279303942","-140.75468279303942","-140.75468279303942","-253.59005226004575","-253.59005226004575","-253.59005226004575","-99.01540326141028","-99.01540326141028","-99.01540326141028","-192.57835272618797","-192.57835272618797","-192.57835272618797","-122.62493750080121","-122.62493750080121","-122.62493750080121","-145.42474086612904","-145.42474086612904","-145.42474086612904","-169.34485082977986","-169.34485082977986","-169.34485082977986","-195.17853968531224","-195.17853968531224","-195.17853968531224","-204.1893102771378","-204.1893102771378","-204.1893102771378","-199.65817697177158","-199.65817697177158","-199.65817697177158","-120.39945580897628","-120.39945580897628","-120.39945580897628","-143.86662963843509","-143.86662963843509","-143.86662963843509","-147.75970574499615","-147.75970574499615","-147.75970574499615","-169.8211545923569","-169.8211545923569","-169.8211545923569","-200.77674079000298","-200.77674079000298","-200.77674079000298"
"10200","-174.85997449950804","-174.85997449950804","-174.85997449950804","-216.66123205744356","-216.66123205744356","-216.66123205744356","-220.69756899780404","-220.69756899780404","-220.69756899780404","-206.98645617949524","-206.98645617949524","-206.98645617949524","-144.15164157429007","-144.15164157429007","-144.15164157429007","-142.09468795383765","-142.09468795383765","-142.09468795383765","-274.3863808214076","-274.3863808214076","-274.3863808214076","-98.6640438522043","-98.6640438522043","-98.6640438522043","-169.37230005309897","-169.37230005309897","-169.37230005309897","-122.13861397395821","-122.13861397395821","-122.13861397395821","-145.04186037633633","-145.04186037633633","-145.04186037633633","-192.73026395108684","-192.73026395108684","-192.73026395108684","-198.3222230279391","-198.3222230279391","-198.3222230279391","-204.8681262279928","-204.8681262279928","-204.8681262279928","-198.40223371245935","-198.40223371245935","-198.40223371245935","-120.06075959547907","-120.06075959547907","-120.06075959547907","-143.4507692703503","-143.4507692703503","-143.4507692703503","-147.61333762816858","-147.61333762816858","-147.61333762816858","-169.57835277892602","-169.57835277892602","-169.57835277892602","-217.4158937593793","-217.4158937593793","-217.4158937593793"
"10500","-275.4099033538943","-275.4099033538943","-275.4099033538943","-217.49850019108618","-217.49850019108618","-217.49850019108618","-217.4835744207091","-217.4835744207091","-217.4835744207091","-207.661154752114","-207.661154752114","-207.661154752114","-147.24206807697573","-147.24206807697573","-147.24206807697573","-142.23240104891144","-142.23240104891144","-142.23240104891144","-226.4849054092656","-226.4849054092656","-226.4849054092656","-100.53909910465077","-100.53909910465077","-100.53909910465077","-173.0181276909683","-173.0181276909683","-173.0181276909683","-121.98315674358564","-121.98315674358564","-121.98315674358564","-145.29320905973637","-145.29320905973637","-145.29320905973637","-170.4542755840727","-170.4542755840727","-170.4542755840727","-193.7497970392997","-193.7497970392997","-193.7497970392997","-205.88807437214206","-205.88807437214206","-205.88807437214206","-199.5550965694909","-199.5550965694909","-199.5550965694909","-121.07554490730827","-121.07554490730827","-121.07554490730827","-143.0141661402419","-143.0141661402419","-143.0141661402419","-147.782800765798","-147.782800765798","-147.782800765798","-481.12868049050167","-481.12868049050167","-481.12868049050167","-327.74353629464485","-327.74353629464485","-327.74353629464485"
"10800","-148.81465234147362","-148.81465234147362","-148.81465234147362","-213.82120890534821","-213.82120890534821","-213.82120890534821","-217.43411427201036","-217.43411427201036","-217.43411427201036","-206.27109307477994","-206.27109307477994","-206.27109307477994","-142.98007384012038","-142.98007384012038","-142.98007384012038","-140.61127497807254","-140.61127497807254","-140.61127497807254","-272.7143490985243","-272.7143490985243","-272.7143490985243","-99.0161295647152","-99.0161295647152","-99.0161295647152","-169.80527866257668","-169.80527866257668","-169.80527866257668","-121.05315872495505","-121.05315872495505","-121.05315872495505","-144.936529479702","-144.936529479702","-144.936529479702","-168.57339993391707","-168.57339993391707","-168.57339993391707","-194.3339895851738","-194.3339895851738","-194.3339895851738","-208.5880497702983","-208.5880497702983","-208.5880497702983","-198.86465085720968","-198.86465085720968","-198.86465085720968","-121.52041156797449","-121.52041156797449","-121.52041156797449","-144.46852763885786","-144.46852763885786","-144.46852763885786","-146.08486525809502","-146.08486525809502","-146.08486525809502","-170.34838946614585","-170.34838946614585","-170.34838946614585","-403.620537657766","-403.620537657766","-403.620537657766"
"11100","-378.21960643812065","-378.21960643812065","-378.21960643812065","-213.92251095317707","-213.92251095317707","-213.92251095317707","-221.97361620023216","-221.97361620023216","-221.97361620023216","-208.08185411285186","-208.08185411285186","-208.08185411285186","-143.06267460896206","-143.06267460896206","-143.06267460896206","-141.8859672239417","-141.8859672239417","-141.8859672239417","-250.8108480776366","-250.8108480776366","-250.8108480776366","-150.73298546704626","-150.73298546704626","-150.73298546704626","-195.77442534007133","-195.77442534007133","-195.77442534007133","-121.5621925693481","-121.5621925693481","-121.5621925693481","-144.70679677109496","-144.70679677109496","-144.70679677109496","-194.37046706720912","-194.37046706720912","-194.37046706720912","-528.9556727595661","-528.9556727595661","-528.9556727595661","-206.64465765009754","-206.64465765009754","-206.64465765009754","-199.41486608730776","-199.41486608730776","-199.41486608730776","-119.87274474240772","-119.87274474240772","-119.87274474240772","-143.41386561487406","-143.41386561487406","-143.41386561487406","-145.68327089721072","-145.68327089721072","-145.68327089721072","-171.08126725259777","-171.08126725259777","-171.08126725259777","-126.20062976583344","-126.20062976583344","-126.20062976583344"
"11400","-174.61526774346413","-174.61526774346413","-174.61526774346413","-213.27953708541236","-213.27953708541236","-213.27953708541236","-220.9216204174395","-220.9216204174395","-220.9216204174395","-207.249292665735","-207.249292665735","-207.249292665735","-142.23821660895354","-142.23821660895354","-142.23821660895354","-141.0022735459386","-141.0022735459386","-141.0022735459386","-251.0260250544502","-251.0260250544502","-251.0260250544502","-98.30815892481641","-98.30815892481641","-98.30815892481641","-170.12872013925798","-170.12872013925798","-170.12872013925798","-122.1896973862639","-122.1896973862639","-122.1896973862639","-145.11413857954622","-145.11413857954622","-145.11413857954622","-171.0945165179438","-171.0945165179438","-171.0945165179438","-195.5678408526249","-195.5678408526249","-195.5678408526249","-206.94519503577104","-206.94519503577104","-206.94519503577104","-248.26367233324882","-248.26367233324882","-248.26367233324882","-148.93195364735124","-148.93195364735124","-148.93195364735124","-144.32288098054522","-144.32288098054522","-144.32288098054522","-121.23826509158039","-121.23826509158039","-121.23826509158039","-170.42013140568378","-170.42013140568378","-170.42013140568378","-124.00810424478217","-124.00810424478217","-124.00810424478217"
"11700","-145.84388308594856","-145.84388308594856","-145.84388308594856","-189.56128370003125","-189.56128370003125","-189.56128370003125","-220.73164554384067","-220.73164554384067","-220.73164554384067","-205.84469828318979","-205.84469828318979","-205.84469828318979","-143.58321951218636","-143.58321951218636","-143.58321951218636","-268.23981595445866","-268.23981595445866","-268.23981595445866","-250.757934709514","-250.757934709514","-250.757934709514","-178.90626661832397","-178.90626661832397","-178.90626661832397","-194.3600215856764","-194.3600215856764","-194.3600215856764","-121.87854890500216","-121.87854890500216","-121.87854890500216","-145.93376602091388","-145.93376602091388","-145.93376602091388","-167.80688872769392","-167.80688872769392","-167.80688872769392","-197.0604051918629","-197.0604051918629","-197.0604051918629","-209.90092877193038","-209.90092877193038","-209.90092877193038","-196.65905305075975","-196.65905305075975","-196.65905305075975","-121.34228359874912","-121.34228359874912","-121.34228359874912","-142.3886574517209","-142.3886574517209","-142.3886574517209","-146.05307511035974","-146.05307511035974","-146.05307511035974","-169.34966526239003","-169.34966526239003","-169.34966526239003","-147.0048095287352","-147.0048095287352","-147.0048095287352"
"12000","-150.4513162981316","-150.4513162981316","-150.4513162981316","-214.62261871379172","-214.62261871379172","-214.62261871379172","-218.26024875541734","-218.26024875541734","-218.26024875541734","-208.34471674575252","-208.34471674575252","-208.34471674575252","-142.14876579296077","-142.14876579296077","-142.14876579296077","-141.6584639470543","-141.6584639470543","-141.6584639470543","-226.5927414281918","-226.5927414281918","-226.5927414281918","-98.83821310730373","-98.83821310730373","-98.83821310730373","-194.66745725057643","-194.66745725057643","-194.66745725057643","-122.53584125877701","-122.53584125877701","-122.53584125877701","-145.09632162858824","-145.09632162858824","-145.09632162858824","-169.6069334301955","-169.6069334301955","-169.6069334301955","-195.1260207723392","-195.1260207723392","-195.1260207723392","-209.52698570372226","-209.52698570372226","-209.52698570372226","-196.62871507752817","-196.62871507752817","-196.62871507752817","-122.01909588921549","-122.01909588921549","-122.01909588921549","-143.27333243673056","-143.27333243673056","-143.27333243673056","-144.72457521389936","-144.72457521389936","-144.72457521389936","-170.83277509970517","-170.83277509970517","-170.83277509970517","-124.39615832772343","-124.39615832772343","-124.39615832772343"
"12300","-149.34796463329775","-149.34796463329775","-149.34796463329775","-215.60303540424107","-215.60303540424107","-215.60303540424107","-217.6800485523323","-217.6800485523323","-217.6800485523323","-207.49548442514134","-207.49548442514134","-207.49548442514134","-142.4188883146377","-142.4188883146377","-142.4188883146377","-141.74602828900854","-141.74602828900854","-141.74602828900854","-222.95735508733878","-222.95735508733878","-222.95735508733878","-205.8353108839724","-205.8353108839724","-205.8353108839724","-195.17375893484768","-195.17375893484768","-195.17375893484768","-123.18618576684773","-123.18618576684773","-123.18618576684773","-146.14987154597276","-146.14987154597276","-146.14987154597276","-170.49388374867712","-170.49388374867712","-170.49388374867712","-197.59379420917415","-197.59379420917415","-197.59379420917415","-209.27727176480676","-209.27727176480676","-209.27727176480676","-195.89648526442645","-195.89648526442645","-195.89648526442645","-122.6419294766713","-122.6419294766713","-122.6419294766713","-143.81546360626234","-143.81546360626234","-143.81546360626234","-119.58578508963087","-119.58578508963087","-119.58578508963087","-170.2584902304349","-170.2584902304349","-170.2584902304349","-123.94615809823127","-123.94615809823127","-123.94615809823127"
"12600","-147.07056889255733","-147.07056889255733","-147.07056889255733","-214.11694924779627","-214.11694924779627","-214.11694924779627","-217.11779197941343","-217.11779197941343","-217.11779197941343","-206.21159264349777","-206.21159264349777","-206.21159264349777","-141.721282571087","-141.721282571087","-141.721282571087","-141.24212631030875","-141.24212631030875","-141.24212631030875","-224.01081478701252","-224.01081478701252","-224.01081478701252","-180.1750098660031","-180.1750098660031","-180.1750098660031","-168.5668129297757","-168.5668129297757","-168.5668129297757","-123.2528718261311","-123.2528718261311","-123.2528718261311","-145.96070351944257","-145.96070351944257","-145.96070351944257","-168.08160633515234","-168.08160633515234","-168.08160633515234","-439.04192245053326","-439.04192245053326","-439.04192245053326","-208.80966737275418","-208.80966737275418","-208.80966737275418","-197.61755367847712","-197.61755367847712","-197.61755367847712","-121.98498224000255","-121.98498224000255","-121.98498224000255","-144.60342407748914","-144.60342407748914","-144.60342407748914","-119.3602460449556","-119.3602460449556","-119.3602460449556","-170.0166730453942","-170.0166730453942","-170.0166730453942","-122.37880485248004","-122.37880485248004","-122.37880485248004"
"12900","-148.6204245138662","-148.6204245138662","-148.6204245138662","-190.33753795593285","-190.33753795593285","-190.33753795593285","-216.97542087214092","-216.97542087214092","-216.97542087214092","-206.28523984256563","-206.28523984256563","-206.28523984256563","-141.74913105496145","-141.74913105496145","-141.74913105496145","-140.82244628583177","-140.82244628583177","-140.82244628583177","-221.84213498613423","-221.84213498613423","-221.84213498613423","-151.15056088699018","-151.15056088699018","-151.15056088699018","-171.44817285097264","-171.44817285097264","-171.44817285097264","-353.12006125177487","-353.12006125177487","-353.12006125177487","-147.9786456700853","-147.9786456700853","-147.9786456700853","-167.70086076586364","-167.70086076586364","-167.70086076586364","-150.69961550241402","-150.69961550241402","-150.69961550241402","-208.3087291703269","-208.3087291703269","-208.3087291703269","-196.73738262061119","-196.73738262061119","-196.73738262061119","-122.27743406575694","-122.27743406575694","-122.27743406575694","-142.10797666038377","-142.10797666038377","-142.10797666038377","-119.41672297416831","-119.41672297416831","-119.41672297416831","-169.68462521770527","-169.68462521770527","-169.68462521770527","-122.38934279155505","-122.38934279155505","-122.38934279155505"
"13200","-198.69336946890587","-198.69336946890587","-198.69336946890587","-191.10209242681964","-191.10209242681964","-191.10209242681964","-216.49765939136927","-216.49765939136927","-216.49765939136927","-208.56758240794744","-208.56758240794744","-208.56758240794744","-141.8376858134931","-141.8376858134931","-141.8376858134931","-141.26986328229674","-141.26986328229674","-141.26986328229674","-248.06512286957872","-248.06512286957872","-248.06512286957872","-314.20549294663545","-314.20549294663545","-314.20549294663545","-171.0217902523239","-171.0217902523239","-171.0217902523239","-121.34073128056177","-121.34073128056177","-121.34073128056177","-146.37433918147354","-146.37433918147354","-146.37433918147354","-192.75320245571177","-192.75320245571177","-192.75320245571177","-125.33666749086967","-125.33666749086967","-125.33666749086967","-207.94738176192658","-207.94738176192658","-207.94738176192658","-196.70191494562167","-196.70191494562167","-196.70191494562167","-147.43636919656146","-147.43636919656146","-147.43636919656146","-144.27817323390843","-144.27817323390843","-144.27817323390843","-119.08881250049357","-119.08881250049357","-119.08881250049357","-170.42240305853838","-170.42240305853838","-170.42240305853838","-121.94229126447485","-121.94229126447485","-121.94229126447485"
"13500","-146.09092834743737","-146.09092834743737","-146.09092834743737","-217.48558277085885","-217.48558277085885","-217.48558277085885","-217.07153670947702","-217.07153670947702","-217.07153670947702","-206.11298124254336","-206.11298124254336","-206.11298124254336","-141.59331486180838","-141.59331486180838","-141.59331486180838","-140.6101210112143","-140.6101210112143","-140.6101210112143","-219.74524871578433","-219.74524871578433","-219.74524871578433","-393.5474254214946","-393.5474254214946","-393.5474254214946","-171.68787400144453","-171.68787400144453","-171.68787400144453","-199.959129480625","-199.959129480625","-199.959129480625","-146.06930425205368","-146.06930425205368","-146.06930425205368","-296.63553120616024","-296.63553120616024","-296.63553120616024","-347.6258554299525","-347.6258554299525","-347.6258554299525","-207.43725329515905","-207.43725329515905","-207.43725329515905","-196.00218196729438","-196.00218196729438","-196.00218196729438","-122.93470525340908","-122.93470525340908","-122.93470525340908","-143.1513813353574","-143.1513813353574","-143.1513813353574","-119.78064642277343","-119.78064642277343","-119.78064642277343","-168.691070343358","-168.691070343358","-168.691070343358","-121.93183500899059","-121.93183500899059","-121.93183500899059"
"13800","-198.27289497060798","-198.27289497060798","-198.27289497060798","-190.9487361042139","-190.9487361042139","-190.9487361042139","-217.10371965589994","-217.10371965589994","-217.10371965589994","-207.2134414604249","-207.2134414604249","-207.2134414604249","-142.01042421207876","-142.01042421207876","-142.01042421207876","-141.9117277072026","-141.9117277072026","-141.9117277072026","-220.21604445997536","-220.21604445997536","-220.21604445997536","-124.79650316725136","-124.79650316725136","-124.79650316725136","-171.67385372819825","-171.67385372819825","-171.67385372819825","-122.92896014367048","-122.92896014367048","-122.92896014367048","-148.16386823620132","-148.16386823620132","-148.16386823620132","-169.8450123231432","-169.8450123231432","-169.8450123231432","-124.59577475855701","-124.59577475855701","-124.59577475855701","-209.8384004983427","-209.8384004983427","-209.8384004983427","-196.54069604742045","-196.54069604742045","-196.54069604742045","-122.78290687652343","-122.78290687652343","-122.78290687652343","-143.26380120267783","-143.26380120267783","-143.26380120267783","-119.72581718944166","-119.72581718944166","-119.72581718944166","-168.77169909087377","-168.77169909087377","-168.77169909087377","-122.31738494079761","-122.31738494079761","-122.31738494079761"
"14100","-147.01471065580887","-147.01471065580887","-147.01471065580887","-214.91427013822218","-214.91427013822218","-214.91427013822218","-217.40959661756702","-217.40959661756702","-217.40959661756702","-208.07582461722868","-208.07582461722868","-208.07582461722868","-141.37754252372457","-141.37754252372457","-141.37754252372457","-142.3649330767996","-142.3649330767996","-142.3649330767996","-217.1101458176384","-217.1101458176384","-217.1101458176384","-153.72467334807388","-153.72467334807388","-153.72467334807388","-171.56690456676492","-171.56690456676492","-171.56690456676492","-122.27123976910852","-122.27123976910852","-122.27123976910852","-147.8052075867446","-147.8052075867446","-147.8052075867446","-167.5051460506035","-167.5051460506035","-167.5051460506035","-274.454017896956","-274.454017896956","-274.454017896956","-208.74919680619092","-208.74919680619092","-208.74919680619092","-195.3681018178122","-195.3681018178122","-195.3681018178122","-122.51921757094149","-122.51921757094149","-122.51921757094149","-145.0960252224084","-145.0960252224084","-145.0960252224084","-119.45045361674904","-119.45045361674904","-119.45045361674904","-168.87463549169448","-168.87463549169448","-168.87463549169448","-121.95063468547531","-121.95063468547531","-121.95063468547531"
"14400","-148.95850108482705","-148.95850108482705","-148.95850108482705","-190.4926574498748","-190.4926574498748","-190.4926574498748","-219.39790390213776","-219.39790390213776","-219.39790390213776","-209.02570758679894","-209.02570758679894","-209.02570758679894","-219.7004111879462","-219.7004111879462","-219.7004111879462","-612.53411875197","-612.53411875197","-612.53411875197","-217.19605185935842","-217.19605185935842","-217.19605185935842","-128.28524598574194","-128.28524598574194","-128.28524598574194","-168.7356948793677","-168.7356948793677","-168.7356948793677","-121.82547946219204","-121.82547946219204","-121.82547946219204","-147.73488825735234","-147.73488825735234","-147.73488825735234","-169.1535893114954","-169.1535893114954","-169.1535893114954","-123.78924286761173","-123.78924286761173","-123.78924286761173","-205.5828344752969","-205.5828344752969","-205.5828344752969","-196.85558884421667","-196.85558884421667","-196.85558884421667","-123.30437226784053","-123.30437226784053","-123.30437226784053","-143.73267012371883","-143.73267012371883","-143.73267012371883","-118.67161558099585","-118.67161558099585","-118.67161558099585","-169.75338009711035","-169.75338009711035","-169.75338009711035","-121.91371681567455","-121.91371681567455","-121.91371681567455"
"14700","-147.58986050886384","-147.58986050886384","-147.58986050886384","-190.50384471376384","-190.50384471376384","-190.50384471376384","-217.304854745946","-217.304854745946","-217.304854745946","-208.04812407350119","-208.04812407350119","-208.04812407350119","-142.33848749175382","-142.33848749175382","-142.33848749175382","-140.15255024167828","-140.15255024167828","-140.15255024167828","-217.58302276783462","-217.58302276783462","-217.58302276783462","-320.9733068414106","-320.9733068414106","-320.9733068414106","-195.9138098371049","-195.9138098371049","-195.9138098371049","-172.00016910237437","-172.00016910237437","-172.00016910237437","-146.9779541413414","-146.9779541413414","-146.9779541413414","-169.70686941532307","-169.70686941532307","-169.70686941532307","-249.9816681181904","-249.9816681181904","-249.9816681181904","-210.13664494943842","-210.13664494943842","-210.13664494943842","-196.80629413885438","-196.80629413885438","-196.80629413885438","-123.47414471308366","-123.47414471308366","-123.47414471308366","-143.16157718787875","-143.16157718787875","-143.16157718787875","-118.7656852224203","-118.7656852224203","-118.7656852224203","-169.47472753012545","-169.47472753012545","-169.47472753012545","-121.73253266947297","-121.73253266947297","-121.73253266947297"
"15000","-274.9229165646551","-274.9229165646551","-274.9229165646551","-214.7003384065515","-214.7003384065515","-214.7003384065515","-218.56912035730238","-218.56912035730238","-218.56912035730238","-208.77109663171217","-208.77109663171217","-208.77109663171217","-142.3087589886899","-142.3087589886899","-142.3087589886899","-140.37084153709878","-140.37084153709878","-140.37084153709878","-270.68522672612215","-270.68522672612215","-270.68522672612215","-338.09624675700417","-338.09624675700417","-338.09624675700417","-171.8839281724101","-171.8839281724101","-171.8839281724101","-121.82568540546421","-121.82568540546421","-121.82568540546421","-146.8735037791834","-146.8735037791834","-146.8735037791834","-169.31111209044906","-169.31111209044906","-169.31111209044906","-124.88542435739426","-124.88542435739426","-124.88542435739426","-207.73633225303396","-207.73633225303396","-207.73633225303396","-196.74848889728068","-196.74848889728068","-196.74848889728068","-121.9488414904414","-121.9488414904414","-121.9488414904414","-143.90721770974582","-143.90721770974582","-143.90721770974582","-118.82805906529802","-118.82805906529802","-118.82805906529802","-169.5626047334764","-169.5626047334764","-169.5626047334764","-121.71451389476788","-121.71451389476788","-121.71451389476788"
"15300","-149.950565191621","-149.950565191621","-149.950565191621","-190.01993549860458","-190.01993549860458","-190.01993549860458","-218.2978933513591","-218.2978933513591","-218.2978933513591","-208.46515614990375","-208.46515614990375","-208.46515614990375","-142.38632414371173","-142.38632414371173","-142.38632414371173","-140.60489223582502","-140.60489223582502","-140.60489223582502","-222.67374251607845","-222.67374251607845","-222.67374251607845","-179.5877766596481","-179.5877766596481","-179.5877766596481","-195.98748027226418","-195.98748027226418","-195.98748027226418","-124.28977769293041","-124.28977769293041","-124.28977769293041","-147.4317312514052","-147.4317312514052","-147.4317312514052","-171.3876347654452","-171.3876347654452","-171.3876347654452","-122.4572906218364","-122.4572906218364","-122.4572906218364","-207.99296904399847","-207.99296904399847","-207.99296904399847","-219.2786316867592","-219.2786316867592","-219.2786316867592","-119.82991480186425","-119.82991480186425","-119.82991480186425","-143.3777257895045","-143.3777257895045","-143.3777257895045","-119.03573400267669","-119.03573400267669","-119.03573400267669","-170.16037435057186","-170.16037435057186","-170.16037435057186","-121.54877255319438","-121.54877255319438","-121.54877255319438"
"15600","-276.2908765814924","-276.2908765814924","-276.2908765814924","-217.11189329347985","-217.11189329347985","-217.11189329347985","-218.6145714860774","-218.6145714860774","-218.6145714860774","-207.68424453024454","-207.68424453024454","-207.68424453024454","-142.31636686787766","-142.31636686787766","-142.31636686787766","-139.7378463677376","-139.7378463677376","-139.7378463677376","-220.51602873426344","-220.51602873426344","-220.51602873426344","-181.20087490159614","-181.20087490159614","-181.20087490159614","-172.7144215550181","-172.7144215550181","-172.7144215550181","-121.7468398065412","-121.7468398065412","-121.7468398065412","-146.65146251455624","-146.65146251455624","-146.65146251455624","-168.5205432765917","-168.5205432765917","-168.5205432765917","-123.62688026464266","-123.62688026464266","-123.62688026464266","-210.93459446557148","-210.93459446557148","-210.93459446557148","-195.2737692770117","-195.2737692770117","-195.2737692770117","-119.93952226447985","-119.93952226447985","-119.93952226447985","-143.75161295572315","-143.75161295572315","-143.75161295572315","-119.06047329691151","-119.06047329691151","-119.06047329691151","-167.61601784583905","-167.61601784583905","-167.61601784583905","-121.72411618648411","-121.72411618648411","-121.72411618648411"
"15900","-229.26662671323325","-229.26662671323325","-229.26662671323325","-214.3684764021525","-214.3684764021525","-214.3684764021525","-216.92641899839586","-216.92641899839586","-216.92641899839586","-212.8522058171121","-212.8522058171121","-212.8522058171121","-142.02417794032812","-142.02417794032812","-142.02417794032812","-139.89408528220267","-139.89408528220267","-139.89408528220267","-198.60281477768712","-198.60281477768712","-198.60281477768712","-180.79783906462362","-180.79783906462362","-180.79783906462362","-172.26464626768512","-172.26464626768512","-172.26464626768512","-125.5331482865466","-125.5331482865466","-125.5331482865466","-146.62842769080132","-146.62842769080132","-146.62842769080132","-169.72538955938538","-169.72538955938538","-169.72538955938538","-544.0542441149404","-544.0542441149404","-544.0542441149404","-208.07335669078057","-208.07335669078057","-208.07335669078057","-197.49443682240494","-197.49443682240494","-197.49443682240494","-120.24375440691574","-120.24375440691574","-120.24375440691574","-142.96488535824105","-142.96488535824105","-142.96488535824105","-119.24131576340999","-119.24131576340999","-119.24131576340999","-169.23461446764694","-169.23461446764694","-169.23461446764694","-121.33025199949614","-121.33025199949614","-121.33025199949614"
"16200","-152.84943284151285","-152.84943284151285","-152.84943284151285","-211.31975250122568","-211.31975250122568","-211.31975250122568","-216.81791060318216","-216.81791060318216","-216.81791060318216","-207.83970661598218","-207.83970661598218","-207.83970661598218","-141.3550063579212","-141.3550063579212","-141.3550063579212","-140.678345628619","-140.678345628619","-140.678345628619","-200.57950490666934","-200.57950490666934","-200.57950490666934","-233.07632764158876","-233.07632764158876","-233.07632764158876","-171.6780048747744","-171.6780048747744","-171.6780048747744","-121.53125649570238","-121.53125649570238","-121.53125649570238","-145.90314436189766","-145.90314436189766","-145.90314436189766","-170.50049315444997","-170.50049315444997","-170.50049315444997","-123.5345349355157","-123.5345349355157","-123.5345349355157","-389.65680327789835","-389.65680327789835","-389.65680327789835","-194.6134528044359","-194.6134528044359","-194.6134528044359","-120.53693067515735","-120.53693067515735","-120.53693067515735","-143.36195297044435","-143.36195297044435","-143.36195297044435","-119.34031572324754","-119.34031572324754","-119.34031572324754","-171.31156520425625","-171.31156520425625","-171.31156520425625","-121.75289760374744","-121.75289760374744","-121.75289760374744"
"16500","-252.94146463284815","-252.94146463284815","-252.94146463284815","-213.43141844430505","-213.43141844430505","-213.43141844430505","-216.752368152897","-216.752368152897","-216.752368152897","-211.49569918916086","-211.49569918916086","-211.49569918916086","-141.08365775379977","-141.08365775379977","-141.08365775379977","-139.55454589555674","-139.55454589555674","-139.55454589555674","-200.4841267852036","-200.4841267852036","-200.4841267852036","-207.02543482825726","-207.02543482825726","-207.02543482825726","-170.20353406992305","-170.20353406992305","-170.20353406992305","-121.74195804384081","-121.74195804384081","-121.74195804384081","-146.24089021446736","-146.24089021446736","-146.24089021446736","-169.99232104931988","-169.99232104931988","-169.99232104931988","-122.28101017140716","-122.28101017140716","-122.28101017140716","-207.90264760719379","-207.90264760719379","-207.90264760719379","-194.64626298001235","-194.64626298001235","-194.64626298001235","-120.69212095958372","-120.69212095958372","-120.69212095958372","-143.85700232590762","-143.85700232590762","-143.85700232590762","-119.4853604730999","-119.4853604730999","-119.4853604730999","-170.02025167327568","-170.02025167327568","-170.02025167327568","-121.39396473300663","-121.39396473300663","-121.39396473300663"
"16800","-300.7791263554379","-300.7791263554379","-300.7791263554379","-191.30857885886078","-191.30857885886078","-191.30857885886078","-217.48737914451448","-217.48737914451448","-217.48737914451448","-208.11465263110927","-208.11465263110927","-208.11465263110927","-141.68194150134934","-141.68194150134934","-141.68194150134934","-140.18751534285983","-140.18751534285983","-140.18751534285983","-200.42059670062696","-200.42059670062696","-200.42059670062696","-100.21081856641537","-100.21081856641537","-100.21081856641537","-170.24315722579416","-170.24315722579416","-170.24315722579416","-122.16214170352919","-122.16214170352919","-122.16214170352919","-145.71661254018488","-145.71661254018488","-145.71661254018488","-168.1041248585546","-168.1041248585546","-168.1041248585546","-121.7013755660826","-121.7013755660826","-121.7013755660826","-207.72703020854095","-207.72703020854095","-207.72703020854095","-196.49027045557688","-196.49027045557688","-196.49027045557688","-120.67943344827881","-120.67943344827881","-120.67943344827881","-142.7807393929898","-142.7807393929898","-142.7807393929898","-119.46199791776621","-119.46199791776621","-119.46199791776621","-169.3850342933869","-169.3850342933869","-169.3850342933869","-121.5327500881536","-121.5327500881536","-121.5327500881536"
"17100","-276.59617594187114","-276.59617594187114","-276.59617594187114","-213.41841638777896","-213.41841638777896","-213.41841638777896","-217.29440798539068","-217.29440798539068","-217.29440798539068","-207.53239264980357","-207.53239264980357","-207.53239264980357","-141.38538087796883","-141.38538087796883","-141.38538087796883","-140.29814192627174","-140.29814192627174","-140.29814192627174","-199.2304351343805","-199.2304351343805","-199.2304351343805","-127.50643027267623","-127.50643027267623","-127.50643027267623","-171.5394500345279","-171.5394500345279","-171.5394500345279","-120.80029789818059","-120.80029789818059","-120.80029789818059","-146.4602293644318","-146.4602293644318","-146.4602293644318","-168.17185209515188","-168.17185209515188","-168.17185209515188","-171.70768568297294","-171.70768568297294","-171.70768568297294","-209.33204834606346","-209.33204834606346","-209.33204834606346","-195.75918741690543","-195.75918741690543","-195.75918741690543","-120.7385587321887","-120.7385587321887","-120.7385587321887","-142.9561590330539","-142.9561590330539","-142.9561590330539","-119.2391669104732","-119.2391669104732","-119.2391669104732","-169.71723753721812","-169.71723753721812","-169.71723753721812","-121.17439540552839","-121.17439540552839","-121.17439540552839"
"17400","-150.07345941326525","-150.07345941326525","-150.07345941326525","-213.62195493953612","-213.62195493953612","-213.62195493953612","-219.00744579380927","-219.00744579380927","-219.00744579380927","-213.30614568647457","-213.30614568647457","-213.30614568647457","-141.51402578998858","-141.51402578998858","-141.51402578998858","-139.7974111666451","-139.7974111666451","-139.7974111666451","-196.62891529059564","-196.62891529059564","-196.62891529059564","-125.37812051894214","-125.37812051894214","-125.37812051894214","-195.65126940353724","-195.65126940353724","-195.65126940353724","-241.84917498215253","-241.84917498215253","-241.84917498215253","-145.9303932201896","-145.9303932201896","-145.9303932201896","-170.05926038379616","-170.05926038379616","-170.05926038379616","-415.2196283316809","-415.2196283316809","-415.2196283316809","-206.66283398364808","-206.66283398364808","-206.66283398364808","-196.72179697033306","-196.72179697033306","-196.72179697033306","-120.63241067216968","-120.63241067216968","-120.63241067216968","-143.12383737861765","-143.12383737861765","-143.12383737861765","-119.20224340616733","-119.20224340616733","-119.20224340616733","-167.49682733285456","-167.49682733285456","-167.49682733285456","-122.02385114432646","-122.02385114432646","-122.02385114432646"
"17700","-226.1395661076721","-226.1395661076721","-226.1395661076721","-213.46076988673516","-213.46076988673516","-213.46076988673516","-218.90134848668694","-218.90134848668694","-218.90134848668694","-209.6059195635813","-209.6059195635813","-209.6059195635813","-141.1830911878526","-141.1830911878526","-141.1830911878526","-140.22442388975074","-140.22442388975074","-140.22442388975074","-197.87529420235032","-197.87529420235032","-197.87529420235032","-100.40341124257368","-100.40341124257368","-100.40341124257368","-171.59525780109442","-171.59525780109442","-171.59525780109442","-121.47186678562817","-121.47186678562817","-121.47186678562817","-146.47444730726775","-146.47444730726775","-146.47444730726775","-171.2278302211525","-171.2278302211525","-171.2278302211525","-146.2939173796253","-146.2939173796253","-146.2939173796253","-207.5183902271571","-207.5183902271571","-207.5183902271571","-195.93258351450453","-195.93258351450453","-195.93258351450453","-119.80473573864631","-119.80473573864631","-119.80473573864631","-143.49686227515363","-143.49686227515363","-143.49686227515363","-119.50594668676271","-119.50594668676271","-119.50594668676271","-170.0088022361775","-170.0088022361775","-170.0088022361775","-121.38070700581027","-121.38070700581027","-121.38070700581027"
"18000","-223.12815000223645","-223.12815000223645","-223.12815000223645","-212.51444119104235","-212.51444119104235","-212.51444119104235","-217.3545002610593","-217.3545002610593","-217.3545002610593","-210.93322395930377","-210.93322395930377","-210.93322395930377","-141.69063309287736","-141.69063309287736","-141.69063309287736","-139.82799721305702","-139.82799721305702","-139.82799721305702","-200.40500368350445","-200.40500368350445","-200.40500368350445","-99.57900525326319","-99.57900525326319","-99.57900525326319","-169.75451484019177","-169.75451484019177","-169.75451484019177","-121.78578630358955","-121.78578630358955","-121.78578630358955","-225.44589325363108","-225.44589325363108","-225.44589325363108","-169.3109593324146","-169.3109593324146","-169.3109593324146","-145.65104715779725","-145.65104715779725","-145.65104715779725","-208.271965450982","-208.271965450982","-208.271965450982","-196.2544257594372","-196.2544257594372","-196.2544257594372","-120.24042569472388","-120.24042569472388","-120.24042569472388","-142.42017335737313","-142.42017335737313","-142.42017335737313","-122.02919744569003","-122.02919744569003","-122.02919744569003","-167.3454906641594","-167.3454906641594","-167.3454906641594","-121.42982703541728","-121.42982703541728","-121.42982703541728"
"18300","-152.56297098631185","-152.56297098631185","-152.56297098631185","-188.4431311728185","-188.4431311728185","-188.4431311728185","-217.66383397640692","-217.66383397640692","-217.66383397640692","-214.94850380736793","-214.94850380736793","-214.94850380736793","-272.2369623528796","-272.2369623528796","-272.2369623528796","-140.22598821203397","-140.22598821203397","-140.22598821203397","-199.9775797914298","-199.9775797914298","-199.9775797914298","-126.1197228163873","-126.1197228163873","-126.1197228163873","-171.97424247983258","-171.97424247983258","-171.97424247983258","-120.33635282490964","-120.33635282490964","-120.33635282490964","-145.42093674251697","-145.42093674251697","-145.42093674251697","-171.6047143443948","-171.6047143443948","-171.6047143443948","-322.32933738326994","-322.32933738326994","-322.32933738326994","-208.62026707864644","-208.62026707864644","-208.62026707864644","-197.80565842192914","-197.80565842192914","-197.80565842192914","-120.19743853983842","-120.19743853983842","-120.19743853983842","-143.22684119628906","-143.22684119628906","-143.22684119628906","-119.16934318371332","-119.16934318371332","-119.16934318371332","-168.62785855148365","-168.62785855148365","-168.62785855148365","-121.6128238848573","-121.6128238848573","-121.6128238848573"
"18600","-177.5952084210782","-177.5952084210782","-177.5952084210782","-212.92809415041907","-212.92809415041907","-212.92809415041907","-217.0409166560446","-217.0409166560446","-217.0409166560446","-210.53261655373763","-210.53261655373763","-210.53261655373763","-141.63668730104558","-141.63668730104558","-141.63668730104558","-140.1722891715977","-140.1722891715977","-140.1722891715977","-198.76254588076094","-198.76254588076094","-198.76254588076094","-178.76321253802232","-178.76321253802232","-178.76321253802232","-170.61633859654717","-170.61633859654717","-170.61633859654717","-121.40485191922589","-121.40485191922589","-121.40485191922589","-145.7231929638358","-145.7231929638358","-145.7231929638358","-169.69447474965992","-169.69447474965992","-169.69447474965992","-146.84614139693892","-146.84614139693892","-146.84614139693892","-207.61863798043836","-207.61863798043836","-207.61863798043836","-198.6467541258733","-198.6467541258733","-198.6467541258733","-120.34467362611875","-120.34467362611875","-120.34467362611875","-143.47289050593838","-143.47289050593838","-143.47289050593838","-119.49342521135945","-119.49342521135945","-119.49342521135945","-169.5179725524775","-169.5179725524775","-169.5179725524775","-121.27315835661474","-121.27315835661474","-121.27315835661474"
"18900","-152.24698060522695","-152.24698060522695","-152.24698060522695","-212.52691459814136","-212.52691459814136","-212.52691459814136","-216.9799547431684","-216.9799547431684","-216.9799547431684","-210.0748449820604","-210.0748449820604","-210.0748449820604","-141.79751672509397","-141.79751672509397","-141.79751672509397","-139.83408507895678","-139.83408507895678","-139.83408507895678","-198.8314206324494","-198.8314206324494","-198.8314206324494","-98.79074980763056","-98.79074980763056","-98.79074980763056","-171.89901679022788","-171.89901679022788","-171.89901679022788","-121.4111733953878","-121.4111733953878","-121.4111733953878","-145.42271323060652","-145.42271323060652","-145.42271323060652","-171.13309851263926","-171.13309851263926","-171.13309851263926","-121.91290463845708","-121.91290463845708","-121.91290463845708","-209.9560395550045","-209.9560395550045","-209.9560395550045","-198.53188805384443","-198.53188805384443","-198.53188805384443","-120.2967725719388","-120.2967725719388","-120.2967725719388","-143.5158661710635","-143.5158661710635","-143.5158661710635","-119.42000103673624","-119.42000103673624","-119.42000103673624","-168.00096023590487","-168.00096023590487","-168.00096023590487","-121.46855752965192","-121.46855752965192","-121.46855752965192"
"19200","-141.81521449959445","-141.81521449959445","-141.81521449959445","-211.65054665272615","-211.65054665272615","-211.65054665272615","-219.56489289957668","-219.56489289957668","-219.56489289957668","-210.17644405116613","-210.17644405116613","-210.17644405116613","-141.28737032682113","-141.28737032682113","-141.28737032682113","-139.69193599264185","-139.69193599264185","-139.69193599264185","-192.4758175134396","-192.4758175134396","-192.4758175134396","-99.75701426354985","-99.75701426354985","-99.75701426354985","-171.3130761541418","-171.3130761541418","-171.3130761541418","-121.96906485641713","-121.96906485641713","-121.96906485641713","-146.54398748335387","-146.54398748335387","-146.54398748335387","-172.34231504738676","-172.34231504738676","-172.34231504738676","-121.53908019879441","-121.53908019879441","-121.53908019879441","-207.38301762289552","-207.38301762289552","-207.38301762289552","-198.83907179802594","-198.83907179802594","-198.83907179802594","-119.20822380433212","-119.20822380433212","-119.20822380433212","-142.6101246412217","-142.6101246412217","-142.6101246412217","-119.27525368468616","-119.27525368468616","-119.27525368468616","-169.2043801516662","-169.2043801516662","-169.2043801516662","-147.14614559753332","-147.14614559753332","-147.14614559753332"
"19500","-142.46769623722167","-142.46769623722167","-142.46769623722167","-213.7538313823755","-213.7538313823755","-213.7538313823755","-218.02127243579358","-218.02127243579358","-218.02127243579358","-210.1909585379069","-210.1909585379069","-210.1909585379069","-141.1480531115803","-141.1480531115803","-141.1480531115803","-140.49514831653943","-140.49514831653943","-140.49514831653943","-189.82881751234513","-189.82881751234513","-189.82881751234513","-98.28533910016304","-98.28533910016304","-98.28533910016304","-195.5393808195081","-195.5393808195081","-195.5393808195081","-122.06995303140748","-122.06995303140748","-122.06995303140748","-145.93973622052695","-145.93973622052695","-145.93973622052695","-172.11038655816466","-172.11038655816466","-172.11038655816466","-121.42999727664585","-121.42999727664585","-121.42999727664585","-208.4054041265294","-208.4054041265294","-208.4054041265294","-199.12633798542234","-199.12633798542234","-199.12633798542234","-119.94103702180632","-119.94103702180632","-119.94103702180632","-143.8727030177351","-143.8727030177351","-143.8727030177351","-119.25866640440844","-119.25866640440844","-119.25866640440844","-170.92640258955308","-170.92640258955308","-170.92640258955308","-148.29398956653395","-148.29398956653395","-148.29398956653395"
"19800","-141.12880333606432","-141.12880333606432","-141.12880333606432","-213.33214135744575","-213.33214135744575","-213.33214135744575","-217.4759943196844","-217.4759943196844","-217.4759943196844","-207.65538334652555","-207.65538334652555","-207.65538334652555","-141.5787911177527","-141.5787911177527","-141.5787911177527","-139.98070875039033","-139.98070875039033","-139.98070875039033","-190.2422779731165","-190.2422779731165","-190.2422779731165","-97.74207432336027","-97.74207432336027","-97.74207432336027","-171.07139113268755","-171.07139113268755","-171.07139113268755","-122.61193114248465","-122.61193114248465","-122.61193114248465","-145.56267015607688","-145.56267015607688","-145.56267015607688","-172.67299160753518","-172.67299160753518","-172.67299160753518","-122.5666772947385","-122.5666772947385","-122.5666772947385","-207.259996587907","-207.259996587907","-207.259996587907","-198.1733682795322","-198.1733682795322","-198.1733682795322","-119.9923538875798","-119.9923538875798","-119.9923538875798","-142.56395024360455","-142.56395024360455","-142.56395024360455","-119.26876917378888","-119.26876917378888","-119.26876917378888","-167.64546307294557","-167.64546307294557","-167.64546307294557","-122.18588648990355","-122.18588648990355","-122.18588648990355"
"20100","-141.26494695758942","-141.26494695758942","-141.26494695758942","-213.4418978326815","-213.4418978326815","-213.4418978326815","-217.9364497112807","-217.9364497112807","-217.9364497112807","-206.72396015287177","-206.72396015287177","-206.72396015287177","-141.24113908967675","-141.24113908967675","-141.24113908967675","-139.92748303891986","-139.92748303891986","-139.92748303891986","-190.05392556296647","-190.05392556296647","-190.05392556296647","-97.2739470194451","-97.2739470194451","-97.2739470194451","-170.8974298338797","-170.8974298338797","-170.8974298338797","-122.83492213413533","-122.83492213413533","-122.83492213413533","-145.96421280822926","-145.96421280822926","-145.96421280822926","-172.66475215341046","-172.66475215341046","-172.66475215341046","-122.11410509361039","-122.11410509361039","-122.11410509361039","-208.00520525661494","-208.00520525661494","-208.00520525661494","-199.71446324609056","-199.71446324609056","-199.71446324609056","-120.35280376085029","-120.35280376085029","-120.35280376085029","-143.01092549295282","-143.01092549295282","-143.01092549295282","-119.33497854012792","-119.33497854012792","-119.33497854012792","-169.20102074704593","-169.20102074704593","-169.20102074704593","-121.572058219193","-121.572058219193","-121.572058219193"
"20400","-140.3517430397365","-140.3517430397365","-140.3517430397365","-211.37318879865916","-211.37318879865916","-211.37318879865916","-217.3775978569049","-217.3775978569049","-217.3775978569049","-209.69270185723767","-209.69270185723767","-209.69270185723767","-141.79619593388367","-141.79619593388367","-141.79619593388367","-140.00864357656772","-140.00864357656772","-140.00864357656772","-190.5047566037176","-190.5047566037176","-190.5047566037176","-96.22021189611263","-96.22021189611263","-96.22021189611263","-170.03770165301066","-170.03770165301066","-170.03770165301066","-122.47751366099756","-122.47751366099756","-122.47751366099756","-145.56229557881394","-145.56229557881394","-145.56229557881394","-174.63550386172383","-174.63550386172383","-174.63550386172383","-121.95193512393114","-121.95193512393114","-121.95193512393114","-207.56877851516765","-207.56877851516765","-207.56877851516765","-199.42945852659088","-199.42945852659088","-199.42945852659088","-120.20346017254865","-120.20346017254865","-120.20346017254865","-142.46840553467277","-142.46840553467277","-142.46840553467277","-119.1779136631128","-119.1779136631128","-119.1779136631128","-167.57985781270958","-167.57985781270958","-167.57985781270958","-121.63070015647381","-121.63070015647381","-121.63070015647381"
"20700","-141.48220628575976","-141.48220628575976","-141.48220628575976","-189.1184916280981","-189.1184916280981","-189.1184916280981","-321.3485109905944","-321.3485109905944","-321.3485109905944","-206.5965671312619","-206.5965671312619","-206.5965671312619","-142.43644034039866","-142.43644034039866","-142.43644034039866","-139.85258552887626","-139.85258552887626","-139.85258552887626","-189.70444976020949","-189.70444976020949","-189.70444976020949","-96.15886278662798","-96.15886278662798","-96.15886278662798","-169.86514984142076","-169.86514984142076","-169.86514984142076","-121.3081179379299","-121.3081179379299","-121.3081179379299","-145.79858773792466","-145.79858773792466","-145.79858773792466","-173.3239872471807","-173.3239872471807","-173.3239872471807","-122.13667389810124","-122.13667389810124","-122.13667389810124","-207.1210892973242","-207.1210892973242","-207.1210892973242","-199.11661083613262","-199.11661083613262","-199.11661083613262","-171.93706911102024","-171.93706911102024","-171.93706911102024","-142.50201868524178","-142.50201868524178","-142.50201868524178","-119.14895664875436","-119.14895664875436","-119.14895664875436","-167.69889411617683","-167.69889411617683","-167.69889411617683","-121.89528106318588","-121.89528106318588","-121.89528106318588"
"21000","-141.0494333151869","-141.0494333151869","-141.0494333151869","-190.4147651328423","-190.4147651328423","-190.4147651328423","-219.4845928461428","-219.4845928461428","-219.4845928461428","-206.76371404916827","-206.76371404916827","-206.76371404916827","-142.88261657336434","-142.88261657336434","-142.88261657336434","-140.05112712207386","-140.05112712207386","-140.05112712207386","-191.3392552103652","-191.3392552103652","-191.3392552103652","-148.826228125919","-148.826228125919","-148.826228125919","-170.63637431258977","-170.63637431258977","-170.63637431258977","-122.68331668803489","-122.68331668803489","-122.68331668803489","-145.24103256555935","-145.24103256555935","-145.24103256555935","-173.78403294228605","-173.78403294228605","-173.78403294228605","-122.23058452967607","-122.23058452967607","-122.23058452967607","-210.108123325191","-210.108123325191","-210.108123325191","-199.67112213667036","-199.67112213667036","-199.67112213667036","-146.29215368526374","-146.29215368526374","-146.29215368526374","-142.99613065450265","-142.99613065450265","-142.99613065450265","-118.97893372440356","-118.97893372440356","-118.97893372440356","-170.09302405248437","-170.09302405248437","-170.09302405248437","-122.06456461369484","-122.06456461369484","-122.06456461369484"
"21300","-140.59549653792288","-140.59549653792288","-140.59549653792288","-213.3370312535692","-213.3370312535692","-213.3370312535692","-217.57356467119567","-217.57356467119567","-217.57356467119567","-205.95915386340525","-205.95915386340525","-205.95915386340525","-141.77885652440338","-141.77885652440338","-141.77885652440338","-140.26667133584198","-140.26667133584198","-140.26667133584198","-191.01394409969748","-191.01394409969748","-191.01394409969748","-122.68058407261454","-122.68058407261454","-122.68058407261454","-169.62941703215574","-169.62941703215574","-169.62941703215574","-121.8512627913824","-121.8512627913824","-121.8512627913824","-146.04609420297578","-146.04609420297578","-146.04609420297578","-170.6029586812098","-170.6029586812098","-170.6029586812098","-122.31994935979132","-122.31994935979132","-122.31994935979132","-207.90323795736427","-207.90323795736427","-207.90323795736427","-198.7092805964049","-198.7092805964049","-198.7092805964049","-119.62780126951199","-119.62780126951199","-119.62780126951199","-142.70909597930387","-142.70909597930387","-142.70909597930387","-119.10394043074427","-119.10394043074427","-119.10394043074427","-166.92521177862054","-166.92521177862054","-166.92521177862054","-122.09938826447083","-122.09938826447083","-122.09938826447083"
"21600","-140.0214165272891","-140.0214165272891","-140.0214165272891","-189.91820521912922","-189.91820521912922","-189.91820521912922","-216.84780646004674","-216.84780646004674","-216.84780646004674","-206.70017519039416","-206.70017519039416","-206.70017519039416","-142.1544338758941","-142.1544338758941","-142.1544338758941","-139.80367721542734","-139.80367721542734","-139.80367721542734","-189.90135427306825","-189.90135427306825","-189.90135427306825","-95.80876404012726","-95.80876404012726","-95.80876404012726","-170.22443166936333","-170.22443166936333","-170.22443166936333","-122.90444721365922","-122.90444721365922","-122.90444721365922","-145.55013310050884","-145.55013310050884","-145.55013310050884","-171.965146549488","-171.965146549488","-171.965146549488","-123.08804649295766","-123.08804649295766","-123.08804649295766","-208.80820641718933","-208.80820641718933","-208.80820641718933","-198.9014557981728","-198.9014557981728","-198.9014557981728","-119.93337484596452","-119.93337484596452","-119.93337484596452","-142.49036360695206","-142.49036360695206","-142.49036360695206","-118.98164848551066","-118.98164848551066","-118.98164848551066","-169.35004490326625","-169.35004490326625","-169.35004490326625","-122.08440623646318","-122.08440623646318","-122.08440623646318"
"21900","-141.03587489790308","-141.03587489790308","-141.03587489790308","-211.67156590341864","-211.67156590341864","-211.67156590341864","-217.07200461495003","-217.07200461495003","-217.07200461495003","-205.46793773920268","-205.46793773920268","-205.46793773920268","-143.2310601440147","-143.2310601440147","-143.2310601440147","-139.61598778136616","-139.61598778136616","-139.61598778136616","-192.147805569431","-192.147805569431","-192.147805569431","-410.4892220692336","-410.4892220692336","-410.4892220692336","-169.495115465531","-169.495115465531","-169.495115465531","-124.17367995651628","-124.17367995651628","-124.17367995651628","-145.40265299015599","-145.40265299015599","-145.40265299015599","-169.10865316180187","-169.10865316180187","-169.10865316180187","-122.70145180031685","-122.70145180031685","-122.70145180031685","-208.74825382897944","-208.74825382897944","-208.74825382897944","-198.72749196060278","-198.72749196060278","-198.72749196060278","-378.7540112956582","-378.7540112956582","-378.7540112956582","-142.48953667365123","-142.48953667365123","-142.48953667365123","-118.78630313537337","-118.78630313537337","-118.78630313537337","-166.97698912851618","-166.97698912851618","-166.97698912851618","-122.42992999449191","-122.42992999449191","-122.42992999449191"
"22200","-140.52913300215045","-140.52913300215045","-140.52913300215045","-215.1823143111134","-215.1823143111134","-215.1823143111134","-217.70805946288073","-217.70805946288073","-217.70805946288073","-207.64667058502582","-207.64667058502582","-207.64667058502582","-143.00018948441317","-143.00018948441317","-143.00018948441317","-139.7820251920544","-139.7820251920544","-139.7820251920544","-191.45627701413972","-191.45627701413972","-191.45627701413972","-95.93447304865276","-95.93447304865276","-95.93447304865276","-170.05377563642074","-170.05377563642074","-170.05377563642074","-124.59725783450745","-124.59725783450745","-124.59725783450745","-145.5538911745813","-145.5538911745813","-145.5538911745813","-170.07983758106505","-170.07983758106505","-170.07983758106505","-122.54187938271912","-122.54187938271912","-122.54187938271912","-206.08584067237507","-206.08584067237507","-206.08584067237507","-199.21974692197327","-199.21974692197327","-199.21974692197327","-119.5421242346736","-119.5421242346736","-119.5421242346736","-142.00900917515645","-142.00900917515645","-142.00900917515645","-118.72938412861716","-118.72938412861716","-118.72938412861716","-167.47345541683762","-167.47345541683762","-167.47345541683762","-121.70403623686575","-121.70403623686575","-121.70403623686575"
"22500","-142.02054842761407","-142.02054842761407","-142.02054842761407","-214.4425914306505","-214.4425914306505","-214.4425914306505","-217.39200466015978","-217.39200466015978","-217.39200466015978","-208.5075305987435","-208.5075305987435","-208.5075305987435","-452.97086033137737","-452.97086033137737","-452.97086033137737","-139.67599968299086","-139.67599968299086","-139.67599968299086","-192.19740223222007","-192.19740223222007","-192.19740223222007","-96.23421195250559","-96.23421195250559","-96.23421195250559","-169.4324197824547","-169.4324197824547","-169.4324197824547","-126.65701462705852","-126.65701462705852","-126.65701462705852","-144.81359438958714","-144.81359438958714","-144.81359438958714","-170.3985885521866","-170.3985885521866","-170.3985885521866","-122.14359386531817","-122.14359386531817","-122.14359386531817","-207.97579702397633","-207.97579702397633","-207.97579702397633","-197.72079507576578","-197.72079507576578","-197.72079507576578","-119.8237092964539","-119.8237092964539","-119.8237092964539","-142.5662064912688","-142.5662064912688","-142.5662064912688","-118.65030386211087","-118.65030386211087","-118.65030386211087","-167.36865553628917","-167.36865553628917","-167.36865553628917","-122.06985650657143","-122.06985650657143","-122.06985650657143"
"22800","-140.54166555314498","-140.54166555314498","-140.54166555314498","-189.49591593472277","-189.49591593472277","-189.49591593472277","-217.02774494458154","-217.02774494458154","-217.02774494458154","-207.3844513200866","-207.3844513200866","-207.3844513200866","-141.90804363256285","-141.90804363256285","-141.90804363256285","-139.50686238186455","-139.50686238186455","-139.50686238186455","-189.61295262744912","-189.61295262744912","-189.61295262744912","-96.36273830640407","-96.36273830640407","-96.36273830640407","-169.55505552310456","-169.55505552310456","-169.55505552310456","-126.14063816358983","-126.14063816358983","-126.14063816358983","-145.3180293266068","-145.3180293266068","-145.3180293266068","-168.936391452164","-168.936391452164","-168.936391452164","-122.34102766501019","-122.34102766501019","-122.34102766501019","-208.62913597965456","-208.62913597965456","-208.62913597965456","-197.86932879025215","-197.86932879025215","-197.86932879025215","-119.97633306976722","-119.97633306976722","-119.97633306976722","-143.05694581436083","-143.05694581436083","-143.05694581436083","-118.53297150947306","-118.53297150947306","-118.53297150947306","-166.64590443733863","-166.64590443733863","-166.64590443733863","-122.3748542710726","-122.3748542710726","-122.3748542710726"
"23100","-140.04234199416868","-140.04234199416868","-140.04234199416868","-189.732356143837","-189.732356143837","-189.732356143837","-217.80242368400474","-217.80242368400474","-217.80242368400474","-206.88778180059444","-206.88778180059444","-206.88778180059444","-141.8636418871827","-141.8636418871827","-141.8636418871827","-139.7678436496115","-139.7678436496115","-139.7678436496115","-188.2637247063842","-188.2637247063842","-188.2637247063842","-96.22677889072466","-96.22677889072466","-96.22677889072466","-170.6467177935468","-170.6467177935468","-170.6467177935468","-124.17925935971411","-124.17925935971411","-124.17925935971411","-144.64504613604063","-144.64504613604063","-144.64504613604063","-196.04328358405547","-196.04328358405547","-196.04328358405547","-122.15077900870536","-122.15077900870536","-122.15077900870536","-209.60521666855328","-209.60521666855328","-209.60521666855328","-222.6681944007758","-222.6681944007758","-222.6681944007758","-119.68172977708221","-119.68172977708221","-119.68172977708221","-144.43208199703605","-144.43208199703605","-144.43208199703605","-118.48500788452228","-118.48500788452228","-118.48500788452228","-167.86942647988923","-167.86942647988923","-167.86942647988923","-121.90887540168906","-121.90887540168906","-121.90887540168906"
"23400","-141.0685904380495","-141.0685904380495","-141.0685904380495","-189.34645404149902","-189.34645404149902","-189.34645404149902","-217.84878952583296","-217.84878952583296","-217.84878952583296","-206.22099011045984","-206.22099011045984","-206.22099011045984","-142.1264150981462","-142.1264150981462","-142.1264150981462","-140.02172485650755","-140.02172485650755","-140.02172485650755","-190.02908011841726","-190.02908011841726","-190.02908011841726","-96.17069686861234","-96.17069686861234","-96.17069686861234","-169.04240911611618","-169.04240911611618","-169.04240911611618","-123.08052289355564","-123.08052289355564","-123.08052289355564","-145.5273308680122","-145.5273308680122","-145.5273308680122","-170.77924359315006","-170.77924359315006","-170.77924359315006","-121.99101742138221","-121.99101742138221","-121.99101742138221","-208.9532838539514","-208.9532838539514","-208.9532838539514","-198.93921171043112","-198.93921171043112","-198.93921171043112","-120.25283756929502","-120.25283756929502","-120.25283756929502","-144.5969725928308","-144.5969725928308","-144.5969725928308","-118.59015037314808","-118.59015037314808","-118.59015037314808","-166.83007905860018","-166.83007905860018","-166.83007905860018","-122.11993998791236","-122.11993998791236","-122.11993998791236"
"23700","-141.22141259612698","-141.22141259612698","-141.22141259612698","-189.3977528042763","-189.3977528042763","-189.3977528042763","-218.42909395507453","-218.42909395507453","-218.42909395507453","-205.33050285069447","-205.33050285069447","-205.33050285069447","-141.97458373185722","-141.97458373185722","-141.97458373185722","-139.56988697433326","-139.56988697433326","-139.56988697433326","-188.75146767692613","-188.75146767692613","-188.75146767692613","-95.87032750486709","-95.87032750486709","-95.87032750486709","-169.74608224651814","-169.74608224651814","-169.74608224651814","-123.29560145412476","-123.29560145412476","-123.29560145412476","-144.79557265625218","-144.79557265625218","-144.79557265625218","-168.83619223882118","-168.83619223882118","-168.83619223882118","-121.92486788423123","-121.92486788423123","-121.92486788423123","-207.02791150903312","-207.02791150903312","-207.02791150903312","-199.49502292108383","-199.49502292108383","-199.49502292108383","-120.29625852422232","-120.29625852422232","-120.29625852422232","-144.65330744262036","-144.65330744262036","-144.65330744262036","-118.63953493666054","-118.63953493666054","-118.63953493666054","-167.08771612098252","-167.08771612098252","-167.08771612098252","-121.98235516561286","-121.98235516561286","-121.98235516561286"
"24000","-140.74260001834313","-140.74260001834313","-140.74260001834313","-188.8624019332154","-188.8624019332154","-188.8624019332154","-217.32717350754484","-217.32717350754484","-217.32717350754484","-206.28351981861005","-206.28351981861005","-206.28351981861005","-142.5305633715009","-142.5305633715009","-142.5305633715009","-139.86784279151345","-139.86784279151345","-139.86784279151345","-188.5157221116063","-188.5157221116063","-188.5157221116063","-96.24312532278648","-96.24312532278648","-96.24312532278648","-169.45962655117074","-169.45962655117074","-169.45962655117074","-121.67917233909513","-121.67917233909513","-121.67917233909513","-144.8069946295562","-144.8069946295562","-144.8069946295562","-538.481070332709","-538.481070332709","-538.481070332709","-121.60001988318982","-121.60001988318982","-121.60001988318982","-208.91763226351986","-208.91763226351986","-208.91763226351986","-196.78006484572242","-196.78006484572242","-196.78006484572242","-119.44687159505847","-119.44687159505847","-119.44687159505847","-144.72965798335977","-144.72965798335977","-144.72965798335977","-118.75275405200803","-118.75275405200803","-118.75275405200803","-167.13911526032217","-167.13911526032217","-167.13911526032217","-121.90037366614634","-121.90037366614634","-121.90037366614634"
"24300","-142.09502648249347","-142.09502648249347","-142.09502648249347","-190.2299391757678","-190.2299391757678","-190.2299391757678","-216.78197774840152","-216.78197774840152","-216.78197774840152","-206.09023085354437","-206.09023085354437","-206.09023085354437","-141.35282831796877","-141.35282831796877","-141.35282831796877","-140.05772861255315","-140.05772861255315","-140.05772861255315","-188.8387172206204","-188.8387172206204","-188.8387172206204","-96.6387951168351","-96.6387951168351","-96.6387951168351","-170.13593442832516","-170.13593442832516","-170.13593442832516","-121.86351748687301","-121.86351748687301","-121.86351748687301","-145.00355711868335","-145.00355711868335","-145.00355711868335","-169.53404663741537","-169.53404663741537","-169.53404663741537","-121.5774598759048","-121.5774598759048","-121.5774598759048","-209.3932168902189","-209.3932168902189","-209.3932168902189","-196.27432844131312","-196.27432844131312","-196.27432844131312","-120.07737627694057","-120.07737627694057","-120.07737627694057","-144.57553121181658","-144.57553121181658","-144.57553121181658","-118.9450809795929","-118.9450809795929","-118.9450809795929","-166.4831467688794","-166.4831467688794","-166.4831467688794","-122.13958893032354","-122.13958893032354","-122.13958893032354"
"24600","-140.75593900982608","-140.75593900982608","-140.75593900982608","-189.13087270152727","-189.13087270152727","-189.13087270152727","-217.91699563583649","-217.91699563583649","-217.91699563583649","-209.50762092576778","-209.50762092576778","-209.50762092576778","-142.0462271464582","-142.0462271464582","-142.0462271464582","-139.83079324543678","-139.83079324543678","-139.83079324543678","-188.9300305695349","-188.9300305695349","-188.9300305695349","-96.05594549525968","-96.05594549525968","-96.05594549525968","-170.12801539647324","-170.12801539647324","-170.12801539647324","-121.86532387463475","-121.86532387463475","-121.86532387463475","-145.1342041755203","-145.1342041755203","-145.1342041755203","-171.1166385614807","-171.1166385614807","-171.1166385614807","-121.15877981352128","-121.15877981352128","-121.15877981352128","-207.55533479678326","-207.55533479678326","-207.55533479678326","-223.06336195450095","-223.06336195450095","-223.06336195450095","-120.13886515290199","-120.13886515290199","-120.13886515290199","-144.7963357444738","-144.7963357444738","-144.7963357444738","-118.97925039841857","-118.97925039841857","-118.97925039841857","-166.7965137280969","-166.7965137280969","-166.7965137280969","-122.12848563371763","-122.12848563371763","-122.12848563371763"
"24900","-140.78699420367883","-140.78699420367883","-140.78699420367883","-215.08469790963","-215.08469790963","-215.08469790963","-217.40296035255292","-217.40296035255292","-217.40296035255292","-208.37579478991557","-208.37579478991557","-208.37579478991557","-143.079000051789","-143.079000051789","-143.079000051789","-139.45328479365747","-139.45328479365747","-139.45328479365747","-188.83458184011653","-188.83458184011653","-188.83458184011653","-96.4160913608444","-96.4160913608444","-96.4160913608444","-169.40566901059464","-169.40566901059464","-169.40566901059464","-122.04773294731345","-122.04773294731345","-122.04773294731345","-145.01692292227065","-145.01692292227065","-145.01692292227065","-170.6862366163747","-170.6862366163747","-170.6862366163747","-121.61966259003127","-121.61966259003127","-121.61966259003127","-208.58933040903676","-208.58933040903676","-208.58933040903676","-196.68913562183462","-196.68913562183462","-196.68913562183462","-120.12957398377291","-120.12957398377291","-120.12957398377291","-371.3482041969442","-371.3482041969442","-371.3482041969442","-119.05362635619474","-119.05362635619474","-119.05362635619474","-167.13030291429976","-167.13030291429976","-167.13030291429976","-121.88506143803413","-121.88506143803413","-121.88506143803413"
"25200","-141.50741910644547","-141.50741910644547","-141.50741910644547","-189.47687345968268","-189.47687345968268","-189.47687345968268","-217.45509714536274","-217.45509714536274","-217.45509714536274","-208.21539518235144","-208.21539518235144","-208.21539518235144","-141.82850473810566","-141.82850473810566","-141.82850473810566","-139.8125501636439","-139.8125501636439","-139.8125501636439","-189.52988459823524","-189.52988459823524","-189.52988459823524","-96.07148326573014","-96.07148326573014","-96.07148326573014","-169.31615131941803","-169.31615131941803","-169.31615131941803","-121.88539599692527","-121.88539599692527","-121.88539599692527","-144.67823999476454","-144.67823999476454","-144.67823999476454","-169.85061020995337","-169.85061020995337","-169.85061020995337","-121.59806726336004","-121.59806726336004","-121.59806726336004","-210.15884021626326","-210.15884021626326","-210.15884021626326","-196.2805517767999","-196.2805517767999","-196.2805517767999","-120.19263355205908","-120.19263355205908","-120.19263355205908","-143.0543509510634","-143.0543509510634","-143.0543509510634","-118.96734980619483","-118.96734980619483","-118.96734980619483","-166.44705720368376","-166.44705720368376","-166.44705720368376","-123.55389578987001","-123.55389578987001","-123.55389578987001"
"25500","-141.28728441317296","-141.28728441317296","-141.28728441317296","-214.25962624481835","-214.25962624481835","-214.25962624481835","-217.06454643912102","-217.06454643912102","-217.06454643912102","-208.11645013438633","-208.11645013438633","-208.11645013438633","-141.26666389088928","-141.26666389088928","-141.26666389088928","-139.79694783687725","-139.79694783687725","-139.79694783687725","-188.73273222316215","-188.73273222316215","-188.73273222316215","-96.41132172727492","-96.41132172727492","-96.41132172727492","-170.2048560702047","-170.2048560702047","-170.2048560702047","-122.18429294032308","-122.18429294032308","-122.18429294032308","-144.62147583826504","-144.62147583826504","-144.62147583826504","-171.745669224756","-171.745669224756","-171.745669224756","-121.39912154278613","-121.39912154278613","-121.39912154278613","-209.36939294626433","-209.36939294626433","-209.36939294626433","-194.62038540325088","-194.62038540325088","-194.62038540325088","-119.28698210545963","-119.28698210545963","-119.28698210545963","-143.51729312739587","-143.51729312739587","-143.51729312739587","-119.10092970937242","-119.10092970937242","-119.10092970937242","-167.0942774132365","-167.0942774132365","-167.0942774132365","-121.46955374917454","-121.46955374917454","-121.46955374917454"
"25800","-140.7416736605992","-140.7416736605992","-140.7416736605992","-190.03316212499308","-190.03316212499308","-190.03316212499308","-217.86995005276884","-217.86995005276884","-217.86995005276884","-208.2937686971176","-208.2937686971176","-208.2937686971176","-142.67637478993163","-142.67637478993163","-142.67637478993163","-139.77728303275074","-139.77728303275074","-139.77728303275074","-188.63481171440168","-188.63481171440168","-188.63481171440168","-96.6917584159846","-96.6917584159846","-96.6917584159846","-170.4699043827392","-170.4699043827392","-170.4699043827392","-123.1442032974533","-123.1442032974533","-123.1442032974533","-145.02020978382475","-145.02020978382475","-145.02020978382475","-170.9762052322879","-170.9762052322879","-170.9762052322879","-121.2134433107789","-121.2134433107789","-121.2134433107789","-209.39381417384394","-209.39381417384394","-209.39381417384394","-195.63290871658853","-195.63290871658853","-195.63290871658853","-119.87145637754368","-119.87145637754368","-119.87145637754368","-143.59202676644523","-143.59202676644523","-143.59202676644523","-119.3380837454586","-119.3380837454586","-119.3380837454586","-167.32521866027307","-167.32521866027307","-167.32521866027307","-121.76757735165238","-121.76757735165238","-121.76757735165238"
"26100","-141.33058666136935","-141.33058666136935","-141.33058666136935","-189.60291845575549","-189.60291845575549","-189.60291845575549","-216.90602327989944","-216.90602327989944","-216.90602327989944","-205.77454592076984","-205.77454592076984","-205.77454592076984","-141.10337551745104","-141.10337551745104","-141.10337551745104","-139.7385132726474","-139.7385132726474","-139.7385132726474","-189.0541496291149","-189.0541496291149","-189.0541496291149","-96.1475518866065","-96.1475518866065","-96.1475518866065","-170.30135059000514","-170.30135059000514","-170.30135059000514","-123.27788365329918","-123.27788365329918","-123.27788365329918","-144.79614383268725","-144.79614383268725","-144.79614383268725","-171.18744883082692","-171.18744883082692","-171.18744883082692","-120.86173689203167","-120.86173689203167","-120.86173689203167","-207.70725070749887","-207.70725070749887","-207.70725070749887","-196.41184445933322","-196.41184445933322","-196.41184445933322","-119.97287227835935","-119.97287227835935","-119.97287227835935","-143.5455396408516","-143.5455396408516","-143.5455396408516","-119.21197944110129","-119.21197944110129","-119.21197944110129","-166.50460099450225","-166.50460099450225","-166.50460099450225","-121.47942665359025","-121.47942665359025","-121.47942665359025"
"26400","-141.00200919828603","-141.00200919828603","-141.00200919828603","-189.00326290449965","-189.00326290449965","-189.00326290449965","-217.71466502166254","-217.71466502166254","-217.71466502166254","-211.74064303886698","-211.74064303886698","-211.74064303886698","-141.07661853889473","-141.07661853889473","-141.07661853889473","-139.39053870822346","-139.39053870822346","-139.39053870822346","-188.04641340596584","-188.04641340596584","-188.04641340596584","-96.36632107955371","-96.36632107955371","-96.36632107955371","-169.19203559065724","-169.19203559065724","-169.19203559065724","-123.18668114080552","-123.18668114080552","-123.18668114080552","-144.64586191703202","-144.64586191703202","-144.64586191703202","-170.71582840637376","-170.71582840637376","-170.71582840637376","-121.15867476332633","-121.15867476332633","-121.15867476332633","-210.55054656693125","-210.55054656693125","-210.55054656693125","-194.7708562891526","-194.7708562891526","-194.7708562891526","-120.03397668517076","-120.03397668517076","-120.03397668517076","-143.66736257708993","-143.66736257708993","-143.66736257708993","-119.62173281665942","-119.62173281665942","-119.62173281665942","-166.72684598636738","-166.72684598636738","-166.72684598636738","-121.83169659535375","-121.83169659535375","-121.83169659535375"
"26700","-141.46592728599032","-141.46592728599032","-141.46592728599032","-189.4318690101698","-189.4318690101698","-189.4318690101698","-217.13060805268773","-217.13060805268773","-217.13060805268773","-207.75812413217878","-207.75812413217878","-207.75812413217878","-141.2929059266299","-141.2929059266299","-141.2929059266299","-139.81101132796869","-139.81101132796869","-139.81101132796869","-189.24222353864658","-189.24222353864658","-189.24222353864658","-96.6982301611616","-96.6982301611616","-96.6982301611616","-168.78844023430116","-168.78844023430116","-168.78844023430116","-122.37599487101315","-122.37599487101315","-122.37599487101315","-144.39420567145754","-144.39420567145754","-144.39420567145754","-170.52071241021102","-170.52071241021102","-170.52071241021102","-121.33520960801525","-121.33520960801525","-121.33520960801525","-210.80008618793985","-210.80008618793985","-210.80008618793985","-196.4343636244911","-196.4343636244911","-196.4343636244911","-120.01668585283535","-120.01668585283535","-120.01668585283535","-143.28081434950298","-143.28081434950298","-143.28081434950298","-119.61286068540463","-119.61286068540463","-119.61286068540463","-658.8826494750799","-658.8826494750799","-658.8826494750799","-121.956268015464","-121.956268015464","-121.956268015464"
"27000","-141.43180235241715","-141.43180235241715","-141.43180235241715","-189.86504293286035","-189.86504293286035","-189.86504293286035","-218.16415802607298","-218.16415802607298","-218.16415802607298","-207.45529704974214","-207.45529704974214","-207.45529704974214","-141.258475949292","-141.258475949292","-141.258475949292","-139.71790908687547","-139.71790908687547","-139.71790908687547","-188.56289992106736","-188.56289992106736","-188.56289992106736","-96.78319666930564","-96.78319666930564","-96.78319666930564","-169.05128443748544","-169.05128443748544","-169.05128443748544","-122.25055452627512","-122.25055452627512","-122.25055452627512","-144.63944446373748","-144.63944446373748","-144.63944446373748","-171.7789384918717","-171.7789384918717","-171.7789384918717","-121.0652574953024","-121.0652574953024","-121.0652574953024","-207.676641573516","-207.676641573516","-207.676641573516","-195.10527336526943","-195.10527336526943","-195.10527336526943","-120.04131672532735","-120.04131672532735","-120.04131672532735","-143.345489095254","-143.345489095254","-143.345489095254","-119.50540131513526","-119.50540131513526","-119.50540131513526","-166.45417609250833","-166.45417609250833","-166.45417609250833","-121.7885463992267","-121.7885463992267","-121.7885463992267"
"27300","-140.9452084773492","-140.9452084773492","-140.9452084773492","-189.7371996964358","-189.7371996964358","-189.7371996964358","-217.86268916861914","-217.86268916861914","-217.86268916861914","-207.66830879607315","-207.66830879607315","-207.66830879607315","-142.3933703645012","-142.3933703645012","-142.3933703645012","-139.90661506289138","-139.90661506289138","-139.90661506289138","-189.71316598979814","-189.71316598979814","-189.71316598979814","-96.51125697106735","-96.51125697106735","-96.51125697106735","-168.21849045195083","-168.21849045195083","-168.21849045195083","-122.92722049362996","-122.92722049362996","-122.92722049362996","-144.7612296842363","-144.7612296842363","-144.7612296842363","-171.45541644617285","-171.45541644617285","-171.45541644617285","-120.9284134567927","-120.9284134567927","-120.9284134567927","-208.6627931828169","-208.6627931828169","-208.6627931828169","-194.64834682300344","-194.64834682300344","-194.64834682300344","-120.40299197018271","-120.40299197018271","-120.40299197018271","-143.6845448007053","-143.6845448007053","-143.6845448007053","-119.57639769432016","-119.57639769432016","-119.57639769432016","-166.7177468471797","-166.7177468471797","-166.7177468471797","-121.66954133310085","-121.66954133310085","-121.66954133310085"
"27600","-141.4298595016583","-141.4298595016583","-141.4298595016583","-189.33874565800855","-189.33874565800855","-189.33874565800855","-217.00233261954062","-217.00233261954062","-217.00233261954062","-207.2005157786122","-207.2005157786122","-207.2005157786122","-140.9745992415555","-140.9745992415555","-140.9745992415555","-139.74291633082203","-139.74291633082203","-139.74291633082203","-188.67673579276826","-188.67673579276826","-188.67673579276826","-96.75809868556146","-96.75809868556146","-96.75809868556146","-168.54646952094814","-168.54646952094814","-168.54646952094814","-123.39993798920753","-123.39993798920753","-123.39993798920753","-144.73665695455435","-144.73665695455435","-144.73665695455435","-170.46903482593103","-170.46903482593103","-170.46903482593103","-120.97603498422366","-120.97603498422366","-120.97603498422366","-209.10344400598493","-209.10344400598493","-209.10344400598493","-171.3641676250704","-171.3641676250704","-171.3641676250704","-120.14075530530283","-120.14075530530283","-120.14075530530283","-143.3203764377343","-143.3203764377343","-143.3203764377343","-119.38743494883536","-119.38743494883536","-119.38743494883536","-166.76110821385424","-166.76110821385424","-166.76110821385424","-121.69312728837683","-121.69312728837683","-121.69312728837683"
"27900","-139.89788674415507","-139.89788674415507","-139.89788674415507","-188.69493767584683","-188.69493767584683","-188.69493767584683","-217.40944258912663","-217.40944258912663","-217.40944258912663","-206.8595461288156","-206.8595461288156","-206.8595461288156","-141.3428059745776","-141.3428059745776","-141.3428059745776","-139.41613822154946","-139.41613822154946","-139.41613822154946","-189.30177908946152","-189.30177908946152","-189.30177908946152","-96.52215140852228","-96.52215140852228","-96.52215140852228","-168.76683838809635","-168.76683838809635","-168.76683838809635","-122.96427961590987","-122.96427961590987","-122.96427961590987","-144.69635354809574","-144.69635354809574","-144.69635354809574","-170.79552648258434","-170.79552648258434","-170.79552648258434","-121.30305048631251","-121.30305048631251","-121.30305048631251","-210.78797244629368","-210.78797244629368","-210.78797244629368","-194.59345558111207","-194.59345558111207","-194.59345558111207","-119.77812770881106","-119.77812770881106","-119.77812770881106","-143.03989579466258","-143.03989579466258","-143.03989579466258","-119.36355202339078","-119.36355202339078","-119.36355202339078","-616.5298383215024","-616.5298383215024","-616.5298383215024","-121.76540355259499","-121.76540355259499","-121.76540355259499"
"28200","-140.98522194615492","-140.98522194615492","-140.98522194615492","-188.94369779789923","-188.94369779789923","-188.94369779789923","-216.9928226362968","-216.9928226362968","-216.9928226362968","-207.8153904914271","-207.8153904914271","-207.8153904914271","-141.97559938230364","-141.97559938230364","-141.97559938230364","-139.74650920975756","-139.74650920975756","-139.74650920975756","-189.64885120565222","-189.64885120565222","-189.64885120565222","-96.85033320079654","-96.85033320079654","-96.85033320079654","-168.55182877937287","-168.55182877937287","-168.55182877937287","-124.05668706581409","-124.05668706581409","-124.05668706581409","-144.7221448336899","-144.7221448336899","-144.7221448336899","-170.53018166097567","-170.53018166097567","-170.53018166097567","-121.2507147916705","-121.2507147916705","-121.2507147916705","-211.4001469435547","-211.4001469435547","-211.4001469435547","-195.10945033465393","-195.10945033465393","-195.10945033465393","-120.6625155824217","-120.6625155824217","-120.6625155824217","-142.8820381085066","-142.8820381085066","-142.8820381085066","-119.3598187920368","-119.3598187920368","-119.3598187920368","-167.28314594081198","-167.28314594081198","-167.28314594081198","-698.7387313944835","-698.7387313944835","-698.7387313944835"
"28500","-141.52311872994773","-141.52311872994773","-141.52311872994773","-189.52974799869853","-189.52974799869853","-189.52974799869853","-217.11726910498345","-217.11726910498345","-217.11726910498345","-208.0403409498344","-208.0403409498344","-208.0403409498344","-142.5401571743713","-142.5401571743713","-142.5401571743713","-139.74321415103722","-139.74321415103722","-139.74321415103722","-188.20478795635717","-188.20478795635717","-188.20478795635717","-96.50257100639587","-96.50257100639587","-96.50257100639587","-168.73409817270758","-168.73409817270758","-168.73409817270758","-123.09669854572753","-123.09669854572753","-123.09669854572753","-145.03902453436677","-145.03902453436677","-145.03902453436677","-169.6934867873037","-169.6934867873037","-169.6934867873037","-343.7170629611525","-343.7170629611525","-343.7170629611525","-209.9904507515571","-209.9904507515571","-209.9904507515571","-194.30660372597237","-194.30660372597237","-194.30660372597237","-120.22836993676624","-120.22836993676624","-120.22836993676624","-142.8799935254772","-142.8799935254772","-142.8799935254772","-119.49127126150458","-119.49127126150458","-119.49127126150458","-166.87734339975475","-166.87734339975475","-166.87734339975475","-121.62391681633031","-121.62391681633031","-121.62391681633031"
"28800","-140.09081687436213","-140.09081687436213","-140.09081687436213","-211.6177449398968","-211.6177449398968","-211.6177449398968","-217.2004135840106","-217.2004135840106","-217.2004135840106","-206.79413443754282","-206.79413443754282","-206.79413443754282","-141.51430388902196","-141.51430388902196","-141.51430388902196","-139.74318321662474","-139.74318321662474","-139.74318321662474","-188.26716947108764","-188.26716947108764","-188.26716947108764","-96.57985473436177","-96.57985473436177","-96.57985473436177","-168.7373105853597","-168.7373105853597","-168.7373105853597","-124.83943529868506","-124.83943529868506","-124.83943529868506","-144.72156099723895","-144.72156099723895","-144.72156099723895","-170.80466087220194","-170.80466087220194","-170.80466087220194","-121.30197687584464","-121.30197687584464","-121.30197687584464","-211.99338165422176","-211.99338165422176","-211.99338165422176","-195.00095788900683","-195.00095788900683","-195.00095788900683","-120.42163779278224","-120.42163779278224","-120.42163779278224","-143.08352626288308","-143.08352626288308","-143.08352626288308","-119.31756777291177","-119.31756777291177","-119.31756777291177","-166.6090536439894","-166.6090536439894","-166.6090536439894","-121.58738910754735","-121.58738910754735","-121.58738910754735"
"29100","-142.51677182408002","-142.51677182408002","-142.51677182408002","-190.3597297703835","-190.3597297703835","-190.3597297703835","-217.31260664531797","-217.31260664531797","-217.31260664531797","-208.00962052204494","-208.00962052204494","-208.00962052204494","-141.0409168642867","-141.0409168642867","-141.0409168642867","-139.7417658058611","-139.7417658058611","-139.7417658058611","-189.86765136490808","-189.86765136490808","-189.86765136490808","-97.01928775989091","-97.01928775989091","-97.01928775989091","-168.64886429476275","-168.64886429476275","-168.64886429476275","-123.94315600680868","-123.94315600680868","-123.94315600680868","-144.5592649793031","-144.5592649793031","-144.5592649793031","-169.50924691385163","-169.50924691385163","-169.50924691385163","-121.13086761320554","-121.13086761320554","-121.13086761320554","-209.54522402616703","-209.54522402616703","-209.54522402616703","-170.39642364593956","-170.39642364593956","-170.39642364593956","-120.73123623657413","-120.73123623657413","-120.73123623657413","-142.6575569429173","-142.6575569429173","-142.6575569429173","-119.12406919393888","-119.12406919393888","-119.12406919393888","-166.85696460173125","-166.85696460173125","-166.85696460173125","-121.62698348002144","-121.62698348002144","-121.62698348002144"
"29400","-141.50154937322117","-141.50154937322117","-141.50154937322117","-189.26618450917397","-189.26618450917397","-189.26618450917397","-217.4909581708992","-217.4909581708992","-217.4909581708992","-207.13763447433735","-207.13763447433735","-207.13763447433735","-145.30637138826614","-145.30637138826614","-145.30637138826614","-140.32098105352492","-140.32098105352492","-140.32098105352492","-188.7426777046287","-188.7426777046287","-188.7426777046287","-96.76319048358909","-96.76319048358909","-96.76319048358909","-169.19981903152294","-169.19981903152294","-169.19981903152294","-124.84409308132652","-124.84409308132652","-124.84409308132652","-144.60918744366228","-144.60918744366228","-144.60918744366228","-170.21855031029622","-170.21855031029622","-170.21855031029622","-121.31589348237753","-121.31589348237753","-121.31589348237753","-207.48557137345483","-207.48557137345483","-207.48557137345483","-194.88589958992497","-194.88589958992497","-194.88589958992497","-120.81653943274088","-120.81653943274088","-120.81653943274088","-142.76441813960216","-142.76441813960216","-142.76441813960216","-118.96354869598244","-118.96354869598244","-118.96354869598244","-167.31882970158597","-167.31882970158597","-167.31882970158597","-121.63674379296847","-121.63674379296847","-121.63674379296847"
"29700","-140.22305063040207","-140.22305063040207","-140.22305063040207","-189.14787357123117","-189.14787357123117","-189.14787357123117","-217.56522159874504","-217.56522159874504","-217.56522159874504","-211.44437589796547","-211.44437589796547","-211.44437589796547","-144.05926649435446","-144.05926649435446","-144.05926649435446","-139.87353673164978","-139.87353673164978","-139.87353673164978","-189.42712583211872","-189.42712583211872","-189.42712583211872","-97.13696602475517","-97.13696602475517","-97.13696602475517","-168.78665440882028","-168.78665440882028","-168.78665440882028","-125.02088157708552","-125.02088157708552","-125.02088157708552","-144.4996547995856","-144.4996547995856","-144.4996547995856","-170.25801199185665","-170.25801199185665","-170.25801199185665","-121.36124675061617","-121.36124675061617","-121.36124675061617","-211.0849903995899","-211.0849903995899","-211.0849903995899","-194.23952672380116","-194.23952672380116","-194.23952672380116","-120.34194821069295","-120.34194821069295","-120.34194821069295","-142.920651925514","-142.920651925514","-142.920651925514","-118.96528674898195","-118.96528674898195","-118.96528674898195","-166.50336218706997","-166.50336218706997","-166.50336218706997","-121.78806377721635","-121.78806377721635","-121.78806377721635"
"30000","-141.47172482402712","-141.47172482402712","-141.47172482402712","-214.36078304372532","-214.36078304372532","-214.36078304372532","-217.21964666529092","-217.21964666529092","-217.21964666529092","-207.97336001466732","-207.97336001466732","-207.97336001466732","-144.16323221852045","-144.16323221852045","-144.16323221852045","-139.71660906218037","-139.71660906218037","-139.71660906218037","-188.56490269298473","-188.56490269298473","-188.56490269298473","-96.96330964656391","-96.96330964656391","-96.96330964656391","-169.103147556422","-169.103147556422","-169.103147556422","-125.36928966437009","-125.36928966437009","-125.36928966437009","-144.60235273012842","-144.60235273012842","-144.60235273012842","-170.97729938359817","-170.97729938359817","-170.97729938359817","-121.41575831251654","-121.41575831251654","-121.41575831251654","-209.46903455001217","-209.46903455001217","-209.46903455001217","-192.96284375528717","-192.96284375528717","-192.96284375528717","-120.5086287341607","-120.5086287341607","-120.5086287341607","-142.78805869832456","-142.78805869832456","-142.78805869832456","-118.72122416530377","-118.72122416530377","-118.72122416530377","-166.55725655340143","-166.55725655340143","-166.55725655340143","-147.50731919641186","-147.50731919641186","-147.50731919641186"