"Step","DDPG_None_PointMaze_Medium_Diverse_GRDense-v3_9 - eval/avg_reward","DDPG_None_PointMaze_Medium_Diverse_GRDense-v3_9 - eval/avg_reward__MIN","DDPG_None_PointMaze_Medium_Diverse_GRDense-v3_9 - eval/avg_reward__MAX","DDPG_None_PointMaze_Medium_Diverse_GRDense-v3_8 - eval/avg_reward","DDPG_None_PointMaze_Medium_Diverse_GRDense-v3_8 - eval/avg_reward__MIN","DDPG_None_PointMaze_Medium_Diverse_GRDense-v3_8 - eval/avg_reward__MAX","DDPG_None_PointMaze_Medium_Diverse_GRDense-v3_7 - eval/avg_reward","DDPG_None_PointMaze_Medium_Diverse_GRDense-v3_7 - eval/avg_reward__MIN","DDPG_None_PointMaze_Medium_Diverse_GRDense-v3_7 - eval/avg_reward__MAX","DDPG_None_PointMaze_Medium_Diverse_GRDense-v3_6 - eval/avg_reward","DDPG_None_PointMaze_Medium_Diverse_GRDense-v3_6 - eval/avg_reward__MIN","DDPG_None_PointMaze_Medium_Diverse_GRDense-v3_6 - eval/avg_reward__MAX","DDPG_None_PointMaze_Medium_Diverse_GRDense-v3_5 - eval/avg_reward","DDPG_None_PointMaze_Medium_Diverse_GRDense-v3_5 - eval/avg_reward__MIN","DDPG_None_PointMaze_Medium_Diverse_GRDense-v3_5 - eval/avg_reward__MAX","DDPG_None_PointMaze_Medium_Diverse_GRDense-v3_4 - eval/avg_reward","DDPG_None_PointMaze_Medium_Diverse_GRDense-v3_4 - eval/avg_reward__MIN","DDPG_None_PointMaze_Medium_Diverse_GRDense-v3_4 - eval/avg_reward__MAX","DDPG_None_PointMaze_Medium_Diverse_GRDense-v3_3 - eval/avg_reward","DDPG_None_PointMaze_Medium_Diverse_GRDense-v3_3 - eval/avg_reward__MIN","DDPG_None_PointMaze_Medium_Diverse_GRDense-v3_3 - eval/avg_reward__MAX","DDPG_None_PointMaze_Medium_Diverse_GRDense-v3_2 - eval/avg_reward","DDPG_None_PointMaze_Medium_Diverse_GRDense-v3_2 - eval/avg_reward__MIN","DDPG_None_PointMaze_Medium_Diverse_GRDense-v3_2 - eval/avg_reward__MAX","DDPG_None_PointMaze_Medium_Diverse_GRDense-v3_19 - eval/avg_reward","DDPG_None_PointMaze_Medium_Diverse_GRDense-v3_19 - eval/avg_reward__MIN","DDPG_None_PointMaze_Medium_Diverse_GRDense-v3_19 - eval/avg_reward__MAX","DDPG_None_PointMaze_Medium_Diverse_GRDense-v3_18 - eval/avg_reward","DDPG_None_PointMaze_Medium_Diverse_GRDense-v3_18 - eval/avg_reward__MIN","DDPG_None_PointMaze_Medium_Diverse_GRDense-v3_18 - eval/avg_reward__MAX","DDPG_None_PointMaze_Medium_Diverse_GRDense-v3_17 - eval/avg_reward","DDPG_None_PointMaze_Medium_Diverse_GRDense-v3_17 - eval/avg_reward__MIN","DDPG_None_PointMaze_Medium_Diverse_GRDense-v3_17 - eval/avg_reward__MAX","DDPG_None_PointMaze_Medium_Diverse_GRDense-v3_16 - eval/avg_reward","DDPG_None_PointMaze_Medium_Diverse_GRDense-v3_16 - eval/avg_reward__MIN","DDPG_None_PointMaze_Medium_Diverse_GRDense-v3_16 - eval/avg_reward__MAX","DDPG_None_PointMaze_Medium_Diverse_GRDense-v3_15 - eval/avg_reward","DDPG_None_PointMaze_Medium_Diverse_GRDense-v3_15 - eval/avg_reward__MIN","DDPG_None_PointMaze_Medium_Diverse_GRDense-v3_15 - eval/avg_reward__MAX","DDPG_None_PointMaze_Medium_Diverse_GRDense-v3_14 - eval/avg_reward","DDPG_None_PointMaze_Medium_Diverse_GRDense-v3_14 - eval/avg_reward__MIN","DDPG_None_PointMaze_Medium_Diverse_GRDense-v3_14 - eval/avg_reward__MAX","DDPG_None_PointMaze_Medium_Diverse_GRDense-v3_13 - eval/avg_reward","DDPG_None_PointMaze_Medium_Diverse_GRDense-v3_13 - eval/avg_reward__MIN","DDPG_None_PointMaze_Medium_Diverse_GRDense-v3_13 - eval/avg_reward__MAX","DDPG_None_PointMaze_Medium_Diverse_GRDense-v3_12 - eval/avg_reward","DDPG_None_PointMaze_Medium_Diverse_GRDense-v3_12 - eval/avg_reward__MIN","DDPG_None_PointMaze_Medium_Diverse_GRDense-v3_12 - eval/avg_reward__MAX","DDPG_None_PointMaze_Medium_Diverse_GRDense-v3_11 - eval/avg_reward","DDPG_None_PointMaze_Medium_Diverse_GRDense-v3_11 - eval/avg_reward__MIN","DDPG_None_PointMaze_Medium_Diverse_GRDense-v3_11 - eval/avg_reward__MAX","DDPG_None_PointMaze_Medium_Diverse_GRDense-v3_10 - eval/avg_reward","DDPG_None_PointMaze_Medium_Diverse_GRDense-v3_10 - eval/avg_reward__MIN","DDPG_None_PointMaze_Medium_Diverse_GRDense-v3_10 - eval/avg_reward__MAX","DDPG_None_PointMaze_Medium_Diverse_GRDense-v3_1 - eval/avg_reward","DDPG_None_PointMaze_Medium_Diverse_GRDense-v3_1 - eval/avg_reward__MIN","DDPG_None_PointMaze_Medium_Diverse_GRDense-v3_1 - eval/avg_reward__MAX","DDPG_None_PointMaze_Medium_Diverse_GRDense-v3_0 - eval/avg_reward","DDPG_None_PointMaze_Medium_Diverse_GRDense-v3_0 - eval/avg_reward__MIN","DDPG_None_PointMaze_Medium_Diverse_GRDense-v3_0 - eval/avg_reward__MAX"
"0","16.904571961816224","16.904571961816224","16.904571961816224","15.160841528558166","15.160841528558166","15.160841528558166","32.6592604219548","32.6592604219548","32.6592604219548","5.947028825418684","5.947028825418684","5.947028825418684","2.703801478387442","2.703801478387442","2.703801478387442","13.965775817141246","13.965775817141246","13.965775817141246","6.821298997108269","6.821298997108269","6.821298997108269","4.72039470351001","4.72039470351001","4.72039470351001","29.172878014733726","29.172878014733726","29.172878014733726","27.24583534921381","27.24583534921381","27.24583534921381","5.619630381801967","5.619630381801967","5.619630381801967","28.96007106891208","28.96007106891208","28.96007106891208","14.57301815750123","14.57301815750123","14.57301815750123","17.14251665714746","17.14251665714746","17.14251665714746","8.417623172124847","8.417623172124847","8.417623172124847","2.69401140468639","2.69401140468639","2.69401140468639","7.87652273499525","7.87652273499525","7.87652273499525","22.088318770003934","22.088318770003934","22.088318770003934","4.331539589218139","4.331539589218139","4.331539589218139","2.9668786439004373","2.9668786439004373","2.9668786439004373"
"4000","3.8460308789167117","3.8460308789167117","3.8460308789167117","16.688955521558807","16.688955521558807","16.688955521558807","14.660590380600869","14.660590380600869","14.660590380600869","13.481025566114704","13.481025566114704","13.481025566114704","6.325757219949449","6.325757219949449","6.325757219949449","7.498459304832868","7.498459304832868","7.498459304832868","4.4578444324244915","4.4578444324244915","4.4578444324244915","8.300233999076159","8.300233999076159","8.300233999076159","19.58584706063224","19.58584706063224","19.58584706063224","22.760576817357364","22.760576817357364","22.760576817357364","0.9410030161498852","0.9410030161498852","0.9410030161498852","69.50574758783331","69.50574758783331","69.50574758783331","10.68299871537755","10.68299871537755","10.68299871537755","15.241611832733199","15.241611832733199","15.241611832733199","43.00019442989855","43.00019442989855","43.00019442989855","2.8897093932918816","2.8897093932918816","2.8897093932918816","7.79442842854522","7.79442842854522","7.79442842854522","25.856149131046323","25.856149131046323","25.856149131046323","2.466744021924876","2.466744021924876","2.466744021924876","3.337029946451449","3.337029946451449","3.337029946451449"
"8000","20.843636065754303","20.843636065754303","20.843636065754303","9.304005556856563","9.304005556856563","9.304005556856563","6.0856564914365165","6.0856564914365165","6.0856564914365165","11.019560040024874","11.019560040024874","11.019560040024874","6.662426261781344","6.662426261781344","6.662426261781344","7.496544893572302","7.496544893572302","7.496544893572302","22.891420145744316","22.891420145744316","22.891420145744316","6.890389184061495","6.890389184061495","6.890389184061495","29.400572493960823","29.400572493960823","29.400572493960823","21.462155619365255","21.462155619365255","21.462155619365255","1.4761295431417658","1.4761295431417658","1.4761295431417658","92.45614536867909","92.45614536867909","92.45614536867909","8.632441421054851","8.632441421054851","8.632441421054851","12.95721677530718","12.95721677530718","12.95721677530718","15.677522957483632","15.677522957483632","15.677522957483632","17.032785473013664","17.032785473013664","17.032785473013664","3.714496094833865","3.714496094833865","3.714496094833865","41.00967411994373","41.00967411994373","41.00967411994373","2.4635634392858328","2.4635634392858328","2.4635634392858328","2.370283726584958","2.370283726584958","2.370283726584958"
"12000","45.31094005563456","45.31094005563456","45.31094005563456","10.265883738085524","10.265883738085524","10.265883738085524","5.0904211459662845","5.0904211459662845","5.0904211459662845","13.266412272177874","13.266412272177874","13.266412272177874","8.458297042236833","8.458297042236833","8.458297042236833","41.65768118101521","41.65768118101521","41.65768118101521","44.03450443593874","44.03450443593874","44.03450443593874","7.32299197348083","7.32299197348083","7.32299197348083","49.46220711717628","49.46220711717628","49.46220711717628","22.17458149096385","22.17458149096385","22.17458149096385","3.61974134848725","3.61974134848725","3.61974134848725","9.631516581672704","9.631516581672704","9.631516581672704","8.447299678833648","8.447299678833648","8.447299678833648","52.738066299611475","52.738066299611475","52.738066299611475","15.66954272484602","15.66954272484602","15.66954272484602","2.843519602090951","2.843519602090951","2.843519602090951","10.403991822265146","10.403991822265146","10.403991822265146","67.99601165460624","67.99601165460624","67.99601165460624","2.491140180557789","2.491140180557789","2.491140180557789","2.382640154198469","2.382640154198469","2.382640154198469"
"16000","11.467640277013462","11.467640277013462","11.467640277013462","9.904302307143784","9.904302307143784","9.904302307143784","5.8820894966898685","5.8820894966898685","5.8820894966898685","48.61345694483727","48.61345694483727","48.61345694483727","10.282674905596469","10.282674905596469","10.282674905596469","41.90301165465415","41.90301165465415","41.90301165465415","27.213074955417632","27.213074955417632","27.213074955417632","10.636165237434676","10.636165237434676","10.636165237434676","49.46421268297889","49.46421268297889","49.46421268297889","22.089757250762016","22.089757250762016","22.089757250762016","4.460027912300552","4.460027912300552","4.460027912300552","4.937544926791904","4.937544926791904","4.937544926791904","5.699046751639955","5.699046751639955","5.699046751639955","50.76886438055596","50.76886438055596","50.76886438055596","18.286548658369234","18.286548658369234","18.286548658369234","3.4502464470883707","3.4502464470883707","3.4502464470883707","10.18377021705282","10.18377021705282","10.18377021705282","71.57592911127128","71.57592911127128","71.57592911127128","2.5540138094078406","2.5540138094078406","2.5540138094078406","3.2368608768071887","3.2368608768071887","3.2368608768071887"
"20000","42.72991891936493","42.72991891936493","42.72991891936493","10.479035765392982","10.479035765392982","10.479035765392982","4.3706823047215995","4.3706823047215995","4.3706823047215995","71.89402703690794","71.89402703690794","71.89402703690794","7.952987246098317","7.952987246098317","7.952987246098317","44.51357919881355","44.51357919881355","44.51357919881355","27.002800156494192","27.002800156494192","27.002800156494192","7.868950917787965","7.868950917787965","7.868950917787965","52.61059641487748","52.61059641487748","52.61059641487748","22.34768748375233","22.34768748375233","22.34768748375233","12.451603545020458","12.451603545020458","12.451603545020458","3.3361837256048403","3.3361837256048403","3.3361837256048403","11.79413869961352","11.79413869961352","11.79413869961352","4.334764501155054","4.334764501155054","4.334764501155054","16.593265571474138","16.593265571474138","16.593265571474138","10.480112845506621","10.480112845506621","10.480112845506621","18.453167671779415","18.453167671779415","18.453167671779415","58.92541090702328","58.92541090702328","58.92541090702328","2.5046142860680694","2.5046142860680694","2.5046142860680694","3.7539625904907643","3.7539625904907643","3.7539625904907643"
"24000","29.72282555717287","29.72282555717287","29.72282555717287","21.82310770670188","21.82310770670188","21.82310770670188","5.95170594555722","5.95170594555722","5.95170594555722","68.41897437407229","68.41897437407229","68.41897437407229","8.591187488974592","8.591187488974592","8.591187488974592","14.191335491953026","14.191335491953026","14.191335491953026","29.15278646161928","29.15278646161928","29.15278646161928","7.027268127531729","7.027268127531729","7.027268127531729","53.77177139510568","53.77177139510568","53.77177139510568","4.522784276660891","4.522784276660891","4.522784276660891","18.810727211770917","18.810727211770917","18.810727211770917","1.5332731645067563","1.5332731645067563","1.5332731645067563","20.695791972962883","20.695791972962883","20.695791972962883","11.328648213267963","11.328648213267963","11.328648213267963","39.73847632444348","39.73847632444348","39.73847632444348","10.59694175632436","10.59694175632436","10.59694175632436","5.545895619006641","5.545895619006641","5.545895619006641","60.04794859657485","60.04794859657485","60.04794859657485","2.5113110367104046","2.5113110367104046","2.5113110367104046","16.99844379849524","16.99844379849524","16.99844379849524"
"28000","64.64767452308357","64.64767452308357","64.64767452308357","30.63383005510341","30.63383005510341","30.63383005510341","14.37459288004776","14.37459288004776","14.37459288004776","91.0057172644623","91.0057172644623","91.0057172644623","42.16173833447092","42.16173833447092","42.16173833447092","37.00727225019381","37.00727225019381","37.00727225019381","57.13570697671237","57.13570697671237","57.13570697671237","15.132126734749704","15.132126734749704","15.132126734749704","56.45209083245352","56.45209083245352","56.45209083245352","6.356752613803567","6.356752613803567","6.356752613803567","40.55611384792108","40.55611384792108","40.55611384792108","6.851047278217915","6.851047278217915","6.851047278217915","19.217260753644485","19.217260753644485","19.217260753644485","15.17865395179609","15.17865395179609","15.17865395179609","62.64590796051764","62.64590796051764","62.64590796051764","14.484651889937458","14.484651889937458","14.484651889937458","7.004658742893443","7.004658742893443","7.004658742893443","82.33964769854015","82.33964769854015","82.33964769854015","2.891910767742254","2.891910767742254","2.891910767742254","8.202471856341242","8.202471856341242","8.202471856341242"
"32000","55.42199852535184","55.42199852535184","55.42199852535184","24.47214013675225","24.47214013675225","24.47214013675225","14.540254118019813","14.540254118019813","14.540254118019813","93.70724649122535","93.70724649122535","93.70724649122535","55.926065972838046","55.926065972838046","55.926065972838046","10.47124047663415","10.47124047663415","10.47124047663415","42.15178364842568","42.15178364842568","42.15178364842568","16.707937880568046","16.707937880568046","16.707937880568046","58.017182295995646","58.017182295995646","58.017182295995646","6.430866140175358","6.430866140175358","6.430866140175358","16.24698508110471","16.24698508110471","16.24698508110471","6.739696373033683","6.739696373033683","6.739696373033683","19.71646700820748","19.71646700820748","19.71646700820748","36.389621023215376","36.389621023215376","36.389621023215376","65.84904217248473","65.84904217248473","65.84904217248473","16.44392488093035","16.44392488093035","16.44392488093035","39.61352768552928","39.61352768552928","39.61352768552928","98.17847972681672","98.17847972681672","98.17847972681672","2.792693038394732","2.792693038394732","2.792693038394732","6.525232314837625","6.525232314837625","6.525232314837625"
"36000","55.29422248805945","55.29422248805945","55.29422248805945","20.74241754154595","20.74241754154595","20.74241754154595","15.915484801026434","15.915484801026434","15.915484801026434","89.78089065852157","89.78089065852157","89.78089065852157","38.19112624063446","38.19112624063446","38.19112624063446","13.897033310954189","13.897033310954189","13.897033310954189","36.25238873869161","36.25238873869161","36.25238873869161","16.50428615216361","16.50428615216361","16.50428615216361","61.737976098655814","61.737976098655814","61.737976098655814","24.474214327982384","24.474214327982384","24.474214327982384","2.4156426930463244","2.4156426930463244","2.4156426930463244","5.858182950782822","5.858182950782822","5.858182950782822","16.87727410197333","16.87727410197333","16.87727410197333","99.52066028080932","99.52066028080932","99.52066028080932","51.66517409372629","51.66517409372629","51.66517409372629","18.319196404171358","18.319196404171358","18.319196404171358","20.81301869420379","20.81301869420379","20.81301869420379","99.88822282916375","99.88822282916375","99.88822282916375","3.030859873921241","3.030859873921241","3.030859873921241","7.698800638113822","7.698800638113822","7.698800638113822"
"40000","35.17347802582646","35.17347802582646","35.17347802582646","23.652313379185205","23.652313379185205","23.652313379185205","16.142163593158184","16.142163593158184","16.142163593158184","94.20429549117075","94.20429549117075","94.20429549117075","55.19746391907887","55.19746391907887","55.19746391907887","13.728918444465677","13.728918444465677","13.728918444465677","31.683516353652596","31.683516353652596","31.683516353652596","16.837528520909423","16.837528520909423","16.837528520909423","59.87557362744783","59.87557362744783","59.87557362744783","24.56429844984127","24.56429844984127","24.56429844984127","9.465704428659219","9.465704428659219","9.465704428659219","8.30289571487289","8.30289571487289","8.30289571487289","11.941216717685617","11.941216717685617","11.941216717685617","65.93001151325335","65.93001151325335","65.93001151325335","58.45990266857857","58.45990266857857","58.45990266857857","29.3342354895085","29.3342354895085","29.3342354895085","6.311971139423763","6.311971139423763","6.311971139423763","97.27421896193134","97.27421896193134","97.27421896193134","2.8172681347555857","2.8172681347555857","2.8172681347555857","8.084345291039659","8.084345291039659","8.084345291039659"
"44000","34.98996610054013","34.98996610054013","34.98996610054013","25.148362520990094","25.148362520990094","25.148362520990094","50.55944374556098","50.55944374556098","50.55944374556098","94.65497926618565","94.65497926618565","94.65497926618565","55.021776646103135","55.021776646103135","55.021776646103135","13.408639993117442","13.408639993117442","13.408639993117442","60.628197671415386","60.628197671415386","60.628197671415386","16.807719063451742","16.807719063451742","16.807719063451742","59.3433139563038","59.3433139563038","59.3433139563038","24.858957688641564","24.858957688641564","24.858957688641564","45.23296895747457","45.23296895747457","45.23296895747457","5.086546997276888","5.086546997276888","5.086546997276888","5.6079671713556225","5.6079671713556225","5.6079671713556225","103.49522541989663","103.49522541989663","103.49522541989663","37.55150510598959","37.55150510598959","37.55150510598959","34.340134330401476","34.340134330401476","34.340134330401476","14.340226887707715","14.340226887707715","14.340226887707715","96.082615607979","96.082615607979","96.082615607979","2.617036264907459","2.617036264907459","2.617036264907459","8.846497049226098","8.846497049226098","8.846497049226098"
"48000","43.3930210567654","43.3930210567654","43.3930210567654","30.02108489070369","30.02108489070369","30.02108489070369","40.35062757852898","40.35062757852898","40.35062757852898","89.82692516158548","89.82692516158548","89.82692516158548","55.68126999119245","55.68126999119245","55.68126999119245","12.940518215394366","12.940518215394366","12.940518215394366","59.77404142490739","59.77404142490739","59.77404142490739","17.09858816905497","17.09858816905497","17.09858816905497","57.14722430611728","57.14722430611728","57.14722430611728","24.673463127286077","24.673463127286077","24.673463127286077","41.64332465422833","41.64332465422833","41.64332465422833","6.755530524452729","6.755530524452729","6.755530524452729","6.714921803099726","6.714921803099726","6.714921803099726","99.66432981636514","99.66432981636514","99.66432981636514","36.14301118017963","36.14301118017963","36.14301118017963","120.9911288169928","120.9911288169928","120.9911288169928","5.953285351750419","5.953285351750419","5.953285351750419","97.67816801066141","97.67816801066141","97.67816801066141","2.8768235638581197","2.8768235638581197","2.8768235638581197","5.642243645697012","5.642243645697012","5.642243645697012"
"52000","52.60103927328313","52.60103927328313","52.60103927328313","31.831455342940092","31.831455342940092","31.831455342940092","45.051943015191206","45.051943015191206","45.051943015191206","90.6441969751203","90.6441969751203","90.6441969751203","52.865947449006136","52.865947449006136","52.865947449006136","12.941533489733018","12.941533489733018","12.941533489733018","59.30667152892611","59.30667152892611","59.30667152892611","16.242727602347472","16.242727602347472","16.242727602347472","40.401729004186635","40.401729004186635","40.401729004186635","39.03323681321486","39.03323681321486","39.03323681321486","21.84319260909383","21.84319260909383","21.84319260909383","6.636927479929199","6.636927479929199","6.636927479929199","7.985627805030515","7.985627805030515","7.985627805030515","108.6973195836172","108.6973195836172","108.6973195836172","46.49355367983658","46.49355367983658","46.49355367983658","81.40057035153109","81.40057035153109","81.40057035153109","6.521746609808441","6.521746609808441","6.521746609808441","91.88034585470115","91.88034585470115","91.88034585470115","6.362516559389701","6.362516559389701","6.362516559389701","8.443858194538944","8.443858194538944","8.443858194538944"
"56000","56.598560445582315","56.598560445582315","56.598560445582315","34.55989757170197","34.55989757170197","34.55989757170197","17.07998670802176","17.07998670802176","17.07998670802176","96.16212320824191","96.16212320824191","96.16212320824191","50.47540166103224","50.47540166103224","50.47540166103224","12.936739558553537","12.936739558553537","12.936739558553537","85.159856311021","85.159856311021","85.159856311021","22.498498084778515","22.498498084778515","22.498498084778515","39.42402553964629","39.42402553964629","39.42402553964629","28.230312784439672","28.230312784439672","28.230312784439672","11.93711312908969","11.93711312908969","11.93711312908969","69.58824954976137","69.58824954976137","69.58824954976137","11.762125557791544","11.762125557791544","11.762125557791544","120.64990452419826","120.64990452419826","120.64990452419826","65.4118776472377","65.4118776472377","65.4118776472377","80.0658414837487","80.0658414837487","80.0658414837487","6.678193648805151","6.678193648805151","6.678193648805151","99.2419932903051","99.2419932903051","99.2419932903051","8.139163989944297","8.139163989944297","8.139163989944297","18.544848262025845","18.544848262025845","18.544848262025845"
"60000","57.53559210897828","57.53559210897828","57.53559210897828","48.983296750926435","48.983296750926435","48.983296750926435","23.76390639858203","23.76390639858203","23.76390639858203","97.7831179260148","97.7831179260148","97.7831179260148","46.04754843720941","46.04754843720941","46.04754843720941","12.951052216513375","12.951052216513375","12.951052216513375","77.25094426816722","77.25094426816722","77.25094426816722","16.63919979895082","16.63919979895082","16.63919979895082","57.88219607037612","57.88219607037612","57.88219607037612","25.153114444831765","25.153114444831765","25.153114444831765","51.20007684872421","51.20007684872421","51.20007684872421","72.98971099611649","72.98971099611649","72.98971099611649","13.70128505785373","13.70128505785373","13.70128505785373","79.60916282804588","79.60916282804588","79.60916282804588","48.857445752044825","48.857445752044825","48.857445752044825","34.82240378459282","34.82240378459282","34.82240378459282","6.666119440144333","6.666119440144333","6.666119440144333","93.35722334498459","93.35722334498459","93.35722334498459","7.7242871736314545","7.7242871736314545","7.7242871736314545","10.869192742953597","10.869192742953597","10.869192742953597"
"64000","44.402206152578046","44.402206152578046","44.402206152578046","55.78781103220501","55.78781103220501","55.78781103220501","25.391915673066432","25.391915673066432","25.391915673066432","96.41338395051693","96.41338395051693","96.41338395051693","35.69992075077725","35.69992075077725","35.69992075077725","12.954131834188564","12.954131834188564","12.954131834188564","98.14646330712091","98.14646330712091","98.14646330712091","22.512274434584047","22.512274434584047","22.512274434584047","33.7435413469275","33.7435413469275","33.7435413469275","7.145020411620068","7.145020411620068","7.145020411620068","21.470492925990648","21.470492925990648","21.470492925990648","53.31249481200729","53.31249481200729","53.31249481200729","14.03618886658802","14.03618886658802","14.03618886658802","48.11983535096633","48.11983535096633","48.11983535096633","56.79818936345863","56.79818936345863","56.79818936345863","37.40163818881422","37.40163818881422","37.40163818881422","6.635869308870023","6.635869308870023","6.635869308870023","49.08973215550022","49.08973215550022","49.08973215550022","7.693480705379092","7.693480705379092","7.693480705379092","22.4146510550265","22.4146510550265","22.4146510550265"
"68000","37.82747340387168","37.82747340387168","37.82747340387168","33.696499790147186","33.696499790147186","33.696499790147186","24.958528239635275","24.958528239635275","24.958528239635275","92.36573613366349","92.36573613366349","92.36573613366349","28.254105396787374","28.254105396787374","28.254105396787374","8.108987322580104","8.108987322580104","8.108987322580104","118.71311749677663","118.71311749677663","118.71311749677663","22.483376271609043","22.483376271609043","22.483376271609043","55.81300780217632","55.81300780217632","55.81300780217632","10.141236677417345","10.141236677417345","10.141236677417345","43.837769963471295","43.837769963471295","43.837769963471295","28.738659344342075","28.738659344342075","28.738659344342075","14.117690253853079","14.117690253853079","14.117690253853079","34.29620880070251","34.29620880070251","34.29620880070251","29.38611972222335","29.38611972222335","29.38611972222335","37.099379442840565","37.099379442840565","37.099379442840565","32.63993110771081","32.63993110771081","32.63993110771081","82.92231912856141","82.92231912856141","82.92231912856141","8.164636713461647","8.164636713461647","8.164636713461647","23.041698067833465","23.041698067833465","23.041698067833465"
"72000","34.894226504100835","34.894226504100835","34.894226504100835","25.90479556943087","25.90479556943087","25.90479556943087","26.95516400560636","26.95516400560636","26.95516400560636","95.30236115802991","95.30236115802991","95.30236115802991","29.09826222018657","29.09826222018657","29.09826222018657","7.807861325396354","7.807861325396354","7.807861325396354","108.46280366420433","108.46280366420433","108.46280366420433","21.121755769757318","21.121755769757318","21.121755769757318","48.16822820714618","48.16822820714618","48.16822820714618","26.317880147100755","26.317880147100755","26.317880147100755","43.59250138799493","43.59250138799493","43.59250138799493","2.1457180484347487","2.1457180484347487","2.1457180484347487","15.31116376959552","15.31116376959552","15.31116376959552","57.92414251526425","57.92414251526425","57.92414251526425","52.37462155034474","52.37462155034474","52.37462155034474","36.59360281270521","36.59360281270521","36.59360281270521","29.61991736764184","29.61991736764184","29.61991736764184","97.1922224431135","97.1922224431135","97.1922224431135","13.419046127869013","13.419046127869013","13.419046127869013","32.12723258729419","32.12723258729419","32.12723258729419"
"76000","34.25091525055944","34.25091525055944","34.25091525055944","43.82199246933921","43.82199246933921","43.82199246933921","30.37940154269031","30.37940154269031","30.37940154269031","93.89205001344232","93.89205001344232","93.89205001344232","13.670637400937355","13.670637400937355","13.670637400937355","8.07427949119003","8.07427949119003","8.07427949119003","73.27373386615201","73.27373386615201","73.27373386615201","25.364673700083706","25.364673700083706","25.364673700083706","66.15844728609093","66.15844728609093","66.15844728609093","51.60152027576108","51.60152027576108","51.60152027576108","40.674613204651095","40.674613204651095","40.674613204651095","2.2278519039522435","2.2278519039522435","2.2278519039522435","17.645557290535038","17.645557290535038","17.645557290535038","93.70637906915329","93.70637906915329","93.70637906915329","11.003211227327224","11.003211227327224","11.003211227327224","37.18277191490895","37.18277191490895","37.18277191490895","30.222065657972887","30.222065657972887","30.222065657972887","95.53650624987733","95.53650624987733","95.53650624987733","7.527646980868171","7.527646980868171","7.527646980868171","31.73208887385046","31.73208887385046","31.73208887385046"
"80000","48.775178043204264","48.775178043204264","48.775178043204264","48.00881574535601","48.00881574535601","48.00881574535601","37.92593953916722","37.92593953916722","37.92593953916722","98.56507679630047","98.56507679630047","98.56507679630047","22.302130116162687","22.302130116162687","22.302130116162687","8.771608582788158","8.771608582788158","8.771608582788158","54.47008001987429","54.47008001987429","54.47008001987429","25.564898897779063","25.564898897779063","25.564898897779063","64.95661024844848","64.95661024844848","64.95661024844848","56.593536066437096","56.593536066437096","56.593536066437096","113.55972705492312","113.55972705492312","113.55972705492312","2.050623762386313","2.050623762386313","2.050623762386313","18.829788007078836","18.829788007078836","18.829788007078836","82.16355413760239","82.16355413760239","82.16355413760239","7.917868978496368","7.917868978496368","7.917868978496368","37.58569595511993","37.58569595511993","37.58569595511993","9.646967723439015","9.646967723439015","9.646967723439015","95.86940993511946","95.86940993511946","95.86940993511946","8.305727117278094","8.305727117278094","8.305727117278094","31.85561319590671","31.85561319590671","31.85561319590671"
"84000","54.62287582846501","54.62287582846501","54.62287582846501","43.68173944461635","43.68173944461635","43.68173944461635","38.140718790261644","38.140718790261644","38.140718790261644","88.4252253201604","88.4252253201604","88.4252253201604","19.481661596042507","19.481661596042507","19.481661596042507","14.49868644265373","14.49868644265373","14.49868644265373","51.808859031985364","51.808859031985364","51.808859031985364","38.84302941243992","38.84302941243992","38.84302941243992","94.18451410384704","94.18451410384704","94.18451410384704","43.73155664257625","43.73155664257625","43.73155664257625","101.37184093881592","101.37184093881592","101.37184093881592","2.233688965196772","2.233688965196772","2.233688965196772","22.225370615640152","22.225370615640152","22.225370615640152","59.47603809050194","59.47603809050194","59.47603809050194","7.893885695775621","7.893885695775621","7.893885695775621","38.7298910858894","38.7298910858894","38.7298910858894","10.148077105747307","10.148077105747307","10.148077105747307","96.1392809234344","96.1392809234344","96.1392809234344","7.605317892154892","7.605317892154892","7.605317892154892","59.94915754595115","59.94915754595115","59.94915754595115"
"88000","81.87738036595897","81.87738036595897","81.87738036595897","45.87785687770204","45.87785687770204","45.87785687770204","56.3228648359112","56.3228648359112","56.3228648359112","93.73483010762303","93.73483010762303","93.73483010762303","23.00731850823022","23.00731850823022","23.00731850823022","14.288740701816403","14.288740701816403","14.288740701816403","83.30415637135458","83.30415637135458","83.30415637135458","37.59087244994622","37.59087244994622","37.59087244994622","47.481094075936745","47.481094075936745","47.481094075936745","43.29730333138163","43.29730333138163","43.29730333138163","121.15107346564191","121.15107346564191","121.15107346564191","2.35986571514159","2.35986571514159","2.35986571514159","21.779566385381923","21.779566385381923","21.779566385381923","69.3153494996231","69.3153494996231","69.3153494996231","8.52534330446494","8.52534330446494","8.52534330446494","40.582401429993936","40.582401429993936","40.582401429993936","8.172858354309575","8.172858354309575","8.172858354309575","97.63831541673032","97.63831541673032","97.63831541673032","9.426600658273289","9.426600658273289","9.426600658273289","32.24710266024089","32.24710266024089","32.24710266024089"
"92000","80.35335578158282","80.35335578158282","80.35335578158282","66.51484286162652","66.51484286162652","66.51484286162652","57.25060431518743","57.25060431518743","57.25060431518743","96.42164701886023","96.42164701886023","96.42164701886023","34.99566174427031","34.99566174427031","34.99566174427031","14.330055302357257","14.330055302357257","14.330055302357257","94.37154761153008","94.37154761153008","94.37154761153008","24.63942097480835","24.63942097480835","24.63942097480835","44.94692882328495","44.94692882328495","44.94692882328495","74.90716004879482","74.90716004879482","74.90716004879482","121.45252146896591","121.45252146896591","121.45252146896591","2.118091698731582","2.118091698731582","2.118091698731582","21.166205095458007","21.166205095458007","21.166205095458007","70.19967613993684","70.19967613993684","70.19967613993684","8.47451163847547","8.47451163847547","8.47451163847547","41.887704264119215","41.887704264119215","41.887704264119215","8.255979915119626","8.255979915119626","8.255979915119626","121.21277850597357","121.21277850597357","121.21277850597357","8.513960082286234","8.513960082286234","8.513960082286234","31.860886130601223","31.860886130601223","31.860886130601223"
"96000","80.40941118298204","80.40941118298204","80.40941118298204","45.68370811079248","45.68370811079248","45.68370811079248","47.45361888785526","47.45361888785526","47.45361888785526","82.03427264699754","82.03427264699754","82.03427264699754","46.38631004924845","46.38631004924845","46.38631004924845","14.120472244853758","14.120472244853758","14.120472244853758","110.2795873364865","110.2795873364865","110.2795873364865","46.996933197827225","46.996933197827225","46.996933197827225","62.15405550008379","62.15405550008379","62.15405550008379","49.43145518708874","49.43145518708874","49.43145518708874","125.97029847145686","125.97029847145686","125.97029847145686","2.026783981570914","2.026783981570914","2.026783981570914","32.762326896861516","32.762326896861516","32.762326896861516","74.22955301922731","74.22955301922731","74.22955301922731","7.788103557423357","7.788103557423357","7.788103557423357","45.19860094427021","45.19860094427021","45.19860094427021","32.059998768166146","32.059998768166146","32.059998768166146","122.14522787930942","122.14522787930942","122.14522787930942","8.750690179469794","8.750690179469794","8.750690179469794","33.64213296282908","33.64213296282908","33.64213296282908"
"100000","108.57133068687926","108.57133068687926","108.57133068687926","31.457159223506903","31.457159223506903","31.457159223506903","66.07414629932843","66.07414629932843","66.07414629932843","79.83653340974877","79.83653340974877","79.83653340974877","109.94241072801488","109.94241072801488","109.94241072801488","14.833901964764078","14.833901964764078","14.833901964764078","110.79376593213888","110.79376593213888","110.79376593213888","48.20955673341864","48.20955673341864","48.20955673341864","44.722363083825044","44.722363083825044","44.722363083825044","46.17082544207684","46.17082544207684","46.17082544207684","139.3291992741901","139.3291992741901","139.3291992741901","2.246422341068277","2.246422341068277","2.246422341068277","62.04602473950139","62.04602473950139","62.04602473950139","71.99551990364066","71.99551990364066","71.99551990364066","9.107513134011077","9.107513134011077","9.107513134011077","45.468150596840566","45.468150596840566","45.468150596840566","29.846048394651497","29.846048394651497","29.846048394651497","125.99485746412384","125.99485746412384","125.99485746412384","8.30085235311596","8.30085235311596","8.30085235311596","30.42040521535939","30.42040521535939","30.42040521535939"
"104000","80.01567305700883","80.01567305700883","80.01567305700883","15.21244291314147","15.21244291314147","15.21244291314147","79.6463223019731","79.6463223019731","79.6463223019731","92.27744649742274","92.27744649742274","92.27744649742274","108.28884487696273","108.28884487696273","108.28884487696273","51.98270429415895","51.98270429415895","51.98270429415895","115.74028754242258","115.74028754242258","115.74028754242258","42.38902967043999","42.38902967043999","42.38902967043999","45.649187108276955","45.649187108276955","45.649187108276955","39.413873550094586","39.413873550094586","39.413873550094586","143.10592934607328","143.10592934607328","143.10592934607328","2.1791330677377503","2.1791330677377503","2.1791330677377503","53.97269403868479","53.97269403868479","53.97269403868479","58.47298136712802","58.47298136712802","58.47298136712802","9.169131426198092","9.169131426198092","9.169131426198092","44.85958813728851","44.85958813728851","44.85958813728851","33.39669913785474","33.39669913785474","33.39669913785474","124.91312122660909","124.91312122660909","124.91312122660909","5.443820546295043","5.443820546295043","5.443820546295043","30.289518615161178","30.289518615161178","30.289518615161178"
"108000","76.62355410899245","76.62355410899245","76.62355410899245","12.28115324053061","12.28115324053061","12.28115324053061","78.66289764788343","78.66289764788343","78.66289764788343","42.77819265394136","42.77819265394136","42.77819265394136","108.76079262005433","108.76079262005433","108.76079262005433","51.98818402098591","51.98818402098591","51.98818402098591","112.3023278903371","112.3023278903371","112.3023278903371","36.048032451567536","36.048032451567536","36.048032451567536","46.97946727902163","46.97946727902163","46.97946727902163","67.10829316116015","67.10829316116015","67.10829316116015","145.37254290285767","145.37254290285767","145.37254290285767","2.2971180228766572","2.2971180228766572","2.2971180228766572","23.710477176365323","23.710477176365323","23.710477176365323","31.03069132465585","31.03069132465585","31.03069132465585","4.888140125215381","4.888140125215381","4.888140125215381","137.2635793256022","137.2635793256022","137.2635793256022","32.445042785487615","32.445042785487615","32.445042785487615","121.3114512370418","121.3114512370418","121.3114512370418","5.639681574758005","5.639681574758005","5.639681574758005","35.10991145775377","35.10991145775377","35.10991145775377"
"112000","78.46921397825551","78.46921397825551","78.46921397825551","14.186616471017476","14.186616471017476","14.186616471017476","82.28380104627547","82.28380104627547","82.28380104627547","42.36283181731918","42.36283181731918","42.36283181731918","107.94668293472053","107.94668293472053","107.94668293472053","45.711205913633734","45.711205913633734","45.711205913633734","77.5289920730994","77.5289920730994","77.5289920730994","46.46573401060022","46.46573401060022","46.46573401060022","58.22231348043421","58.22231348043421","58.22231348043421","67.0413555912817","67.0413555912817","67.0413555912817","47.61348164683595","47.61348164683595","47.61348164683595","2.118484589328114","2.118484589328114","2.118484589328114","23.65771702805663","23.65771702805663","23.65771702805663","32.00772321193476","32.00772321193476","32.00772321193476","21.275734593318568","21.275734593318568","21.275734593318568","93.09045415076238","93.09045415076238","93.09045415076238","34.08780910856917","34.08780910856917","34.08780910856917","123.16326212200752","123.16326212200752","123.16326212200752","5.03193311921626","5.03193311921626","5.03193311921626","54.437788311971715","54.437788311971715","54.437788311971715"
"116000","78.92472601305812","78.92472601305812","78.92472601305812","46.593199265397345","46.593199265397345","46.593199265397345","81.81618463107019","81.81618463107019","81.81618463107019","86.96708029347917","86.96708029347917","86.96708029347917","111.13826806590222","111.13826806590222","111.13826806590222","47.79183044360827","47.79183044360827","47.79183044360827","123.85644908792722","123.85644908792722","123.85644908792722","50.90388228618464","50.90388228618464","50.90388228618464","14.505694206088155","14.505694206088155","14.505694206088155","74.52536712670154","74.52536712670154","74.52536712670154","5.079844082681549","5.079844082681549","5.079844082681549","2.352110251945459","2.352110251945459","2.352110251945459","23.22207815855825","23.22207815855825","23.22207815855825","31.868503231622412","31.868503231622412","31.868503231622412","22.110139786381453","22.110139786381453","22.110139786381453","95.39390201652978","95.39390201652978","95.39390201652978","36.07434424625897","36.07434424625897","36.07434424625897","128.92210619836743","128.92210619836743","128.92210619836743","5.399657480882871","5.399657480882871","5.399657480882871","75.30582790521608","75.30582790521608","75.30582790521608"
"120000","76.65542085445","76.65542085445","76.65542085445","58.894480245283944","58.894480245283944","58.894480245283944","63.935511322915865","63.935511322915865","63.935511322915865","44.923368568687025","44.923368568687025","44.923368568687025","118.25848578683076","118.25848578683076","118.25848578683076","31.881185460319575","31.881185460319575","31.881185460319575","127.8159811270398","127.8159811270398","127.8159811270398","29.009231958242346","29.009231958242346","29.009231958242346","12.160438769229957","12.160438769229957","12.160438769229957","77.09787490910523","77.09787490910523","77.09787490910523","12.677336981616861","12.677336981616861","12.677336981616861","4.121408081579169","4.121408081579169","4.121408081579169","28.023209313874737","28.023209313874737","28.023209313874737","31.723244419851188","31.723244419851188","31.723244419851188","14.010094138171084","14.010094138171084","14.010094138171084","93.80016203801438","93.80016203801438","93.80016203801438","40.28687332990829","40.28687332990829","40.28687332990829","125.64504753845961","125.64504753845961","125.64504753845961","4.817993093992085","4.817993093992085","4.817993093992085","60.907410251501574","60.907410251501574","60.907410251501574"
"124000","78.33017282656337","78.33017282656337","78.33017282656337","57.97664398337226","57.97664398337226","57.97664398337226","88.9710083282529","88.9710083282529","88.9710083282529","54.71019081452583","54.71019081452583","54.71019081452583","119.48551237924998","119.48551237924998","119.48551237924998","46.75787201484809","46.75787201484809","46.75787201484809","123.64409712027323","123.64409712027323","123.64409712027323","26.978874921043126","26.978874921043126","26.978874921043126","56.323341460286784","56.323341460286784","56.323341460286784","76.89182559337087","76.89182559337087","76.89182559337087","4.928576260032127","4.928576260032127","4.928576260032127","33.748591257929846","33.748591257929846","33.748591257929846","32.09012574628922","32.09012574628922","32.09012574628922","70.98753411365516","70.98753411365516","70.98753411365516","12.629985671148237","12.629985671148237","12.629985671148237","91.51450579835","91.51450579835","91.51450579835","40.696993000468396","40.696993000468396","40.696993000468396","122.71053913217705","122.71053913217705","122.71053913217705","3.7040096595888983","3.7040096595888983","3.7040096595888983","61.714630883801554","61.714630883801554","61.714630883801554"
"128000","78.48711769484608","78.48711769484608","78.48711769484608","56.43474684758318","56.43474684758318","56.43474684758318","69.05758604581015","69.05758604581015","69.05758604581015","55.42066658506862","55.42066658506862","55.42066658506862","120.06787301047595","120.06787301047595","120.06787301047595","14.052715988037559","14.052715988037559","14.052715988037559","88.40932378162704","88.40932378162704","88.40932378162704","27.112696295476088","27.112696295476088","27.112696295476088","80.69197364918692","80.69197364918692","80.69197364918692","43.37929531820696","43.37929531820696","43.37929531820696","5.198429402636533","5.198429402636533","5.198429402636533","1.7777318313439732","1.7777318313439732","1.7777318313439732","53.02779086099939","53.02779086099939","53.02779086099939","63.671471273817154","63.671471273817154","63.671471273817154","9.61654081376803","9.61654081376803","9.61654081376803","86.91860190678277","86.91860190678277","86.91860190678277","42.879685238616595","42.879685238616595","42.879685238616595","124.31148427056863","124.31148427056863","124.31148427056863","4.041401147486856","4.041401147486856","4.041401147486856","61.938656032251174","61.938656032251174","61.938656032251174"
"132000","78.07558793779472","78.07558793779472","78.07558793779472","55.73784179664231","55.73784179664231","55.73784179664231","99.798892624197","99.798892624197","99.798892624197","54.530545522109875","54.530545522109875","54.530545522109875","66.28500328394563","66.28500328394563","66.28500328394563","51.1678959616893","51.1678959616893","51.1678959616893","134.12552303782368","134.12552303782368","134.12552303782368","28.700515765256842","28.700515765256842","28.700515765256842","90.61763925957173","90.61763925957173","90.61763925957173","38.87945984588359","38.87945984588359","38.87945984588359","5.230666411966068","5.230666411966068","5.230666411966068","1.814480468306862","1.814480468306862","1.814480468306862","55.6947788533408","55.6947788533408","55.6947788533408","81.7813465718788","81.7813465718788","81.7813465718788","9.40529554223868","9.40529554223868","9.40529554223868","86.02302319440896","86.02302319440896","86.02302319440896","43.87081769049435","43.87081769049435","43.87081769049435","124.06635245509888","124.06635245509888","124.06635245509888","7.054940634391701","7.054940634391701","7.054940634391701","68.70522726283602","68.70522726283602","68.70522726283602"
"136000","78.77687584583859","78.77687584583859","78.77687584583859","57.64769460532683","57.64769460532683","57.64769460532683","71.3687111983087","71.3687111983087","71.3687111983087","53.3254753783787","53.3254753783787","53.3254753783787","124.31372503133173","124.31372503133173","124.31372503133173","53.28758756379489","53.28758756379489","53.28758756379489","128.6569864397317","128.6569864397317","128.6569864397317","25.702883701032807","25.702883701032807","25.702883701032807","129.0361780171079","129.0361780171079","129.0361780171079","60.23978599070476","60.23978599070476","60.23978599070476","5.2438985589526625","5.2438985589526625","5.2438985589526625","2.6109505336164154","2.6109505336164154","2.6109505336164154","54.19982394214715","54.19982394214715","54.19982394214715","78.34549754175089","78.34549754175089","78.34549754175089","9.307153144392032","9.307153144392032","9.307153144392032","37.9516797595403","37.9516797595403","37.9516797595403","45.312445135884374","45.312445135884374","45.312445135884374","128.96170115987223","128.96170115987223","128.96170115987223","3.910986941023353","3.910986941023353","3.910986941023353","66.7313907230911","66.7313907230911","66.7313907230911"
"140000","79.80435811561793","79.80435811561793","79.80435811561793","68.12055738767035","68.12055738767035","68.12055738767035","92.14102291796256","92.14102291796256","92.14102291796256","56.4664198231147","56.4664198231147","56.4664198231147","112.56742738317973","112.56742738317973","112.56742738317973","55.12422237561947","55.12422237561947","55.12422237561947","135.82150005468225","135.82150005468225","135.82150005468225","22.57900711042558","22.57900711042558","22.57900711042558","87.24849128198116","87.24849128198116","87.24849128198116","61.91734021499165","61.91734021499165","61.91734021499165","5.271285897229619","5.271285897229619","5.271285897229619","2.618063051696761","2.618063051696761","2.618063051696761","46.707527097226325","46.707527097226325","46.707527097226325","103.70940043053695","103.70940043053695","103.70940043053695","8.56025528276574","8.56025528276574","8.56025528276574","109.29599470942708","109.29599470942708","109.29599470942708","45.474264152018435","45.474264152018435","45.474264152018435","106.88973950629516","106.88973950629516","106.88973950629516","7.693849037320868","7.693849037320868","7.693849037320868","69.71698648713141","69.71698648713141","69.71698648713141"
"144000","79.3470941982346","79.3470941982346","79.3470941982346","62.65214278663043","62.65214278663043","62.65214278663043","103.94755576455236","103.94755576455236","103.94755576455236","17.546138961960633","17.546138961960633","17.546138961960633","73.18458325042947","73.18458325042947","73.18458325042947","36.37392755111573","36.37392755111573","36.37392755111573","134.73998315598416","134.73998315598416","134.73998315598416","24.612298867538186","24.612298867538186","24.612298867538186","130.69496559814854","130.69496559814854","130.69496559814854","88.22769460365986","88.22769460365986","88.22769460365986","5.263595342138471","5.263595342138471","5.263595342138471","2.912151810857833","2.912151810857833","2.912151810857833","75.6901263046909","75.6901263046909","75.6901263046909","71.02270842535006","71.02270842535006","71.02270842535006","8.941586946528224","8.941586946528224","8.941586946528224","37.75803874090006","37.75803874090006","37.75803874090006","59.062107314067156","59.062107314067156","59.062107314067156","114.40403539147057","114.40403539147057","114.40403539147057","3.8273606272832494","3.8273606272832494","3.8273606272832494","164.43532042035216","164.43532042035216","164.43532042035216"
"148000","54.217777172886734","54.217777172886734","54.217777172886734","64.26129014639598","64.26129014639598","64.26129014639598","108.21059512824607","108.21059512824607","108.21059512824607","43.82308438209952","43.82308438209952","43.82308438209952","61.80055508890344","61.80055508890344","61.80055508890344","50.11506439371032","50.11506439371032","50.11506439371032","136.11060807666462","136.11060807666462","136.11060807666462","46.16285499962486","46.16285499962486","46.16285499962486","103.73366529886786","103.73366529886786","103.73366529886786","109.43743746011096","109.43743746011096","109.43743746011096","5.272411937436443","5.272411937436443","5.272411937436443","2.9171735313458362","2.9171735313458362","2.9171735313458362","44.35226939067964","44.35226939067964","44.35226939067964","72.29085789158998","72.29085789158998","72.29085789158998","10.167079932221627","10.167079932221627","10.167079932221627","59.61232011802836","59.61232011802836","59.61232011802836","58.98650773015341","58.98650773015341","58.98650773015341","115.38861705864338","115.38861705864338","115.38861705864338","3.4133279314878324","3.4133279314878324","3.4133279314878324","164.6468961198317","164.6468961198317","164.6468961198317"
"152000","87.13413759401683","87.13413759401683","87.13413759401683","76.9716705451532","76.9716705451532","76.9716705451532","108.58337172610648","108.58337172610648","108.58337172610648","41.40229746687416","41.40229746687416","41.40229746687416","60.00515894422142","60.00515894422142","60.00515894422142","55.31587185150431","55.31587185150431","55.31587185150431","135.13326864113247","135.13326864113247","135.13326864113247","44.184013701615356","44.184013701615356","44.184013701615356","101.14103283157883","101.14103283157883","101.14103283157883","129.51093092194196","129.51093092194196","129.51093092194196","5.267658581228265","5.267658581228265","5.267658581228265","5.492739396497283","5.492739396497283","5.492739396497283","50.40860693421464","50.40860693421464","50.40860693421464","74.09423084410363","74.09423084410363","74.09423084410363","57.48909240557556","57.48909240557556","57.48909240557556","127.40549095740398","127.40549095740398","127.40549095740398","59.005684150181956","59.005684150181956","59.005684150181956","115.51676914702061","115.51676914702061","115.51676914702061","7.376354468769543","7.376354468769543","7.376354468769543","170.12176003694884","170.12176003694884","170.12176003694884"
"156000","97.40220582176286","97.40220582176286","97.40220582176286","65.60351915152005","65.60351915152005","65.60351915152005","103.57333541126779","103.57333541126779","103.57333541126779","44.01132634661617","44.01132634661617","44.01132634661617","60.24328669490781","60.24328669490781","60.24328669490781","56.990644013289625","56.990644013289625","56.990644013289625","137.26308972984003","137.26308972984003","137.26308972984003","45.19807670671149","45.19807670671149","45.19807670671149","83.79458211004882","83.79458211004882","83.79458211004882","131.52913791923416","131.52913791923416","131.52913791923416","5.269906189156986","5.269906189156986","5.269906189156986","17.599594890872815","17.599594890872815","17.599594890872815","48.883443144428085","48.883443144428085","48.883443144428085","72.80152423824646","72.80152423824646","72.80152423824646","49.537865537594925","49.537865537594925","49.537865537594925","124.82901295042552","124.82901295042552","124.82901295042552","55.5719579796153","55.5719579796153","55.5719579796153","113.29772676693615","113.29772676693615","113.29772676693615","8.637904406805438","8.637904406805438","8.637904406805438","170.59550158102348","170.59550158102348","170.59550158102348"
"160000","101.01258916659724","101.01258916659724","101.01258916659724","75.8525037465366","75.8525037465366","75.8525037465366","97.61737489726886","97.61737489726886","97.61737489726886","84.40331142187406","84.40331142187406","84.40331142187406","110.01982161386329","110.01982161386329","110.01982161386329","55.18793378775156","55.18793378775156","55.18793378775156","132.1660079894265","132.1660079894265","132.1660079894265","68.64373749120776","68.64373749120776","68.64373749120776","57.86353148558034","57.86353148558034","57.86353148558034","142.51473508900628","142.51473508900628","142.51473508900628","5.26362918294201","5.26362918294201","5.26362918294201","25.085103761202983","25.085103761202983","25.085103761202983","58.20752433809324","58.20752433809324","58.20752433809324","79.76427014299496","79.76427014299496","79.76427014299496","48.15647374474722","48.15647374474722","48.15647374474722","119.71658625328462","119.71658625328462","119.71658625328462","53.02869332613725","53.02869332613725","53.02869332613725","94.33643030054797","94.33643030054797","94.33643030054797","8.686063304474954","8.686063304474954","8.686063304474954","78.5506889923349","78.5506889923349","78.5506889923349"
"164000","102.18749232490825","102.18749232490825","102.18749232490825","88.97066049515776","88.97066049515776","88.97066049515776","117.15013017496116","117.15013017496116","117.15013017496116","85.87941543794743","85.87941543794743","85.87941543794743","72.52340415189641","72.52340415189641","72.52340415189641","56.20947854435978","56.20947854435978","56.20947854435978","130.26017223064196","130.26017223064196","130.26017223064196","34.144676078593804","34.144676078593804","34.144676078593804","61.93498586727245","61.93498586727245","61.93498586727245","127.9322719694172","127.9322719694172","127.9322719694172","5.267791573864435","5.267791573864435","5.267791573864435","9.401719329003788","9.401719329003788","9.401719329003788","58.47289628855496","58.47289628855496","58.47289628855496","83.50327591608155","83.50327591608155","83.50327591608155","47.30833682812942","47.30833682812942","47.30833682812942","39.86148939797356","39.86148939797356","39.86148939797356","55.35034033624146","55.35034033624146","55.35034033624146","100.88072751364564","100.88072751364564","100.88072751364564","8.363686752424659","8.363686752424659","8.363686752424659","67.50195572295998","67.50195572295998","67.50195572295998"
"168000","74.86405307031683","74.86405307031683","74.86405307031683","109.73069172298892","109.73069172298892","109.73069172298892","123.797095090224","123.797095090224","123.797095090224","94.13277606777119","94.13277606777119","94.13277606777119","74.06805485205732","74.06805485205732","74.06805485205732","57.34751068735451","57.34751068735451","57.34751068735451","125.91791245371724","125.91791245371724","125.91791245371724","77.95276508876411","77.95276508876411","77.95276508876411","113.11002481377712","113.11002481377712","113.11002481377712","74.78669648593336","74.78669648593336","74.78669648593336","5.275980689652572","5.275980689652572","5.275980689652572","5.41648637187745","5.41648637187745","5.41648637187745","67.09357609799302","67.09357609799302","67.09357609799302","107.86194354306949","107.86194354306949","107.86194354306949","46.13580888098413","46.13580888098413","46.13580888098413","53.34378902980062","53.34378902980062","53.34378902980062","56.38708424106859","56.38708424106859","56.38708424106859","118.7236943777364","118.7236943777364","118.7236943777364","7.914748509659215","7.914748509659215","7.914748509659215","76.28744840407246","76.28744840407246","76.28744840407246"
"172000","129.81159723571108","129.81159723571108","129.81159723571108","108.53370765772247","108.53370765772247","108.53370765772247","120.75476832881944","120.75476832881944","120.75476832881944","92.70515533588011","92.70515533588011","92.70515533588011","99.78811189739531","99.78811189739531","99.78811189739531","67.5901272962541","67.5901272962541","67.5901272962541","126.94293570865833","126.94293570865833","126.94293570865833","79.1269695883714","79.1269695883714","79.1269695883714","118.73675042872466","118.73675042872466","118.73675042872466","98.23651522493051","98.23651522493051","98.23651522493051","5.328985540032505","5.328985540032505","5.328985540032505","15.485621912854606","15.485621912854606","15.485621912854606","60.432575560829264","60.432575560829264","60.432575560829264","111.04453893049859","111.04453893049859","111.04453893049859","52.34627852778973","52.34627852778973","52.34627852778973","57.17802826865572","57.17802826865572","57.17802826865572","56.89067195127461","56.89067195127461","56.89067195127461","117.0704011504125","117.0704011504125","117.0704011504125","4.035242002597433","4.035242002597433","4.035242002597433","76.18709425503023","76.18709425503023","76.18709425503023"
"176000","123.2545884788453","123.2545884788453","123.2545884788453","99.79747782347016","99.79747782347016","99.79747782347016","123.88608930808573","123.88608930808573","123.88608930808573","104.65621616846963","104.65621616846963","104.65621616846963","75.17809751266196","75.17809751266196","75.17809751266196","63.577064446360964","63.577064446360964","63.577064446360964","140.9822975973382","140.9822975973382","140.9822975973382","76.26779588733007","76.26779588733007","76.26779588733007","112.47471041908777","112.47471041908777","112.47471041908777","86.61750642377307","86.61750642377307","86.61750642377307","5.2791382767048045","5.2791382767048045","5.2791382767048045","16.394357442862685","16.394357442862685","16.394357442862685","64.33390474851554","64.33390474851554","64.33390474851554","112.0180361495363","112.0180361495363","112.0180361495363","50.740197896804446","50.740197896804446","50.740197896804446","154.2254848767597","154.2254848767597","154.2254848767597","53.58001037886574","53.58001037886574","53.58001037886574","115.64978625491952","115.64978625491952","115.64978625491952","7.544436293503798","7.544436293503798","7.544436293503798","74.9390576215498","74.9390576215498","74.9390576215498"
"180000","126.11264807675009","126.11264807675009","126.11264807675009","137.3881133587396","137.3881133587396","137.3881133587396","102.15420838996216","102.15420838996216","102.15420838996216","108.36762666890942","108.36762666890942","108.36762666890942","126.52796421180054","126.52796421180054","126.52796421180054","58.834504278958434","58.834504278958434","58.834504278958434","138.2757514269512","138.2757514269512","138.2757514269512","45.61014103067602","45.61014103067602","45.61014103067602","120.50721719559799","120.50721719559799","120.50721719559799","149.47058183298927","149.47058183298927","149.47058183298927","5.282696943393011","5.282696943393011","5.282696943393011","6.6945269433139725","6.6945269433139725","6.6945269433139725","62.911141282020104","62.911141282020104","62.911141282020104","109.04860506227124","109.04860506227124","109.04860506227124","48.99239807244988","48.99239807244988","48.99239807244988","154.93723744365192","154.93723744365192","154.93723744365192","54.21123070323404","54.21123070323404","54.21123070323404","96.18639257621696","96.18639257621696","96.18639257621696","10.952532683768883","10.952532683768883","10.952532683768883","53.74648792116343","53.74648792116343","53.74648792116343"
"184000","148.0472222981466","148.0472222981466","148.0472222981466","144.45458369038042","144.45458369038042","144.45458369038042","120.61380938101577","120.61380938101577","120.61380938101577","109.38457271352581","109.38457271352581","109.38457271352581","133.5059201849472","133.5059201849472","133.5059201849472","69.1135927635369","69.1135927635369","69.1135927635369","139.28028865516293","139.28028865516293","139.28028865516293","70.0768386948632","70.0768386948632","70.0768386948632","119.29827526102767","119.29827526102767","119.29827526102767","146.8906003188233","146.8906003188233","146.8906003188233","5.258007415241208","5.258007415241208","5.258007415241208","9.568069748044726","9.568069748044726","9.568069748044726","59.74014181456869","59.74014181456869","59.74014181456869","113.70429625220804","113.70429625220804","113.70429625220804","42.92492483545492","42.92492483545492","42.92492483545492","169.61513856903076","169.61513856903076","169.61513856903076","55.50530201724539","55.50530201724539","55.50530201724539","104.63494667605593","104.63494667605593","104.63494667605593","12.546153899361872","12.546153899361872","12.546153899361872","63.39232790600791","63.39232790600791","63.39232790600791"
"188000","178.78820909977435","178.78820909977435","178.78820909977435","116.1216743924296","116.1216743924296","116.1216743924296","123.45131766250238","123.45131766250238","123.45131766250238","107.52409790669648","107.52409790669648","107.52409790669648","134.61703095020553","134.61703095020553","134.61703095020553","54.4880550887294","54.4880550887294","54.4880550887294","136.6320569024553","136.6320569024553","136.6320569024553","116.61560229661612","116.61560229661612","116.61560229661612","150.64767227924625","150.64767227924625","150.64767227924625","145.76072763475577","145.76072763475577","145.76072763475577","5.34229098799017","5.34229098799017","5.34229098799017","14.565571296694603","14.565571296694603","14.565571296694603","75.3432320218505","75.3432320218505","75.3432320218505","100.32375477286433","100.32375477286433","100.32375477286433","42.86982867890564","42.86982867890564","42.86982867890564","148.7082410702969","148.7082410702969","148.7082410702969","49.60185681243129","49.60185681243129","49.60185681243129","103.43218977121577","103.43218977121577","103.43218977121577","16.38636568282998","16.38636568282998","16.38636568282998","64.11474051789291","64.11474051789291","64.11474051789291"
"192000","123.74070265874752","123.74070265874752","123.74070265874752","89.32206622616049","89.32206622616049","89.32206622616049","130.18757032691195","130.18757032691195","130.18757032691195","106.24039054190226","106.24039054190226","106.24039054190226","131.32729458789467","131.32729458789467","131.32729458789467","15.079342290666778","15.079342290666778","15.079342290666778","127.5048559738151","127.5048559738151","127.5048559738151","103.17378716443764","103.17378716443764","103.17378716443764","144.4335435795175","144.4335435795175","144.4335435795175","145.85096634752009","145.85096634752009","145.85096634752009","5.385944131311563","5.385944131311563","5.385944131311563","12.27715638125627","12.27715638125627","12.27715638125627","72.13294164067639","72.13294164067639","72.13294164067639","103.71746287384394","103.71746287384394","103.71746287384394","30.473220352162656","30.473220352162656","30.473220352162656","170.7390572228903","170.7390572228903","170.7390572228903","54.636385291252324","54.636385291252324","54.636385291252324","102.02780663898406","102.02780663898406","102.02780663898406","17.369323309788314","17.369323309788314","17.369323309788314","65.05228723992413","65.05228723992413","65.05228723992413"
"196000","131.38472569599594","131.38472569599594","131.38472569599594","88.94617418754729","88.94617418754729","88.94617418754729","144.60377427743668","144.60377427743668","144.60377427743668","110.3290577812505","110.3290577812505","110.3290577812505","134.04932117444918","134.04932117444918","134.04932117444918","53.981710307102006","53.981710307102006","53.981710307102006","121.87992644114816","121.87992644114816","121.87992644114816","96.41709795620424","96.41709795620424","96.41709795620424","128.86952617041956","128.86952617041956","128.86952617041956","110.31721722205828","110.31721722205828","110.31721722205828","114.14895575914645","114.14895575914645","114.14895575914645","14.570045896139877","14.570045896139877","14.570045896139877","70.10453306665332","70.10453306665332","70.10453306665332","113.0742676060202","113.0742676060202","113.0742676060202","19.549474055506977","19.549474055506977","19.549474055506977","156.85722619737948","156.85722619737948","156.85722619737948","59.030474623855184","59.030474623855184","59.030474623855184","92.23576196780331","92.23576196780331","92.23576196780331","35.28405793116253","35.28405793116253","35.28405793116253","62.751031493536956","62.751031493536956","62.751031493536956"
"200000","120.08732083970494","120.08732083970494","120.08732083970494","82.58808767304397","82.58808767304397","82.58808767304397","155.80589885016698","155.80589885016698","155.80589885016698","107.31081270071122","107.31081270071122","107.31081270071122","134.86454949806796","134.86454949806796","134.86454949806796","52.73771923927059","52.73771923927059","52.73771923927059","132.11768394691862","132.11768394691862","132.11768394691862","101.14637675827059","101.14637675827059","101.14637675827059","157.769281018858","157.769281018858","157.769281018858","110.02055017978289","110.02055017978289","110.02055017978289","138.76961080703944","138.76961080703944","138.76961080703944","15.918157963079418","15.918157963079418","15.918157963079418","79.49709832286288","79.49709832286288","79.49709832286288","115.68425516181794","115.68425516181794","115.68425516181794","17.10183382140823","17.10183382140823","17.10183382140823","160.49593372475744","160.49593372475744","160.49593372475744","54.5777981515972","54.5777981515972","54.5777981515972","102.01184745244792","102.01184745244792","102.01184745244792","16.20154620253853","16.20154620253853","16.20154620253853","52.379135904201675","52.379135904201675","52.379135904201675"
"204000","114.58737719456876","114.58737719456876","114.58737719456876","91.73773473250836","91.73773473250836","91.73773473250836","164.77474697561","164.77474697561","164.77474697561","92.77625924378769","92.77625924378769","92.77625924378769","128.91298812736824","128.91298812736824","128.91298812736824","88.38253244805998","88.38253244805998","88.38253244805998","122.59917720781327","122.59917720781327","122.59917720781327","92.29322894807464","92.29322894807464","92.29322894807464","151.4187382680196","151.4187382680196","151.4187382680196","131.33167683394055","131.33167683394055","131.33167683394055","142.54144657172733","142.54144657172733","142.54144657172733","43.94463239465236","43.94463239465236","43.94463239465236","78.28377574541234","78.28377574541234","78.28377574541234","105.96314733554857","105.96314733554857","105.96314733554857","13.394489236944636","13.394489236944636","13.394489236944636","170.67978680808898","170.67978680808898","170.67978680808898","51.487700327103845","51.487700327103845","51.487700327103845","106.32971672760398","106.32971672760398","106.32971672760398","42.76250220990924","42.76250220990924","42.76250220990924","48.507940614239885","48.507940614239885","48.507940614239885"
"208000","117.44032470046804","117.44032470046804","117.44032470046804","103.511395203974","103.511395203974","103.511395203974","71.8445804398488","71.8445804398488","71.8445804398488","111.29392182840795","111.29392182840795","111.29392182840795","122.59576429408938","122.59576429408938","122.59576429408938","18.296180665485572","18.296180665485572","18.296180665485572","130.935706974938","130.935706974938","130.935706974938","103.68678501701683","103.68678501701683","103.68678501701683","148.2650584086968","148.2650584086968","148.2650584086968","98.7893810454135","98.7893810454135","98.7893810454135","140.37490350618583","140.37490350618583","140.37490350618583","52.57161725333424","52.57161725333424","52.57161725333424","61.46405357896617","61.46405357896617","61.46405357896617","103.73462006035462","103.73462006035462","103.73462006035462","13.538928400355038","13.538928400355038","13.538928400355038","157.6503615214534","157.6503615214534","157.6503615214534","53.74198238603104","53.74198238603104","53.74198238603104","105.09630503920786","105.09630503920786","105.09630503920786","129.92400009185243","129.92400009185243","129.92400009185243","55.358016343660836","55.358016343660836","55.358016343660836"
"212000","105.26809533236121","105.26809533236121","105.26809533236121","111.43216821197802","111.43216821197802","111.43216821197802","94.00305620403267","94.00305620403267","94.00305620403267","114.63495180049874","114.63495180049874","114.63495180049874","129.4917618693617","129.4917618693617","129.4917618693617","54.04469751809771","54.04469751809771","54.04469751809771","135.37301057252893","135.37301057252893","135.37301057252893","85.80419732434373","85.80419732434373","85.80419732434373","147.17665226940727","147.17665226940727","147.17665226940727","79.92292006732275","79.92292006732275","79.92292006732275","151.11438455403456","151.11438455403456","151.11438455403456","62.649160730599306","62.649160730599306","62.649160730599306","34.49067091455415","34.49067091455415","34.49067091455415","102.26495207347365","102.26495207347365","102.26495207347365","53.3337436679853","53.3337436679853","53.3337436679853","149.94476188918875","149.94476188918875","149.94476188918875","64.19701586243455","64.19701586243455","64.19701586243455","112.17473264841551","112.17473264841551","112.17473264841551","138.19874728559776","138.19874728559776","138.19874728559776","56.81504328795303","56.81504328795303","56.81504328795303"
"216000","106.05870349773458","106.05870349773458","106.05870349773458","117.89565779980111","117.89565779980111","117.89565779980111","170.96682685633823","170.96682685633823","170.96682685633823","105.15393061510667","105.15393061510667","105.15393061510667","132.11309363695406","132.11309363695406","132.11309363695406","51.42431308614988","51.42431308614988","51.42431308614988","126.16973922223255","126.16973922223255","126.16973922223255","98.42942774120472","98.42942774120472","98.42942774120472","116.6192002648987","116.6192002648987","116.6192002648987","102.1846454019131","102.1846454019131","102.1846454019131","109.31973145885945","109.31973145885945","109.31973145885945","54.103059474385795","54.103059474385795","54.103059474385795","30.87820701588703","30.87820701588703","30.87820701588703","103.7431488139662","103.7431488139662","103.7431488139662","55.674773427025684","55.674773427025684","55.674773427025684","146.96277374140573","146.96277374140573","146.96277374140573","60.901439267589566","60.901439267589566","60.901439267589566","101.1556601205894","101.1556601205894","101.1556601205894","109.04370354975292","109.04370354975292","109.04370354975292","112.46102665024857","112.46102665024857","112.46102665024857"
"220000","107.31595497693124","107.31595497693124","107.31595497693124","107.70798977591343","107.70798977591343","107.70798977591343","138.84648913771147","138.84648913771147","138.84648913771147","106.56203809791828","106.56203809791828","106.56203809791828","130.742785122625","130.742785122625","130.742785122625","49.9252062423973","49.9252062423973","49.9252062423973","131.33840620478344","131.33840620478344","131.33840620478344","87.0563721796722","87.0563721796722","87.0563721796722","127.25607499762252","127.25607499762252","127.25607499762252","118.31466941348762","118.31466941348762","118.31466941348762","11.72197706423549","11.72197706423549","11.72197706423549","53.23250895002317","53.23250895002317","53.23250895002317","25.75112874272775","25.75112874272775","25.75112874272775","133.02645581766726","133.02645581766726","133.02645581766726","55.322468707782505","55.322468707782505","55.322468707782505","145.24049841648815","145.24049841648815","145.24049841648815","53.85722822989487","53.85722822989487","53.85722822989487","87.18247378538086","87.18247378538086","87.18247378538086","135.43399499318545","135.43399499318545","135.43399499318545","82.37548711844663","82.37548711844663","82.37548711844663"
"224000","120.85186707311368","120.85186707311368","120.85186707311368","113.59278649848405","113.59278649848405","113.59278649848405","205.28051967476677","205.28051967476677","205.28051967476677","107.17889791437344","107.17889791437344","107.17889791437344","135.24231952301477","135.24231952301477","135.24231952301477","48.58310393300236","48.58310393300236","48.58310393300236","127.50056580948083","127.50056580948083","127.50056580948083","82.76856937692057","82.76856937692057","82.76856937692057","139.35946560867959","139.35946560867959","139.35946560867959","146.3986524740801","146.3986524740801","146.3986524740801","5.225350479687002","5.225350479687002","5.225350479687002","57.082405135770514","57.082405135770514","57.082405135770514","32.16460885330944","32.16460885330944","32.16460885330944","125.12980929253816","125.12980929253816","125.12980929253816","53.705561265379416","53.705561265379416","53.705561265379416","149.96079523787336","149.96079523787336","149.96079523787336","56.378734677404466","56.378734677404466","56.378734677404466","155.47296726460004","155.47296726460004","155.47296726460004","161.22472509892447","161.22472509892447","161.22472509892447","68.59087510148018","68.59087510148018","68.59087510148018"
"228000","135.4388033604634","135.4388033604634","135.4388033604634","129.24823847077704","129.24823847077704","129.24823847077704","160.89699576589314","160.89699576589314","160.89699576589314","102.5081014147477","102.5081014147477","102.5081014147477","140.18285397984397","140.18285397984397","140.18285397984397","54.774509414735384","54.774509414735384","54.774509414735384","142.46533798016304","142.46533798016304","142.46533798016304","74.09973103988668","74.09973103988668","74.09973103988668","141.77195388255478","141.77195388255478","141.77195388255478","152.5627528898862","152.5627528898862","152.5627528898862","131.42945773423315","131.42945773423315","131.42945773423315","6.905166704535358","6.905166704535358","6.905166704535358","43.87716946996219","43.87716946996219","43.87716946996219","137.04030554884187","137.04030554884187","137.04030554884187","45.672803825300896","45.672803825300896","45.672803825300896","169.78310019327927","169.78310019327927","169.78310019327927","54.09468504934439","54.09468504934439","54.09468504934439","148.21288220055004","148.21288220055004","148.21288220055004","167.782970001391","167.782970001391","167.782970001391","36.01300158600463","36.01300158600463","36.01300158600463"
"232000","146.85872322474373","146.85872322474373","146.85872322474373","98.33846350671695","98.33846350671695","98.33846350671695","195.72282230442244","195.72282230442244","195.72282230442244","114.16354932873614","114.16354932873614","114.16354932873614","137.0633287652269","137.0633287652269","137.0633287652269","54.73775319367936","54.73775319367936","54.73775319367936","133.492647008215","133.492647008215","133.492647008215","45.565873441328336","45.565873441328336","45.565873441328336","134.54230478780931","134.54230478780931","134.54230478780931","144.01484586311864","144.01484586311864","144.01484586311864","149.30728676715864","149.30728676715864","149.30728676715864","5.95726511445959","5.95726511445959","5.95726511445959","45.86635921848364","45.86635921848364","45.86635921848364","140.26883000111889","140.26883000111889","140.26883000111889","42.05037714496007","42.05037714496007","42.05037714496007","81.14597735428421","81.14597735428421","81.14597735428421","52.31835943634171","52.31835943634171","52.31835943634171","140.3092108041888","140.3092108041888","140.3092108041888","151.01082179977212","151.01082179977212","151.01082179977212","42.465421598060125","42.465421598060125","42.465421598060125"
"236000","128.27121625856975","128.27121625856975","128.27121625856975","102.58342892279282","102.58342892279282","102.58342892279282","157.3081798670956","157.3081798670956","157.3081798670956","102.49879451231448","102.49879451231448","102.49879451231448","136.82645436464037","136.82645436464037","136.82645436464037","68.00328266269715","68.00328266269715","68.00328266269715","132.27862246110584","132.27862246110584","132.27862246110584","46.86943880315917","46.86943880315917","46.86943880315917","130.72366672393267","130.72366672393267","130.72366672393267","132.8623663097024","132.8623663097024","132.8623663097024","146.5734793369041","146.5734793369041","146.5734793369041","3.611372013812988","3.611372013812988","3.611372013812988","64.72295623421323","64.72295623421323","64.72295623421323","141.93516349990978","141.93516349990978","141.93516349990978","69.31363517341661","69.31363517341661","69.31363517341661","75.7815647133853","75.7815647133853","75.7815647133853","57.34640621167894","57.34640621167894","57.34640621167894","157.0183027867941","157.0183027867941","157.0183027867941","161.1826431312939","161.1826431312939","161.1826431312939","46.339788414145474","46.339788414145474","46.339788414145474"
"240000","136.2576671538285","136.2576671538285","136.2576671538285","103.51479033746253","103.51479033746253","103.51479033746253","150.63856629783749","150.63856629783749","150.63856629783749","103.8877106874769","103.8877106874769","103.8877106874769","137.59046500587664","137.59046500587664","137.59046500587664","63.5565393792707","63.5565393792707","63.5565393792707","129.97603085410145","129.97603085410145","129.97603085410145","52.06321159903537","52.06321159903537","52.06321159903537","121.27991179585379","121.27991179585379","121.27991179585379","141.6498755602399","141.6498755602399","141.6498755602399","160.25075582966028","160.25075582966028","160.25075582966028","3.0554635746612253","3.0554635746612253","3.0554635746612253","81.50898887726366","81.50898887726366","81.50898887726366","135.25304886386797","135.25304886386797","135.25304886386797","90.21329761835372","90.21329761835372","90.21329761835372","179.9668066078111","179.9668066078111","179.9668066078111","60.13720300026817","60.13720300026817","60.13720300026817","147.63806337383593","147.63806337383593","147.63806337383593","155.48268701469064","155.48268701469064","155.48268701469064","65.64056338990144","65.64056338990144","65.64056338990144"
"244000","137.15636868585665","137.15636868585665","137.15636868585665","104.6815417912184","104.6815417912184","104.6815417912184","166.23295494671385","166.23295494671385","166.23295494671385","108.82172670524253","108.82172670524253","108.82172670524253","138.61921603733342","138.61921603733342","138.61921603733342","66.24939895896229","66.24939895896229","66.24939895896229","141.9454275555893","141.9454275555893","141.9454275555893","72.30256852868726","72.30256852868726","72.30256852868726","128.42519804340742","128.42519804340742","128.42519804340742","115.04327776355242","115.04327776355242","115.04327776355242","157.8859821867151","157.8859821867151","157.8859821867151","3.1456117652322733","3.1456117652322733","3.1456117652322733","110.68913678018009","110.68913678018009","110.68913678018009","113.77231199726357","113.77231199726357","113.77231199726357","72.9855358538847","72.9855358538847","72.9855358538847","179.2301675844461","179.2301675844461","179.2301675844461","63.02168861270972","63.02168861270972","63.02168861270972","141.26861917325564","141.26861917325564","141.26861917325564","151.87345084995258","151.87345084995258","151.87345084995258","57.12749166483358","57.12749166483358","57.12749166483358"
"248000","161.91718214805445","161.91718214805445","161.91718214805445","143.6569376624915","143.6569376624915","143.6569376624915","186.52252294596585","186.52252294596585","186.52252294596585","109.58907035232873","109.58907035232873","109.58907035232873","140.68750989969254","140.68750989969254","140.68750989969254","67.48322496131581","67.48322496131581","67.48322496131581","178.0509059739848","178.0509059739848","178.0509059739848","74.03871790260257","74.03871790260257","74.03871790260257","127.52022933460982","127.52022933460982","127.52022933460982","133.42128845857508","133.42128845857508","133.42128845857508","5.4829270444235","5.4829270444235","5.4829270444235","3.22615357958876","3.22615357958876","3.22615357958876","111.41763797092958","111.41763797092958","111.41763797092958","130.81053087502318","130.81053087502318","130.81053087502318","75.23985476633024","75.23985476633024","75.23985476633024","173.8454830432432","173.8454830432432","173.8454830432432","63.24229066531277","63.24229066531277","63.24229066531277","141.8354933068638","141.8354933068638","141.8354933068638","163.73215077936578","163.73215077936578","163.73215077936578","49.55446442138697","49.55446442138697","49.55446442138697"
"252000","151.88495790763423","151.88495790763423","151.88495790763423","137.99785578338606","137.99785578338606","137.99785578338606","173.11160486844832","173.11160486844832","173.11160486844832","104.21117233619296","104.21117233619296","104.21117233619296","135.59398002997236","135.59398002997236","135.59398002997236","66.106165008378","66.106165008378","66.106165008378","180.94782994034466","180.94782994034466","180.94782994034466","89.54648366599399","89.54648366599399","89.54648366599399","135.69455800507473","135.69455800507473","135.69455800507473","88.10185851403523","88.10185851403523","88.10185851403523","154.78049573628044","154.78049573628044","154.78049573628044","3.2678115641061267","3.2678115641061267","3.2678115641061267","87.95870888543683","87.95870888543683","87.95870888543683","113.61012175893704","113.61012175893704","113.61012175893704","55.916233923109324","55.916233923109324","55.916233923109324","179.5396267897737","179.5396267897737","179.5396267897737","68.01110407232687","68.01110407232687","68.01110407232687","136.85352154607622","136.85352154607622","136.85352154607622","176.10364581330495","176.10364581330495","176.10364581330495","59.559958577693784","59.559958577693784","59.559958577693784"
"256000","125.26524250990117","125.26524250990117","125.26524250990117","147.01244821635225","147.01244821635225","147.01244821635225","212.23721396968554","212.23721396968554","212.23721396968554","104.40647234279795","104.40647234279795","104.40647234279795","132.478920980858","132.478920980858","132.478920980858","63.90514041229402","63.90514041229402","63.90514041229402","176.28895799601167","176.28895799601167","176.28895799601167","47.70138918221795","47.70138918221795","47.70138918221795","131.3510474969755","131.3510474969755","131.3510474969755","121.5223980407558","121.5223980407558","121.5223980407558","160.1433372883151","160.1433372883151","160.1433372883151","3.504835113845055","3.504835113845055","3.504835113845055","95.85635604248954","95.85635604248954","95.85635604248954","109.57985878151158","109.57985878151158","109.57985878151158","56.020065089709746","56.020065089709746","56.020065089709746","172.20360390455028","172.20360390455028","172.20360390455028","76.92018299471854","76.92018299471854","76.92018299471854","133.37010872693975","133.37010872693975","133.37010872693975","137.0161782192678","137.0161782192678","137.0161782192678","101.57363057530655","101.57363057530655","101.57363057530655"
"260000","135.5428856577776","135.5428856577776","135.5428856577776","139.37429134468","139.37429134468","139.37429134468","231.4507360396865","231.4507360396865","231.4507360396865","107.34809329472577","107.34809329472577","107.34809329472577","135.67332845980235","135.67332845980235","135.67332845980235","68.09828434314855","68.09828434314855","68.09828434314855","184.42455357766949","184.42455357766949","184.42455357766949","89.6582598422237","89.6582598422237","89.6582598422237","131.31273539600107","131.31273539600107","131.31273539600107","117.2289389611049","117.2289389611049","117.2289389611049","178.27250662298562","178.27250662298562","178.27250662298562","37.49860071524825","37.49860071524825","37.49860071524825","83.49533019125252","83.49533019125252","83.49533019125252","115.56039757973478","115.56039757973478","115.56039757973478","51.6985144069655","51.6985144069655","51.6985144069655","80.77006405808774","80.77006405808774","80.77006405808774","72.82814415541563","72.82814415541563","72.82814415541563","149.59012572719124","149.59012572719124","149.59012572719124","124.05336117637061","124.05336117637061","124.05336117637061","106.70519936739136","106.70519936739136","106.70519936739136"
"264000","207.4737220672842","207.4737220672842","207.4737220672842","154.24654287772677","154.24654287772677","154.24654287772677","235.4005282118287","235.4005282118287","235.4005282118287","86.73224603971353","86.73224603971353","86.73224603971353","136.18015270746474","136.18015270746474","136.18015270746474","67.43940110513161","67.43940110513161","67.43940110513161","189.91340822051924","189.91340822051924","189.91340822051924","59.10446624883123","59.10446624883123","59.10446624883123","134.5802533191503","134.5802533191503","134.5802533191503","125.60555461726415","125.60555461726415","125.60555461726415","147.1766901206793","147.1766901206793","147.1766901206793","59.12025601493427","59.12025601493427","59.12025601493427","106.92620422309513","106.92620422309513","106.92620422309513","162.84852293390958","162.84852293390958","162.84852293390958","9.21122111028519","9.21122111028519","9.21122111028519","188.91138342327818","188.91138342327818","188.91138342327818","88.03431137018488","88.03431137018488","88.03431137018488","154.23681269883053","154.23681269883053","154.23681269883053","164.56449605038523","164.56449605038523","164.56449605038523","100.13800690960439","100.13800690960439","100.13800690960439"
"268000","250.8692281445633","250.8692281445633","250.8692281445633","169.07070606544517","169.07070606544517","169.07070606544517","240.1715034479552","240.1715034479552","240.1715034479552","81.75139235256066","81.75139235256066","81.75139235256066","136.35222103812308","136.35222103812308","136.35222103812308","64.95366629161425","64.95366629161425","64.95366629161425","193.7650598023779","193.7650598023779","193.7650598023779","70.62551802680335","70.62551802680335","70.62551802680335","93.23899365806469","93.23899365806469","93.23899365806469","134.17391449712153","134.17391449712153","134.17391449712153","163.0682725029415","163.0682725029415","163.0682725029415","52.44193802774568","52.44193802774568","52.44193802774568","73.01874423847326","73.01874423847326","73.01874423847326","161.0183124032849","161.0183124032849","161.0183124032849","9.413191371602803","9.413191371602803","9.413191371602803","198.66677893886916","198.66677893886916","198.66677893886916","109.5748825083285","109.5748825083285","109.5748825083285","153.89802383424677","153.89802383424677","153.89802383424677","167.32105405060875","167.32105405060875","167.32105405060875","99.54520352951252","99.54520352951252","99.54520352951252"
"272000","255.2734153661971","255.2734153661971","255.2734153661971","183.28781287099164","183.28781287099164","183.28781287099164","209.19929293208415","209.19929293208415","209.19929293208415","83.69500789904494","83.69500789904494","83.69500789904494","144.08472343553683","144.08472343553683","144.08472343553683","59.54390651265675","59.54390651265675","59.54390651265675","206.78999077780992","206.78999077780992","206.78999077780992","38.29311834729158","38.29311834729158","38.29311834729158","149.85186132680752","149.85186132680752","149.85186132680752","131.5638364156304","131.5638364156304","131.5638364156304","171.54602545708016","171.54602545708016","171.54602545708016","4.654782588555961","4.654782588555961","4.654782588555961","73.64048755128893","73.64048755128893","73.64048755128893","169.36037483799927","169.36037483799927","169.36037483799927","29.96985306945201","29.96985306945201","29.96985306945201","202.38063787519573","202.38063787519573","202.38063787519573","113.8159143682569","113.8159143682569","113.8159143682569","160.8720957134271","160.8720957134271","160.8720957134271","168.23448207385536","168.23448207385536","168.23448207385536","126.47074589298367","126.47074589298367","126.47074589298367"
"276000","270.5386633618847","270.5386633618847","270.5386633618847","164.1032007430943","164.1032007430943","164.1032007430943","183.07519805062026","183.07519805062026","183.07519805062026","75.2056769020351","75.2056769020351","75.2056769020351","143.6518118436094","143.6518118436094","143.6518118436094","63.807785513442056","63.807785513442056","63.807785513442056","203.29819900514562","203.29819900514562","203.29819900514562","115.2338939450862","115.2338939450862","115.2338939450862","128.227119020723","128.227119020723","128.227119020723","135.315300318947","135.315300318947","135.315300318947","171.5093497310746","171.5093497310746","171.5093497310746","6.335643872036831","6.335643872036831","6.335643872036831","72.31191315339402","72.31191315339402","72.31191315339402","172.35850783629357","172.35850783629357","172.35850783629357","93.63715727453464","93.63715727453464","93.63715727453464","204.38773626624564","204.38773626624564","204.38773626624564","107.17375144294913","107.17375144294913","107.17375144294913","159.67404153999672","159.67404153999672","159.67404153999672","165.59727751878975","165.59727751878975","165.59727751878975","106.99416668079259","106.99416668079259","106.99416668079259"
"280000","231.69348786609044","231.69348786609044","231.69348786609044","190.27772300589348","190.27772300589348","190.27772300589348","198.5544206087618","198.5544206087618","198.5544206087618","70.3371927858777","70.3371927858777","70.3371927858777","140.17552680791894","140.17552680791894","140.17552680791894","52.92813941497941","52.92813941497941","52.92813941497941","189.45123013836246","189.45123013836246","189.45123013836246","118.95534782419341","118.95534782419341","118.95534782419341","160.4891929971472","160.4891929971472","160.4891929971472","123.31470512640917","123.31470512640917","123.31470512640917","150.57615491654363","150.57615491654363","150.57615491654363","7.242337025224377","7.242337025224377","7.242337025224377","79.51386033822644","79.51386033822644","79.51386033822644","165.09506796726075","165.09506796726075","165.09506796726075","75.46450313444359","75.46450313444359","75.46450313444359","164.1129006511207","164.1129006511207","164.1129006511207","99.14207442377898","99.14207442377898","99.14207442377898","190.68486360086982","190.68486360086982","190.68486360086982","168.18887648076478","168.18887648076478","168.18887648076478","125.23618296502384","125.23618296502384","125.23618296502384"
"284000","245.24229568956525","245.24229568956525","245.24229568956525","168.47806912165623","168.47806912165623","168.47806912165623","204.12017599271826","204.12017599271826","204.12017599271826","83.59186097703719","83.59186097703719","83.59186097703719","144.33542654236956","144.33542654236956","144.33542654236956","50.066734767528104","50.066734767528104","50.066734767528104","197.92478778039714","197.92478778039714","197.92478778039714","148.4526461017419","148.4526461017419","148.4526461017419","128.58400609123342","128.58400609123342","128.58400609123342","119.38144214160192","119.38144214160192","119.38144214160192","33.50371763055614","33.50371763055614","33.50371763055614","7.621986427428924","7.621986427428924","7.621986427428924","97.66642320473916","97.66642320473916","97.66642320473916","155.68036366924238","155.68036366924238","155.68036366924238","87.28896831425881","87.28896831425881","87.28896831425881","185.2815514214423","185.2815514214423","185.2815514214423","110.05249892088219","110.05249892088219","110.05249892088219","136.7804043047043","136.7804043047043","136.7804043047043","164.72014994468498","164.72014994468498","164.72014994468498","128.7238539240155","128.7238539240155","128.7238539240155"
"288000","257.1215789064821","257.1215789064821","257.1215789064821","175.8522417451387","175.8522417451387","175.8522417451387","226.99514499084611","226.99514499084611","226.99514499084611","84.09836490530806","84.09836490530806","84.09836490530806","131.29729447326878","131.29729447326878","131.29729447326878","53.59551751459783","53.59551751459783","53.59551751459783","176.23878577145283","176.23878577145283","176.23878577145283","131.2616444888301","131.2616444888301","131.2616444888301","150.97119088220435","150.97119088220435","150.97119088220435","142.5605713995108","142.5605713995108","142.5605713995108","5.208173450897444","5.208173450897444","5.208173450897444","50.35208598167785","50.35208598167785","50.35208598167785","61.997373772435914","61.997373772435914","61.997373772435914","171.7915900862759","171.7915900862759","171.7915900862759","87.36463276442616","87.36463276442616","87.36463276442616","181.2084685417774","181.2084685417774","181.2084685417774","114.0540392317931","114.0540392317931","114.0540392317931","112.6376255206128","112.6376255206128","112.6376255206128","111.5678966955231","111.5678966955231","111.5678966955231","105.97973123643146","105.97973123643146","105.97973123643146"
"292000","244.41893095039194","244.41893095039194","244.41893095039194","153.94329980198904","153.94329980198904","153.94329980198904","221.73143711790453","221.73143711790453","221.73143711790453","75.77773720652674","75.77773720652674","75.77773720652674","144.1233769042057","144.1233769042057","144.1233769042057","66.62996250125326","66.62996250125326","66.62996250125326","175.9821260930616","175.9821260930616","175.9821260930616","148.38607206743734","148.38607206743734","148.38607206743734","140.8483620861897","140.8483620861897","140.8483620861897","172.1122182752494","172.1122182752494","172.1122182752494","5.162161807284312","5.162161807284312","5.162161807284312","7.633642023322364","7.633642023322364","7.633642023322364","53.804618629424155","53.804618629424155","53.804618629424155","174.31452023311232","174.31452023311232","174.31452023311232","43.785957319898735","43.785957319898735","43.785957319898735","196.9299825409827","196.9299825409827","196.9299825409827","111.94986944976458","111.94986944976458","111.94986944976458","103.84517259487765","103.84517259487765","103.84517259487765","101.799819548113","101.799819548113","101.799819548113","108.7465403395918","108.7465403395918","108.7465403395918"
"296000","246.4256176014626","246.4256176014626","246.4256176014626","144.0250674151164","144.0250674151164","144.0250674151164","226.88459942271834","226.88459942271834","226.88459942271834","106.83466347399028","106.83466347399028","106.83466347399028","142.69397356337316","142.69397356337316","142.69397356337316","122.99648938380717","122.99648938380717","122.99648938380717","194.2933897622184","194.2933897622184","194.2933897622184","124.10965256705406","124.10965256705406","124.10965256705406","128.33559211143543","128.33559211143543","128.33559211143543","169.35960849535905","169.35960849535905","169.35960849535905","5.535426556931773","5.535426556931773","5.535426556931773","50.385583176535405","50.385583176535405","50.385583176535405","31.830691963103153","31.830691963103153","31.830691963103153","172.43336776368395","172.43336776368395","172.43336776368395","33.170977993883696","33.170977993883696","33.170977993883696","205.70474743396372","205.70474743396372","205.70474743396372","109.494537753929","109.494537753929","109.494537753929","101.4171191556794","101.4171191556794","101.4171191556794","112.66469854587349","112.66469854587349","112.66469854587349","103.29393446973071","103.29393446973071","103.29393446973071"
"300000","256.3254561664106","256.3254561664106","256.3254561664106","215.6750006778734","215.6750006778734","215.6750006778734","224.14765662899262","224.14765662899262","224.14765662899262","109.92442667772968","109.92442667772968","109.92442667772968","127.14555430983205","127.14555430983205","127.14555430983205","84.56036787846918","84.56036787846918","84.56036787846918","199.16138968360514","199.16138968360514","199.16138968360514","157.46860941663448","157.46860941663448","157.46860941663448","153.50774893466487","153.50774893466487","153.50774893466487","150.54151743338596","150.54151743338596","150.54151743338596","91.93434461238269","91.93434461238269","91.93434461238269","75.47307011021059","75.47307011021059","75.47307011021059","82.58936670376224","82.58936670376224","82.58936670376224","168.66942950740741","168.66942950740741","168.66942950740741","17.471109524355427","17.471109524355427","17.471109524355427","170.89321522928762","170.89321522928762","170.89321522928762","97.64342451836667","97.64342451836667","97.64342451836667","146.15801071180005","146.15801071180005","146.15801071180005","109.89503686919417","109.89503686919417","109.89503686919417","95.20477648100307","95.20477648100307","95.20477648100307"
"304000","249.5920978666881","249.5920978666881","249.5920978666881","225.03062964754844","225.03062964754844","225.03062964754844","235.44281921032416","235.44281921032416","235.44281921032416","85.64111062606396","85.64111062606396","85.64111062606396","146.68690710914635","146.68690710914635","146.68690710914635","65.25112211762976","65.25112211762976","65.25112211762976","168.76057459369468","168.76057459369468","168.76057459369468","154.81576874689074","154.81576874689074","154.81576874689074","131.73576896143908","131.73576896143908","131.73576896143908","165.04465644030319","165.04465644030319","165.04465644030319","178.24488515290489","178.24488515290489","178.24488515290489","6.602149177642241","6.602149177642241","6.602149177642241","29.703494440092804","29.703494440092804","29.703494440092804","169.98190371695662","169.98190371695662","169.98190371695662","13.436816117790134","13.436816117790134","13.436816117790134","167.56038228725603","167.56038228725603","167.56038228725603","90.78940437198706","90.78940437198706","90.78940437198706","160.63978229781782","160.63978229781782","160.63978229781782","97.43525387909224","97.43525387909224","97.43525387909224","93.65089146535291","93.65089146535291","93.65089146535291"
"308000","263.62996261046607","263.62996261046607","263.62996261046607","212.3341619009036","212.3341619009036","212.3341619009036","223.75835247107563","223.75835247107563","223.75835247107563","72.56920597659288","72.56920597659288","72.56920597659288","136.79858913486245","136.79858913486245","136.79858913486245","65.77437207032558","65.77437207032558","65.77437207032558","171.4514586060415","171.4514586060415","171.4514586060415","79.17389648961463","79.17389648961463","79.17389648961463","158.6014471943211","158.6014471943211","158.6014471943211","161.48959428814064","161.48959428814064","161.48959428814064","192.42289530335188","192.42289530335188","192.42289530335188","4.332081654694653","4.332081654694653","4.332081654694653","29.288128593419486","29.288128593419486","29.288128593419486","170.58382692189826","170.58382692189826","170.58382692189826","26.812559525310565","26.812559525310565","26.812559525310565","160.02459591027178","160.02459591027178","160.02459591027178","91.23448157836918","91.23448157836918","91.23448157836918","148.1572524300874","148.1572524300874","148.1572524300874","95.2754276643689","95.2754276643689","95.2754276643689","107.42940403968305","107.42940403968305","107.42940403968305"
"312000","261.0060237626441","261.0060237626441","261.0060237626441","204.9324948755922","204.9324948755922","204.9324948755922","236.11731185311123","236.11731185311123","236.11731185311123","58.73064844632688","58.73064844632688","58.73064844632688","132.25744699914904","132.25744699914904","132.25744699914904","58.25202050293821","58.25202050293821","58.25202050293821","171.23728020052127","171.23728020052127","171.23728020052127","123.73191633240326","123.73191633240326","123.73191633240326","157.0763709661886","157.0763709661886","157.0763709661886","154.7497005940745","154.7497005940745","154.7497005940745","172.79727747275325","172.79727747275325","172.79727747275325","2.4781715705978162","2.4781715705978162","2.4781715705978162","33.68841404395352","33.68841404395352","33.68841404395352","170.8023517760015","170.8023517760015","170.8023517760015","78.8501091906839","78.8501091906839","78.8501091906839","155.8781850124668","155.8781850124668","155.8781850124668","94.97501779342852","94.97501779342852","94.97501779342852","137.50309656124006","137.50309656124006","137.50309656124006","49.54318326073996","49.54318326073996","49.54318326073996","104.1448925302398","104.1448925302398","104.1448925302398"
"316000","248.16666626844","248.16666626844","248.16666626844","210.71522463505926","210.71522463505926","210.71522463505926","222.9950426228051","222.9950426228051","222.9950426228051","65.77548321272369","65.77548321272369","65.77548321272369","149.02129971117137","149.02129971117137","149.02129971117137","63.627599257738254","63.627599257738254","63.627599257738254","171.36565512374068","171.36565512374068","171.36565512374068","99.37998124119616","99.37998124119616","99.37998124119616","137.01465719534463","137.01465719534463","137.01465719534463","180.89514495327973","180.89514495327973","180.89514495327973","167.83671240082003","167.83671240082003","167.83671240082003","2.077056556620397","2.077056556620397","2.077056556620397","29.185766965186644","29.185766965186644","29.185766965186644","163.95859431039656","163.95859431039656","163.95859431039656","120.73675358267374","120.73675358267374","120.73675358267374","167.8482562380303","167.8482562380303","167.8482562380303","95.40470995236532","95.40470995236532","95.40470995236532","154.49097761578736","154.49097761578736","154.49097761578736","46.80389874119489","46.80389874119489","46.80389874119489","108.18770290075629","108.18770290075629","108.18770290075629"
"320000","233.17514851456207","233.17514851456207","233.17514851456207","205.08965022574222","205.08965022574222","205.08965022574222","225.15606523366506","225.15606523366506","225.15606523366506","54.40164625103809","54.40164625103809","54.40164625103809","143.103339737172","143.103339737172","143.103339737172","57.995451411376926","57.995451411376926","57.995451411376926","174.2949083406408","174.2949083406408","174.2949083406408","140.89809071682268","140.89809071682268","140.89809071682268","129.8016400602543","129.8016400602543","129.8016400602543","164.81586747418626","164.81586747418626","164.81586747418626","166.55191402623822","166.55191402623822","166.55191402623822","22.26739712643268","22.26739712643268","22.26739712643268","26.047392077543293","26.047392077543293","26.047392077543293","162.43021607702198","162.43021607702198","162.43021607702198","144.2628730559541","144.2628730559541","144.2628730559541","184.3909851894409","184.3909851894409","184.3909851894409","112.71494301659774","112.71494301659774","112.71494301659774","152.24782367725922","152.24782367725922","152.24782367725922","74.41641549969108","74.41641549969108","74.41641549969108","86.94127100985074","86.94127100985074","86.94127100985074"
"324000","272.3733270546731","272.3733270546731","272.3733270546731","180.99785939848374","180.99785939848374","180.99785939848374","221.49584753555183","221.49584753555183","221.49584753555183","72.83168396304674","72.83168396304674","72.83168396304674","144.13182531708506","144.13182531708506","144.13182531708506","61.161477026507086","61.161477026507086","61.161477026507086","164.43316530151088","164.43316530151088","164.43316530151088","160.6497038662651","160.6497038662651","160.6497038662651","140.60077817919307","140.60077817919307","140.60077817919307","148.83946548719896","148.83946548719896","148.83946548719896","173.63961939309792","173.63961939309792","173.63961939309792","10.146348881269674","10.146348881269674","10.146348881269674","67.35152192136407","67.35152192136407","67.35152192136407","189.4670787354284","189.4670787354284","189.4670787354284","35.07186874481638","35.07186874481638","35.07186874481638","151.8255734906391","151.8255734906391","151.8255734906391","134.04100553462214","134.04100553462214","134.04100553462214","144.25250243132072","144.25250243132072","144.25250243132072","46.211937065218194","46.211937065218194","46.211937065218194","91.91328304215918","91.91328304215918","91.91328304215918"
"328000","228.79579243066428","228.79579243066428","228.79579243066428","128.55259535871537","128.55259535871537","128.55259535871537","228.84687886789123","228.84687886789123","228.84687886789123","90.81350228993522","90.81350228993522","90.81350228993522","147.94620314094942","147.94620314094942","147.94620314094942","67.7031313126885","67.7031313126885","67.7031313126885","156.26673526185942","156.26673526185942","156.26673526185942","164.015043884211","164.015043884211","164.015043884211","118.11528799907452","118.11528799907452","118.11528799907452","174.6219151896681","174.6219151896681","174.6219151896681","5.121516185887692","5.121516185887692","5.121516185887692","1.876551581544072","1.876551581544072","1.876551581544072","66.21174496175931","66.21174496175931","66.21174496175931","203.03174548903604","203.03174548903604","203.03174548903604","16.52577613707819","16.52577613707819","16.52577613707819","158.69006434047066","158.69006434047066","158.69006434047066","134.6140186669491","134.6140186669491","134.6140186669491","169.88650016095588","169.88650016095588","169.88650016095588","70.3681151395854","70.3681151395854","70.3681151395854","98.75221045947674","98.75221045947674","98.75221045947674"
"332000","263.0208477031756","263.0208477031756","263.0208477031756","157.0523225580528","157.0523225580528","157.0523225580528","225.18652340695377","225.18652340695377","225.18652340695377","80.55394232052075","80.55394232052075","80.55394232052075","136.57512756267178","136.57512756267178","136.57512756267178","79.71097228072061","79.71097228072061","79.71097228072061","146.7157290433027","146.7157290433027","146.7157290433027","168.0453681066913","168.0453681066913","168.0453681066913","118.07888443990984","118.07888443990984","118.07888443990984","176.96254027744513","176.96254027744513","176.96254027744513","135.5239354570082","135.5239354570082","135.5239354570082","13.253202016026165","13.253202016026165","13.253202016026165","56.69190090063313","56.69190090063313","56.69190090063313","219.06632093089806","219.06632093089806","219.06632093089806","39.56425843025461","39.56425843025461","39.56425843025461","174.05531891596684","174.05531891596684","174.05531891596684","69.7876103511536","69.7876103511536","69.7876103511536","157.49285722952123","157.49285722952123","157.49285722952123","78.07618100748766","78.07618100748766","78.07618100748766","99.75748778110807","99.75748778110807","99.75748778110807"
"336000","246.58097638593262","246.58097638593262","246.58097638593262","184.21376992128256","184.21376992128256","184.21376992128256","229.28420851851916","229.28420851851916","229.28420851851916","84.50770784799317","84.50770784799317","84.50770784799317","137.1541926882139","137.1541926882139","137.1541926882139","75.10453631036356","75.10453631036356","75.10453631036356","146.80251855247406","146.80251855247406","146.80251855247406","152.9954328782584","152.9954328782584","152.9954328782584","101.21592770815275","101.21592770815275","101.21592770815275","172.99986095093828","172.99986095093828","172.99986095093828","163.70786981591658","163.70786981591658","163.70786981591658","5.170175082381069","5.170175082381069","5.170175082381069","58.67479493905512","58.67479493905512","58.67479493905512","194.07518598329756","194.07518598329756","194.07518598329756","56.15907629011008","56.15907629011008","56.15907629011008","181.6566236832635","181.6566236832635","181.6566236832635","84.89148679902084","84.89148679902084","84.89148679902084","152.34312449133202","152.34312449133202","152.34312449133202","102.4701566182807","102.4701566182807","102.4701566182807","97.77956424880998","97.77956424880998","97.77956424880998"
"340000","258.7965918588942","258.7965918588942","258.7965918588942","189.63978226276114","189.63978226276114","189.63978226276114","234.0934481006566","234.0934481006566","234.0934481006566","88.2369833474377","88.2369833474377","88.2369833474377","141.43478161719196","141.43478161719196","141.43478161719196","78.70514301433775","78.70514301433775","78.70514301433775","159.08728034858194","159.08728034858194","159.08728034858194","94.41439092547235","94.41439092547235","94.41439092547235","115.30613043122541","115.30613043122541","115.30613043122541","147.52384026960243","147.52384026960243","147.52384026960243","154.74550310361604","154.74550310361604","154.74550310361604","6.726044318166633","6.726044318166633","6.726044318166633","63.19819352187206","63.19819352187206","63.19819352187206","259.870542669096","259.870542669096","259.870542669096","64.0458220709946","64.0458220709946","64.0458220709946","150.1373299149431","150.1373299149431","150.1373299149431","50.93347838140458","50.93347838140458","50.93347838140458","163.56382656588275","163.56382656588275","163.56382656588275","63.840038712234914","63.840038712234914","63.840038712234914","100.38176781525098","100.38176781525098","100.38176781525098"
"344000","212.90828170035994","212.90828170035994","212.90828170035994","173.33562388265148","173.33562388265148","173.33562388265148","200.05005868174004","200.05005868174004","200.05005868174004","88.47553711178952","88.47553711178952","88.47553711178952","139.81652307782153","139.81652307782153","139.81652307782153","62.96789873357361","62.96789873357361","62.96789873357361","153.31443303028246","153.31443303028246","153.31443303028246","102.25183163231127","102.25183163231127","102.25183163231127","115.30934776161712","115.30934776161712","115.30934776161712","178.2557149814555","178.2557149814555","178.2557149814555","115.58640954397715","115.58640954397715","115.58640954397715","42.382680470247735","42.382680470247735","42.382680470247735","27.30098675867898","27.30098675867898","27.30098675867898","249.46129595810194","249.46129595810194","249.46129595810194","76.35269700757826","76.35269700757826","76.35269700757826","162.04971534333805","162.04971534333805","162.04971534333805","128.28315906856227","128.28315906856227","128.28315906856227","157.4930850108607","157.4930850108607","157.4930850108607","90.67863836654519","90.67863836654519","90.67863836654519","101.57646722793113","101.57646722793113","101.57646722793113"
"348000","207.9149396601227","207.9149396601227","207.9149396601227","207.16323461710127","207.16323461710127","207.16323461710127","198.53868881710113","198.53868881710113","198.53868881710113","94.97779749423162","94.97779749423162","94.97779749423162","143.35332131709208","143.35332131709208","143.35332131709208","67.0816964131811","67.0816964131811","67.0816964131811","155.74970173269853","155.74970173269853","155.74970173269853","105.47535539064661","105.47535539064661","105.47535539064661","160.81467567934337","160.81467567934337","160.81467567934337","161.88453654510073","161.88453654510073","161.88453654510073","109.70361794709788","109.70361794709788","109.70361794709788","6.80135723716312","6.80135723716312","6.80135723716312","26.800310362931384","26.800310362931384","26.800310362931384","244.60168589055985","244.60168589055985","244.60168589055985","109.32835402236199","109.32835402236199","109.32835402236199","154.05284755485837","154.05284755485837","154.05284755485837","131.5517230919238","131.5517230919238","131.5517230919238","158.60373953812726","158.60373953812726","158.60373953812726","65.473422736635","65.473422736635","65.473422736635","118.78462045854182","118.78462045854182","118.78462045854182"
"352000","240.09860790589218","240.09860790589218","240.09860790589218","192.12192378744382","192.12192378744382","192.12192378744382","213.25623231171076","213.25623231171076","213.25623231171076","109.67146312128166","109.67146312128166","109.67146312128166","138.00104232304273","138.00104232304273","138.00104232304273","117.72392268022979","117.72392268022979","117.72392268022979","146.9367798467166","146.9367798467166","146.9367798467166","86.48730921252414","86.48730921252414","86.48730921252414","168.77328531338622","168.77328531338622","168.77328531338622","169.77832132415014","169.77832132415014","169.77832132415014","134.16820527360068","134.16820527360068","134.16820527360068","7.692169966007017","7.692169966007017","7.692169966007017","25.894436070930986","25.894436070930986","25.894436070930986","246.17814765271615","246.17814765271615","246.17814765271615","108.60674716718715","108.60674716718715","108.60674716718715","135.79175697020312","135.79175697020312","135.79175697020312","131.46865270068622","131.46865270068622","131.46865270068622","209.36480234612674","209.36480234612674","209.36480234612674","176.00298289097992","176.00298289097992","176.00298289097992","120.89890640155527","120.89890640155527","120.89890640155527"
"356000","234.04860636455663","234.04860636455663","234.04860636455663","202.74074932434834","202.74074932434834","202.74074932434834","214.67744077269927","214.67744077269927","214.67744077269927","79.39297987064501","79.39297987064501","79.39297987064501","134.10064094081136","134.10064094081136","134.10064094081136","74.81146483383607","74.81146483383607","74.81146483383607","151.04247682600948","151.04247682600948","151.04247682600948","84.81092729590938","84.81092729590938","84.81092729590938","145.76041136816573","145.76041136816573","145.76041136816573","133.1200771324336","133.1200771324336","133.1200771324336","134.82261866492806","134.82261866492806","134.82261866492806","7.111188618867361","7.111188618867361","7.111188618867361","75.16042896540299","75.16042896540299","75.16042896540299","176.10382414317587","176.10382414317587","176.10382414317587","77.66464061267114","77.66464061267114","77.66464061267114","161.03646821834406","161.03646821834406","161.03646821834406","172.64875436188962","172.64875436188962","172.64875436188962","162.60160743643277","162.60160743643277","162.60160743643277","179.321187432405","179.321187432405","179.321187432405","124.9623401631928","124.9623401631928","124.9623401631928"
"360000","237.68267955085042","237.68267955085042","237.68267955085042","199.3434671622602","199.3434671622602","199.3434671622602","197.03487648911855","197.03487648911855","197.03487648911855","64.1565269124895","64.1565269124895","64.1565269124895","137.46461096083956","137.46461096083956","137.46461096083956","87.34750192089618","87.34750192089618","87.34750192089618","162.5468137798804","162.5468137798804","162.5468137798804","80.05356685052185","80.05356685052185","80.05356685052185","110.47656703054353","110.47656703054353","110.47656703054353","132.58395405071306","132.58395405071306","132.58395405071306","155.26806816412858","155.26806816412858","155.26806816412858","41.320514200203775","41.320514200203775","41.320514200203775","68.87260438380835","68.87260438380835","68.87260438380835","144.08186575353827","144.08186575353827","144.08186575353827","105.96641903056857","105.96641903056857","105.96641903056857","146.8406112927733","146.8406112927733","146.8406112927733","159.13922625026515","159.13922625026515","159.13922625026515","169.41734049199258","169.41734049199258","169.41734049199258","178.13457737018098","178.13457737018098","178.13457737018098","190.0427619838828","190.0427619838828","190.0427619838828"
"364000","246.6858703672595","246.6858703672595","246.6858703672595","150.28017236961114","150.28017236961114","150.28017236961114","203.16192481825115","203.16192481825115","203.16192481825115","99.56428035427767","99.56428035427767","99.56428035427767","139.5753398282417","139.5753398282417","139.5753398282417","94.5385546247953","94.5385546247953","94.5385546247953","174.3124549552243","174.3124549552243","174.3124549552243","113.50583132023493","113.50583132023493","113.50583132023493","120.1793824332108","120.1793824332108","120.1793824332108","156.48850313639224","156.48850313639224","156.48850313639224","158.39341328322996","158.39341328322996","158.39341328322996","85.09874444835482","85.09874444835482","85.09874444835482","72.56060731941862","72.56060731941862","72.56060731941862","201.42074999725963","201.42074999725963","201.42074999725963","83.40009804607101","83.40009804607101","83.40009804607101","200.14698378211202","200.14698378211202","200.14698378211202","191.9477712313019","191.9477712313019","191.9477712313019","176.43309097663467","176.43309097663467","176.43309097663467","171.96490254534743","171.96490254534743","171.96490254534743","138.2820637745374","138.2820637745374","138.2820637745374"
"368000","265.7163308241782","265.7163308241782","265.7163308241782","225.45418090848807","225.45418090848807","225.45418090848807","208.6613120957205","208.6613120957205","208.6613120957205","107.57052821068287","107.57052821068287","107.57052821068287","154.98601110551598","154.98601110551598","154.98601110551598","107.17661278441547","107.17661278441547","107.17661278441547","181.3126403081821","181.3126403081821","181.3126403081821","114.39924554764858","114.39924554764858","114.39924554764858","160.2570724117241","160.2570724117241","160.2570724117241","159.18818889221183","159.18818889221183","159.18818889221183","114.09849954154379","114.09849954154379","114.09849954154379","55.721390273034594","55.721390273034594","55.721390273034594","68.80308509200258","68.80308509200258","68.80308509200258","164.53120568098677","164.53120568098677","164.53120568098677","119.4826909815882","119.4826909815882","119.4826909815882","197.64805838187687","197.64805838187687","197.64805838187687","191.99974094344498","191.99974094344498","191.99974094344498","163.1001939245747","163.1001939245747","163.1001939245747","183.9381979600913","183.9381979600913","183.9381979600913","115.5427163807149","115.5427163807149","115.5427163807149"
"372000","265.59260034132046","265.59260034132046","265.59260034132046","233.47862687933608","233.47862687933608","233.47862687933608","212.55524656546777","212.55524656546777","212.55524656546777","112.17957530883191","112.17957530883191","112.17957530883191","153.45973400411572","153.45973400411572","153.45973400411572","85.30157202432162","85.30157202432162","85.30157202432162","180.24139891837476","180.24139891837476","180.24139891837476","107.22698269224045","107.22698269224045","107.22698269224045","171.32045679787393","171.32045679787393","171.32045679787393","185.23243645245458","185.23243645245458","185.23243645245458","146.46664781248722","146.46664781248722","146.46664781248722","59.62037015727996","59.62037015727996","59.62037015727996","71.81930573409966","71.81930573409966","71.81930573409966","175.308709094462","175.308709094462","175.308709094462","128.50279001087077","128.50279001087077","128.50279001087077","182.43996726827658","182.43996726827658","182.43996726827658","183.34696979132806","183.34696979132806","183.34696979132806","169.81725338639274","169.81725338639274","169.81725338639274","184.24630433830438","184.24630433830438","184.24630433830438","134.51023429861684","134.51023429861684","134.51023429861684"
"376000","251.9582559005937","251.9582559005937","251.9582559005937","225.10475838371667","225.10475838371667","225.10475838371667","228.8948364227719","228.8948364227719","228.8948364227719","118.4914478174534","118.4914478174534","118.4914478174534","153.475703038957","153.475703038957","153.475703038957","64.50575854715309","64.50575854715309","64.50575854715309","133.52190531739558","133.52190531739558","133.52190531739558","81.27359208771126","81.27359208771126","81.27359208771126","157.89952651939208","157.89952651939208","157.89952651939208","214.07799814741944","214.07799814741944","214.07799814741944","130.3186941843366","130.3186941843366","130.3186941843366","157.79803216428712","157.79803216428712","157.79803216428712","70.76476928231395","70.76476928231395","70.76476928231395","181.07250123231142","181.07250123231142","181.07250123231142","123.43439518481478","123.43439518481478","123.43439518481478","188.3250046329935","188.3250046329935","188.3250046329935","173.3602927227082","173.3602927227082","173.3602927227082","167.17644419775334","167.17644419775334","167.17644419775334","169.37932450682666","169.37932450682666","169.37932450682666","107.22488140373252","107.22488140373252","107.22488140373252"
"380000","252.45687421292922","252.45687421292922","252.45687421292922","230.45199107237733","230.45199107237733","230.45199107237733","225.93934940991704","225.93934940991704","225.93934940991704","112.30451502743726","112.30451502743726","112.30451502743726","156.49080419615126","156.49080419615126","156.49080419615126","96.3433697340358","96.3433697340358","96.3433697340358","170.17826778680265","170.17826778680265","170.17826778680265","104.53505877563025","104.53505877563025","104.53505877563025","153.31459673883958","153.31459673883958","153.31459673883958","188.19265861323657","188.19265861323657","188.19265861323657","125.51841130951144","125.51841130951144","125.51841130951144","169.69436473783617","169.69436473783617","169.69436473783617","61.22235226119932","61.22235226119932","61.22235226119932","127.88535396312732","127.88535396312732","127.88535396312732","133.46683115384525","133.46683115384525","133.46683115384525","197.84971008933587","197.84971008933587","197.84971008933587","185.63819690638462","185.63819690638462","185.63819690638462","183.5547764779307","183.5547764779307","183.5547764779307","166.60730929891332","166.60730929891332","166.60730929891332","93.18769249803671","93.18769249803671","93.18769249803671"
"384000","248.21187089407513","248.21187089407513","248.21187089407513","228.32347650964584","228.32347650964584","228.32347650964584","212.37885167275135","212.37885167275135","212.37885167275135","111.08431757328944","111.08431757328944","111.08431757328944","135.98106738745403","135.98106738745403","135.98106738745403","117.73888765636234","117.73888765636234","117.73888765636234","174.9982061241339","174.9982061241339","174.9982061241339","71.85736617960643","71.85736617960643","71.85736617960643","171.52248610510395","171.52248610510395","171.52248610510395","190.91334276907588","190.91334276907588","190.91334276907588","153.31676693336988","153.31676693336988","153.31676693336988","57.7958374356577","57.7958374356577","57.7958374356577","74.31756866155773","74.31756866155773","74.31756866155773","131.85195909294902","131.85195909294902","131.85195909294902","122.7964457368787","122.7964457368787","122.7964457368787","191.39855847254745","191.39855847254745","191.39855847254745","178.95597019523612","178.95597019523612","178.95597019523612","174.1076569923146","174.1076569923146","174.1076569923146","136.55818101028922","136.55818101028922","136.55818101028922","127.95575741324656","127.95575741324656","127.95575741324656"
"388000","250.02828477147392","250.02828477147392","250.02828477147392","221.23933419082658","221.23933419082658","221.23933419082658","145.84498410812682","145.84498410812682","145.84498410812682","101.9476603737334","101.9476603737334","101.9476603737334","138.76718781856272","138.76718781856272","138.76718781856272","91.95001614992552","91.95001614992552","91.95001614992552","207.73218201061954","207.73218201061954","207.73218201061954","78.88476498853825","78.88476498853825","78.88476498853825","160.64591365850794","160.64591365850794","160.64591365850794","183.45948384935207","183.45948384935207","183.45948384935207","161.8537498561356","161.8537498561356","161.8537498561356","49.418298334409116","49.418298334409116","49.418298334409116","73.46283719209131","73.46283719209131","73.46283719209131","130.3386872355127","130.3386872355127","130.3386872355127","125.79560686816346","125.79560686816346","125.79560686816346","183.01017753803052","183.01017753803052","183.01017753803052","176.1115002393741","176.1115002393741","176.1115002393741","169.21001577728296","169.21001577728296","169.21001577728296","107.72245269233095","107.72245269233095","107.72245269233095","117.40464077174974","117.40464077174974","117.40464077174974"
"392000","241.66475293650737","241.66475293650737","241.66475293650737","243.04667089597746","243.04667089597746","243.04667089597746","207.22512123320865","207.22512123320865","207.22512123320865","80.46484088603225","80.46484088603225","80.46484088603225","144.17027962044534","144.17027962044534","144.17027962044534","71.62000536728223","71.62000536728223","71.62000536728223","193.69513043489604","193.69513043489604","193.69513043489604","131.5650858080635","131.5650858080635","131.5650858080635","152.4278679050811","152.4278679050811","152.4278679050811","163.57451529536613","163.57451529536613","163.57451529536613","5.229724558358303","5.229724558358303","5.229724558358303","52.85536795190019","52.85536795190019","52.85536795190019","74.87505278102705","74.87505278102705","74.87505278102705","184.1908090530826","184.1908090530826","184.1908090530826","213.06654903375426","213.06654903375426","213.06654903375426","180.7169766113318","180.7169766113318","180.7169766113318","191.76374425414235","191.76374425414235","191.76374425414235","167.57187803376559","167.57187803376559","167.57187803376559","111.25244343587318","111.25244343587318","111.25244343587318","107.90407967877911","107.90407967877911","107.90407967877911"
"396000","254.97954709167112","254.97954709167112","254.97954709167112","257.47756766428785","257.47756766428785","257.47756766428785","198.06480330674378","198.06480330674378","198.06480330674378","97.29717610328441","97.29717610328441","97.29717610328441","148.62593638488676","148.62593638488676","148.62593638488676","69.05312863398882","69.05312863398882","69.05312863398882","183.43077444878853","183.43077444878853","183.43077444878853","129.26787274119062","129.26787274119062","129.26787274119062","122.62332173106468","122.62332173106468","122.62332173106468","185.80004786239985","185.80004786239985","185.80004786239985","60.123377433104665","60.123377433104665","60.123377433104665","75.33172532522448","75.33172532522448","75.33172532522448","77.95692959130842","77.95692959130842","77.95692959130842","179.24283929700343","179.24283929700343","179.24283929700343","231.59851326657972","231.59851326657972","231.59851326657972","182.88578021559061","182.88578021559061","182.88578021559061","191.66971429994103","191.66971429994103","191.66971429994103","160.9908991438919","160.9908991438919","160.9908991438919","179.7190034153087","179.7190034153087","179.7190034153087","116.66611435513741","116.66611435513741","116.66611435513741"
"400000","249.8248422108195","249.8248422108195","249.8248422108195","269.02229252184486","269.02229252184486","269.02229252184486","198.7660732692432","198.7660732692432","198.7660732692432","101.09514666888762","101.09514666888762","101.09514666888762","148.9881063048096","148.9881063048096","148.9881063048096","73.41651449212996","73.41651449212996","73.41651449212996","157.42100943679284","157.42100943679284","157.42100943679284","120.7830721318317","120.7830721318317","120.7830721318317","142.5910451954664","142.5910451954664","142.5910451954664","175.83997122483328","175.83997122483328","175.83997122483328","140.21252043331984","140.21252043331984","140.21252043331984","75.33715486997572","75.33715486997572","75.33715486997572","77.70341616323097","77.70341616323097","77.70341616323097","160.4544439179162","160.4544439179162","160.4544439179162","226.4925954814179","226.4925954814179","226.4925954814179","187.4066697001685","187.4066697001685","187.4066697001685","182.02138076644","182.02138076644","182.02138076644","135.5911761600815","135.5911761600815","135.5911761600815","174.7374264770945","174.7374264770945","174.7374264770945","81.8984628862671","81.8984628862671","81.8984628862671"