"Step","DDPG_TAAC_PointMaze_Medium_Diverse_GRDense-v3_9 - eval/avg_reward","DDPG_TAAC_PointMaze_Medium_Diverse_GRDense-v3_9 - eval/avg_reward__MIN","DDPG_TAAC_PointMaze_Medium_Diverse_GRDense-v3_9 - eval/avg_reward__MAX","DDPG_TAAC_PointMaze_Medium_Diverse_GRDense-v3_8 - eval/avg_reward","DDPG_TAAC_PointMaze_Medium_Diverse_GRDense-v3_8 - eval/avg_reward__MIN","DDPG_TAAC_PointMaze_Medium_Diverse_GRDense-v3_8 - eval/avg_reward__MAX","DDPG_TAAC_PointMaze_Medium_Diverse_GRDense-v3_7 - eval/avg_reward","DDPG_TAAC_PointMaze_Medium_Diverse_GRDense-v3_7 - eval/avg_reward__MIN","DDPG_TAAC_PointMaze_Medium_Diverse_GRDense-v3_7 - eval/avg_reward__MAX","DDPG_TAAC_PointMaze_Medium_Diverse_GRDense-v3_6 - eval/avg_reward","DDPG_TAAC_PointMaze_Medium_Diverse_GRDense-v3_6 - eval/avg_reward__MIN","DDPG_TAAC_PointMaze_Medium_Diverse_GRDense-v3_6 - eval/avg_reward__MAX","DDPG_TAAC_PointMaze_Medium_Diverse_GRDense-v3_5 - eval/avg_reward","DDPG_TAAC_PointMaze_Medium_Diverse_GRDense-v3_5 - eval/avg_reward__MIN","DDPG_TAAC_PointMaze_Medium_Diverse_GRDense-v3_5 - eval/avg_reward__MAX","DDPG_TAAC_PointMaze_Medium_Diverse_GRDense-v3_4 - eval/avg_reward","DDPG_TAAC_PointMaze_Medium_Diverse_GRDense-v3_4 - eval/avg_reward__MIN","DDPG_TAAC_PointMaze_Medium_Diverse_GRDense-v3_4 - eval/avg_reward__MAX","DDPG_TAAC_PointMaze_Medium_Diverse_GRDense-v3_3 - eval/avg_reward","DDPG_TAAC_PointMaze_Medium_Diverse_GRDense-v3_3 - eval/avg_reward__MIN","DDPG_TAAC_PointMaze_Medium_Diverse_GRDense-v3_3 - eval/avg_reward__MAX","DDPG_TAAC_PointMaze_Medium_Diverse_GRDense-v3_2 - eval/avg_reward","DDPG_TAAC_PointMaze_Medium_Diverse_GRDense-v3_2 - eval/avg_reward__MIN","DDPG_TAAC_PointMaze_Medium_Diverse_GRDense-v3_2 - eval/avg_reward__MAX","DDPG_TAAC_PointMaze_Medium_Diverse_GRDense-v3_19 - eval/avg_reward","DDPG_TAAC_PointMaze_Medium_Diverse_GRDense-v3_19 - eval/avg_reward__MIN","DDPG_TAAC_PointMaze_Medium_Diverse_GRDense-v3_19 - eval/avg_reward__MAX","DDPG_TAAC_PointMaze_Medium_Diverse_GRDense-v3_18 - eval/avg_reward","DDPG_TAAC_PointMaze_Medium_Diverse_GRDense-v3_18 - eval/avg_reward__MIN","DDPG_TAAC_PointMaze_Medium_Diverse_GRDense-v3_18 - eval/avg_reward__MAX","DDPG_TAAC_PointMaze_Medium_Diverse_GRDense-v3_17 - eval/avg_reward","DDPG_TAAC_PointMaze_Medium_Diverse_GRDense-v3_17 - eval/avg_reward__MIN","DDPG_TAAC_PointMaze_Medium_Diverse_GRDense-v3_17 - eval/avg_reward__MAX","DDPG_TAAC_PointMaze_Medium_Diverse_GRDense-v3_16 - eval/avg_reward","DDPG_TAAC_PointMaze_Medium_Diverse_GRDense-v3_16 - eval/avg_reward__MIN","DDPG_TAAC_PointMaze_Medium_Diverse_GRDense-v3_16 - eval/avg_reward__MAX","DDPG_TAAC_PointMaze_Medium_Diverse_GRDense-v3_15 - eval/avg_reward","DDPG_TAAC_PointMaze_Medium_Diverse_GRDense-v3_15 - eval/avg_reward__MIN","DDPG_TAAC_PointMaze_Medium_Diverse_GRDense-v3_15 - eval/avg_reward__MAX","DDPG_TAAC_PointMaze_Medium_Diverse_GRDense-v3_14 - eval/avg_reward","DDPG_TAAC_PointMaze_Medium_Diverse_GRDense-v3_14 - eval/avg_reward__MIN","DDPG_TAAC_PointMaze_Medium_Diverse_GRDense-v3_14 - eval/avg_reward__MAX","DDPG_TAAC_PointMaze_Medium_Diverse_GRDense-v3_13 - eval/avg_reward","DDPG_TAAC_PointMaze_Medium_Diverse_GRDense-v3_13 - eval/avg_reward__MIN","DDPG_TAAC_PointMaze_Medium_Diverse_GRDense-v3_13 - eval/avg_reward__MAX","DDPG_TAAC_PointMaze_Medium_Diverse_GRDense-v3_12 - eval/avg_reward","DDPG_TAAC_PointMaze_Medium_Diverse_GRDense-v3_12 - eval/avg_reward__MIN","DDPG_TAAC_PointMaze_Medium_Diverse_GRDense-v3_12 - eval/avg_reward__MAX","DDPG_TAAC_PointMaze_Medium_Diverse_GRDense-v3_11 - eval/avg_reward","DDPG_TAAC_PointMaze_Medium_Diverse_GRDense-v3_11 - eval/avg_reward__MIN","DDPG_TAAC_PointMaze_Medium_Diverse_GRDense-v3_11 - eval/avg_reward__MAX","DDPG_TAAC_PointMaze_Medium_Diverse_GRDense-v3_10 - eval/avg_reward","DDPG_TAAC_PointMaze_Medium_Diverse_GRDense-v3_10 - eval/avg_reward__MIN","DDPG_TAAC_PointMaze_Medium_Diverse_GRDense-v3_10 - eval/avg_reward__MAX","DDPG_TAAC_PointMaze_Medium_Diverse_GRDense-v3_1 - eval/avg_reward","DDPG_TAAC_PointMaze_Medium_Diverse_GRDense-v3_1 - eval/avg_reward__MIN","DDPG_TAAC_PointMaze_Medium_Diverse_GRDense-v3_1 - eval/avg_reward__MAX","DDPG_TAAC_PointMaze_Medium_Diverse_GRDense-v3_0 - eval/avg_reward","DDPG_TAAC_PointMaze_Medium_Diverse_GRDense-v3_0 - eval/avg_reward__MIN","DDPG_TAAC_PointMaze_Medium_Diverse_GRDense-v3_0 - eval/avg_reward__MAX"
"0","4.938151016809771","4.938151016809771","4.938151016809771","9.084713904319825","9.084713904319825","9.084713904319825","18.785975045999372","18.785975045999372","18.785975045999372","7.535050206658755","7.535050206658755","7.535050206658755","7.243395679286891","7.243395679286891","7.243395679286891","5.9628091257449185","5.9628091257449185","5.9628091257449185","21.38747220571556","21.38747220571556","21.38747220571556","12.21355352016006","12.21355352016006","12.21355352016006","9.425568127040249","9.425568127040249","9.425568127040249","3.368670490361376","3.368670490361376","3.368670490361376","5.165545462803255","5.165545462803255","5.165545462803255","3.1546905844533706","3.1546905844533706","3.1546905844533706","6.296806118447182","6.296806118447182","6.296806118447182","11.149856607030959","11.149856607030959","11.149856607030959","3.5024425738655345","3.5024425738655345","3.5024425738655345","16.644479170549424","16.644479170549424","16.644479170549424","6.642012452894012","6.642012452894012","6.642012452894012","18.536755399855753","18.536755399855753","18.536755399855753","2.7122393857708196","2.7122393857708196","2.7122393857708196","50.5481708818198","50.5481708818198","50.5481708818198"
"4000","33.137376827914366","33.137376827914366","33.137376827914366","81.14598860451876","81.14598860451876","81.14598860451876","31.853246656479335","31.853246656479335","31.853246656479335","1.9240306774454923","1.9240306774454923","1.9240306774454923","5.290517849871572","5.290517849871572","5.290517849871572","7.5395185443578585","7.5395185443578585","7.5395185443578585","8.50057120689054","8.50057120689054","8.50057120689054","12.964339449977775","12.964339449977775","12.964339449977775","7.06726150174219","7.06726150174219","7.06726150174219","22.38244117354919","22.38244117354919","22.38244117354919","5.606155498847168","5.606155498847168","5.606155498847168","1.3072039452794733","1.3072039452794733","1.3072039452794733","6.5383190258888275","6.5383190258888275","6.5383190258888275","4.359662833015872","4.359662833015872","4.359662833015872","2.1563752282921747","2.1563752282921747","2.1563752282921747","8.381810874661033","8.381810874661033","8.381810874661033","55.840803941904184","55.840803941904184","55.840803941904184","18.9103548951932","18.9103548951932","18.9103548951932","2.721582058782047","2.721582058782047","2.721582058782047","23.892054433073046","23.892054433073046","23.892054433073046"
"8000","5.2786025808533195","5.2786025808533195","5.2786025808533195","30.461514946957145","30.461514946957145","30.461514946957145","31.78870666321611","31.78870666321611","31.78870666321611","1.6978677447770694","1.6978677447770694","1.6978677447770694","5.4270108905154215","5.4270108905154215","5.4270108905154215","10.054072095167555","10.054072095167555","10.054072095167555","9.040245856703283","9.040245856703283","9.040245856703283","31.842829155440786","31.842829155440786","31.842829155440786","17.46044413915498","17.46044413915498","17.46044413915498","5.085390813342635","5.085390813342635","5.085390813342635","4.3570078319852685","4.3570078319852685","4.3570078319852685","2.5472457568261224","2.5472457568261224","2.5472457568261224","18.285897902408006","18.285897902408006","18.285897902408006","5.42159255133244","5.42159255133244","5.42159255133244","28.865575632954524","28.865575632954524","28.865575632954524","39.35244385673674","39.35244385673674","39.35244385673674","13.861074544703309","13.861074544703309","13.861074544703309","6.54852179842444","6.54852179842444","6.54852179842444","9.3163366442943","9.3163366442943","9.3163366442943","93.21606591893517","93.21606591893517","93.21606591893517"
"12000","9.971781723730267","9.971781723730267","9.971781723730267","30.461564580645756","30.461564580645756","30.461564580645756","29.697365596625286","29.697365596625286","29.697365596625286","27.137344349733773","27.137344349733773","27.137344349733773","5.426852968888717","5.426852968888717","5.426852968888717","14.427153520356507","14.427153520356507","14.427153520356507","29.693234514784574","29.693234514784574","29.693234514784574","43.702119573607774","43.702119573607774","43.702119573607774","17.83687646314668","17.83687646314668","17.83687646314668","10.040092937039924","10.040092937039924","10.040092937039924","4.358572715546503","4.358572715546503","4.358572715546503","3.435362321354583","3.435362321354583","3.435362321354583","13.868975466089768","13.868975466089768","13.868975466089768","5.107685085091822","5.107685085091822","5.107685085091822","28.865562982416225","28.865562982416225","28.865562982416225","20.720935661568873","20.720935661568873","20.720935661568873","38.336711153552045","38.336711153552045","38.336711153552045","37.70330510058692","37.70330510058692","37.70330510058692","55.921585668624424","55.921585668624424","55.921585668624424","48.293478125430866","48.293478125430866","48.293478125430866"
"16000","8.737393661343818","8.737393661343818","8.737393661343818","33.965696472065304","33.965696472065304","33.965696472065304","31.871228291931835","31.871228291931835","31.871228291931835","32.33561164766461","32.33561164766461","32.33561164766461","8.0666704600045","8.0666704600045","8.0666704600045","14.083753236549763","14.083753236549763","14.083753236549763","13.095673383244812","13.095673383244812","13.095673383244812","111.1006773743585","111.1006773743585","111.1006773743585","36.647370311667224","36.647370311667224","36.647370311667224","22.792213928040436","22.792213928040436","22.792213928040436","4.3572877432286745","4.3572877432286745","4.3572877432286745","20.383808023646026","20.383808023646026","20.383808023646026","18.981743216528066","18.981743216528066","18.981743216528066","9.845464134769875","9.845464134769875","9.845464134769875","28.86557778129931","28.86557778129931","28.86557778129931","20.670740249942675","20.670740249942675","20.670740249942675","52.49613152510435","52.49613152510435","52.49613152510435","11.153493866715783","11.153493866715783","11.153493866715783","55.78272408444805","55.78272408444805","55.78272408444805","56.97915753367187","56.97915753367187","56.97915753367187"
"20000","19.273495043520462","19.273495043520462","19.273495043520462","72.15188838297988","72.15188838297988","72.15188838297988","31.866395843057838","31.866395843057838","31.866395843057838","36.06477311195819","36.06477311195819","36.06477311195819","8.066354209273527","8.066354209273527","8.066354209273527","25.913712916840076","25.913712916840076","25.913712916840076","74.42663548565955","74.42663548565955","74.42663548565955","102.28269491389514","102.28269491389514","102.28269491389514","32.224648210421975","32.224648210421975","32.224648210421975","28.225616628002445","28.225616628002445","28.225616628002445","4.371189785415636","4.371189785415636","4.371189785415636","61.911724648835275","61.911724648835275","61.911724648835275","51.09595452779243","51.09595452779243","51.09595452779243","11.964455225030667","11.964455225030667","11.964455225030667","28.86557797284569","28.86557797284569","28.86557797284569","40.64746522624276","40.64746522624276","40.64746522624276","63.6502778400486","63.6502778400486","63.6502778400486","9.357021319018054","9.357021319018054","9.357021319018054","61.90291037506879","61.90291037506879","61.90291037506879","25.984130903363308","25.984130903363308","25.984130903363308"
"24000","14.331117225517584","14.331117225517584","14.331117225517584","72.34845952268445","72.34845952268445","72.34845952268445","32.04153687580221","32.04153687580221","32.04153687580221","36.198964741576546","36.198964741576546","36.198964741576546","7.811792141878845","7.811792141878845","7.811792141878845","18.893578469563277","18.893578469563277","18.893578469563277","70.70374555188793","70.70374555188793","70.70374555188793","85.63966310683614","85.63966310683614","85.63966310683614","53.1934167533697","53.1934167533697","53.1934167533697","46.426406514293305","46.426406514293305","46.426406514293305","4.509521302677402","4.509521302677402","4.509521302677402","36.540807446431","36.540807446431","36.540807446431","48.36041971441591","48.36041971441591","48.36041971441591","11.38913226555745","11.38913226555745","11.38913226555745","29.6724996951989","29.6724996951989","29.6724996951989","51.0423190815463","51.0423190815463","51.0423190815463","63.39168567211773","63.39168567211773","63.39168567211773","9.780745735865883","9.780745735865883","9.780745735865883","78.36367761201504","78.36367761201504","78.36367761201504","31.53098130743581","31.53098130743581","31.53098130743581"
"28000","74.47179629497805","74.47179629497805","74.47179629497805","67.38738214262693","67.38738214262693","67.38738214262693","31.87735112658454","31.87735112658454","31.87735112658454","33.39957668840441","33.39957668840441","33.39957668840441","8.98625609193359","8.98625609193359","8.98625609193359","29.975761448137526","29.975761448137526","29.975761448137526","72.22656865512772","72.22656865512772","72.22656865512772","104.9166855556751","104.9166855556751","104.9166855556751","66.22558385737507","66.22558385737507","66.22558385737507","29.487025198621787","29.487025198621787","29.487025198621787","5.491133133139322","5.491133133139322","5.491133133139322","2.3369256765619633","2.3369256765619633","2.3369256765619633","34.61486431411623","34.61486431411623","34.61486431411623","11.012930139072143","11.012930139072143","11.012930139072143","35.68217603561177","35.68217603561177","35.68217603561177","40.51961466002046","40.51961466002046","40.51961466002046","171.63104982848546","171.63104982848546","171.63104982848546","7.938362616149925","7.938362616149925","7.938362616149925","183.55180697634316","183.55180697634316","183.55180697634316","34.276034222168505","34.276034222168505","34.276034222168505"
"32000","80.96914652541406","80.96914652541406","80.96914652541406","44.887635024437735","44.887635024437735","44.887635024437735","31.881487992443887","31.881487992443887","31.881487992443887","34.41526772604156","34.41526772604156","34.41526772604156","23.22568524586438","23.22568524586438","23.22568524586438","37.77598787601566","37.77598787601566","37.77598787601566","67.5993691050996","67.5993691050996","67.5993691050996","116.24551873741648","116.24551873741648","116.24551873741648","65.5587501845047","65.5587501845047","65.5587501845047","20.686879348358453","20.686879348358453","20.686879348358453","116.88156440774196","116.88156440774196","116.88156440774196","21.809067110042697","21.809067110042697","21.809067110042697","42.741974259111736","42.741974259111736","42.741974259111736","26.235139533693633","26.235139533693633","26.235139533693633","35.55989669021367","35.55989669021367","35.55989669021367","55.374897919720844","55.374897919720844","55.374897919720844","178.9707032162702","178.9707032162702","178.9707032162702","9.144592429114434","9.144592429114434","9.144592429114434","140.66863980715797","140.66863980715797","140.66863980715797","24.042623616199016","24.042623616199016","24.042623616199016"
"36000","111.212667636026","111.212667636026","111.212667636026","62.8766307884874","62.8766307884874","62.8766307884874","34.55804766739085","34.55804766739085","34.55804766739085","24.38932741248818","24.38932741248818","24.38932741248818","57.95112065674414","57.95112065674414","57.95112065674414","10.950078293954652","10.950078293954652","10.950078293954652","70.9877262594849","70.9877262594849","70.9877262594849","114.0306142727195","114.0306142727195","114.0306142727195","72.53971624896958","72.53971624896958","72.53971624896958","59.85564661340211","59.85564661340211","59.85564661340211","75.68284187483805","75.68284187483805","75.68284187483805","42.23986511223151","42.23986511223151","42.23986511223151","30.067924573802344","30.067924573802344","30.067924573802344","30.717102431236913","30.717102431236913","30.717102431236913","29.1918752951262","29.1918752951262","29.1918752951262","66.57744360580205","66.57744360580205","66.57744360580205","166.87288141948792","166.87288141948792","166.87288141948792","25.87567556036233","25.87567556036233","25.87567556036233","139.80910780347057","139.80910780347057","139.80910780347057","31.448847211607887","31.448847211607887","31.448847211607887"
"40000","113.68518154358078","113.68518154358078","113.68518154358078","70.16641294710794","70.16641294710794","70.16641294710794","57.90195988199302","57.90195988199302","57.90195988199302","24.342697320380527","24.342697320380527","24.342697320380527","3.0980165661369066","3.0980165661369066","3.0980165661369066","22.824399028982967","22.824399028982967","22.824399028982967","87.64305796116929","87.64305796116929","87.64305796116929","146.16072070095123","146.16072070095123","146.16072070095123","48.58481024621637","48.58481024621637","48.58481024621637","61.51257087399578","61.51257087399578","61.51257087399578","5.298062504407304","5.298062504407304","5.298062504407304","42.70063508315182","42.70063508315182","42.70063508315182","47.187567597122474","47.187567597122474","47.187567597122474","20.04291158227649","20.04291158227649","20.04291158227649","34.53975454159997","34.53975454159997","34.53975454159997","69.53790149835285","69.53790149835285","69.53790149835285","99.12111517371903","99.12111517371903","99.12111517371903","8.81973200072007","8.81973200072007","8.81973200072007","144.3831427255715","144.3831427255715","144.3831427255715","66.02749206599165","66.02749206599165","66.02749206599165"
"44000","111.84506432547933","111.84506432547933","111.84506432547933","63.51134888777191","63.51134888777191","63.51134888777191","42.0462531100214","42.0462531100214","42.0462531100214","24.32745682821594","24.32745682821594","24.32745682821594","62.80340154475125","62.80340154475125","62.80340154475125","23.111627324363077","23.111627324363077","23.111627324363077","79.40182665913044","79.40182665913044","79.40182665913044","97.70352624879516","97.70352624879516","97.70352624879516","70.29874868746401","70.29874868746401","70.29874868746401","75.39890855576463","75.39890855576463","75.39890855576463","5.305481773417488","5.305481773417488","5.305481773417488","112.98778076703286","112.98778076703286","112.98778076703286","53.36202672533161","53.36202672533161","53.36202672533161","41.23232192316015","41.23232192316015","41.23232192316015","24.53652144794738","24.53652144794738","24.53652144794738","64.35062273110171","64.35062273110171","64.35062273110171","152.90112566502037","152.90112566502037","152.90112566502037","9.38338176568513","9.38338176568513","9.38338176568513","143.7548936348838","143.7548936348838","143.7548936348838","39.91435470061884","39.91435470061884","39.91435470061884"
"48000","102.29751879665898","102.29751879665898","102.29751879665898","89.54267900370729","89.54267900370729","89.54267900370729","50.317223717263595","50.317223717263595","50.317223717263595","24.09579006417443","24.09579006417443","24.09579006417443","108.18288286952068","108.18288286952068","108.18288286952068","49.608088744159765","49.608088744159765","49.608088744159765","106.05223696797302","106.05223696797302","106.05223696797302","118.26259833545774","118.26259833545774","118.26259833545774","86.42541680759919","86.42541680759919","86.42541680759919","75.93912705657954","75.93912705657954","75.93912705657954","5.5048952660987975","5.5048952660987975","5.5048952660987975","122.23666818326019","122.23666818326019","122.23666818326019","51.69069001891145","51.69069001891145","51.69069001891145","59.98972951034763","59.98972951034763","59.98972951034763","25.123037033287524","25.123037033287524","25.123037033287524","56.48779823965651","56.48779823965651","56.48779823965651","177.8979855437817","177.8979855437817","177.8979855437817","12.750739249234693","12.750739249234693","12.750739249234693","124.50531466182997","124.50531466182997","124.50531466182997","55.26842482954795","55.26842482954795","55.26842482954795"
"52000","107.66366190500553","107.66366190500553","107.66366190500553","86.56828025928186","86.56828025928186","86.56828025928186","47.312814271381505","47.312814271381505","47.312814271381505","20.396020105205093","20.396020105205093","20.396020105205093","84.65942057595971","84.65942057595971","84.65942057595971","53.721451985707404","53.721451985707404","53.721451985707404","99.51252570147162","99.51252570147162","99.51252570147162","101.41353109319294","101.41353109319294","101.41353109319294","75.04831915990552","75.04831915990552","75.04831915990552","94.6814151469381","94.6814151469381","94.6814151469381","5.189645173904619","5.189645173904619","5.189645173904619","50.937267887680484","50.937267887680484","50.937267887680484","64.98586509485969","64.98586509485969","64.98586509485969","32.54503096480924","32.54503096480924","32.54503096480924","29.026705925681604","29.026705925681604","29.026705925681604","64.01977859466311","64.01977859466311","64.01977859466311","195.53362999404874","195.53362999404874","195.53362999404874","11.51901155327827","11.51901155327827","11.51901155327827","144.00697580854558","144.00697580854558","144.00697580854558","34.966914691598554","34.966914691598554","34.966914691598554"
"56000","113.18965657688602","113.18965657688602","113.18965657688602","63.27242514305666","63.27242514305666","63.27242514305666","65.50738047755881","65.50738047755881","65.50738047755881","26.665190538652894","26.665190538652894","26.665190538652894","57.11132874747343","57.11132874747343","57.11132874747343","96.34169121934417","96.34169121934417","96.34169121934417","117.53649858280252","117.53649858280252","117.53649858280252","95.95569035582307","95.95569035582307","95.95569035582307","51.31070984961951","51.31070984961951","51.31070984961951","98.40409792789066","98.40409792789066","98.40409792789066","55.02640002459848","55.02640002459848","55.02640002459848","56.61654635255479","56.61654635255479","56.61654635255479","53.92662534384383","53.92662534384383","53.92662534384383","29.140262956123586","29.140262956123586","29.140262956123586","31.80695898074785","31.80695898074785","31.80695898074785","54.46562285803759","54.46562285803759","54.46562285803759","194.96260305185538","194.96260305185538","194.96260305185538","20.753458372156793","20.753458372156793","20.753458372156793","60.248596281412006","60.248596281412006","60.248596281412006","37.859621359801835","37.859621359801835","37.859621359801835"
"60000","110.76325910342186","110.76325910342186","110.76325910342186","89.94012482324413","89.94012482324413","89.94012482324413","83.52415378619243","83.52415378619243","83.52415378619243","25.63482862789426","25.63482862789426","25.63482862789426","94.31522916969121","94.31522916969121","94.31522916969121","48.15578300944475","48.15578300944475","48.15578300944475","99.95205133892719","99.95205133892719","99.95205133892719","97.51564894318383","97.51564894318383","97.51564894318383","95.02823940548762","95.02823940548762","95.02823940548762","94.87423581076148","94.87423581076148","94.87423581076148","4.9415250058057225","4.9415250058057225","4.9415250058057225","121.07546044004171","121.07546044004171","121.07546044004171","63.58020320796112","63.58020320796112","63.58020320796112","28.187354035365974","28.187354035365974","28.187354035365974","34.84764033624042","34.84764033624042","34.84764033624042","59.494688108944636","59.494688108944636","59.494688108944636","191.86103638909702","191.86103638909702","191.86103638909702","16.054442790490544","16.054442790490544","16.054442790490544","142.2667752588257","142.2667752588257","142.2667752588257","39.86254608857673","39.86254608857673","39.86254608857673"
"64000","122.7441155662207","122.7441155662207","122.7441155662207","65.38340288358407","65.38340288358407","65.38340288358407","80.43249170799801","80.43249170799801","80.43249170799801","33.87805155519602","33.87805155519602","33.87805155519602","82.16605978988626","82.16605978988626","82.16605978988626","53.26304190923192","53.26304190923192","53.26304190923192","85.64866457290117","85.64866457290117","85.64866457290117","117.86397767716703","117.86397767716703","117.86397767716703","60.48936469916513","60.48936469916513","60.48936469916513","61.44774574023106","61.44774574023106","61.44774574023106","4.988727097776013","4.988727097776013","4.988727097776013","78.07215212237165","78.07215212237165","78.07215212237165","70.779375103865","70.779375103865","70.779375103865","28.17587301225156","28.17587301225156","28.17587301225156","34.38272050281658","34.38272050281658","34.38272050281658","57.40830821586451","57.40830821586451","57.40830821586451","187.1822862712765","187.1822862712765","187.1822862712765","17.15697004873909","17.15697004873909","17.15697004873909","142.59212887711107","142.59212887711107","142.59212887711107","85.88721974140213","85.88721974140213","85.88721974140213"
"68000","120.83409525028864","120.83409525028864","120.83409525028864","74.17936193228839","74.17936193228839","74.17936193228839","97.94280946330035","97.94280946330035","97.94280946330035","20.165315735773397","20.165315735773397","20.165315735773397","86.14584637399145","86.14584637399145","86.14584637399145","42.5214074989121","42.5214074989121","42.5214074989121","105.21072795679554","105.21072795679554","105.21072795679554","129.28448849669243","129.28448849669243","129.28448849669243","80.47168219752663","80.47168219752663","80.47168219752663","59.74481849807787","59.74481849807787","59.74481849807787","4.741240120677931","4.741240120677931","4.741240120677931","89.37848784719878","89.37848784719878","89.37848784719878","72.20265441870194","72.20265441870194","72.20265441870194","56.62234561915094","56.62234561915094","56.62234561915094","30.88622540150589","30.88622540150589","30.88622540150589","89.15264163421757","89.15264163421757","89.15264163421757","181.90598926295655","181.90598926295655","181.90598926295655","15.495961475387755","15.495961475387755","15.495961475387755","142.88874327385207","142.88874327385207","142.88874327385207","109.1711815173906","109.1711815173906","109.1711815173906"
"72000","122.8267524232912","122.8267524232912","122.8267524232912","70.38670820198095","70.38670820198095","70.38670820198095","74.26616708954442","74.26616708954442","74.26616708954442","42.651086961638256","42.651086961638256","42.651086961638256","89.8142920319511","89.8142920319511","89.8142920319511","66.56264715351534","66.56264715351534","66.56264715351534","86.59369874166642","86.59369874166642","86.59369874166642","149.7432863549249","149.7432863549249","149.7432863549249","76.23619835956994","76.23619835956994","76.23619835956994","67.30176063853823","67.30176063853823","67.30176063853823","88.38654361042609","88.38654361042609","88.38654361042609","43.49013224130727","43.49013224130727","43.49013224130727","72.79993833373968","72.79993833373968","72.79993833373968","87.33471157001614","87.33471157001614","87.33471157001614","34.38819048824202","34.38819048824202","34.38819048824202","92.75819214206004","92.75819214206004","92.75819214206004","182.928077565287","182.928077565287","182.928077565287","19.862915727287056","19.862915727287056","19.862915727287056","169.57967098333566","169.57967098333566","169.57967098333566","101.30432228000988","101.30432228000988","101.30432228000988"
"76000","123.6927610320578","123.6927610320578","123.6927610320578","70.87062276007705","70.87062276007705","70.87062276007705","96.13380661426197","96.13380661426197","96.13380661426197","42.922570072751874","42.922570072751874","42.922570072751874","89.83098187670687","89.83098187670687","89.83098187670687","41.46287613346071","41.46287613346071","41.46287613346071","88.63949071770863","88.63949071770863","88.63949071770863","186.10404741120237","186.10404741120237","186.10404741120237","52.03912841258705","52.03912841258705","52.03912841258705","108.17918361362288","108.17918361362288","108.17918361362288","96.91622294483855","96.91622294483855","96.91622294483855","118.84730852053187","118.84730852053187","118.84730852053187","70.70938437138663","70.70938437138663","70.70938437138663","118.28458154811764","118.28458154811764","118.28458154811764","41.00523767571281","41.00523767571281","41.00523767571281","99.82660019790862","99.82660019790862","99.82660019790862","185.3583474946164","185.3583474946164","185.3583474946164","64.71181503077098","64.71181503077098","64.71181503077098","178.19801363784302","178.19801363784302","178.19801363784302","95.06426288581495","95.06426288581495","95.06426288581495"
"80000","118.55992621365958","118.55992621365958","118.55992621365958","156.57551987399034","156.57551987399034","156.57551987399034","97.56316011729633","97.56316011729633","97.56316011729633","50.92630006493029","50.92630006493029","50.92630006493029","35.927960953532235","35.927960953532235","35.927960953532235","54.25682700482166","54.25682700482166","54.25682700482166","75.66183813163698","75.66183813163698","75.66183813163698","191.9597097451728","191.9597097451728","191.9597097451728","118.7134489760211","118.7134489760211","118.7134489760211","129.39721785797926","129.39721785797926","129.39721785797926","138.3569350732451","138.3569350732451","138.3569350732451","123.2912490939929","123.2912490939929","123.2912490939929","70.66485621407699","70.66485621407699","70.66485621407699","132.69678892769093","132.69678892769093","132.69678892769093","32.67042692677996","32.67042692677996","32.67042692677996","93.35961368135654","93.35961368135654","93.35961368135654","185.89247242196126","185.89247242196126","185.89247242196126","57.69182052468815","57.69182052468815","57.69182052468815","171.32760232730845","171.32760232730845","171.32760232730845","93.86638799082323","93.86638799082323","93.86638799082323"
"84000","118.21784012244704","118.21784012244704","118.21784012244704","154.88290124483973","154.88290124483973","154.88290124483973","142.22340730290665","142.22340730290665","142.22340730290665","49.327539364902655","49.327539364902655","49.327539364902655","96.53491473509285","96.53491473509285","96.53491473509285","85.93060212970536","85.93060212970536","85.93060212970536","125.01282234262105","125.01282234262105","125.01282234262105","176.88116866533716","176.88116866533716","176.88116866533716","113.93569808827856","113.93569808827856","113.93569808827856","110.0377764353162","110.0377764353162","110.0377764353162","149.76820888891785","149.76820888891785","149.76820888891785","127.60074391508249","127.60074391508249","127.60074391508249","72.25417854028527","72.25417854028527","72.25417854028527","75.40652627218519","75.40652627218519","75.40652627218519","42.899133286464135","42.899133286464135","42.899133286464135","109.76278895379092","109.76278895379092","109.76278895379092","183.2145242170149","183.2145242170149","183.2145242170149","40.733865667368576","40.733865667368576","40.733865667368576","87.32856487682416","87.32856487682416","87.32856487682416","94.90596077943144","94.90596077943144","94.90596077943144"
"88000","124.0749987549942","124.0749987549942","124.0749987549942","155.15229824410065","155.15229824410065","155.15229824410065","130.17122833268832","130.17122833268832","130.17122833268832","71.61909760752387","71.61909760752387","71.61909760752387","88.38616402955527","88.38616402955527","88.38616402955527","96.76414431420486","96.76414431420486","96.76414431420486","137.613804689755","137.613804689755","137.613804689755","127.92241556486036","127.92241556486036","127.92241556486036","93.04143083664356","93.04143083664356","93.04143083664356","105.70080249699217","105.70080249699217","105.70080249699217","148.3107862413399","148.3107862413399","148.3107862413399","38.76267646784602","38.76267646784602","38.76267646784602","75.09452317636055","75.09452317636055","75.09452317636055","75.16418970091095","75.16418970091095","75.16418970091095","33.32024013203393","33.32024013203393","33.32024013203393","82.09037848257702","82.09037848257702","82.09037848257702","167.23809087424178","167.23809087424178","167.23809087424178","15.073818825731559","15.073818825731559","15.073818825731559","130.18630805712877","130.18630805712877","130.18630805712877","94.21036601807634","94.21036601807634","94.21036601807634"
"92000","128.1135558196567","128.1135558196567","128.1135558196567","173.30703794768039","173.30703794768039","173.30703794768039","127.67568084439404","127.67568084439404","127.67568084439404","37.411819661649155","37.411819661649155","37.411819661649155","78.16728166029056","78.16728166029056","78.16728166029056","100.5154884747494","100.5154884747494","100.5154884747494","153.34942640285277","153.34942640285277","153.34942640285277","138.95244570994274","138.95244570994274","138.95244570994274","77.54891575267129","77.54891575267129","77.54891575267129","37.572625094259436","37.572625094259436","37.572625094259436","137.59330128425503","137.59330128425503","137.59330128425503","37.775817247562635","37.775817247562635","37.775817247562635","115.74567508706366","115.74567508706366","115.74567508706366","92.6441906183527","92.6441906183527","92.6441906183527","40.78120731654634","40.78120731654634","40.78120731654634","105.82890709097663","105.82890709097663","105.82890709097663","189.70549099376512","189.70549099376512","189.70549099376512","26.463438289978182","26.463438289978182","26.463438289978182","35.2634264952875","35.2634264952875","35.2634264952875","80.80608338674749","80.80608338674749","80.80608338674749"
"96000","127.02875820156218","127.02875820156218","127.02875820156218","181.25406024738746","181.25406024738746","181.25406024738746","98.03181261687605","98.03181261687605","98.03181261687605","46.80316079388729","46.80316079388729","46.80316079388729","95.17987534665555","95.17987534665555","95.17987534665555","76.22122599526544","76.22122599526544","76.22122599526544","160.7955100889138","160.7955100889138","160.7955100889138","120.3051547129151","120.3051547129151","120.3051547129151","80.52215465918087","80.52215465918087","80.52215465918087","52.31295294824423","52.31295294824423","52.31295294824423","150.6364775479384","150.6364775479384","150.6364775479384","65.77389254780326","65.77389254780326","65.77389254780326","61.51591815639004","61.51591815639004","61.51591815639004","69.8613880402088","69.8613880402088","69.8613880402088","42.49581407818724","42.49581407818724","42.49581407818724","182.7607610152474","182.7607610152474","182.7607610152474","189.86433356900648","189.86433356900648","189.86433356900648","24.634088713538706","24.634088713538706","24.634088713538706","77.71814314506318","77.71814314506318","77.71814314506318","70.96521609502184","70.96521609502184","70.96521609502184"
"100000","125.88262743158035","125.88262743158035","125.88262743158035","192.5158634459429","192.5158634459429","192.5158634459429","153.57246080859738","153.57246080859738","153.57246080859738","65.3532967422262","65.3532967422262","65.3532967422262","117.98209696240652","117.98209696240652","117.98209696240652","84.98917624064646","84.98917624064646","84.98917624064646","168.2167326254601","168.2167326254601","168.2167326254601","125.97628147354285","125.97628147354285","125.97628147354285","114.2078791652647","114.2078791652647","114.2078791652647","65.56550990404433","65.56550990404433","65.56550990404433","151.51736942806866","151.51736942806866","151.51736942806866","101.54020711849512","101.54020711849512","101.54020711849512","84.63349542510022","84.63349542510022","84.63349542510022","111.41226792351858","111.41226792351858","111.41226792351858","52.02919647938145","52.02919647938145","52.02919647938145","106.62760987540662","106.62760987540662","106.62760987540662","196.17116925067415","196.17116925067415","196.17116925067415","25.089743240376357","25.089743240376357","25.089743240376357","121.53751937838096","121.53751937838096","121.53751937838096","66.14161099237303","66.14161099237303","66.14161099237303"
"104000","143.71703742253098","143.71703742253098","143.71703742253098","179.39182856272413","179.39182856272413","179.39182856272413","121.8799569073321","121.8799569073321","121.8799569073321","82.45963018168932","82.45963018168932","82.45963018168932","128.4380305962422","128.4380305962422","128.4380305962422","87.28512525807356","87.28512525807356","87.28512525807356","171.9726234632457","171.9726234632457","171.9726234632457","156.24333615391032","156.24333615391032","156.24333615391032","117.37476617426073","117.37476617426073","117.37476617426073","60.64074274661143","60.64074274661143","60.64074274661143","150.52115590292652","150.52115590292652","150.52115590292652","114.94567153793894","114.94567153793894","114.94567153793894","123.94690521652626","123.94690521652626","123.94690521652626","118.3947550791822","118.3947550791822","118.3947550791822","51.22830267035217","51.22830267035217","51.22830267035217","86.97733105940294","86.97733105940294","86.97733105940294","198.23762491229564","198.23762491229564","198.23762491229564","31.516326742103963","31.516326742103963","31.516326742103963","145.25941918730513","145.25941918730513","145.25941918730513","80.99461112206532","80.99461112206532","80.99461112206532"
"108000","170.02978042478625","170.02978042478625","170.02978042478625","195.0158414579067","195.0158414579067","195.0158414579067","130.2211381893869","130.2211381893869","130.2211381893869","78.63477304955413","78.63477304955413","78.63477304955413","115.132948383658","115.132948383658","115.132948383658","103.231877800011","103.231877800011","103.231877800011","159.47168157120618","159.47168157120618","159.47168157120618","140.32228104334314","140.32228104334314","140.32228104334314","89.2014542368972","89.2014542368972","89.2014542368972","103.29153194906584","103.29153194906584","103.29153194906584","148.99108600593672","148.99108600593672","148.99108600593672","114.40711140677313","114.40711140677313","114.40711140677313","119.20859017426446","119.20859017426446","119.20859017426446","65.16217390617804","65.16217390617804","65.16217390617804","43.01668971418613","43.01668971418613","43.01668971418613","197.71913847350905","197.71913847350905","197.71913847350905","194.75929360917692","194.75929360917692","194.75929360917692","32.34319455335244","32.34319455335244","32.34319455335244","127.93808864695643","127.93808864695643","127.93808864695643","50.74298790035508","50.74298790035508","50.74298790035508"
"112000","151.3187498305227","151.3187498305227","151.3187498305227","198.1927038637604","198.1927038637604","198.1927038637604","162.52272499722397","162.52272499722397","162.52272499722397","84.64408652927014","84.64408652927014","84.64408652927014","130.88935476784334","130.88935476784334","130.88935476784334","122.28827589074373","122.28827589074373","122.28827589074373","145.43132419660287","145.43132419660287","145.43132419660287","134.05158452530233","134.05158452530233","134.05158452530233","93.35076092603718","93.35076092603718","93.35076092603718","85.20289563712713","85.20289563712713","85.20289563712713","160.28323346544374","160.28323346544374","160.28323346544374","120.41828193351077","120.41828193351077","120.41828193351077","156.87811197484865","156.87811197484865","156.87811197484865","104.72522708856152","104.72522708856152","104.72522708856152","51.777148601437645","51.777148601437645","51.777148601437645","181.52915684955624","181.52915684955624","181.52915684955624","188.0996977092443","188.0996977092443","188.0996977092443","50.547243831020275","50.547243831020275","50.547243831020275","101.63071933575316","101.63071933575316","101.63071933575316","37.66510553436615","37.66510553436615","37.66510553436615"
"116000","123.46774149295364","123.46774149295364","123.46774149295364","175.39439690670108","175.39439690670108","175.39439690670108","137.76724574152496","137.76724574152496","137.76724574152496","106.14627229144867","106.14627229144867","106.14627229144867","107.27044164109331","107.27044164109331","107.27044164109331","95.17821950875242","95.17821950875242","95.17821950875242","184.81908558215798","184.81908558215798","184.81908558215798","142.94590591922594","142.94590591922594","142.94590591922594","93.35342247824568","93.35342247824568","93.35342247824568","45.45601164185699","45.45601164185699","45.45601164185699","154.97041794135333","154.97041794135333","154.97041794135333","123.24959592243654","123.24959592243654","123.24959592243654","123.86952645676993","123.86952645676993","123.86952645676993","103.87576064564306","103.87576064564306","103.87576064564306","58.209892905450396","58.209892905450396","58.209892905450396","208.45180007587132","208.45180007587132","208.45180007587132","207.32397845866439","207.32397845866439","207.32397845866439","85.05180468585915","85.05180468585915","85.05180468585915","115.75721915061668","115.75721915061668","115.75721915061668","36.415576671565255","36.415576671565255","36.415576671565255"
"120000","123.399250773857","123.399250773857","123.399250773857","185.68046252347244","185.68046252347244","185.68046252347244","183.21088077479453","183.21088077479453","183.21088077479453","157.80506665487007","157.80506665487007","157.80506665487007","88.82190242053106","88.82190242053106","88.82190242053106","101.97371971275626","101.97371971275626","101.97371971275626","168.9044685161081","168.9044685161081","168.9044685161081","163.63731123801293","163.63731123801293","163.63731123801293","106.39080102842641","106.39080102842641","106.39080102842641","58.3605096776602","58.3605096776602","58.3605096776602","142.85595496148034","142.85595496148034","142.85595496148034","122.61739690325153","122.61739690325153","122.61739690325153","89.42935441024926","89.42935441024926","89.42935441024926","149.18430146573724","149.18430146573724","149.18430146573724","81.05428538386744","81.05428538386744","81.05428538386744","212.13228968503887","212.13228968503887","212.13228968503887","243.5753072852411","243.5753072852411","243.5753072852411","86.5681658224162","86.5681658224162","86.5681658224162","121.88520171592575","121.88520171592575","121.88520171592575","40.42678137789422","40.42678137789422","40.42678137789422"
"124000","111.57821105504199","111.57821105504199","111.57821105504199","183.128051768159","183.128051768159","183.128051768159","183.65965581629644","183.65965581629644","183.65965581629644","152.97321825548846","152.97321825548846","152.97321825548846","118.5151938132359","118.5151938132359","118.5151938132359","92.45004653368824","92.45004653368824","92.45004653368824","151.40059248311968","151.40059248311968","151.40059248311968","170.6516409021929","170.6516409021929","170.6516409021929","121.69744571593307","121.69744571593307","121.69744571593307","66.7989587826536","66.7989587826536","66.7989587826536","145.11391947240378","145.11391947240378","145.11391947240378","119.7922073153469","119.7922073153469","119.7922073153469","142.01375229042014","142.01375229042014","142.01375229042014","159.1840501336244","159.1840501336244","159.1840501336244","61.09200058586022","61.09200058586022","61.09200058586022","212.41535364928615","212.41535364928615","212.41535364928615","243.31506571546578","243.31506571546578","243.31506571546578","105.9894635541461","105.9894635541461","105.9894635541461","157.2901211487488","157.2901211487488","157.2901211487488","64.47954760630509","64.47954760630509","64.47954760630509"
"128000","121.5381524033165","121.5381524033165","121.5381524033165","206.5162788127471","206.5162788127471","206.5162788127471","197.7757750351684","197.7757750351684","197.7757750351684","129.4936224673152","129.4936224673152","129.4936224673152","147.37335019373222","147.37335019373222","147.37335019373222","74.05410680956143","74.05410680956143","74.05410680956143","150.22503534375537","150.22503534375537","150.22503534375537","182.4513368235874","182.4513368235874","182.4513368235874","115.21195729702367","115.21195729702367","115.21195729702367","104.14832265449267","104.14832265449267","104.14832265449267","145.69670580490057","145.69670580490057","145.69670580490057","120.43926750835138","120.43926750835138","120.43926750835138","134.71544873294835","134.71544873294835","134.71544873294835","157.44465105012645","157.44465105012645","157.44465105012645","60.973668117995715","60.973668117995715","60.973668117995715","209.5785882251309","209.5785882251309","209.5785882251309","243.23213508881545","243.23213508881545","243.23213508881545","99.48359086065892","99.48359086065892","99.48359086065892","126.77635836790928","126.77635836790928","126.77635836790928","69.0116198046716","69.0116198046716","69.0116198046716"
"132000","140.44147564349174","140.44147564349174","140.44147564349174","202.90169482088265","202.90169482088265","202.90169482088265","215.29280177354426","215.29280177354426","215.29280177354426","145.18442384608048","145.18442384608048","145.18442384608048","154.84638387050757","154.84638387050757","154.84638387050757","111.46928603291119","111.46928603291119","111.46928603291119","189.14651183224834","189.14651183224834","189.14651183224834","208.22666246683087","208.22666246683087","208.22666246683087","118.4776202579363","118.4776202579363","118.4776202579363","141.33060520551675","141.33060520551675","141.33060520551675","4.483404389084669","4.483404389084669","4.483404389084669","88.5300453799764","88.5300453799764","88.5300453799764","107.99738999037352","107.99738999037352","107.99738999037352","172.11869934306588","172.11869934306588","172.11869934306588","59.643114188908484","59.643114188908484","59.643114188908484","206.3040048719205","206.3040048719205","206.3040048719205","244.17190017180965","244.17190017180965","244.17190017180965","77.65987665026026","77.65987665026026","77.65987665026026","187.53990231393396","187.53990231393396","187.53990231393396","70.0074969459568","70.0074969459568","70.0074969459568"
"136000","197.24356774170656","197.24356774170656","197.24356774170656","212.80734993041293","212.80734993041293","212.80734993041293","221.2080881372969","221.2080881372969","221.2080881372969","141.2671521005855","141.2671521005855","141.2671521005855","137.96626670872703","137.96626670872703","137.96626670872703","109.08412689097236","109.08412689097236","109.08412689097236","178.74925944814373","178.74925944814373","178.74925944814373","213.71309268836848","213.71309268836848","213.71309268836848","109.29484061067619","109.29484061067619","109.29484061067619","172.58631372834358","172.58631372834358","172.58631372834358","109.56309899067205","109.56309899067205","109.56309899067205","121.07762886142959","121.07762886142959","121.07762886142959","202.27345370214138","202.27345370214138","202.27345370214138","161.09034079934565","161.09034079934565","161.09034079934565","61.26336869336933","61.26336869336933","61.26336869336933","196.79808747943784","196.79808747943784","196.79808747943784","252.40525496659188","252.40525496659188","252.40525496659188","59.994410964968644","59.994410964968644","59.994410964968644","143.80827728142714","143.80827728142714","143.80827728142714","67.92035105748303","67.92035105748303","67.92035105748303"
"140000","208.32770812709364","208.32770812709364","208.32770812709364","220.2653539803634","220.2653539803634","220.2653539803634","188.41674934197167","188.41674934197167","188.41674934197167","150.08291155214386","150.08291155214386","150.08291155214386","147.20060809482138","147.20060809482138","147.20060809482138","110.32480085751209","110.32480085751209","110.32480085751209","199.84120768277205","199.84120768277205","199.84120768277205","207.40490258642097","207.40490258642097","207.40490258642097","101.09640441440649","101.09640441440649","101.09640441440649","189.03851187868676","189.03851187868676","189.03851187868676","3.9928017829945217","3.9928017829945217","3.9928017829945217","116.57381906905906","116.57381906905906","116.57381906905906","206.6858958195058","206.6858958195058","206.6858958195058","154.27187048111477","154.27187048111477","154.27187048111477","60.609816545539786","60.609816545539786","60.609816545539786","201.91614621251313","201.91614621251313","201.91614621251313","239.96736225191552","239.96736225191552","239.96736225191552","82.1392539694694","82.1392539694694","82.1392539694694","166.9009493093163","166.9009493093163","166.9009493093163","144.48614711445305","144.48614711445305","144.48614711445305"
"144000","197.44547346393213","197.44547346393213","197.44547346393213","219.61812151757243","219.61812151757243","219.61812151757243","184.31277237931516","184.31277237931516","184.31277237931516","153.20858290510745","153.20858290510745","153.20858290510745","137.27926111013585","137.27926111013585","137.27926111013585","100.31821830870497","100.31821830870497","100.31821830870497","192.66323831065728","192.66323831065728","192.66323831065728","194.47597862981834","194.47597862981834","194.47597862981834","100.10381189424159","100.10381189424159","100.10381189424159","163.25335677210415","163.25335677210415","163.25335677210415","5.740661478885705","5.740661478885705","5.740661478885705","115.72597610720217","115.72597610720217","115.72597610720217","196.53608184057526","196.53608184057526","196.53608184057526","174.86044692368046","174.86044692368046","174.86044692368046","58.92335137280672","58.92335137280672","58.92335137280672","200.23638978809734","200.23638978809734","200.23638978809734","236.14104900258","236.14104900258","236.14104900258","89.03867069710839","89.03867069710839","89.03867069710839","161.2595937811822","161.2595937811822","161.2595937811822","98.86309937940457","98.86309937940457","98.86309937940457"
"148000","152.86862850569483","152.86862850569483","152.86862850569483","216.57727256915268","216.57727256915268","216.57727256915268","192.41206376887936","192.41206376887936","192.41206376887936","154.6680140689235","154.6680140689235","154.6680140689235","150.07726591508163","150.07726591508163","150.07726591508163","102.56525131881956","102.56525131881956","102.56525131881956","187.15110301197737","187.15110301197737","187.15110301197737","204.0901614936177","204.0901614936177","204.0901614936177","82.21338562158431","82.21338562158431","82.21338562158431","172.2298938901194","172.2298938901194","172.2298938901194","4.879498247365881","4.879498247365881","4.879498247365881","112.43676722072212","112.43676722072212","112.43676722072212","162.01233682886624","162.01233682886624","162.01233682886624","202.10909958861944","202.10909958861944","202.10909958861944","62.489379742677464","62.489379742677464","62.489379742677464","209.95156837739918","209.95156837739918","209.95156837739918","224.80140076720915","224.80140076720915","224.80140076720915","75.60147182724376","75.60147182724376","75.60147182724376","155.06253843690945","155.06253843690945","155.06253843690945","96.37298486336924","96.37298486336924","96.37298486336924"
"152000","165.40114460547858","165.40114460547858","165.40114460547858","218.38089627438603","218.38089627438603","218.38089627438603","200.32367036075752","200.32367036075752","200.32367036075752","180.31581878099996","180.31581878099996","180.31581878099996","170.96273234177102","170.96273234177102","170.96273234177102","95.60544617185712","95.60544617185712","95.60544617185712","171.95930971031143","171.95930971031143","171.95930971031143","215.50566964362423","215.50566964362423","215.50566964362423","78.51331945700096","78.51331945700096","78.51331945700096","162.70583551222882","162.70583551222882","162.70583551222882","4.745239259009219","4.745239259009219","4.745239259009219","116.24672937256594","116.24672937256594","116.24672937256594","192.9322019398381","192.9322019398381","192.9322019398381","186.75983403309465","186.75983403309465","186.75983403309465","88.95930355466979","88.95930355466979","88.95930355466979","205.37906881787112","205.37906881787112","205.37906881787112","187.210596973891","187.210596973891","187.210596973891","85.79854208170653","85.79854208170653","85.79854208170653","151.36277271825927","151.36277271825927","151.36277271825927","134.68199802276285","134.68199802276285","134.68199802276285"
"156000","170.4443007239145","170.4443007239145","170.4443007239145","206.64794931490442","206.64794931490442","206.64794931490442","205.72248344773874","205.72248344773874","205.72248344773874","156.42173836148837","156.42173836148837","156.42173836148837","163.95565491063934","163.95565491063934","163.95565491063934","93.3001882380935","93.3001882380935","93.3001882380935","152.75997694923058","152.75997694923058","152.75997694923058","221.01180156823435","221.01180156823435","221.01180156823435","54.01133131777915","54.01133131777915","54.01133131777915","171.6191498491269","171.6191498491269","171.6191498491269","4.8595732822959254","4.8595732822959254","4.8595732822959254","114.12109667432678","114.12109667432678","114.12109667432678","197.50403191459878","197.50403191459878","197.50403191459878","217.29688856201938","217.29688856201938","217.29688856201938","55.08064284331264","55.08064284331264","55.08064284331264","198.46050686438326","198.46050686438326","198.46050686438326","194.88305765847426","194.88305765847426","194.88305765847426","144.2873329722658","144.2873329722658","144.2873329722658","153.61161688843748","153.61161688843748","153.61161688843748","104.63281292535935","104.63281292535935","104.63281292535935"
"160000","149.1555180923654","149.1555180923654","149.1555180923654","212.13840942077678","212.13840942077678","212.13840942077678","226.73019686270587","226.73019686270587","226.73019686270587","172.25988525019716","172.25988525019716","172.25988525019716","180.0919953047659","180.0919953047659","180.0919953047659","100.19399486003957","100.19399486003957","100.19399486003957","144.7397098629336","144.7397098629336","144.7397098629336","213.36593241487077","213.36593241487077","213.36593241487077","97.49102331715805","97.49102331715805","97.49102331715805","145.57054292736316","145.57054292736316","145.57054292736316","4.787946152953396","4.787946152953396","4.787946152953396","111.4286827554276","111.4286827554276","111.4286827554276","160.57319450275082","160.57319450275082","160.57319450275082","203.11215669906818","203.11215669906818","203.11215669906818","52.74204807362763","52.74204807362763","52.74204807362763","176.22712287528546","176.22712287528546","176.22712287528546","202.99373633221057","202.99373633221057","202.99373633221057","131.85550734044017","131.85550734044017","131.85550734044017","161.49523903925666","161.49523903925666","161.49523903925666","108.18051121497828","108.18051121497828","108.18051121497828"
"164000","163.7784403272764","163.7784403272764","163.7784403272764","206.35576369867914","206.35576369867914","206.35576369867914","227.36732992006245","227.36732992006245","227.36732992006245","191.05822382361853","191.05822382361853","191.05822382361853","144.39881775749018","144.39881775749018","144.39881775749018","87.42095762553058","87.42095762553058","87.42095762553058","130.2232553475501","130.2232553475501","130.2232553475501","199.3390450564485","199.3390450564485","199.3390450564485","87.08539039126194","87.08539039126194","87.08539039126194","131.4092933001255","131.4092933001255","131.4092933001255","3.5823278218258947","3.5823278218258947","3.5823278218258947","115.57292167970289","115.57292167970289","115.57292167970289","139.16097766633206","139.16097766633206","139.16097766633206","168.6498025749865","168.6498025749865","168.6498025749865","99.09128341049248","99.09128341049248","99.09128341049248","181.7577226228663","181.7577226228663","181.7577226228663","207.6178808750201","207.6178808750201","207.6178808750201","121.88257261680334","121.88257261680334","121.88257261680334","141.93789505396316","141.93789505396316","141.93789505396316","193.49708626707934","193.49708626707934","193.49708626707934"
"168000","158.54329436888588","158.54329436888588","158.54329436888588","223.19404121202518","223.19404121202518","223.19404121202518","237.77435156453163","237.77435156453163","237.77435156453163","192.87858343946496","192.87858343946496","192.87858343946496","150.29134600159153","150.29134600159153","150.29134600159153","86.69908361871946","86.69908361871946","86.69908361871946","199.91730215414867","199.91730215414867","199.91730215414867","222.5665953984091","222.5665953984091","222.5665953984091","126.96235345502518","126.96235345502518","126.96235345502518","175.95706542033358","175.95706542033358","175.95706542033358","3.3234290529418926","3.3234290529418926","3.3234290529418926","132.56681936554844","132.56681936554844","132.56681936554844","169.969458849154","169.969458849154","169.969458849154","199.82940076943095","199.82940076943095","199.82940076943095","69.23157177432046","69.23157177432046","69.23157177432046","215.46712353634342","215.46712353634342","215.46712353634342","256.16351267008116","256.16351267008116","256.16351267008116","132.43636413216953","132.43636413216953","132.43636413216953","108.3591216081691","108.3591216081691","108.3591216081691","198.74139540134016","198.74139540134016","198.74139540134016"
"172000","165.49529901825758","165.49529901825758","165.49529901825758","229.68577570501293","229.68577570501293","229.68577570501293","238.12263226872096","238.12263226872096","238.12263226872096","184.656478642737","184.656478642737","184.656478642737","155.33379521650747","155.33379521650747","155.33379521650747","104.78087615550108","104.78087615550108","104.78087615550108","208.38236002751654","208.38236002751654","208.38236002751654","193.80547092200558","193.80547092200558","193.80547092200558","137.70294773079408","137.70294773079408","137.70294773079408","127.16693094322886","127.16693094322886","127.16693094322886","2.569641788175488","2.569641788175488","2.569641788175488","109.81696953723838","109.81696953723838","109.81696953723838","162.96911676573026","162.96911676573026","162.96911676573026","172.47042032825925","172.47042032825925","172.47042032825925","108.9182968588811","108.9182968588811","108.9182968588811","237.47763574076117","237.47763574076117","237.47763574076117","250.47277596562532","250.47277596562532","250.47277596562532","124.43766755322304","124.43766755322304","124.43766755322304","129.18755171201866","129.18755171201866","129.18755171201866","200.82843301183075","200.82843301183075","200.82843301183075"
"176000","179.18921322293218","179.18921322293218","179.18921322293218","227.43477263856002","227.43477263856002","227.43477263856002","243.31459146488277","243.31459146488277","243.31459146488277","165.08157020979144","165.08157020979144","165.08157020979144","189.12931960828513","189.12931960828513","189.12931960828513","132.8859282446406","132.8859282446406","132.8859282446406","216.74416112273533","216.74416112273533","216.74416112273533","205.87339587228067","205.87339587228067","205.87339587228067","122.62503945004187","122.62503945004187","122.62503945004187","232.45809429785487","232.45809429785487","232.45809429785487","17.504332147925613","17.504332147925613","17.504332147925613","74.19330291740951","74.19330291740951","74.19330291740951","188.94550822674245","188.94550822674245","188.94550822674245","187.75276357688094","187.75276357688094","187.75276357688094","102.9545170647461","102.9545170647461","102.9545170647461","240.02729950127826","240.02729950127826","240.02729950127826","253.2623115744481","253.2623115744481","253.2623115744481","90.00562787426884","90.00562787426884","90.00562787426884","176.35877049531138","176.35877049531138","176.35877049531138","123.539572565458","123.539572565458","123.539572565458"
"180000","221.93669419825605","221.93669419825605","221.93669419825605","233.2172936058681","233.2172936058681","233.2172936058681","247.75573578860332","247.75573578860332","247.75573578860332","163.63309431390002","163.63309431390002","163.63309431390002","161.86223472530853","161.86223472530853","161.86223472530853","142.65873274105272","142.65873274105272","142.65873274105272","217.8168068017706","217.8168068017706","217.8168068017706","221.63088854199782","221.63088854199782","221.63088854199782","120.59320025198522","120.59320025198522","120.59320025198522","182.62902771733928","182.62902771733928","182.62902771733928","2.893741419214392","2.893741419214392","2.893741419214392","69.6918364409888","69.6918364409888","69.6918364409888","165.6380488735631","165.6380488735631","165.6380488735631","179.78258461911886","179.78258461911886","179.78258461911886","103.33344180026825","103.33344180026825","103.33344180026825","223.4204375104535","223.4204375104535","223.4204375104535","261.8345890863602","261.8345890863602","261.8345890863602","71.3003064380156","71.3003064380156","71.3003064380156","146.46491033338867","146.46491033338867","146.46491033338867","197.77850140567097","197.77850140567097","197.77850140567097"
"184000","211.8037749203269","211.8037749203269","211.8037749203269","227.65253003910576","227.65253003910576","227.65253003910576","245.6613252988261","245.6613252988261","245.6613252988261","159.48837461004302","159.48837461004302","159.48837461004302","186.3291215292213","186.3291215292213","186.3291215292213","125.10187559945075","125.10187559945075","125.10187559945075","206.57784312176622","206.57784312176622","206.57784312176622","208.36543747320633","208.36543747320633","208.36543747320633","95.08738453761362","95.08738453761362","95.08738453761362","205.91246129625816","205.91246129625816","205.91246129625816","3.134981375416566","3.134981375416566","3.134981375416566","86.05402704575616","86.05402704575616","86.05402704575616","190.0771628510983","190.0771628510983","190.0771628510983","189.42241724603076","189.42241724603076","189.42241724603076","90.72176635203056","90.72176635203056","90.72176635203056","226.44488125353445","226.44488125353445","226.44488125353445","260.09072417253617","260.09072417253617","260.09072417253617","69.19086199483908","69.19086199483908","69.19086199483908","145.08179602281464","145.08179602281464","145.08179602281464","210.54102666348862","210.54102666348862","210.54102666348862"
"188000","221.75844856460026","221.75844856460026","221.75844856460026","234.63811388025607","234.63811388025607","234.63811388025607","253.09118711565762","253.09118711565762","253.09118711565762","156.92661310881073","156.92661310881073","156.92661310881073","209.18207982461564","209.18207982461564","209.18207982461564","106.57694333944615","106.57694333944615","106.57694333944615","223.14661615266564","223.14661615266564","223.14661615266564","216.3186376476039","216.3186376476039","216.3186376476039","75.50568622411686","75.50568622411686","75.50568622411686","212.70018164470943","212.70018164470943","212.70018164470943","4.764772143641894","4.764772143641894","4.764772143641894","133.6086240384488","133.6086240384488","133.6086240384488","177.3989925523667","177.3989925523667","177.3989925523667","211.54454337656162","211.54454337656162","211.54454337656162","158.72595257421773","158.72595257421773","158.72595257421773","226.16825632077263","226.16825632077263","226.16825632077263","265.1230626184889","265.1230626184889","265.1230626184889","115.65069316821902","115.65069316821902","115.65069316821902","165.02288176981148","165.02288176981148","165.02288176981148","102.18575304961874","102.18575304961874","102.18575304961874"
"192000","210.1865660078227","210.1865660078227","210.1865660078227","231.21916554718155","231.21916554718155","231.21916554718155","252.79889784677226","252.79889784677226","252.79889784677226","177.05493651456987","177.05493651456987","177.05493651456987","188.60645673156552","188.60645673156552","188.60645673156552","112.18946495873192","112.18946495873192","112.18946495873192","223.27343959488786","223.27343959488786","223.27343959488786","224.80237435942118","224.80237435942118","224.80237435942118","120.41301855098047","120.41301855098047","120.41301855098047","229.74948477078368","229.74948477078368","229.74948477078368","4.597703743679807","4.597703743679807","4.597703743679807","143.8847792447495","143.8847792447495","143.8847792447495","202.08389818334336","202.08389818334336","202.08389818334336","221.24920442803494","221.24920442803494","221.24920442803494","106.53803151652478","106.53803151652478","106.53803151652478","235.58450296058422","235.58450296058422","235.58450296058422","270.35101984489546","270.35101984489546","270.35101984489546","124.4737432820676","124.4737432820676","124.4737432820676","159.07651144090616","159.07651144090616","159.07651144090616","105.6932656066098","105.6932656066098","105.6932656066098"
"196000","223.4683344017747","223.4683344017747","223.4683344017747","230.75284334431853","230.75284334431853","230.75284334431853","244.61985694995093","244.61985694995093","244.61985694995093","173.60395614459543","173.60395614459543","173.60395614459543","186.3185882967189","186.3185882967189","186.3185882967189","121.43929405482902","121.43929405482902","121.43929405482902","220.68611849687846","220.68611849687846","220.68611849687846","221.28751000308117","221.28751000308117","221.28751000308117","118.33800260627963","118.33800260627963","118.33800260627963","244.13377700696637","244.13377700696637","244.13377700696637","108.39511377805393","108.39511377805393","108.39511377805393","139.86899537399557","139.86899537399557","139.86899537399557","250.0184165957111","250.0184165957111","250.0184165957111","223.36631758341204","223.36631758341204","223.36631758341204","123.30979534991995","123.30979534991995","123.30979534991995","247.74361032530928","247.74361032530928","247.74361032530928","263.4634934984897","263.4634934984897","263.4634934984897","119.72366449397086","119.72366449397086","119.72366449397086","186.39303103653387","186.39303103653387","186.39303103653387","132.04789105284212","132.04789105284212","132.04789105284212"
"200000","226.74710508121353","226.74710508121353","226.74710508121353","201.6036691350572","201.6036691350572","201.6036691350572","241.890350391226","241.890350391226","241.890350391226","185.72894893425274","185.72894893425274","185.72894893425274","204.19560946495514","204.19560946495514","204.19560946495514","154.63980024473858","154.63980024473858","154.63980024473858","263.2148679542835","263.2148679542835","263.2148679542835","235.05149901880176","235.05149901880176","235.05149901880176","104.22552151733412","104.22552151733412","104.22552151733412","249.87432321264026","249.87432321264026","249.87432321264026","150.7381597903661","150.7381597903661","150.7381597903661","187.56443993576096","187.56443993576096","187.56443993576096","188.48126827748436","188.48126827748436","188.48126827748436","185.99889227043488","185.99889227043488","185.99889227043488","119.6995826191391","119.6995826191391","119.6995826191391","240.2217075685834","240.2217075685834","240.2217075685834","241.53478821875692","241.53478821875692","241.53478821875692","135.66411770388558","135.66411770388558","135.66411770388558","193.60121885956374","193.60121885956374","193.60121885956374","208.45118186645544","208.45118186645544","208.45118186645544"
"204000","226.8901264471329","226.8901264471329","226.8901264471329","221.20042875471842","221.20042875471842","221.20042875471842","252.57107728548877","252.57107728548877","252.57107728548877","225.05648595203874","225.05648595203874","225.05648595203874","185.98631994863382","185.98631994863382","185.98631994863382","120.84184104982062","120.84184104982062","120.84184104982062","233.67086598347836","233.67086598347836","233.67086598347836","236.88986461887725","236.88986461887725","236.88986461887725","130.91985796050596","130.91985796050596","130.91985796050596","259.1120857664602","259.1120857664602","259.1120857664602","166.18997671507478","166.18997671507478","166.18997671507478","213.67531904135657","213.67531904135657","213.67531904135657","181.74329905352553","181.74329905352553","181.74329905352553","211.40855727978055","211.40855727978055","211.40855727978055","125.34152963558995","125.34152963558995","125.34152963558995","248.4769920130022","248.4769920130022","248.4769920130022","262.67119870657086","262.67119870657086","262.67119870657086","102.2598728974628","102.2598728974628","102.2598728974628","144.66052519512226","144.66052519512226","144.66052519512226","192.4197433593106","192.4197433593106","192.4197433593106"
"208000","216.11575892586197","216.11575892586197","216.11575892586197","202.9153248578732","202.9153248578732","202.9153248578732","211.86540319126115","211.86540319126115","211.86540319126115","180.57901059459581","180.57901059459581","180.57901059459581","183.83490873338167","183.83490873338167","183.83490873338167","126.71300390142628","126.71300390142628","126.71300390142628","262.4196609102617","262.4196609102617","262.4196609102617","234.24380763738094","234.24380763738094","234.24380763738094","108.10273619776854","108.10273619776854","108.10273619776854","251.24616544744012","251.24616544744012","251.24616544744012","166.13970881339816","166.13970881339816","166.13970881339816","222.90557224989783","222.90557224989783","222.90557224989783","176.06492593858383","176.06492593858383","176.06492593858383","259.1392668482683","259.1392668482683","259.1392668482683","128.02087173653155","128.02087173653155","128.02087173653155","257.73547231228997","257.73547231228997","257.73547231228997","271.35939909413844","271.35939909413844","271.35939909413844","112.88641953356303","112.88641953356303","112.88641953356303","129.28198015941092","129.28198015941092","129.28198015941092","202.66875319473246","202.66875319473246","202.66875319473246"
"212000","218.8911915939397","218.8911915939397","218.8911915939397","185.96608453056564","185.96608453056564","185.96608453056564","203.86334101178346","203.86334101178346","203.86334101178346","175.65015424746798","175.65015424746798","175.65015424746798","185.8603613022432","185.8603613022432","185.8603613022432","131.63747488500897","131.63747488500897","131.63747488500897","273.54561678232045","273.54561678232045","273.54561678232045","227.4078134019888","227.4078134019888","227.4078134019888","158.39248774008908","158.39248774008908","158.39248774008908","231.7794729379745","231.7794729379745","231.7794729379745","147.68441655020288","147.68441655020288","147.68441655020288","191.61936474377904","191.61936474377904","191.61936474377904","187.0482818069776","187.0482818069776","187.0482818069776","247.7619492760326","247.7619492760326","247.7619492760326","201.93713915815275","201.93713915815275","201.93713915815275","219.4078613590218","219.4078613590218","219.4078613590218","265.5209333380191","265.5209333380191","265.5209333380191","120.65820166099726","120.65820166099726","120.65820166099726","134.57556877348725","134.57556877348725","134.57556877348725","207.42509515838248","207.42509515838248","207.42509515838248"
"216000","247.68224486691352","247.68224486691352","247.68224486691352","151.92620207506727","151.92620207506727","151.92620207506727","221.5817226474881","221.5817226474881","221.5817226474881","177.8516337849117","177.8516337849117","177.8516337849117","226.86463292522876","226.86463292522876","226.86463292522876","133.49334778176393","133.49334778176393","133.49334778176393","271.3081096121157","271.3081096121157","271.3081096121157","235.89635022237604","235.89635022237604","235.89635022237604","155.27917926832055","155.27917926832055","155.27917926832055","261.62608701343646","261.62608701343646","261.62608701343646","154.09894352681312","154.09894352681312","154.09894352681312","144.2653576360206","144.2653576360206","144.2653576360206","185.85725590211933","185.85725590211933","185.85725590211933","260.59542129607337","260.59542129607337","260.59542129607337","186.33410819871366","186.33410819871366","186.33410819871366","230.683479941031","230.683479941031","230.683479941031","272.3802511603769","272.3802511603769","272.3802511603769","91.54201551812795","91.54201551812795","91.54201551812795","182.7435928571229","182.7435928571229","182.7435928571229","206.34326486411413","206.34326486411413","206.34326486411413"
"220000","246.45503083343561","246.45503083343561","246.45503083343561","202.9187588002274","202.9187588002274","202.9187588002274","242.48755854538985","242.48755854538985","242.48755854538985","207.15753109590278","207.15753109590278","207.15753109590278","204.9697109701007","204.9697109701007","204.9697109701007","131.8144443069026","131.8144443069026","131.8144443069026","275.63902268439654","275.63902268439654","275.63902268439654","224.03834670451198","224.03834670451198","224.03834670451198","136.2995920149658","136.2995920149658","136.2995920149658","259.5163982290205","259.5163982290205","259.5163982290205","182.27384636788878","182.27384636788878","182.27384636788878","162.58736499810325","162.58736499810325","162.58736499810325","194.45994302224707","194.45994302224707","194.45994302224707","256.1610560702805","256.1610560702805","256.1610560702805","213.40219498315724","213.40219498315724","213.40219498315724","245.96229598447908","245.96229598447908","245.96229598447908","265.6273848567961","265.6273848567961","265.6273848567961","117.20129791179166","117.20129791179166","117.20129791179166","122.21155894942827","122.21155894942827","122.21155894942827","112.88099506414896","112.88099506414896","112.88099506414896"
"224000","222.966480017341","222.966480017341","222.966480017341","238.1325543803695","238.1325543803695","238.1325543803695","260.0031764378386","260.0031764378386","260.0031764378386","184.66651031410427","184.66651031410427","184.66651031410427","208.82772564459978","208.82772564459978","208.82772564459978","127.98549668715013","127.98549668715013","127.98549668715013","283.8356864756224","283.8356864756224","283.8356864756224","224.47779343566623","224.47779343566623","224.47779343566623","156.32110911576115","156.32110911576115","156.32110911576115","242.7523181731443","242.7523181731443","242.7523181731443","197.78427398630396","197.78427398630396","197.78427398630396","157.7403602041356","157.7403602041356","157.7403602041356","189.18693173472693","189.18693173472693","189.18693173472693","271.72308592362043","271.72308592362043","271.72308592362043","217.10781733736735","217.10781733736735","217.10781733736735","263.3117884542661","263.3117884542661","263.3117884542661","265.58429913651946","265.58429913651946","265.58429913651946","82.22490839363579","82.22490839363579","82.22490839363579","188.44831492817008","188.44831492817008","188.44831492817008","183.90781389914088","183.90781389914088","183.90781389914088"
"228000","272.79530866903633","272.79530866903633","272.79530866903633","187.51902446307486","187.51902446307486","187.51902446307486","265.4298805981387","265.4298805981387","265.4298805981387","176.55781940512878","176.55781940512878","176.55781940512878","229.40069844274632","229.40069844274632","229.40069844274632","153.38296027584863","153.38296027584863","153.38296027584863","285.2828484288013","285.2828484288013","285.2828484288013","231.3919218993713","231.3919218993713","231.3919218993713","164.06941746895671","164.06941746895671","164.06941746895671","198.23843687251127","198.23843687251127","198.23843687251127","184.10770017981181","184.10770017981181","184.10770017981181","202.7216207194113","202.7216207194113","202.7216207194113","200.95522292819803","200.95522292819803","200.95522292819803","236.704151761626","236.704151761626","236.704151761626","210.55529195575554","210.55529195575554","210.55529195575554","238.87994690401257","238.87994690401257","238.87994690401257","267.24261600899234","267.24261600899234","267.24261600899234","116.99549844657145","116.99549844657145","116.99549844657145","139.27412258655684","139.27412258655684","139.27412258655684","232.74969939529416","232.74969939529416","232.74969939529416"
"232000","244.2957964507666","244.2957964507666","244.2957964507666","191.76770250619566","191.76770250619566","191.76770250619566","262.23437424700694","262.23437424700694","262.23437424700694","155.82825664472952","155.82825664472952","155.82825664472952","227.60048756009542","227.60048756009542","227.60048756009542","133.9416910262239","133.9416910262239","133.9416910262239","285.86406894569683","285.86406894569683","285.86406894569683","232.90133762075743","232.90133762075743","232.90133762075743","188.71975029851376","188.71975029851376","188.71975029851376","224.8423453345046","224.8423453345046","224.8423453345046","237.10321824217914","237.10321824217914","237.10321824217914","231.15432732980736","231.15432732980736","231.15432732980736","198.68252845982985","198.68252845982985","198.68252845982985","259.49732040315337","259.49732040315337","259.49732040315337","132.84158782491693","132.84158782491693","132.84158782491693","250.29376615285733","250.29376615285733","250.29376615285733","261.74541704777437","261.74541704777437","261.74541704777437","150.63739425961305","150.63739425961305","150.63739425961305","164.91678002863745","164.91678002863745","164.91678002863745","202.59165056959836","202.59165056959836","202.59165056959836"
"236000","259.02753727721876","259.02753727721876","259.02753727721876","210.81593903672206","210.81593903672206","210.81593903672206","254.7682653097505","254.7682653097505","254.7682653097505","169.41231918394345","169.41231918394345","169.41231918394345","184.32259202306014","184.32259202306014","184.32259202306014","141.994055281884","141.994055281884","141.994055281884","290.18343594262933","290.18343594262933","290.18343594262933","193.2676570169786","193.2676570169786","193.2676570169786","161.46393290614031","161.46393290614031","161.46393290614031","225.49131415206529","225.49131415206529","225.49131415206529","233.03854265665979","233.03854265665979","233.03854265665979","248.64677613524137","248.64677613524137","248.64677613524137","183.7470807292563","183.7470807292563","183.7470807292563","243.25828761803797","243.25828761803797","243.25828761803797","133.24268252410326","133.24268252410326","133.24268252410326","249.05934829889898","249.05934829889898","249.05934829889898","276.3078257098212","276.3078257098212","276.3078257098212","144.95604033711078","144.95604033711078","144.95604033711078","150.04742203829088","150.04742203829088","150.04742203829088","196.23869324171","196.23869324171","196.23869324171"
"240000","257.84806025494186","257.84806025494186","257.84806025494186","199.75254331785322","199.75254331785322","199.75254331785322","268.2706357161374","268.2706357161374","268.2706357161374","188.13579899443252","188.13579899443252","188.13579899443252","211.3567818405474","211.3567818405474","211.3567818405474","140.68435316674567","140.68435316674567","140.68435316674567","283.1721955326244","283.1721955326244","283.1721955326244","229.92864508968518","229.92864508968518","229.92864508968518","165.7562422204029","165.7562422204029","165.7562422204029","252.17912865160707","252.17912865160707","252.17912865160707","246.71808956640172","246.71808956640172","246.71808956640172","250.42782560358495","250.42782560358495","250.42782560358495","219.74387599068973","219.74387599068973","219.74387599068973","261.34860035557733","261.34860035557733","261.34860035557733","212.0437095529756","212.0437095529756","212.0437095529756","258.7204848762206","258.7204848762206","258.7204848762206","276.12068201991235","276.12068201991235","276.12068201991235","137.13196326220378","137.13196326220378","137.13196326220378","167.57182358065165","167.57182358065165","167.57182358065165","185.53481207114825","185.53481207114825","185.53481207114825"
"244000","239.3679016509619","239.3679016509619","239.3679016509619","241.76797423157305","241.76797423157305","241.76797423157305","263.36796634218547","263.36796634218547","263.36796634218547","214.42716323628127","214.42716323628127","214.42716323628127","183.8576629319921","183.8576629319921","183.8576629319921","170.53286072260332","170.53286072260332","170.53286072260332","280.8215208821315","280.8215208821315","280.8215208821315","241.12287704396354","241.12287704396354","241.12287704396354","166.53682852816138","166.53682852816138","166.53682852816138","255.02024919977202","255.02024919977202","255.02024919977202","245.46865712146032","245.46865712146032","245.46865712146032","246.4465233265384","246.4465233265384","246.4465233265384","239.66266876931144","239.66266876931144","239.66266876931144","279.8725775172862","279.8725775172862","279.8725775172862","213.5064207447922","213.5064207447922","213.5064207447922","255.05881492074383","255.05881492074383","255.05881492074383","285.9070596753192","285.9070596753192","285.9070596753192","130.24280740369568","130.24280740369568","130.24280740369568","175.20374087909698","175.20374087909698","175.20374087909698","208.8097905397276","208.8097905397276","208.8097905397276"
"248000","271.85235599183045","271.85235599183045","271.85235599183045","197.47248660486494","197.47248660486494","197.47248660486494","278.6384594783152","278.6384594783152","278.6384594783152","267.9760525690998","267.9760525690998","267.9760525690998","157.57870201408718","157.57870201408718","157.57870201408718","170.83171094562607","170.83171094562607","170.83171094562607","263.8735694761274","263.8735694761274","263.8735694761274","231.63296376207637","231.63296376207637","231.63296376207637","164.29528765899408","164.29528765899408","164.29528765899408","281.8049914431683","281.8049914431683","281.8049914431683","218.82321353081824","218.82321353081824","218.82321353081824","211.6161631601773","211.6161631601773","211.6161631601773","243.90616574938926","243.90616574938926","243.90616574938926","270.95027967341355","270.95027967341355","270.95027967341355","214.57372780823624","214.57372780823624","214.57372780823624","256.2825295646129","256.2825295646129","256.2825295646129","291.07886657200595","291.07886657200595","291.07886657200595","161.77383389309935","161.77383389309935","161.77383389309935","182.35331889030257","182.35331889030257","182.35331889030257","223.83946581919835","223.83946581919835","223.83946581919835"
"252000","233.05421179594913","233.05421179594913","233.05421179594913","242.45903811190277","242.45903811190277","242.45903811190277","274.2146759877484","274.2146759877484","274.2146759877484","147.38617989224724","147.38617989224724","147.38617989224724","193.84948652162387","193.84948652162387","193.84948652162387","183.98760058067313","183.98760058067313","183.98760058067313","248.7453058883372","248.7453058883372","248.7453058883372","240.0528785637489","240.0528785637489","240.0528785637489","159.30945064168603","159.30945064168603","159.30945064168603","260.4613362970725","260.4613362970725","260.4613362970725","203.5544648481519","203.5544648481519","203.5544648481519","245.7387138132789","245.7387138132789","245.7387138132789","239.68276746955956","239.68276746955956","239.68276746955956","270.5711797178854","270.5711797178854","270.5711797178854","186.7602976067662","186.7602976067662","186.7602976067662","247.10438521657798","247.10438521657798","247.10438521657798","287.5602519094363","287.5602519094363","287.5602519094363","182.36288547762484","182.36288547762484","182.36288547762484","173.3673056767812","173.3673056767812","173.3673056767812","221.49985722897992","221.49985722897992","221.49985722897992"
"256000","251.49822952788622","251.49822952788622","251.49822952788622","255.40419916951797","255.40419916951797","255.40419916951797","277.36094155929567","277.36094155929567","277.36094155929567","169.7274709135781","169.7274709135781","169.7274709135781","200.43973413658796","200.43973413658796","200.43973413658796","214.8069475203578","214.8069475203578","214.8069475203578","281.8791439644293","281.8791439644293","281.8791439644293","243.19719100741872","243.19719100741872","243.19719100741872","178.58942288247653","178.58942288247653","178.58942288247653","228.74356572175026","228.74356572175026","228.74356572175026","199.3739848464399","199.3739848464399","199.3739848464399","230.71502588729726","230.71502588729726","230.71502588729726","250.65201306997673","250.65201306997673","250.65201306997673","293.5353012818538","293.5353012818538","293.5353012818538","134.9413873941714","134.9413873941714","134.9413873941714","257.76045868990724","257.76045868990724","257.76045868990724","294.4633724527384","294.4633724527384","294.4633724527384","178.29224151122406","178.29224151122406","178.29224151122406","154.9228168245118","154.9228168245118","154.9228168245118","209.96007941951902","209.96007941951902","209.96007941951902"
"260000","265.95962536987145","265.95962536987145","265.95962536987145","240.20556094049016","240.20556094049016","240.20556094049016","287.75397932695034","287.75397932695034","287.75397932695034","204.8477316546617","204.8477316546617","204.8477316546617","186.40981382502798","186.40981382502798","186.40981382502798","178.2973254191981","178.2973254191981","178.2973254191981","256.43053151448544","256.43053151448544","256.43053151448544","240.54321110385376","240.54321110385376","240.54321110385376","123.76358125722825","123.76358125722825","123.76358125722825","242.6152678197619","242.6152678197619","242.6152678197619","240.91522314566464","240.91522314566464","240.91522314566464","200.2449343930677","200.2449343930677","200.2449343930677","226.0601621298143","226.0601621298143","226.0601621298143","283.63620163719196","283.63620163719196","283.63620163719196","134.03553816906177","134.03553816906177","134.03553816906177","243.30855107607368","243.30855107607368","243.30855107607368","299.12904955804004","299.12904955804004","299.12904955804004","150.18414806874227","150.18414806874227","150.18414806874227","121.1881736038946","121.1881736038946","121.1881736038946","222.95742673755439","222.95742673755439","222.95742673755439"
"264000","233.6646712396843","233.6646712396843","233.6646712396843","261.3109577144918","261.3109577144918","261.3109577144918","288.5562326066728","288.5562326066728","288.5562326066728","174.01406283991693","174.01406283991693","174.01406283991693","140.12302427382247","140.12302427382247","140.12302427382247","139.92537004605293","139.92537004605293","139.92537004605293","275.08328926855916","275.08328926855916","275.08328926855916","240.430188962729","240.430188962729","240.430188962729","168.93647083622164","168.93647083622164","168.93647083622164","165.04091305508746","165.04091305508746","165.04091305508746","245.4801922577871","245.4801922577871","245.4801922577871","209.16513887757043","209.16513887757043","209.16513887757043","197.90560856758145","197.90560856758145","197.90560856758145","291.98430531486736","291.98430531486736","291.98430531486736","223.66638635703822","223.66638635703822","223.66638635703822","266.90721976039185","266.90721976039185","266.90721976039185","282.2833666675366","282.2833666675366","282.2833666675366","185.3597646674297","185.3597646674297","185.3597646674297","153.06844165846442","153.06844165846442","153.06844165846442","170.25634423375305","170.25634423375305","170.25634423375305"
"268000","264.90338145396606","264.90338145396606","264.90338145396606","259.77935504123764","259.77935504123764","259.77935504123764","283.9022572719975","283.9022572719975","283.9022572719975","135.5623892313895","135.5623892313895","135.5623892313895","130.46211133226183","130.46211133226183","130.46211133226183","152.7442161300416","152.7442161300416","152.7442161300416","282.20214794950215","282.20214794950215","282.20214794950215","249.3127538969007","249.3127538969007","249.3127538969007","166.981550216504","166.981550216504","166.981550216504","186.96280378592292","186.96280378592292","186.96280378592292","233.12504172256894","233.12504172256894","233.12504172256894","199.28351949271567","199.28351949271567","199.28351949271567","243.10863683257404","243.10863683257404","243.10863683257404","287.33669396181165","287.33669396181165","287.33669396181165","226.09445022271183","226.09445022271183","226.09445022271183","272.4982657985762","272.4982657985762","272.4982657985762","293.8662625107007","293.8662625107007","293.8662625107007","181.89623981490496","181.89623981490496","181.89623981490496","172.71995117041257","172.71995117041257","172.71995117041257","240.71936426579578","240.71936426579578","240.71936426579578"
"272000","255.31546056418307","255.31546056418307","255.31546056418307","254.73330264427236","254.73330264427236","254.73330264427236","291.341830613015","291.341830613015","291.341830613015","87.26427745942492","87.26427745942492","87.26427745942492","133.9081808645134","133.9081808645134","133.9081808645134","239.87259935642888","239.87259935642888","239.87259935642888","285.0402762600846","285.0402762600846","285.0402762600846","260.4595378748122","260.4595378748122","260.4595378748122","142.06481938361924","142.06481938361924","142.06481938361924","203.60722623939995","203.60722623939995","203.60722623939995","234.30178828879048","234.30178828879048","234.30178828879048","167.10217338514593","167.10217338514593","167.10217338514593","248.44318577476898","248.44318577476898","248.44318577476898","251.90749975908588","251.90749975908588","251.90749975908588","228.69309815866853","228.69309815866853","228.69309815866853","263.8443292537534","263.8443292537534","263.8443292537534","276.33752655312213","276.33752655312213","276.33752655312213","185.72971787515925","185.72971787515925","185.72971787515925","197.50318078642636","197.50318078642636","197.50318078642636","247.48795582687558","247.48795582687558","247.48795582687558"
"276000","267.97251105738604","267.97251105738604","267.97251105738604","248.1649351781936","248.1649351781936","248.1649351781936","289.5725043630731","289.5725043630731","289.5725043630731","107.12449287609198","107.12449287609198","107.12449287609198","137.88223007938802","137.88223007938802","137.88223007938802","208.90778961955797","208.90778961955797","208.90778961955797","294.8773953161901","294.8773953161901","294.8773953161901","261.6789028358786","261.6789028358786","261.6789028358786","96.29469199103998","96.29469199103998","96.29469199103998","176.533680159722","176.533680159722","176.533680159722","247.16082588546823","247.16082588546823","247.16082588546823","162.2802406489305","162.2802406489305","162.2802406489305","251.71938330329925","251.71938330329925","251.71938330329925","229.54864670527482","229.54864670527482","229.54864670527482","224.40464122751555","224.40464122751555","224.40464122751555","259.2629354603579","259.2629354603579","259.2629354603579","270.17478156154004","270.17478156154004","270.17478156154004","189.8271548653965","189.8271548653965","189.8271548653965","185.088751223099","185.088751223099","185.088751223099","250.3274453788189","250.3274453788189","250.3274453788189"
"280000","264.0839271249604","264.0839271249604","264.0839271249604","245.6385270841866","245.6385270841866","245.6385270841866","285.7540025947505","285.7540025947505","285.7540025947505","112.85294731743132","112.85294731743132","112.85294731743132","148.54992504835937","148.54992504835937","148.54992504835937","209.11140794794306","209.11140794794306","209.11140794794306","302.07151844730225","302.07151844730225","302.07151844730225","262.7590902867347","262.7590902867347","262.7590902867347","147.91751976061164","147.91751976061164","147.91751976061164","173.81559779091157","173.81559779091157","173.81559779091157","252.02068872189892","252.02068872189892","252.02068872189892","230.39974813878644","230.39974813878644","230.39974813878644","242.89822984173028","242.89822984173028","242.89822984173028","233.7082002526857","233.7082002526857","233.7082002526857","208.9998461938557","208.9998461938557","208.9998461938557","266.1192708783225","266.1192708783225","266.1192708783225","266.01013400968856","266.01013400968856","266.01013400968856","154.60618808282112","154.60618808282112","154.60618808282112","138.00902662177202","138.00902662177202","138.00902662177202","245.25782047940706","245.25782047940706","245.25782047940706"
"284000","256.25431823135824","256.25431823135824","256.25431823135824","250.22251669960056","250.22251669960056","250.22251669960056","285.1455640800515","285.1455640800515","285.1455640800515","109.03012606934199","109.03012606934199","109.03012606934199","156.31909451760774","156.31909451760774","156.31909451760774","210.16169568412937","210.16169568412937","210.16169568412937","285.98693763071276","285.98693763071276","285.98693763071276","255.53811014325294","255.53811014325294","255.53811014325294","179.07664079696752","179.07664079696752","179.07664079696752","106.62573296744904","106.62573296744904","106.62573296744904","233.3134919573725","233.3134919573725","233.3134919573725","236.47791695106667","236.47791695106667","236.47791695106667","243.9876310159275","243.9876310159275","243.9876310159275","252.87653325803785","252.87653325803785","252.87653325803785","217.3697776578474","217.3697776578474","217.3697776578474","263.78641994518176","263.78641994518176","263.78641994518176","253.3122394203449","253.3122394203449","253.3122394203449","177.93745783368712","177.93745783368712","177.93745783368712","187.44636724929254","187.44636724929254","187.44636724929254","246.87796364153314","246.87796364153314","246.87796364153314"
"288000","243.1578187247438","243.1578187247438","243.1578187247438","271.18436790033854","271.18436790033854","271.18436790033854","286.20256135827566","286.20256135827566","286.20256135827566","147.1962326718306","147.1962326718306","147.1962326718306","163.04121434161797","163.04121434161797","163.04121434161797","203.61081829793014","203.61081829793014","203.61081829793014","281.04760685829103","281.04760685829103","281.04760685829103","257.1414700255463","257.1414700255463","257.1414700255463","209.1224838644759","209.1224838644759","209.1224838644759","100.39992916787637","100.39992916787637","100.39992916787637","260.4786485742835","260.4786485742835","260.4786485742835","160.01730140558942","160.01730140558942","160.01730140558942","245.25486637272851","245.25486637272851","245.25486637272851","244.16691666958968","244.16691666958968","244.16691666958968","252.6480952814647","252.6480952814647","252.6480952814647","258.54268095597905","258.54268095597905","258.54268095597905","240.3028675623475","240.3028675623475","240.3028675623475","180.95754274495465","180.95754274495465","180.95754274495465","196.9801104803051","196.9801104803051","196.9801104803051","250.01713449927465","250.01713449927465","250.01713449927465"
"292000","237.29704919238537","237.29704919238537","237.29704919238537","258.1928414983229","258.1928414983229","258.1928414983229","283.99370267237816","283.99370267237816","283.99370267237816","143.76309798819858","143.76309798819858","143.76309798819858","153.60460077037777","153.60460077037777","153.60460077037777","156.48294744209733","156.48294744209733","156.48294744209733","287.68505518457863","287.68505518457863","287.68505518457863","252.84424512708011","252.84424512708011","252.84424512708011","209.45889732581492","209.45889732581492","209.45889732581492","125.9746355955318","125.9746355955318","125.9746355955318","268.60997186064094","268.60997186064094","268.60997186064094","158.8598401119778","158.8598401119778","158.8598401119778","238.21859172521968","238.21859172521968","238.21859172521968","227.45989152434976","227.45989152434976","227.45989152434976","222.63318427283812","222.63318427283812","222.63318427283812","256.7219426397772","256.7219426397772","256.7219426397772","269.39115699340744","269.39115699340744","269.39115699340744","178.2666376672771","178.2666376672771","178.2666376672771","184.15299348805337","184.15299348805337","184.15299348805337","246.21497494456452","246.21497494456452","246.21497494456452"
"296000","243.20986054631217","243.20986054631217","243.20986054631217","271.0466272066666","271.0466272066666","271.0466272066666","285.88153442936044","285.88153442936044","285.88153442936044","135.978597646533","135.978597646533","135.978597646533","150.8615851778623","150.8615851778623","150.8615851778623","125.40738736570954","125.40738736570954","125.40738736570954","300.18813757142203","300.18813757142203","300.18813757142203","258.80783728420073","258.80783728420073","258.80783728420073","202.72123124592014","202.72123124592014","202.72123124592014","141.1838398591612","141.1838398591612","141.1838398591612","266.90010480339095","266.90010480339095","266.90010480339095","143.83373958655116","143.83373958655116","143.83373958655116","256.2088891090229","256.2088891090229","256.2088891090229","249.19128828760603","249.19128828760603","249.19128828760603","233.83669704095647","233.83669704095647","233.83669704095647","257.53027992492537","257.53027992492537","257.53027992492537","271.30130828970687","271.30130828970687","271.30130828970687","145.87782031052257","145.87782031052257","145.87782031052257","200.97007336355105","200.97007336355105","200.97007336355105","245.4422763354345","245.4422763354345","245.4422763354345"
"300000","254.2402154740758","254.2402154740758","254.2402154740758","259.8008421976014","259.8008421976014","259.8008421976014","287.8555963289773","287.8555963289773","287.8555963289773","145.38431641796564","145.38431641796564","145.38431641796564","159.20125380321915","159.20125380321915","159.20125380321915","133.1586933098025","133.1586933098025","133.1586933098025","316.9674001339572","316.9674001339572","316.9674001339572","256.09399410485645","256.09399410485645","256.09399410485645","202.07691862780973","202.07691862780973","202.07691862780973","118.31698290608321","118.31698290608321","118.31698290608321","239.19888460534426","239.19888460534426","239.19888460534426","136.08512352300858","136.08512352300858","136.08512352300858","208.89123194720005","208.89123194720005","208.89123194720005","245.67550916411582","245.67550916411582","245.67550916411582","240.81637388687665","240.81637388687665","240.81637388687665","263.0343532040319","263.0343532040319","263.0343532040319","283.85280322119354","283.85280322119354","283.85280322119354","133.37261284345408","133.37261284345408","133.37261284345408","209.96903477451525","209.96903477451525","209.96903477451525","266.25102270449634","266.25102270449634","266.25102270449634"
"304000","256.5750718941157","256.5750718941157","256.5750718941157","267.86069317235234","267.86069317235234","267.86069317235234","281.40382028116767","281.40382028116767","281.40382028116767","99.82819587962175","99.82819587962175","99.82819587962175","157.56441711707265","157.56441711707265","157.56441711707265","139.33947223748947","139.33947223748947","139.33947223748947","316.916906114378","316.916906114378","316.916906114378","245.91059125576095","245.91059125576095","245.91059125576095","207.37929679900043","207.37929679900043","207.37929679900043","141.1270686252427","141.1270686252427","141.1270686252427","259.03594476418436","259.03594476418436","259.03594476418436","128.2380628228349","128.2380628228349","128.2380628228349","205.30169720888657","205.30169720888657","205.30169720888657","224.65041181457573","224.65041181457573","224.65041181457573","245.1691556704033","245.1691556704033","245.1691556704033","266.0127802238971","266.0127802238971","266.0127802238971","261.17631879567614","261.17631879567614","261.17631879567614","143.60373844049252","143.60373844049252","143.60373844049252","221.7722286521264","221.7722286521264","221.7722286521264","258.055865363845","258.055865363845","258.055865363845"
"308000","270.97148183744815","270.97148183744815","270.97148183744815","268.14770269914754","268.14770269914754","268.14770269914754","288.8019294312835","288.8019294312835","288.8019294312835","123.45256548230482","123.45256548230482","123.45256548230482","162.77762011721452","162.77762011721452","162.77762011721452","138.7322992237167","138.7322992237167","138.7322992237167","301.3762873372509","301.3762873372509","301.3762873372509","257.8573934830861","257.8573934830861","257.8573934830861","194.05277484154703","194.05277484154703","194.05277484154703","113.14111204737655","113.14111204737655","113.14111204737655","251.68787411074968","251.68787411074968","251.68787411074968","116.78859995021337","116.78859995021337","116.78859995021337","175.9564354819151","175.9564354819151","175.9564354819151","243.51468131647533","243.51468131647533","243.51468131647533","242.05475371951243","242.05475371951243","242.05475371951243","258.5452614916317","258.5452614916317","258.5452614916317","264.60502972880647","264.60502972880647","264.60502972880647","131.9121380941681","131.9121380941681","131.9121380941681","233.38163948338803","233.38163948338803","233.38163948338803","249.85251346906753","249.85251346906753","249.85251346906753"
"312000","266.44493923455104","266.44493923455104","266.44493923455104","274.08518653894646","274.08518653894646","274.08518653894646","291.0155848893863","291.0155848893863","291.0155848893863","160.07373825852187","160.07373825852187","160.07373825852187","169.0244677433791","169.0244677433791","169.0244677433791","133.49226610323512","133.49226610323512","133.49226610323512","308.2641851577463","308.2641851577463","308.2641851577463","259.03908522651807","259.03908522651807","259.03908522651807","205.40498790402117","205.40498790402117","205.40498790402117","193.13076908084992","193.13076908084992","193.13076908084992","256.6178503087773","256.6178503087773","256.6178503087773","120.38720136804561","120.38720136804561","120.38720136804561","201.59273562119452","201.59273562119452","201.59273562119452","222.47766862595776","222.47766862595776","222.47766862595776","253.29059617152583","253.29059617152583","253.29059617152583","254.92653056647563","254.92653056647563","254.92653056647563","259.5970431463395","259.5970431463395","259.5970431463395","123.59922808684811","123.59922808684811","123.59922808684811","156.71789226752057","156.71789226752057","156.71789226752057","257.9836201468475","257.9836201468475","257.9836201468475"
"316000","256.83731720070324","256.83731720070324","256.83731720070324","270.7406326374039","270.7406326374039","270.7406326374039","292.4802920614004","292.4802920614004","292.4802920614004","171.90370426635963","171.90370426635963","171.90370426635963","174.31202808151042","174.31202808151042","174.31202808151042","132.98297416449975","132.98297416449975","132.98297416449975","309.3012114061888","309.3012114061888","309.3012114061888","255.8930412211593","255.8930412211593","255.8930412211593","213.60944796707332","213.60944796707332","213.60944796707332","212.75279124737608","212.75279124737608","212.75279124737608","245.51479243469916","245.51479243469916","245.51479243469916","110.33491874568756","110.33491874568756","110.33491874568756","214.97797443956875","214.97797443956875","214.97797443956875","245.70367082016045","245.70367082016045","245.70367082016045","257.35765649950713","257.35765649950713","257.35765649950713","259.35258040289773","259.35258040289773","259.35258040289773","243.870919907617","243.870919907617","243.870919907617","122.805172405233","122.805172405233","122.805172405233","186.97107746373607","186.97107746373607","186.97107746373607","244.85986840312268","244.85986840312268","244.85986840312268"
"320000","242.8840179854679","242.8840179854679","242.8840179854679","273.61993335626846","273.61993335626846","273.61993335626846","296.0286749694841","296.0286749694841","296.0286749694841","158.24749176316658","158.24749176316658","158.24749176316658","163.12991926524904","163.12991926524904","163.12991926524904","131.3692247597677","131.3692247597677","131.3692247597677","329.69735502236546","329.69735502236546","329.69735502236546","258.55089430851933","258.55089430851933","258.55089430851933","199.14529572521295","199.14529572521295","199.14529572521295","214.81559642352659","214.81559642352659","214.81559642352659","236.9047681831134","236.9047681831134","236.9047681831134","135.79550321254","135.79550321254","135.79550321254","128.3364345028288","128.3364345028288","128.3364345028288","267.1796478475389","267.1796478475389","267.1796478475389","261.70943991990697","261.70943991990697","261.70943991990697","261.335153579169","261.335153579169","261.335153579169","269.94748399424515","269.94748399424515","269.94748399424515","122.86400864091911","122.86400864091911","122.86400864091911","184.07893823682488","184.07893823682488","184.07893823682488","213.07270218068487","213.07270218068487","213.07270218068487"
"324000","275.52278485622344","275.52278485622344","275.52278485622344","273.89221949372956","273.89221949372956","273.89221949372956","286.09382236737554","286.09382236737554","286.09382236737554","133.68678425730607","133.68678425730607","133.68678425730607","144.7406774980346","144.7406774980346","144.7406774980346","131.68708196812764","131.68708196812764","131.68708196812764","323.3513104560582","323.3513104560582","323.3513104560582","263.84343280705474","263.84343280705474","263.84343280705474","188.90192878185718","188.90192878185718","188.90192878185718","216.89031457657092","216.89031457657092","216.89031457657092","225.10896049362708","225.10896049362708","225.10896049362708","152.98684330058637","152.98684330058637","152.98684330058637","174.32301413851548","174.32301413851548","174.32301413851548","262.1735284150433","262.1735284150433","262.1735284150433","256.0303632650797","256.0303632650797","256.0303632650797","268.4460501015843","268.4460501015843","268.4460501015843","304.56108174090207","304.56108174090207","304.56108174090207","143.9763704761938","143.9763704761938","143.9763704761938","186.09021181836985","186.09021181836985","186.09021181836985","262.1239163792885","262.1239163792885","262.1239163792885"
"328000","292.5592497196236","292.5592497196236","292.5592497196236","279.1453335480663","279.1453335480663","279.1453335480663","292.89773603321856","292.89773603321856","292.89773603321856","142.02256103083664","142.02256103083664","142.02256103083664","192.67653109622384","192.67653109622384","192.67653109622384","118.51846248851243","118.51846248851243","118.51846248851243","323.15529533144087","323.15529533144087","323.15529533144087","260.1363498852543","260.1363498852543","260.1363498852543","207.68735039380508","207.68735039380508","207.68735039380508","211.99798758989147","211.99798758989147","211.99798758989147","237.38230939927053","237.38230939927053","237.38230939927053","126.66664605084861","126.66664605084861","126.66664605084861","131.81268109114197","131.81268109114197","131.81268109114197","287.9765564473666","287.9765564473666","287.9765564473666","256.07737935787713","256.07737935787713","256.07737935787713","272.02663981679905","272.02663981679905","272.02663981679905","286.4011564073118","286.4011564073118","286.4011564073118","106.40740601371844","106.40740601371844","106.40740601371844","189.2170177366403","189.2170177366403","189.2170177366403","215.4243672261995","215.4243672261995","215.4243672261995"
"332000","297.7259513387812","297.7259513387812","297.7259513387812","281.58959930298715","281.58959930298715","281.58959930298715","278.3573091459468","278.3573091459468","278.3573091459468","180.4378312034086","180.4378312034086","180.4378312034086","238.96444439662287","238.96444439662287","238.96444439662287","127.39284019988284","127.39284019988284","127.39284019988284","326.1784024450445","326.1784024450445","326.1784024450445","254.25115918842704","254.25115918842704","254.25115918842704","253.36233089507488","253.36233089507488","253.36233089507488","191.6869910782598","191.6869910782598","191.6869910782598","247.79686654536894","247.79686654536894","247.79686654536894","166.6192339892027","166.6192339892027","166.6192339892027","121.90508832240319","121.90508832240319","121.90508832240319","268.0307709339585","268.0307709339585","268.0307709339585","257.2349402084144","257.2349402084144","257.2349402084144","266.4940267174211","266.4940267174211","266.4940267174211","275.3708386161691","275.3708386161691","275.3708386161691","163.9066616037793","163.9066616037793","163.9066616037793","189.61307809771998","189.61307809771998","189.61307809771998","216.05352999208793","216.05352999208793","216.05352999208793"
"336000","302.23534276102635","302.23534276102635","302.23534276102635","279.4492550408812","279.4492550408812","279.4492550408812","283.9222773088678","283.9222773088678","283.9222773088678","169.82973619229114","169.82973619229114","169.82973619229114","217.3963475288825","217.3963475288825","217.3963475288825","123.9957571222096","123.9957571222096","123.9957571222096","322.1786158898848","322.1786158898848","322.1786158898848","263.6009482145106","263.6009482145106","263.6009482145106","219.00232006375455","219.00232006375455","219.00232006375455","189.93274637360628","189.93274637360628","189.93274637360628","261.35072587335344","261.35072587335344","261.35072587335344","167.43274614928663","167.43274614928663","167.43274614928663","121.06509227752792","121.06509227752792","121.06509227752792","279.1318859969974","279.1318859969974","279.1318859969974","262.605527906164","262.605527906164","262.605527906164","269.654073679574","269.654073679574","269.654073679574","300.00779083093613","300.00779083093613","300.00779083093613","150.51758145846355","150.51758145846355","150.51758145846355","186.64464754258898","186.64464754258898","186.64464754258898","219.76428317785272","219.76428317785272","219.76428317785272"
"340000","281.7743359309944","281.7743359309944","281.7743359309944","272.9228068331905","272.9228068331905","272.9228068331905","285.4477137790709","285.4477137790709","285.4477137790709","193.84865222942682","193.84865222942682","193.84865222942682","172.6479781602912","172.6479781602912","172.6479781602912","131.65202872052123","131.65202872052123","131.65202872052123","323.45077133212294","323.45077133212294","323.45077133212294","261.369535888542","261.369535888542","261.369535888542","225.45526880259453","225.45526880259453","225.45526880259453","201.30937871566962","201.30937871566962","201.30937871566962","274.05356553339345","274.05356553339345","274.05356553339345","155.6884549296761","155.6884549296761","155.6884549296761","121.80090803760577","121.80090803760577","121.80090803760577","292.1396818653984","292.1396818653984","292.1396818653984","262.84200704457135","262.84200704457135","262.84200704457135","259.4874892059468","259.4874892059468","259.4874892059468","268.2690345708588","268.2690345708588","268.2690345708588","148.70736023430723","148.70736023430723","148.70736023430723","183.1718453426074","183.1718453426074","183.1718453426074","217.72379519247937","217.72379519247937","217.72379519247937"
"344000","300.2675024256379","300.2675024256379","300.2675024256379","271.03767103940015","271.03767103940015","271.03767103940015","288.9971106187355","288.9971106187355","288.9971106187355","223.96501141727472","223.96501141727472","223.96501141727472","217.23572328657662","217.23572328657662","217.23572328657662","128.76501089782107","128.76501089782107","128.76501089782107","310.39358351756323","310.39358351756323","310.39358351756323","262.9024728291558","262.9024728291558","262.9024728291558","220.66365644115558","220.66365644115558","220.66365644115558","177.1338158242639","177.1338158242639","177.1338158242639","261.15623454525763","261.15623454525763","261.15623454525763","195.86568044105343","195.86568044105343","195.86568044105343","126.53418559510924","126.53418559510924","126.53418559510924","279.2463400689511","279.2463400689511","279.2463400689511","257.7241479508751","257.7241479508751","257.7241479508751","265.0692855773726","265.0692855773726","265.0692855773726","231.5276773348897","231.5276773348897","231.5276773348897","196.0564887790435","196.0564887790435","196.0564887790435","195.8082460911975","195.8082460911975","195.8082460911975","219.25747476778298","219.25747476778298","219.25747476778298"
"348000","279.026149096735","279.026149096735","279.026149096735","252.86326658633593","252.86326658633593","252.86326658633593","286.2485541948982","286.2485541948982","286.2485541948982","194.51749286817443","194.51749286817443","194.51749286817443","174.41999324044977","174.41999324044977","174.41999324044977","149.13020734993205","149.13020734993205","149.13020734993205","314.256827508831","314.256827508831","314.256827508831","259.99104470277115","259.99104470277115","259.99104470277115","218.3829306075746","218.3829306075746","218.3829306075746","160.9201461363786","160.9201461363786","160.9201461363786","259.0746475631899","259.0746475631899","259.0746475631899","204.8005196684566","204.8005196684566","204.8005196684566","180.0904836095123","180.0904836095123","180.0904836095123","281.0968484187275","281.0968484187275","281.0968484187275","263.24484995526126","263.24484995526126","263.24484995526126","251.65284287662666","251.65284287662666","251.65284287662666","229.52936228875782","229.52936228875782","229.52936228875782","176.93786236710852","176.93786236710852","176.93786236710852","207.49672761226756","207.49672761226756","207.49672761226756","220.72835972277434","220.72835972277434","220.72835972277434"
"352000","269.70980777364304","269.70980777364304","269.70980777364304","266.90981918326133","266.90981918326133","266.90981918326133","281.3929416116933","281.3929416116933","281.3929416116933","246.10383353246993","246.10383353246993","246.10383353246993","192.21681112363473","192.21681112363473","192.21681112363473","218.9088068781919","218.9088068781919","218.9088068781919","308.3973325009674","308.3973325009674","308.3973325009674","234.89438830614208","234.89438830614208","234.89438830614208","221.3912120545454","221.3912120545454","221.3912120545454","173.64005048764798","173.64005048764798","173.64005048764798","255.99292904073369","255.99292904073369","255.99292904073369","202.52221537584109","202.52221537584109","202.52221537584109","184.38507596235883","184.38507596235883","184.38507596235883","278.9369297733937","278.9369297733937","278.9369297733937","264.5992227139369","264.5992227139369","264.5992227139369","277.63964551878746","277.63964551878746","277.63964551878746","234.83407146716772","234.83407146716772","234.83407146716772","167.16104703917227","167.16104703917227","167.16104703917227","206.71605944014786","206.71605944014786","206.71605944014786","221.70629611428132","221.70629611428132","221.70629611428132"
"356000","278.39677529355686","278.39677529355686","278.39677529355686","268.3601873807421","268.3601873807421","268.3601873807421","284.56211855987135","284.56211855987135","284.56211855987135","199.85774226621027","199.85774226621027","199.85774226621027","156.18844815735181","156.18844815735181","156.18844815735181","151.11099902105138","151.11099902105138","151.11099902105138","310.4814670757264","310.4814670757264","310.4814670757264","265.2923085542183","265.2923085542183","265.2923085542183","240.16415595275322","240.16415595275322","240.16415595275322","171.1301745779342","171.1301745779342","171.1301745779342","249.9081865087785","249.9081865087785","249.9081865087785","190.9308468841749","190.9308468841749","190.9308468841749","196.2849103416933","196.2849103416933","196.2849103416933","278.81493335544934","278.81493335544934","278.81493335544934","259.5096530930953","259.5096530930953","259.5096530930953","270.07475826777187","270.07475826777187","270.07475826777187","224.03595611512083","224.03595611512083","224.03595611512083","202.43587578079328","202.43587578079328","202.43587578079328","262.1968178612842","262.1968178612842","262.1968178612842","227.88808107915438","227.88808107915438","227.88808107915438"
"360000","254.95038615326976","254.95038615326976","254.95038615326976","281.1368708381045","281.1368708381045","281.1368708381045","273.4109083035613","273.4109083035613","273.4109083035613","225.19363080871526","225.19363080871526","225.19363080871526","162.94939715995366","162.94939715995366","162.94939715995366","170.64448736207888","170.64448736207888","170.64448736207888","285.94778066360675","285.94778066360675","285.94778066360675","245.0900436814223","245.0900436814223","245.0900436814223","242.8766323983793","242.8766323983793","242.8766323983793","162.9246027012466","162.9246027012466","162.9246027012466","241.00228004610585","241.00228004610585","241.00228004610585","195.7222991482744","195.7222991482744","195.7222991482744","185.79688240648352","185.79688240648352","185.79688240648352","273.4970131674574","273.4970131674574","273.4970131674574","249.00794155876451","249.00794155876451","249.00794155876451","266.37554072409125","266.37554072409125","266.37554072409125","246.1102195909769","246.1102195909769","246.1102195909769","212.66540068295458","212.66540068295458","212.66540068295458","239.00461672544483","239.00461672544483","239.00461672544483","223.04272160082778","223.04272160082778","223.04272160082778"
"364000","243.38526788718787","243.38526788718787","243.38526788718787","285.9448552302418","285.9448552302418","285.9448552302418","271.00017913881527","271.00017913881527","271.00017913881527","211.02569007368643","211.02569007368643","211.02569007368643","173.01123613591554","173.01123613591554","173.01123613591554","129.7068604406305","129.7068604406305","129.7068604406305","312.5026218381138","312.5026218381138","312.5026218381138","271.1241016013661","271.1241016013661","271.1241016013661","280.59172906716606","280.59172906716606","280.59172906716606","178.15966731720624","178.15966731720624","178.15966731720624","221.87754532806375","221.87754532806375","221.87754532806375","173.05495522863004","173.05495522863004","173.05495522863004","138.7267378769821","138.7267378769821","138.7267378769821","292.5699414173057","292.5699414173057","292.5699414173057","256.0470691094149","256.0470691094149","256.0470691094149","281.93823284775874","281.93823284775874","281.93823284775874","265.1974546335051","265.1974546335051","265.1974546335051","207.2954677968935","207.2954677968935","207.2954677968935","216.5574500333359","216.5574500333359","216.5574500333359","226.26828554776347","226.26828554776347","226.26828554776347"
"368000","244.27236501243252","244.27236501243252","244.27236501243252","290.1693987339093","290.1693987339093","290.1693987339093","269.8875489332592","269.8875489332592","269.8875489332592","248.43995158495508","248.43995158495508","248.43995158495508","180.51752921113945","180.51752921113945","180.51752921113945","128.10916159911318","128.10916159911318","128.10916159911318","308.4006257345537","308.4006257345537","308.4006257345537","267.3968530829026","267.3968530829026","267.3968530829026","291.48944248338995","291.48944248338995","291.48944248338995","165.56116105581393","165.56116105581393","165.56116105581393","219.96236180222","219.96236180222","219.96236180222","167.9239120913325","167.9239120913325","167.9239120913325","158.12998740867783","158.12998740867783","158.12998740867783","305.0521151756688","305.0521151756688","305.0521151756688","269.08874503190845","269.08874503190845","269.08874503190845","284.9545403470503","284.9545403470503","284.9545403470503","283.2075440348093","283.2075440348093","283.2075440348093","167.39957926675265","167.39957926675265","167.39957926675265","223.7480796749141","223.7480796749141","223.7480796749141","228.96057863062651","228.96057863062651","228.96057863062651"
"372000","250.80573895852095","250.80573895852095","250.80573895852095","278.5966548181525","278.5966548181525","278.5966548181525","272.7872831033202","272.7872831033202","272.7872831033202","170.93670196717798","170.93670196717798","170.93670196717798","158.78772447551515","158.78772447551515","158.78772447551515","124.88490503901758","124.88490503901758","124.88490503901758","311.23584082141724","311.23584082141724","311.23584082141724","268.0878480165235","268.0878480165235","268.0878480165235","247.94827608685938","247.94827608685938","247.94827608685938","164.57544185171074","164.57544185171074","164.57544185171074","228.23545897033145","228.23545897033145","228.23545897033145","164.17040780735425","164.17040780735425","164.17040780735425","232.90412405816522","232.90412405816522","232.90412405816522","300.5968697583412","300.5968697583412","300.5968697583412","271.2401454989948","271.2401454989948","271.2401454989948","278.6950897594746","278.6950897594746","278.6950897594746","302.8882851139522","302.8882851139522","302.8882851139522","173.58473189706427","173.58473189706427","173.58473189706427","259.78851592903874","259.78851592903874","259.78851592903874","238.52888432821254","238.52888432821254","238.52888432821254"
"376000","264.7170917569251","264.7170917569251","264.7170917569251","290.2964007898387","290.2964007898387","290.2964007898387","274.2685862924077","274.2685862924077","274.2685862924077","191.17387366914448","191.17387366914448","191.17387366914448","163.04259747253445","163.04259747253445","163.04259747253445","123.35530421233491","123.35530421233491","123.35530421233491","302.8092570474795","302.8092570474795","302.8092570474795","260.13670588472667","260.13670588472667","260.13670588472667","246.95606013375146","246.95606013375146","246.95606013375146","156.49378319650435","156.49378319650435","156.49378319650435","169.94026780190674","169.94026780190674","169.94026780190674","151.06449676861757","151.06449676861757","151.06449676861757","245.6506571348918","245.6506571348918","245.6506571348918","300.44854819823","300.44854819823","300.44854819823","266.8051953373823","266.8051953373823","266.8051953373823","283.8127844074678","283.8127844074678","283.8127844074678","314.81230060706594","314.81230060706594","314.81230060706594","179.70479101439452","179.70479101439452","179.70479101439452","219.72405084972783","219.72405084972783","219.72405084972783","223.4817597473747","223.4817597473747","223.4817597473747"
"380000","241.70978689968229","241.70978689968229","241.70978689968229","284.88929679068406","284.88929679068406","284.88929679068406","282.08885005569607","282.08885005569607","282.08885005569607","204.94379429118743","204.94379429118743","204.94379429118743","176.2766928149989","176.2766928149989","176.2766928149989","149.419434689638","149.419434689638","149.419434689638","314.1219837234982","314.1219837234982","314.1219837234982","264.8188543369264","264.8188543369264","264.8188543369264","249.91694117269986","249.91694117269986","249.91694117269986","154.0805268597169","154.0805268597169","154.0805268597169","4.395695894927653","4.395695894927653","4.395695894927653","179.8294971151218","179.8294971151218","179.8294971151218","243.26606042986617","243.26606042986617","243.26606042986617","303.2813943999376","303.2813943999376","303.2813943999376","283.3427792719822","283.3427792719822","283.3427792719822","283.6326206701036","283.6326206701036","283.6326206701036","298.7078014412401","298.7078014412401","298.7078014412401","179.6677283577016","179.6677283577016","179.6677283577016","247.96501096924243","247.96501096924243","247.96501096924243","221.73259574381618","221.73259574381618","221.73259574381618"
"384000","265.4732503809473","265.4732503809473","265.4732503809473","279.11353397664004","279.11353397664004","279.11353397664004","276.7420878109601","276.7420878109601","276.7420878109601","227.60392963649278","227.60392963649278","227.60392963649278","186.2610500082128","186.2610500082128","186.2610500082128","139.37665543936527","139.37665543936527","139.37665543936527","308.8267177121424","308.8267177121424","308.8267177121424","268.4073227763268","268.4073227763268","268.4073227763268","288.965847684179","288.965847684179","288.965847684179","197.5793836744959","197.5793836744959","197.5793836744959","5.098370146641386","5.098370146641386","5.098370146641386","166.5819733043366","166.5819733043366","166.5819733043366","217.82878651371243","217.82878651371243","217.82878651371243","305.44791189777186","305.44791189777186","305.44791189777186","282.26440853677616","282.26440853677616","282.26440853677616","285.8456046581531","285.8456046581531","285.8456046581531","321.4097641781679","321.4097641781679","321.4097641781679","177.09089074463003","177.09089074463003","177.09089074463003","156.87208143980578","156.87208143980578","156.87208143980578","230.6459269977041","230.6459269977041","230.6459269977041"
"388000","236.41410990171562","236.41410990171562","236.41410990171562","285.35953962739865","285.35953962739865","285.35953962739865","276.1907254860174","276.1907254860174","276.1907254860174","167.0145987288183","167.0145987288183","167.0145987288183","164.9521237576103","164.9521237576103","164.9521237576103","120.11783744165048","120.11783744165048","120.11783744165048","316.22180775449584","316.22180775449584","316.22180775449584","276.36968353662735","276.36968353662735","276.36968353662735","276.65752951615525","276.65752951615525","276.65752951615525","207.52091507094755","207.52091507094755","207.52091507094755","5.686659538220112","5.686659538220112","5.686659538220112","162.09688781890696","162.09688781890696","162.09688781890696","211.21373034679863","211.21373034679863","211.21373034679863","305.07675541694834","305.07675541694834","305.07675541694834","253.6015364262727","253.6015364262727","253.6015364262727","302.8139718211864","302.8139718211864","302.8139718211864","303.0094705477355","303.0094705477355","303.0094705477355","193.34306548525328","193.34306548525328","193.34306548525328","172.03994124685906","172.03994124685906","172.03994124685906","230.17207793431675","230.17207793431675","230.17207793431675"
"392000","254.13449817630658","254.13449817630658","254.13449817630658","293.41245809679305","293.41245809679305","293.41245809679305","269.9846002843624","269.9846002843624","269.9846002843624","153.83606287209986","153.83606287209986","153.83606287209986","180.8226698116232","180.8226698116232","180.8226698116232","118.1017263978152","118.1017263978152","118.1017263978152","309.42161340083624","309.42161340083624","309.42161340083624","272.24832310139396","272.24832310139396","272.24832310139396","264.3993640286231","264.3993640286231","264.3993640286231","183.18275826851385","183.18275826851385","183.18275826851385","37.890046612050035","37.890046612050035","37.890046612050035","168.79109997732613","168.79109997732613","168.79109997732613","184.18285000283146","184.18285000283146","184.18285000283146","306.4668864840958","306.4668864840958","306.4668864840958","273.957653450852","273.957653450852","273.957653450852","262.8491091292096","262.8491091292096","262.8491091292096","317.7687299137087","317.7687299137087","317.7687299137087","160.1943325918724","160.1943325918724","160.1943325918724","181.0505351821103","181.0505351821103","181.0505351821103","240.56903073330372","240.56903073330372","240.56903073330372"
"396000","261.3084733319975","261.3084733319975","261.3084733319975","290.79504772662983","290.79504772662983","290.79504772662983","267.2178475556492","267.2178475556492","267.2178475556492","174.28863669349758","174.28863669349758","174.28863669349758","187.67780653195086","187.67780653195086","187.67780653195086","143.8523205488945","143.8523205488945","143.8523205488945","311.48918743449366","311.48918743449366","311.48918743449366","267.2945800264539","267.2945800264539","267.2945800264539","262.2151611291637","262.2151611291637","262.2151611291637","199.54287334946395","199.54287334946395","199.54287334946395","135.2732887828857","135.2732887828857","135.2732887828857","242.72243485793305","242.72243485793305","242.72243485793305","231.7345853118889","231.7345853118889","231.7345853118889","297.95700196779","297.95700196779","297.95700196779","273.0543827450832","273.0543827450832","273.0543827450832","290.6611791711149","290.6611791711149","290.6611791711149","307.0052028781422","307.0052028781422","307.0052028781422","166.53179536960664","166.53179536960664","166.53179536960664","233.96215014089248","233.96215014089248","233.96215014089248","237.40731286507943","237.40731286507943","237.40731286507943"
"400000","263.6229642601115","263.6229642601115","263.6229642601115","298.18368279889853","298.18368279889853","298.18368279889853","269.7984223151665","269.7984223151665","269.7984223151665","171.2123428109955","171.2123428109955","171.2123428109955","232.92048318530306","232.92048318530306","232.92048318530306","148.50831629141675","148.50831629141675","148.50831629141675","305.84735709844813","305.84735709844813","305.84735709844813","273.06699095717033","273.06699095717033","273.06699095717033","261.7756919465511","261.7756919465511","261.7756919465511","212.01733535427343","212.01733535427343","212.01733535427343","18.809050235464337","18.809050235464337","18.809050235464337","273.7632656869363","273.7632656869363","273.7632656869363","238.21346976229634","238.21346976229634","238.21346976229634","304.87929036347066","304.87929036347066","304.87929036347066","264.8779706691827","264.8779706691827","264.8779706691827","289.82486912106367","289.82486912106367","289.82486912106367","302.5301389760816","302.5301389760816","302.5301389760816","189.0483560460131","189.0483560460131","189.0483560460131","251.11413708566707","251.11413708566707","251.11413708566707","235.26375099566968","235.26375099566968","235.26375099566968"