"Step","DDPG_EQL_FetchReachDense-v4_19 - eval/avg_reward","DDPG_EQL_FetchReachDense-v4_19 - eval/avg_reward__MIN","DDPG_EQL_FetchReachDense-v4_19 - eval/avg_reward__MAX","DDPG_EQL_FetchReachDense-v4_18 - eval/avg_reward","DDPG_EQL_FetchReachDense-v4_18 - eval/avg_reward__MIN","DDPG_EQL_FetchReachDense-v4_18 - eval/avg_reward__MAX","DDPG_EQL_FetchReachDense-v4_17 - eval/avg_reward","DDPG_EQL_FetchReachDense-v4_17 - eval/avg_reward__MIN","DDPG_EQL_FetchReachDense-v4_17 - eval/avg_reward__MAX","DDPG_EQL_FetchReachDense-v4_16 - eval/avg_reward","DDPG_EQL_FetchReachDense-v4_16 - eval/avg_reward__MIN","DDPG_EQL_FetchReachDense-v4_16 - eval/avg_reward__MAX","DDPG_EQL_FetchReachDense-v4_15 - eval/avg_reward","DDPG_EQL_FetchReachDense-v4_15 - eval/avg_reward__MIN","DDPG_EQL_FetchReachDense-v4_15 - eval/avg_reward__MAX","DDPG_EQL_FetchReachDense-v4_14 - eval/avg_reward","DDPG_EQL_FetchReachDense-v4_14 - eval/avg_reward__MIN","DDPG_EQL_FetchReachDense-v4_14 - eval/avg_reward__MAX","DDPG_EQL_FetchReachDense-v4_13 - eval/avg_reward","DDPG_EQL_FetchReachDense-v4_13 - eval/avg_reward__MIN","DDPG_EQL_FetchReachDense-v4_13 - eval/avg_reward__MAX","DDPG_EQL_FetchReachDense-v4_12 - eval/avg_reward","DDPG_EQL_FetchReachDense-v4_12 - eval/avg_reward__MIN","DDPG_EQL_FetchReachDense-v4_12 - eval/avg_reward__MAX","DDPG_EQL_FetchReachDense-v4_11 - eval/avg_reward","DDPG_EQL_FetchReachDense-v4_11 - eval/avg_reward__MIN","DDPG_EQL_FetchReachDense-v4_11 - eval/avg_reward__MAX","DDPG_EQL_FetchReachDense-v4_10 - eval/avg_reward","DDPG_EQL_FetchReachDense-v4_10 - eval/avg_reward__MIN","DDPG_EQL_FetchReachDense-v4_10 - eval/avg_reward__MAX","DDPG_EQL_FetchReachDense-v4_9 - eval/avg_reward","DDPG_EQL_FetchReachDense-v4_9 - eval/avg_reward__MIN","DDPG_EQL_FetchReachDense-v4_9 - eval/avg_reward__MAX","DDPG_EQL_FetchReachDense-v4_8 - eval/avg_reward","DDPG_EQL_FetchReachDense-v4_8 - eval/avg_reward__MIN","DDPG_EQL_FetchReachDense-v4_8 - eval/avg_reward__MAX","DDPG_EQL_FetchReachDense-v4_7 - eval/avg_reward","DDPG_EQL_FetchReachDense-v4_7 - eval/avg_reward__MIN","DDPG_EQL_FetchReachDense-v4_7 - eval/avg_reward__MAX","DDPG_EQL_FetchReachDense-v4_6 - eval/avg_reward","DDPG_EQL_FetchReachDense-v4_6 - eval/avg_reward__MIN","DDPG_EQL_FetchReachDense-v4_6 - eval/avg_reward__MAX","DDPG_EQL_FetchReachDense-v4_5 - eval/avg_reward","DDPG_EQL_FetchReachDense-v4_5 - eval/avg_reward__MIN","DDPG_EQL_FetchReachDense-v4_5 - eval/avg_reward__MAX","DDPG_EQL_FetchReachDense-v4_4 - eval/avg_reward","DDPG_EQL_FetchReachDense-v4_4 - eval/avg_reward__MIN","DDPG_EQL_FetchReachDense-v4_4 - eval/avg_reward__MAX","DDPG_EQL_FetchReachDense-v4_3 - eval/avg_reward","DDPG_EQL_FetchReachDense-v4_3 - eval/avg_reward__MIN","DDPG_EQL_FetchReachDense-v4_3 - eval/avg_reward__MAX","DDPG_EQL_FetchReachDense-v4_2 - eval/avg_reward","DDPG_EQL_FetchReachDense-v4_2 - eval/avg_reward__MIN","DDPG_EQL_FetchReachDense-v4_2 - eval/avg_reward__MAX","DDPG_EQL_FetchReachDense-v4_1 - eval/avg_reward","DDPG_EQL_FetchReachDense-v4_1 - eval/avg_reward__MIN","DDPG_EQL_FetchReachDense-v4_1 - eval/avg_reward__MAX","DDPG_EQL_FetchReachDense-v4_0 - eval/avg_reward","DDPG_EQL_FetchReachDense-v4_0 - eval/avg_reward__MIN","DDPG_EQL_FetchReachDense-v4_0 - eval/avg_reward__MAX"
"0","-9.998621109771939","-9.998621109771939","-9.998621109771939","-10.161423808351515","-10.161423808351515","-10.161423808351515","-11.597058018911019","-11.597058018911019","-11.597058018911019","-10.071171992594072","-10.071171992594072","-10.071171992594072","-8.173691017796525","-8.173691017796525","-8.173691017796525","-6.93500112096396","-6.93500112096396","-6.93500112096396","-10.07541822367935","-10.07541822367935","-10.07541822367935","-7.22933914428949","-7.22933914428949","-7.22933914428949","-13.557300651531074","-13.557300651531074","-13.557300651531074","-14.909256102851089","-14.909256102851089","-14.909256102851089","-7.671810886359692","-7.671810886359692","-7.671810886359692","-9.139160234667552","-9.139160234667552","-9.139160234667552","-9.137211679887539","-9.137211679887539","-9.137211679887539","-12.403093904713952","-12.403093904713952","-12.403093904713952","-8.001051337587187","-8.001051337587187","-8.001051337587187","-8.631314585276273","-8.631314585276273","-8.631314585276273","-10.465739808313748","-10.465739808313748","-10.465739808313748","-9.796524533825387","-9.796524533825387","-9.796524533825387","-11.51415108380978","-11.51415108380978","-11.51415108380978","-9.652403841391166","-9.652403841391166","-9.652403841391166"
"500","-9.998621109771939","-9.998621109771939","-9.998621109771939","-10.161423808351515","-10.161423808351515","-10.161423808351515","-11.597058018911019","-11.597058018911019","-11.597058018911019","-10.071171992594072","-10.071171992594072","-10.071171992594072","-8.173691017796525","-8.173691017796525","-8.173691017796525","-6.93500112096396","-6.93500112096396","-6.93500112096396","-10.07541822367935","-10.07541822367935","-10.07541822367935","-7.22933914428949","-7.22933914428949","-7.22933914428949","-13.557300651531074","-13.557300651531074","-13.557300651531074","-14.909256102851089","-14.909256102851089","-14.909256102851089","-7.671810886359692","-7.671810886359692","-7.671810886359692","-9.139160234667552","-9.139160234667552","-9.139160234667552","-9.137211679887539","-9.137211679887539","-9.137211679887539","-12.403093904713952","-12.403093904713952","-12.403093904713952","-8.001051337587187","-8.001051337587187","-8.001051337587187","-8.631314585276273","-8.631314585276273","-8.631314585276273","-10.465739808313748","-10.465739808313748","-10.465739808313748","-9.796524533825387","-9.796524533825387","-9.796524533825387","-11.51415108380978","-11.51415108380978","-11.51415108380978","-9.652403841391166","-9.652403841391166","-9.652403841391166"
"1000","-9.998621109771939","-9.998621109771939","-9.998621109771939","-10.161423808351515","-10.161423808351515","-10.161423808351515","-13.403474890990784","-13.403474890990784","-13.403474890990784","-9.572485714604033","-9.572485714604033","-9.572485714604033","-8.173691017796525","-8.173691017796525","-8.173691017796525","-6.93500112096396","-6.93500112096396","-6.93500112096396","-12.123372104966483","-12.123372104966483","-12.123372104966483","-7.22933914428949","-7.22933914428949","-7.22933914428949","-13.557300651531074","-13.557300651531074","-13.557300651531074","-14.909256102851089","-14.909256102851089","-14.909256102851089","-7.671810886359692","-7.671810886359692","-7.671810886359692","-9.139160234667552","-9.139160234667552","-9.139160234667552","-9.137211679887539","-9.137211679887539","-9.137211679887539","-12.403093904713952","-12.403093904713952","-12.403093904713952","-8.001051337587187","-8.001051337587187","-8.001051337587187","-8.631314585276273","-8.631314585276273","-8.631314585276273","-10.465739808313748","-10.465739808313748","-10.465739808313748","-9.796524533825387","-9.796524533825387","-9.796524533825387","-10.94307161144926","-10.94307161144926","-10.94307161144926","-9.652403841391166","-9.652403841391166","-9.652403841391166"
"1500","-15.946502064676931","-15.946502064676931","-15.946502064676931","-9.374802367535825","-9.374802367535825","-9.374802367535825","-28.906520840459905","-28.906520840459905","-28.906520840459905","-16.45636737871135","-16.45636737871135","-16.45636737871135","-27.030836147980715","-27.030836147980715","-27.030836147980715","-17.672821412970773","-17.672821412970773","-17.672821412970773","-25.9750427785389","-25.9750427785389","-25.9750427785389","-12.884179594832023","-12.884179594832023","-12.884179594832023","-11.917985471137484","-11.917985471137484","-11.917985471137484","-13.216693838204028","-13.216693838204028","-13.216693838204028","-31.955221271150258","-31.955221271150258","-31.955221271150258","-18.40023748185892","-18.40023748185892","-18.40023748185892","-22.96280800845438","-22.96280800845438","-22.96280800845438","-19.793717376248146","-19.793717376248146","-19.793717376248146","-18.30308083931443","-18.30308083931443","-18.30308083931443","-25.269288749410915","-25.269288749410915","-25.269288749410915","-16.428353493347153","-16.428353493347153","-16.428353493347153","-9.36153964682129","-9.36153964682129","-9.36153964682129","-9.955597941569152","-9.955597941569152","-9.955597941569152","-37.86463595955594","-37.86463595955594","-37.86463595955594"
"2000","-4.93086056712018","-4.93086056712018","-4.93086056712018","-10.555317018940594","-10.555317018940594","-10.555317018940594","-10.990316196422953","-10.990316196422953","-10.990316196422953","-15.983000974320277","-15.983000974320277","-15.983000974320277","-18.335730378939104","-18.335730378939104","-18.335730378939104","-11.926214554695992","-11.926214554695992","-11.926214554695992","-39.3694006692346","-39.3694006692346","-39.3694006692346","-7.4985356638368685","-7.4985356638368685","-7.4985356638368685","-9.90210159305267","-9.90210159305267","-9.90210159305267","-18.138183656135006","-18.138183656135006","-18.138183656135006","-11.797023640454995","-11.797023640454995","-11.797023640454995","-17.198350328266777","-17.198350328266777","-17.198350328266777","-13.596933489469297","-13.596933489469297","-13.596933489469297","-12.301867098272739","-12.301867098272739","-12.301867098272739","-15.10483212505232","-15.10483212505232","-15.10483212505232","-9.480554363479214","-9.480554363479214","-9.480554363479214","-10.451510822776294","-10.451510822776294","-10.451510822776294","-12.567457767602964","-12.567457767602964","-12.567457767602964","-35.61347864988768","-35.61347864988768","-35.61347864988768","-7.592390311697042","-7.592390311697042","-7.592390311697042"
"2500","-8.006121798104926","-8.006121798104926","-8.006121798104926","-12.6061393457374","-12.6061393457374","-12.6061393457374","-10.028411597188967","-10.028411597188967","-10.028411597188967","-8.751750630114959","-8.751750630114959","-8.751750630114959","-11.960249830137414","-11.960249830137414","-11.960249830137414","-9.807519494533567","-9.807519494533567","-9.807519494533567","-7.574107285180166","-7.574107285180166","-7.574107285180166","-10.191876771753524","-10.191876771753524","-10.191876771753524","-33.72846954871632","-33.72846954871632","-33.72846954871632","-32.54595256084301","-32.54595256084301","-32.54595256084301","-9.214541959323679","-9.214541959323679","-9.214541959323679","-13.885870550735376","-13.885870550735376","-13.885870550735376","-16.296416103990154","-16.296416103990154","-16.296416103990154","-13.12938457611692","-13.12938457611692","-13.12938457611692","-10.22033943085221","-10.22033943085221","-10.22033943085221","-7.102722786317448","-7.102722786317448","-7.102722786317448","-8.342489548439756","-8.342489548439756","-8.342489548439756","-10.90392487633033","-10.90392487633033","-10.90392487633033","-8.926224180351747","-8.926224180351747","-8.926224180351747","-6.249196821620027","-6.249196821620027","-6.249196821620027"
"3000","-7.754358740307621","-7.754358740307621","-7.754358740307621","-11.133211096369966","-11.133211096369966","-11.133211096369966","-14.723697167915958","-14.723697167915958","-14.723697167915958","-9.426461531237923","-9.426461531237923","-9.426461531237923","-10.174104815508775","-10.174104815508775","-10.174104815508775","-11.503368845725262","-11.503368845725262","-11.503368845725262","-7.57207588990457","-7.57207588990457","-7.57207588990457","-18.822316206326906","-18.822316206326906","-18.822316206326906","-10.383253028350541","-10.383253028350541","-10.383253028350541","-14.245986830070683","-14.245986830070683","-14.245986830070683","-12.82547035902969","-12.82547035902969","-12.82547035902969","-17.671351447966607","-17.671351447966607","-17.671351447966607","-19.310638417909175","-19.310638417909175","-19.310638417909175","-8.083868442658465","-8.083868442658465","-8.083868442658465","-10.199187926541638","-10.199187926541638","-10.199187926541638","-15.699543165965395","-15.699543165965395","-15.699543165965395","-7.763366325747737","-7.763366325747737","-7.763366325747737","-12.747484195914335","-12.747484195914335","-12.747484195914335","-15.517719273661019","-15.517719273661019","-15.517719273661019","-6.49252817640068","-6.49252817640068","-6.49252817640068"
"3500","-9.990187489777448","-9.990187489777448","-9.990187489777448","-19.82592945952465","-19.82592945952465","-19.82592945952465","-24.818281592264608","-24.818281592264608","-24.818281592264608","-10.017114485764786","-10.017114485764786","-10.017114485764786","-8.634901750230778","-8.634901750230778","-8.634901750230778","-6.5328009328368255","-6.5328009328368255","-6.5328009328368255","-9.635580691050887","-9.635580691050887","-9.635580691050887","-6.793525083604857","-6.793525083604857","-6.793525083604857","-6.949398032088543","-6.949398032088543","-6.949398032088543","-9.674902325335513","-9.674902325335513","-9.674902325335513","-12.805762250476983","-12.805762250476983","-12.805762250476983","-21.14696297422341","-21.14696297422341","-21.14696297422341","-19.686024672361615","-19.686024672361615","-19.686024672361615","-6.645377121145829","-6.645377121145829","-6.645377121145829","-6.63406403738597","-6.63406403738597","-6.63406403738597","-5.254671330100441","-5.254671330100441","-5.254671330100441","-8.208317568778503","-8.208317568778503","-8.208317568778503","-10.354328167039473","-10.354328167039473","-10.354328167039473","-7.101274980461301","-7.101274980461301","-7.101274980461301","-10.48921214244002","-10.48921214244002","-10.48921214244002"
"4000","-4.987264548049401","-4.987264548049401","-4.987264548049401","-20.499487289823314","-20.499487289823314","-20.499487289823314","-11.328017735054567","-11.328017735054567","-11.328017735054567","-14.506426918843212","-14.506426918843212","-14.506426918843212","-10.767014275218793","-10.767014275218793","-10.767014275218793","-6.248970398448604","-6.248970398448604","-6.248970398448604","-7.547738619547211","-7.547738619547211","-7.547738619547211","-7.180045048044496","-7.180045048044496","-7.180045048044496","-6.903444062023576","-6.903444062023576","-6.903444062023576","-8.090540493499239","-8.090540493499239","-8.090540493499239","-6.958173269881281","-6.958173269881281","-6.958173269881281","-7.5782344531159165","-7.5782344531159165","-7.5782344531159165","-10.18071003995512","-10.18071003995512","-10.18071003995512","-6.261169935273179","-6.261169935273179","-6.261169935273179","-5.33415080329438","-5.33415080329438","-5.33415080329438","-5.875836824852021","-5.875836824852021","-5.875836824852021","-7.929582136014358","-7.929582136014358","-7.929582136014358","-8.084688707182092","-8.084688707182092","-8.084688707182092","-12.177681310142468","-12.177681310142468","-12.177681310142468","-10.294852216382305","-10.294852216382305","-10.294852216382305"
"4500","-6.556860444400691","-6.556860444400691","-6.556860444400691","-17.885222939296828","-17.885222939296828","-17.885222939296828","-5.592278249233103","-5.592278249233103","-5.592278249233103","-8.018034969355595","-8.018034969355595","-8.018034969355595","-8.90786181721515","-8.90786181721515","-8.90786181721515","-6.33528216762954","-6.33528216762954","-6.33528216762954","-6.519967558559001","-6.519967558559001","-6.519967558559001","-5.3866889114167025","-5.3866889114167025","-5.3866889114167025","-6.327471572783412","-6.327471572783412","-6.327471572783412","-10.72467910406645","-10.72467910406645","-10.72467910406645","-5.636613542921093","-5.636613542921093","-5.636613542921093","-8.420462710816091","-8.420462710816091","-8.420462710816091","-7.687847696443032","-7.687847696443032","-7.687847696443032","-6.321160647433932","-6.321160647433932","-6.321160647433932","-8.9718247667445","-8.9718247667445","-8.9718247667445","-4.2202309890388365","-4.2202309890388365","-4.2202309890388365","-9.074011488495206","-9.074011488495206","-9.074011488495206","-7.5406058095618675","-7.5406058095618675","-7.5406058095618675","-4.584085154118021","-4.584085154118021","-4.584085154118021","-10.832284327901785","-10.832284327901785","-10.832284327901785"
"5000","-3.6899117327620927","-3.6899117327620927","-3.6899117327620927","-5.507985793894011","-5.507985793894011","-5.507985793894011","-6.688820909582107","-6.688820909582107","-6.688820909582107","-9.06649275857632","-9.06649275857632","-9.06649275857632","-7.3346672849092585","-7.3346672849092585","-7.3346672849092585","-3.9998335408383476","-3.9998335408383476","-3.9998335408383476","-5.971399855412724","-5.971399855412724","-5.971399855412724","-5.544803336125751","-5.544803336125751","-5.544803336125751","-3.8914394350091515","-3.8914394350091515","-3.8914394350091515","-8.186913613230002","-8.186913613230002","-8.186913613230002","-4.570077151343438","-4.570077151343438","-4.570077151343438","-6.283737868469924","-6.283737868469924","-6.283737868469924","-9.77673808619501","-9.77673808619501","-9.77673808619501","-5.171241392241322","-5.171241392241322","-5.171241392241322","-5.4644499536459055","-5.4644499536459055","-5.4644499536459055","-6.446889849123636","-6.446889849123636","-6.446889849123636","-13.666546894048613","-13.666546894048613","-13.666546894048613","-5.186121486962994","-5.186121486962994","-5.186121486962994","-5.234947388879118","-5.234947388879118","-5.234947388879118","-6.69864593459633","-6.69864593459633","-6.69864593459633"
"5500","-4.513958465075982","-4.513958465075982","-4.513958465075982","-6.2521423316434905","-6.2521423316434905","-6.2521423316434905","-6.205372965778588","-6.205372965778588","-6.205372965778588","-5.6814919152069825","-5.6814919152069825","-5.6814919152069825","-6.203237311480017","-6.203237311480017","-6.203237311480017","-5.6321400259573995","-5.6321400259573995","-5.6321400259573995","-6.153266926279917","-6.153266926279917","-6.153266926279917","-6.078050548153082","-6.078050548153082","-6.078050548153082","-3.7733078287133197","-3.7733078287133197","-3.7733078287133197","-6.1189304173139405","-6.1189304173139405","-6.1189304173139405","-8.772135099387745","-8.772135099387745","-8.772135099387745","-7.600079027917235","-7.600079027917235","-7.600079027917235","-10.21003034176869","-10.21003034176869","-10.21003034176869","-7.465804333659139","-7.465804333659139","-7.465804333659139","-4.798933304348735","-4.798933304348735","-4.798933304348735","-7.496799790959322","-7.496799790959322","-7.496799790959322","-5.675250533146793","-5.675250533146793","-5.675250533146793","-9.293813833738295","-9.293813833738295","-9.293813833738295","-5.354546868651904","-5.354546868651904","-5.354546868651904","-6.950279159971842","-6.950279159971842","-6.950279159971842"
"6000","-3.258091398615581","-3.258091398615581","-3.258091398615581","-6.519296152279591","-6.519296152279591","-6.519296152279591","-7.190879480861284","-7.190879480861284","-7.190879480861284","-4.940194376926085","-4.940194376926085","-4.940194376926085","-8.69164079700049","-8.69164079700049","-8.69164079700049","-4.827093078021398","-4.827093078021398","-4.827093078021398","-4.46142182837732","-4.46142182837732","-4.46142182837732","-7.640553650626705","-7.640553650626705","-7.640553650626705","-4.580847448450495","-4.580847448450495","-4.580847448450495","-4.047493929405843","-4.047493929405843","-4.047493929405843","-3.8448481184009586","-3.8448481184009586","-3.8448481184009586","-6.730443972674005","-6.730443972674005","-6.730443972674005","-5.041253168406894","-5.041253168406894","-5.041253168406894","-6.294003555167656","-6.294003555167656","-6.294003555167656","-4.894644037506318","-4.894644037506318","-4.894644037506318","-5.148111020522934","-5.148111020522934","-5.148111020522934","-6.302674735799879","-6.302674735799879","-6.302674735799879","-8.040155142146123","-8.040155142146123","-8.040155142146123","-6.836048015305676","-6.836048015305676","-6.836048015305676","-7.465973815170017","-7.465973815170017","-7.465973815170017"
"6500","-3.0399648895678704","-3.0399648895678704","-3.0399648895678704","-4.386948612944956","-4.386948612944956","-4.386948612944956","-9.444938946632579","-9.444938946632579","-9.444938946632579","-4.517311243628461","-4.517311243628461","-4.517311243628461","-10.921336070727552","-10.921336070727552","-10.921336070727552","-4.708571880444511","-4.708571880444511","-4.708571880444511","-4.790041798966213","-4.790041798966213","-4.790041798966213","-5.6844966217658754","-5.6844966217658754","-5.6844966217658754","-5.5835395414633044","-5.5835395414633044","-5.5835395414633044","-6.899760342536746","-6.899760342536746","-6.899760342536746","-5.888447530182519","-5.888447530182519","-5.888447530182519","-5.6487310514857345","-5.6487310514857345","-5.6487310514857345","-3.9652441400829863","-3.9652441400829863","-3.9652441400829863","-5.61493934814723","-5.61493934814723","-5.61493934814723","-4.276608067523424","-4.276608067523424","-4.276608067523424","-6.006616660742589","-6.006616660742589","-6.006616660742589","-6.57079683451947","-6.57079683451947","-6.57079683451947","-5.224175741624174","-5.224175741624174","-5.224175741624174","-5.683929178729261","-5.683929178729261","-5.683929178729261","-5.893435504249402","-5.893435504249402","-5.893435504249402"
"7000","-3.8161533807847965","-3.8161533807847965","-3.8161533807847965","-5.199040845100015","-5.199040845100015","-5.199040845100015","-6.785503347379148","-6.785503347379148","-6.785503347379148","-4.470955634334215","-4.470955634334215","-4.470955634334215","-7.783308411846619","-7.783308411846619","-7.783308411846619","-2.6896362743199727","-2.6896362743199727","-2.6896362743199727","-3.499161106230732","-3.499161106230732","-3.499161106230732","-3.876900691877696","-3.876900691877696","-3.876900691877696","-3.383575886500856","-3.383575886500856","-3.383575886500856","-4.477587996929078","-4.477587996929078","-4.477587996929078","-5.5197351765947955","-5.5197351765947955","-5.5197351765947955","-4.29103673709551","-4.29103673709551","-4.29103673709551","-4.529420907268616","-4.529420907268616","-4.529420907268616","-5.891955632762364","-5.891955632762364","-5.891955632762364","-2.644653590056201","-2.644653590056201","-2.644653590056201","-4.26153188441885","-4.26153188441885","-4.26153188441885","-4.757283348658383","-4.757283348658383","-4.757283348658383","-6.408837686205305","-6.408837686205305","-6.408837686205305","-6.251407044338828","-6.251407044338828","-6.251407044338828","-5.317743437108836","-5.317743437108836","-5.317743437108836"
"7500","-3.43020628324377","-3.43020628324377","-3.43020628324377","-4.6037187218333555","-4.6037187218333555","-4.6037187218333555","-6.301130842900132","-6.301130842900132","-6.301130842900132","-3.8817169106630613","-3.8817169106630613","-3.8817169106630613","-6.776917507709598","-6.776917507709598","-6.776917507709598","-4.282091001558357","-4.282091001558357","-4.282091001558357","-4.236918555414992","-4.236918555414992","-4.236918555414992","-4.754264571271304","-4.754264571271304","-4.754264571271304","-4.322626977685909","-4.322626977685909","-4.322626977685909","-3.3289620682312786","-3.3289620682312786","-3.3289620682312786","-5.031255401436222","-5.031255401436222","-5.031255401436222","-5.273279386775394","-5.273279386775394","-5.273279386775394","-8.061715015052776","-8.061715015052776","-8.061715015052776","-4.803426454608126","-4.803426454608126","-4.803426454608126","-2.6720718374986805","-2.6720718374986805","-2.6720718374986805","-4.04123720218871","-4.04123720218871","-4.04123720218871","-4.759706615463548","-4.759706615463548","-4.759706615463548","-4.988856858831537","-4.988856858831537","-4.988856858831537","-4.581201256703256","-4.581201256703256","-4.581201256703256","-4.161691465736866","-4.161691465736866","-4.161691465736866"
"8000","-2.7478639074856237","-2.7478639074856237","-2.7478639074856237","-5.34736881564328","-5.34736881564328","-5.34736881564328","-13.439218590150876","-13.439218590150876","-13.439218590150876","-2.731126405767445","-2.731126405767445","-2.731126405767445","-7.376223016320421","-7.376223016320421","-7.376223016320421","-2.0730886083639515","-2.0730886083639515","-2.0730886083639515","-3.9658703759633425","-3.9658703759633425","-3.9658703759633425","-4.6943187022318025","-4.6943187022318025","-4.6943187022318025","-4.336062845949162","-4.336062845949162","-4.336062845949162","-3.4062909640307852","-3.4062909640307852","-3.4062909640307852","-3.7478890079279266","-3.7478890079279266","-3.7478890079279266","-4.327811663597761","-4.327811663597761","-4.327811663597761","-3.8693761042367605","-3.8693761042367605","-3.8693761042367605","-3.8839665972551636","-3.8839665972551636","-3.8839665972551636","-3.264337236784887","-3.264337236784887","-3.264337236784887","-5.1377603364470765","-5.1377603364470765","-5.1377603364470765","-3.7377441992302733","-3.7377441992302733","-3.7377441992302733","-4.676982061971731","-4.676982061971731","-4.676982061971731","-5.31344668604558","-5.31344668604558","-5.31344668604558","-3.247596406436854","-3.247596406436854","-3.247596406436854"
"8500","-3.7009140417093698","-3.7009140417093698","-3.7009140417093698","-2.7953349003735415","-2.7953349003735415","-2.7953349003735415","-6.084662442678758","-6.084662442678758","-6.084662442678758","-3.258779392218881","-3.258779392218881","-3.258779392218881","-6.322677695421174","-6.322677695421174","-6.322677695421174","-2.411020794658662","-2.411020794658662","-2.411020794658662","-3.7857664113465352","-3.7857664113465352","-3.7857664113465352","-3.9531211117958707","-3.9531211117958707","-3.9531211117958707","-4.070705828936278","-4.070705828936278","-4.070705828936278","-3.2359325387794264","-3.2359325387794264","-3.2359325387794264","-6.13871802532673","-6.13871802532673","-6.13871802532673","-4.32968530439536","-4.32968530439536","-4.32968530439536","-4.799941007584074","-4.799941007584074","-4.799941007584074","-5.274291310786294","-5.274291310786294","-5.274291310786294","-2.154238114390921","-2.154238114390921","-2.154238114390921","-3.2430723435523676","-3.2430723435523676","-3.2430723435523676","-3.0131892496141246","-3.0131892496141246","-3.0131892496141246","-3.5652144523513676","-3.5652144523513676","-3.5652144523513676","-4.325217666073099","-4.325217666073099","-4.325217666073099","-2.3630657598970446","-2.3630657598970446","-2.3630657598970446"
"9000","-3.0083878662552794","-3.0083878662552794","-3.0083878662552794","-4.22990194444913","-4.22990194444913","-4.22990194444913","-3.714112897939875","-3.714112897939875","-3.714112897939875","-2.7878392283870017","-2.7878392283870017","-2.7878392283870017","-6.429810304713989","-6.429810304713989","-6.429810304713989","-4.226624500351975","-4.226624500351975","-4.226624500351975","-4.237601375670308","-4.237601375670308","-4.237601375670308","-4.3536733335367455","-4.3536733335367455","-4.3536733335367455","-3.9162640735280645","-3.9162640735280645","-3.9162640735280645","-2.986235657553464","-2.986235657553464","-2.986235657553464","-4.791099641617151","-4.791099641617151","-4.791099641617151","-4.373886679937511","-4.373886679937511","-4.373886679937511","-5.026979352584957","-5.026979352584957","-5.026979352584957","-5.582938215160732","-5.582938215160732","-5.582938215160732","-2.1192132710064446","-2.1192132710064446","-2.1192132710064446","-2.681253558571536","-2.681253558571536","-2.681253558571536","-3.595947401258911","-3.595947401258911","-3.595947401258911","-4.812622642475536","-4.812622642475536","-4.812622642475536","-4.846914611080018","-4.846914611080018","-4.846914611080018","-2.9861408460387353","-2.9861408460387353","-2.9861408460387353"
"9500","-3.0195269970042684","-3.0195269970042684","-3.0195269970042684","-2.1029021897439595","-2.1029021897439595","-2.1029021897439595","-2.439532889321599","-2.439532889321599","-2.439532889321599","-3.987672747754923","-3.987672747754923","-3.987672747754923","-4.319077682092061","-4.319077682092061","-4.319077682092061","-3.1362107840362805","-3.1362107840362805","-3.1362107840362805","-3.6012302367217424","-3.6012302367217424","-3.6012302367217424","-6.151925807961816","-6.151925807961816","-6.151925807961816","-3.135215077423664","-3.135215077423664","-3.135215077423664","-3.7793555601634927","-3.7793555601634927","-3.7793555601634927","-4.918014369587334","-4.918014369587334","-4.918014369587334","-3.6259609237945143","-3.6259609237945143","-3.6259609237945143","-4.084083957287236","-4.084083957287236","-4.084083957287236","-4.2922492523280535","-4.2922492523280535","-4.2922492523280535","-3.2508495992791637","-3.2508495992791637","-3.2508495992791637","-2.839319432513867","-2.839319432513867","-2.839319432513867","-5.257700113413627","-5.257700113413627","-5.257700113413627","-2.7891145858595157","-2.7891145858595157","-2.7891145858595157","-5.555572738710207","-5.555572738710207","-5.555572738710207","-3.421991242301803","-3.421991242301803","-3.421991242301803"
"10000","-2.889749703534855","-2.889749703534855","-2.889749703534855","-6.556235538938914","-6.556235538938914","-6.556235538938914","-4.13321406968507","-4.13321406968507","-4.13321406968507","-2.9858610107538057","-2.9858610107538057","-2.9858610107538057","-4.52325157015349","-4.52325157015349","-4.52325157015349","-3.120251898266802","-3.120251898266802","-3.120251898266802","-3.4116806644366946","-3.4116806644366946","-3.4116806644366946","-6.241485458102873","-6.241485458102873","-6.241485458102873","-3.528707280744734","-3.528707280744734","-3.528707280744734","-3.9410003357589583","-3.9410003357589583","-3.9410003357589583","-3.492418737236119","-3.492418737236119","-3.492418737236119","-2.902413724606263","-2.902413724606263","-2.902413724606263","-4.264797183326056","-4.264797183326056","-4.264797183326056","-4.104525541867767","-4.104525541867767","-4.104525541867767","-2.3110917980418444","-2.3110917980418444","-2.3110917980418444","-3.0962340796970156","-3.0962340796970156","-3.0962340796970156","-2.1985871390317997","-2.1985871390317997","-2.1985871390317997","-3.4111958104802285","-3.4111958104802285","-3.4111958104802285","-4.824289791191964","-4.824289791191964","-4.824289791191964","-3.6017206307499996","-3.6017206307499996","-3.6017206307499996"
"10500","-3.0867754369838467","-3.0867754369838467","-3.0867754369838467","-3.332930841452871","-3.332930841452871","-3.332930841452871","-4.413651605359878","-4.413651605359878","-4.413651605359878","-2.819987521189158","-2.819987521189158","-2.819987521189158","-3.996413989797542","-3.996413989797542","-3.996413989797542","-3.420725059527495","-3.420725059527495","-3.420725059527495","-3.1006957457208038","-3.1006957457208038","-3.1006957457208038","-3.642129005853014","-3.642129005853014","-3.642129005853014","-2.555190159186715","-2.555190159186715","-2.555190159186715","-3.5703832740534436","-3.5703832740534436","-3.5703832740534436","-4.054198995432595","-4.054198995432595","-4.054198995432595","-2.8624494852967906","-2.8624494852967906","-2.8624494852967906","-2.274958770002029","-2.274958770002029","-2.274958770002029","-4.310268871482137","-4.310268871482137","-4.310268871482137","-3.1676577342025407","-3.1676577342025407","-3.1676577342025407","-2.764754770652947","-2.764754770652947","-2.764754770652947","-3.0266187575532384","-3.0266187575532384","-3.0266187575532384","-3.3114137256760765","-3.3114137256760765","-3.3114137256760765","-6.418396114696028","-6.418396114696028","-6.418396114696028","-3.3034952697019286","-3.3034952697019286","-3.3034952697019286"
"11000","-2.8698539832319088","-2.8698539832319088","-2.8698539832319088","-3.1606831241745166","-3.1606831241745166","-3.1606831241745166","-2.6737367171535835","-2.6737367171535835","-2.6737367171535835","-2.637012593418377","-2.637012593418377","-2.637012593418377","-5.450362807146173","-5.450362807146173","-5.450362807146173","-3.3373422870940352","-3.3373422870940352","-3.3373422870940352","-3.096629722619485","-3.096629722619485","-3.096629722619485","-3.842261134840782","-3.842261134840782","-3.842261134840782","-2.069114430301685","-2.069114430301685","-2.069114430301685","-2.1926750125570824","-2.1926750125570824","-2.1926750125570824","-4.004693910751807","-4.004693910751807","-4.004693910751807","-3.6197784081864284","-3.6197784081864284","-3.6197784081864284","-4.238242310256028","-4.238242310256028","-4.238242310256028","-2.8108758494082795","-2.8108758494082795","-2.8108758494082795","-2.2129420181264323","-2.2129420181264323","-2.2129420181264323","-3.079989455738321","-3.079989455738321","-3.079989455738321","-2.8127069524465504","-2.8127069524465504","-2.8127069524465504","-3.7603867861773272","-3.7603867861773272","-3.7603867861773272","-5.613356783390673","-5.613356783390673","-5.613356783390673","-3.7854773179493053","-3.7854773179493053","-3.7854773179493053"
"11500","-1.9311910581243077","-1.9311910581243077","-1.9311910581243077","-3.7576442203437876","-3.7576442203437876","-3.7576442203437876","-2.963402250480985","-2.963402250480985","-2.963402250480985","-2.7919514862083714","-2.7919514862083714","-2.7919514862083714","-4.9954059047382255","-4.9954059047382255","-4.9954059047382255","-3.430523801828005","-3.430523801828005","-3.430523801828005","-2.6458771708109863","-2.6458771708109863","-2.6458771708109863","-2.7545338147183256","-2.7545338147183256","-2.7545338147183256","-2.4669845762128695","-2.4669845762128695","-2.4669845762128695","-4.171247010579979","-4.171247010579979","-4.171247010579979","-2.33267825967897","-2.33267825967897","-2.33267825967897","-3.3469812207677436","-3.3469812207677436","-3.3469812207677436","-2.612659946060666","-2.612659946060666","-2.612659946060666","-4.393790257198745","-4.393790257198745","-4.393790257198745","-1.9586652039176549","-1.9586652039176549","-1.9586652039176549","-4.28516860807015","-4.28516860807015","-4.28516860807015","-3.5953916249899565","-3.5953916249899565","-3.5953916249899565","-2.8172512675362045","-2.8172512675362045","-2.8172512675362045","-4.107893433597649","-4.107893433597649","-4.107893433597649","-3.1466226199379577","-3.1466226199379577","-3.1466226199379577"
"12000","-2.4358866069869634","-2.4358866069869634","-2.4358866069869634","-4.077798391861408","-4.077798391861408","-4.077798391861408","-3.940052416707739","-3.940052416707739","-3.940052416707739","-2.859005710648257","-2.859005710648257","-2.859005710648257","-2.943199489349909","-2.943199489349909","-2.943199489349909","-3.839646859626691","-3.839646859626691","-3.839646859626691","-1.933718820147283","-1.933718820147283","-1.933718820147283","-2.8046222808195416","-2.8046222808195416","-2.8046222808195416","-3.182118587459559","-3.182118587459559","-3.182118587459559","-3.547425549309313","-3.547425549309313","-3.547425549309313","-2.6643718753036945","-2.6643718753036945","-2.6643718753036945","-2.264254999073632","-2.264254999073632","-2.264254999073632","-2.8505475831528218","-2.8505475831528218","-2.8505475831528218","-3.045523784786367","-3.045523784786367","-3.045523784786367","-3.692071299884855","-3.692071299884855","-3.692071299884855","-6.880339344627569","-6.880339344627569","-6.880339344627569","-4.7406613633075345","-4.7406613633075345","-4.7406613633075345","-3.448176559151996","-3.448176559151996","-3.448176559151996","-3.031954898894358","-3.031954898894358","-3.031954898894358","-3.150291888449954","-3.150291888449954","-3.150291888449954"
"12500","-2.469345214286146","-2.469345214286146","-2.469345214286146","-3.704023425960183","-3.704023425960183","-3.704023425960183","-1.6070140273409188","-1.6070140273409188","-1.6070140273409188","-2.452581508972163","-2.452581508972163","-2.452581508972163","-3.2633769009276525","-3.2633769009276525","-3.2633769009276525","-2.111001612463261","-2.111001612463261","-2.111001612463261","-2.7812216665968963","-2.7812216665968963","-2.7812216665968963","-2.5145978505216124","-2.5145978505216124","-2.5145978505216124","-1.8911031924551935","-1.8911031924551935","-1.8911031924551935","-2.984300512172191","-2.984300512172191","-2.984300512172191","-2.526981337675408","-2.526981337675408","-2.526981337675408","-3.1409483015696726","-3.1409483015696726","-3.1409483015696726","-3.587173714429293","-3.587173714429293","-3.587173714429293","-3.3486971074208567","-3.3486971074208567","-3.3486971074208567","-3.213384770691872","-3.213384770691872","-3.213384770691872","-3.587763042853095","-3.587763042853095","-3.587763042853095","-2.678040602627649","-2.678040602627649","-2.678040602627649","-3.563324661336928","-3.563324661336928","-3.563324661336928","-2.4053635966786038","-2.4053635966786038","-2.4053635966786038","-3.716393819545921","-3.716393819545921","-3.716393819545921"
"13000","-4.96999447388945","-4.96999447388945","-4.96999447388945","-2.77093861992635","-2.77093861992635","-2.77093861992635","-1.8389978809775989","-1.8389978809775989","-1.8389978809775989","-3.326619950145355","-3.326619950145355","-3.326619950145355","-3.9177696616878714","-3.9177696616878714","-3.9177696616878714","-4.28859184625018","-4.28859184625018","-4.28859184625018","-3.5118007838048384","-3.5118007838048384","-3.5118007838048384","-2.646567433659429","-2.646567433659429","-2.646567433659429","-2.1404693027689934","-2.1404693027689934","-2.1404693027689934","-2.222576316148634","-2.222576316148634","-2.222576316148634","-2.974412007106371","-2.974412007106371","-2.974412007106371","-4.1063759001060145","-4.1063759001060145","-4.1063759001060145","-3.4183642345124206","-3.4183642345124206","-3.4183642345124206","-3.404778788280283","-3.404778788280283","-3.404778788280283","-2.637027055748646","-2.637027055748646","-2.637027055748646","-3.4674536138127507","-3.4674536138127507","-3.4674536138127507","-2.5923101895128378","-2.5923101895128378","-2.5923101895128378","-2.9566215982305186","-2.9566215982305186","-2.9566215982305186","-4.303360972852533","-4.303360972852533","-4.303360972852533","-3.4506431614856368","-3.4506431614856368","-3.4506431614856368"
"13500","-1.8336198297481547","-1.8336198297481547","-1.8336198297481547","-3.247103214265394","-3.247103214265394","-3.247103214265394","-2.7500561752419883","-2.7500561752419883","-2.7500561752419883","-2.748774733550235","-2.748774733550235","-2.748774733550235","-3.026727466315687","-3.026727466315687","-3.026727466315687","-2.4608957063906542","-2.4608957063906542","-2.4608957063906542","-3.553447734448349","-3.553447734448349","-3.553447734448349","-2.434667725820122","-2.434667725820122","-2.434667725820122","-2.835941726238083","-2.835941726238083","-2.835941726238083","-2.0322935848190107","-2.0322935848190107","-2.0322935848190107","-2.405382393019899","-2.405382393019899","-2.405382393019899","-2.649119213618817","-2.649119213618817","-2.649119213618817","-2.4236512958132623","-2.4236512958132623","-2.4236512958132623","-2.605593610841642","-2.605593610841642","-2.605593610841642","-3.3454010724046994","-3.3454010724046994","-3.3454010724046994","-2.207315623924207","-2.207315623924207","-2.207315623924207","-1.8882730674791806","-1.8882730674791806","-1.8882730674791806","-3.411582828010927","-3.411582828010927","-3.411582828010927","-2.7680771583118187","-2.7680771583118187","-2.7680771583118187","-2.9955854879200654","-2.9955854879200654","-2.9955854879200654"
"14000","-1.9667664138225125","-1.9667664138225125","-1.9667664138225125","-2.6942127794474358","-2.6942127794474358","-2.6942127794474358","-2.2021936716308073","-2.2021936716308073","-2.2021936716308073","-2.676279042991445","-2.676279042991445","-2.676279042991445","-3.219480263311013","-3.219480263311013","-3.219480263311013","-2.379933186425742","-2.379933186425742","-2.379933186425742","-2.4039888301963037","-2.4039888301963037","-2.4039888301963037","-1.8638051888437974","-1.8638051888437974","-1.8638051888437974","-2.3186109362847946","-2.3186109362847946","-2.3186109362847946","-2.109214292608079","-2.109214292608079","-2.109214292608079","-2.3033297068532677","-2.3033297068532677","-2.3033297068532677","-2.465212543293835","-2.465212543293835","-2.465212543293835","-3.3599290026345208","-3.3599290026345208","-3.3599290026345208","-2.8025174702807507","-2.8025174702807507","-2.8025174702807507","-1.835452585194877","-1.835452585194877","-1.835452585194877","-3.2412252969194215","-3.2412252969194215","-3.2412252969194215","-1.9350997191501242","-1.9350997191501242","-1.9350997191501242","-3.679852720174157","-3.679852720174157","-3.679852720174157","-3.0367510963663595","-3.0367510963663595","-3.0367510963663595","-2.21481694316686","-2.21481694316686","-2.21481694316686"
"14500","-3.9162838609353017","-3.9162838609353017","-3.9162838609353017","-2.275763034585874","-2.275763034585874","-2.275763034585874","-2.644292239915201","-2.644292239915201","-2.644292239915201","-2.930711268324495","-2.930711268324495","-2.930711268324495","-2.7738764253410544","-2.7738764253410544","-2.7738764253410544","-2.05093520372787","-2.05093520372787","-2.05093520372787","-1.7626307907113485","-1.7626307907113485","-1.7626307907113485","-2.1251647350456846","-2.1251647350456846","-2.1251647350456846","-1.8633437697161526","-1.8633437697161526","-1.8633437697161526","-2.8308362378745544","-2.8308362378745544","-2.8308362378745544","-3.062340683713818","-3.062340683713818","-3.062340683713818","-2.5357562935754756","-2.5357562935754756","-2.5357562935754756","-2.168727877415802","-2.168727877415802","-2.168727877415802","-1.9756963171108595","-1.9756963171108595","-1.9756963171108595","-2.188389826454501","-2.188389826454501","-2.188389826454501","-4.326464033057256","-4.326464033057256","-4.326464033057256","-2.8669173079568298","-2.8669173079568298","-2.8669173079568298","-2.5499323766829116","-2.5499323766829116","-2.5499323766829116","-3.2563979865843464","-3.2563979865843464","-3.2563979865843464","-1.8215669407991442","-1.8215669407991442","-1.8215669407991442"
"15000","-2.924939031378706","-2.924939031378706","-2.924939031378706","-2.159631447707201","-2.159631447707201","-2.159631447707201","-3.669456467658981","-3.669456467658981","-3.669456467658981","-2.2581855923746033","-2.2581855923746033","-2.2581855923746033","-2.800798989596605","-2.800798989596605","-2.800798989596605","-1.9327145421524712","-1.9327145421524712","-1.9327145421524712","-2.2169301490806794","-2.2169301490806794","-2.2169301490806794","-1.8968997936580891","-1.8968997936580891","-1.8968997936580891","-2.0151626502621083","-2.0151626502621083","-2.0151626502621083","-4.055143752820208","-4.055143752820208","-4.055143752820208","-2.0407110635852077","-2.0407110635852077","-2.0407110635852077","-1.8865306547309793","-1.8865306547309793","-1.8865306547309793","-1.8076873709625214","-1.8076873709625214","-1.8076873709625214","-2.5678832313258186","-2.5678832313258186","-2.5678832313258186","-1.973661539262696","-1.973661539262696","-1.973661539262696","-3.4725886279633493","-3.4725886279633493","-3.4725886279633493","-1.7676060862881358","-1.7676060862881358","-1.7676060862881358","-3.8955729741924445","-3.8955729741924445","-3.8955729741924445","-3.151158824680567","-3.151158824680567","-3.151158824680567","-2.271443201624328","-2.271443201624328","-2.271443201624328"
"15500","-2.1874023449738598","-2.1874023449738598","-2.1874023449738598","-2.626807426898723","-2.626807426898723","-2.626807426898723","-1.61344015154311","-1.61344015154311","-1.61344015154311","-3.140530131765091","-3.140530131765091","-3.140530131765091","-5.751738928395811","-5.751738928395811","-5.751738928395811","-1.6470092640958423","-1.6470092640958423","-1.6470092640958423","-1.9960575498598765","-1.9960575498598765","-1.9960575498598765","-3.3026750781917764","-3.3026750781917764","-3.3026750781917764","-2.0611538128614435","-2.0611538128614435","-2.0611538128614435","-2.6684154315843958","-2.6684154315843958","-2.6684154315843958","-3.541002629866962","-3.541002629866962","-3.541002629866962","-2.8248349155330184","-2.8248349155330184","-2.8248349155330184","-2.9803990920281387","-2.9803990920281387","-2.9803990920281387","-1.8279176670529715","-1.8279176670529715","-1.8279176670529715","-2.027940965540071","-2.027940965540071","-2.027940965540071","-2.3470412744663034","-2.3470412744663034","-2.3470412744663034","-3.332012468614933","-3.332012468614933","-3.332012468614933","-2.5707047053719156","-2.5707047053719156","-2.5707047053719156","-2.8130777345737275","-2.8130777345737275","-2.8130777345737275","-2.544719877094363","-2.544719877094363","-2.544719877094363"
"16000","-2.1066453058213455","-2.1066453058213455","-2.1066453058213455","-1.8699070097941628","-1.8699070097941628","-1.8699070097941628","-1.8150094892361799","-1.8150094892361799","-1.8150094892361799","-2.1077986798089805","-2.1077986798089805","-2.1077986798089805","-3.8433235430410293","-3.8433235430410293","-3.8433235430410293","-1.9540643533768247","-1.9540643533768247","-1.9540643533768247","-2.0453785243403177","-2.0453785243403177","-2.0453785243403177","-2.0949549851981057","-2.0949549851981057","-2.0949549851981057","-3.4715680082434943","-3.4715680082434943","-3.4715680082434943","-3.99640491989782","-3.99640491989782","-3.99640491989782","-2.2189550987223856","-2.2189550987223856","-2.2189550987223856","-2.8974838194743247","-2.8974838194743247","-2.8974838194743247","-2.4566037886263112","-2.4566037886263112","-2.4566037886263112","-1.8378906090829008","-1.8378906090829008","-1.8378906090829008","-2.0963170379724474","-2.0963170379724474","-2.0963170379724474","-3.9230247178767383","-3.9230247178767383","-3.9230247178767383","-2.009215894184568","-2.009215894184568","-2.009215894184568","-3.781336837443328","-3.781336837443328","-3.781336837443328","-2.6191811557658804","-2.6191811557658804","-2.6191811557658804","-2.221950810833989","-2.221950810833989","-2.221950810833989"
"16500","-2.887081110805627","-2.887081110805627","-2.887081110805627","-4.578487811959753","-4.578487811959753","-4.578487811959753","-1.8453524398301475","-1.8453524398301475","-1.8453524398301475","-2.887364040318699","-2.887364040318699","-2.887364040318699","-3.344593784624749","-3.344593784624749","-3.344593784624749","-2.875770817899724","-2.875770817899724","-2.875770817899724","-1.299909382370271","-1.299909382370271","-1.299909382370271","-1.705041908395629","-1.705041908395629","-1.705041908395629","-2.9371384197091497","-2.9371384197091497","-2.9371384197091497","-2.0095473456659407","-2.0095473456659407","-2.0095473456659407","-1.9615267494599444","-1.9615267494599444","-1.9615267494599444","-3.2138191213589264","-3.2138191213589264","-3.2138191213589264","-1.5355407035896722","-1.5355407035896722","-1.5355407035896722","-1.7978379500502633","-1.7978379500502633","-1.7978379500502633","-2.253516087673184","-2.253516087673184","-2.253516087673184","-2.7867919966884838","-2.7867919966884838","-2.7867919966884838","-2.5562722299650735","-2.5562722299650735","-2.5562722299650735","-3.717421761787688","-3.717421761787688","-3.717421761787688","-5.0007825390385","-5.0007825390385","-5.0007825390385","-2.2113256517475364","-2.2113256517475364","-2.2113256517475364"
"17000","-4.224141841188326","-4.224141841188326","-4.224141841188326","-1.6033982269280689","-1.6033982269280689","-1.6033982269280689","-2.159022628041966","-2.159022628041966","-2.159022628041966","-2.660091781759213","-2.660091781759213","-2.660091781759213","-2.714741526875393","-2.714741526875393","-2.714741526875393","-2.235035978107655","-2.235035978107655","-2.235035978107655","-1.6197126581758194","-1.6197126581758194","-1.6197126581758194","-1.734807909910219","-1.734807909910219","-1.734807909910219","-1.458538616221898","-1.458538616221898","-1.458538616221898","-2.260956863909236","-2.260956863909236","-2.260956863909236","-3.867236544920022","-3.867236544920022","-3.867236544920022","-2.7215568298331583","-2.7215568298331583","-2.7215568298331583","-2.3297552163632194","-2.3297552163632194","-2.3297552163632194","-2.1751165316789876","-2.1751165316789876","-2.1751165316789876","-1.981904241352805","-1.981904241352805","-1.981904241352805","-2.8180146960066765","-2.8180146960066765","-2.8180146960066765","-2.026602952672764","-2.026602952672764","-2.026602952672764","-2.1814981947621446","-2.1814981947621446","-2.1814981947621446","-3.03491602130677","-3.03491602130677","-3.03491602130677","-1.6798582180085528","-1.6798582180085528","-1.6798582180085528"
"17500","-1.7462379523639768","-1.7462379523639768","-1.7462379523639768","-2.478620858180458","-2.478620858180458","-2.478620858180458","-2.265738421159345","-2.265738421159345","-2.265738421159345","-2.0209194749681623","-2.0209194749681623","-2.0209194749681623","-2.7055263922056025","-2.7055263922056025","-2.7055263922056025","-1.5696971937533248","-1.5696971937533248","-1.5696971937533248","-1.7920727105433751","-1.7920727105433751","-1.7920727105433751","-1.728884523625015","-1.728884523625015","-1.728884523625015","-2.1224729003425304","-2.1224729003425304","-2.1224729003425304","-4.035942402745333","-4.035942402745333","-4.035942402745333","-2.3408506254120516","-2.3408506254120516","-2.3408506254120516","-3.1846777588812345","-3.1846777588812345","-3.1846777588812345","-1.987079004766592","-1.987079004766592","-1.987079004766592","-2.237494083848382","-2.237494083848382","-2.237494083848382","-1.3339219728116716","-1.3339219728116716","-1.3339219728116716","-4.229527482149263","-4.229527482149263","-4.229527482149263","-2.1043930807205906","-2.1043930807205906","-2.1043930807205906","-2.6334608845796503","-2.6334608845796503","-2.6334608845796503","-2.087289392828274","-2.087289392828274","-2.087289392828274","-3.8682985797744758","-3.8682985797744758","-3.8682985797744758"
"18000","-2.4372742154795244","-2.4372742154795244","-2.4372742154795244","-2.784634527013548","-2.784634527013548","-2.784634527013548","-3.1961525170565617","-3.1961525170565617","-3.1961525170565617","-2.9052141928155635","-2.9052141928155635","-2.9052141928155635","-2.3141427348774526","-2.3141427348774526","-2.3141427348774526","-2.5915594185691115","-2.5915594185691115","-2.5915594185691115","-4.512421060905273","-4.512421060905273","-4.512421060905273","-2.0999242159176714","-2.0999242159176714","-2.0999242159176714","-2.920630581532574","-2.920630581532574","-2.920630581532574","-1.5439220313203896","-1.5439220313203896","-1.5439220313203896","-3.1070862279961076","-3.1070862279961076","-3.1070862279961076","-2.1383059189315494","-2.1383059189315494","-2.1383059189315494","-2.596316025857095","-2.596316025857095","-2.596316025857095","-2.518920775638507","-2.518920775638507","-2.518920775638507","-1.3466519388250862","-1.3466519388250862","-1.3466519388250862","-2.4702134885567406","-2.4702134885567406","-2.4702134885567406","-2.991913257832889","-2.991913257832889","-2.991913257832889","-2.2826965586773253","-2.2826965586773253","-2.2826965586773253","-2.7114757741576945","-2.7114757741576945","-2.7114757741576945","-1.8817114699448534","-1.8817114699448534","-1.8817114699448534"
"18500","-2.80253168309641","-2.80253168309641","-2.80253168309641","-1.403575280297686","-1.403575280297686","-1.403575280297686","-2.654919530898863","-2.654919530898863","-2.654919530898863","-2.224534388148118","-2.224534388148118","-2.224534388148118","-1.8133694875186286","-1.8133694875186286","-1.8133694875186286","-1.9425178157145062","-1.9425178157145062","-1.9425178157145062","-1.4627014746435514","-1.4627014746435514","-1.4627014746435514","-1.9305021794127828","-1.9305021794127828","-1.9305021794127828","-2.539236494717273","-2.539236494717273","-2.539236494717273","-3.6111243891274682","-3.6111243891274682","-3.6111243891274682","-2.573249582289127","-2.573249582289127","-2.573249582289127","-2.0863397961933288","-2.0863397961933288","-2.0863397961933288","-1.4079674637248474","-1.4079674637248474","-1.4079674637248474","-2.2840820046930936","-2.2840820046930936","-2.2840820046930936","-1.6369009311337628","-1.6369009311337628","-1.6369009311337628","-2.3746213276694066","-2.3746213276694066","-2.3746213276694066","-1.7508125528060077","-1.7508125528060077","-1.7508125528060077","-3.0780774022100212","-3.0780774022100212","-3.0780774022100212","-1.715651695233469","-1.715651695233469","-1.715651695233469","-1.9858130322271603","-1.9858130322271603","-1.9858130322271603"
"19000","-3.5652844294535435","-3.5652844294535435","-3.5652844294535435","-2.1275246058899295","-2.1275246058899295","-2.1275246058899295","-1.6597198749426034","-1.6597198749426034","-1.6597198749426034","-2.541883198686393","-2.541883198686393","-2.541883198686393","-2.2240515871099467","-2.2240515871099467","-2.2240515871099467","-1.945907652673186","-1.945907652673186","-1.945907652673186","-1.6849822654899456","-1.6849822654899456","-1.6849822654899456","-2.7783037794933723","-2.7783037794933723","-2.7783037794933723","-2.492178681878503","-2.492178681878503","-2.492178681878503","-2.059586085407434","-2.059586085407434","-2.059586085407434","-2.852225823204808","-2.852225823204808","-2.852225823204808","-2.333637370417674","-2.333637370417674","-2.333637370417674","-1.1765811897670004","-1.1765811897670004","-1.1765811897670004","-2.768053797749015","-2.768053797749015","-2.768053797749015","-2.463170148733635","-2.463170148733635","-2.463170148733635","-3.5045354499698673","-3.5045354499698673","-3.5045354499698673","-1.3316442096121233","-1.3316442096121233","-1.3316442096121233","-2.67876939276142","-2.67876939276142","-2.67876939276142","-1.8096740566495728","-1.8096740566495728","-1.8096740566495728","-2.4867330002504806","-2.4867330002504806","-2.4867330002504806"
"19500","-1.679357742090802","-1.679357742090802","-1.679357742090802","-1.9730546312361432","-1.9730546312361432","-1.9730546312361432","-1.657269335528413","-1.657269335528413","-1.657269335528413","-3.132715962657315","-3.132715962657315","-3.132715962657315","-2.2735481853855046","-2.2735481853855046","-2.2735481853855046","-1.4339956860976966","-1.4339956860976966","-1.4339956860976966","-1.3398789938075828","-1.3398789938075828","-1.3398789938075828","-3.5029025576727784","-3.5029025576727784","-3.5029025576727784","-2.3034246093923882","-2.3034246093923882","-2.3034246093923882","-1.3496067396443352","-1.3496067396443352","-1.3496067396443352","-2.428516698561202","-2.428516698561202","-2.428516698561202","-3.2817514879349687","-3.2817514879349687","-3.2817514879349687","-1.7248601824566694","-1.7248601824566694","-1.7248601824566694","-2.201042136993774","-2.201042136993774","-2.201042136993774","-1.4979337395006282","-1.4979337395006282","-1.4979337395006282","-2.948106193355208","-2.948106193355208","-2.948106193355208","-1.9829886017459084","-1.9829886017459084","-1.9829886017459084","-3.757347434760348","-3.757347434760348","-3.757347434760348","-4.2379801975219715","-4.2379801975219715","-4.2379801975219715","-1.4405462026290814","-1.4405462026290814","-1.4405462026290814"
"20000","-2.6121141743590925","-2.6121141743590925","-2.6121141743590925","-1.5701835139472213","-1.5701835139472213","-1.5701835139472213","-1.8560352930663773","-1.8560352930663773","-1.8560352930663773","-1.8387484423219216","-1.8387484423219216","-1.8387484423219216","-2.3351216453374137","-2.3351216453374137","-2.3351216453374137","-1.7288420874334214","-1.7288420874334214","-1.7288420874334214","-1.2028046882368322","-1.2028046882368322","-1.2028046882368322","-1.264830134055765","-1.264830134055765","-1.264830134055765","-1.3837175103161892","-1.3837175103161892","-1.3837175103161892","-3.014476681562127","-3.014476681562127","-3.014476681562127","-3.807388177671401","-3.807388177671401","-3.807388177671401","-2.181639208151672","-2.181639208151672","-2.181639208151672","-1.844535198740121","-1.844535198740121","-1.844535198740121","-2.8791013347339334","-2.8791013347339334","-2.8791013347339334","-1.4714095446699165","-1.4714095446699165","-1.4714095446699165","-2.2432455806815286","-2.2432455806815286","-2.2432455806815286","-1.8561793661485502","-1.8561793661485502","-1.8561793661485502","-2.2664292955689627","-2.2664292955689627","-2.2664292955689627","-2.829600787133428","-2.829600787133428","-2.829600787133428","-1.7877391511185508","-1.7877391511185508","-1.7877391511185508"
"20500","-2.5467662770287722","-2.5467662770287722","-2.5467662770287722","-1.398761621508741","-1.398761621508741","-1.398761621508741","-1.3328137696016586","-1.3328137696016586","-1.3328137696016586","-1.8875123099845772","-1.8875123099845772","-1.8875123099845772","-1.497168259884051","-1.497168259884051","-1.497168259884051","-1.9623531658017785","-1.9623531658017785","-1.9623531658017785","-1.2725154098065612","-1.2725154098065612","-1.2725154098065612","-1.667362108223126","-1.667362108223126","-1.667362108223126","-1.7138121969385423","-1.7138121969385423","-1.7138121969385423","-2.3055917885136337","-2.3055917885136337","-2.3055917885136337","-2.24749381653735","-2.24749381653735","-2.24749381653735","-2.747806914159228","-2.747806914159228","-2.747806914159228","-1.6115652116642813","-1.6115652116642813","-1.6115652116642813","-2.672352125969442","-2.672352125969442","-2.672352125969442","-2.6698025359798785","-2.6698025359798785","-2.6698025359798785","-3.4209079028922424","-3.4209079028922424","-3.4209079028922424","-2.218701483908397","-2.218701483908397","-2.218701483908397","-2.1604168447877115","-2.1604168447877115","-2.1604168447877115","-1.6436796289339484","-1.6436796289339484","-1.6436796289339484","-1.8194924587859216","-1.8194924587859216","-1.8194924587859216"
"21000","-1.9939849758068884","-1.9939849758068884","-1.9939849758068884","-3.407596252641889","-3.407596252641889","-3.407596252641889","-1.2432398900919892","-1.2432398900919892","-1.2432398900919892","-2.1893930151931853","-2.1893930151931853","-2.1893930151931853","-2.6154393236557665","-2.6154393236557665","-2.6154393236557665","-1.4775357846346595","-1.4775357846346595","-1.4775357846346595","-1.412301298764629","-1.412301298764629","-1.412301298764629","-2.3585475265139833","-2.3585475265139833","-2.3585475265139833","-2.0097579414675493","-2.0097579414675493","-2.0097579414675493","-1.8403271862736268","-1.8403271862736268","-1.8403271862736268","-2.8914048058238686","-2.8914048058238686","-2.8914048058238686","-2.1279486469498456","-2.1279486469498456","-2.1279486469498456","-1.394028014313848","-1.394028014313848","-1.394028014313848","-1.706160914125426","-1.706160914125426","-1.706160914125426","-1.8585149332434956","-1.8585149332434956","-1.8585149332434956","-3.2339782252351683","-3.2339782252351683","-3.2339782252351683","-1.6198827632283919","-1.6198827632283919","-1.6198827632283919","-2.533544020505417","-2.533544020505417","-2.533544020505417","-1.9155185948093425","-1.9155185948093425","-1.9155185948093425","-2.468585164419953","-2.468585164419953","-2.468585164419953"
"21500","-1.5972855630863325","-1.5972855630863325","-1.5972855630863325","-1.4760222588992826","-1.4760222588992826","-1.4760222588992826","-2.112432660002657","-2.112432660002657","-2.112432660002657","-2.1999045310378014","-2.1999045310378014","-2.1999045310378014","-0.9121240876290685","-0.9121240876290685","-0.9121240876290685","-1.5378092676369555","-1.5378092676369555","-1.5378092676369555","-1.943598403048216","-1.943598403048216","-1.943598403048216","-2.067799491308481","-2.067799491308481","-2.067799491308481","-4.146178022809628","-4.146178022809628","-4.146178022809628","-1.74579384653033","-1.74579384653033","-1.74579384653033","-1.9006799700495307","-1.9006799700495307","-1.9006799700495307","-2.280846903459454","-2.280846903459454","-2.280846903459454","-2.4941861066543423","-2.4941861066543423","-2.4941861066543423","-2.025842800309129","-2.025842800309129","-2.025842800309129","-3.2566593525885628","-3.2566593525885628","-3.2566593525885628","-2.3471881513368884","-2.3471881513368884","-2.3471881513368884","-2.123488568657665","-2.123488568657665","-2.123488568657665","-2.2951100990250937","-2.2951100990250937","-2.2951100990250937","-2.7236785842765387","-2.7236785842765387","-2.7236785842765387","-2.037416705806361","-2.037416705806361","-2.037416705806361"
"22000","-1.4908913666149761","-1.4908913666149761","-1.4908913666149761","-1.0451200329697263","-1.0451200329697263","-1.0451200329697263","-2.6195900111902093","-2.6195900111902093","-2.6195900111902093","-2.7736502146154236","-2.7736502146154236","-2.7736502146154236","-1.6332085336359985","-1.6332085336359985","-1.6332085336359985","-1.3314171873159468","-1.3314171873159468","-1.3314171873159468","-1.6782664707598998","-1.6782664707598998","-1.6782664707598998","-1.4869963303110714","-1.4869963303110714","-1.4869963303110714","-1.9473877878915722","-1.9473877878915722","-1.9473877878915722","-1.7113185576663494","-1.7113185576663494","-1.7113185576663494","-2.677109365387469","-2.677109365387469","-2.677109365387469","-1.9837603348569524","-1.9837603348569524","-1.9837603348569524","-1.6619267157515167","-1.6619267157515167","-1.6619267157515167","-2.4944248371554267","-2.4944248371554267","-2.4944248371554267","-2.4543996568471824","-2.4543996568471824","-2.4543996568471824","-4.375869833919736","-4.375869833919736","-4.375869833919736","-2.063584739030242","-2.063584739030242","-2.063584739030242","-3.599839139073783","-3.599839139073783","-3.599839139073783","-1.3940685684986125","-1.3940685684986125","-1.3940685684986125","-1.9556118672790537","-1.9556118672790537","-1.9556118672790537"
"22500","-1.6197769086154583","-1.6197769086154583","-1.6197769086154583","-1.5070602750589046","-1.5070602750589046","-1.5070602750589046","-1.5424015061098715","-1.5424015061098715","-1.5424015061098715","-1.629189344458645","-1.629189344458645","-1.629189344458645","-2.384747676590841","-2.384747676590841","-2.384747676590841","-2.888635575496871","-2.888635575496871","-2.888635575496871","-2.9665820538392675","-2.9665820538392675","-2.9665820538392675","-2.6218630210416842","-2.6218630210416842","-2.6218630210416842","-2.6790915354229083","-2.6790915354229083","-2.6790915354229083","-1.174846659345067","-1.174846659345067","-1.174846659345067","-2.5871931382598654","-2.5871931382598654","-2.5871931382598654","-1.866722234464108","-1.866722234464108","-1.866722234464108","-1.3439341649249101","-1.3439341649249101","-1.3439341649249101","-1.9547627345748932","-1.9547627345748932","-1.9547627345748932","-2.218274872734832","-2.218274872734832","-2.218274872734832","-2.4667415177393437","-2.4667415177393437","-2.4667415177393437","-1.8285743656868267","-1.8285743656868267","-1.8285743656868267","-2.163277104012267","-2.163277104012267","-2.163277104012267","-2.0708842995968917","-2.0708842995968917","-2.0708842995968917","-1.897673458416667","-1.897673458416667","-1.897673458416667"
"23000","-2.0762708066935365","-2.0762708066935365","-2.0762708066935365","-1.8679557062895433","-1.8679557062895433","-1.8679557062895433","-2.6019247457724233","-2.6019247457724233","-2.6019247457724233","-1.8358572139114968","-1.8358572139114968","-1.8358572139114968","-2.1407285220482","-2.1407285220482","-2.1407285220482","-1.8269366667844467","-1.8269366667844467","-1.8269366667844467","-1.5405030219087978","-1.5405030219087978","-1.5405030219087978","-1.383744264315572","-1.383744264315572","-1.383744264315572","-1.6230046695586586","-1.6230046695586586","-1.6230046695586586","-1.189233093062507","-1.189233093062507","-1.189233093062507","-2.791677914097497","-2.791677914097497","-2.791677914097497","-1.756941295876954","-1.756941295876954","-1.756941295876954","-1.754434233499594","-1.754434233499594","-1.754434233499594","-1.7563191548874777","-1.7563191548874777","-1.7563191548874777","-1.2308689629671776","-1.2308689629671776","-1.2308689629671776","-1.7751168616985127","-1.7751168616985127","-1.7751168616985127","-1.396659702204854","-1.396659702204854","-1.396659702204854","-1.92605048643413","-1.92605048643413","-1.92605048643413","-1.5133757144123559","-1.5133757144123559","-1.5133757144123559","-1.7558573088707974","-1.7558573088707974","-1.7558573088707974"
"23500","-2.4269434574515607","-2.4269434574515607","-2.4269434574515607","-1.2973994144076308","-1.2973994144076308","-1.2973994144076308","-3.0170553882938487","-3.0170553882938487","-3.0170553882938487","-1.9640944981180681","-1.9640944981180681","-1.9640944981180681","-1.5271889571816246","-1.5271889571816246","-1.5271889571816246","-1.5660948803842822","-1.5660948803842822","-1.5660948803842822","-1.6383204273664091","-1.6383204273664091","-1.6383204273664091","-1.9818518441323654","-1.9818518441323654","-1.9818518441323654","-1.5632658940473638","-1.5632658940473638","-1.5632658940473638","-1.2370870526610356","-1.2370870526610356","-1.2370870526610356","-1.9881753697241724","-1.9881753697241724","-1.9881753697241724","-1.9983430292667284","-1.9983430292667284","-1.9983430292667284","-1.3158423811364597","-1.3158423811364597","-1.3158423811364597","-1.8937651809555605","-1.8937651809555605","-1.8937651809555605","-2.3255876352603084","-2.3255876352603084","-2.3255876352603084","-2.3145517656030625","-2.3145517656030625","-2.3145517656030625","-1.2860295269881907","-1.2860295269881907","-1.2860295269881907","-2.345195560004494","-2.345195560004494","-2.345195560004494","-1.8104296937269926","-1.8104296937269926","-1.8104296937269926","-2.373242595719227","-2.373242595719227","-2.373242595719227"
"24000","-1.7656519216130555","-1.7656519216130555","-1.7656519216130555","-1.4709011681060349","-1.4709011681060349","-1.4709011681060349","-1.9595754331462238","-1.9595754331462238","-1.9595754331462238","-1.6106657663799062","-1.6106657663799062","-1.6106657663799062","-1.2536641926136014","-1.2536641926136014","-1.2536641926136014","-1.5702136315807353","-1.5702136315807353","-1.5702136315807353","-1.7883678162946535","-1.7883678162946535","-1.7883678162946535","-1.3143189236675497","-1.3143189236675497","-1.3143189236675497","-1.7945529784820908","-1.7945529784820908","-1.7945529784820908","-1.1492930452183532","-1.1492930452183532","-1.1492930452183532","-3.190837572378104","-3.190837572378104","-3.190837572378104","-1.5600221469446254","-1.5600221469446254","-1.5600221469446254","-1.4500875555905615","-1.4500875555905615","-1.4500875555905615","-1.5479578479779508","-1.5479578479779508","-1.5479578479779508","-1.679613750032976","-1.679613750032976","-1.679613750032976","-2.080657610327294","-2.080657610327294","-2.080657610327294","-1.5520778117085985","-1.5520778117085985","-1.5520778117085985","-2.8562648509117254","-2.8562648509117254","-2.8562648509117254","-1.7292238079048872","-1.7292238079048872","-1.7292238079048872","-1.796991596377738","-1.796991596377738","-1.796991596377738"
"24500","-1.7799288033525655","-1.7799288033525655","-1.7799288033525655","-1.3676518108277806","-1.3676518108277806","-1.3676518108277806","-2.0951514004558778","-2.0951514004558778","-2.0951514004558778","-1.968989918843587","-1.968989918843587","-1.968989918843587","-1.2830913984260433","-1.2830913984260433","-1.2830913984260433","-1.3703826443661287","-1.3703826443661287","-1.3703826443661287","-2.1496262031356226","-2.1496262031356226","-2.1496262031356226","-1.8546217577824895","-1.8546217577824895","-1.8546217577824895","-1.6760964999637828","-1.6760964999637828","-1.6760964999637828","-1.2509118041912066","-1.2509118041912066","-1.2509118041912066","-1.9953062760011995","-1.9953062760011995","-1.9953062760011995","-1.723907527095087","-1.723907527095087","-1.723907527095087","-1.1059112242199163","-1.1059112242199163","-1.1059112242199163","-2.060302625333728","-2.060302625333728","-2.060302625333728","-1.3096646561189633","-1.3096646561189633","-1.3096646561189633","-2.3212846893341066","-2.3212846893341066","-2.3212846893341066","-1.9856115078605718","-1.9856115078605718","-1.9856115078605718","-1.3864768138220196","-1.3864768138220196","-1.3864768138220196","-1.849360868780002","-1.849360868780002","-1.849360868780002","-1.6436390497141105","-1.6436390497141105","-1.6436390497141105"
"25000","-1.6145574413779797","-1.6145574413779797","-1.6145574413779797","-1.1705284120177357","-1.1705284120177357","-1.1705284120177357","-1.8829349599622538","-1.8829349599622538","-1.8829349599622538","-1.4382662938156976","-1.4382662938156976","-1.4382662938156976","-1.9315103017927004","-1.9315103017927004","-1.9315103017927004","-1.696219155403929","-1.696219155403929","-1.696219155403929","-1.6626962447282256","-1.6626962447282256","-1.6626962447282256","-2.4398784945949776","-2.4398784945949776","-2.4398784945949776","-2.0613019485926705","-2.0613019485926705","-2.0613019485926705","-1.9116104192943986","-1.9116104192943986","-1.9116104192943986","-2.4187493627292493","-2.4187493627292493","-2.4187493627292493","-1.567512690532079","-1.567512690532079","-1.567512690532079","-1.4955084251939703","-1.4955084251939703","-1.4955084251939703","-1.8811639215192617","-1.8811639215192617","-1.8811639215192617","-1.1196307256981115","-1.1196307256981115","-1.1196307256981115","-2.090203838504472","-2.090203838504472","-2.090203838504472","-1.2502143224314035","-1.2502143224314035","-1.2502143224314035","-2.1942878161545187","-2.1942878161545187","-2.1942878161545187","-1.8234915909464768","-1.8234915909464768","-1.8234915909464768","-2.0980160846926266","-2.0980160846926266","-2.0980160846926266"
"25500","-1.5692775960628904","-1.5692775960628904","-1.5692775960628904","-1.5287989091387626","-1.5287989091387626","-1.5287989091387626","-1.70755633914262","-1.70755633914262","-1.70755633914262","-2.4455236072263418","-2.4455236072263418","-2.4455236072263418","-1.7236543365911943","-1.7236543365911943","-1.7236543365911943","-1.1315968119653852","-1.1315968119653852","-1.1315968119653852","-1.5776180196825185","-1.5776180196825185","-1.5776180196825185","-1.6415373842993812","-1.6415373842993812","-1.6415373842993812","-1.6303616415433748","-1.6303616415433748","-1.6303616415433748","-2.034528551272387","-2.034528551272387","-2.034528551272387","-2.280812517985217","-2.280812517985217","-2.280812517985217","-1.4055146175122442","-1.4055146175122442","-1.4055146175122442","-1.4778813799341632","-1.4778813799341632","-1.4778813799341632","-2.496048046064954","-2.496048046064954","-2.496048046064954","-1.6522566247115384","-1.6522566247115384","-1.6522566247115384","-2.625099956806015","-2.625099956806015","-2.625099956806015","-1.3719199934713426","-1.3719199934713426","-1.3719199934713426","-1.6234756082989896","-1.6234756082989896","-1.6234756082989896","-2.358519261017153","-2.358519261017153","-2.358519261017153","-2.3581549208720944","-2.3581549208720944","-2.3581549208720944"
"26000","-1.3018618074954553","-1.3018618074954553","-1.3018618074954553","-1.2064990369933333","-1.2064990369933333","-1.2064990369933333","-2.995015618493781","-2.995015618493781","-2.995015618493781","-1.8707211145115035","-1.8707211145115035","-1.8707211145115035","-1.3835086928778926","-1.3835086928778926","-1.3835086928778926","-2.458981615763693","-2.458981615763693","-2.458981615763693","-1.7513479035840713","-1.7513479035840713","-1.7513479035840713","-1.8541468645544825","-1.8541468645544825","-1.8541468645544825","-2.589000322169672","-2.589000322169672","-2.589000322169672","-1.741457615339217","-1.741457615339217","-1.741457615339217","-2.4469912820138946","-2.4469912820138946","-2.4469912820138946","-2.9697701422599185","-2.9697701422599185","-2.9697701422599185","-1.3831757829145936","-1.3831757829145936","-1.3831757829145936","-1.8269786582123069","-1.8269786582123069","-1.8269786582123069","-1.3191231275690902","-1.3191231275690902","-1.3191231275690902","-1.5084979439083974","-1.5084979439083974","-1.5084979439083974","-1.3519430067488034","-1.3519430067488034","-1.3519430067488034","-1.3984750932691188","-1.3984750932691188","-1.3984750932691188","-2.4375142857563983","-2.4375142857563983","-2.4375142857563983","-1.9242531733798658","-1.9242531733798658","-1.9242531733798658"
"26500","-1.0846946950833294","-1.0846946950833294","-1.0846946950833294","-1.8459896151491582","-1.8459896151491582","-1.8459896151491582","-1.7927875366727335","-1.7927875366727335","-1.7927875366727335","-1.9379040374787713","-1.9379040374787713","-1.9379040374787713","-1.8677164257256629","-1.8677164257256629","-1.8677164257256629","-1.1721692693467807","-1.1721692693467807","-1.1721692693467807","-1.5220167874900685","-1.5220167874900685","-1.5220167874900685","-1.4400434471337387","-1.4400434471337387","-1.4400434471337387","-2.072162094225995","-2.072162094225995","-2.072162094225995","-2.1612953228706075","-2.1612953228706075","-2.1612953228706075","-2.2059008602449963","-2.2059008602449963","-2.2059008602449963","-1.9712406781193614","-1.9712406781193614","-1.9712406781193614","-1.4542815547467378","-1.4542815547467378","-1.4542815547467378","-2.185740371080546","-2.185740371080546","-2.185740371080546","-0.8383196602893529","-0.8383196602893529","-0.8383196602893529","-2.7504547566801785","-2.7504547566801785","-2.7504547566801785","-0.9577465811894665","-0.9577465811894665","-0.9577465811894665","-2.1620873360185233","-2.1620873360185233","-2.1620873360185233","-1.8056340208453967","-1.8056340208453967","-1.8056340208453967","-1.480924843923886","-1.480924843923886","-1.480924843923886"
"27000","-1.3749780344245446","-1.3749780344245446","-1.3749780344245446","-1.6969383473009478","-1.6969383473009478","-1.6969383473009478","-2.4815737419946595","-2.4815737419946595","-2.4815737419946595","-1.6080291691538804","-1.6080291691538804","-1.6080291691538804","-1.1406707680049473","-1.1406707680049473","-1.1406707680049473","-1.4055768661026966","-1.4055768661026966","-1.4055768661026966","-2.6165716694675885","-2.6165716694675885","-2.6165716694675885","-1.5852093406751124","-1.5852093406751124","-1.5852093406751124","-2.187892026883604","-2.187892026883604","-2.187892026883604","-1.2619551115994703","-1.2619551115994703","-1.2619551115994703","-2.2594920270339456","-2.2594920270339456","-2.2594920270339456","-1.8690492205781477","-1.8690492205781477","-1.8690492205781477","-1.4012100380545567","-1.4012100380545567","-1.4012100380545567","-2.076352398000415","-2.076352398000415","-2.076352398000415","-2.4615285682376102","-2.4615285682376102","-2.4615285682376102","-2.5002757143860177","-2.5002757143860177","-2.5002757143860177","-1.378727053732525","-1.378727053732525","-1.378727053732525","-1.3933049712208614","-1.3933049712208614","-1.3933049712208614","-2.117458166568567","-2.117458166568567","-2.117458166568567","-1.7291072334395508","-1.7291072334395508","-1.7291072334395508"
"27500","-1.5213365116346385","-1.5213365116346385","-1.5213365116346385","-1.972148383518992","-1.972148383518992","-1.972148383518992","-2.3235081384234326","-2.3235081384234326","-2.3235081384234326","-1.8177288484961145","-1.8177288484961145","-1.8177288484961145","-2.304196009338974","-2.304196009338974","-2.304196009338974","-1.2103530859181373","-1.2103530859181373","-1.2103530859181373","-2.931558365432243","-2.931558365432243","-2.931558365432243","-1.9892356335841772","-1.9892356335841772","-1.9892356335841772","-1.3640252848790124","-1.3640252848790124","-1.3640252848790124","-2.0871812365869604","-2.0871812365869604","-2.0871812365869604","-2.0118059013596366","-2.0118059013596366","-2.0118059013596366","-2.827186520992072","-2.827186520992072","-2.827186520992072","-1.6594678364408182","-1.6594678364408182","-1.6594678364408182","-1.9074349209662675","-1.9074349209662675","-1.9074349209662675","-1.116009956779233","-1.116009956779233","-1.116009956779233","-2.7490029098797066","-2.7490029098797066","-2.7490029098797066","-0.8941925668194018","-0.8941925668194018","-0.8941925668194018","-1.5889926087659498","-1.5889926087659498","-1.5889926087659498","-2.497950450002744","-2.497950450002744","-2.497950450002744","-2.2731080194310103","-2.2731080194310103","-2.2731080194310103"
"28000","-1.5743255103296423","-1.5743255103296423","-1.5743255103296423","-1.3525225205700382","-1.3525225205700382","-1.3525225205700382","-1.601269781106844","-1.601269781106844","-1.601269781106844","-1.8849442200794595","-1.8849442200794595","-1.8849442200794595","-2.0566161093849105","-2.0566161093849105","-2.0566161093849105","-1.2491473375799076","-1.2491473375799076","-1.2491473375799076","-2.153981168345652","-2.153981168345652","-2.153981168345652","-1.5095205535543657","-1.5095205535543657","-1.5095205535543657","-1.8387804022801408","-1.8387804022801408","-1.8387804022801408","-1.4833785254082579","-1.4833785254082579","-1.4833785254082579","-2.8360557952880003","-2.8360557952880003","-2.8360557952880003","-1.8377144945344734","-1.8377144945344734","-1.8377144945344734","-1.9475136120275764","-1.9475136120275764","-1.9475136120275764","-1.954623878183319","-1.954623878183319","-1.954623878183319","-1.1719044769425175","-1.1719044769425175","-1.1719044769425175","-1.6371072703909832","-1.6371072703909832","-1.6371072703909832","-1.5632518537284326","-1.5632518537284326","-1.5632518537284326","-2.009369873953127","-2.009369873953127","-2.009369873953127","-1.9519145775641946","-1.9519145775641946","-1.9519145775641946","-2.4999321779117056","-2.4999321779117056","-2.4999321779117056"
"28500","-2.9004690703414537","-2.9004690703414537","-2.9004690703414537","-1.4902463040032423","-1.4902463040032423","-1.4902463040032423","-1.7508872265865971","-1.7508872265865971","-1.7508872265865971","-2.5476031733551494","-2.5476031733551494","-2.5476031733551494","-1.133514572203318","-1.133514572203318","-1.133514572203318","-1.8618785906228894","-1.8618785906228894","-1.8618785906228894","-1.387790569839762","-1.387790569839762","-1.387790569839762","-1.5212628853589578","-1.5212628853589578","-1.5212628853589578","-1.3905635311584037","-1.3905635311584037","-1.3905635311584037","-1.105826121369682","-1.105826121369682","-1.105826121369682","-2.5911283103379694","-2.5911283103379694","-2.5911283103379694","-2.9470689790337596","-2.9470689790337596","-2.9470689790337596","-1.4681729952246863","-1.4681729952246863","-1.4681729952246863","-2.3660441748152885","-2.3660441748152885","-2.3660441748152885","-2.1332045053387843","-2.1332045053387843","-2.1332045053387843","-2.179850612949353","-2.179850612949353","-2.179850612949353","-1.3253766340598188","-1.3253766340598188","-1.3253766340598188","-1.4464935716099903","-1.4464935716099903","-1.4464935716099903","-1.9313363991631889","-1.9313363991631889","-1.9313363991631889","-1.5723269394113248","-1.5723269394113248","-1.5723269394113248"
"29000","-1.5206940573052696","-1.5206940573052696","-1.5206940573052696","-1.4108364822182031","-1.4108364822182031","-1.4108364822182031","-1.5340179682176625","-1.5340179682176625","-1.5340179682176625","-1.914153878182584","-1.914153878182584","-1.914153878182584","-1.0136961913971818","-1.0136961913971818","-1.0136961913971818","-1.4138404974137777","-1.4138404974137777","-1.4138404974137777","-1.4953600042275863","-1.4953600042275863","-1.4953600042275863","-1.134162874289834","-1.134162874289834","-1.134162874289834","-2.1279714239297673","-2.1279714239297673","-2.1279714239297673","-1.4886670366702894","-1.4886670366702894","-1.4886670366702894","-3.1736738215365428","-3.1736738215365428","-3.1736738215365428","-1.6683667424895638","-1.6683667424895638","-1.6683667424895638","-1.5987292866432299","-1.5987292866432299","-1.5987292866432299","-2.1345010305630403","-2.1345010305630403","-2.1345010305630403","-1.5195244716686678","-1.5195244716686678","-1.5195244716686678","-1.767949014388067","-1.767949014388067","-1.767949014388067","-0.9834534791173434","-0.9834534791173434","-0.9834534791173434","-1.983698431206173","-1.983698431206173","-1.983698431206173","-1.70628995923623","-1.70628995923623","-1.70628995923623","-2.8243211425964665","-2.8243211425964665","-2.8243211425964665"
"29500","-1.219760871595872","-1.219760871595872","-1.219760871595872","-1.6909092013066949","-1.6909092013066949","-1.6909092013066949","-1.0821904878554116","-1.0821904878554116","-1.0821904878554116","-1.5109410779442793","-1.5109410779442793","-1.5109410779442793","-1.1610238983859211","-1.1610238983859211","-1.1610238983859211","-1.1242686285191326","-1.1242686285191326","-1.1242686285191326","-1.3954906267659826","-1.3954906267659826","-1.3954906267659826","-1.6446919652082925","-1.6446919652082925","-1.6446919652082925","-1.7523669025165958","-1.7523669025165958","-1.7523669025165958","-1.5530297558194526","-1.5530297558194526","-1.5530297558194526","-1.9111833403608613","-1.9111833403608613","-1.9111833403608613","-1.5551852786068392","-1.5551852786068392","-1.5551852786068392","-1.8555558596180899","-1.8555558596180899","-1.8555558596180899","-2.077923577562077","-2.077923577562077","-2.077923577562077","-2.066173238655375","-2.066173238655375","-2.066173238655375","-2.192386669055978","-2.192386669055978","-2.192386669055978","-1.2204599183870084","-1.2204599183870084","-1.2204599183870084","-2.824196037295466","-2.824196037295466","-2.824196037295466","-1.4195375512300183","-1.4195375512300183","-1.4195375512300183","-2.1184606595060322","-2.1184606595060322","-2.1184606595060322"
"30000","-1.4613741277154848","-1.4613741277154848","-1.4613741277154848","-1.3611479893905751","-1.3611479893905751","-1.3611479893905751","-1.6425135408693876","-1.6425135408693876","-1.6425135408693876","-1.8748115087509771","-1.8748115087509771","-1.8748115087509771","-0.9733469579324465","-0.9733469579324465","-0.9733469579324465","-1.4639451839449549","-1.4639451839449549","-1.4639451839449549","-1.552760734866785","-1.552760734866785","-1.552760734866785","-1.4321390544679367","-1.4321390544679367","-1.4321390544679367","-1.5085586742086547","-1.5085586742086547","-1.5085586742086547","-1.5965338011827774","-1.5965338011827774","-1.5965338011827774","-2.0586052097024625","-2.0586052097024625","-2.0586052097024625","-1.7267009496997532","-1.7267009496997532","-1.7267009496997532","-1.6040600169916093","-1.6040600169916093","-1.6040600169916093","-1.698296628519022","-1.698296628519022","-1.698296628519022","-1.9565786611526625","-1.9565786611526625","-1.9565786611526625","-2.256897007821302","-2.256897007821302","-2.256897007821302","-1.165639558966419","-1.165639558966419","-1.165639558966419","-1.7942859271353875","-1.7942859271353875","-1.7942859271353875","-1.8485647869899693","-1.8485647869899693","-1.8485647869899693","-1.9700762985282005","-1.9700762985282005","-1.9700762985282005"
"30500","-1.95198616574727","-1.95198616574727","-1.95198616574727","-1.2927351713240394","-1.2927351713240394","-1.2927351713240394","-1.8404262434464804","-1.8404262434464804","-1.8404262434464804","-1.7432047882785398","-1.7432047882785398","-1.7432047882785398","-1.4132609300368866","-1.4132609300368866","-1.4132609300368866","-2.409520799644785","-2.409520799644785","-2.409520799644785","-2.1485574229747884","-2.1485574229747884","-2.1485574229747884","-1.527797804743717","-1.527797804743717","-1.527797804743717","-1.0720530293053916","-1.0720530293053916","-1.0720530293053916","-1.4519251590012028","-1.4519251590012028","-1.4519251590012028","-2.801360823489544","-2.801360823489544","-2.801360823489544","-1.4412093523175697","-1.4412093523175697","-1.4412093523175697","-1.3100986612473609","-1.3100986612473609","-1.3100986612473609","-1.8490634613362456","-1.8490634613362456","-1.8490634613362456","-1.1936285552019723","-1.1936285552019723","-1.1936285552019723","-3.646045917606245","-3.646045917606245","-3.646045917606245","-1.1952307615576694","-1.1952307615576694","-1.1952307615576694","-2.134167502257055","-2.134167502257055","-2.134167502257055","-1.4597014138239182","-1.4597014138239182","-1.4597014138239182","-1.1842631023260206","-1.1842631023260206","-1.1842631023260206"
"31000","-1.305170886272836","-1.305170886272836","-1.305170886272836","-1.362429621420265","-1.362429621420265","-1.362429621420265","-1.1956036917707293","-1.1956036917707293","-1.1956036917707293","-1.6929601447000178","-1.6929601447000178","-1.6929601447000178","-1.1176597756256723","-1.1176597756256723","-1.1176597756256723","-1.3066743468289714","-1.3066743468289714","-1.3066743468289714","-2.601349658197197","-2.601349658197197","-2.601349658197197","-1.181122591276413","-1.181122591276413","-1.181122591276413","-1.1259307743524691","-1.1259307743524691","-1.1259307743524691","-1.5083832231753338","-1.5083832231753338","-1.5083832231753338","-1.7186640103069337","-1.7186640103069337","-1.7186640103069337","-2.6560882412706595","-2.6560882412706595","-2.6560882412706595","-1.4308080642425496","-1.4308080642425496","-1.4308080642425496","-1.9552507050859707","-1.9552507050859707","-1.9552507050859707","-1.4256799626232892","-1.4256799626232892","-1.4256799626232892","-2.4145976630422394","-2.4145976630422394","-2.4145976630422394","-1.330221663408657","-1.330221663408657","-1.330221663408657","-2.076765397179829","-2.076765397179829","-2.076765397179829","-2.1501563596526525","-2.1501563596526525","-2.1501563596526525","-1.600044579289318","-1.600044579289318","-1.600044579289318"
"31500","-1.2747925724090063","-1.2747925724090063","-1.2747925724090063","-1.1708623242347815","-1.1708623242347815","-1.1708623242347815","-1.4970559247327488","-1.4970559247327488","-1.4970559247327488","-2.271906694378663","-2.271906694378663","-2.271906694378663","-0.7522894055933316","-0.7522894055933316","-0.7522894055933316","-0.9447136081016081","-0.9447136081016081","-0.9447136081016081","-1.7559426648601373","-1.7559426648601373","-1.7559426648601373","-1.708731355324251","-1.708731355324251","-1.708731355324251","-1.4500510389748493","-1.4500510389748493","-1.4500510389748493","-1.571564963336518","-1.571564963336518","-1.571564963336518","-1.9401333868021347","-1.9401333868021347","-1.9401333868021347","-1.943134598585491","-1.943134598585491","-1.943134598585491","-3.0304712159224523","-3.0304712159224523","-3.0304712159224523","-2.0836686265979756","-2.0836686265979756","-2.0836686265979756","-1.04271367154791","-1.04271367154791","-1.04271367154791","-2.0227942424984056","-2.0227942424984056","-2.0227942424984056","-1.64440521047958","-1.64440521047958","-1.64440521047958","-1.4851512791633534","-1.4851512791633534","-1.4851512791633534","-1.2492648428367574","-1.2492648428367574","-1.2492648428367574","-1.6682524715003886","-1.6682524715003886","-1.6682524715003886"
"32000","-1.5308340658897386","-1.5308340658897386","-1.5308340658897386","-1.2925562072191743","-1.2925562072191743","-1.2925562072191743","-1.8333096699887108","-1.8333096699887108","-1.8333096699887108","-1.8899659813658958","-1.8899659813658958","-1.8899659813658958","-0.7250899629484068","-0.7250899629484068","-0.7250899629484068","-1.0218744571093896","-1.0218744571093896","-1.0218744571093896","-1.529162252400846","-1.529162252400846","-1.529162252400846","-1.8213542922866062","-1.8213542922866062","-1.8213542922866062","-1.994495210927313","-1.994495210927313","-1.994495210927313","-1.2191721644334628","-1.2191721644334628","-1.2191721644334628","-1.6027050037118478","-1.6027050037118478","-1.6027050037118478","-1.7896368627177637","-1.7896368627177637","-1.7896368627177637","-1.6288070594618413","-1.6288070594618413","-1.6288070594618413","-1.774567996756133","-1.774567996756133","-1.774567996756133","-1.1400003395200256","-1.1400003395200256","-1.1400003395200256","-2.161820576603032","-2.161820576603032","-2.161820576603032","-1.0985979430049633","-1.0985979430049633","-1.0985979430049633","-1.4002513782197739","-1.4002513782197739","-1.4002513782197739","-2.1915590559010205","-2.1915590559010205","-2.1915590559010205","-2.2937039707029525","-2.2937039707029525","-2.2937039707029525"
"32500","-1.3250251694741504","-1.3250251694741504","-1.3250251694741504","-1.174602420072997","-1.174602420072997","-1.174602420072997","-1.6717724872577115","-1.6717724872577115","-1.6717724872577115","-1.8977530267571037","-1.8977530267571037","-1.8977530267571037","-0.9983572658805926","-0.9983572658805926","-0.9983572658805926","-0.9929993610037522","-0.9929993610037522","-0.9929993610037522","-1.3251287271565793","-1.3251287271565793","-1.3251287271565793","-1.936587956244275","-1.936587956244275","-1.936587956244275","-0.8944986538899663","-0.8944986538899663","-0.8944986538899663","-2.4641496615508736","-2.4641496615508736","-2.4641496615508736","-1.7545578388385874","-1.7545578388385874","-1.7545578388385874","-2.0702850543150246","-2.0702850543150246","-2.0702850543150246","-2.3132238770223243","-2.3132238770223243","-2.3132238770223243","-2.2069108345221564","-2.2069108345221564","-2.2069108345221564","-1.136163017278577","-1.136163017278577","-1.136163017278577","-1.5938877323749625","-1.5938877323749625","-1.5938877323749625","-1.1144099735619126","-1.1144099735619126","-1.1144099735619126","-1.6240431170174454","-1.6240431170174454","-1.6240431170174454","-1.9037123342419389","-1.9037123342419389","-1.9037123342419389","-2.0690795381938356","-2.0690795381938356","-2.0690795381938356"
"33000","-1.2297285308392103","-1.2297285308392103","-1.2297285308392103","-1.0956171133482047","-1.0956171133482047","-1.0956171133482047","-1.7143696669835546","-1.7143696669835546","-1.7143696669835546","-2.0678450870112766","-2.0678450870112766","-2.0678450870112766","-1.2281505680995521","-1.2281505680995521","-1.2281505680995521","-1.4937173825011492","-1.4937173825011492","-1.4937173825011492","-1.2902609009828083","-1.2902609009828083","-1.2902609009828083","-1.3272513097035936","-1.3272513097035936","-1.3272513097035936","-1.0029273397948537","-1.0029273397948537","-1.0029273397948537","-1.445383930110937","-1.445383930110937","-1.445383930110937","-1.9641758155447047","-1.9641758155447047","-1.9641758155447047","-2.7413173648463656","-2.7413173648463656","-2.7413173648463656","-1.9948605752767663","-1.9948605752767663","-1.9948605752767663","-1.9750005996360351","-1.9750005996360351","-1.9750005996360351","-0.8642923503647026","-0.8642923503647026","-0.8642923503647026","-2.376211536986285","-2.376211536986285","-2.376211536986285","-1.263371549201622","-1.263371549201622","-1.263371549201622","-1.803103396002103","-1.803103396002103","-1.803103396002103","-1.414071662103089","-1.414071662103089","-1.414071662103089","-1.8755023098279302","-1.8755023098279302","-1.8755023098279302"
"33500","-1.2220476806469598","-1.2220476806469598","-1.2220476806469598","-1.5651928022732977","-1.5651928022732977","-1.5651928022732977","-1.2320785079616265","-1.2320785079616265","-1.2320785079616265","-1.6241757772029715","-1.6241757772029715","-1.6241757772029715","-0.8477682889039562","-0.8477682889039562","-0.8477682889039562","-1.2076076554264201","-1.2076076554264201","-1.2076076554264201","-1.2400922974434563","-1.2400922974434563","-1.2400922974434563","-1.0496995637449935","-1.0496995637449935","-1.0496995637449935","-1.7405818429394249","-1.7405818429394249","-1.7405818429394249","-1.558758493570009","-1.558758493570009","-1.558758493570009","-1.6380917023247359","-1.6380917023247359","-1.6380917023247359","-1.7631504092046988","-1.7631504092046988","-1.7631504092046988","-1.524825046147157","-1.524825046147157","-1.524825046147157","-1.5715672610171325","-1.5715672610171325","-1.5715672610171325","-1.2565603490697916","-1.2565603490697916","-1.2565603490697916","-1.923857625328964","-1.923857625328964","-1.923857625328964","-1.0914223186086471","-1.0914223186086471","-1.0914223186086471","-1.8965402851330118","-1.8965402851330118","-1.8965402851330118","-1.7708200470905382","-1.7708200470905382","-1.7708200470905382","-1.6266458630900822","-1.6266458630900822","-1.6266458630900822"
"34000","-1.4561238116200006","-1.4561238116200006","-1.4561238116200006","-1.2276734009965924","-1.2276734009965924","-1.2276734009965924","-1.4170926947996505","-1.4170926947996505","-1.4170926947996505","-1.5816954423411016","-1.5816954423411016","-1.5816954423411016","-1.2299458539964125","-1.2299458539964125","-1.2299458539964125","-2.2318535143128457","-2.2318535143128457","-2.2318535143128457","-1.4075916614995574","-1.4075916614995574","-1.4075916614995574","-0.9483394694755486","-0.9483394694755486","-0.9483394694755486","-1.1841685905465726","-1.1841685905465726","-1.1841685905465726","-1.5504541497804538","-1.5504541497804538","-1.5504541497804538","-1.6522938723167386","-1.6522938723167386","-1.6522938723167386","-1.5506629787733865","-1.5506629787733865","-1.5506629787733865","-1.630623600495823","-1.630623600495823","-1.630623600495823","-1.648618482814652","-1.648618482814652","-1.648618482814652","-1.145806875563758","-1.145806875563758","-1.145806875563758","-1.3825630357463685","-1.3825630357463685","-1.3825630357463685","-1.4167849509160046","-1.4167849509160046","-1.4167849509160046","-1.4439740495902003","-1.4439740495902003","-1.4439740495902003","-1.6816307274114888","-1.6816307274114888","-1.6816307274114888","-1.6503118215130441","-1.6503118215130441","-1.6503118215130441"
"34500","-1.5545576518318547","-1.5545576518318547","-1.5545576518318547","-1.183686424897267","-1.183686424897267","-1.183686424897267","-1.3612120459220451","-1.3612120459220451","-1.3612120459220451","-1.674706876591942","-1.674706876591942","-1.674706876591942","-0.8598556522410765","-0.8598556522410765","-0.8598556522410765","-1.0932992661833303","-1.0932992661833303","-1.0932992661833303","-1.2327495100968022","-1.2327495100968022","-1.2327495100968022","-1.2167545916895015","-1.2167545916895015","-1.2167545916895015","-1.3876745041116214","-1.3876745041116214","-1.3876745041116214","-1.1479722577657483","-1.1479722577657483","-1.1479722577657483","-1.7435170393009796","-1.7435170393009796","-1.7435170393009796","-1.8643834267121946","-1.8643834267121946","-1.8643834267121946","-1.5633877680266235","-1.5633877680266235","-1.5633877680266235","-1.542779076304805","-1.542779076304805","-1.542779076304805","-0.8493436614616036","-0.8493436614616036","-0.8493436614616036","-1.4456901992013897","-1.4456901992013897","-1.4456901992013897","-1.1817407584533233","-1.1817407584533233","-1.1817407584533233","-1.604287763928422","-1.604287763928422","-1.604287763928422","-1.4585107806364674","-1.4585107806364674","-1.4585107806364674","-1.5190316915653432","-1.5190316915653432","-1.5190316915653432"
"35000","-1.3011031400561244","-1.3011031400561244","-1.3011031400561244","-1.4966276274809633","-1.4966276274809633","-1.4966276274809633","-1.4942990909300256","-1.4942990909300256","-1.4942990909300256","-1.5915800874419248","-1.5915800874419248","-1.5915800874419248","-0.8051557863831679","-0.8051557863831679","-0.8051557863831679","-0.9633461833975192","-0.9633461833975192","-0.9633461833975192","-1.1532968090900741","-1.1532968090900741","-1.1532968090900741","-1.0549119251742338","-1.0549119251742338","-1.0549119251742338","-1.2926135117110902","-1.2926135117110902","-1.2926135117110902","-1.4432161840891387","-1.4432161840891387","-1.4432161840891387","-1.4270243226867427","-1.4270243226867427","-1.4270243226867427","-1.8043126013853867","-1.8043126013853867","-1.8043126013853867","-1.9654109431434528","-1.9654109431434528","-1.9654109431434528","-1.856233732483357","-1.856233732483357","-1.856233732483357","-1.324616500952602","-1.324616500952602","-1.324616500952602","-1.76242516169225","-1.76242516169225","-1.76242516169225","-0.9867867123351839","-0.9867867123351839","-0.9867867123351839","-1.5035144205283673","-1.5035144205283673","-1.5035144205283673","-2.0682339549005073","-2.0682339549005073","-2.0682339549005073","-1.3560504612965798","-1.3560504612965798","-1.3560504612965798"
"35500","-1.2141212073897658","-1.2141212073897658","-1.2141212073897658","-1.144818215683585","-1.144818215683585","-1.144818215683585","-1.8542370313163832","-1.8542370313163832","-1.8542370313163832","-1.819727768276764","-1.819727768276764","-1.819727768276764","-0.7518670797657935","-0.7518670797657935","-0.7518670797657935","-0.9633798005925307","-0.9633798005925307","-0.9633798005925307","-1.5758212477370397","-1.5758212477370397","-1.5758212477370397","-1.2432556973484168","-1.2432556973484168","-1.2432556973484168","-1.1557595971136454","-1.1557595971136454","-1.1557595971136454","-1.0539367812678833","-1.0539367812678833","-1.0539367812678833","-1.5078482113485674","-1.5078482113485674","-1.5078482113485674","-1.8243120229642549","-1.8243120229642549","-1.8243120229642549","-1.2867543327329891","-1.2867543327329891","-1.2867543327329891","-1.5999573839404493","-1.5999573839404493","-1.5999573839404493","-1.6238413137346641","-1.6238413137346641","-1.6238413137346641","-1.3518354973888456","-1.3518354973888456","-1.3518354973888456","-1.1093510616843134","-1.1093510616843134","-1.1093510616843134","-1.6760714873810116","-1.6760714873810116","-1.6760714873810116","-1.5544442055175096","-1.5544442055175096","-1.5544442055175096","-1.6049191777579057","-1.6049191777579057","-1.6049191777579057"
"36000","-1.5494281919339261","-1.5494281919339261","-1.5494281919339261","-2.243468173730565","-2.243468173730565","-2.243468173730565","-1.2156890224827388","-1.2156890224827388","-1.2156890224827388","-1.9760137595497977","-1.9760137595497977","-1.9760137595497977","-0.7716577029270517","-0.7716577029270517","-0.7716577029270517","-1.120339356644031","-1.120339356644031","-1.120339356644031","-1.2899219129325583","-1.2899219129325583","-1.2899219129325583","-1.127059076082258","-1.127059076082258","-1.127059076082258","-1.1550615916446758","-1.1550615916446758","-1.1550615916446758","-1.4670751277026495","-1.4670751277026495","-1.4670751277026495","-1.9550719170418684","-1.9550719170418684","-1.9550719170418684","-1.590535609120407","-1.590535609120407","-1.590535609120407","-1.0043576391777476","-1.0043576391777476","-1.0043576391777476","-1.9174173097608638","-1.9174173097608638","-1.9174173097608638","-1.4225770707992","-1.4225770707992","-1.4225770707992","-1.000134206304454","-1.000134206304454","-1.000134206304454","-1.1895487664045556","-1.1895487664045556","-1.1895487664045556","-1.6349062156318872","-1.6349062156318872","-1.6349062156318872","-1.4670057995072014","-1.4670057995072014","-1.4670057995072014","-1.6050215134701804","-1.6050215134701804","-1.6050215134701804"
"36500","-1.1764587529313488","-1.1764587529313488","-1.1764587529313488","-1.3203662345580924","-1.3203662345580924","-1.3203662345580924","-1.3851391395572077","-1.3851391395572077","-1.3851391395572077","-1.7919999323250675","-1.7919999323250675","-1.7919999323250675","-0.9892985110820133","-0.9892985110820133","-0.9892985110820133","-1.1268355906721654","-1.1268355906721654","-1.1268355906721654","-2.0414466688936095","-2.0414466688936095","-2.0414466688936095","-1.0669368095528116","-1.0669368095528116","-1.0669368095528116","-1.3842475769647604","-1.3842475769647604","-1.3842475769647604","-0.9565805305454571","-0.9565805305454571","-0.9565805305454571","-1.9255422331554641","-1.9255422331554641","-1.9255422331554641","-1.3631909984313668","-1.3631909984313668","-1.3631909984313668","-1.440285051115944","-1.440285051115944","-1.440285051115944","-1.5076160686347593","-1.5076160686347593","-1.5076160686347593","-0.8243608475453327","-0.8243608475453327","-0.8243608475453327","-1.176334223400405","-1.176334223400405","-1.176334223400405","-0.9933967970034949","-0.9933967970034949","-0.9933967970034949","-1.9833885898801562","-1.9833885898801562","-1.9833885898801562","-1.2518691393162242","-1.2518691393162242","-1.2518691393162242","-1.3582364995639922","-1.3582364995639922","-1.3582364995639922"
"37000","-1.2419671559978163","-1.2419671559978163","-1.2419671559978163","-1.2981704556541083","-1.2981704556541083","-1.2981704556541083","-1.561341873955474","-1.561341873955474","-1.561341873955474","-1.7112006071876897","-1.7112006071876897","-1.7112006071876897","-1.014969264830365","-1.014969264830365","-1.014969264830365","-1.336621657058713","-1.336621657058713","-1.336621657058713","-1.155288589585966","-1.155288589585966","-1.155288589585966","-1.3759957297214942","-1.3759957297214942","-1.3759957297214942","-1.29802126984415","-1.29802126984415","-1.29802126984415","-1.0653198393673382","-1.0653198393673382","-1.0653198393673382","-1.5884579647585286","-1.5884579647585286","-1.5884579647585286","-1.6892431537934454","-1.6892431537934454","-1.6892431537934454","-1.099063695620274","-1.099063695620274","-1.099063695620274","-1.7720467947664376","-1.7720467947664376","-1.7720467947664376","-1.133221817245262","-1.133221817245262","-1.133221817245262","-1.2299335386130241","-1.2299335386130241","-1.2299335386130241","-1.2388161390621917","-1.2388161390621917","-1.2388161390621917","-1.7386997344840338","-1.7386997344840338","-1.7386997344840338","-1.542956271321706","-1.542956271321706","-1.542956271321706","-1.186307750612769","-1.186307750612769","-1.186307750612769"
"37500","-1.2263512210490597","-1.2263512210490597","-1.2263512210490597","-1.3889257824863235","-1.3889257824863235","-1.3889257824863235","-1.165551313599379","-1.165551313599379","-1.165551313599379","-1.740898398587992","-1.740898398587992","-1.740898398587992","-1.4216242325215114","-1.4216242325215114","-1.4216242325215114","-0.9585912915850789","-0.9585912915850789","-0.9585912915850789","-1.2064079577443796","-1.2064079577443796","-1.2064079577443796","-1.3164300948323577","-1.3164300948323577","-1.3164300948323577","-1.0716008887972166","-1.0716008887972166","-1.0716008887972166","-1.109414309832247","-1.109414309832247","-1.109414309832247","-1.358962812916507","-1.358962812916507","-1.358962812916507","-1.2440773947188544","-1.2440773947188544","-1.2440773947188544","-1.5964532345972486","-1.5964532345972486","-1.5964532345972486","-1.6127221342485711","-1.6127221342485711","-1.6127221342485711","-0.9226815719889633","-0.9226815719889633","-0.9226815719889633","-1.2293901501057543","-1.2293901501057543","-1.2293901501057543","-0.9689319531564955","-0.9689319531564955","-0.9689319531564955","-2.2776032504194825","-2.2776032504194825","-2.2776032504194825","-1.2434317302035267","-1.2434317302035267","-1.2434317302035267","-1.3391827250197075","-1.3391827250197075","-1.3391827250197075"
"38000","-1.0284384527456865","-1.0284384527456865","-1.0284384527456865","-1.2370277373907332","-1.2370277373907332","-1.2370277373907332","-1.222781358497287","-1.222781358497287","-1.222781358497287","-2.319035171248828","-2.319035171248828","-2.319035171248828","-1.0610981315098984","-1.0610981315098984","-1.0610981315098984","-1.218343381916045","-1.218343381916045","-1.218343381916045","-1.747591565516581","-1.747591565516581","-1.747591565516581","-1.3064467919706613","-1.3064467919706613","-1.3064467919706613","-1.0382638625813558","-1.0382638625813558","-1.0382638625813558","-0.8723139838187557","-0.8723139838187557","-0.8723139838187557","-1.3355788016372188","-1.3355788016372188","-1.3355788016372188","-1.3424204275036153","-1.3424204275036153","-1.3424204275036153","-1.1014549491406602","-1.1014549491406602","-1.1014549491406602","-1.7128795455961026","-1.7128795455961026","-1.7128795455961026","-0.9402079366678382","-0.9402079366678382","-0.9402079366678382","-1.6505710064982146","-1.6505710064982146","-1.6505710064982146","-0.9383685902833493","-0.9383685902833493","-0.9383685902833493","-2.0511582334215364","-2.0511582334215364","-2.0511582334215364","-1.682548258258332","-1.682548258258332","-1.682548258258332","-1.283858986395845","-1.283858986395845","-1.283858986395845"
"38500","-1.1988764886966723","-1.1988764886966723","-1.1988764886966723","-1.172013613795873","-1.172013613795873","-1.172013613795873","-1.2648822289231465","-1.2648822289231465","-1.2648822289231465","-1.6983116334532107","-1.6983116334532107","-1.6983116334532107","-0.9000783613679101","-0.9000783613679101","-0.9000783613679101","-1.2605564876680702","-1.2605564876680702","-1.2605564876680702","-1.36034476405422","-1.36034476405422","-1.36034476405422","-1.1792356961880075","-1.1792356961880075","-1.1792356961880075","-1.118784223601104","-1.118784223601104","-1.118784223601104","-1.064096990754524","-1.064096990754524","-1.064096990754524","-1.5454068067524644","-1.5454068067524644","-1.5454068067524644","-1.7672780378373267","-1.7672780378373267","-1.7672780378373267","-1.238709034783621","-1.238709034783621","-1.238709034783621","-2.0402310341732175","-2.0402310341732175","-2.0402310341732175","-0.8660730737410525","-0.8660730737410525","-0.8660730737410525","-1.1385078768466907","-1.1385078768466907","-1.1385078768466907","-1.1566735754030772","-1.1566735754030772","-1.1566735754030772","-1.944365868093156","-1.944365868093156","-1.944365868093156","-1.439948208962029","-1.439948208962029","-1.439948208962029","-1.5162611723359078","-1.5162611723359078","-1.5162611723359078"
"39000","-1.393338185774438","-1.393338185774438","-1.393338185774438","-1.0707176261200637","-1.0707176261200637","-1.0707176261200637","-1.3938105254567044","-1.3938105254567044","-1.3938105254567044","-1.7367240359184237","-1.7367240359184237","-1.7367240359184237","-1.6312644608571716","-1.6312644608571716","-1.6312644608571716","-1.128774038356036","-1.128774038356036","-1.128774038356036","-1.2228342667778764","-1.2228342667778764","-1.2228342667778764","-1.0123162594367643","-1.0123162594367643","-1.0123162594367643","-0.8496273257844902","-0.8496273257844902","-0.8496273257844902","-0.9861553693489917","-0.9861553693489917","-0.9861553693489917","-1.5552224377908686","-1.5552224377908686","-1.5552224377908686","-1.8878765529134853","-1.8878765529134853","-1.8878765529134853","-1.0464373898559904","-1.0464373898559904","-1.0464373898559904","-1.411669403399325","-1.411669403399325","-1.411669403399325","-0.979079842071927","-0.979079842071927","-0.979079842071927","-1.3186039452425438","-1.3186039452425438","-1.3186039452425438","-0.8876284006069991","-0.8876284006069991","-0.8876284006069991","-2.2167895756792655","-2.2167895756792655","-2.2167895756792655","-1.302296038062014","-1.302296038062014","-1.302296038062014","-1.485257414156336","-1.485257414156336","-1.485257414156336"
"39500","-1.0108050577658174","-1.0108050577658174","-1.0108050577658174","-1.2682834850987545","-1.2682834850987545","-1.2682834850987545","-1.536498612989654","-1.536498612989654","-1.536498612989654","-1.7332539166229473","-1.7332539166229473","-1.7332539166229473","-0.9626066649023748","-0.9626066649023748","-0.9626066649023748","-1.270479099984126","-1.270479099984126","-1.270479099984126","-1.3975495660491077","-1.3975495660491077","-1.3975495660491077","-1.203204012457563","-1.203204012457563","-1.203204012457563","-0.9803451769443923","-0.9803451769443923","-0.9803451769443923","-0.7812644574852833","-0.7812644574852833","-0.7812644574852833","-1.3923477269555966","-1.3923477269555966","-1.3923477269555966","-1.796513538448142","-1.796513538448142","-1.796513538448142","-0.8966177101476565","-0.8966177101476565","-0.8966177101476565","-1.5897317716365336","-1.5897317716365336","-1.5897317716365336","-0.8290966060736267","-0.8290966060736267","-0.8290966060736267","-1.0868487241269438","-1.0868487241269438","-1.0868487241269438","-1.0044266310785726","-1.0044266310785726","-1.0044266310785726","-1.8887698318272022","-1.8887698318272022","-1.8887698318272022","-1.3565389881990677","-1.3565389881990677","-1.3565389881990677","-1.278303884874689","-1.278303884874689","-1.278303884874689"
"40000","-0.9444080310333813","-0.9444080310333813","-0.9444080310333813","-1.3294990124592743","-1.3294990124592743","-1.3294990124592743","-1.310761010058363","-1.310761010058363","-1.310761010058363","-2.0025005153078843","-2.0025005153078843","-2.0025005153078843","-1.895236184887327","-1.895236184887327","-1.895236184887327","-1.0307238295237504","-1.0307238295237504","-1.0307238295237504","-1.6250604616810478","-1.6250604616810478","-1.6250604616810478","-1.2810713548387145","-1.2810713548387145","-1.2810713548387145","-0.9315734072708688","-0.9315734072708688","-0.9315734072708688","-0.9433173691642642","-0.9433173691642642","-0.9433173691642642","-1.3566416338821434","-1.3566416338821434","-1.3566416338821434","-2.4268033777118534","-2.4268033777118534","-2.4268033777118534","-0.9031818215694505","-0.9031818215694505","-0.9031818215694505","-1.4601107889214762","-1.4601107889214762","-1.4601107889214762","-0.8180620470889327","-0.8180620470889327","-0.8180620470889327","-1.1162796961940935","-1.1162796961940935","-1.1162796961940935","-1.0055556885739594","-1.0055556885739594","-1.0055556885739594","-2.2664091228281937","-2.2664091228281937","-2.2664091228281937","-1.2626993801695579","-1.2626993801695579","-1.2626993801695579","-1.301261209157132","-1.301261209157132","-1.301261209157132"
"40500","-0.9297635714049093","-0.9297635714049093","-0.9297635714049093","-1.0288512826242993","-1.0288512826242993","-1.0288512826242993","-1.36706580988814","-1.36706580988814","-1.36706580988814","-1.5033683487568203","-1.5033683487568203","-1.5033683487568203","-1.1577862284610725","-1.1577862284610725","-1.1577862284610725","-1.02428610209987","-1.02428610209987","-1.02428610209987","-1.233646882007748","-1.233646882007748","-1.233646882007748","-1.000216945166942","-1.000216945166942","-1.000216945166942","-1.2224079958679575","-1.2224079958679575","-1.2224079958679575","-1.4031009347542203","-1.4031009347542203","-1.4031009347542203","-1.4351471307171573","-1.4351471307171573","-1.4351471307171573","-2.608582986774053","-2.608582986774053","-2.608582986774053","-0.8759799969883011","-0.8759799969883011","-0.8759799969883011","-1.9181223834652807","-1.9181223834652807","-1.9181223834652807","-0.7775680800180276","-0.7775680800180276","-0.7775680800180276","-0.9427620203778844","-0.9427620203778844","-0.9427620203778844","-1.2251536937734702","-1.2251536937734702","-1.2251536937734702","-1.8194611919208246","-1.8194611919208246","-1.8194611919208246","-1.5576564244018067","-1.5576564244018067","-1.5576564244018067","-1.3535542479583198","-1.3535542479583198","-1.3535542479583198"
"41000","-1.126994348418916","-1.126994348418916","-1.126994348418916","-1.10877364315076","-1.10877364315076","-1.10877364315076","-1.4845875250923712","-1.4845875250923712","-1.4845875250923712","-1.6777624410336525","-1.6777624410336525","-1.6777624410336525","-1.280044673613038","-1.280044673613038","-1.280044673613038","-0.9126256507064134","-0.9126256507064134","-0.9126256507064134","-1.204066195544089","-1.204066195544089","-1.204066195544089","-1.0887390532269903","-1.0887390532269903","-1.0887390532269903","-0.9740095305575011","-0.9740095305575011","-0.9740095305575011","-0.8116994025549413","-0.8116994025549413","-0.8116994025549413","-1.3665995520115253","-1.3665995520115253","-1.3665995520115253","-1.764753496717947","-1.764753496717947","-1.764753496717947","-0.9107449669194653","-0.9107449669194653","-0.9107449669194653","-1.8991637076334953","-1.8991637076334953","-1.8991637076334953","-0.8425641965048033","-0.8425641965048033","-0.8425641965048033","-1.138598675288845","-1.138598675288845","-1.138598675288845","-1.17235333149353","-1.17235333149353","-1.17235333149353","-1.8065508763350717","-1.8065508763350717","-1.8065508763350717","-1.1467734998572099","-1.1467734998572099","-1.1467734998572099","-1.5541743283514378","-1.5541743283514378","-1.5541743283514378"
"41500","-0.934262411604001","-0.934262411604001","-0.934262411604001","-1.0979223436231942","-1.0979223436231942","-1.0979223436231942","-1.2351367093954564","-1.2351367093954564","-1.2351367093954564","-1.6422665900746545","-1.6422665900746545","-1.6422665900746545","-1.4183057860600603","-1.4183057860600603","-1.4183057860600603","-1.035607915133258","-1.035607915133258","-1.035607915133258","-1.3611156120634127","-1.3611156120634127","-1.3611156120634127","-1.3460602587376729","-1.3460602587376729","-1.3460602587376729","-0.9555006561457787","-0.9555006561457787","-0.9555006561457787","-1.195219082581486","-1.195219082581486","-1.195219082581486","-1.2984991355138158","-1.2984991355138158","-1.2984991355138158","-1.8134623089282935","-1.8134623089282935","-1.8134623089282935","-1.0357781669945152","-1.0357781669945152","-1.0357781669945152","-1.7018344401883378","-1.7018344401883378","-1.7018344401883378","-0.9534010787066807","-0.9534010787066807","-0.9534010787066807","-1.1298504350796563","-1.1298504350796563","-1.1298504350796563","-1.25656350602796","-1.25656350602796","-1.25656350602796","-1.7061361709636487","-1.7061361709636487","-1.7061361709636487","-1.4078376317348618","-1.4078376317348618","-1.4078376317348618","-1.241461322002141","-1.241461322002141","-1.241461322002141"
"42000","-1.0783080487678136","-1.0783080487678136","-1.0783080487678136","-1.0993531781313746","-1.0993531781313746","-1.0993531781313746","-1.3978442339719641","-1.3978442339719641","-1.3978442339719641","-1.7477205510399976","-1.7477205510399976","-1.7477205510399976","-0.9736518372320149","-0.9736518372320149","-0.9736518372320149","-1.0224285374076056","-1.0224285374076056","-1.0224285374076056","-1.0592800916716267","-1.0592800916716267","-1.0592800916716267","-1.0463281751636255","-1.0463281751636255","-1.0463281751636255","-1.183984969407448","-1.183984969407448","-1.183984969407448","-1.2248782443647133","-1.2248782443647133","-1.2248782443647133","-1.4422961020495952","-1.4422961020495952","-1.4422961020495952","-2.390293207196552","-2.390293207196552","-2.390293207196552","-1.0994296770098575","-1.0994296770098575","-1.0994296770098575","-1.952507767772079","-1.952507767772079","-1.952507767772079","-0.977308951303079","-0.977308951303079","-0.977308951303079","-1.0484154727272894","-1.0484154727272894","-1.0484154727272894","-1.2138713387566964","-1.2138713387566964","-1.2138713387566964","-1.8403292719003452","-1.8403292719003452","-1.8403292719003452","-1.6480790321350796","-1.6480790321350796","-1.6480790321350796","-1.38083007164336","-1.38083007164336","-1.38083007164336"
"42500","-0.923435063442047","-0.923435063442047","-0.923435063442047","-0.8926795821371549","-0.8926795821371549","-0.8926795821371549","-1.569958133999799","-1.569958133999799","-1.569958133999799","-1.6728080871353033","-1.6728080871353033","-1.6728080871353033","-0.8253318284997769","-0.8253318284997769","-0.8253318284997769","-0.9571868007768266","-0.9571868007768266","-0.9571868007768266","-1.278031326722894","-1.278031326722894","-1.278031326722894","-1.1598633455659826","-1.1598633455659826","-1.1598633455659826","-1.021311420962802","-1.021311420962802","-1.021311420962802","-1.0300682054710077","-1.0300682054710077","-1.0300682054710077","-1.2989504964979077","-1.2989504964979077","-1.2989504964979077","-1.5275223921247907","-1.5275223921247907","-1.5275223921247907","-1.0548968544208226","-1.0548968544208226","-1.0548968544208226","-2.0433604897086104","-2.0433604897086104","-2.0433604897086104","-0.7362540585366029","-0.7362540585366029","-0.7362540585366029","-1.0735423418339543","-1.0735423418339543","-1.0735423418339543","-1.3079676561685707","-1.3079676561685707","-1.3079676561685707","-2.201374929393233","-2.201374929393233","-2.201374929393233","-1.438016400936205","-1.438016400936205","-1.438016400936205","-1.4616024416343623","-1.4616024416343623","-1.4616024416343623"
"43000","-0.8880729620216863","-0.8880729620216863","-0.8880729620216863","-1.0452933372337707","-1.0452933372337707","-1.0452933372337707","-1.1292817467863323","-1.1292817467863323","-1.1292817467863323","-1.4784784881827606","-1.4784784881827606","-1.4784784881827606","-0.7592621794507356","-0.7592621794507356","-0.7592621794507356","-0.7796046722232669","-0.7796046722232669","-0.7796046722232669","-1.0763429277141578","-1.0763429277141578","-1.0763429277141578","-1.1122800834476012","-1.1122800834476012","-1.1122800834476012","-0.9295652876059035","-0.9295652876059035","-0.9295652876059035","-1.119650713898905","-1.119650713898905","-1.119650713898905","-1.5737364924524735","-1.5737364924524735","-1.5737364924524735","-1.220788432951959","-1.220788432951959","-1.220788432951959","-1.0913563829847124","-1.0913563829847124","-1.0913563829847124","-1.9085350498577978","-1.9085350498577978","-1.9085350498577978","-0.8975352930353985","-0.8975352930353985","-0.8975352930353985","-1.2568080098626768","-1.2568080098626768","-1.2568080098626768","-1.1080785676144942","-1.1080785676144942","-1.1080785676144942","-1.955586855057191","-1.955586855057191","-1.955586855057191","-1.3231261130045506","-1.3231261130045506","-1.3231261130045506","-1.3845964707204352","-1.3845964707204352","-1.3845964707204352"
"43500","-0.8582821441712232","-0.8582821441712232","-0.8582821441712232","-0.8906897909985801","-0.8906897909985801","-0.8906897909985801","-1.0592822868317255","-1.0592822868317255","-1.0592822868317255","-1.506350109513032","-1.506350109513032","-1.506350109513032","-0.9288943033712908","-0.9288943033712908","-0.9288943033712908","-0.9676970088333847","-0.9676970088333847","-0.9676970088333847","-1.1632252724465066","-1.1632252724465066","-1.1632252724465066","-1.1761471043850036","-1.1761471043850036","-1.1761471043850036","-1.0559140774576932","-1.0559140774576932","-1.0559140774576932","-0.8399681317530714","-0.8399681317530714","-0.8399681317530714","-1.627590009634241","-1.627590009634241","-1.627590009634241","-1.5366196839231931","-1.5366196839231931","-1.5366196839231931","-0.9421816245266825","-0.9421816245266825","-0.9421816245266825","-1.976619279428259","-1.976619279428259","-1.976619279428259","-0.8613265359422859","-0.8613265359422859","-0.8613265359422859","-1.0687822928833313","-1.0687822928833313","-1.0687822928833313","-1.2117063493337827","-1.2117063493337827","-1.2117063493337827","-1.9113709721751344","-1.9113709721751344","-1.9113709721751344","-1.4837535744814705","-1.4837535744814705","-1.4837535744814705","-1.401009030356273","-1.401009030356273","-1.401009030356273"
"44000","-0.9820054426681066","-0.9820054426681066","-0.9820054426681066","-1.070540850363304","-1.070540850363304","-1.070540850363304","-1.1945276695510993","-1.1945276695510993","-1.1945276695510993","-1.5304748584949224","-1.5304748584949224","-1.5304748584949224","-0.852758320954392","-0.852758320954392","-0.852758320954392","-0.9412212920556626","-0.9412212920556626","-0.9412212920556626","-1.1723480827059605","-1.1723480827059605","-1.1723480827059605","-1.1608495380895054","-1.1608495380895054","-1.1608495380895054","-0.8506895734145286","-0.8506895734145286","-0.8506895734145286","-0.8988172788598897","-0.8988172788598897","-0.8988172788598897","-1.4565399215269488","-1.4565399215269488","-1.4565399215269488","-1.2262606684621997","-1.2262606684621997","-1.2262606684621997","-1.0577262013595257","-1.0577262013595257","-1.0577262013595257","-2.1060457704905184","-2.1060457704905184","-2.1060457704905184","-1.0350905236196897","-1.0350905236196897","-1.0350905236196897","-0.9781171244917625","-0.9781171244917625","-0.9781171244917625","-1.1790302932752241","-1.1790302932752241","-1.1790302932752241","-1.8616582159927895","-1.8616582159927895","-1.8616582159927895","-1.3873129750305722","-1.3873129750305722","-1.3873129750305722","-1.4249268997684292","-1.4249268997684292","-1.4249268997684292"
"44500","-1.0951174475004826","-1.0951174475004826","-1.0951174475004826","-1.065567016649156","-1.065567016649156","-1.065567016649156","-1.2795410616908232","-1.2795410616908232","-1.2795410616908232","-1.494266983757298","-1.494266983757298","-1.494266983757298","-0.9097023155102333","-0.9097023155102333","-0.9097023155102333","-0.8229694665122602","-0.8229694665122602","-0.8229694665122602","-1.1312880821629403","-1.1312880821629403","-1.1312880821629403","-1.1693928221112453","-1.1693928221112453","-1.1693928221112453","-0.8706530825898108","-0.8706530825898108","-0.8706530825898108","-0.8750523938452192","-0.8750523938452192","-0.8750523938452192","-1.3840628355590574","-1.3840628355590574","-1.3840628355590574","-1.4127387797856732","-1.4127387797856732","-1.4127387797856732","-1.0140900572078924","-1.0140900572078924","-1.0140900572078924","-1.7666849862712546","-1.7666849862712546","-1.7666849862712546","-0.6862426148976087","-0.6862426148976087","-0.6862426148976087","-1.0710267518667351","-1.0710267518667351","-1.0710267518667351","-1.1655163062312852","-1.1655163062312852","-1.1655163062312852","-1.7896979175391015","-1.7896979175391015","-1.7896979175391015","-1.343899339670029","-1.343899339670029","-1.343899339670029","-1.267160620888027","-1.267160620888027","-1.267160620888027"
"45000","-0.9426347747822552","-0.9426347747822552","-0.9426347747822552","-0.9353290485258918","-0.9353290485258918","-0.9353290485258918","-1.2925281016922334","-1.2925281016922334","-1.2925281016922334","-1.4059311390354374","-1.4059311390354374","-1.4059311390354374","-1.1239204843524166","-1.1239204843524166","-1.1239204843524166","-0.740463262942751","-0.740463262942751","-0.740463262942751","-1.1016083185798795","-1.1016083185798795","-1.1016083185798795","-1.1047511858795986","-1.1047511858795986","-1.1047511858795986","-0.909894611522056","-0.909894611522056","-0.909894611522056","-1.2483703832656412","-1.2483703832656412","-1.2483703832656412","-1.493400301109339","-1.493400301109339","-1.493400301109339","-1.2745160405331863","-1.2745160405331863","-1.2745160405331863","-0.9795928842965861","-0.9795928842965861","-0.9795928842965861","-2.037080668670998","-2.037080668670998","-2.037080668670998","-0.996515270845444","-0.996515270845444","-0.996515270845444","-1.0884730971869596","-1.0884730971869596","-1.0884730971869596","-1.158852826365821","-1.158852826365821","-1.158852826365821","-2.034310513656472","-2.034310513656472","-2.034310513656472","-1.415116924454503","-1.415116924454503","-1.415116924454503","-1.2342858269393304","-1.2342858269393304","-1.2342858269393304"
"45500","-1.5539837990828744","-1.5539837990828744","-1.5539837990828744","-0.8792067965434164","-0.8792067965434164","-0.8792067965434164","-1.2902155294179796","-1.2902155294179796","-1.2902155294179796","-1.5752979858646572","-1.5752979858646572","-1.5752979858646572","-1.1080734496574263","-1.1080734496574263","-1.1080734496574263","-0.8224701407947255","-0.8224701407947255","-0.8224701407947255","-1.2269055077224398","-1.2269055077224398","-1.2269055077224398","-1.3220267261356182","-1.3220267261356182","-1.3220267261356182","-0.9837403209353723","-0.9837403209353723","-0.9837403209353723","-1.1679913200972796","-1.1679913200972796","-1.1679913200972796","-1.4781773018500899","-1.4781773018500899","-1.4781773018500899","-1.32702750069789","-1.32702750069789","-1.32702750069789","-0.8731254952388635","-0.8731254952388635","-0.8731254952388635","-1.546669170312177","-1.546669170312177","-1.546669170312177","-0.681037925339629","-0.681037925339629","-0.681037925339629","-1.0336461327442348","-1.0336461327442348","-1.0336461327442348","-1.2053285836894205","-1.2053285836894205","-1.2053285836894205","-1.9883410342841157","-1.9883410342841157","-1.9883410342841157","-1.4573160374071557","-1.4573160374071557","-1.4573160374071557","-1.229341586172094","-1.229341586172094","-1.229341586172094"
"46000","-0.9180631872592663","-0.9180631872592663","-0.9180631872592663","-1.033659585193047","-1.033659585193047","-1.033659585193047","-1.2103318512710566","-1.2103318512710566","-1.2103318512710566","-1.5583760129260706","-1.5583760129260706","-1.5583760129260706","-0.9878821687854454","-0.9878821687854454","-0.9878821687854454","-0.857969684172596","-0.857969684172596","-0.857969684172596","-1.1552053317524638","-1.1552053317524638","-1.1552053317524638","-1.3334587478370818","-1.3334587478370818","-1.3334587478370818","-0.8261576827419512","-0.8261576827419512","-0.8261576827419512","-0.8873265196019029","-0.8873265196019029","-0.8873265196019029","-1.350341992704582","-1.350341992704582","-1.350341992704582","-1.2392545440297227","-1.2392545440297227","-1.2392545440297227","-0.762979601803796","-0.762979601803796","-0.762979601803796","-1.694883582103848","-1.694883582103848","-1.694883582103848","-0.9524224237987214","-0.9524224237987214","-0.9524224237987214","-1.023217245526459","-1.023217245526459","-1.023217245526459","-1.2093895070985152","-1.2093895070985152","-1.2093895070985152","-2.2266410020853895","-2.2266410020853895","-2.2266410020853895","-1.1649940740842233","-1.1649940740842233","-1.1649940740842233","-1.4257875625485947","-1.4257875625485947","-1.4257875625485947"
"46500","-0.7975789923179085","-0.7975789923179085","-0.7975789923179085","-0.8470681784153531","-0.8470681784153531","-0.8470681784153531","-1.174243763394058","-1.174243763394058","-1.174243763394058","-1.4511147955593366","-1.4511147955593366","-1.4511147955593366","-1.1845257893393448","-1.1845257893393448","-1.1845257893393448","-0.8388398523058287","-0.8388398523058287","-0.8388398523058287","-1.0518709081318953","-1.0518709081318953","-1.0518709081318953","-1.2480129062687575","-1.2480129062687575","-1.2480129062687575","-0.9021854949874843","-0.9021854949874843","-0.9021854949874843","-1.047956319136079","-1.047956319136079","-1.047956319136079","-1.2872921734026215","-1.2872921734026215","-1.2872921734026215","-1.2408247577685259","-1.2408247577685259","-1.2408247577685259","-0.7761243546252842","-0.7761243546252842","-0.7761243546252842","-2.0526019551473564","-2.0526019551473564","-2.0526019551473564","-0.6581642809375101","-0.6581642809375101","-0.6581642809375101","-0.9168893043020573","-0.9168893043020573","-0.9168893043020573","-1.1211916977129142","-1.1211916977129142","-1.1211916977129142","-1.7911907844133086","-1.7911907844133086","-1.7911907844133086","-1.293291662225139","-1.293291662225139","-1.293291662225139","-1.4094870594595292","-1.4094870594595292","-1.4094870594595292"
"47000","-0.8533334279418993","-0.8533334279418993","-0.8533334279418993","-0.9126564780487932","-0.9126564780487932","-0.9126564780487932","-1.167800250060028","-1.167800250060028","-1.167800250060028","-1.509027249505973","-1.509027249505973","-1.509027249505973","-1.0365792463713788","-1.0365792463713788","-1.0365792463713788","-0.7749692448942358","-0.7749692448942358","-0.7749692448942358","-1.4355514268872591","-1.4355514268872591","-1.4355514268872591","-1.444823909981601","-1.444823909981601","-1.444823909981601","-0.9971197049539817","-0.9971197049539817","-0.9971197049539817","-1.1057853472980432","-1.1057853472980432","-1.1057853472980432","-1.4187966358445312","-1.4187966358445312","-1.4187966358445312","-1.1555112906358183","-1.1555112906358183","-1.1555112906358183","-0.7361614140434861","-0.7361614140434861","-0.7361614140434861","-1.7532594290797476","-1.7532594290797476","-1.7532594290797476","-0.7761722481098821","-0.7761722481098821","-0.7761722481098821","-1.0098370909031436","-1.0098370909031436","-1.0098370909031436","-1.0766568426150624","-1.0766568426150624","-1.0766568426150624","-1.6977344012826152","-1.6977344012826152","-1.6977344012826152","-1.3502370826947008","-1.3502370826947008","-1.3502370826947008","-1.3386683400682935","-1.3386683400682935","-1.3386683400682935"
"47500","-0.7780781733622582","-0.7780781733622582","-0.7780781733622582","-0.8350841703059663","-0.8350841703059663","-0.8350841703059663","-0.9456579295726828","-0.9456579295726828","-0.9456579295726828","-1.492751492012767","-1.492751492012767","-1.492751492012767","-0.9288604711050056","-0.9288604711050056","-0.9288604711050056","-0.9784836515594911","-0.9784836515594911","-0.9784836515594911","-1.0517566447604259","-1.0517566447604259","-1.0517566447604259","-1.2387728039865162","-1.2387728039865162","-1.2387728039865162","-0.8846053014026382","-0.8846053014026382","-0.8846053014026382","-0.7727393941057845","-0.7727393941057845","-0.7727393941057845","-1.3811992039929712","-1.3811992039929712","-1.3811992039929712","-1.134494875957444","-1.134494875957444","-1.134494875957444","-0.6173846059859613","-0.6173846059859613","-0.6173846059859613","-1.8224828255931573","-1.8224828255931573","-1.8224828255931573","-0.6830887615516297","-0.6830887615516297","-0.6830887615516297","-1.0950683071362426","-1.0950683071362426","-1.0950683071362426","-1.0230020994732079","-1.0230020994732079","-1.0230020994732079","-1.523199486686055","-1.523199486686055","-1.523199486686055","-1.2198265555505905","-1.2198265555505905","-1.2198265555505905","-1.2514160785431638","-1.2514160785431638","-1.2514160785431638"
"48000","-0.8686564204171068","-0.8686564204171068","-0.8686564204171068","-0.8568872716476355","-0.8568872716476355","-0.8568872716476355","-1.1843483273687745","-1.1843483273687745","-1.1843483273687745","-1.5000226587570231","-1.5000226587570231","-1.5000226587570231","-0.8201580687646779","-0.8201580687646779","-0.8201580687646779","-0.9738170301227322","-0.9738170301227322","-0.9738170301227322","-1.2227508841360009","-1.2227508841360009","-1.2227508841360009","-1.1161311615563503","-1.1161311615563503","-1.1161311615563503","-1.026536424462476","-1.026536424462476","-1.026536424462476","-1.1457625512790193","-1.1457625512790193","-1.1457625512790193","-1.358028850095176","-1.358028850095176","-1.358028850095176","-1.2646312519883705","-1.2646312519883705","-1.2646312519883705","-0.8630434599985921","-0.8630434599985921","-0.8630434599985921","-1.604353229604834","-1.604353229604834","-1.604353229604834","-0.9697539160663118","-0.9697539160663118","-0.9697539160663118","-0.9320190246901576","-0.9320190246901576","-0.9320190246901576","-1.111098657043739","-1.111098657043739","-1.111098657043739","-1.4251307482756637","-1.4251307482756637","-1.4251307482756637","-1.057536749342497","-1.057536749342497","-1.057536749342497","-1.3049777113214065","-1.3049777113214065","-1.3049777113214065"
"48500","-0.9098957996548549","-0.9098957996548549","-0.9098957996548549","-1.123546705325718","-1.123546705325718","-1.123546705325718","-1.2412303129881261","-1.2412303129881261","-1.2412303129881261","-1.57459462337839","-1.57459462337839","-1.57459462337839","-0.8508591774743918","-0.8508591774743918","-0.8508591774743918","-0.7640212299981279","-0.7640212299981279","-0.7640212299981279","-1.1009035024266463","-1.1009035024266463","-1.1009035024266463","-1.182579421711614","-1.182579421711614","-1.182579421711614","-0.9846500219209409","-0.9846500219209409","-0.9846500219209409","-0.8956966022618349","-0.8956966022618349","-0.8956966022618349","-1.4211352668822463","-1.4211352668822463","-1.4211352668822463","-1.1336977316799672","-1.1336977316799672","-1.1336977316799672","-0.6368998029787344","-0.6368998029787344","-0.6368998029787344","-1.6190295835163213","-1.6190295835163213","-1.6190295835163213","-0.8585428642163533","-0.8585428642163533","-0.8585428642163533","-0.975792764894087","-0.975792764894087","-0.975792764894087","-1.011765568666516","-1.011765568666516","-1.011765568666516","-1.3975587146701074","-1.3975587146701074","-1.3975587146701074","-1.2042438640666073","-1.2042438640666073","-1.2042438640666073","-1.2572123634498493","-1.2572123634498493","-1.2572123634498493"
"49000","-1.000699031560428","-1.000699031560428","-1.000699031560428","-1.0311895965041182","-1.0311895965041182","-1.0311895965041182","-1.0255558026114477","-1.0255558026114477","-1.0255558026114477","-1.677909551541046","-1.677909551541046","-1.677909551541046","-0.8413511968147436","-0.8413511968147436","-0.8413511968147436","-0.7014626772076926","-0.7014626772076926","-0.7014626772076926","-1.1366670483177288","-1.1366670483177288","-1.1366670483177288","-1.184903482152583","-1.184903482152583","-1.184903482152583","-0.8322920798888639","-0.8322920798888639","-0.8322920798888639","-0.8287240947954929","-0.8287240947954929","-0.8287240947954929","-1.5813785990110467","-1.5813785990110467","-1.5813785990110467","-1.0588143142982103","-1.0588143142982103","-1.0588143142982103","-0.8542476937751864","-0.8542476937751864","-0.8542476937751864","-1.6388655303673123","-1.6388655303673123","-1.6388655303673123","-0.6349321993980229","-0.6349321993980229","-0.6349321993980229","-1.0492774381980592","-1.0492774381980592","-1.0492774381980592","-1.0739313149194645","-1.0739313149194645","-1.0739313149194645","-1.4650404149945238","-1.4650404149945238","-1.4650404149945238","-1.0646840482473048","-1.0646840482473048","-1.0646840482473048","-1.255139057164597","-1.255139057164597","-1.255139057164597"
"49500","-0.8698875744484788","-0.8698875744484788","-0.8698875744484788","-0.9264057598335574","-0.9264057598335574","-0.9264057598335574","-1.0724651342914346","-1.0724651342914346","-1.0724651342914346","-1.7576280073366177","-1.7576280073366177","-1.7576280073366177","-0.9819402643013054","-0.9819402643013054","-0.9819402643013054","-0.7990993012408782","-0.7990993012408782","-0.7990993012408782","-1.0574265339140458","-1.0574265339140458","-1.0574265339140458","-1.0730892331593829","-1.0730892331593829","-1.0730892331593829","-0.8916660233753729","-0.8916660233753729","-0.8916660233753729","-0.8048852940159031","-0.8048852940159031","-0.8048852940159031","-1.463144969535365","-1.463144969535365","-1.463144969535365","-1.0906266274328256","-1.0906266274328256","-1.0906266274328256","-0.7727342103035968","-0.7727342103035968","-0.7727342103035968","-1.5229727269330575","-1.5229727269330575","-1.5229727269330575","-0.6726239213262231","-0.6726239213262231","-0.6726239213262231","-1.0692079750977679","-1.0692079750977679","-1.0692079750977679","-1.043239627304954","-1.043239627304954","-1.043239627304954","-1.7375208058267475","-1.7375208058267475","-1.7375208058267475","-1.1351148371430941","-1.1351148371430941","-1.1351148371430941","-1.463720442736936","-1.463720442736936","-1.463720442736936"
"50000","-0.8390238080878882","-0.8390238080878882","-0.8390238080878882","-0.9008975442061624","-0.9008975442061624","-0.9008975442061624","-1.141637303124107","-1.141637303124107","-1.141637303124107","-1.6840494055591524","-1.6840494055591524","-1.6840494055591524","-0.9049037914385287","-0.9049037914385287","-0.9049037914385287","-0.8579007753249236","-0.8579007753249236","-0.8579007753249236","-1.0807798961783603","-1.0807798961783603","-1.0807798961783603","-1.0277010036739067","-1.0277010036739067","-1.0277010036739067","-0.8231222937482408","-0.8231222937482408","-0.8231222937482408","-0.8296864793791829","-0.8296864793791829","-0.8296864793791829","-1.3436575594560543","-1.3436575594560543","-1.3436575594560543","-1.001475754354448","-1.001475754354448","-1.001475754354448","-0.6525856719046297","-0.6525856719046297","-0.6525856719046297","-1.4978346980985235","-1.4978346980985235","-1.4978346980985235","-0.7146866631037968","-0.7146866631037968","-0.7146866631037968","-0.995123033150916","-0.995123033150916","-0.995123033150916","-1.0590684781246695","-1.0590684781246695","-1.0590684781246695","-1.5857134485185784","-1.5857134485185784","-1.5857134485185784","-1.2334280575594367","-1.2334280575594367","-1.2334280575594367","-1.3777971976618129","-1.3777971976618129","-1.3777971976618129"