"Step","DDPG_EQL_FetchReachDense-v4_19 - eval/avg_reward","DDPG_EQL_FetchReachDense-v4_19 - eval/avg_reward__MIN","DDPG_EQL_FetchReachDense-v4_19 - eval/avg_reward__MAX","DDPG_EQL_FetchReachDense-v4_18 - eval/avg_reward","DDPG_EQL_FetchReachDense-v4_18 - eval/avg_reward__MIN","DDPG_EQL_FetchReachDense-v4_18 - eval/avg_reward__MAX","DDPG_EQL_FetchReachDense-v4_17 - eval/avg_reward","DDPG_EQL_FetchReachDense-v4_17 - eval/avg_reward__MIN","DDPG_EQL_FetchReachDense-v4_17 - eval/avg_reward__MAX","DDPG_EQL_FetchReachDense-v4_16 - eval/avg_reward","DDPG_EQL_FetchReachDense-v4_16 - eval/avg_reward__MIN","DDPG_EQL_FetchReachDense-v4_16 - eval/avg_reward__MAX","DDPG_EQL_FetchReachDense-v4_15 - eval/avg_reward","DDPG_EQL_FetchReachDense-v4_15 - eval/avg_reward__MIN","DDPG_EQL_FetchReachDense-v4_15 - eval/avg_reward__MAX","DDPG_EQL_FetchReachDense-v4_14 - eval/avg_reward","DDPG_EQL_FetchReachDense-v4_14 - eval/avg_reward__MIN","DDPG_EQL_FetchReachDense-v4_14 - eval/avg_reward__MAX","DDPG_EQL_FetchReachDense-v4_13 - eval/avg_reward","DDPG_EQL_FetchReachDense-v4_13 - eval/avg_reward__MIN","DDPG_EQL_FetchReachDense-v4_13 - eval/avg_reward__MAX","DDPG_EQL_FetchReachDense-v4_12 - eval/avg_reward","DDPG_EQL_FetchReachDense-v4_12 - eval/avg_reward__MIN","DDPG_EQL_FetchReachDense-v4_12 - eval/avg_reward__MAX","DDPG_EQL_FetchReachDense-v4_11 - eval/avg_reward","DDPG_EQL_FetchReachDense-v4_11 - eval/avg_reward__MIN","DDPG_EQL_FetchReachDense-v4_11 - eval/avg_reward__MAX","DDPG_EQL_FetchReachDense-v4_10 - eval/avg_reward","DDPG_EQL_FetchReachDense-v4_10 - eval/avg_reward__MIN","DDPG_EQL_FetchReachDense-v4_10 - eval/avg_reward__MAX","DDPG_EQL_FetchReachDense-v4_9 - eval/avg_reward","DDPG_EQL_FetchReachDense-v4_9 - eval/avg_reward__MIN","DDPG_EQL_FetchReachDense-v4_9 - eval/avg_reward__MAX","DDPG_EQL_FetchReachDense-v4_8 - eval/avg_reward","DDPG_EQL_FetchReachDense-v4_8 - eval/avg_reward__MIN","DDPG_EQL_FetchReachDense-v4_8 - eval/avg_reward__MAX","DDPG_EQL_FetchReachDense-v4_7 - eval/avg_reward","DDPG_EQL_FetchReachDense-v4_7 - eval/avg_reward__MIN","DDPG_EQL_FetchReachDense-v4_7 - eval/avg_reward__MAX","DDPG_EQL_FetchReachDense-v4_6 - eval/avg_reward","DDPG_EQL_FetchReachDense-v4_6 - eval/avg_reward__MIN","DDPG_EQL_FetchReachDense-v4_6 - eval/avg_reward__MAX","DDPG_EQL_FetchReachDense-v4_5 - eval/avg_reward","DDPG_EQL_FetchReachDense-v4_5 - eval/avg_reward__MIN","DDPG_EQL_FetchReachDense-v4_5 - eval/avg_reward__MAX","DDPG_EQL_FetchReachDense-v4_4 - eval/avg_reward","DDPG_EQL_FetchReachDense-v4_4 - eval/avg_reward__MIN","DDPG_EQL_FetchReachDense-v4_4 - eval/avg_reward__MAX","DDPG_EQL_FetchReachDense-v4_3 - eval/avg_reward","DDPG_EQL_FetchReachDense-v4_3 - eval/avg_reward__MIN","DDPG_EQL_FetchReachDense-v4_3 - eval/avg_reward__MAX","DDPG_EQL_FetchReachDense-v4_2 - eval/avg_reward","DDPG_EQL_FetchReachDense-v4_2 - eval/avg_reward__MIN","DDPG_EQL_FetchReachDense-v4_2 - eval/avg_reward__MAX","DDPG_EQL_FetchReachDense-v4_1 - eval/avg_reward","DDPG_EQL_FetchReachDense-v4_1 - eval/avg_reward__MIN","DDPG_EQL_FetchReachDense-v4_1 - eval/avg_reward__MAX","DDPG_EQL_FetchReachDense-v4_0 - eval/avg_reward","DDPG_EQL_FetchReachDense-v4_0 - eval/avg_reward__MIN","DDPG_EQL_FetchReachDense-v4_0 - eval/avg_reward__MAX"
"0","-7.5413335490338","-7.5413335490338","-7.5413335490338","-10.194310233025089","-10.194310233025089","-10.194310233025089","-6.431590333339239","-6.431590333339239","-6.431590333339239","-10.413339356086492","-10.413339356086492","-10.413339356086492","-13.934925193751543","-13.934925193751543","-13.934925193751543","-6.747667445890594","-6.747667445890594","-6.747667445890594","-9.018317770819227","-9.018317770819227","-9.018317770819227","-7.55756903767877","-7.55756903767877","-7.55756903767877","-7.8196747967321425","-7.8196747967321425","-7.8196747967321425","-9.37557693739148","-9.37557693739148","-9.37557693739148","-8.740126210497914","-8.740126210497914","-8.740126210497914","-18.389791910644913","-18.389791910644913","-18.389791910644913","-6.785092667271307","-6.785092667271307","-6.785092667271307","-11.153577886572545","-11.153577886572545","-11.153577886572545","-8.425178141920162","-8.425178141920162","-8.425178141920162","-9.869553051899654","-9.869553051899654","-9.869553051899654","-10.14956988773546","-10.14956988773546","-10.14956988773546","-7.877434870211326","-7.877434870211326","-7.877434870211326","-11.145132858761531","-11.145132858761531","-11.145132858761531","-10.2024648780856","-10.2024648780856","-10.2024648780856"
"500","-7.5413335490338","-7.5413335490338","-7.5413335490338","-10.194310233025089","-10.194310233025089","-10.194310233025089","-6.431590333339239","-6.431590333339239","-6.431590333339239","-10.413339356086492","-10.413339356086492","-10.413339356086492","-13.934925193751543","-13.934925193751543","-13.934925193751543","-6.747667445890594","-6.747667445890594","-6.747667445890594","-9.018317770819227","-9.018317770819227","-9.018317770819227","-7.55756903767877","-7.55756903767877","-7.55756903767877","-7.8196747967321425","-7.8196747967321425","-7.8196747967321425","-9.37557693739148","-9.37557693739148","-9.37557693739148","-8.740126210497914","-8.740126210497914","-8.740126210497914","-18.389791910644913","-18.389791910644913","-18.389791910644913","-6.785092667271307","-6.785092667271307","-6.785092667271307","-11.153577886572545","-11.153577886572545","-11.153577886572545","-8.425178141920162","-8.425178141920162","-8.425178141920162","-9.869553051899654","-9.869553051899654","-9.869553051899654","-10.14956988773546","-10.14956988773546","-10.14956988773546","-7.877434870211326","-7.877434870211326","-7.877434870211326","-11.145132858761531","-11.145132858761531","-11.145132858761531","-10.2024648780856","-10.2024648780856","-10.2024648780856"
"1000","-7.5413335490338","-7.5413335490338","-7.5413335490338","-10.089943617375404","-10.089943617375404","-10.089943617375404","-6.431590333339239","-6.431590333339239","-6.431590333339239","-10.413339356086492","-10.413339356086492","-10.413339356086492","-14.59812739040692","-14.59812739040692","-14.59812739040692","-6.747667445890594","-6.747667445890594","-6.747667445890594","-9.018317770819227","-9.018317770819227","-9.018317770819227","-8.193024890542645","-8.193024890542645","-8.193024890542645","-7.8196747967321425","-7.8196747967321425","-7.8196747967321425","-9.37557693739148","-9.37557693739148","-9.37557693739148","-9.011406670865016","-9.011406670865016","-9.011406670865016","-18.389791910644913","-18.389791910644913","-18.389791910644913","-6.785092667271307","-6.785092667271307","-6.785092667271307","-11.153577886572545","-11.153577886572545","-11.153577886572545","-8.085112826632127","-8.085112826632127","-8.085112826632127","-9.869553051899654","-9.869553051899654","-9.869553051899654","-10.14956988773546","-10.14956988773546","-10.14956988773546","-7.877434870211326","-7.877434870211326","-7.877434870211326","-10.802243033586025","-10.802243033586025","-10.802243033586025","-9.488059425547121","-9.488059425547121","-9.488059425547121"
"1500","-13.390709957292353","-13.390709957292353","-13.390709957292353","-15.35867514911522","-15.35867514911522","-15.35867514911522","-23.0792487448387","-23.0792487448387","-23.0792487448387","-17.076755710857054","-17.076755710857054","-17.076755710857054","-25.618253870382336","-25.618253870382336","-25.618253870382336","-16.113463751530453","-16.113463751530453","-16.113463751530453","-18.056521953835738","-18.056521953835738","-18.056521953835738","-21.015873197373075","-21.015873197373075","-21.015873197373075","-10.973165787164806","-10.973165787164806","-10.973165787164806","-16.487037766239887","-16.487037766239887","-16.487037766239887","-50.96871785640226","-50.96871785640226","-50.96871785640226","-14.050646560218615","-14.050646560218615","-14.050646560218615","-11.84004392719392","-11.84004392719392","-11.84004392719392","-13.826229062250771","-13.826229062250771","-13.826229062250771","-8.611547895908522","-8.611547895908522","-8.611547895908522","-23.12202594110817","-23.12202594110817","-23.12202594110817","-24.38114391640788","-24.38114391640788","-24.38114391640788","-28.719632367952478","-28.719632367952478","-28.719632367952478","-15.909498347341781","-15.909498347341781","-15.909498347341781","-6.877821957963981","-6.877821957963981","-6.877821957963981"
"2000","-16.253827035854204","-16.253827035854204","-16.253827035854204","-11.081327251728869","-11.081327251728869","-11.081327251728869","-10.99702398012942","-10.99702398012942","-10.99702398012942","-21.800264651498033","-21.800264651498033","-21.800264651498033","-11.756867473902734","-11.756867473902734","-11.756867473902734","-8.61955870746886","-8.61955870746886","-8.61955870746886","-9.069646679944695","-9.069646679944695","-9.069646679944695","-21.057653801692666","-21.057653801692666","-21.057653801692666","-8.149101138071698","-8.149101138071698","-8.149101138071698","-17.282833671483854","-17.282833671483854","-17.282833671483854","-18.630053247170288","-18.630053247170288","-18.630053247170288","-9.394390803015991","-9.394390803015991","-9.394390803015991","-16.073216775772387","-16.073216775772387","-16.073216775772387","-10.429663519914673","-10.429663519914673","-10.429663519914673","-9.309921773986146","-9.309921773986146","-9.309921773986146","-13.574007066582478","-13.574007066582478","-13.574007066582478","-12.365315995953633","-12.365315995953633","-12.365315995953633","-24.69660143418115","-24.69660143418115","-24.69660143418115","-7.336707599589127","-7.336707599589127","-7.336707599589127","-6.675544545036638","-6.675544545036638","-6.675544545036638"
"2500","-8.95808523221869","-8.95808523221869","-8.95808523221869","-15.69958822405566","-15.69958822405566","-15.69958822405566","-19.90040126794764","-19.90040126794764","-19.90040126794764","-16.465456297411322","-16.465456297411322","-16.465456297411322","-28.25642780346227","-28.25642780346227","-28.25642780346227","-10.92130442566315","-10.92130442566315","-10.92130442566315","-16.16699881629625","-16.16699881629625","-16.16699881629625","-51.65882413475022","-51.65882413475022","-51.65882413475022","-8.365932464389058","-8.365932464389058","-8.365932464389058","-32.07220011974135","-32.07220011974135","-32.07220011974135","-10.249054066652642","-10.249054066652642","-10.249054066652642","-7.046029504677219","-7.046029504677219","-7.046029504677219","-12.929421953044988","-12.929421953044988","-12.929421953044988","-11.409411599972817","-11.409411599972817","-11.409411599972817","-47.45496542625678","-47.45496542625678","-47.45496542625678","-11.661771645746056","-11.661771645746056","-11.661771645746056","-24.906685944734868","-24.906685944734868","-24.906685944734868","-6.4668745623175","-6.4668745623175","-6.4668745623175","-10.571049170744187","-10.571049170744187","-10.571049170744187","-9.546994048318112","-9.546994048318112","-9.546994048318112"
"3000","-11.25035135754068","-11.25035135754068","-11.25035135754068","-14.35456472103344","-14.35456472103344","-14.35456472103344","-7.1664093824444866","-7.1664093824444866","-7.1664093824444866","-11.038893676685252","-11.038893676685252","-11.038893676685252","-30.82942824591827","-30.82942824591827","-30.82942824591827","-17.17343077526869","-17.17343077526869","-17.17343077526869","-8.889787437139885","-8.889787437139885","-8.889787437139885","-7.8692174724023705","-7.8692174724023705","-7.8692174724023705","-10.27029061969338","-10.27029061969338","-10.27029061969338","-8.652610464337666","-8.652610464337666","-8.652610464337666","-8.915344852738734","-8.915344852738734","-8.915344852738734","-9.538110322466407","-9.538110322466407","-9.538110322466407","-6.262465748309628","-6.262465748309628","-6.262465748309628","-10.435001420768959","-10.435001420768959","-10.435001420768959","-21.555658517560882","-21.555658517560882","-21.555658517560882","-11.723946410340456","-11.723946410340456","-11.723946410340456","-10.670188231988954","-10.670188231988954","-10.670188231988954","-7.800137173207768","-7.800137173207768","-7.800137173207768","-6.76631118595976","-6.76631118595976","-6.76631118595976","-5.9028833327510535","-5.9028833327510535","-5.9028833327510535"
"3500","-26.188065545276324","-26.188065545276324","-26.188065545276324","-10.623955087303496","-10.623955087303496","-10.623955087303496","-11.537037307909198","-11.537037307909198","-11.537037307909198","-11.07669610289976","-11.07669610289976","-11.07669610289976","-12.349294760395077","-12.349294760395077","-12.349294760395077","-8.547673196965787","-8.547673196965787","-8.547673196965787","-29.018606983953198","-29.018606983953198","-29.018606983953198","-11.60734417358762","-11.60734417358762","-11.60734417358762","-7.178825420351539","-7.178825420351539","-7.178825420351539","-13.843805658947764","-13.843805658947764","-13.843805658947764","-8.334324914251736","-8.334324914251736","-8.334324914251736","-8.121912062917396","-8.121912062917396","-8.121912062917396","-10.004391572845746","-10.004391572845746","-10.004391572845746","-7.959762177500979","-7.959762177500979","-7.959762177500979","-10.411431702554832","-10.411431702554832","-10.411431702554832","-9.28778913981177","-9.28778913981177","-9.28778913981177","-7.371577364847393","-7.371577364847393","-7.371577364847393","-10.41110399175301","-10.41110399175301","-10.41110399175301","-5.74194274959739","-5.74194274959739","-5.74194274959739","-6.691094534553518","-6.691094534553518","-6.691094534553518"
"4000","-14.254482877244618","-14.254482877244618","-14.254482877244618","-8.27169452121682","-8.27169452121682","-8.27169452121682","-8.008662182430013","-8.008662182430013","-8.008662182430013","-10.887628092591136","-10.887628092591136","-10.887628092591136","-6.30747124203795","-6.30747124203795","-6.30747124203795","-9.261337513688199","-9.261337513688199","-9.261337513688199","-10.312305360704835","-10.312305360704835","-10.312305360704835","-18.16060836390849","-18.16060836390849","-18.16060836390849","-7.342955488639149","-7.342955488639149","-7.342955488639149","-5.126762808950842","-5.126762808950842","-5.126762808950842","-14.968000740152721","-14.968000740152721","-14.968000740152721","-7.057594382255249","-7.057594382255249","-7.057594382255249","-8.722683771327596","-8.722683771327596","-8.722683771327596","-9.254571759435983","-9.254571759435983","-9.254571759435983","-6.273383867532172","-6.273383867532172","-6.273383867532172","-8.130307407537547","-8.130307407537547","-8.130307407537547","-8.663328806526213","-8.663328806526213","-8.663328806526213","-5.370661106823856","-5.370661106823856","-5.370661106823856","-5.748285928027923","-5.748285928027923","-5.748285928027923","-25.988925215996055","-25.988925215996055","-25.988925215996055"
"4500","-11.632103227635017","-11.632103227635017","-11.632103227635017","-8.961523318908863","-8.961523318908863","-8.961523318908863","-14.10114882435868","-14.10114882435868","-14.10114882435868","-10.187756360683485","-10.187756360683485","-10.187756360683485","-7.793241403789596","-7.793241403789596","-7.793241403789596","-6.122099124053287","-6.122099124053287","-6.122099124053287","-7.548727692590529","-7.548727692590529","-7.548727692590529","-9.334210308586075","-9.334210308586075","-9.334210308586075","-5.525341584212176","-5.525341584212176","-5.525341584212176","-5.635186548983184","-5.635186548983184","-5.635186548983184","-9.293479442596091","-9.293479442596091","-9.293479442596091","-8.027575721980384","-8.027575721980384","-8.027575721980384","-11.222298255102126","-11.222298255102126","-11.222298255102126","-8.763058396539353","-8.763058396539353","-8.763058396539353","-7.033797421431035","-7.033797421431035","-7.033797421431035","-6.822323571312182","-6.822323571312182","-6.822323571312182","-6.9397455922621205","-6.9397455922621205","-6.9397455922621205","-8.992251085390283","-8.992251085390283","-8.992251085390283","-5.085195461043444","-5.085195461043444","-5.085195461043444","-9.135405541460955","-9.135405541460955","-9.135405541460955"
"5000","-13.574177483536635","-13.574177483536635","-13.574177483536635","-10.410616247009974","-10.410616247009974","-10.410616247009974","-7.609060675075469","-7.609060675075469","-7.609060675075469","-8.625575672597352","-8.625575672597352","-8.625575672597352","-8.613033979597532","-8.613033979597532","-8.613033979597532","-12.594313764235581","-12.594313764235581","-12.594313764235581","-4.415143128298852","-4.415143128298852","-4.415143128298852","-8.743064936494218","-8.743064936494218","-8.743064936494218","-5.6879307198378815","-5.6879307198378815","-5.6879307198378815","-5.6448094838619145","-5.6448094838619145","-5.6448094838619145","-9.262355609372731","-9.262355609372731","-9.262355609372731","-6.964879029705058","-6.964879029705058","-6.964879029705058","-14.391533049676628","-14.391533049676628","-14.391533049676628","-14.67219754846025","-14.67219754846025","-14.67219754846025","-6.456587817011789","-6.456587817011789","-6.456587817011789","-8.389710555061791","-8.389710555061791","-8.389710555061791","-9.858672687603615","-9.858672687603615","-9.858672687603615","-9.110426810630916","-9.110426810630916","-9.110426810630916","-5.139319124317448","-5.139319124317448","-5.139319124317448","-6.7291958623571135","-6.7291958623571135","-6.7291958623571135"
"5500","-11.613195232734128","-11.613195232734128","-11.613195232734128","-15.394084155932168","-15.394084155932168","-15.394084155932168","-6.628138353434828","-6.628138353434828","-6.628138353434828","-7.813898084724028","-7.813898084724028","-7.813898084724028","-7.4497165393485645","-7.4497165393485645","-7.4497165393485645","-5.843590551215323","-5.843590551215323","-5.843590551215323","-6.931560387702648","-6.931560387702648","-6.931560387702648","-7.830970673079544","-7.830970673079544","-7.830970673079544","-6.85519667025702","-6.85519667025702","-6.85519667025702","-7.690169554941077","-7.690169554941077","-7.690169554941077","-9.304192714961154","-9.304192714961154","-9.304192714961154","-6.73719164840908","-6.73719164840908","-6.73719164840908","-7.710015327386188","-7.710015327386188","-7.710015327386188","-10.298443208760004","-10.298443208760004","-10.298443208760004","-10.12541025208203","-10.12541025208203","-10.12541025208203","-6.568707968481189","-6.568707968481189","-6.568707968481189","-6.999726573707458","-6.999726573707458","-6.999726573707458","-10.087321583175276","-10.087321583175276","-10.087321583175276","-5.597533435215883","-5.597533435215883","-5.597533435215883","-7.918070102083424","-7.918070102083424","-7.918070102083424"
"6000","-15.57892926801712","-15.57892926801712","-15.57892926801712","-23.65652627774707","-23.65652627774707","-23.65652627774707","-4.716054861022448","-4.716054861022448","-4.716054861022448","-9.002698727911435","-9.002698727911435","-9.002698727911435","-11.208164620595273","-11.208164620595273","-11.208164620595273","-8.90263951921003","-8.90263951921003","-8.90263951921003","-8.69954989993458","-8.69954989993458","-8.69954989993458","-7.104826839423682","-7.104826839423682","-7.104826839423682","-3.2865012955670694","-3.2865012955670694","-3.2865012955670694","-4.015325576288976","-4.015325576288976","-4.015325576288976","-9.03543413322241","-9.03543413322241","-9.03543413322241","-4.522288149386255","-4.522288149386255","-4.522288149386255","-6.9995426726725185","-6.9995426726725185","-6.9995426726725185","-7.959136493933822","-7.959136493933822","-7.959136493933822","-12.042375254746919","-12.042375254746919","-12.042375254746919","-4.029910786248174","-4.029910786248174","-4.029910786248174","-5.42014708096452","-5.42014708096452","-5.42014708096452","-7.906494347928847","-7.906494347928847","-7.906494347928847","-5.110594639896793","-5.110594639896793","-5.110594639896793","-7.338094121115236","-7.338094121115236","-7.338094121115236"
"6500","-9.06952908659224","-9.06952908659224","-9.06952908659224","-13.724096112081082","-13.724096112081082","-13.724096112081082","-9.637456583651055","-9.637456583651055","-9.637456583651055","-9.499991043435474","-9.499991043435474","-9.499991043435474","-3.821548436811038","-3.821548436811038","-3.821548436811038","-4.724885185251772","-4.724885185251772","-4.724885185251772","-8.142114509691273","-8.142114509691273","-8.142114509691273","-6.691017292402728","-6.691017292402728","-6.691017292402728","-6.083878546809837","-6.083878546809837","-6.083878546809837","-3.3103351745108442","-3.3103351745108442","-3.3103351745108442","-6.395093882425001","-6.395093882425001","-6.395093882425001","-4.1858501027509805","-4.1858501027509805","-4.1858501027509805","-5.123239864493926","-5.123239864493926","-5.123239864493926","-14.931550191310581","-14.931550191310581","-14.931550191310581","-12.640512860767227","-12.640512860767227","-12.640512860767227","-3.170485726707902","-3.170485726707902","-3.170485726707902","-5.048550966481804","-5.048550966481804","-5.048550966481804","-4.275832403160408","-4.275832403160408","-4.275832403160408","-4.614326140087499","-4.614326140087499","-4.614326140087499","-6.798782906524769","-6.798782906524769","-6.798782906524769"
"7000","-9.046320356123775","-9.046320356123775","-9.046320356123775","-9.089381700754178","-9.089381700754178","-9.089381700754178","-8.232885741057867","-8.232885741057867","-8.232885741057867","-6.961265855720997","-6.961265855720997","-6.961265855720997","-3.4538497489521527","-3.4538497489521527","-3.4538497489521527","-5.812756640015713","-5.812756640015713","-5.812756640015713","-5.003752833250949","-5.003752833250949","-5.003752833250949","-5.106471529775787","-5.106471529775787","-5.106471529775787","-6.335099816014489","-6.335099816014489","-6.335099816014489","-3.0133902684311833","-3.0133902684311833","-3.0133902684311833","-9.36597617221391","-9.36597617221391","-9.36597617221391","-6.8930888870448594","-6.8930888870448594","-6.8930888870448594","-5.144773804033235","-5.144773804033235","-5.144773804033235","-13.266173948166164","-13.266173948166164","-13.266173948166164","-6.140142395071592","-6.140142395071592","-6.140142395071592","-3.6876712739746567","-3.6876712739746567","-3.6876712739746567","-3.973900405058868","-3.973900405058868","-3.973900405058868","-6.473570188201141","-6.473570188201141","-6.473570188201141","-5.269152121019564","-5.269152121019564","-5.269152121019564","-6.89033335802724","-6.89033335802724","-6.89033335802724"
"7500","-9.901287156682027","-9.901287156682027","-9.901287156682027","-11.0878620182956","-11.0878620182956","-11.0878620182956","-6.0125395228100915","-6.0125395228100915","-6.0125395228100915","-6.058815126029157","-6.058815126029157","-6.058815126029157","-4.019485233950654","-4.019485233950654","-4.019485233950654","-4.147420102618513","-4.147420102618513","-4.147420102618513","-4.277609081154518","-4.277609081154518","-4.277609081154518","-6.51487931614785","-6.51487931614785","-6.51487931614785","-5.4778935144293275","-5.4778935144293275","-5.4778935144293275","-5.323510596686306","-5.323510596686306","-5.323510596686306","-5.759415128234366","-5.759415128234366","-5.759415128234366","-6.187423982351204","-6.187423982351204","-6.187423982351204","-4.080068903128799","-4.080068903128799","-4.080068903128799","-8.247445213522285","-8.247445213522285","-8.247445213522285","-10.680470349426757","-10.680470349426757","-10.680470349426757","-4.4774127346853385","-4.4774127346853385","-4.4774127346853385","-4.1079495977491165","-4.1079495977491165","-4.1079495977491165","-6.031518451281157","-6.031518451281157","-6.031518451281157","-3.4148600599417946","-3.4148600599417946","-3.4148600599417946","-4.631857423814889","-4.631857423814889","-4.631857423814889"
"8000","-6.9780098842313025","-6.9780098842313025","-6.9780098842313025","-9.237891241051615","-9.237891241051615","-9.237891241051615","-8.78023231783924","-8.78023231783924","-8.78023231783924","-6.617789518974201","-6.617789518974201","-6.617789518974201","-6.217864876241081","-6.217864876241081","-6.217864876241081","-4.032891706095344","-4.032891706095344","-4.032891706095344","-4.324626269211857","-4.324626269211857","-4.324626269211857","-5.228655610517352","-5.228655610517352","-5.228655610517352","-6.417444585581833","-6.417444585581833","-6.417444585581833","-4.122327377149216","-4.122327377149216","-4.122327377149216","-4.546241853019073","-4.546241853019073","-4.546241853019073","-4.228095330304405","-4.228095330304405","-4.228095330304405","-3.9541108928726865","-3.9541108928726865","-3.9541108928726865","-7.500614368987368","-7.500614368987368","-7.500614368987368","-6.67747827851476","-6.67747827851476","-6.67747827851476","-3.0459272743731463","-3.0459272743731463","-3.0459272743731463","-4.598117636420751","-4.598117636420751","-4.598117636420751","-5.319317631515885","-5.319317631515885","-5.319317631515885","-4.09841344190923","-4.09841344190923","-4.09841344190923","-7.449605295655715","-7.449605295655715","-7.449605295655715"
"8500","-5.794062065090605","-5.794062065090605","-5.794062065090605","-7.974862849315864","-7.974862849315864","-7.974862849315864","-3.592712747974603","-3.592712747974603","-3.592712747974603","-8.607521514898721","-8.607521514898721","-8.607521514898721","-4.868225997410906","-4.868225997410906","-4.868225997410906","-5.722235181565307","-5.722235181565307","-5.722235181565307","-5.082988632062232","-5.082988632062232","-5.082988632062232","-7.154179708966282","-7.154179708966282","-7.154179708966282","-6.335090632468391","-6.335090632468391","-6.335090632468391","-4.0310666915714775","-4.0310666915714775","-4.0310666915714775","-5.050176027338386","-5.050176027338386","-5.050176027338386","-7.217473500043934","-7.217473500043934","-7.217473500043934","-3.5911963345641085","-3.5911963345641085","-3.5911963345641085","-7.811273506917997","-7.811273506917997","-7.811273506917997","-6.0459379906615425","-6.0459379906615425","-6.0459379906615425","-4.617927654991201","-4.617927654991201","-4.617927654991201","-2.990122998293041","-2.990122998293041","-2.990122998293041","-5.6372037419363865","-5.6372037419363865","-5.6372037419363865","-5.121299769661185","-5.121299769661185","-5.121299769661185","-5.092190217291498","-5.092190217291498","-5.092190217291498"
"9000","-6.04468332127801","-6.04468332127801","-6.04468332127801","-8.236773098587852","-8.236773098587852","-8.236773098587852","-4.325692488654129","-4.325692488654129","-4.325692488654129","-8.274989063065329","-8.274989063065329","-8.274989063065329","-5.672638121721895","-5.672638121721895","-5.672638121721895","-4.428091719027083","-4.428091719027083","-4.428091719027083","-3.5932573014942157","-3.5932573014942157","-3.5932573014942157","-5.278645498674769","-5.278645498674769","-5.278645498674769","-5.316728188545852","-5.316728188545852","-5.316728188545852","-6.5614988226564765","-6.5614988226564765","-6.5614988226564765","-3.892223887422822","-3.892223887422822","-3.892223887422822","-4.628600237011059","-4.628600237011059","-4.628600237011059","-3.0472005208987314","-3.0472005208987314","-3.0472005208987314","-7.503401392308777","-7.503401392308777","-7.503401392308777","-7.014477224683754","-7.014477224683754","-7.014477224683754","-3.644942469641999","-3.644942469641999","-3.644942469641999","-3.4074328145436623","-3.4074328145436623","-3.4074328145436623","-4.642916021653457","-4.642916021653457","-4.642916021653457","-4.2854190137742565","-4.2854190137742565","-4.2854190137742565","-5.817163436806975","-5.817163436806975","-5.817163436806975"
"9500","-6.673688902484196","-6.673688902484196","-6.673688902484196","-6.62109274629714","-6.62109274629714","-6.62109274629714","-5.165257416257527","-5.165257416257527","-5.165257416257527","-5.119828050326494","-5.119828050326494","-5.119828050326494","-5.091697052869993","-5.091697052869993","-5.091697052869993","-5.335216396246655","-5.335216396246655","-5.335216396246655","-3.578567231251026","-3.578567231251026","-3.578567231251026","-5.233802882486807","-5.233802882486807","-5.233802882486807","-5.783030769198261","-5.783030769198261","-5.783030769198261","-5.414247738282555","-5.414247738282555","-5.414247738282555","-5.022918895969809","-5.022918895969809","-5.022918895969809","-5.330983226470467","-5.330983226470467","-5.330983226470467","-3.3276329072327555","-3.3276329072327555","-3.3276329072327555","-4.9888792564959275","-4.9888792564959275","-4.9888792564959275","-5.9470083699848315","-5.9470083699848315","-5.9470083699848315","-4.161516474086778","-4.161516474086778","-4.161516474086778","-3.6507300386321027","-3.6507300386321027","-3.6507300386321027","-5.510088696195659","-5.510088696195659","-5.510088696195659","-4.270688560889537","-4.270688560889537","-4.270688560889537","-4.462575004690332","-4.462575004690332","-4.462575004690332"
"10000","-4.396108164570212","-4.396108164570212","-4.396108164570212","-6.535107799522367","-6.535107799522367","-6.535107799522367","-4.597146988128801","-4.597146988128801","-4.597146988128801","-5.039259548818811","-5.039259548818811","-5.039259548818811","-5.044423635938353","-5.044423635938353","-5.044423635938353","-5.132270933132525","-5.132270933132525","-5.132270933132525","-5.6297846027677965","-5.6297846027677965","-5.6297846027677965","-5.284191856209505","-5.284191856209505","-5.284191856209505","-4.816546769415729","-4.816546769415729","-4.816546769415729","-4.854992864344367","-4.854992864344367","-4.854992864344367","-4.553467911476313","-4.553467911476313","-4.553467911476313","-2.9268274021088625","-2.9268274021088625","-2.9268274021088625","-4.306830963944005","-4.306830963944005","-4.306830963944005","-5.458662865271352","-5.458662865271352","-5.458662865271352","-6.595718451976353","-6.595718451976353","-6.595718451976353","-2.6558901388232736","-2.6558901388232736","-2.6558901388232736","-3.3998433736363864","-3.3998433736363864","-3.3998433736363864","-4.636560165428174","-4.636560165428174","-4.636560165428174","-4.103957111064124","-4.103957111064124","-4.103957111064124","-7.258349996965528","-7.258349996965528","-7.258349996965528"
"10500","-3.9874441886881087","-3.9874441886881087","-3.9874441886881087","-5.6213067859521","-5.6213067859521","-5.6213067859521","-4.212312415567014","-4.212312415567014","-4.212312415567014","-4.757555489790071","-4.757555489790071","-4.757555489790071","-4.521989013002367","-4.521989013002367","-4.521989013002367","-6.1322622265903215","-6.1322622265903215","-6.1322622265903215","-3.026593203275077","-3.026593203275077","-3.026593203275077","-5.564222649620072","-5.564222649620072","-5.564222649620072","-4.3573646872985075","-4.3573646872985075","-4.3573646872985075","-4.8304072770757385","-4.8304072770757385","-4.8304072770757385","-5.230163779878932","-5.230163779878932","-5.230163779878932","-2.946794320550736","-2.946794320550736","-2.946794320550736","-3.3918578149060523","-3.3918578149060523","-3.3918578149060523","-6.954346465244498","-6.954346465244498","-6.954346465244498","-6.54109973943702","-6.54109973943702","-6.54109973943702","-2.659151268368117","-2.659151268368117","-2.659151268368117","-3.3349807466946237","-3.3349807466946237","-3.3349807466946237","-3.9400393077251117","-3.9400393077251117","-3.9400393077251117","-3.3646947568966494","-3.3646947568966494","-3.3646947568966494","-4.565995213594868","-4.565995213594868","-4.565995213594868"
"11000","-4.776508483116149","-4.776508483116149","-4.776508483116149","-5.6228041954565","-5.6228041954565","-5.6228041954565","-2.123593383361801","-2.123593383361801","-2.123593383361801","-4.177097795024138","-4.177097795024138","-4.177097795024138","-4.712264075653823","-4.712264075653823","-4.712264075653823","-3.3532248023340783","-3.3532248023340783","-3.3532248023340783","-2.658812783479024","-2.658812783479024","-2.658812783479024","-4.5378058212638575","-4.5378058212638575","-4.5378058212638575","-4.032900147747483","-4.032900147747483","-4.032900147747483","-4.68610314069294","-4.68610314069294","-4.68610314069294","-5.6050887299842005","-5.6050887299842005","-5.6050887299842005","-3.6279061902506955","-3.6279061902506955","-3.6279061902506955","-3.1866276540426264","-3.1866276540426264","-3.1866276540426264","-5.060213145012139","-5.060213145012139","-5.060213145012139","-4.545766589765646","-4.545766589765646","-4.545766589765646","-2.954680019037711","-2.954680019037711","-2.954680019037711","-3.5029981160737007","-3.5029981160737007","-3.5029981160737007","-5.531945062667219","-5.531945062667219","-5.531945062667219","-5.184605119973684","-5.184605119973684","-5.184605119973684","-3.841255275078539","-3.841255275078539","-3.841255275078539"
"11500","-4.9102082776747675","-4.9102082776747675","-4.9102082776747675","-5.296459251416979","-5.296459251416979","-5.296459251416979","-2.487870579692555","-2.487870579692555","-2.487870579692555","-4.054068005988894","-4.054068005988894","-4.054068005988894","-4.192618790766513","-4.192618790766513","-4.192618790766513","-3.6778953585104714","-3.6778953585104714","-3.6778953585104714","-3.0229630292103975","-3.0229630292103975","-3.0229630292103975","-4.719391607991391","-4.719391607991391","-4.719391607991391","-4.7825732010092965","-4.7825732010092965","-4.7825732010092965","-3.4450505529357778","-3.4450505529357778","-3.4450505529357778","-4.867680237249953","-4.867680237249953","-4.867680237249953","-2.768329057273302","-2.768329057273302","-2.768329057273302","-3.3413038958023775","-3.3413038958023775","-3.3413038958023775","-5.201014900074975","-5.201014900074975","-5.201014900074975","-5.320428347433261","-5.320428347433261","-5.320428347433261","-2.8158791268917125","-2.8158791268917125","-2.8158791268917125","-2.5098961714048866","-2.5098961714048866","-2.5098961714048866","-4.375838505949578","-4.375838505949578","-4.375838505949578","-3.7401322658496214","-3.7401322658496214","-3.7401322658496214","-4.180922652343175","-4.180922652343175","-4.180922652343175"
"12000","-3.7736218325107975","-3.7736218325107975","-3.7736218325107975","-4.662861000985379","-4.662861000985379","-4.662861000985379","-4.903435716538943","-4.903435716538943","-4.903435716538943","-4.822409614095961","-4.822409614095961","-4.822409614095961","-4.961564912658671","-4.961564912658671","-4.961564912658671","-3.618352472820862","-3.618352472820862","-3.618352472820862","-3.3988183801032124","-3.3988183801032124","-3.3988183801032124","-4.732068109340652","-4.732068109340652","-4.732068109340652","-3.3336580180829545","-3.3336580180829545","-3.3336580180829545","-3.954582476090144","-3.954582476090144","-3.954582476090144","-4.212344010995118","-4.212344010995118","-4.212344010995118","-3.1284187747404264","-3.1284187747404264","-3.1284187747404264","-2.9358528238581383","-2.9358528238581383","-2.9358528238581383","-4.406070089527146","-4.406070089527146","-4.406070089527146","-5.188382556208739","-5.188382556208739","-5.188382556208739","-3.3650659308417374","-3.3650659308417374","-3.3650659308417374","-2.754161799112603","-2.754161799112603","-2.754161799112603","-3.828741250959786","-3.828741250959786","-3.828741250959786","-6.342968526403473","-6.342968526403473","-6.342968526403473","-3.250848094731853","-3.250848094731853","-3.250848094731853"
"12500","-4.020286622823116","-4.020286622823116","-4.020286622823116","-4.581795751736395","-4.581795751736395","-4.581795751736395","-2.806609626247713","-2.806609626247713","-2.806609626247713","-4.614133648587536","-4.614133648587536","-4.614133648587536","-4.176613410366793","-4.176613410366793","-4.176613410366793","-4.047012339256634","-4.047012339256634","-4.047012339256634","-3.819479409882338","-3.819479409882338","-3.819479409882338","-4.319032377263898","-4.319032377263898","-4.319032377263898","-3.601947391781219","-3.601947391781219","-3.601947391781219","-3.2940440144964733","-3.2940440144964733","-3.2940440144964733","-5.382947514533674","-5.382947514533674","-5.382947514533674","-2.7382830366925157","-2.7382830366925157","-2.7382830366925157","-2.9649831621671154","-2.9649831621671154","-2.9649831621671154","-5.418826648599099","-5.418826648599099","-5.418826648599099","-5.967239603924677","-5.967239603924677","-5.967239603924677","-2.5031828742070577","-2.5031828742070577","-2.5031828742070577","-3.181469211490271","-3.181469211490271","-3.181469211490271","-3.4270415165858426","-3.4270415165858426","-3.4270415165858426","-4.322882998000774","-4.322882998000774","-4.322882998000774","-4.869958731520946","-4.869958731520946","-4.869958731520946"
"13000","-4.46184718456434","-4.46184718456434","-4.46184718456434","-4.249444699205794","-4.249444699205794","-4.249444699205794","-3.2666274210869495","-3.2666274210869495","-3.2666274210869495","-4.592402531367945","-4.592402531367945","-4.592402531367945","-6.273180740046638","-6.273180740046638","-6.273180740046638","-2.967305572031562","-2.967305572031562","-2.967305572031562","-5.1453965001365995","-5.1453965001365995","-5.1453965001365995","-4.311905763963288","-4.311905763963288","-4.311905763963288","-3.384687253786965","-3.384687253786965","-3.384687253786965","-3.6133418012044203","-3.6133418012044203","-3.6133418012044203","-4.978012805863544","-4.978012805863544","-4.978012805863544","-3.8824164640710586","-3.8824164640710586","-3.8824164640710586","-4.515740789989676","-4.515740789989676","-4.515740789989676","-4.194747488980282","-4.194747488980282","-4.194747488980282","-5.69647903099583","-5.69647903099583","-5.69647903099583","-2.4371915122466636","-2.4371915122466636","-2.4371915122466636","-2.265354403816617","-2.265354403816617","-2.265354403816617","-4.566734441358437","-4.566734441358437","-4.566734441358437","-3.407562776319512","-3.407562776319512","-3.407562776319512","-3.709518140424507","-3.709518140424507","-3.709518140424507"
"13500","-4.029498925615338","-4.029498925615338","-4.029498925615338","-4.800842413093173","-4.800842413093173","-4.800842413093173","-3.082889638332751","-3.082889638332751","-3.082889638332751","-4.568520857174418","-4.568520857174418","-4.568520857174418","-4.369849847647883","-4.369849847647883","-4.369849847647883","-2.683696305543501","-2.683696305543501","-2.683696305543501","-2.3586473247621758","-2.3586473247621758","-2.3586473247621758","-3.7968673046222414","-3.7968673046222414","-3.7968673046222414","-3.672150116251713","-3.672150116251713","-3.672150116251713","-2.9709901877278684","-2.9709901877278684","-2.9709901877278684","-5.14885003461743","-5.14885003461743","-5.14885003461743","-3.400604859963001","-3.400604859963001","-3.400604859963001","-2.714348711473248","-2.714348711473248","-2.714348711473248","-3.9025986220456113","-3.9025986220456113","-3.9025986220456113","-3.8205863506756943","-3.8205863506756943","-3.8205863506756943","-2.936167111822659","-2.936167111822659","-2.936167111822659","-2.8390258386446603","-2.8390258386446603","-2.8390258386446603","-4.825413007869619","-4.825413007869619","-4.825413007869619","-5.324811559176977","-5.324811559176977","-5.324811559176977","-2.7316601773214946","-2.7316601773214946","-2.7316601773214946"
"14000","-3.302288289171358","-3.302288289171358","-3.302288289171358","-4.017923572479146","-4.017923572479146","-4.017923572479146","-3.74141173457942","-3.74141173457942","-3.74141173457942","-5.121242889811018","-5.121242889811018","-5.121242889811018","-4.6603727115044515","-4.6603727115044515","-4.6603727115044515","-2.713342111803258","-2.713342111803258","-2.713342111803258","-2.8285443102623757","-2.8285443102623757","-2.8285443102623757","-4.21174177585782","-4.21174177585782","-4.21174177585782","-3.847212224105797","-3.847212224105797","-3.847212224105797","-4.090598376584822","-4.090598376584822","-4.090598376584822","-6.163087169328933","-6.163087169328933","-6.163087169328933","-2.8407161338910507","-2.8407161338910507","-2.8407161338910507","-2.543134071153731","-2.543134071153731","-2.543134071153731","-4.7970293447038825","-4.7970293447038825","-4.7970293447038825","-4.358213888102984","-4.358213888102984","-4.358213888102984","-1.8793206738243171","-1.8793206738243171","-1.8793206738243171","-2.2368769677127043","-2.2368769677127043","-2.2368769677127043","-3.3067468215994453","-3.3067468215994453","-3.3067468215994453","-4.795821441698925","-4.795821441698925","-4.795821441698925","-4.468528026138906","-4.468528026138906","-4.468528026138906"
"14500","-4.2814125339333655","-4.2814125339333655","-4.2814125339333655","-4.175461659744468","-4.175461659744468","-4.175461659744468","-3.2643210564917444","-3.2643210564917444","-3.2643210564917444","-5.867397894928425","-5.867397894928425","-5.867397894928425","-4.1340710166753505","-4.1340710166753505","-4.1340710166753505","-2.4633594685553155","-2.4633594685553155","-2.4633594685553155","-2.9059390671795944","-2.9059390671795944","-2.9059390671795944","-4.261921656739062","-4.261921656739062","-4.261921656739062","-3.7898110668085905","-3.7898110668085905","-3.7898110668085905","-2.7715482486657117","-2.7715482486657117","-2.7715482486657117","-5.804736881554289","-5.804736881554289","-5.804736881554289","-3.116205944574084","-3.116205944574084","-3.116205944574084","-3.1961883069864965","-3.1961883069864965","-3.1961883069864965","-5.654449840024673","-5.654449840024673","-5.654449840024673","-4.052483174117453","-4.052483174117453","-4.052483174117453","-2.5897229861824522","-2.5897229861824522","-2.5897229861824522","-2.7195284801710082","-2.7195284801710082","-2.7195284801710082","-5.000906027219802","-5.000906027219802","-5.000906027219802","-2.854148750314325","-2.854148750314325","-2.854148750314325","-3.0228329392993363","-3.0228329392993363","-3.0228329392993363"
"15000","-4.389003811965994","-4.389003811965994","-4.389003811965994","-4.8966938226302705","-4.8966938226302705","-4.8966938226302705","-3.8612403852102894","-3.8612403852102894","-3.8612403852102894","-5.627415299089146","-5.627415299089146","-5.627415299089146","-3.8741831456241074","-3.8741831456241074","-3.8741831456241074","-4.49571915628733","-4.49571915628733","-4.49571915628733","-3.034994190822645","-3.034994190822645","-3.034994190822645","-4.307581400490678","-4.307581400490678","-4.307581400490678","-3.3108952402446734","-3.3108952402446734","-3.3108952402446734","-6.174999612861191","-6.174999612861191","-6.174999612861191","-5.441531464905113","-5.441531464905113","-5.441531464905113","-2.7929280732897737","-2.7929280732897737","-2.7929280732897737","-1.8265202444242399","-1.8265202444242399","-1.8265202444242399","-5.422662902592495","-5.422662902592495","-5.422662902592495","-3.415352091395083","-3.415352091395083","-3.415352091395083","-3.961924756847022","-3.961924756847022","-3.961924756847022","-3.624613734197316","-3.624613734197316","-3.624613734197316","-4.018060167689231","-4.018060167689231","-4.018060167689231","-3.382945275718378","-3.382945275718378","-3.382945275718378","-3.093396047629921","-3.093396047629921","-3.093396047629921"
"15500","-5.905174585984875","-5.905174585984875","-5.905174585984875","-4.912539310589414","-4.912539310589414","-4.912539310589414","-4.620150564914696","-4.620150564914696","-4.620150564914696","-5.052678467708438","-5.052678467708438","-5.052678467708438","-4.108954485544709","-4.108954485544709","-4.108954485544709","-3.5050830798611914","-3.5050830798611914","-3.5050830798611914","-3.4365115754627418","-3.4365115754627418","-3.4365115754627418","-4.827902479893261","-4.827902479893261","-4.827902479893261","-3.3610601482129603","-3.3610601482129603","-3.3610601482129603","-4.783923984479342","-4.783923984479342","-4.783923984479342","-4.349401632427911","-4.349401632427911","-4.349401632427911","-2.913004267106232","-2.913004267106232","-2.913004267106232","-3.327673166958212","-3.327673166958212","-3.327673166958212","-4.356089355644681","-4.356089355644681","-4.356089355644681","-2.636986937527587","-2.636986937527587","-2.636986937527587","-2.22533080599191","-2.22533080599191","-2.22533080599191","-3.373425845073284","-3.373425845073284","-3.373425845073284","-4.784866345626511","-4.784866345626511","-4.784866345626511","-5.6895174556509955","-5.6895174556509955","-5.6895174556509955","-3.0393054315719454","-3.0393054315719454","-3.0393054315719454"
"16000","-4.285916641207721","-4.285916641207721","-4.285916641207721","-3.6718009802763967","-3.6718009802763967","-3.6718009802763967","-2.0845169482542265","-2.0845169482542265","-2.0845169482542265","-4.533169712397486","-4.533169712397486","-4.533169712397486","-4.562734466273146","-4.562734466273146","-4.562734466273146","-3.4865543138223516","-3.4865543138223516","-3.4865543138223516","-2.796838761798012","-2.796838761798012","-2.796838761798012","-3.7799547891569327","-3.7799547891569327","-3.7799547891569327","-4.149477554623283","-4.149477554623283","-4.149477554623283","-3.104452521368542","-3.104452521368542","-3.104452521368542","-3.7237349705031457","-3.7237349705031457","-3.7237349705031457","-3.707614911796495","-3.707614911796495","-3.707614911796495","-2.6047801060773232","-2.6047801060773232","-2.6047801060773232","-5.878119487951767","-5.878119487951767","-5.878119487951767","-2.293665767600687","-2.293665767600687","-2.293665767600687","-2.349163674037721","-2.349163674037721","-2.349163674037721","-3.7428369126802634","-3.7428369126802634","-3.7428369126802634","-4.127919269123748","-4.127919269123748","-4.127919269123748","-3.646627962764468","-3.646627962764468","-3.646627962764468","-2.092945842098151","-2.092945842098151","-2.092945842098151"
"16500","-5.199466787058512","-5.199466787058512","-5.199466787058512","-4.726695555165771","-4.726695555165771","-4.726695555165771","-2.329594910337896","-2.329594910337896","-2.329594910337896","-3.2867169958484723","-3.2867169958484723","-3.2867169958484723","-3.152447097036475","-3.152447097036475","-3.152447097036475","-3.636978066411556","-3.636978066411556","-3.636978066411556","-2.514233588265022","-2.514233588265022","-2.514233588265022","-3.7546442354484326","-3.7546442354484326","-3.7546442354484326","-4.5448690703281445","-4.5448690703281445","-4.5448690703281445","-2.898981206429705","-2.898981206429705","-2.898981206429705","-4.76035793784647","-4.76035793784647","-4.76035793784647","-3.646502972949821","-3.646502972949821","-3.646502972949821","-2.78961014635523","-2.78961014635523","-2.78961014635523","-4.486770508184663","-4.486770508184663","-4.486770508184663","-2.5930007819889087","-2.5930007819889087","-2.5930007819889087","-2.4473607442118177","-2.4473607442118177","-2.4473607442118177","-2.1943779863650836","-2.1943779863650836","-2.1943779863650836","-5.188863152674733","-5.188863152674733","-5.188863152674733","-5.718099975905018","-5.718099975905018","-5.718099975905018","-2.046098210266515","-2.046098210266515","-2.046098210266515"
"17000","-4.899964790294568","-4.899964790294568","-4.899964790294568","-4.00639307716005","-4.00639307716005","-4.00639307716005","-5.655136774020283","-5.655136774020283","-5.655136774020283","-4.083974547136837","-4.083974547136837","-4.083974547136837","-3.0913447664840867","-3.0913447664840867","-3.0913447664840867","-2.800812277893283","-2.800812277893283","-2.800812277893283","-2.1277266765500378","-2.1277266765500378","-2.1277266765500378","-3.9443435155459623","-3.9443435155459623","-3.9443435155459623","-3.4558045648532727","-3.4558045648532727","-3.4558045648532727","-2.321829296527242","-2.321829296527242","-2.321829296527242","-3.2807407600774434","-3.2807407600774434","-3.2807407600774434","-4.336024438238816","-4.336024438238816","-4.336024438238816","-2.194078666707468","-2.194078666707468","-2.194078666707468","-3.6358298313225603","-3.6358298313225603","-3.6358298313225603","-4.165567435164771","-4.165567435164771","-4.165567435164771","-1.9989978754888895","-1.9989978754888895","-1.9989978754888895","-3.0758678052395854","-3.0758678052395854","-3.0758678052395854","-3.277449744936323","-3.277449744936323","-3.277449744936323","-4.271902226070953","-4.271902226070953","-4.271902226070953","-1.723250944737157","-1.723250944737157","-1.723250944737157"
"17500","-5.005294818651086","-5.005294818651086","-5.005294818651086","-3.4484793324084437","-3.4484793324084437","-3.4484793324084437","-3.2719914465835713","-3.2719914465835713","-3.2719914465835713","-7.42829506987024","-7.42829506987024","-7.42829506987024","-3.0064852576265215","-3.0064852576265215","-3.0064852576265215","-6.2367258886402634","-6.2367258886402634","-6.2367258886402634","-3.4618507368151015","-3.4618507368151015","-3.4618507368151015","-3.52041042925591","-3.52041042925591","-3.52041042925591","-3.6267495273972217","-3.6267495273972217","-3.6267495273972217","-3.1820720223782315","-3.1820720223782315","-3.1820720223782315","-2.5980312500778995","-2.5980312500778995","-2.5980312500778995","-3.225191509703336","-3.225191509703336","-3.225191509703336","-2.061672650304286","-2.061672650304286","-2.061672650304286","-3.294946583373629","-3.294946583373629","-3.294946583373629","-3.6776469648488925","-3.6776469648488925","-3.6776469648488925","-2.9936690949815317","-2.9936690949815317","-2.9936690949815317","-1.7194047210156693","-1.7194047210156693","-1.7194047210156693","-3.796987824644829","-3.796987824644829","-3.796987824644829","-4.757634023546342","-4.757634023546342","-4.757634023546342","-1.74253583932666","-1.74253583932666","-1.74253583932666"
"18000","-4.487312289090385","-4.487312289090385","-4.487312289090385","-3.184512096486219","-3.184512096486219","-3.184512096486219","-2.9932406717140316","-2.9932406717140316","-2.9932406717140316","-3.163824771705483","-3.163824771705483","-3.163824771705483","-2.62882966993184","-2.62882966993184","-2.62882966993184","-4.727558980234649","-4.727558980234649","-4.727558980234649","-2.995756696545844","-2.995756696545844","-2.995756696545844","-4.004095294452865","-4.004095294452865","-4.004095294452865","-3.5877533966998953","-3.5877533966998953","-3.5877533966998953","-2.3925331256918367","-2.3925331256918367","-2.3925331256918367","-3.216379822786871","-3.216379822786871","-3.216379822786871","-5.6609667015564655","-5.6609667015564655","-5.6609667015564655","-2.015147234051239","-2.015147234051239","-2.015147234051239","-3.422755900892959","-3.422755900892959","-3.422755900892959","-3.451995023770357","-3.451995023770357","-3.451995023770357","-2.9895006585862878","-2.9895006585862878","-2.9895006585862878","-2.013815873504595","-2.013815873504595","-2.013815873504595","-3.6799762749531775","-3.6799762749531775","-3.6799762749531775","-4.097086560811512","-4.097086560811512","-4.097086560811512","-2.3284682619206913","-2.3284682619206913","-2.3284682619206913"
"18500","-3.995816846429394","-3.995816846429394","-3.995816846429394","-5.127569445895729","-5.127569445895729","-5.127569445895729","-3.765572710167297","-3.765572710167297","-3.765572710167297","-3.8810638359397323","-3.8810638359397323","-3.8810638359397323","-2.7562180941042755","-2.7562180941042755","-2.7562180941042755","-3.182367587096438","-3.182367587096438","-3.182367587096438","-3.578990563981769","-3.578990563981769","-3.578990563981769","-3.2918083050723284","-3.2918083050723284","-3.2918083050723284","-4.1392859706301035","-4.1392859706301035","-4.1392859706301035","-2.955630957079579","-2.955630957079579","-2.955630957079579","-3.74397685213887","-3.74397685213887","-3.74397685213887","-4.397396951343639","-4.397396951343639","-4.397396951343639","-3.010319923094306","-3.010319923094306","-3.010319923094306","-4.28347013920868","-4.28347013920868","-4.28347013920868","-5.462467253677149","-5.462467253677149","-5.462467253677149","-2.8883498309496245","-2.8883498309496245","-2.8883498309496245","-2.80439682401055","-2.80439682401055","-2.80439682401055","-3.58414939454295","-3.58414939454295","-3.58414939454295","-2.067012978101831","-2.067012978101831","-2.067012978101831","-2.1882722225171385","-2.1882722225171385","-2.1882722225171385"
"19000","-4.7720819621975386","-4.7720819621975386","-4.7720819621975386","-4.979390728381184","-4.979390728381184","-4.979390728381184","-3.1036389705178897","-3.1036389705178897","-3.1036389705178897","-3.6523599673301574","-3.6523599673301574","-3.6523599673301574","-2.9177217796675956","-2.9177217796675956","-2.9177217796675956","-5.008449800519993","-5.008449800519993","-5.008449800519993","-3.734049176980463","-3.734049176980463","-3.734049176980463","-3.865496781750667","-3.865496781750667","-3.865496781750667","-4.985006681000259","-4.985006681000259","-4.985006681000259","-3.082349880784562","-3.082349880784562","-3.082349880784562","-3.6250819219993446","-3.6250819219993446","-3.6250819219993446","-4.152756992367932","-4.152756992367932","-4.152756992367932","-2.0087085735872225","-2.0087085735872225","-2.0087085735872225","-2.9545761070147223","-2.9545761070147223","-2.9545761070147223","-2.339783412865877","-2.339783412865877","-2.339783412865877","-2.6319827066539765","-2.6319827066539765","-2.6319827066539765","-2.2512334535699425","-2.2512334535699425","-2.2512334535699425","-2.5728663464887567","-2.5728663464887567","-2.5728663464887567","-3.1368908152763786","-3.1368908152763786","-3.1368908152763786","-2.069473674672053","-2.069473674672053","-2.069473674672053"
"19500","-5.253456695631026","-5.253456695631026","-5.253456695631026","-4.8275747260554684","-4.8275747260554684","-4.8275747260554684","-5.143822378340761","-5.143822378340761","-5.143822378340761","-3.499246606501631","-3.499246606501631","-3.499246606501631","-3.4067629347679955","-3.4067629347679955","-3.4067629347679955","-4.158367248565567","-4.158367248565567","-4.158367248565567","-3.316926344309035","-3.316926344309035","-3.316926344309035","-3.533764680201984","-3.533764680201984","-3.533764680201984","-3.1933196400878816","-3.1933196400878816","-3.1933196400878816","-2.757488812869122","-2.757488812869122","-2.757488812869122","-2.262165234304615","-2.262165234304615","-2.262165234304615","-4.392725822621144","-4.392725822621144","-4.392725822621144","-2.2275377227241444","-2.2275377227241444","-2.2275377227241444","-2.751595920344323","-2.751595920344323","-2.751595920344323","-3.3497462116983314","-3.3497462116983314","-3.3497462116983314","-2.48163924216997","-2.48163924216997","-2.48163924216997","-2.350565551183467","-2.350565551183467","-2.350565551183467","-2.6606291982628294","-2.6606291982628294","-2.6606291982628294","-2.0719786516706846","-2.0719786516706846","-2.0719786516706846","-1.7552762112650284","-1.7552762112650284","-1.7552762112650284"
"20000","-3.4448908573746273","-3.4448908573746273","-3.4448908573746273","-3.4867092129866704","-3.4867092129866704","-3.4867092129866704","-4.877775019855759","-4.877775019855759","-4.877775019855759","-3.3076630844497394","-3.3076630844497394","-3.3076630844497394","-2.7938331700627232","-2.7938331700627232","-2.7938331700627232","-3.5625737826900314","-3.5625737826900314","-3.5625737826900314","-3.0769152891115645","-3.0769152891115645","-3.0769152891115645","-4.268149977385239","-4.268149977385239","-4.268149977385239","-3.6636098798916334","-3.6636098798916334","-3.6636098798916334","-1.896605263550238","-1.896605263550238","-1.896605263550238","-2.3471866724793657","-2.3471866724793657","-2.3471866724793657","-4.006042174073784","-4.006042174073784","-4.006042174073784","-2.1928371985768442","-2.1928371985768442","-2.1928371985768442","-3.033915691108903","-3.033915691108903","-3.033915691108903","-4.044650624642077","-4.044650624642077","-4.044650624642077","-1.5567258494871912","-1.5567258494871912","-1.5567258494871912","-2.348508635011194","-2.348508635011194","-2.348508635011194","-2.587573711467419","-2.587573711467419","-2.587573711467419","-2.1023933979827873","-2.1023933979827873","-2.1023933979827873","-2.23695974257434","-2.23695974257434","-2.23695974257434"
"20500","-3.9723356365396705","-3.9723356365396705","-3.9723356365396705","-4.974770421275792","-4.974770421275792","-4.974770421275792","-6.136646471307029","-6.136646471307029","-6.136646471307029","-3.780098628757236","-3.780098628757236","-3.780098628757236","-3.109593701666275","-3.109593701666275","-3.109593701666275","-3.4733051622938627","-3.4733051622938627","-3.4733051622938627","-2.1135736551966073","-2.1135736551966073","-2.1135736551966073","-3.473354735612072","-3.473354735612072","-3.473354735612072","-2.5675590551737306","-2.5675590551737306","-2.5675590551737306","-4.631465299485231","-4.631465299485231","-4.631465299485231","-3.846318773234697","-3.846318773234697","-3.846318773234697","-3.1387594545078374","-3.1387594545078374","-3.1387594545078374","-2.5597579346110497","-2.5597579346110497","-2.5597579346110497","-2.70410485899315","-2.70410485899315","-2.70410485899315","-2.7385041663705953","-2.7385041663705953","-2.7385041663705953","-1.6415354043484343","-1.6415354043484343","-1.6415354043484343","-2.5324601203296693","-2.5324601203296693","-2.5324601203296693","-2.9967214626839405","-2.9967214626839405","-2.9967214626839405","-3.389998031121017","-3.389998031121017","-3.389998031121017","-2.33436875624128","-2.33436875624128","-2.33436875624128"
"21000","-3.000827638095825","-3.000827638095825","-3.000827638095825","-4.461820179315444","-4.461820179315444","-4.461820179315444","-4.295764308937305","-4.295764308937305","-4.295764308937305","-4.122136578985027","-4.122136578985027","-4.122136578985027","-2.298063315800598","-2.298063315800598","-2.298063315800598","-3.620990232421782","-3.620990232421782","-3.620990232421782","-2.3549698183107566","-2.3549698183107566","-2.3549698183107566","-3.371769016029751","-3.371769016029751","-3.371769016029751","-3.2532042086785884","-3.2532042086785884","-3.2532042086785884","-2.879660529639593","-2.879660529639593","-2.879660529639593","-2.955399638533735","-2.955399638533735","-2.955399638533735","-2.9452188993314063","-2.9452188993314063","-2.9452188993314063","-2.372335235528624","-2.372335235528624","-2.372335235528624","-3.1109560701491","-3.1109560701491","-3.1109560701491","-3.2206218787233296","-3.2206218787233296","-3.2206218787233296","-2.002451409510059","-2.002451409510059","-2.002451409510059","-1.847183090938104","-1.847183090938104","-1.847183090938104","-3.6128728536059946","-3.6128728536059946","-3.6128728536059946","-2.523046972287682","-2.523046972287682","-2.523046972287682","-2.160088971337137","-2.160088971337137","-2.160088971337137"
"21500","-2.596294402660293","-2.596294402660293","-2.596294402660293","-3.1016719037268095","-3.1016719037268095","-3.1016719037268095","-2.5449822298721108","-2.5449822298721108","-2.5449822298721108","-3.4764644537112326","-3.4764644537112326","-3.4764644537112326","-2.023462683448002","-2.023462683448002","-2.023462683448002","-3.137593257394637","-3.137593257394637","-3.137593257394637","-2.2016705695773373","-2.2016705695773373","-2.2016705695773373","-3.6726538466651215","-3.6726538466651215","-3.6726538466651215","-3.394271981679897","-3.394271981679897","-3.394271981679897","-2.443608167352969","-2.443608167352969","-2.443608167352969","-2.8529257359684705","-2.8529257359684705","-2.8529257359684705","-2.7140129865044633","-2.7140129865044633","-2.7140129865044633","-2.4168752258787767","-2.4168752258787767","-2.4168752258787767","-2.838848800338495","-2.838848800338495","-2.838848800338495","-3.491131952495704","-3.491131952495704","-3.491131952495704","-1.6102679593647984","-1.6102679593647984","-1.6102679593647984","-2.2887706577288855","-2.2887706577288855","-2.2887706577288855","-3.2344230396943674","-3.2344230396943674","-3.2344230396943674","-2.9271109105346818","-2.9271109105346818","-2.9271109105346818","-2.6251276085729365","-2.6251276085729365","-2.6251276085729365"
"22000","-3.065895875585771","-3.065895875585771","-3.065895875585771","-3.5339091585013733","-3.5339091585013733","-3.5339091585013733","-2.5809724360275412","-2.5809724360275412","-2.5809724360275412","-4.642922654142696","-4.642922654142696","-4.642922654142696","-1.9539623384165048","-1.9539623384165048","-1.9539623384165048","-3.93135405495997","-3.93135405495997","-3.93135405495997","-2.2541194517783865","-2.2541194517783865","-2.2541194517783865","-3.872736206079968","-3.872736206079968","-3.872736206079968","-2.6633538372636734","-2.6633538372636734","-2.6633538372636734","-2.8678774679726526","-2.8678774679726526","-2.8678774679726526","-2.8918009854697346","-2.8918009854697346","-2.8918009854697346","-2.7148906792582044","-2.7148906792582044","-2.7148906792582044","-2.568868447761222","-2.568868447761222","-2.568868447761222","-2.939616901357754","-2.939616901357754","-2.939616901357754","-3.48204454295224","-3.48204454295224","-3.48204454295224","-2.0622351006623387","-2.0622351006623387","-2.0622351006623387","-2.3464158481885264","-2.3464158481885264","-2.3464158481885264","-2.7961978872334528","-2.7961978872334528","-2.7961978872334528","-2.8268521433387432","-2.8268521433387432","-2.8268521433387432","-2.6922917003060904","-2.6922917003060904","-2.6922917003060904"
"22500","-3.6300090081746967","-3.6300090081746967","-3.6300090081746967","-4.422951302915815","-4.422951302915815","-4.422951302915815","-2.5629722639385997","-2.5629722639385997","-2.5629722639385997","-5.185400010814385","-5.185400010814385","-5.185400010814385","-1.6663649876484854","-1.6663649876484854","-1.6663649876484854","-3.606783792906936","-3.606783792906936","-3.606783792906936","-3.2267912674175867","-3.2267912674175867","-3.2267912674175867","-3.353056892211879","-3.353056892211879","-3.353056892211879","-2.262464007915933","-2.262464007915933","-2.262464007915933","-2.6788816270432485","-2.6788816270432485","-2.6788816270432485","-3.5139857535341803","-3.5139857535341803","-3.5139857535341803","-2.935288700976714","-2.935288700976714","-2.935288700976714","-2.338890385332534","-2.338890385332534","-2.338890385332534","-2.313947629472586","-2.313947629472586","-2.313947629472586","-2.8147136687408025","-2.8147136687408025","-2.8147136687408025","-2.1832620172146004","-2.1832620172146004","-2.1832620172146004","-2.4489923585516054","-2.4489923585516054","-2.4489923585516054","-1.527724635585734","-1.527724635585734","-1.527724635585734","-3.787215952350615","-3.787215952350615","-3.787215952350615","-2.2753986205208285","-2.2753986205208285","-2.2753986205208285"
"23000","-3.093899621060313","-3.093899621060313","-3.093899621060313","-3.776040794663892","-3.776040794663892","-3.776040794663892","-4.051786134309744","-4.051786134309744","-4.051786134309744","-4.430206632191682","-4.430206632191682","-4.430206632191682","-2.2727187583145882","-2.2727187583145882","-2.2727187583145882","-3.157878681113507","-3.157878681113507","-3.157878681113507","-2.3743122267230996","-2.3743122267230996","-2.3743122267230996","-4.105095745801787","-4.105095745801787","-4.105095745801787","-2.559698997687839","-2.559698997687839","-2.559698997687839","-2.4888438049980133","-2.4888438049980133","-2.4888438049980133","-2.4543519213973113","-2.4543519213973113","-2.4543519213973113","-2.5891696677240024","-2.5891696677240024","-2.5891696677240024","-2.0134609797768324","-2.0134609797768324","-2.0134609797768324","-2.1825046003409123","-2.1825046003409123","-2.1825046003409123","-3.910889567883686","-3.910889567883686","-3.910889567883686","-2.5505180184477845","-2.5505180184477845","-2.5505180184477845","-2.5004932816252716","-2.5004932816252716","-2.5004932816252716","-3.2718329118562037","-3.2718329118562037","-3.2718329118562037","-3.092529932666453","-3.092529932666453","-3.092529932666453","-2.6340942715889226","-2.6340942715889226","-2.6340942715889226"
"23500","-2.423751719713812","-2.423751719713812","-2.423751719713812","-5.614710508519042","-5.614710508519042","-5.614710508519042","-3.137872996645121","-3.137872996645121","-3.137872996645121","-4.532343931066567","-4.532343931066567","-4.532343931066567","-2.1081967042988503","-2.1081967042988503","-2.1081967042988503","-2.882281218943234","-2.882281218943234","-2.882281218943234","-1.9782961530253558","-1.9782961530253558","-1.9782961530253558","-2.712636922531713","-2.712636922531713","-2.712636922531713","-2.9941417260717835","-2.9941417260717835","-2.9941417260717835","-2.834379644641034","-2.834379644641034","-2.834379644641034","-3.4230730387493873","-3.4230730387493873","-3.4230730387493873","-3.249464128672655","-3.249464128672655","-3.249464128672655","-2.919033912378331","-2.919033912378331","-2.919033912378331","-2.1762404416451924","-2.1762404416451924","-2.1762404416451924","-5.018317661755061","-5.018317661755061","-5.018317661755061","-1.8269695198623725","-1.8269695198623725","-1.8269695198623725","-2.110793349982592","-2.110793349982592","-2.110793349982592","-1.7950661265041596","-1.7950661265041596","-1.7950661265041596","-2.4569474495600154","-2.4569474495600154","-2.4569474495600154","-2.7897896273525804","-2.7897896273525804","-2.7897896273525804"
"24000","-4.212451731908496","-4.212451731908496","-4.212451731908496","-4.04858231512776","-4.04858231512776","-4.04858231512776","-2.4350503810642397","-2.4350503810642397","-2.4350503810642397","-5.572435395557638","-5.572435395557638","-5.572435395557638","-2.611555260734348","-2.611555260734348","-2.611555260734348","-3.091433821963741","-3.091433821963741","-3.091433821963741","-2.527480512198689","-2.527480512198689","-2.527480512198689","-2.9081576986719013","-2.9081576986719013","-2.9081576986719013","-2.4236594734506403","-2.4236594734506403","-2.4236594734506403","-2.5460989436327965","-2.5460989436327965","-2.5460989436327965","-2.8096289293632335","-2.8096289293632335","-2.8096289293632335","-2.9207081131694457","-2.9207081131694457","-2.9207081131694457","-2.858898355511289","-2.858898355511289","-2.858898355511289","-2.027129235162206","-2.027129235162206","-2.027129235162206","-4.240268585021376","-4.240268585021376","-4.240268585021376","-1.9006602843828204","-1.9006602843828204","-1.9006602843828204","-2.2505938456076073","-2.2505938456076073","-2.2505938456076073","-2.8935163275645426","-2.8935163275645426","-2.8935163275645426","-4.072036995134608","-4.072036995134608","-4.072036995134608","-2.028844263793565","-2.028844263793565","-2.028844263793565"
"24500","-4.967533544589297","-4.967533544589297","-4.967533544589297","-3.2290680575368476","-3.2290680575368476","-3.2290680575368476","-2.5131736944811633","-2.5131736944811633","-2.5131736944811633","-5.111893289708831","-5.111893289708831","-5.111893289708831","-2.4492645458224964","-2.4492645458224964","-2.4492645458224964","-3.1347592214068065","-3.1347592214068065","-3.1347592214068065","-2.429740382796178","-2.429740382796178","-2.429740382796178","-2.747895732209291","-2.747895732209291","-2.747895732209291","-2.256303647740052","-2.256303647740052","-2.256303647740052","-3.326567037004621","-3.326567037004621","-3.326567037004621","-2.5447346097717127","-2.5447346097717127","-2.5447346097717127","-2.7897953852255073","-2.7897953852255073","-2.7897953852255073","-2.3814908640367305","-2.3814908640367305","-2.3814908640367305","-2.5231790476347227","-2.5231790476347227","-2.5231790476347227","-2.910196794322668","-2.910196794322668","-2.910196794322668","-2.240337321301319","-2.240337321301319","-2.240337321301319","-2.7474552193226955","-2.7474552193226955","-2.7474552193226955","-1.8613849672145488","-1.8613849672145488","-1.8613849672145488","-2.303917813938989","-2.303917813938989","-2.303917813938989","-2.441980053972758","-2.441980053972758","-2.441980053972758"
"25000","-3.4853719903735323","-3.4853719903735323","-3.4853719903735323","-3.2637471660737374","-3.2637471660737374","-3.2637471660737374","-2.641273873180997","-2.641273873180997","-2.641273873180997","-4.249813394748445","-4.249813394748445","-4.249813394748445","-2.278964381779324","-2.278964381779324","-2.278964381779324","-3.3575264729793317","-3.3575264729793317","-3.3575264729793317","-1.9853810033270598","-1.9853810033270598","-1.9853810033270598","-2.381057231511844","-2.381057231511844","-2.381057231511844","-2.7924301183528266","-2.7924301183528266","-2.7924301183528266","-2.41167598990355","-2.41167598990355","-2.41167598990355","-2.7515014643927946","-2.7515014643927946","-2.7515014643927946","-2.990040914323005","-2.990040914323005","-2.990040914323005","-2.055309992605051","-2.055309992605051","-2.055309992605051","-2.4314575662628415","-2.4314575662628415","-2.4314575662628415","-4.227547639327946","-4.227547639327946","-4.227547639327946","-2.5279674041882525","-2.5279674041882525","-2.5279674041882525","-1.565962055666311","-1.565962055666311","-1.565962055666311","-2.285712662795652","-2.285712662795652","-2.285712662795652","-2.7290545420626104","-2.7290545420626104","-2.7290545420626104","-2.6348959608028735","-2.6348959608028735","-2.6348959608028735"
"25500","-3.809985247018178","-3.809985247018178","-3.809985247018178","-3.633463162865651","-3.633463162865651","-3.633463162865651","-2.705833277071913","-2.705833277071913","-2.705833277071913","-4.601292850355291","-4.601292850355291","-4.601292850355291","-2.2436341059844316","-2.2436341059844316","-2.2436341059844316","-3.7942816322819275","-3.7942816322819275","-3.7942816322819275","-1.7140778268861925","-1.7140778268861925","-1.7140778268861925","-2.4220392244228917","-2.4220392244228917","-2.4220392244228917","-3.4142847435126074","-3.4142847435126074","-3.4142847435126074","-2.573060665732692","-2.573060665732692","-2.573060665732692","-3.5043639336009087","-3.5043639336009087","-3.5043639336009087","-3.1105688899745605","-3.1105688899745605","-3.1105688899745605","-2.732266498339153","-2.732266498339153","-2.732266498339153","-3.4594540134597844","-3.4594540134597844","-3.4594540134597844","-2.7618405571520115","-2.7618405571520115","-2.7618405571520115","-2.083392067665494","-2.083392067665494","-2.083392067665494","-2.559434687158955","-2.559434687158955","-2.559434687158955","-2.5656346970084525","-2.5656346970084525","-2.5656346970084525","-2.9592963686149294","-2.9592963686149294","-2.9592963686149294","-3.3789313091813407","-3.3789313091813407","-3.3789313091813407"
"26000","-3.969263588657449","-3.969263588657449","-3.969263588657449","-4.080719224109796","-4.080719224109796","-4.080719224109796","-1.697697601193586","-1.697697601193586","-1.697697601193586","-4.933065169376031","-4.933065169376031","-4.933065169376031","-2.1173564848665514","-2.1173564848665514","-2.1173564848665514","-2.922816547423218","-2.922816547423218","-2.922816547423218","-1.7607621079031162","-1.7607621079031162","-1.7607621079031162","-2.435917926488115","-2.435917926488115","-2.435917926488115","-2.2934322715968007","-2.2934322715968007","-2.2934322715968007","-3.157153627025152","-3.157153627025152","-3.157153627025152","-3.629780147639496","-3.629780147639496","-3.629780147639496","-3.730493932663427","-3.730493932663427","-3.730493932663427","-3.059766530712756","-3.059766530712756","-3.059766530712756","-2.7909287888346483","-2.7909287888346483","-2.7909287888346483","-2.3144299815488205","-2.3144299815488205","-2.3144299815488205","-2.3203590480625866","-2.3203590480625866","-2.3203590480625866","-1.8070940131969588","-1.8070940131969588","-1.8070940131969588","-2.4250336746255305","-2.4250336746255305","-2.4250336746255305","-2.6415924934658697","-2.6415924934658697","-2.6415924934658697","-2.454420550552908","-2.454420550552908","-2.454420550552908"
"26500","-4.54144201788027","-4.54144201788027","-4.54144201788027","-3.617712006700399","-3.617712006700399","-3.617712006700399","-1.8998781251573682","-1.8998781251573682","-1.8998781251573682","-4.87414693624166","-4.87414693624166","-4.87414693624166","-2.2278286622014916","-2.2278286622014916","-2.2278286622014916","-3.120296749262308","-3.120296749262308","-3.120296749262308","-1.8906305164399568","-1.8906305164399568","-1.8906305164399568","-3.360720862836689","-3.360720862836689","-3.360720862836689","-1.8216647926048317","-1.8216647926048317","-1.8216647926048317","-2.424238172058383","-2.424238172058383","-2.424238172058383","-2.9867180201120083","-2.9867180201120083","-2.9867180201120083","-3.306985574751016","-3.306985574751016","-3.306985574751016","-2.5098831075272083","-2.5098831075272083","-2.5098831075272083","-2.624590513152799","-2.624590513152799","-2.624590513152799","-2.0486781864852714","-2.0486781864852714","-2.0486781864852714","-1.966301553799378","-1.966301553799378","-1.966301553799378","-2.447059515553764","-2.447059515553764","-2.447059515553764","-2.8271708082922613","-2.8271708082922613","-2.8271708082922613","-3.7786279743826454","-3.7786279743826454","-3.7786279743826454","-3.4242499315272803","-3.4242499315272803","-3.4242499315272803"
"27000","-2.8726946962040865","-2.8726946962040865","-2.8726946962040865","-4.1260537235245955","-4.1260537235245955","-4.1260537235245955","-3.280974010000113","-3.280974010000113","-3.280974010000113","-5.2782543640388075","-5.2782543640388075","-5.2782543640388075","-1.6724107268026986","-1.6724107268026986","-1.6724107268026986","-2.68531649476754","-2.68531649476754","-2.68531649476754","-1.5957994694950544","-1.5957994694950544","-1.5957994694950544","-2.7597662847938764","-2.7597662847938764","-2.7597662847938764","-2.207399963424031","-2.207399963424031","-2.207399963424031","-2.8350557881644773","-2.8350557881644773","-2.8350557881644773","-3.228279345341398","-3.228279345341398","-3.228279345341398","-3.2122369223872673","-3.2122369223872673","-3.2122369223872673","-2.4019782943483112","-2.4019782943483112","-2.4019782943483112","-3.5112942647036562","-3.5112942647036562","-3.5112942647036562","-2.193690071945155","-2.193690071945155","-2.193690071945155","-2.5427031086329484","-2.5427031086329484","-2.5427031086329484","-1.9140527430633896","-1.9140527430633896","-1.9140527430633896","-2.8602371978127015","-2.8602371978127015","-2.8602371978127015","-2.7631196241832745","-2.7631196241832745","-2.7631196241832745","-2.356437185495053","-2.356437185495053","-2.356437185495053"
"27500","-3.501532380574362","-3.501532380574362","-3.501532380574362","-3.7447924985497556","-3.7447924985497556","-3.7447924985497556","-2.146329625078519","-2.146329625078519","-2.146329625078519","-4.801679432150658","-4.801679432150658","-4.801679432150658","-1.8478604022874936","-1.8478604022874936","-1.8478604022874936","-3.1195064927345166","-3.1195064927345166","-3.1195064927345166","-1.7025553861288163","-1.7025553861288163","-1.7025553861288163","-2.33628280113018","-2.33628280113018","-2.33628280113018","-2.0105199562046168","-2.0105199562046168","-2.0105199562046168","-3.38891177459656","-3.38891177459656","-3.38891177459656","-4.431946766778095","-4.431946766778095","-4.431946766778095","-3.3000164933034553","-3.3000164933034553","-3.3000164933034553","-2.4265869077888182","-2.4265869077888182","-2.4265869077888182","-2.7161991569353168","-2.7161991569353168","-2.7161991569353168","-2.347759647606103","-2.347759647606103","-2.347759647606103","-2.3421624633080813","-2.3421624633080813","-2.3421624633080813","-2.105391922669161","-2.105391922669161","-2.105391922669161","-2.6262905956933715","-2.6262905956933715","-2.6262905956933715","-3.3499935762245068","-3.3499935762245068","-3.3499935762245068","-1.950698922504746","-1.950698922504746","-1.950698922504746"
"28000","-3.678682068315149","-3.678682068315149","-3.678682068315149","-5.15908275714665","-5.15908275714665","-5.15908275714665","-2.0439425198557704","-2.0439425198557704","-2.0439425198557704","-5.059090259090517","-5.059090259090517","-5.059090259090517","-2.759995906385678","-2.759995906385678","-2.759995906385678","-2.9673192479706536","-2.9673192479706536","-2.9673192479706536","-1.8601712406803828","-1.8601712406803828","-1.8601712406803828","-3.0160591350431","-3.0160591350431","-3.0160591350431","-1.8909301838522445","-1.8909301838522445","-1.8909301838522445","-3.674216993360324","-3.674216993360324","-3.674216993360324","-3.0165839637531677","-3.0165839637531677","-3.0165839637531677","-2.7742638267295647","-2.7742638267295647","-2.7742638267295647","-2.061009410471883","-2.061009410471883","-2.061009410471883","-2.163224664673134","-2.163224664673134","-2.163224664673134","-2.0835892396813733","-2.0835892396813733","-2.0835892396813733","-2.223196615328737","-2.223196615328737","-2.223196615328737","-1.4701176840780454","-1.4701176840780454","-1.4701176840780454","-2.386012187520623","-2.386012187520623","-2.386012187520623","-3.142581881613107","-3.142581881613107","-3.142581881613107","-2.374154364357199","-2.374154364357199","-2.374154364357199"
"28500","-3.5608322897370748","-3.5608322897370748","-3.5608322897370748","-3.758285078561225","-3.758285078561225","-3.758285078561225","-3.4666072701558592","-3.4666072701558592","-3.4666072701558592","-4.846136497343773","-4.846136497343773","-4.846136497343773","-1.7849978987134143","-1.7849978987134143","-1.7849978987134143","-2.895839134971702","-2.895839134971702","-2.895839134971702","-1.9061026280002054","-1.9061026280002054","-1.9061026280002054","-2.3976411752696616","-2.3976411752696616","-2.3976411752696616","-2.120733752527327","-2.120733752527327","-2.120733752527327","-2.478038552935799","-2.478038552935799","-2.478038552935799","-3.4529500514483464","-3.4529500514483464","-3.4529500514483464","-2.573987485528267","-2.573987485528267","-2.573987485528267","-1.6459108164159766","-1.6459108164159766","-1.6459108164159766","-2.8677923350819334","-2.8677923350819334","-2.8677923350819334","-3.392244092011236","-3.392244092011236","-3.392244092011236","-3.6256149149772745","-3.6256149149772745","-3.6256149149772745","-2.4730071248793397","-2.4730071248793397","-2.4730071248793397","-2.287359411984965","-2.287359411984965","-2.287359411984965","-2.270749784519289","-2.270749784519289","-2.270749784519289","-2.8030263966661386","-2.8030263966661386","-2.8030263966661386"
"29000","-3.4730369409387825","-3.4730369409387825","-3.4730369409387825","-4.7944582200969865","-4.7944582200969865","-4.7944582200969865","-1.9124722336722229","-1.9124722336722229","-1.9124722336722229","-4.442936129490745","-4.442936129490745","-4.442936129490745","-1.821094050569855","-1.821094050569855","-1.821094050569855","-3.3821407061944435","-3.3821407061944435","-3.3821407061944435","-2.8399935469437723","-2.8399935469437723","-2.8399935469437723","-2.490798488780263","-2.490798488780263","-2.490798488780263","-1.9812144742449125","-1.9812144742449125","-1.9812144742449125","-4.1454751536198415","-4.1454751536198415","-4.1454751536198415","-3.5298291231910808","-3.5298291231910808","-3.5298291231910808","-2.9121767014695807","-2.9121767014695807","-2.9121767014695807","-3.099383384152514","-3.099383384152514","-3.099383384152514","-3.279486930417284","-3.279486930417284","-3.279486930417284","-2.2926082604974085","-2.2926082604974085","-2.2926082604974085","-2.4628171808525168","-2.4628171808525168","-2.4628171808525168","-1.7603483107073614","-1.7603483107073614","-1.7603483107073614","-2.290477679012403","-2.290477679012403","-2.290477679012403","-2.3662880636430637","-2.3662880636430637","-2.3662880636430637","-2.557872150862886","-2.557872150862886","-2.557872150862886"
"29500","-3.0159393457157107","-3.0159393457157107","-3.0159393457157107","-4.577787612226333","-4.577787612226333","-4.577787612226333","-1.7576867466187214","-1.7576867466187214","-1.7576867466187214","-5.167158383554447","-5.167158383554447","-5.167158383554447","-2.174827828085937","-2.174827828085937","-2.174827828085937","-2.6032564947552475","-2.6032564947552475","-2.6032564947552475","-2.1021143145657417","-2.1021143145657417","-2.1021143145657417","-2.6296451301557813","-2.6296451301557813","-2.6296451301557813","-1.929783756709717","-1.929783756709717","-1.929783756709717","-2.802170286865236","-2.802170286865236","-2.802170286865236","-3.737681123750447","-3.737681123750447","-3.737681123750447","-2.4302260758592333","-2.4302260758592333","-2.4302260758592333","-2.881966823381956","-2.881966823381956","-2.881966823381956","-3.102511030942224","-3.102511030942224","-3.102511030942224","-3.308481907028296","-3.308481907028296","-3.308481907028296","-2.132274887011003","-2.132274887011003","-2.132274887011003","-1.6696245294971805","-1.6696245294971805","-1.6696245294971805","-2.4688569575263477","-2.4688569575263477","-2.4688569575263477","-2.869068809149085","-2.869068809149085","-2.869068809149085","-3.4724148768819205","-3.4724148768819205","-3.4724148768819205"
"30000","-3.841442700897315","-3.841442700897315","-3.841442700897315","-4.73876065290129","-4.73876065290129","-4.73876065290129","-1.5843496458183155","-1.5843496458183155","-1.5843496458183155","-3.591900088261622","-3.591900088261622","-3.591900088261622","-1.4858566966236721","-1.4858566966236721","-1.4858566966236721","-3.1308815099142313","-3.1308815099142313","-3.1308815099142313","-1.6343780739772513","-1.6343780739772513","-1.6343780739772513","-3.349264117186995","-3.349264117186995","-3.349264117186995","-1.3822954032283554","-1.3822954032283554","-1.3822954032283554","-3.8391902227806005","-3.8391902227806005","-3.8391902227806005","-3.1765731801027735","-3.1765731801027735","-3.1765731801027735","-2.3948958530015902","-2.3948958530015902","-2.3948958530015902","-3.9019089914682725","-3.9019089914682725","-3.9019089914682725","-2.740714012843007","-2.740714012843007","-2.740714012843007","-2.4643233545629153","-2.4643233545629153","-2.4643233545629153","-2.313476836493387","-2.313476836493387","-2.313476836493387","-1.385974654549273","-1.385974654549273","-1.385974654549273","-2.996720576402942","-2.996720576402942","-2.996720576402942","-2.8975982428916547","-2.8975982428916547","-2.8975982428916547","-2.4881893117865954","-2.4881893117865954","-2.4881893117865954"
"30500","-3.6176523036818864","-3.6176523036818864","-3.6176523036818864","-3.4303331208365853","-3.4303331208365853","-3.4303331208365853","-2.4135438934029088","-2.4135438934029088","-2.4135438934029088","-3.824128419807864","-3.824128419807864","-3.824128419807864","-1.6224119697660047","-1.6224119697660047","-1.6224119697660047","-2.773726089369722","-2.773726089369722","-2.773726089369722","-1.8682716425913708","-1.8682716425913708","-1.8682716425913708","-2.6115248947524288","-2.6115248947524288","-2.6115248947524288","-1.3886625138777908","-1.3886625138777908","-1.3886625138777908","-2.8741723419317973","-2.8741723419317973","-2.8741723419317973","-3.860881050650542","-3.860881050650542","-3.860881050650542","-2.7348391633419986","-2.7348391633419986","-2.7348391633419986","-2.3933747684125732","-2.3933747684125732","-2.3933747684125732","-2.652386276328611","-2.652386276328611","-2.652386276328611","-2.335870980547841","-2.335870980547841","-2.335870980547841","-2.1351276133578256","-2.1351276133578256","-2.1351276133578256","-1.5755796728687066","-1.5755796728687066","-1.5755796728687066","-2.8068492588967424","-2.8068492588967424","-2.8068492588967424","-3.2523855612761152","-3.2523855612761152","-3.2523855612761152","-3.037404453148596","-3.037404453148596","-3.037404453148596"
"31000","-4.378282479427492","-4.378282479427492","-4.378282479427492","-3.2373131729129314","-3.2373131729129314","-3.2373131729129314","-1.6219230957577733","-1.6219230957577733","-1.6219230957577733","-3.5142690831560373","-3.5142690831560373","-3.5142690831560373","-2.084798348526492","-2.084798348526492","-2.084798348526492","-2.8278597483481387","-2.8278597483481387","-2.8278597483481387","-1.3111767702694688","-1.3111767702694688","-1.3111767702694688","-2.678590266889805","-2.678590266889805","-2.678590266889805","-1.902993658816285","-1.902993658816285","-1.902993658816285","-3.2650969565204297","-3.2650969565204297","-3.2650969565204297","-3.5866662234617186","-3.5866662234617186","-3.5866662234617186","-2.0558699485661647","-2.0558699485661647","-2.0558699485661647","-1.852468621934921","-1.852468621934921","-1.852468621934921","-3.2190013799477475","-3.2190013799477475","-3.2190013799477475","-2.6746934798525053","-2.6746934798525053","-2.6746934798525053","-2.351674095458585","-2.351674095458585","-2.351674095458585","-1.2781278522260753","-1.2781278522260753","-1.2781278522260753","-2.2622601768942907","-2.2622601768942907","-2.2622601768942907","-2.679029054015961","-2.679029054015961","-2.679029054015961","-2.134015761342777","-2.134015761342777","-2.134015761342777"
"31500","-3.477201649523775","-3.477201649523775","-3.477201649523775","-3.531355451532574","-3.531355451532574","-3.531355451532574","-2.2520361841441665","-2.2520361841441665","-2.2520361841441665","-3.9008181546316116","-3.9008181546316116","-3.9008181546316116","-2.0399679865027815","-2.0399679865027815","-2.0399679865027815","-3.134283826432307","-3.134283826432307","-3.134283826432307","-2.0454503091800005","-2.0454503091800005","-2.0454503091800005","-2.762305966439862","-2.762305966439862","-2.762305966439862","-1.6762724478917814","-1.6762724478917814","-1.6762724478917814","-3.0458145579101172","-3.0458145579101172","-3.0458145579101172","-4.242668847537116","-4.242668847537116","-4.242668847537116","-2.740020273820465","-2.740020273820465","-2.740020273820465","-1.3751081718859812","-1.3751081718859812","-1.3751081718859812","-3.1560169979106916","-3.1560169979106916","-3.1560169979106916","-3.078372003624884","-3.078372003624884","-3.078372003624884","-1.6985029275043892","-1.6985029275043892","-1.6985029275043892","-2.963243235602094","-2.963243235602094","-2.963243235602094","-1.8795937137579493","-1.8795937137579493","-1.8795937137579493","-2.8128974861918863","-2.8128974861918863","-2.8128974861918863","-1.866763970838565","-1.866763970838565","-1.866763970838565"
"32000","-3.9313233702631534","-3.9313233702631534","-3.9313233702631534","-3.4022002625461774","-3.4022002625461774","-3.4022002625461774","-2.0430851154182412","-2.0430851154182412","-2.0430851154182412","-4.697005233916342","-4.697005233916342","-4.697005233916342","-1.6274828236988885","-1.6274828236988885","-1.6274828236988885","-3.164246656377712","-3.164246656377712","-3.164246656377712","-1.6522680743657692","-1.6522680743657692","-1.6522680743657692","-2.9931564094621876","-2.9931564094621876","-2.9931564094621876","-1.8874266377948767","-1.8874266377948767","-1.8874266377948767","-3.2749787317516046","-3.2749787317516046","-3.2749787317516046","-3.8731318966268082","-3.8731318966268082","-3.8731318966268082","-2.5891399833316653","-2.5891399833316653","-2.5891399833316653","-2.655811226721267","-2.655811226721267","-2.655811226721267","-3.269581889271322","-3.269581889271322","-3.269581889271322","-2.870053901168505","-2.870053901168505","-2.870053901168505","-1.8019454385885019","-1.8019454385885019","-1.8019454385885019","-1.7235435284431493","-1.7235435284431493","-1.7235435284431493","-1.9664796527298702","-1.9664796527298702","-1.9664796527298702","-2.5368320135829787","-2.5368320135829787","-2.5368320135829787","-2.0482119667119214","-2.0482119667119214","-2.0482119667119214"
"32500","-4.8784000618656105","-4.8784000618656105","-4.8784000618656105","-3.5854146865893433","-3.5854146865893433","-3.5854146865893433","-2.0882015935734493","-2.0882015935734493","-2.0882015935734493","-3.128340047839154","-3.128340047839154","-3.128340047839154","-1.7733989808943325","-1.7733989808943325","-1.7733989808943325","-3.0055695860498717","-3.0055695860498717","-3.0055695860498717","-2.5540782824942636","-2.5540782824942636","-2.5540782824942636","-2.9565999581703855","-2.9565999581703855","-2.9565999581703855","-1.3804750080110264","-1.3804750080110264","-1.3804750080110264","-3.221267585461889","-3.221267585461889","-3.221267585461889","-3.7263942711065425","-3.7263942711065425","-3.7263942711065425","-2.440065812708519","-2.440065812708519","-2.440065812708519","-2.2194617403866066","-2.2194617403866066","-2.2194617403866066","-3.0586878895130694","-3.0586878895130694","-3.0586878895130694","-2.0553341259459392","-2.0553341259459392","-2.0553341259459392","-1.6476393836885843","-1.6476393836885843","-1.6476393836885843","-1.3840853124846957","-1.3840853124846957","-1.3840853124846957","-2.151793251943707","-2.151793251943707","-2.151793251943707","-3.1275532069988334","-3.1275532069988334","-3.1275532069988334","-2.06900461082886","-2.06900461082886","-2.06900461082886"
"33000","-4.81921593883121","-4.81921593883121","-4.81921593883121","-3.8246007036849234","-3.8246007036849234","-3.8246007036849234","-1.7279570329011924","-1.7279570329011924","-1.7279570329011924","-2.6663203931917305","-2.6663203931917305","-2.6663203931917305","-3.203530267370349","-3.203530267370349","-3.203530267370349","-3.202080362991006","-3.202080362991006","-3.202080362991006","-3.098677940507318","-3.098677940507318","-3.098677940507318","-2.274921595480159","-2.274921595480159","-2.274921595480159","-1.3982056409225276","-1.3982056409225276","-1.3982056409225276","-2.589033389190568","-2.589033389190568","-2.589033389190568","-2.8086797565355583","-2.8086797565355583","-2.8086797565355583","-3.4140480909143904","-3.4140480909143904","-3.4140480909143904","-3.181711289299683","-3.181711289299683","-3.181711289299683","-2.7469805127817253","-2.7469805127817253","-2.7469805127817253","-2.632965364891999","-2.632965364891999","-2.632965364891999","-1.5251651764707799","-1.5251651764707799","-1.5251651764707799","-1.4932345897353378","-1.4932345897353378","-1.4932345897353378","-1.7496734961404825","-1.7496734961404825","-1.7496734961404825","-4.064491160461236","-4.064491160461236","-4.064491160461236","-1.7202830074975786","-1.7202830074975786","-1.7202830074975786"
"33500","-5.5523114718900075","-5.5523114718900075","-5.5523114718900075","-3.461482665909309","-3.461482665909309","-3.461482665909309","-1.84604579514284","-1.84604579514284","-1.84604579514284","-3.924584871143955","-3.924584871143955","-3.924584871143955","-2.00457683003209","-2.00457683003209","-2.00457683003209","-3.1835328518442862","-3.1835328518442862","-3.1835328518442862","-1.748710350672551","-1.748710350672551","-1.748710350672551","-2.883469277062865","-2.883469277062865","-2.883469277062865","-2.791554608621981","-2.791554608621981","-2.791554608621981","-2.6529177746404433","-2.6529177746404433","-2.6529177746404433","-3.8879486593572565","-3.8879486593572565","-3.8879486593572565","-3.0043593452047443","-3.0043593452047443","-3.0043593452047443","-2.6914254106480384","-2.6914254106480384","-2.6914254106480384","-2.627542269975538","-2.627542269975538","-2.627542269975538","-2.919415613025465","-2.919415613025465","-2.919415613025465","-1.5635520243154106","-1.5635520243154106","-1.5635520243154106","-1.5891618898834454","-1.5891618898834454","-1.5891618898834454","-2.2017274623251835","-2.2017274623251835","-2.2017274623251835","-3.332248435847003","-3.332248435847003","-3.332248435847003","-2.038856060201529","-2.038856060201529","-2.038856060201529"
"34000","-5.099544068236602","-5.099544068236602","-5.099544068236602","-4.220586391675818","-4.220586391675818","-4.220586391675818","-1.8497081221784597","-1.8497081221784597","-1.8497081221784597","-3.647573310547421","-3.647573310547421","-3.647573310547421","-2.2453103688791867","-2.2453103688791867","-2.2453103688791867","-3.6645780211015415","-3.6645780211015415","-3.6645780211015415","-1.8965593394669813","-1.8965593394669813","-1.8965593394669813","-2.880254573484687","-2.880254573484687","-2.880254573484687","-1.4221982728630824","-1.4221982728630824","-1.4221982728630824","-2.3459430260290226","-2.3459430260290226","-2.3459430260290226","-3.285264075459216","-3.285264075459216","-3.285264075459216","-2.3113210007471627","-2.3113210007471627","-2.3113210007471627","-2.4644241038567998","-2.4644241038567998","-2.4644241038567998","-2.7424005339857715","-2.7424005339857715","-2.7424005339857715","-3.218530850646096","-3.218530850646096","-3.218530850646096","-1.5153340314422834","-1.5153340314422834","-1.5153340314422834","-2.1445822459350175","-2.1445822459350175","-2.1445822459350175","-2.004449079871601","-2.004449079871601","-2.004449079871601","-4.030369707472022","-4.030369707472022","-4.030369707472022","-2.12919787266929","-2.12919787266929","-2.12919787266929"
"34500","-6.038985748841759","-6.038985748841759","-6.038985748841759","-4.02393000455874","-4.02393000455874","-4.02393000455874","-1.9537503905457807","-1.9537503905457807","-1.9537503905457807","-3.3534356740358895","-3.3534356740358895","-3.3534356740358895","-1.8300676316186746","-1.8300676316186746","-1.8300676316186746","-4.081719974026202","-4.081719974026202","-4.081719974026202","-1.657198516513874","-1.657198516513874","-1.657198516513874","-3.0544059413445805","-3.0544059413445805","-3.0544059413445805","-1.8143089849921672","-1.8143089849921672","-1.8143089849921672","-2.4504431449539847","-2.4504431449539847","-2.4504431449539847","-3.003414068860404","-3.003414068860404","-3.003414068860404","-3.2334678780981476","-3.2334678780981476","-3.2334678780981476","-2.293678244714936","-2.293678244714936","-2.293678244714936","-2.4685504404391088","-2.4685504404391088","-2.4685504404391088","-2.709912321200787","-2.709912321200787","-2.709912321200787","-2.944971194142292","-2.944971194142292","-2.944971194142292","-1.6141704131024486","-1.6141704131024486","-1.6141704131024486","-2.3370518909765616","-2.3370518909765616","-2.3370518909765616","-3.59901739289774","-3.59901739289774","-3.59901739289774","-1.7042713703078853","-1.7042713703078853","-1.7042713703078853"
"35000","-5.362168710670225","-5.362168710670225","-5.362168710670225","-3.5990630334696236","-3.5990630334696236","-3.5990630334696236","-1.9340255897099805","-1.9340255897099805","-1.9340255897099805","-4.482900357277338","-4.482900357277338","-4.482900357277338","-1.6946635016808915","-1.6946635016808915","-1.6946635016808915","-3.2616949880929034","-3.2616949880929034","-3.2616949880929034","-2.0084819983368765","-2.0084819983368765","-2.0084819983368765","-2.8319568833507134","-2.8319568833507134","-2.8319568833507134","-2.0846531901581318","-2.0846531901581318","-2.0846531901581318","-2.423013234846677","-2.423013234846677","-2.423013234846677","-3.2560540878039914","-3.2560540878039914","-3.2560540878039914","-3.025445150587807","-3.025445150587807","-3.025445150587807","-2.3595207437849846","-2.3595207437849846","-2.3595207437849846","-2.8905367413412755","-2.8905367413412755","-2.8905367413412755","-2.139600150241371","-2.139600150241371","-2.139600150241371","-1.730811682841783","-1.730811682841783","-1.730811682841783","-1.8678523711047563","-1.8678523711047563","-1.8678523711047563","-2.316072849715403","-2.316072849715403","-2.316072849715403","-1.9715909091345207","-1.9715909091345207","-1.9715909091345207","-1.6763171212295593","-1.6763171212295593","-1.6763171212295593"
"35500","-5.916347455501347","-5.916347455501347","-5.916347455501347","-4.150414994787053","-4.150414994787053","-4.150414994787053","-2.0073252164082582","-2.0073252164082582","-2.0073252164082582","-3.9358747540393195","-3.9358747540393195","-3.9358747540393195","-1.524174554941361","-1.524174554941361","-1.524174554941361","-3.8337869722878564","-3.8337869722878564","-3.8337869722878564","-1.2822274393175663","-1.2822274393175663","-1.2822274393175663","-3.2126753947987994","-3.2126753947987994","-3.2126753947987994","-1.9378156725473346","-1.9378156725473346","-1.9378156725473346","-2.3772818605822064","-2.3772818605822064","-2.3772818605822064","-4.605111914136065","-4.605111914136065","-4.605111914136065","-2.5067612427049686","-2.5067612427049686","-2.5067612427049686","-1.8768291142390106","-1.8768291142390106","-1.8768291142390106","-3.094487461711212","-3.094487461711212","-3.094487461711212","-2.1073596272464834","-2.1073596272464834","-2.1073596272464834","-1.3902754204567767","-1.3902754204567767","-1.3902754204567767","-2.039436192190791","-2.039436192190791","-2.039436192190791","-1.6567532760218213","-1.6567532760218213","-1.6567532760218213","-2.793654459221881","-2.793654459221881","-2.793654459221881","-1.7509270492018025","-1.7509270492018025","-1.7509270492018025"
"36000","-7.24932207598724","-7.24932207598724","-7.24932207598724","-4.780986845273522","-4.780986845273522","-4.780986845273522","-1.66801946286329","-1.66801946286329","-1.66801946286329","-3.14095375373755","-3.14095375373755","-3.14095375373755","-1.8284091765421144","-1.8284091765421144","-1.8284091765421144","-3.9678519425574605","-3.9678519425574605","-3.9678519425574605","-1.3817203711219637","-1.3817203711219637","-1.3817203711219637","-3.0983951464129404","-3.0983951464129404","-3.0983951464129404","-1.854606994457002","-1.854606994457002","-1.854606994457002","-2.691894562857968","-2.691894562857968","-2.691894562857968","-3.7804375923643847","-3.7804375923643847","-3.7804375923643847","-2.4840288700955093","-2.4840288700955093","-2.4840288700955093","-2.2307555348926593","-2.2307555348926593","-2.2307555348926593","-2.53120116430268","-2.53120116430268","-2.53120116430268","-2.0473838922165712","-2.0473838922165712","-2.0473838922165712","-1.3053060031464065","-1.3053060031464065","-1.3053060031464065","-2.2788545104652735","-2.2788545104652735","-2.2788545104652735","-2.308146821970419","-2.308146821970419","-2.308146821970419","-2.452782345850729","-2.452782345850729","-2.452782345850729","-1.5998286860690003","-1.5998286860690003","-1.5998286860690003"
"36500","-7.7704768761354845","-7.7704768761354845","-7.7704768761354845","-3.7842567884620983","-3.7842567884620983","-3.7842567884620983","-1.4446101813908458","-1.4446101813908458","-1.4446101813908458","-3.5999849583553383","-3.5999849583553383","-3.5999849583553383","-1.9717321856714563","-1.9717321856714563","-1.9717321856714563","-3.6699944553987462","-3.6699944553987462","-3.6699944553987462","-1.5112217252447804","-1.5112217252447804","-1.5112217252447804","-3.0632900765634337","-3.0632900765634337","-3.0632900765634337","-1.6728246294855347","-1.6728246294855347","-1.6728246294855347","-2.6007354333802764","-2.6007354333802764","-2.6007354333802764","-4.0582295208357815","-4.0582295208357815","-4.0582295208357815","-2.913431455929704","-2.913431455929704","-2.913431455929704","-3.0792496622063092","-3.0792496622063092","-3.0792496622063092","-2.8971663599448343","-2.8971663599448343","-2.8971663599448343","-2.469459504983659","-2.469459504983659","-2.469459504983659","-1.2673465301792253","-1.2673465301792253","-1.2673465301792253","-2.3446466505396777","-2.3446466505396777","-2.3446466505396777","-1.7820993101473444","-1.7820993101473444","-1.7820993101473444","-3.8007734248901692","-3.8007734248901692","-3.8007734248901692","-2.079594867960305","-2.079594867960305","-2.079594867960305"
"37000","-7.062380327326698","-7.062380327326698","-7.062380327326698","-4.288326354007021","-4.288326354007021","-4.288326354007021","-1.2968889758356714","-1.2968889758356714","-1.2968889758356714","-3.4588650008806994","-3.4588650008806994","-3.4588650008806994","-2.1739719247983027","-2.1739719247983027","-2.1739719247983027","-3.822127934503299","-3.822127934503299","-3.822127934503299","-1.6574005966444751","-1.6574005966444751","-1.6574005966444751","-3.3829064920000795","-3.3829064920000795","-3.3829064920000795","-1.7591012685753882","-1.7591012685753882","-1.7591012685753882","-2.64607362778629","-2.64607362778629","-2.64607362778629","-3.9398616973042353","-3.9398616973042353","-3.9398616973042353","-2.539576800375128","-2.539576800375128","-2.539576800375128","-1.9505260212649087","-1.9505260212649087","-1.9505260212649087","-2.831711537422831","-2.831711537422831","-2.831711537422831","-2.416149751073993","-2.416149751073993","-2.416149751073993","-1.4280606715282216","-1.4280606715282216","-1.4280606715282216","-2.0835356147802337","-2.0835356147802337","-2.0835356147802337","-2.2109195892292672","-2.2109195892292672","-2.2109195892292672","-3.251503082508509","-3.251503082508509","-3.251503082508509","-1.6535199056883698","-1.6535199056883698","-1.6535199056883698"
"37500","-6.68242502411906","-6.68242502411906","-6.68242502411906","-4.763595229225615","-4.763595229225615","-4.763595229225615","-1.4826814626496476","-1.4826814626496476","-1.4826814626496476","-3.7639825938951668","-3.7639825938951668","-3.7639825938951668","-1.509928439295489","-1.509928439295489","-1.509928439295489","-3.6271204315912904","-3.6271204315912904","-3.6271204315912904","-1.525941671375262","-1.525941671375262","-1.525941671375262","-3.317858305981243","-3.317858305981243","-3.317858305981243","-1.6099283183621487","-1.6099283183621487","-1.6099283183621487","-2.756580023634256","-2.756580023634256","-2.756580023634256","-4.812004180201112","-4.812004180201112","-4.812004180201112","-2.6567144003361722","-2.6567144003361722","-2.6567144003361722","-1.8326929404480956","-1.8326929404480956","-1.8326929404480956","-2.5954378401267575","-2.5954378401267575","-2.5954378401267575","-2.1650297108358574","-2.1650297108358574","-2.1650297108358574","-1.3137632588064587","-1.3137632588064587","-1.3137632588064587","-2.0166723618350106","-2.0166723618350106","-2.0166723618350106","-1.8705248508942756","-1.8705248508942756","-1.8705248508942756","-2.8955979126113625","-2.8955979126113625","-2.8955979126113625","-1.9707092154270902","-1.9707092154270902","-1.9707092154270902"
"38000","-4.856102622628471","-4.856102622628471","-4.856102622628471","-4.543153691106446","-4.543153691106446","-4.543153691106446","-1.4851246997259506","-1.4851246997259506","-1.4851246997259506","-3.6336356882066765","-3.6336356882066765","-3.6336356882066765","-1.60901551220091","-1.60901551220091","-1.60901551220091","-4.274013963370094","-4.274013963370094","-4.274013963370094","-1.8182622516590734","-1.8182622516590734","-1.8182622516590734","-3.2206851564279235","-3.2206851564279235","-3.2206851564279235","-1.8353724177844235","-1.8353724177844235","-1.8353724177844235","-2.7276432940572546","-2.7276432940572546","-2.7276432940572546","-5.30637367033368","-5.30637367033368","-5.30637367033368","-2.852355563422787","-2.852355563422787","-2.852355563422787","-2.111179924246791","-2.111179924246791","-2.111179924246791","-2.9693972403806743","-2.9693972403806743","-2.9693972403806743","-2.102423942347614","-2.102423942347614","-2.102423942347614","-1.3783323422194096","-1.3783323422194096","-1.3783323422194096","-2.220232342764164","-2.220232342764164","-2.220232342764164","-1.8111395636036067","-1.8111395636036067","-1.8111395636036067","-3.286587233600342","-3.286587233600342","-3.286587233600342","-1.7584288329526145","-1.7584288329526145","-1.7584288329526145"
"38500","-2.366338595336656","-2.366338595336656","-2.366338595336656","-3.798376505613077","-3.798376505613077","-3.798376505613077","-1.4887721974431454","-1.4887721974431454","-1.4887721974431454","-4.433347346599817","-4.433347346599817","-4.433347346599817","-1.6720143104479646","-1.6720143104479646","-1.6720143104479646","-3.111642408133066","-3.111642408133066","-3.111642408133066","-1.8907151740491368","-1.8907151740491368","-1.8907151740491368","-3.491233128337231","-3.491233128337231","-3.491233128337231","-1.4333009445882847","-1.4333009445882847","-1.4333009445882847","-3.0025109038322633","-3.0025109038322633","-3.0025109038322633","-5.09792901773592","-5.09792901773592","-5.09792901773592","-2.998104044100546","-2.998104044100546","-2.998104044100546","-2.5409369315698345","-2.5409369315698345","-2.5409369315698345","-2.782957789919849","-2.782957789919849","-2.782957789919849","-2.6466638193493286","-2.6466638193493286","-2.6466638193493286","-1.7612806107732304","-1.7612806107732304","-1.7612806107732304","-1.8636741795313685","-1.8636741795313685","-1.8636741795313685","-2.066107991399137","-2.066107991399137","-2.066107991399137","-3.054664390516868","-3.054664390516868","-3.054664390516868","-1.8831056351652489","-1.8831056351652489","-1.8831056351652489"
"39000","-3.057827560532258","-3.057827560532258","-3.057827560532258","-3.0192927217781858","-3.0192927217781858","-3.0192927217781858","-1.3603147729275389","-1.3603147729275389","-1.3603147729275389","-3.3555163668010577","-3.3555163668010577","-3.3555163668010577","-1.5936050247634188","-1.5936050247634188","-1.5936050247634188","-3.2922877095985705","-3.2922877095985705","-3.2922877095985705","-1.630584419761496","-1.630584419761496","-1.630584419761496","-3.4813966802541985","-3.4813966802541985","-3.4813966802541985","-2.030275011952886","-2.030275011952886","-2.030275011952886","-3.6754504213513974","-3.6754504213513974","-3.6754504213513974","-5.347448799324613","-5.347448799324613","-5.347448799324613","-2.5739395403564793","-2.5739395403564793","-2.5739395403564793","-2.6405040746170663","-2.6405040746170663","-2.6405040746170663","-2.6549884499959213","-2.6549884499959213","-2.6549884499959213","-2.5951538333340296","-2.5951538333340296","-2.5951538333340296","-1.4983238125551075","-1.4983238125551075","-1.4983238125551075","-2.01194769181613","-2.01194769181613","-2.01194769181613","-2.095447421921537","-2.095447421921537","-2.095447421921537","-2.201389221562897","-2.201389221562897","-2.201389221562897","-1.6406248450633307","-1.6406248450633307","-1.6406248450633307"
"39500","-2.4563280684893156","-2.4563280684893156","-2.4563280684893156","-2.3959666179190915","-2.3959666179190915","-2.3959666179190915","-1.3577450446917252","-1.3577450446917252","-1.3577450446917252","-3.207408152956031","-3.207408152956031","-3.207408152956031","-1.3318940568310254","-1.3318940568310254","-1.3318940568310254","-3.3289639193491753","-3.3289639193491753","-3.3289639193491753","-1.3924487146182345","-1.3924487146182345","-1.3924487146182345","-3.7686340621869716","-3.7686340621869716","-3.7686340621869716","-1.6261838017886308","-1.6261838017886308","-1.6261838017886308","-2.9741155524821616","-2.9741155524821616","-2.9741155524821616","-5.917938905897023","-5.917938905897023","-5.917938905897023","-3.041630987940091","-3.041630987940091","-3.041630987940091","-2.285884083731518","-2.285884083731518","-2.285884083731518","-2.8033966734878732","-2.8033966734878732","-2.8033966734878732","-2.2311762657759244","-2.2311762657759244","-2.2311762657759244","-1.2975103873642126","-1.2975103873642126","-1.2975103873642126","-1.921011049860993","-1.921011049860993","-1.921011049860993","-1.9744606692578284","-1.9744606692578284","-1.9744606692578284","-1.805966622047086","-1.805966622047086","-1.805966622047086","-1.5800488828946733","-1.5800488828946733","-1.5800488828946733"
"40000","-4.628452168652113","-4.628452168652113","-4.628452168652113","-2.4087410962350124","-2.4087410962350124","-2.4087410962350124","-1.725612807635514","-1.725612807635514","-1.725612807635514","-2.9099771258251184","-2.9099771258251184","-2.9099771258251184","-1.6237451513822692","-1.6237451513822692","-1.6237451513822692","-3.5549351184365747","-3.5549351184365747","-3.5549351184365747","-1.4482662695996773","-1.4482662695996773","-1.4482662695996773","-3.667260328362687","-3.667260328362687","-3.667260328362687","-1.6639327480290522","-1.6639327480290522","-1.6639327480290522","-2.729977858875227","-2.729977858875227","-2.729977858875227","-5.865176249943371","-5.865176249943371","-5.865176249943371","-2.45979059861936","-2.45979059861936","-2.45979059861936","-2.2511743839750045","-2.2511743839750045","-2.2511743839750045","-2.7987624869184593","-2.7987624869184593","-2.7987624869184593","-2.2655022756973144","-2.2655022756973144","-2.2655022756973144","-1.352401390268376","-1.352401390268376","-1.352401390268376","-2.2645812379716124","-2.2645812379716124","-2.2645812379716124","-2.3889446500243707","-2.3889446500243707","-2.3889446500243707","-1.802231705786755","-1.802231705786755","-1.802231705786755","-1.8720292889199963","-1.8720292889199963","-1.8720292889199963"
"40500","-4.762749484467749","-4.762749484467749","-4.762749484467749","-2.651122598462527","-2.651122598462527","-2.651122598462527","-1.437176186031366","-1.437176186031366","-1.437176186031366","-3.6833712589620538","-3.6833712589620538","-3.6833712589620538","-1.5223710748464991","-1.5223710748464991","-1.5223710748464991","-3.1043514005101813","-3.1043514005101813","-3.1043514005101813","-1.4542083969202386","-1.4542083969202386","-1.4542083969202386","-3.444050963176461","-3.444050963176461","-3.444050963176461","-1.4016551804822766","-1.4016551804822766","-1.4016551804822766","-2.6285534172119123","-2.6285534172119123","-2.6285534172119123","-4.593112690824947","-4.593112690824947","-4.593112690824947","-2.5865452665287707","-2.5865452665287707","-2.5865452665287707","-2.2626850464143806","-2.2626850464143806","-2.2626850464143806","-2.684449476509049","-2.684449476509049","-2.684449476509049","-2.434549100215925","-2.434549100215925","-2.434549100215925","-1.4010164060665207","-1.4010164060665207","-1.4010164060665207","-1.8017801197823757","-1.8017801197823757","-1.8017801197823757","-2.194570531376381","-2.194570531376381","-2.194570531376381","-1.7644331165759422","-1.7644331165759422","-1.7644331165759422","-1.742753219461333","-1.742753219461333","-1.742753219461333"
"41000","-5.403651185036123","-5.403651185036123","-5.403651185036123","-2.3698077097237955","-2.3698077097237955","-2.3698077097237955","-1.4262721647966539","-1.4262721647966539","-1.4262721647966539","-2.742076475716122","-2.742076475716122","-2.742076475716122","-1.5978863343746652","-1.5978863343746652","-1.5978863343746652","-3.6137699985153917","-3.6137699985153917","-3.6137699985153917","-1.7803246350045225","-1.7803246350045225","-1.7803246350045225","-2.883536074421688","-2.883536074421688","-2.883536074421688","-1.4508280416816557","-1.4508280416816557","-1.4508280416816557","-3.016502261655593","-3.016502261655593","-3.016502261655593","-4.570143457316307","-4.570143457316307","-4.570143457316307","-2.591106950699218","-2.591106950699218","-2.591106950699218","-1.9186073789876346","-1.9186073789876346","-1.9186073789876346","-3.171848767612981","-3.171848767612981","-3.171848767612981","-2.2585705898391373","-2.2585705898391373","-2.2585705898391373","-1.3162646459207612","-1.3162646459207612","-1.3162646459207612","-1.7595099203647024","-1.7595099203647024","-1.7595099203647024","-2.130808814318119","-2.130808814318119","-2.130808814318119","-1.6830594804270163","-1.6830594804270163","-1.6830594804270163","-1.9399904349453259","-1.9399904349453259","-1.9399904349453259"
"41500","-5.286566944403482","-5.286566944403482","-5.286566944403482","-2.3104358243964276","-2.3104358243964276","-2.3104358243964276","-1.3718177866874044","-1.3718177866874044","-1.3718177866874044","-3.754371013805759","-3.754371013805759","-3.754371013805759","-1.7515526462377857","-1.7515526462377857","-1.7515526462377857","-3.367615977789272","-3.367615977789272","-3.367615977789272","-1.558140593841885","-1.558140593841885","-1.558140593841885","-3.5284727031023464","-3.5284727031023464","-3.5284727031023464","-1.4734310230596066","-1.4734310230596066","-1.4734310230596066","-2.3951987423648275","-2.3951987423648275","-2.3951987423648275","-4.380997654113932","-4.380997654113932","-4.380997654113932","-2.399416408660592","-2.399416408660592","-2.399416408660592","-1.8676058833595053","-1.8676058833595053","-1.8676058833595053","-3.0008791870757756","-3.0008791870757756","-3.0008791870757756","-2.037366293086128","-2.037366293086128","-2.037366293086128","-1.3494968140373529","-1.3494968140373529","-1.3494968140373529","-1.8082895421879244","-1.8082895421879244","-1.8082895421879244","-2.020213625427995","-2.020213625427995","-2.020213625427995","-1.5641786692693842","-1.5641786692693842","-1.5641786692693842","-1.8378972972364793","-1.8378972972364793","-1.8378972972364793"
"42000","-5.086307044004011","-5.086307044004011","-5.086307044004011","-2.3892532541306424","-2.3892532541306424","-2.3892532541306424","-1.532717102804191","-1.532717102804191","-1.532717102804191","-3.5451302487142806","-3.5451302487142806","-3.5451302487142806","-1.78426247565961","-1.78426247565961","-1.78426247565961","-3.318431475283662","-3.318431475283662","-3.318431475283662","-1.6360104162457154","-1.6360104162457154","-1.6360104162457154","-3.4663159564094883","-3.4663159564094883","-3.4663159564094883","-1.4687074463965202","-1.4687074463965202","-1.4687074463965202","-1.8294160713447085","-1.8294160713447085","-1.8294160713447085","-4.973758521548136","-4.973758521548136","-4.973758521548136","-2.328907457467758","-2.328907457467758","-2.328907457467758","-1.9578668733763902","-1.9578668733763902","-1.9578668733763902","-2.992987521471415","-2.992987521471415","-2.992987521471415","-2.1749563309890028","-2.1749563309890028","-2.1749563309890028","-1.3052444399416043","-1.3052444399416043","-1.3052444399416043","-1.9601632091313472","-1.9601632091313472","-1.9601632091313472","-1.9986610077762024","-1.9986610077762024","-1.9986610077762024","-1.8128058872338955","-1.8128058872338955","-1.8128058872338955","-2.145279892126529","-2.145279892126529","-2.145279892126529"
"42500","-4.825982740562615","-4.825982740562615","-4.825982740562615","-1.8056867803396561","-1.8056867803396561","-1.8056867803396561","-1.4450405706627134","-1.4450405706627134","-1.4450405706627134","-3.0041807885156446","-3.0041807885156446","-3.0041807885156446","-1.827769771690114","-1.827769771690114","-1.827769771690114","-3.3533820392041185","-3.3533820392041185","-3.3533820392041185","-1.6427332430461772","-1.6427332430461772","-1.6427332430461772","-3.4344207942762752","-3.4344207942762752","-3.4344207942762752","-1.5906663329875779","-1.5906663329875779","-1.5906663329875779","-1.6220565638482818","-1.6220565638482818","-1.6220565638482818","-2.811534094446768","-2.811534094446768","-2.811534094446768","-2.2767217095113224","-2.2767217095113224","-2.2767217095113224","-2.028529304210393","-2.028529304210393","-2.028529304210393","-3.2905426920904572","-3.2905426920904572","-3.2905426920904572","-2.4736972660172327","-2.4736972660172327","-2.4736972660172327","-1.2204005225780912","-1.2204005225780912","-1.2204005225780912","-1.7300295117577342","-1.7300295117577342","-1.7300295117577342","-2.0240766221168265","-2.0240766221168265","-2.0240766221168265","-2.041061946937727","-2.041061946937727","-2.041061946937727","-1.9007456756583625","-1.9007456756583625","-1.9007456756583625"
"43000","-4.255745816753959","-4.255745816753959","-4.255745816753959","-1.9481385475543438","-1.9481385475543438","-1.9481385475543438","-1.5633922046633646","-1.5633922046633646","-1.5633922046633646","-2.7947179821459547","-2.7947179821459547","-2.7947179821459547","-2.5566839634094896","-2.5566839634094896","-2.5566839634094896","-3.1082958137174934","-3.1082958137174934","-3.1082958137174934","-1.6612676808186648","-1.6612676808186648","-1.6612676808186648","-3.7484156159735824","-3.7484156159735824","-3.7484156159735824","-1.591294885232097","-1.591294885232097","-1.591294885232097","-2.016569681727419","-2.016569681727419","-2.016569681727419","-3.3218575612647996","-3.3218575612647996","-3.3218575612647996","-2.288318732648949","-2.288318732648949","-2.288318732648949","-2.2548827809000773","-2.2548827809000773","-2.2548827809000773","-3.091840962858389","-3.091840962858389","-3.091840962858389","-2.432566668990053","-2.432566668990053","-2.432566668990053","-1.274606288984104","-1.274606288984104","-1.274606288984104","-1.501724060627031","-1.501724060627031","-1.501724060627031","-1.7640177571745297","-1.7640177571745297","-1.7640177571745297","-1.9351983264250527","-1.9351983264250527","-1.9351983264250527","-2.121892620902989","-2.121892620902989","-2.121892620902989"
"43500","-4.337104980546758","-4.337104980546758","-4.337104980546758","-1.8892438890366399","-1.8892438890366399","-1.8892438890366399","-2.166489269367132","-2.166489269367132","-2.166489269367132","-2.9069811655620694","-2.9069811655620694","-2.9069811655620694","-2.257612646537391","-2.257612646537391","-2.257612646537391","-2.838678294131437","-2.838678294131437","-2.838678294131437","-1.8763994323161477","-1.8763994323161477","-1.8763994323161477","-3.692038107937563","-3.692038107937563","-3.692038107937563","-1.6211161903058902","-1.6211161903058902","-1.6211161903058902","-2.0176779872046717","-2.0176779872046717","-2.0176779872046717","-3.0061588314086656","-3.0061588314086656","-3.0061588314086656","-2.4811110114013806","-2.4811110114013806","-2.4811110114013806","-2.327477051350539","-2.327477051350539","-2.327477051350539","-2.961686143921152","-2.961686143921152","-2.961686143921152","-2.215727081733712","-2.215727081733712","-2.215727081733712","-1.2294045061788232","-1.2294045061788232","-1.2294045061788232","-1.385394128518358","-1.385394128518358","-1.385394128518358","-1.9328717754282523","-1.9328717754282523","-1.9328717754282523","-1.9173715133301676","-1.9173715133301676","-1.9173715133301676","-2.0897552103087427","-2.0897552103087427","-2.0897552103087427"
"44000","-3.6482988232266274","-3.6482988232266274","-3.6482988232266274","-1.92604025937355","-1.92604025937355","-1.92604025937355","-2.024562769237941","-2.024562769237941","-2.024562769237941","-3.159533031397805","-3.159533031397805","-3.159533031397805","-1.8500603812651044","-1.8500603812651044","-1.8500603812651044","-2.5639235863448224","-2.5639235863448224","-2.5639235863448224","-1.6646853967848187","-1.6646853967848187","-1.6646853967848187","-3.7558955237547145","-3.7558955237547145","-3.7558955237547145","-1.6727015009328485","-1.6727015009328485","-1.6727015009328485","-1.7505133018749226","-1.7505133018749226","-1.7505133018749226","-2.729549620652777","-2.729549620652777","-2.729549620652777","-2.471116410764058","-2.471116410764058","-2.471116410764058","-2.158058765539999","-2.158058765539999","-2.158058765539999","-2.9260212245105763","-2.9260212245105763","-2.9260212245105763","-2.496609377642433","-2.496609377642433","-2.496609377642433","-1.275332038882636","-1.275332038882636","-1.275332038882636","-1.571121970574042","-1.571121970574042","-1.571121970574042","-1.9664238815962185","-1.9664238815962185","-1.9664238815962185","-1.9825339623407672","-1.9825339623407672","-1.9825339623407672","-1.9646565382508787","-1.9646565382508787","-1.9646565382508787"
"44500","-4.461397657700739","-4.461397657700739","-4.461397657700739","-1.9979410601993646","-1.9979410601993646","-1.9979410601993646","-2.4477327579577626","-2.4477327579577626","-2.4477327579577626","-2.983519322339091","-2.983519322339091","-2.983519322339091","-1.7577363131214245","-1.7577363131214245","-1.7577363131214245","-2.380035447384247","-2.380035447384247","-2.380035447384247","-2.2361669515855653","-2.2361669515855653","-2.2361669515855653","-3.857695202647934","-3.857695202647934","-3.857695202647934","-1.503505211357891","-1.503505211357891","-1.503505211357891","-1.9747639618238808","-1.9747639618238808","-1.9747639618238808","-2.4282058406188547","-2.4282058406188547","-2.4282058406188547","-2.593002567090402","-2.593002567090402","-2.593002567090402","-2.03043142460373","-2.03043142460373","-2.03043142460373","-2.8523839527755213","-2.8523839527755213","-2.8523839527755213","-2.747072468974765","-2.747072468974765","-2.747072468974765","-1.0462102568283096","-1.0462102568283096","-1.0462102568283096","-1.367033511088928","-1.367033511088928","-1.367033511088928","-1.9909954231125666","-1.9909954231125666","-1.9909954231125666","-2.1072452914064486","-2.1072452914064486","-2.1072452914064486","-1.8746590761284232","-1.8746590761284232","-1.8746590761284232"
"45000","-3.811958958653814","-3.811958958653814","-3.811958958653814","-1.9615513790914718","-1.9615513790914718","-1.9615513790914718","-2.5082336600723893","-2.5082336600723893","-2.5082336600723893","-3.0327731975142513","-3.0327731975142513","-3.0327731975142513","-1.5603063219907591","-1.5603063219907591","-1.5603063219907591","-2.5503603469928593","-2.5503603469928593","-2.5503603469928593","-2.068321401388173","-2.068321401388173","-2.068321401388173","-3.7088728091477137","-3.7088728091477137","-3.7088728091477137","-1.427017861078743","-1.427017861078743","-1.427017861078743","-1.85996092986613","-1.85996092986613","-1.85996092986613","-2.6223483221747954","-2.6223483221747954","-2.6223483221747954","-2.814797419400147","-2.814797419400147","-2.814797419400147","-1.6681984254772708","-1.6681984254772708","-1.6681984254772708","-2.828455394751897","-2.828455394751897","-2.828455394751897","-2.5196951124804885","-2.5196951124804885","-2.5196951124804885","-1.1280681862293513","-1.1280681862293513","-1.1280681862293513","-1.498317445066154","-1.498317445066154","-1.498317445066154","-2.1074002460201795","-2.1074002460201795","-2.1074002460201795","-1.995299256773113","-1.995299256773113","-1.995299256773113","-1.9187101101587494","-1.9187101101587494","-1.9187101101587494"
"45500","-3.295947238226119","-3.295947238226119","-3.295947238226119","-2.2069142796545598","-2.2069142796545598","-2.2069142796545598","-2.376923785270013","-2.376923785270013","-2.376923785270013","-2.6953310466754683","-2.6953310466754683","-2.6953310466754683","-1.5623734162683285","-1.5623734162683285","-1.5623734162683285","-2.500912385412648","-2.500912385412648","-2.500912385412648","-2.1536116292318463","-2.1536116292318463","-2.1536116292318463","-3.7314151604170016","-3.7314151604170016","-3.7314151604170016","-1.5424974813483372","-1.5424974813483372","-1.5424974813483372","-2.2057585909268482","-2.2057585909268482","-2.2057585909268482","-2.6058234694077753","-2.6058234694077753","-2.6058234694077753","-2.6289029017596497","-2.6289029017596497","-2.6289029017596497","-1.7828798208028505","-1.7828798208028505","-1.7828798208028505","-2.645566977250164","-2.645566977250164","-2.645566977250164","-2.404826915974904","-2.404826915974904","-2.404826915974904","-1.107988212982593","-1.107988212982593","-1.107988212982593","-1.5550741993616422","-1.5550741993616422","-1.5550741993616422","-2.6128016280813764","-2.6128016280813764","-2.6128016280813764","-2.2218961568681554","-2.2218961568681554","-2.2218961568681554","-1.9413862931442438","-1.9413862931442438","-1.9413862931442438"
"46000","-3.4923475575066023","-3.4923475575066023","-3.4923475575066023","-2.510852611906845","-2.510852611906845","-2.510852611906845","-2.6607174642866953","-2.6607174642866953","-2.6607174642866953","-2.813394519250277","-2.813394519250277","-2.813394519250277","-1.8548725172601082","-1.8548725172601082","-1.8548725172601082","-2.4676492300478055","-2.4676492300478055","-2.4676492300478055","-2.374639755262367","-2.374639755262367","-2.374639755262367","-3.62716857855075","-3.62716857855075","-3.62716857855075","-1.3681970188753698","-1.3681970188753698","-1.3681970188753698","-2.1254176050416036","-2.1254176050416036","-2.1254176050416036","-2.6419354924647305","-2.6419354924647305","-2.6419354924647305","-2.287565928509707","-2.287565928509707","-2.287565928509707","-1.6986071921487031","-1.6986071921487031","-1.6986071921487031","-2.691575078785019","-2.691575078785019","-2.691575078785019","-2.7182067777024157","-2.7182067777024157","-2.7182067777024157","-1.1526206525254856","-1.1526206525254856","-1.1526206525254856","-1.3036659206319976","-1.3036659206319976","-1.3036659206319976","-2.1330470635003014","-2.1330470635003014","-2.1330470635003014","-1.9547933764836798","-1.9547933764836798","-1.9547933764836798","-1.8097171056548003","-1.8097171056548003","-1.8097171056548003"
"46500","-3.7810544044874677","-3.7810544044874677","-3.7810544044874677","-2.865124818053655","-2.865124818053655","-2.865124818053655","-2.091170690147957","-2.091170690147957","-2.091170690147957","-2.76169910972723","-2.76169910972723","-2.76169910972723","-1.7315856285767641","-1.7315856285767641","-1.7315856285767641","-2.601499166491849","-2.601499166491849","-2.601499166491849","-2.880126271640203","-2.880126271640203","-2.880126271640203","-3.319054451374959","-3.319054451374959","-3.319054451374959","-1.5519964362803313","-1.5519964362803313","-1.5519964362803313","-2.0888689867047328","-2.0888689867047328","-2.0888689867047328","-2.409046734331281","-2.409046734331281","-2.409046734331281","-2.465804518082769","-2.465804518082769","-2.465804518082769","-1.645798766416318","-1.645798766416318","-1.645798766416318","-2.624512740205615","-2.624512740205615","-2.624512740205615","-2.684447170701502","-2.684447170701502","-2.684447170701502","-0.9677520999357501","-0.9677520999357501","-0.9677520999357501","-1.7925534086437562","-1.7925534086437562","-1.7925534086437562","-2.07010750329469","-2.07010750329469","-2.07010750329469","-1.776129376666578","-1.776129376666578","-1.776129376666578","-1.8008449921833858","-1.8008449921833858","-1.8008449921833858"
"47000","-3.3579013334921712","-3.3579013334921712","-3.3579013334921712","-3.078014067184752","-3.078014067184752","-3.078014067184752","-2.117235679470709","-2.117235679470709","-2.117235679470709","-3.0280797802929085","-3.0280797802929085","-3.0280797802929085","-1.4373202086179235","-1.4373202086179235","-1.4373202086179235","-2.4579280484872226","-2.4579280484872226","-2.4579280484872226","-2.9031651904793456","-2.9031651904793456","-2.9031651904793456","-3.1205169252457066","-3.1205169252457066","-3.1205169252457066","-1.5001741420273964","-1.5001741420273964","-1.5001741420273964","-2.3826528380761003","-2.3826528380761003","-2.3826528380761003","-2.5618938034308187","-2.5618938034308187","-2.5618938034308187","-2.2914009636361605","-2.2914009636361605","-2.2914009636361605","-2.133333050024486","-2.133333050024486","-2.133333050024486","-2.3903546092312924","-2.3903546092312924","-2.3903546092312924","-2.616043392091173","-2.616043392091173","-2.616043392091173","-1.0081588772268864","-1.0081588772268864","-1.0081588772268864","-1.636153426788124","-1.636153426788124","-1.636153426788124","-2.1986853961983233","-2.1986853961983233","-2.1986853961983233","-1.6114861096551685","-1.6114861096551685","-1.6114861096551685","-1.9464737408438304","-1.9464737408438304","-1.9464737408438304"
"47500","-3.0722490126939337","-3.0722490126939337","-3.0722490126939337","-3.137811556733737","-3.137811556733737","-3.137811556733737","-2.092860131402566","-2.092860131402566","-2.092860131402566","-3.021891977221815","-3.021891977221815","-3.021891977221815","-1.6997114563429079","-1.6997114563429079","-1.6997114563429079","-2.513531876051776","-2.513531876051776","-2.513531876051776","-3.1137711703418853","-3.1137711703418853","-3.1137711703418853","-2.8022746503086666","-2.8022746503086666","-2.8022746503086666","-1.351809766263189","-1.351809766263189","-1.351809766263189","-2.939996382989407","-2.939996382989407","-2.939996382989407","-2.276332085900771","-2.276332085900771","-2.276332085900771","-2.6131262884968836","-2.6131262884968836","-2.6131262884968836","-1.7139678803700913","-1.7139678803700913","-1.7139678803700913","-2.250620660785699","-2.250620660785699","-2.250620660785699","-2.7822125930229533","-2.7822125930229533","-2.7822125930229533","-1.1845903628441672","-1.1845903628441672","-1.1845903628441672","-1.4283242699579266","-1.4283242699579266","-1.4283242699579266","-2.2896844104841727","-2.2896844104841727","-2.2896844104841727","-1.6802042246610742","-1.6802042246610742","-1.6802042246610742","-2.021684293153413","-2.021684293153413","-2.021684293153413"
"48000","-2.878913008981761","-2.878913008981761","-2.878913008981761","-2.948758055541797","-2.948758055541797","-2.948758055541797","-2.202050464402128","-2.202050464402128","-2.202050464402128","-2.841155017642566","-2.841155017642566","-2.841155017642566","-2.654191733338155","-2.654191733338155","-2.654191733338155","-2.2842517052896496","-2.2842517052896496","-2.2842517052896496","-3.046215746838528","-3.046215746838528","-3.046215746838528","-2.7214228221643313","-2.7214228221643313","-2.7214228221643313","-1.5077623035769703","-1.5077623035769703","-1.5077623035769703","-2.1695338447704784","-2.1695338447704784","-2.1695338447704784","-2.6201441310142712","-2.6201441310142712","-2.6201441310142712","-2.719890463175074","-2.719890463175074","-2.719890463175074","-1.903622461805271","-1.903622461805271","-1.903622461805271","-2.253966882286298","-2.253966882286298","-2.253966882286298","-2.4142932975412292","-2.4142932975412292","-2.4142932975412292","-1.180884490285568","-1.180884490285568","-1.180884490285568","-1.7470787632933487","-1.7470787632933487","-1.7470787632933487","-2.5328284599944437","-2.5328284599944437","-2.5328284599944437","-1.7967879107340337","-1.7967879107340337","-1.7967879107340337","-1.9572960010090377","-1.9572960010090377","-1.9572960010090377"
"48500","-3.1877609053153533","-3.1877609053153533","-3.1877609053153533","-3.1620190988536794","-3.1620190988536794","-3.1620190988536794","-2.1676064405062396","-2.1676064405062396","-2.1676064405062396","-2.6757930846674967","-2.6757930846674967","-2.6757930846674967","-2.5259037326318436","-2.5259037326318436","-2.5259037326318436","-2.553112464691421","-2.553112464691421","-2.553112464691421","-3.057774123908834","-3.057774123908834","-3.057774123908834","-2.36935023475303","-2.36935023475303","-2.36935023475303","-1.497715944059638","-1.497715944059638","-1.497715944059638","-2.520459527225179","-2.520459527225179","-2.520459527225179","-2.352321384223914","-2.352321384223914","-2.352321384223914","-2.430447331905158","-2.430447331905158","-2.430447331905158","-1.633741342153813","-1.633741342153813","-1.633741342153813","-2.454310746769522","-2.454310746769522","-2.454310746769522","-2.9721585649423936","-2.9721585649423936","-2.9721585649423936","-0.906201769946474","-0.906201769946474","-0.906201769946474","-1.6036293858263146","-1.6036293858263146","-1.6036293858263146","-2.7249694156879114","-2.7249694156879114","-2.7249694156879114","-1.7526504312059217","-1.7526504312059217","-1.7526504312059217","-1.7976267820656915","-1.7976267820656915","-1.7976267820656915"
"49000","-3.82833665968282","-3.82833665968282","-3.82833665968282","-3.3932737427412136","-3.3932737427412136","-3.3932737427412136","-2.3078600263802045","-2.3078600263802045","-2.3078600263802045","-2.8898886388158895","-2.8898886388158895","-2.8898886388158895","-2.511194058983063","-2.511194058983063","-2.511194058983063","-2.3149558773061822","-2.3149558773061822","-2.3149558773061822","-2.98396353121644","-2.98396353121644","-2.98396353121644","-1.907655309374364","-1.907655309374364","-1.907655309374364","-1.4075924273586904","-1.4075924273586904","-1.4075924273586904","-2.6125590348014414","-2.6125590348014414","-2.6125590348014414","-3.156950443794932","-3.156950443794932","-3.156950443794932","-2.3904881140794005","-2.3904881140794005","-2.3904881140794005","-1.623235753021553","-1.623235753021553","-1.623235753021553","-2.329032683388278","-2.329032683388278","-2.329032683388278","-2.685732995612203","-2.685732995612203","-2.685732995612203","-1.0841653444295958","-1.0841653444295958","-1.0841653444295958","-1.466051698321922","-1.466051698321922","-1.466051698321922","-2.5597653933398603","-2.5597653933398603","-2.5597653933398603","-1.7578665451035966","-1.7578665451035966","-1.7578665451035966","-1.818288101198879","-1.818288101198879","-1.818288101198879"
"49500","-3.6866978088406435","-3.6866978088406435","-3.6866978088406435","-3.215463129072765","-3.215463129072765","-3.215463129072765","-2.322445450605274","-2.322445450605274","-2.322445450605274","-2.9699051767237807","-2.9699051767237807","-2.9699051767237807","-2.2896424129968946","-2.2896424129968946","-2.2896424129968946","-2.303822289395264","-2.303822289395264","-2.303822289395264","-3.102737961654277","-3.102737961654277","-3.102737961654277","-1.8516763811521089","-1.8516763811521089","-1.8516763811521089","-1.74425323870955","-1.74425323870955","-1.74425323870955","-3.2341957365958733","-3.2341957365958733","-3.2341957365958733","-2.407566138510135","-2.407566138510135","-2.407566138510135","-2.4973828895368118","-2.4973828895368118","-2.4973828895368118","-1.5088904423167306","-1.5088904423167306","-1.5088904423167306","-2.6117829858858825","-2.6117829858858825","-2.6117829858858825","-2.8640231119563473","-2.8640231119563473","-2.8640231119563473","-1.1991574897669417","-1.1991574897669417","-1.1991574897669417","-2.059743750141796","-2.059743750141796","-2.059743750141796","-2.2362166791317515","-2.2362166791317515","-2.2362166791317515","-1.6378925682018086","-1.6378925682018086","-1.6378925682018086","-1.818621031362238","-1.818621031362238","-1.818621031362238"
"50000","-4.667834894441867","-4.667834894441867","-4.667834894441867","-3.507310413423202","-3.507310413423202","-3.507310413423202","-2.333932225020951","-2.333932225020951","-2.333932225020951","-2.9734240284119005","-2.9734240284119005","-2.9734240284119005","-2.0345806948606016","-2.0345806948606016","-2.0345806948606016","-2.1111530031188295","-2.1111530031188295","-2.1111530031188295","-3.340470980482869","-3.340470980482869","-3.340470980482869","-2.0509835136255643","-2.0509835136255643","-2.0509835136255643","-1.7583070518458874","-1.7583070518458874","-1.7583070518458874","-3.2090952128370356","-3.2090952128370356","-3.2090952128370356","-2.7576450720220285","-2.7576450720220285","-2.7576450720220285","-2.539726147699411","-2.539726147699411","-2.539726147699411","-2.0131523158432736","-2.0131523158432736","-2.0131523158432736","-2.484124152992613","-2.484124152992613","-2.484124152992613","-2.5267920126247323","-2.5267920126247323","-2.5267920126247323","-1.2270572836947184","-1.2270572836947184","-1.2270572836947184","-1.7064262845864202","-1.7064262845864202","-1.7064262845864202","-2.277703773757856","-2.277703773757856","-2.277703773757856","-1.7600391609708423","-1.7600391609708423","-1.7600391609708423","-1.8174619103866554","-1.8174619103866554","-1.8174619103866554"