"Step","DDPG_EQL_FetchReachDense-v4_19 - eval/avg_reward","DDPG_EQL_FetchReachDense-v4_19 - eval/avg_reward__MIN","DDPG_EQL_FetchReachDense-v4_19 - eval/avg_reward__MAX","DDPG_EQL_FetchReachDense-v4_18 - eval/avg_reward","DDPG_EQL_FetchReachDense-v4_18 - eval/avg_reward__MIN","DDPG_EQL_FetchReachDense-v4_18 - eval/avg_reward__MAX","DDPG_EQL_FetchReachDense-v4_17 - eval/avg_reward","DDPG_EQL_FetchReachDense-v4_17 - eval/avg_reward__MIN","DDPG_EQL_FetchReachDense-v4_17 - eval/avg_reward__MAX","DDPG_EQL_FetchReachDense-v4_16 - eval/avg_reward","DDPG_EQL_FetchReachDense-v4_16 - eval/avg_reward__MIN","DDPG_EQL_FetchReachDense-v4_16 - eval/avg_reward__MAX","DDPG_EQL_FetchReachDense-v4_15 - eval/avg_reward","DDPG_EQL_FetchReachDense-v4_15 - eval/avg_reward__MIN","DDPG_EQL_FetchReachDense-v4_15 - eval/avg_reward__MAX","DDPG_EQL_FetchReachDense-v4_14 - eval/avg_reward","DDPG_EQL_FetchReachDense-v4_14 - eval/avg_reward__MIN","DDPG_EQL_FetchReachDense-v4_14 - eval/avg_reward__MAX","DDPG_EQL_FetchReachDense-v4_13 - eval/avg_reward","DDPG_EQL_FetchReachDense-v4_13 - eval/avg_reward__MIN","DDPG_EQL_FetchReachDense-v4_13 - eval/avg_reward__MAX","DDPG_EQL_FetchReachDense-v4_12 - eval/avg_reward","DDPG_EQL_FetchReachDense-v4_12 - eval/avg_reward__MIN","DDPG_EQL_FetchReachDense-v4_12 - eval/avg_reward__MAX","DDPG_EQL_FetchReachDense-v4_11 - eval/avg_reward","DDPG_EQL_FetchReachDense-v4_11 - eval/avg_reward__MIN","DDPG_EQL_FetchReachDense-v4_11 - eval/avg_reward__MAX","DDPG_EQL_FetchReachDense-v4_10 - eval/avg_reward","DDPG_EQL_FetchReachDense-v4_10 - eval/avg_reward__MIN","DDPG_EQL_FetchReachDense-v4_10 - eval/avg_reward__MAX","DDPG_EQL_FetchReachDense-v4_9 - eval/avg_reward","DDPG_EQL_FetchReachDense-v4_9 - eval/avg_reward__MIN","DDPG_EQL_FetchReachDense-v4_9 - eval/avg_reward__MAX","DDPG_EQL_FetchReachDense-v4_8 - eval/avg_reward","DDPG_EQL_FetchReachDense-v4_8 - eval/avg_reward__MIN","DDPG_EQL_FetchReachDense-v4_8 - eval/avg_reward__MAX","DDPG_EQL_FetchReachDense-v4_7 - eval/avg_reward","DDPG_EQL_FetchReachDense-v4_7 - eval/avg_reward__MIN","DDPG_EQL_FetchReachDense-v4_7 - eval/avg_reward__MAX","DDPG_EQL_FetchReachDense-v4_6 - eval/avg_reward","DDPG_EQL_FetchReachDense-v4_6 - eval/avg_reward__MIN","DDPG_EQL_FetchReachDense-v4_6 - eval/avg_reward__MAX","DDPG_EQL_FetchReachDense-v4_5 - eval/avg_reward","DDPG_EQL_FetchReachDense-v4_5 - eval/avg_reward__MIN","DDPG_EQL_FetchReachDense-v4_5 - eval/avg_reward__MAX","DDPG_EQL_FetchReachDense-v4_4 - eval/avg_reward","DDPG_EQL_FetchReachDense-v4_4 - eval/avg_reward__MIN","DDPG_EQL_FetchReachDense-v4_4 - eval/avg_reward__MAX","DDPG_EQL_FetchReachDense-v4_3 - eval/avg_reward","DDPG_EQL_FetchReachDense-v4_3 - eval/avg_reward__MIN","DDPG_EQL_FetchReachDense-v4_3 - eval/avg_reward__MAX","DDPG_EQL_FetchReachDense-v4_2 - eval/avg_reward","DDPG_EQL_FetchReachDense-v4_2 - eval/avg_reward__MIN","DDPG_EQL_FetchReachDense-v4_2 - eval/avg_reward__MAX","DDPG_EQL_FetchReachDense-v4_1 - eval/avg_reward","DDPG_EQL_FetchReachDense-v4_1 - eval/avg_reward__MIN","DDPG_EQL_FetchReachDense-v4_1 - eval/avg_reward__MAX","DDPG_EQL_FetchReachDense-v4_0 - eval/avg_reward","DDPG_EQL_FetchReachDense-v4_0 - eval/avg_reward__MIN","DDPG_EQL_FetchReachDense-v4_0 - eval/avg_reward__MAX"
"0","-7.5413335490338","-7.5413335490338","-7.5413335490338","-10.194310233025089","-10.194310233025089","-10.194310233025089","-6.431590333339239","-6.431590333339239","-6.431590333339239","-10.413339356086492","-10.413339356086492","-10.413339356086492","-13.934925193751543","-13.934925193751543","-13.934925193751543","-6.747667445890594","-6.747667445890594","-6.747667445890594","-9.018317770819227","-9.018317770819227","-9.018317770819227","-7.55756903767877","-7.55756903767877","-7.55756903767877","-7.8196747967321425","-7.8196747967321425","-7.8196747967321425","-9.37557693739148","-9.37557693739148","-9.37557693739148","-8.740126210497914","-8.740126210497914","-8.740126210497914","-18.389791910644913","-18.389791910644913","-18.389791910644913","-6.785092667271307","-6.785092667271307","-6.785092667271307","-11.153577886572545","-11.153577886572545","-11.153577886572545","-8.425178141920162","-8.425178141920162","-8.425178141920162","-9.869553051899654","-9.869553051899654","-9.869553051899654","-10.14956988773546","-10.14956988773546","-10.14956988773546","-7.877434870211326","-7.877434870211326","-7.877434870211326","-11.145132858761531","-11.145132858761531","-11.145132858761531","-10.2024648780856","-10.2024648780856","-10.2024648780856"
"500","-7.5413335490338","-7.5413335490338","-7.5413335490338","-10.194310233025089","-10.194310233025089","-10.194310233025089","-6.431590333339239","-6.431590333339239","-6.431590333339239","-10.413339356086492","-10.413339356086492","-10.413339356086492","-13.934925193751543","-13.934925193751543","-13.934925193751543","-6.747667445890594","-6.747667445890594","-6.747667445890594","-9.018317770819227","-9.018317770819227","-9.018317770819227","-7.55756903767877","-7.55756903767877","-7.55756903767877","-7.8196747967321425","-7.8196747967321425","-7.8196747967321425","-9.37557693739148","-9.37557693739148","-9.37557693739148","-8.740126210497914","-8.740126210497914","-8.740126210497914","-18.389791910644913","-18.389791910644913","-18.389791910644913","-6.785092667271307","-6.785092667271307","-6.785092667271307","-11.153577886572545","-11.153577886572545","-11.153577886572545","-8.425178141920162","-8.425178141920162","-8.425178141920162","-9.869553051899654","-9.869553051899654","-9.869553051899654","-10.14956988773546","-10.14956988773546","-10.14956988773546","-7.877434870211326","-7.877434870211326","-7.877434870211326","-11.145132858761531","-11.145132858761531","-11.145132858761531","-10.2024648780856","-10.2024648780856","-10.2024648780856"
"1000","-7.5413335490338","-7.5413335490338","-7.5413335490338","-10.095059318363553","-10.095059318363553","-10.095059318363553","-6.431590333339239","-6.431590333339239","-6.431590333339239","-10.413339356086492","-10.413339356086492","-10.413339356086492","-14.556809962818932","-14.556809962818932","-14.556809962818932","-6.747667445890594","-6.747667445890594","-6.747667445890594","-9.018317770819227","-9.018317770819227","-9.018317770819227","-8.244928014355876","-8.244928014355876","-8.244928014355876","-7.8196747967321425","-7.8196747967321425","-7.8196747967321425","-9.37557693739148","-9.37557693739148","-9.37557693739148","-9.011092586816897","-9.011092586816897","-9.011092586816897","-18.389791910644913","-18.389791910644913","-18.389791910644913","-6.785092667271307","-6.785092667271307","-6.785092667271307","-11.153577886572545","-11.153577886572545","-11.153577886572545","-8.100925691529591","-8.100925691529591","-8.100925691529591","-9.869553051899654","-9.869553051899654","-9.869553051899654","-10.14956988773546","-10.14956988773546","-10.14956988773546","-7.877434870211326","-7.877434870211326","-7.877434870211326","-10.827068614398494","-10.827068614398494","-10.827068614398494","-9.492008993656295","-9.492008993656295","-9.492008993656295"
"1500","-9.124173901727788","-9.124173901727788","-9.124173901727788","-20.81504018302203","-20.81504018302203","-20.81504018302203","-12.440401621381117","-12.440401621381117","-12.440401621381117","-17.306092115582235","-17.306092115582235","-17.306092115582235","-18.735821138925854","-18.735821138925854","-18.735821138925854","-12.673212318185357","-12.673212318185357","-12.673212318185357","-48.92742339959162","-48.92742339959162","-48.92742339959162","-6.765493985370514","-6.765493985370514","-6.765493985370514","-12.051416412100677","-12.051416412100677","-12.051416412100677","-9.386394079844822","-9.386394079844822","-9.386394079844822","-10.499343577657143","-10.499343577657143","-10.499343577657143","-7.944007708920883","-7.944007708920883","-7.944007708920883","-13.550210570500914","-13.550210570500914","-13.550210570500914","-12.739628718842818","-12.739628718842818","-12.739628718842818","-20.733959901199807","-20.733959901199807","-20.733959901199807","-16.05063672979743","-16.05063672979743","-16.05063672979743","-11.234603197882745","-11.234603197882745","-11.234603197882745","-12.762501109608937","-12.762501109608937","-12.762501109608937","-10.520790877874953","-10.520790877874953","-10.520790877874953","-13.040947818576132","-13.040947818576132","-13.040947818576132"
"2000","-12.046956610895359","-12.046956610895359","-12.046956610895359","-12.133600161080029","-12.133600161080029","-12.133600161080029","-25.095571305335493","-25.095571305335493","-25.095571305335493","-13.202263072407664","-13.202263072407664","-13.202263072407664","-14.64645365764325","-14.64645365764325","-14.64645365764325","-9.383311678637194","-9.383311678637194","-9.383311678637194","-20.311599106101905","-20.311599106101905","-20.311599106101905","-12.923971354098578","-12.923971354098578","-12.923971354098578","-13.74008300121459","-13.74008300121459","-13.74008300121459","-14.683749340156572","-14.683749340156572","-14.683749340156572","-10.930639415100917","-10.930639415100917","-10.930639415100917","-7.546968438890493","-7.546968438890493","-7.546968438890493","-10.843549406804224","-10.843549406804224","-10.843549406804224","-17.760044024674123","-17.760044024674123","-17.760044024674123","-14.799830055724593","-14.799830055724593","-14.799830055724593","-14.460573782189268","-14.460573782189268","-14.460573782189268","-20.28823254617845","-20.28823254617845","-20.28823254617845","-26.709256436280647","-26.709256436280647","-26.709256436280647","-10.260975811628015","-10.260975811628015","-10.260975811628015","-7.172103325622194","-7.172103325622194","-7.172103325622194"
"2500","-11.988879760684782","-11.988879760684782","-11.988879760684782","-13.918914616104946","-13.918914616104946","-13.918914616104946","-18.446470989977005","-18.446470989977005","-18.446470989977005","-11.814543059027919","-11.814543059027919","-11.814543059027919","-7.002260308141968","-7.002260308141968","-7.002260308141968","-9.593457692362154","-9.593457692362154","-9.593457692362154","-26.96188108553803","-26.96188108553803","-26.96188108553803","-7.924762338889787","-7.924762338889787","-7.924762338889787","-6.807547034497392","-6.807547034497392","-6.807547034497392","-8.040969784999687","-8.040969784999687","-8.040969784999687","-11.036746219077006","-11.036746219077006","-11.036746219077006","-11.86415431871821","-11.86415431871821","-11.86415431871821","-10.925972670608774","-10.925972670608774","-10.925972670608774","-14.914471758662543","-14.914471758662543","-14.914471758662543","-11.98806247819817","-11.98806247819817","-11.98806247819817","-11.408148131575981","-11.408148131575981","-11.408148131575981","-7.209901955166705","-7.209901955166705","-7.209901955166705","-10.747539956292844","-10.747539956292844","-10.747539956292844","-8.105162584980064","-8.105162584980064","-8.105162584980064","-9.16614234009272","-9.16614234009272","-9.16614234009272"
"3000","-11.134066420481807","-11.134066420481807","-11.134066420481807","-14.551951815268788","-14.551951815268788","-14.551951815268788","-13.668976483597735","-13.668976483597735","-13.668976483597735","-9.182353966121356","-9.182353966121356","-9.182353966121356","-7.259243083500786","-7.259243083500786","-7.259243083500786","-10.68424931193993","-10.68424931193993","-10.68424931193993","-19.66166118849392","-19.66166118849392","-19.66166118849392","-7.951849984265991","-7.951849984265991","-7.951849984265991","-22.22391184102677","-22.22391184102677","-22.22391184102677","-10.35749522972708","-10.35749522972708","-10.35749522972708","-10.364212347415553","-10.364212347415553","-10.364212347415553","-12.544349570410573","-12.544349570410573","-12.544349570410573","-10.14403369051622","-10.14403369051622","-10.14403369051622","-9.396776731360278","-9.396776731360278","-9.396776731360278","-16.227703278667445","-16.227703278667445","-16.227703278667445","-9.925856915020528","-9.925856915020528","-9.925856915020528","-8.517178828813718","-8.517178828813718","-8.517178828813718","-10.57129136434614","-10.57129136434614","-10.57129136434614","-7.001266733435895","-7.001266733435895","-7.001266733435895","-13.4582220469286","-13.4582220469286","-13.4582220469286"
"3500","-8.89955030717695","-8.89955030717695","-8.89955030717695","-14.636027109151579","-14.636027109151579","-14.636027109151579","-7.629009932926584","-7.629009932926584","-7.629009932926584","-11.00082240639092","-11.00082240639092","-11.00082240639092","-7.343489442199491","-7.343489442199491","-7.343489442199491","-6.7826147603449725","-6.7826147603449725","-6.7826147603449725","-19.256994567134008","-19.256994567134008","-19.256994567134008","-10.744053123769536","-10.744053123769536","-10.744053123769536","-11.976073788941124","-11.976073788941124","-11.976073788941124","-10.25979137486066","-10.25979137486066","-10.25979137486066","-11.203047354811503","-11.203047354811503","-11.203047354811503","-13.642257522359841","-13.642257522359841","-13.642257522359841","-12.478670054782267","-12.478670054782267","-12.478670054782267","-13.779455644593725","-13.779455644593725","-13.779455644593725","-6.622883779704116","-6.622883779704116","-6.622883779704116","-5.9053141194481995","-5.9053141194481995","-5.9053141194481995","-8.178003817285452","-8.178003817285452","-8.178003817285452","-7.726129836377718","-7.726129836377718","-7.726129836377718","-26.3410693789304","-26.3410693789304","-26.3410693789304","-37.314197826969846","-37.314197826969846","-37.314197826969846"
"4000","-8.67219657183853","-8.67219657183853","-8.67219657183853","-6.387124390684721","-6.387124390684721","-6.387124390684721","-11.062965552227986","-11.062965552227986","-11.062965552227986","-9.155829674559623","-9.155829674559623","-9.155829674559623","-10.946660507523085","-10.946660507523085","-10.946660507523085","-6.65009464304657","-6.65009464304657","-6.65009464304657","-16.20999072984941","-16.20999072984941","-16.20999072984941","-10.785949764664295","-10.785949764664295","-10.785949764664295","-8.739234918561428","-8.739234918561428","-8.739234918561428","-7.676449138847128","-7.676449138847128","-7.676449138847128","-6.892945041371327","-6.892945041371327","-6.892945041371327","-9.281675534846332","-9.281675534846332","-9.281675534846332","-19.490576855891472","-19.490576855891472","-19.490576855891472","-12.791193226734299","-12.791193226734299","-12.791193226734299","-11.074179575472542","-11.074179575472542","-11.074179575472542","-6.907866741361596","-6.907866741361596","-6.907866741361596","-8.939238168618605","-8.939238168618605","-8.939238168618605","-6.504220594452522","-6.504220594452522","-6.504220594452522","-9.355811142831701","-9.355811142831701","-9.355811142831701","-20.702058008928468","-20.702058008928468","-20.702058008928468"
"4500","-12.98180548826004","-12.98180548826004","-12.98180548826004","-10.991086451861474","-10.991086451861474","-10.991086451861474","-6.907281744598168","-6.907281744598168","-6.907281744598168","-13.687917672669528","-13.687917672669528","-13.687917672669528","-7.658447803333329","-7.658447803333329","-7.658447803333329","-7.531193479739786","-7.531193479739786","-7.531193479739786","-10.358786532535063","-10.358786532535063","-10.358786532535063","-9.907719390892918","-9.907719390892918","-9.907719390892918","-6.6406750268377905","-6.6406750268377905","-6.6406750268377905","-9.953394284862751","-9.953394284862751","-9.953394284862751","-18.58037668668009","-18.58037668668009","-18.58037668668009","-9.268668038016092","-9.268668038016092","-9.268668038016092","-10.029209596272327","-10.029209596272327","-10.029209596272327","-8.458416481093344","-8.458416481093344","-8.458416481093344","-8.63670136177238","-8.63670136177238","-8.63670136177238","-8.471201730801692","-8.471201730801692","-8.471201730801692","-8.689689071182679","-8.689689071182679","-8.689689071182679","-4.759672543123406","-4.759672543123406","-4.759672543123406","-7.517084551586665","-7.517084551586665","-7.517084551586665","-9.446206521591225","-9.446206521591225","-9.446206521591225"
"5000","-8.767990067185027","-8.767990067185027","-8.767990067185027","-6.7832047478066","-6.7832047478066","-6.7832047478066","-8.803874608724989","-8.803874608724989","-8.803874608724989","-5.7609341334492274","-5.7609341334492274","-5.7609341334492274","-25.092509987952365","-25.092509987952365","-25.092509987952365","-8.146723327737684","-8.146723327737684","-8.146723327737684","-12.419003176174575","-12.419003176174575","-12.419003176174575","-9.533208819526724","-9.533208819526724","-9.533208819526724","-6.192345813691974","-6.192345813691974","-6.192345813691974","-5.744687903122785","-5.744687903122785","-5.744687903122785","-8.42795511005637","-8.42795511005637","-8.42795511005637","-6.530302435838306","-6.530302435838306","-6.530302435838306","-6.81401180372966","-6.81401180372966","-6.81401180372966","-6.773097207837725","-6.773097207837725","-6.773097207837725","-10.886785347539353","-10.886785347539353","-10.886785347539353","-5.124835453935125","-5.124835453935125","-5.124835453935125","-7.926535006147999","-7.926535006147999","-7.926535006147999","-4.953265988318369","-4.953265988318369","-4.953265988318369","-10.287036857095307","-10.287036857095307","-10.287036857095307","-8.896631199454905","-8.896631199454905","-8.896631199454905"
"5500","-8.835804296247856","-8.835804296247856","-8.835804296247856","-4.906267526810763","-4.906267526810763","-4.906267526810763","-9.987747289615056","-9.987747289615056","-9.987747289615056","-5.267004733671472","-5.267004733671472","-5.267004733671472","-7.926133140554467","-7.926133140554467","-7.926133140554467","-4.753832818459235","-4.753832818459235","-4.753832818459235","-10.647356045672877","-10.647356045672877","-10.647356045672877","-5.088437930790657","-5.088437930790657","-5.088437930790657","-4.551135248908592","-4.551135248908592","-4.551135248908592","-5.827853383765052","-5.827853383765052","-5.827853383765052","-5.646397880895082","-5.646397880895082","-5.646397880895082","-4.263489629022011","-4.263489629022011","-4.263489629022011","-4.030814440074333","-4.030814440074333","-4.030814440074333","-5.801154376637448","-5.801154376637448","-5.801154376637448","-5.275376096029333","-5.275376096029333","-5.275376096029333","-4.616897027519322","-4.616897027519322","-4.616897027519322","-6.340173965836662","-6.340173965836662","-6.340173965836662","-7.015029208464926","-7.015029208464926","-7.015029208464926","-8.770112319405179","-8.770112319405179","-8.770112319405179","-5.708650263319579","-5.708650263319579","-5.708650263319579"
"6000","-7.468514628385255","-7.468514628385255","-7.468514628385255","-4.886146984448094","-4.886146984448094","-4.886146984448094","-12.811867566659515","-12.811867566659515","-12.811867566659515","-4.996304545135546","-4.996304545135546","-4.996304545135546","-4.239736993374152","-4.239736993374152","-4.239736993374152","-7.263583653527462","-7.263583653527462","-7.263583653527462","-9.233087912922592","-9.233087912922592","-9.233087912922592","-5.963085222871238","-5.963085222871238","-5.963085222871238","-4.966835037686808","-4.966835037686808","-4.966835037686808","-4.43561152449773","-4.43561152449773","-4.43561152449773","-5.52194689557299","-5.52194689557299","-5.52194689557299","-4.578932769170692","-4.578932769170692","-4.578932769170692","-4.042615249503295","-4.042615249503295","-4.042615249503295","-6.049710370452568","-6.049710370452568","-6.049710370452568","-6.198943111930097","-6.198943111930097","-6.198943111930097","-6.538558231963501","-6.538558231963501","-6.538558231963501","-6.177195613171006","-6.177195613171006","-6.177195613171006","-4.724469922935851","-4.724469922935851","-4.724469922935851","-12.841429942384616","-12.841429942384616","-12.841429942384616","-6.341448312134339","-6.341448312134339","-6.341448312134339"
"6500","-8.075604849404343","-8.075604849404343","-8.075604849404343","-7.221993889311269","-7.221993889311269","-7.221993889311269","-9.325785161620066","-9.325785161620066","-9.325785161620066","-5.193143801008581","-5.193143801008581","-5.193143801008581","-5.669239899900232","-5.669239899900232","-5.669239899900232","-5.346676034580876","-5.346676034580876","-5.346676034580876","-9.08958826837763","-9.08958826837763","-9.08958826837763","-5.584818869957558","-5.584818869957558","-5.584818869957558","-4.32317522768093","-4.32317522768093","-4.32317522768093","-4.8476879171088445","-4.8476879171088445","-4.8476879171088445","-5.370438719230242","-5.370438719230242","-5.370438719230242","-5.6490352334474405","-5.6490352334474405","-5.6490352334474405","-6.649230256633587","-6.649230256633587","-6.649230256633587","-8.018733984001802","-8.018733984001802","-8.018733984001802","-3.724283751733607","-3.724283751733607","-3.724283751733607","-5.7878642478033","-5.7878642478033","-5.7878642478033","-5.125525263040794","-5.125525263040794","-5.125525263040794","-6.24508630962782","-6.24508630962782","-6.24508630962782","-10.82203354330895","-10.82203354330895","-10.82203354330895","-4.569355929699265","-4.569355929699265","-4.569355929699265"
"7000","-6.497720128460581","-6.497720128460581","-6.497720128460581","-9.598751726145172","-9.598751726145172","-9.598751726145172","-10.315227740103625","-10.315227740103625","-10.315227740103625","-5.371434185107863","-5.371434185107863","-5.371434185107863","-6.096458501504314","-6.096458501504314","-6.096458501504314","-6.957852042048733","-6.957852042048733","-6.957852042048733","-7.666496952595369","-7.666496952595369","-7.666496952595369","-4.203996586339343","-4.203996586339343","-4.203996586339343","-4.043496247032152","-4.043496247032152","-4.043496247032152","-4.601550567500031","-4.601550567500031","-4.601550567500031","-4.612440100736062","-4.612440100736062","-4.612440100736062","-5.604121720517459","-5.604121720517459","-5.604121720517459","-4.7718281674496","-4.7718281674496","-4.7718281674496","-5.925296693547191","-5.925296693547191","-5.925296693547191","-4.358446181887386","-4.358446181887386","-4.358446181887386","-6.71187805256081","-6.71187805256081","-6.71187805256081","-4.614278000183884","-4.614278000183884","-4.614278000183884","-5.389790292725348","-5.389790292725348","-5.389790292725348","-5.3963233036290905","-5.3963233036290905","-5.3963233036290905","-6.1545095110040124","-6.1545095110040124","-6.1545095110040124"
"7500","-12.63993394603221","-12.63993394603221","-12.63993394603221","-11.897807774587008","-11.897807774587008","-11.897807774587008","-7.231443179418491","-7.231443179418491","-7.231443179418491","-5.13411933501241","-5.13411933501241","-5.13411933501241","-5.135178099683272","-5.135178099683272","-5.135178099683272","-5.315133521998166","-5.315133521998166","-5.315133521998166","-7.672480336028367","-7.672480336028367","-7.672480336028367","-4.438717814368404","-4.438717814368404","-4.438717814368404","-3.687494256957706","-3.687494256957706","-3.687494256957706","-5.869839380882101","-5.869839380882101","-5.869839380882101","-4.456354858314596","-4.456354858314596","-4.456354858314596","-4.6556710998839455","-4.6556710998839455","-4.6556710998839455","-4.257763320517813","-4.257763320517813","-4.257763320517813","-4.55138036559841","-4.55138036559841","-4.55138036559841","-4.024950148319366","-4.024950148319366","-4.024950148319366","-6.057852099729239","-6.057852099729239","-6.057852099729239","-6.268737663573375","-6.268737663573375","-6.268737663573375","-5.860830018182985","-5.860830018182985","-5.860830018182985","-5.946303507027317","-5.946303507027317","-5.946303507027317","-5.739930972296091","-5.739930972296091","-5.739930972296091"
"8000","-7.145614198840735","-7.145614198840735","-7.145614198840735","-8.167433668114738","-8.167433668114738","-8.167433668114738","-4.529294878666244","-4.529294878666244","-4.529294878666244","-4.779644164393806","-4.779644164393806","-4.779644164393806","-4.998202974918531","-4.998202974918531","-4.998202974918531","-4.500195579181796","-4.500195579181796","-4.500195579181796","-7.064731753322358","-7.064731753322358","-7.064731753322358","-4.0342329814671505","-4.0342329814671505","-4.0342329814671505","-3.2551179398180365","-3.2551179398180365","-3.2551179398180365","-4.775928079198508","-4.775928079198508","-4.775928079198508","-4.521845326859931","-4.521845326859931","-4.521845326859931","-3.3673790267138712","-3.3673790267138712","-3.3673790267138712","-4.158278038055151","-4.158278038055151","-4.158278038055151","-5.287826586156726","-5.287826586156726","-5.287826586156726","-5.344808851381061","-5.344808851381061","-5.344808851381061","-5.1773643860782546","-5.1773643860782546","-5.1773643860782546","-3.54902179791605","-3.54902179791605","-3.54902179791605","-3.9543849737889","-3.9543849737889","-3.9543849737889","-6.657350625603447","-6.657350625603447","-6.657350625603447","-5.404156582765144","-5.404156582765144","-5.404156582765144"
"8500","-6.180546944340295","-6.180546944340295","-6.180546944340295","-8.514471172195744","-8.514471172195744","-8.514471172195744","-4.390576878478493","-4.390576878478493","-4.390576878478493","-6.160411777518988","-6.160411777518988","-6.160411777518988","-5.393810774120048","-5.393810774120048","-5.393810774120048","-4.678516105787331","-4.678516105787331","-4.678516105787331","-9.12061065995643","-9.12061065995643","-9.12061065995643","-3.5026745725332225","-3.5026745725332225","-3.5026745725332225","-4.299010210655242","-4.299010210655242","-4.299010210655242","-3.817698047368593","-3.817698047368593","-3.817698047368593","-3.172470616197068","-3.172470616197068","-3.172470616197068","-4.385753451751943","-4.385753451751943","-4.385753451751943","-4.996648952100518","-4.996648952100518","-4.996648952100518","-7.6440214317006525","-7.6440214317006525","-7.6440214317006525","-4.0136202487946","-4.0136202487946","-4.0136202487946","-4.913713402744412","-4.913713402744412","-4.913713402744412","-4.207451902168735","-4.207451902168735","-4.207451902168735","-3.5396418706969484","-3.5396418706969484","-3.5396418706969484","-6.17020123883033","-6.17020123883033","-6.17020123883033","-4.316235140701774","-4.316235140701774","-4.316235140701774"
"9000","-6.1322069200755065","-6.1322069200755065","-6.1322069200755065","-6.020625964910057","-6.020625964910057","-6.020625964910057","-5.554202322645517","-5.554202322645517","-5.554202322645517","-4.547866076082942","-4.547866076082942","-4.547866076082942","-5.379604213820075","-5.379604213820075","-5.379604213820075","-5.0598744150356705","-5.0598744150356705","-5.0598744150356705","-10.586246735945744","-10.586246735945744","-10.586246735945744","-3.1380492543274885","-3.1380492543274885","-3.1380492543274885","-3.5368175433104767","-3.5368175433104767","-3.5368175433104767","-3.7508291237921285","-3.7508291237921285","-3.7508291237921285","-3.4124974746391645","-3.4124974746391645","-3.4124974746391645","-3.3008069788019525","-3.3008069788019525","-3.3008069788019525","-2.9716627524690864","-2.9716627524690864","-2.9716627524690864","-4.72121781005301","-4.72121781005301","-4.72121781005301","-5.449343478077863","-5.449343478077863","-5.449343478077863","-6.098039522406399","-6.098039522406399","-6.098039522406399","-4.540728056616448","-4.540728056616448","-4.540728056616448","-4.269197211271215","-4.269197211271215","-4.269197211271215","-4.812710930281753","-4.812710930281753","-4.812710930281753","-5.118855713873991","-5.118855713873991","-5.118855713873991"
"9500","-4.854857100291288","-4.854857100291288","-4.854857100291288","-7.121156127047838","-7.121156127047838","-7.121156127047838","-5.855492756054615","-5.855492756054615","-5.855492756054615","-5.000222635637345","-5.000222635637345","-5.000222635637345","-4.618905120674024","-4.618905120674024","-4.618905120674024","-2.9484955366367864","-2.9484955366367864","-2.9484955366367864","-7.8592740393478","-7.8592740393478","-7.8592740393478","-4.703564754746388","-4.703564754746388","-4.703564754746388","-2.5775459467340136","-2.5775459467340136","-2.5775459467340136","-3.3879837964199426","-3.3879837964199426","-3.3879837964199426","-4.01299166367972","-4.01299166367972","-4.01299166367972","-3.334509339024821","-3.334509339024821","-3.334509339024821","-2.9263366344218746","-2.9263366344218746","-2.9263366344218746","-3.80329422354511","-3.80329422354511","-3.80329422354511","-3.7541068811357206","-3.7541068811357206","-3.7541068811357206","-5.787243286668821","-5.787243286668821","-5.787243286668821","-2.905508432780736","-2.905508432780736","-2.905508432780736","-3.86680401402579","-3.86680401402579","-3.86680401402579","-3.667854309028359","-3.667854309028359","-3.667854309028359","-4.246214977907399","-4.246214977907399","-4.246214977907399"
"10000","-3.28506133994989","-3.28506133994989","-3.28506133994989","-6.3736209347031165","-6.3736209347031165","-6.3736209347031165","-6.337476464526828","-6.337476464526828","-6.337476464526828","-4.526066900062176","-4.526066900062176","-4.526066900062176","-4.143800289951342","-4.143800289951342","-4.143800289951342","-3.944809894699951","-3.944809894699951","-3.944809894699951","-5.885758755569616","-5.885758755569616","-5.885758755569616","-3.1938093247278236","-3.1938093247278236","-3.1938093247278236","-2.3680187200980716","-2.3680187200980716","-2.3680187200980716","-3.0278113099673014","-3.0278113099673014","-3.0278113099673014","-3.3920821470634452","-3.3920821470634452","-3.3920821470634452","-2.564978154114834","-2.564978154114834","-2.564978154114834","-3.418133238693011","-3.418133238693011","-3.418133238693011","-3.753749810028887","-3.753749810028887","-3.753749810028887","-2.7979190987667204","-2.7979190987667204","-2.7979190987667204","-5.063824392031931","-5.063824392031931","-5.063824392031931","-3.008555950481047","-3.008555950481047","-3.008555950481047","-5.094420791690039","-5.094420791690039","-5.094420791690039","-3.5712430217588063","-3.5712430217588063","-3.5712430217588063","-3.4818017820402942","-3.4818017820402942","-3.4818017820402942"
"10500","-3.570783252164167","-3.570783252164167","-3.570783252164167","-4.4343472610986705","-4.4343472610986705","-4.4343472610986705","-4.181128711988312","-4.181128711988312","-4.181128711988312","-4.112458726592989","-4.112458726592989","-4.112458726592989","-3.6764574701413273","-3.6764574701413273","-3.6764574701413273","-3.316474669669207","-3.316474669669207","-3.316474669669207","-5.10344328232362","-5.10344328232362","-5.10344328232362","-2.7934615161811336","-2.7934615161811336","-2.7934615161811336","-4.020733267489037","-4.020733267489037","-4.020733267489037","-2.8952494321941713","-2.8952494321941713","-2.8952494321941713","-3.427120349112962","-3.427120349112962","-3.427120349112962","-3.8120381318839","-3.8120381318839","-3.8120381318839","-4.29310102661609","-4.29310102661609","-4.29310102661609","-4.360446874047328","-4.360446874047328","-4.360446874047328","-4.25807396239966","-4.25807396239966","-4.25807396239966","-4.038845814182542","-4.038845814182542","-4.038845814182542","-2.610823379767332","-2.610823379767332","-2.610823379767332","-5.774008100067498","-5.774008100067498","-5.774008100067498","-2.888593844028178","-2.888593844028178","-2.888593844028178","-3.4485734029148594","-3.4485734029148594","-3.4485734029148594"
"11000","-4.69406070099222","-4.69406070099222","-4.69406070099222","-3.4163385401787365","-3.4163385401787365","-3.4163385401787365","-4.735974352467746","-4.735974352467746","-4.735974352467746","-4.370311098472295","-4.370311098472295","-4.370311098472295","-3.1753562299356894","-3.1753562299356894","-3.1753562299356894","-2.044865759909324","-2.044865759909324","-2.044865759909324","-4.265460297791993","-4.265460297791993","-4.265460297791993","-2.981158333840292","-2.981158333840292","-2.981158333840292","-3.518553221262411","-3.518553221262411","-3.518553221262411","-3.024627406587514","-3.024627406587514","-3.024627406587514","-3.4008989332747106","-3.4008989332747106","-3.4008989332747106","-4.006879845010099","-4.006879845010099","-4.006879845010099","-3.1784464287141665","-3.1784464287141665","-3.1784464287141665","-3.3739531582940208","-3.3739531582940208","-3.3739531582940208","-3.3468982710852573","-3.3468982710852573","-3.3468982710852573","-4.895142637360954","-4.895142637360954","-4.895142637360954","-2.651135249446316","-2.651135249446316","-2.651135249446316","-6.095641267522076","-6.095641267522076","-6.095641267522076","-3.6627391703360663","-3.6627391703360663","-3.6627391703360663","-2.565357567333764","-2.565357567333764","-2.565357567333764"
"11500","-3.21913215157158","-3.21913215157158","-3.21913215157158","-3.940729297577646","-3.940729297577646","-3.940729297577646","-5.501777334129505","-5.501777334129505","-5.501777334129505","-4.3439806577171405","-4.3439806577171405","-4.3439806577171405","-3.6468915922337617","-3.6468915922337617","-3.6468915922337617","-2.4769931252148565","-2.4769931252148565","-2.4769931252148565","-3.8362116768879586","-3.8362116768879586","-3.8362116768879586","-3.932669120282484","-3.932669120282484","-3.932669120282484","-3.775867051094091","-3.775867051094091","-3.775867051094091","-3.727174342476888","-3.727174342476888","-3.727174342476888","-3.6106557265389534","-3.6106557265389534","-3.6106557265389534","-3.6593435543757495","-3.6593435543757495","-3.6593435543757495","-2.7049868023272414","-2.7049868023272414","-2.7049868023272414","-3.477301943490113","-3.477301943490113","-3.477301943490113","-2.4806495954534062","-2.4806495954534062","-2.4806495954534062","-4.153116314350653","-4.153116314350653","-4.153116314350653","-3.009765251328589","-3.009765251328589","-3.009765251328589","-5.884420294390731","-5.884420294390731","-5.884420294390731","-4.321725746731544","-4.321725746731544","-4.321725746731544","-3.406208589674763","-3.406208589674763","-3.406208589674763"
"12000","-3.138058671130712","-3.138058671130712","-3.138058671130712","-3.8294306005625716","-3.8294306005625716","-3.8294306005625716","-5.303773063413527","-5.303773063413527","-5.303773063413527","-3.8618256377884315","-3.8618256377884315","-3.8618256377884315","-3.9304051165883775","-3.9304051165883775","-3.9304051165883775","-2.6446545861629494","-2.6446545861629494","-2.6446545861629494","-4.324481571473896","-4.324481571473896","-4.324481571473896","-2.914591112456335","-2.914591112456335","-2.914591112456335","-2.395009052986105","-2.395009052986105","-2.395009052986105","-3.758830650464565","-3.758830650464565","-3.758830650464565","-3.355275113094006","-3.355275113094006","-3.355275113094006","-5.101996456333554","-5.101996456333554","-5.101996456333554","-4.967221084537454","-4.967221084537454","-4.967221084537454","-3.169672857774595","-3.169672857774595","-3.169672857774595","-2.557304506590056","-2.557304506590056","-2.557304506590056","-6.064264885314281","-6.064264885314281","-6.064264885314281","-2.8931251197733308","-2.8931251197733308","-2.8931251197733308","-7.0256732500169194","-7.0256732500169194","-7.0256732500169194","-2.7998105015321597","-2.7998105015321597","-2.7998105015321597","-3.224489470651003","-3.224489470651003","-3.224489470651003"
"12500","-2.3507027834567715","-2.3507027834567715","-2.3507027834567715","-3.7676116683935037","-3.7676116683935037","-3.7676116683935037","-4.563633658240455","-4.563633658240455","-4.563633658240455","-6.168211579695241","-6.168211579695241","-6.168211579695241","-2.7511512058110212","-2.7511512058110212","-2.7511512058110212","-3.4418268573962316","-3.4418268573962316","-3.4418268573962316","-4.2345009887384","-4.2345009887384","-4.2345009887384","-2.300715004493118","-2.300715004493118","-2.300715004493118","-3.2594794549409882","-3.2594794549409882","-3.2594794549409882","-3.360408893670317","-3.360408893670317","-3.360408893670317","-4.257750285592339","-4.257750285592339","-4.257750285592339","-4.163269809714591","-4.163269809714591","-4.163269809714591","-2.5898376935405465","-2.5898376935405465","-2.5898376935405465","-3.9218412507254756","-3.9218412507254756","-3.9218412507254756","-1.7145124014350048","-1.7145124014350048","-1.7145124014350048","-20.815523538775988","-20.815523538775988","-20.815523538775988","-2.7233775790309074","-2.7233775790309074","-2.7233775790309074","-5.761278440469774","-5.761278440469774","-5.761278440469774","-1.940635480045988","-1.940635480045988","-1.940635480045988","-4.144260183774717","-4.144260183774717","-4.144260183774717"
"13000","-2.189566164689828","-2.189566164689828","-2.189566164689828","-4.714586525056034","-4.714586525056034","-4.714586525056034","-3.123361568191946","-3.123361568191946","-3.123361568191946","-3.125327277573546","-3.125327277573546","-3.125327277573546","-2.8485089079227044","-2.8485089079227044","-2.8485089079227044","-2.2829790721325955","-2.2829790721325955","-2.2829790721325955","-4.0175720739605385","-4.0175720739605385","-4.0175720739605385","-2.7396007726463423","-2.7396007726463423","-2.7396007726463423","-3.0677223385022585","-3.0677223385022585","-3.0677223385022585","-2.932728894388697","-2.932728894388697","-2.932728894388697","-3.527924534840621","-3.527924534840621","-3.527924534840621","-3.3707720943485446","-3.3707720943485446","-3.3707720943485446","-4.563767588883527","-4.563767588883527","-4.563767588883527","-4.736499784534873","-4.736499784534873","-4.736499784534873","-2.3289000753695652","-2.3289000753695652","-2.3289000753695652","-7.4678285322058615","-7.4678285322058615","-7.4678285322058615","-2.3566977765770374","-2.3566977765770374","-2.3566977765770374","-4.406433948848372","-4.406433948848372","-4.406433948848372","-5.5175062708815545","-5.5175062708815545","-5.5175062708815545","-5.5245418162163995","-5.5245418162163995","-5.5245418162163995"
"13500","-3.0300072369863096","-3.0300072369863096","-3.0300072369863096","-3.3598450831860873","-3.3598450831860873","-3.3598450831860873","-5.544165202282545","-5.544165202282545","-5.544165202282545","-3.1160613028246367","-3.1160613028246367","-3.1160613028246367","-3.099367657248511","-3.099367657248511","-3.099367657248511","-2.614083325260922","-2.614083325260922","-2.614083325260922","-4.338443700232923","-4.338443700232923","-4.338443700232923","-2.880223803250021","-2.880223803250021","-2.880223803250021","-3.3430672406645257","-3.3430672406645257","-3.3430672406645257","-3.6175750845186627","-3.6175750845186627","-3.6175750845186627","-5.547527573931141","-5.547527573931141","-5.547527573931141","-4.188560457482787","-4.188560457482787","-4.188560457482787","-3.0381468085393335","-3.0381468085393335","-3.0381468085393335","-4.100128772749987","-4.100128772749987","-4.100128772749987","-3.086862117590859","-3.086862117590859","-3.086862117590859","-6.371552919836918","-6.371552919836918","-6.371552919836918","-2.2569900705629173","-2.2569900705629173","-2.2569900705629173","-6.27981235613886","-6.27981235613886","-6.27981235613886","-2.0101736752450585","-2.0101736752450585","-2.0101736752450585","-3.667687250363399","-3.667687250363399","-3.667687250363399"
"14000","-2.391388907687733","-2.391388907687733","-2.391388907687733","-3.03863952599782","-3.03863952599782","-3.03863952599782","-3.030122182463866","-3.030122182463866","-3.030122182463866","-3.1151915482822057","-3.1151915482822057","-3.1151915482822057","-2.957921169484807","-2.957921169484807","-2.957921169484807","-2.813248952802061","-2.813248952802061","-2.813248952802061","-2.9036917928584374","-2.9036917928584374","-2.9036917928584374","-3.0062871836256506","-3.0062871836256506","-3.0062871836256506","-2.9579834000091054","-2.9579834000091054","-2.9579834000091054","-3.412723264785946","-3.412723264785946","-3.412723264785946","-5.058638840948923","-5.058638840948923","-5.058638840948923","-3.6092241108728076","-3.6092241108728076","-3.6092241108728076","-2.8962884005141034","-2.8962884005141034","-2.8962884005141034","-3.7549028000865134","-3.7549028000865134","-3.7549028000865134","-2.5175249574709473","-2.5175249574709473","-2.5175249574709473","-4.699082189372085","-4.699082189372085","-4.699082189372085","-2.2625640184368407","-2.2625640184368407","-2.2625640184368407","-4.767351637401997","-4.767351637401997","-4.767351637401997","-2.39429730973274","-2.39429730973274","-2.39429730973274","-1.9961581895028977","-1.9961581895028977","-1.9961581895028977"
"14500","-2.1386718880004145","-2.1386718880004145","-2.1386718880004145","-3.4413061350466236","-3.4413061350466236","-3.4413061350466236","-2.71533804864364","-2.71533804864364","-2.71533804864364","-3.5678252603539655","-3.5678252603539655","-3.5678252603539655","-3.4807231171691817","-3.4807231171691817","-3.4807231171691817","-2.9945695679980635","-2.9945695679980635","-2.9945695679980635","-5.383739784577927","-5.383739784577927","-5.383739784577927","-4.093632540875856","-4.093632540875856","-4.093632540875856","-2.8079392401252754","-2.8079392401252754","-2.8079392401252754","-4.463286592156793","-4.463286592156793","-4.463286592156793","-4.840548542206383","-4.840548542206383","-4.840548542206383","-2.5186057783759552","-2.5186057783759552","-2.5186057783759552","-2.131092525765541","-2.131092525765541","-2.131092525765541","-2.719554773091663","-2.719554773091663","-2.719554773091663","-3.4110150756408544","-3.4110150756408544","-3.4110150756408544","-5.007063815722508","-5.007063815722508","-5.007063815722508","-2.673930813042786","-2.673930813042786","-2.673930813042786","-4.249504159682141","-4.249504159682141","-4.249504159682141","-2.848763027528155","-2.848763027528155","-2.848763027528155","-2.1092666792039303","-2.1092666792039303","-2.1092666792039303"
"15000","-1.9958466978894873","-1.9958466978894873","-1.9958466978894873","-3.9343924870846094","-3.9343924870846094","-3.9343924870846094","-3.426564379670976","-3.426564379670976","-3.426564379670976","-2.7365047988315503","-2.7365047988315503","-2.7365047988315503","-2.6530113797002284","-2.6530113797002284","-2.6530113797002284","-3.106905547781225","-3.106905547781225","-3.106905547781225","-5.329511353223957","-5.329511353223957","-5.329511353223957","-2.322918848340186","-2.322918848340186","-2.322918848340186","-2.8053831350990466","-2.8053831350990466","-2.8053831350990466","-3.326341404528498","-3.326341404528498","-3.326341404528498","-5.220983652868801","-5.220983652868801","-5.220983652868801","-2.8792084888934535","-2.8792084888934535","-2.8792084888934535","-2.6826685113120154","-2.6826685113120154","-2.6826685113120154","-2.984263226716714","-2.984263226716714","-2.984263226716714","-3.9706606784541107","-3.9706606784541107","-3.9706606784541107","-7.030707823893032","-7.030707823893032","-7.030707823893032","-2.2320989046868647","-2.2320989046868647","-2.2320989046868647","-3.413390704679847","-3.413390704679847","-3.413390704679847","-2.069100671661412","-2.069100671661412","-2.069100671661412","-2.917133401565912","-2.917133401565912","-2.917133401565912"
"15500","-3.756102804984404","-3.756102804984404","-3.756102804984404","-2.973829063059487","-2.973829063059487","-2.973829063059487","-3.173032251745745","-3.173032251745745","-3.173032251745745","-3.000656160991005","-3.000656160991005","-3.000656160991005","-2.675444852875668","-2.675444852875668","-2.675444852875668","-2.769060929731493","-2.769060929731493","-2.769060929731493","-3.1977860248963865","-3.1977860248963865","-3.1977860248963865","-2.7111524712105703","-2.7111524712105703","-2.7111524712105703","-3.860719905521603","-3.860719905521603","-3.860719905521603","-3.5317884397074373","-3.5317884397074373","-3.5317884397074373","-9.281719512349593","-9.281719512349593","-9.281719512349593","-2.1075341128764022","-2.1075341128764022","-2.1075341128764022","-2.8707397392519134","-2.8707397392519134","-2.8707397392519134","-2.9449411980650453","-2.9449411980650453","-2.9449411980650453","-3.1373295175252003","-3.1373295175252003","-3.1373295175252003","-4.150860280019899","-4.150860280019899","-4.150860280019899","-2.693978479978612","-2.693978479978612","-2.693978479978612","-3.495541669475675","-3.495541669475675","-3.495541669475675","-1.6892827300609894","-1.6892827300609894","-1.6892827300609894","-2.802394313776814","-2.802394313776814","-2.802394313776814"
"16000","-1.9197784519459646","-1.9197784519459646","-1.9197784519459646","-2.771191542398725","-2.771191542398725","-2.771191542398725","-3.931053367004126","-3.931053367004126","-3.931053367004126","-3.186040680292814","-3.186040680292814","-3.186040680292814","-2.234103814506608","-2.234103814506608","-2.234103814506608","-4.287153169973171","-4.287153169973171","-4.287153169973171","-3.6536356302274924","-3.6536356302274924","-3.6536356302274924","-1.466952417753664","-1.466952417753664","-1.466952417753664","-3.179755690942798","-3.179755690942798","-3.179755690942798","-4.575893139411468","-4.575893139411468","-4.575893139411468","-8.690400498893991","-8.690400498893991","-8.690400498893991","-2.0588813346340045","-2.0588813346340045","-2.0588813346340045","-2.218113470935319","-2.218113470935319","-2.218113470935319","-3.115107741700772","-3.115107741700772","-3.115107741700772","-4.1936405685744536","-4.1936405685744536","-4.1936405685744536","-3.901249575598944","-3.901249575598944","-3.901249575598944","-2.0951222801319545","-2.0951222801319545","-2.0951222801319545","-2.392374677798351","-2.392374677798351","-2.392374677798351","-1.686118376041534","-1.686118376041534","-1.686118376041534","-2.5960052249377186","-2.5960052249377186","-2.5960052249377186"
"16500","-1.8717179686616567","-1.8717179686616567","-1.8717179686616567","-4.3100846866608995","-4.3100846866608995","-4.3100846866608995","-2.99771833321934","-2.99771833321934","-2.99771833321934","-2.6724928272096653","-2.6724928272096653","-2.6724928272096653","-2.8327321937615806","-2.8327321937615806","-2.8327321937615806","-2.5842471895459567","-2.5842471895459567","-2.5842471895459567","-2.3459347641344674","-2.3459347641344674","-2.3459347641344674","-1.4085588256167483","-1.4085588256167483","-1.4085588256167483","-2.8126883954695607","-2.8126883954695607","-2.8126883954695607","-3.80657667385059","-3.80657667385059","-3.80657667385059","-6.561602338990433","-6.561602338990433","-6.561602338990433","-2.7909915963124208","-2.7909915963124208","-2.7909915963124208","-2.6464298147691347","-2.6464298147691347","-2.6464298147691347","-3.0280333080030615","-3.0280333080030615","-3.0280333080030615","-6.477077871779588","-6.477077871779588","-6.477077871779588","-4.569233404421593","-4.569233404421593","-4.569233404421593","-3.489188791878278","-3.489188791878278","-3.489188791878278","-4.902365072437819","-4.902365072437819","-4.902365072437819","-2.8157602452350075","-2.8157602452350075","-2.8157602452350075","-1.7493822486465505","-1.7493822486465505","-1.7493822486465505"
"17000","-2.4712338584436617","-2.4712338584436617","-2.4712338584436617","-3.4481661499710397","-3.4481661499710397","-3.4481661499710397","-3.4782197780278445","-3.4782197780278445","-3.4782197780278445","-3.5802234124823813","-3.5802234124823813","-3.5802234124823813","-2.5039238348730555","-2.5039238348730555","-2.5039238348730555","-3.0335277495134316","-3.0335277495134316","-3.0335277495134316","-2.5787377983197652","-2.5787377983197652","-2.5787377983197652","-2.0024748609744605","-2.0024748609744605","-2.0024748609744605","-2.7954750252997203","-2.7954750252997203","-2.7954750252997203","-4.4902316674372855","-4.4902316674372855","-4.4902316674372855","-5.699071580371422","-5.699071580371422","-5.699071580371422","-2.8549742611306135","-2.8549742611306135","-2.8549742611306135","-2.733236145836846","-2.733236145836846","-2.733236145836846","-2.80517443511913","-2.80517443511913","-2.80517443511913","-4.126471179217579","-4.126471179217579","-4.126471179217579","-4.60395785454286","-4.60395785454286","-4.60395785454286","-2.5507839858830286","-2.5507839858830286","-2.5507839858830286","-3.1198190111623787","-3.1198190111623787","-3.1198190111623787","-2.617434958034404","-2.617434958034404","-2.617434958034404","-1.643502442571733","-1.643502442571733","-1.643502442571733"
"17500","-3.0823029599074023","-3.0823029599074023","-3.0823029599074023","-4.261948502575758","-4.261948502575758","-4.261948502575758","-2.9909814169042264","-2.9909814169042264","-2.9909814169042264","-2.549407535958467","-2.549407535958467","-2.549407535958467","-3.557408204211091","-3.557408204211091","-3.557408204211091","-5.621507622718448","-5.621507622718448","-5.621507622718448","-2.512693309952998","-2.512693309952998","-2.512693309952998","-1.753822321760935","-1.753822321760935","-1.753822321760935","-2.6336656425508136","-2.6336656425508136","-2.6336656425508136","-4.850301238649033","-4.850301238649033","-4.850301238649033","-5.3889185436324185","-5.3889185436324185","-5.3889185436324185","-2.661569294648003","-2.661569294648003","-2.661569294648003","-1.9870031810397826","-1.9870031810397826","-1.9870031810397826","-2.3075121769094586","-2.3075121769094586","-2.3075121769094586","-4.083074691525518","-4.083074691525518","-4.083074691525518","-3.373278491531636","-3.373278491531636","-3.373278491531636","-1.9357931351250393","-1.9357931351250393","-1.9357931351250393","-2.8062449402079954","-2.8062449402079954","-2.8062449402079954","-2.1098024750502917","-2.1098024750502917","-2.1098024750502917","-2.253777807767862","-2.253777807767862","-2.253777807767862"
"18000","-2.4589264028374815","-2.4589264028374815","-2.4589264028374815","-2.923965519047322","-2.923965519047322","-2.923965519047322","-2.93650046140217","-2.93650046140217","-2.93650046140217","-2.7500056592669173","-2.7500056592669173","-2.7500056592669173","-2.890457177127388","-2.890457177127388","-2.890457177127388","-3.075336720389817","-3.075336720389817","-3.075336720389817","-2.4795950244715455","-2.4795950244715455","-2.4795950244715455","-2.134672619244083","-2.134672619244083","-2.134672619244083","-2.092281685031933","-2.092281685031933","-2.092281685031933","-3.489610455999517","-3.489610455999517","-3.489610455999517","-4.925590404958549","-4.925590404958549","-4.925590404958549","-2.721853374256512","-2.721853374256512","-2.721853374256512","-2.076801927419731","-2.076801927419731","-2.076801927419731","-2.6535835816576965","-2.6535835816576965","-2.6535835816576965","-2.1422513793977336","-2.1422513793977336","-2.1422513793977336","-2.9401623594319246","-2.9401623594319246","-2.9401623594319246","-2.005124341123847","-2.005124341123847","-2.005124341123847","-2.770784899786862","-2.770784899786862","-2.770784899786862","-1.8928463836824725","-1.8928463836824725","-1.8928463836824725","-1.9216251740771984","-1.9216251740771984","-1.9216251740771984"
"18500","-3.534404985396854","-3.534404985396854","-3.534404985396854","-3.5980580607079444","-3.5980580607079444","-3.5980580607079444","-2.5389188898436137","-2.5389188898436137","-2.5389188898436137","-2.7580314907350596","-2.7580314907350596","-2.7580314907350596","-2.667268904629563","-2.667268904629563","-2.667268904629563","-2.262982953209879","-2.262982953209879","-2.262982953209879","-2.486499359387067","-2.486499359387067","-2.486499359387067","-1.929257318592704","-1.929257318592704","-1.929257318592704","-1.6095658269465118","-1.6095658269465118","-1.6095658269465118","-3.430924630542333","-3.430924630542333","-3.430924630542333","-5.739970589860945","-5.739970589860945","-5.739970589860945","-2.5695234952857424","-2.5695234952857424","-2.5695234952857424","-2.505099821980254","-2.505099821980254","-2.505099821980254","-1.9855465237899952","-1.9855465237899952","-1.9855465237899952","-2.607884472909483","-2.607884472909483","-2.607884472909483","-3.2727467822980003","-3.2727467822980003","-3.2727467822980003","-1.4770852078668835","-1.4770852078668835","-1.4770852078668835","-3.493921808683651","-3.493921808683651","-3.493921808683651","-2.774075865793116","-2.774075865793116","-2.774075865793116","-3.043611713730409","-3.043611713730409","-3.043611713730409"
"19000","-1.9051164121737874","-1.9051164121737874","-1.9051164121737874","-2.437136202454673","-2.437136202454673","-2.437136202454673","-1.9574801567065383","-1.9574801567065383","-1.9574801567065383","-2.6016598897686487","-2.6016598897686487","-2.6016598897686487","-3.2581062336742073","-3.2581062336742073","-3.2581062336742073","-3.268113810218348","-3.268113810218348","-3.268113810218348","-3.0741260767840566","-3.0741260767840566","-3.0741260767840566","-2.1776437763873906","-2.1776437763873906","-2.1776437763873906","-2.547704829314041","-2.547704829314041","-2.547704829314041","-3.233614585855789","-3.233614585855789","-3.233614585855789","-4.446549062849038","-4.446549062849038","-4.446549062849038","-2.2151776601743842","-2.2151776601743842","-2.2151776601743842","-2.7853649829247358","-2.7853649829247358","-2.7853649829247358","-2.171065225538771","-2.171065225538771","-2.171065225538771","-2.2637285295397107","-2.2637285295397107","-2.2637285295397107","-3.083538487181806","-3.083538487181806","-3.083538487181806","-2.2104604766406815","-2.2104604766406815","-2.2104604766406815","-2.6007609938429597","-2.6007609938429597","-2.6007609938429597","-1.8457725800185858","-1.8457725800185858","-1.8457725800185858","-2.1376332387338923","-2.1376332387338923","-2.1376332387338923"
"19500","-3.021005067505466","-3.021005067505466","-3.021005067505466","-2.2498788868929447","-2.2498788868929447","-2.2498788868929447","-2.247580314702131","-2.247580314702131","-2.247580314702131","-2.6361064578702442","-2.6361064578702442","-2.6361064578702442","-4.115113992621343","-4.115113992621343","-4.115113992621343","-3.3350797372147674","-3.3350797372147674","-3.3350797372147674","-2.9585089524419628","-2.9585089524419628","-2.9585089524419628","-2.074296876087012","-2.074296876087012","-2.074296876087012","-2.1197332947594654","-2.1197332947594654","-2.1197332947594654","-3.3564171942432663","-3.3564171942432663","-3.3564171942432663","-5.585625202607354","-5.585625202607354","-5.585625202607354","-2.191232427512972","-2.191232427512972","-2.191232427512972","-1.7901921468487836","-1.7901921468487836","-1.7901921468487836","-2.0127361959404757","-2.0127361959404757","-2.0127361959404757","-1.736699900954585","-1.736699900954585","-1.736699900954585","-6.094151971186857","-6.094151971186857","-6.094151971186857","-2.413578244785971","-2.413578244785971","-2.413578244785971","-3.0840463463467076","-3.0840463463467076","-3.0840463463467076","-1.7618371346796988","-1.7618371346796988","-1.7618371346796988","-2.2560923330218623","-2.2560923330218623","-2.2560923330218623"
"20000","-3.6269602028116856","-3.6269602028116856","-3.6269602028116856","-2.5447006834914454","-2.5447006834914454","-2.5447006834914454","-1.9997707567898608","-1.9997707567898608","-1.9997707567898608","-2.4254690285712432","-2.4254690285712432","-2.4254690285712432","-4.303637550721025","-4.303637550721025","-4.303637550721025","-2.778897146918232","-2.778897146918232","-2.778897146918232","-3.4241450618744644","-3.4241450618744644","-3.4241450618744644","-2.405273592655491","-2.405273592655491","-2.405273592655491","-2.5684937833328974","-2.5684937833328974","-2.5684937833328974","-2.2124783899267033","-2.2124783899267033","-2.2124783899267033","-5.286522977556265","-5.286522977556265","-5.286522977556265","-1.9000315683106528","-1.9000315683106528","-1.9000315683106528","-2.1331309759167634","-2.1331309759167634","-2.1331309759167634","-3.1187299972713505","-3.1187299972713505","-3.1187299972713505","-2.0471636488551863","-2.0471636488551863","-2.0471636488551863","-5.404345451073292","-5.404345451073292","-5.404345451073292","-1.9984935109122985","-1.9984935109122985","-1.9984935109122985","-3.4908631450163177","-3.4908631450163177","-3.4908631450163177","-4.748393356425256","-4.748393356425256","-4.748393356425256","-2.8027471253731617","-2.8027471253731617","-2.8027471253731617"
"20500","-2.225783421326772","-2.225783421326772","-2.225783421326772","-3.83479546312211","-3.83479546312211","-3.83479546312211","-2.527509137141385","-2.527509137141385","-2.527509137141385","-4.712064468079355","-4.712064468079355","-4.712064468079355","-3.2662585633571006","-3.2662585633571006","-3.2662585633571006","-3.0314587728782216","-3.0314587728782216","-3.0314587728782216","-2.9809147475955","-2.9809147475955","-2.9809147475955","-1.9739726487697116","-1.9739726487697116","-1.9739726487697116","-2.1819643006342497","-2.1819643006342497","-2.1819643006342497","-2.4919937107744867","-2.4919937107744867","-2.4919937107744867","-4.191804807749573","-4.191804807749573","-4.191804807749573","-2.905787619578504","-2.905787619578504","-2.905787619578504","-2.818762660640324","-2.818762660640324","-2.818762660640324","-3.701812252398048","-3.701812252398048","-3.701812252398048","-2.6409892904837404","-2.6409892904837404","-2.6409892904837404","-6.644552990260164","-6.644552990260164","-6.644552990260164","-2.3809150651851354","-2.3809150651851354","-2.3809150651851354","-4.21669745886918","-4.21669745886918","-4.21669745886918","-2.1946718065078197","-2.1946718065078197","-2.1946718065078197","-1.87144109714752","-1.87144109714752","-1.87144109714752"
"21000","-2.3269486509528647","-2.3269486509528647","-2.3269486509528647","-2.8584569836145315","-2.8584569836145315","-2.8584569836145315","-2.708450650460052","-2.708450650460052","-2.708450650460052","-2.4548667632911134","-2.4548667632911134","-2.4548667632911134","-3.2390666539314976","-3.2390666539314976","-3.2390666539314976","-2.3774531393669616","-2.3774531393669616","-2.3774531393669616","-2.8970897078677442","-2.8970897078677442","-2.8970897078677442","-3.1493632555473243","-3.1493632555473243","-3.1493632555473243","-2.2756549746750494","-2.2756549746750494","-2.2756549746750494","-2.153397845624295","-2.153397845624295","-2.153397845624295","-5.6236058678184175","-5.6236058678184175","-5.6236058678184175","-2.0520363511298183","-2.0520363511298183","-2.0520363511298183","-2.643736542421806","-2.643736542421806","-2.643736542421806","-2.8645508335106316","-2.8645508335106316","-2.8645508335106316","-3.5944624072958478","-3.5944624072958478","-3.5944624072958478","-4.892874395089622","-4.892874395089622","-4.892874395089622","-2.566519499120034","-2.566519499120034","-2.566519499120034","-4.601346280015587","-4.601346280015587","-4.601346280015587","-2.52921753607527","-2.52921753607527","-2.52921753607527","-2.5470617423197353","-2.5470617423197353","-2.5470617423197353"
"21500","-2.720350142533037","-2.720350142533037","-2.720350142533037","-3.12586397267349","-3.12586397267349","-3.12586397267349","-3.5956073651118445","-3.5956073651118445","-3.5956073651118445","-2.3816425013530442","-2.3816425013530442","-2.3816425013530442","-3.395480102780682","-3.395480102780682","-3.395480102780682","-1.7312690606931107","-1.7312690606931107","-1.7312690606931107","-3.302143329627328","-3.302143329627328","-3.302143329627328","-3.13254801096353","-3.13254801096353","-3.13254801096353","-2.8234349581015596","-2.8234349581015596","-2.8234349581015596","-3.1489713728041666","-3.1489713728041666","-3.1489713728041666","-4.7820719567276635","-4.7820719567276635","-4.7820719567276635","-1.9256664802338725","-1.9256664802338725","-1.9256664802338725","-3.540411476390908","-3.540411476390908","-3.540411476390908","-2.5201797420850665","-2.5201797420850665","-2.5201797420850665","-3.0492004812853244","-3.0492004812853244","-3.0492004812853244","-4.004732361598011","-4.004732361598011","-4.004732361598011","-3.1147424629811247","-3.1147424629811247","-3.1147424629811247","-3.3599365517104927","-3.3599365517104927","-3.3599365517104927","-4.490979956604821","-4.490979956604821","-4.490979956604821","-2.7590637561602747","-2.7590637561602747","-2.7590637561602747"
"22000","-2.1501312960708177","-2.1501312960708177","-2.1501312960708177","-2.492677207520466","-2.492677207520466","-2.492677207520466","-2.7369928169788293","-2.7369928169788293","-2.7369928169788293","-2.529062890591934","-2.529062890591934","-2.529062890591934","-3.123129478760541","-3.123129478760541","-3.123129478760541","-1.9528561478721076","-1.9528561478721076","-1.9528561478721076","-2.405514829029074","-2.405514829029074","-2.405514829029074","-2.293817515799983","-2.293817515799983","-2.293817515799983","-2.19476803315069","-2.19476803315069","-2.19476803315069","-2.329632388346442","-2.329632388346442","-2.329632388346442","-3.7576972528951047","-3.7576972528951047","-3.7576972528951047","-2.2466889930269565","-2.2466889930269565","-2.2466889930269565","-3.156546367413215","-3.156546367413215","-3.156546367413215","-2.716222711738003","-2.716222711738003","-2.716222711738003","-2.6110606773561793","-2.6110606773561793","-2.6110606773561793","-3.747642792456727","-3.747642792456727","-3.747642792456727","-2.3295423349483273","-2.3295423349483273","-2.3295423349483273","-4.479407917507021","-4.479407917507021","-4.479407917507021","-2.9579602306835424","-2.9579602306835424","-2.9579602306835424","-2.7630589826352296","-2.7630589826352296","-2.7630589826352296"
"22500","-1.8506072625391887","-1.8506072625391887","-1.8506072625391887","-2.2382012028227765","-2.2382012028227765","-2.2382012028227765","-4.2567288267514325","-4.2567288267514325","-4.2567288267514325","-2.27985114793161","-2.27985114793161","-2.27985114793161","-2.5743822510973216","-2.5743822510973216","-2.5743822510973216","-2.5638496215870035","-2.5638496215870035","-2.5638496215870035","-2.5818056472416457","-2.5818056472416457","-2.5818056472416457","-2.4466309296989293","-2.4466309296989293","-2.4466309296989293","-2.736004855672051","-2.736004855672051","-2.736004855672051","-3.5031624418563467","-3.5031624418563467","-3.5031624418563467","-3.312123421415849","-3.312123421415849","-3.312123421415849","-2.235998373479887","-2.235998373479887","-2.235998373479887","-3.175728395015387","-3.175728395015387","-3.175728395015387","-2.994060574547679","-2.994060574547679","-2.994060574547679","-3.2307124392470365","-3.2307124392470365","-3.2307124392470365","-3.9930962280842217","-3.9930962280842217","-3.9930962280842217","-4.313512706064011","-4.313512706064011","-4.313512706064011","-4.019708243898182","-4.019708243898182","-4.019708243898182","-2.4291896470603165","-2.4291896470603165","-2.4291896470603165","-2.562185061636065","-2.562185061636065","-2.562185061636065"
"23000","-1.9450894306033384","-1.9450894306033384","-1.9450894306033384","-2.684698631953882","-2.684698631953882","-2.684698631953882","-4.040386116073085","-4.040386116073085","-4.040386116073085","-1.8835298176423887","-1.8835298176423887","-1.8835298176423887","-3.022670490590938","-3.022670490590938","-3.022670490590938","-3.2187930587149354","-3.2187930587149354","-3.2187930587149354","-2.78728033763174","-2.78728033763174","-2.78728033763174","-2.1904130010327205","-2.1904130010327205","-2.1904130010327205","-2.5040860467203103","-2.5040860467203103","-2.5040860467203103","-3.026370715087612","-3.026370715087612","-3.026370715087612","-5.8379977154736284","-5.8379977154736284","-5.8379977154736284","-2.0437468847467466","-2.0437468847467466","-2.0437468847467466","-2.8437242413248986","-2.8437242413248986","-2.8437242413248986","-2.7004858375099676","-2.7004858375099676","-2.7004858375099676","-2.8185370374978995","-2.8185370374978995","-2.8185370374978995","-2.9748399553371145","-2.9748399553371145","-2.9748399553371145","-2.0952442263400957","-2.0952442263400957","-2.0952442263400957","-3.9037969039583515","-3.9037969039583515","-3.9037969039583515","-2.979805266995264","-2.979805266995264","-2.979805266995264","-2.3678175571253153","-2.3678175571253153","-2.3678175571253153"
"23500","-1.6770112364679743","-1.6770112364679743","-1.6770112364679743","-2.909580205658943","-2.909580205658943","-2.909580205658943","-2.6017037672141905","-2.6017037672141905","-2.6017037672141905","-3.0607824556446617","-3.0607824556446617","-3.0607824556446617","-3.064672380407316","-3.064672380407316","-3.064672380407316","-3.851355374753767","-3.851355374753767","-3.851355374753767","-2.693262513294948","-2.693262513294948","-2.693262513294948","-2.957371982413105","-2.957371982413105","-2.957371982413105","-2.2883036719049903","-2.2883036719049903","-2.2883036719049903","-2.251124536200984","-2.251124536200984","-2.251124536200984","-3.150754634994625","-3.150754634994625","-3.150754634994625","-2.6857963125423376","-2.6857963125423376","-2.6857963125423376","-3.0932407098718824","-3.0932407098718824","-3.0932407098718824","-2.180446683247917","-2.180446683247917","-2.180446683247917","-4.1945398119803645","-4.1945398119803645","-4.1945398119803645","-3.433010438310439","-3.433010438310439","-3.433010438310439","-2.63134896259505","-2.63134896259505","-2.63134896259505","-3.736414602687399","-3.736414602687399","-3.736414602687399","-2.6725375977139705","-2.6725375977139705","-2.6725375977139705","-3.3546575563722465","-3.3546575563722465","-3.3546575563722465"
"24000","-1.7940682105051426","-1.7940682105051426","-1.7940682105051426","-2.8800807585394623","-2.8800807585394623","-2.8800807585394623","-3.179668861023059","-3.179668861023059","-3.179668861023059","-1.7812041137669539","-1.7812041137669539","-1.7812041137669539","-2.916245663781827","-2.916245663781827","-2.916245663781827","-2.3124871052229867","-2.3124871052229867","-2.3124871052229867","-2.6632042029617438","-2.6632042029617438","-2.6632042029617438","-14.197265926089859","-14.197265926089859","-14.197265926089859","-1.8032346799572696","-1.8032346799572696","-1.8032346799572696","-2.4547046068590817","-2.4547046068590817","-2.4547046068590817","-4.256098376946854","-4.256098376946854","-4.256098376946854","-1.868573161178085","-1.868573161178085","-1.868573161178085","-3.14405670907518","-3.14405670907518","-3.14405670907518","-2.6462854192865906","-2.6462854192865906","-2.6462854192865906","-4.339892765534277","-4.339892765534277","-4.339892765534277","-2.8975576191198544","-2.8975576191198544","-2.8975576191198544","-2.312250656513305","-2.312250656513305","-2.312250656513305","-2.4595616828991957","-2.4595616828991957","-2.4595616828991957","-2.3677046285004426","-2.3677046285004426","-2.3677046285004426","-3.667876181028047","-3.667876181028047","-3.667876181028047"
"24500","-2.111303673590709","-2.111303673590709","-2.111303673590709","-2.4377411745187194","-2.4377411745187194","-2.4377411745187194","-2.4127729145643118","-2.4127729145643118","-2.4127729145643118","-1.7705349932725951","-1.7705349932725951","-1.7705349932725951","-2.4699759341345384","-2.4699759341345384","-2.4699759341345384","-3.055713316604801","-3.055713316604801","-3.055713316604801","-2.6572366264534013","-2.6572366264534013","-2.6572366264534013","-2.935579463620942","-2.935579463620942","-2.935579463620942","-2.3582432065880146","-2.3582432065880146","-2.3582432065880146","-3.7526485556229487","-3.7526485556229487","-3.7526485556229487","-4.5984123228528375","-4.5984123228528375","-4.5984123228528375","-1.8544945416951957","-1.8544945416951957","-1.8544945416951957","-2.7572806398572576","-2.7572806398572576","-2.7572806398572576","-3.013246830784804","-3.013246830784804","-3.013246830784804","-2.22077638015069","-2.22077638015069","-2.22077638015069","-2.3360520761481327","-2.3360520761481327","-2.3360520761481327","-2.750429255836951","-2.750429255836951","-2.750429255836951","-3.570302669568649","-3.570302669568649","-3.570302669568649","-3.0113295803925717","-3.0113295803925717","-3.0113295803925717","-2.590056621692473","-2.590056621692473","-2.590056621692473"
"25000","-2.053666626246215","-2.053666626246215","-2.053666626246215","-2.1859972386008875","-2.1859972386008875","-2.1859972386008875","-2.3072960624036516","-2.3072960624036516","-2.3072960624036516","-1.768525418654931","-1.768525418654931","-1.768525418654931","-4.70068290001016","-4.70068290001016","-4.70068290001016","-1.9732041073456332","-1.9732041073456332","-1.9732041073456332","-2.4397141078844284","-2.4397141078844284","-2.4397141078844284","-3.2266344898627723","-3.2266344898627723","-3.2266344898627723","-1.788971267630285","-1.788971267630285","-1.788971267630285","-2.2365739090778725","-2.2365739090778725","-2.2365739090778725","-3.182667198295192","-3.182667198295192","-3.182667198295192","-1.5404551828353585","-1.5404551828353585","-1.5404551828353585","-2.670370310967117","-2.670370310967117","-2.670370310967117","-2.879712245222497","-2.879712245222497","-2.879712245222497","-2.5748391209386745","-2.5748391209386745","-2.5748391209386745","-3.5643873875156857","-3.5643873875156857","-3.5643873875156857","-2.1901346522971155","-2.1901346522971155","-2.1901346522971155","-2.93115932157634","-2.93115932157634","-2.93115932157634","-2.2135042267445098","-2.2135042267445098","-2.2135042267445098","-6.287108347855202","-6.287108347855202","-6.287108347855202"
"25500","-2.1960175883173245","-2.1960175883173245","-2.1960175883173245","-2.6225062984403444","-2.6225062984403444","-2.6225062984403444","-2.603896714825287","-2.603896714825287","-2.603896714825287","-2.0504862548938396","-2.0504862548938396","-2.0504862548938396","-2.879101790547678","-2.879101790547678","-2.879101790547678","-2.4450639360535535","-2.4450639360535535","-2.4450639360535535","-2.6424420713975563","-2.6424420713975563","-2.6424420713975563","-2.66801645259997","-2.66801645259997","-2.66801645259997","-1.8673519357219714","-1.8673519357219714","-1.8673519357219714","-2.217492283150484","-2.217492283150484","-2.217492283150484","-3.3561485366808634","-3.3561485366808634","-3.3561485366808634","-1.961329215288418","-1.961329215288418","-1.961329215288418","-2.6809887350433943","-2.6809887350433943","-2.6809887350433943","-2.844174611295424","-2.844174611295424","-2.844174611295424","-2.746420511055604","-2.746420511055604","-2.746420511055604","-2.8035048779014646","-2.8035048779014646","-2.8035048779014646","-2.143392327185763","-2.143392327185763","-2.143392327185763","-2.4732497279313015","-2.4732497279313015","-2.4732497279313015","-2.686639919605627","-2.686639919605627","-2.686639919605627","-2.653570660906735","-2.653570660906735","-2.653570660906735"
"26000","-1.7973128100599625","-1.7973128100599625","-1.7973128100599625","-2.409036947966135","-2.409036947966135","-2.409036947966135","-2.523761194232928","-2.523761194232928","-2.523761194232928","-1.781548617119956","-1.781548617119956","-1.781548617119956","-3.181095952331421","-3.181095952331421","-3.181095952331421","-5.544249842285768","-5.544249842285768","-5.544249842285768","-2.218721529576583","-2.218721529576583","-2.218721529576583","-3.784166261388826","-3.784166261388826","-3.784166261388826","-1.5508600036874802","-1.5508600036874802","-1.5508600036874802","-2.49872963965102","-2.49872963965102","-2.49872963965102","-3.502215243197143","-3.502215243197143","-3.502215243197143","-1.3921092270619309","-1.3921092270619309","-1.3921092270619309","-2.139691791161553","-2.139691791161553","-2.139691791161553","-2.8902429684967834","-2.8902429684967834","-2.8902429684967834","-2.377114413877144","-2.377114413877144","-2.377114413877144","-2.719445212879441","-2.719445212879441","-2.719445212879441","-2.1302599306177363","-2.1302599306177363","-2.1302599306177363","-2.9321718779935706","-2.9321718779935706","-2.9321718779935706","-3.125203041096704","-3.125203041096704","-3.125203041096704","-2.6671757341587585","-2.6671757341587585","-2.6671757341587585"
"26500","-1.8822488070390513","-1.8822488070390513","-1.8822488070390513","-2.807013662643429","-2.807013662643429","-2.807013662643429","-1.6611079663682031","-1.6611079663682031","-1.6611079663682031","-1.6941716539645788","-1.6941716539645788","-1.6941716539645788","-3.132549707923971","-3.132549707923971","-3.132549707923971","-2.4000205399710817","-2.4000205399710817","-2.4000205399710817","-3.5494059520647747","-3.5494059520647747","-3.5494059520647747","-2.41028631490944","-2.41028631490944","-2.41028631490944","-2.718238392047247","-2.718238392047247","-2.718238392047247","-3.38655432885312","-3.38655432885312","-3.38655432885312","-3.5637005450267174","-3.5637005450267174","-3.5637005450267174","-2.63636527697501","-2.63636527697501","-2.63636527697501","-2.6516713504666933","-2.6516713504666933","-2.6516713504666933","-2.7319675942108903","-2.7319675942108903","-2.7319675942108903","-2.587400151408769","-2.587400151408769","-2.587400151408769","-3.756836336588345","-3.756836336588345","-3.756836336588345","-2.1639423554089485","-2.1639423554089485","-2.1639423554089485","-2.009857605377089","-2.009857605377089","-2.009857605377089","-2.0550625603167445","-2.0550625603167445","-2.0550625603167445","-3.975584814614551","-3.975584814614551","-3.975584814614551"
"27000","-2.1628252655962497","-2.1628252655962497","-2.1628252655962497","-1.897131303600484","-1.897131303600484","-1.897131303600484","-1.5264751218023282","-1.5264751218023282","-1.5264751218023282","-2.7831150807441323","-2.7831150807441323","-2.7831150807441323","-2.265279896065548","-2.265279896065548","-2.265279896065548","-2.7737406978317827","-2.7737406978317827","-2.7737406978317827","-3.6103325075974553","-3.6103325075974553","-3.6103325075974553","-2.3219982503598517","-2.3219982503598517","-2.3219982503598517","-2.7007793253515957","-2.7007793253515957","-2.7007793253515957","-2.9796472920672104","-2.9796472920672104","-2.9796472920672104","-3.798637807720162","-3.798637807720162","-3.798637807720162","-1.6441009459571458","-1.6441009459571458","-1.6441009459571458","-2.044559779698747","-2.044559779698747","-2.044559779698747","-2.3429724170230104","-2.3429724170230104","-2.3429724170230104","-2.4380611601059985","-2.4380611601059985","-2.4380611601059985","-4.445786887461262","-4.445786887461262","-4.445786887461262","-2.1475492742737874","-2.1475492742737874","-2.1475492742737874","-2.9380900737993545","-2.9380900737993545","-2.9380900737993545","-2.176504317370081","-2.176504317370081","-2.176504317370081","-4.07804310493477","-4.07804310493477","-4.07804310493477"
"27500","-2.053866825681772","-2.053866825681772","-2.053866825681772","-2.592530278187085","-2.592530278187085","-2.592530278187085","-1.7514815345786219","-1.7514815345786219","-1.7514815345786219","-1.7770459869897972","-1.7770459869897972","-1.7770459869897972","-1.757708600414373","-1.757708600414373","-1.757708600414373","-4.5050392641439725","-4.5050392641439725","-4.5050392641439725","-2.904276510194026","-2.904276510194026","-2.904276510194026","-2.762710328224705","-2.762710328224705","-2.762710328224705","-1.7606723386196712","-1.7606723386196712","-1.7606723386196712","-3.055930664864732","-3.055930664864732","-3.055930664864732","-3.433948957671947","-3.433948957671947","-3.433948957671947","-1.7013810779130183","-1.7013810779130183","-1.7013810779130183","-2.4926262276774587","-2.4926262276774587","-2.4926262276774587","-3.023385235883935","-3.023385235883935","-3.023385235883935","-2.1461556974740823","-2.1461556974740823","-2.1461556974740823","-2.507696482791224","-2.507696482791224","-2.507696482791224","-2.7891045798948775","-2.7891045798948775","-2.7891045798948775","-3.175826766231398","-3.175826766231398","-3.175826766231398","-3.102572230971986","-3.102572230971986","-3.102572230971986","-3.3578750864378137","-3.3578750864378137","-3.3578750864378137"
"28000","-2.5886193934655877","-2.5886193934655877","-2.5886193934655877","-1.830223576316952","-1.830223576316952","-1.830223576316952","-3.336452017701865","-3.336452017701865","-3.336452017701865","-2.6020439225254575","-2.6020439225254575","-2.6020439225254575","-2.5673079053940184","-2.5673079053940184","-2.5673079053940184","-3.1707551790170148","-3.1707551790170148","-3.1707551790170148","-4.01385957202619","-4.01385957202619","-4.01385957202619","-2.152764641364037","-2.152764641364037","-2.152764641364037","-1.9962722069670769","-1.9962722069670769","-1.9962722069670769","-3.1179946099185614","-3.1179946099185614","-3.1179946099185614","-3.482393167589791","-3.482393167589791","-3.482393167589791","-2.525899819371616","-2.525899819371616","-2.525899819371616","-2.5200132777664033","-2.5200132777664033","-2.5200132777664033","-2.3062226669097465","-2.3062226669097465","-2.3062226669097465","-2.492120111732273","-2.492120111732273","-2.492120111732273","-4.169536662375968","-4.169536662375968","-4.169536662375968","-1.9527382433490381","-1.9527382433490381","-1.9527382433490381","-2.4380300218883635","-2.4380300218883635","-2.4380300218883635","-2.6187752985385893","-2.6187752985385893","-2.6187752985385893","-2.773299982755023","-2.773299982755023","-2.773299982755023"
"28500","-2.2677653319034956","-2.2677653319034956","-2.2677653319034956","-2.7058841872658497","-2.7058841872658497","-2.7058841872658497","-1.5212288498997595","-1.5212288498997595","-1.5212288498997595","-2.0078778941928555","-2.0078778941928555","-2.0078778941928555","-1.8928866391651755","-1.8928866391651755","-1.8928866391651755","-2.722225961700068","-2.722225961700068","-2.722225961700068","-5.187958594348361","-5.187958594348361","-5.187958594348361","-2.0560804135585813","-2.0560804135585813","-2.0560804135585813","-1.9777726643811868","-1.9777726643811868","-1.9777726643811868","-2.9991430981196787","-2.9991430981196787","-2.9991430981196787","-3.4640680575185017","-3.4640680575185017","-3.4640680575185017","-1.9198487218674245","-1.9198487218674245","-1.9198487218674245","-3.0937843914985304","-3.0937843914985304","-3.0937843914985304","-2.404276302495469","-2.404276302495469","-2.404276302495469","-2.5615721068970125","-2.5615721068970125","-2.5615721068970125","-3.714938349028924","-3.714938349028924","-3.714938349028924","-2.040985742822449","-2.040985742822449","-2.040985742822449","-2.333747412430692","-2.333747412430692","-2.333747412430692","-2.103654892503011","-2.103654892503011","-2.103654892503011","-3.8342729514541296","-3.8342729514541296","-3.8342729514541296"
"29000","-2.1783339336067877","-2.1783339336067877","-2.1783339336067877","-2.034078495904012","-2.034078495904012","-2.034078495904012","-1.5193911781459124","-1.5193911781459124","-1.5193911781459124","-2.28552296195216","-2.28552296195216","-2.28552296195216","-2.061734872764908","-2.061734872764908","-2.061734872764908","-3.222643657562962","-3.222643657562962","-3.222643657562962","-4.830133694695532","-4.830133694695532","-4.830133694695532","-2.0449295030513204","-2.0449295030513204","-2.0449295030513204","-2.068996958001997","-2.068996958001997","-2.068996958001997","-2.8794192718717317","-2.8794192718717317","-2.8794192718717317","-3.6823848592159067","-3.6823848592159067","-3.6823848592159067","-1.902979593381","-1.902979593381","-1.902979593381","-2.162910236926784","-2.162910236926784","-2.162910236926784","-2.714608695311406","-2.714608695311406","-2.714608695311406","-1.9025103996142847","-1.9025103996142847","-1.9025103996142847","-3.9164152517115505","-3.9164152517115505","-3.9164152517115505","-2.1627518299540425","-2.1627518299540425","-2.1627518299540425","-2.4790821808237546","-2.4790821808237546","-2.4790821808237546","-2.192484458841096","-2.192484458841096","-2.192484458841096","-2.355864295886426","-2.355864295886426","-2.355864295886426"
"29500","-1.8492460875645165","-1.8492460875645165","-1.8492460875645165","-1.4588364658133552","-1.4588364658133552","-1.4588364658133552","-1.5042126406619818","-1.5042126406619818","-1.5042126406619818","-2.4124554916798653","-2.4124554916798653","-2.4124554916798653","-2.5652273965183987","-2.5652273965183987","-2.5652273965183987","-3.5738340597714866","-3.5738340597714866","-3.5738340597714866","-3.422466221544783","-3.422466221544783","-3.422466221544783","-2.0244675624537285","-2.0244675624537285","-2.0244675624537285","-1.2476062405989872","-1.2476062405989872","-1.2476062405989872","-2.0713019397301475","-2.0713019397301475","-2.0713019397301475","-3.819782870436311","-3.819782870436311","-3.819782870436311","-1.8005043440870225","-1.8005043440870225","-1.8005043440870225","-2.6446625944000153","-2.6446625944000153","-2.6446625944000153","-2.919147058659012","-2.919147058659012","-2.919147058659012","-2.3489498905518813","-2.3489498905518813","-2.3489498905518813","-3.850731198661714","-3.850731198661714","-3.850731198661714","-1.992972698128441","-1.992972698128441","-1.992972698128441","-3.156547175186081","-3.156547175186081","-3.156547175186081","-3.2155111638786793","-3.2155111638786793","-3.2155111638786793","-3.0504672591621538","-3.0504672591621538","-3.0504672591621538"
"30000","-2.221757889811099","-2.221757889811099","-2.221757889811099","-1.7020216488194577","-1.7020216488194577","-1.7020216488194577","-1.8349583777517506","-1.8349583777517506","-1.8349583777517506","-2.3472222693684213","-2.3472222693684213","-2.3472222693684213","-2.1783389278859757","-2.1783389278859757","-2.1783389278859757","-2.6347041541376135","-2.6347041541376135","-2.6347041541376135","-3.261516643726067","-3.261516643726067","-3.261516643726067","-1.7186675500099202","-1.7186675500099202","-1.7186675500099202","-1.8948612306492945","-1.8948612306492945","-1.8948612306492945","-3.69312258555874","-3.69312258555874","-3.69312258555874","-3.9751343300695203","-3.9751343300695203","-3.9751343300695203","-1.878212882284077","-1.878212882284077","-1.878212882284077","-2.279302746569744","-2.279302746569744","-2.279302746569744","-2.5092030236869305","-2.5092030236869305","-2.5092030236869305","-2.76205304118888","-2.76205304118888","-2.76205304118888","-3.469834160603476","-3.469834160603476","-3.469834160603476","-2.2244397302097685","-2.2244397302097685","-2.2244397302097685","-3.4010147512004316","-3.4010147512004316","-3.4010147512004316","-1.9314388627207655","-1.9314388627207655","-1.9314388627207655","-2.5848854130217154","-2.5848854130217154","-2.5848854130217154"
"30500","-1.8503994638345986","-1.8503994638345986","-1.8503994638345986","-2.5512493010690784","-2.5512493010690784","-2.5512493010690784","-1.7218581084316884","-1.7218581084316884","-1.7218581084316884","-2.8566496328370348","-2.8566496328370348","-2.8566496328370348","-1.5996080688593444","-1.5996080688593444","-1.5996080688593444","-2.5689433896204603","-2.5689433896204603","-2.5689433896204603","-3.4631916925142763","-3.4631916925142763","-3.4631916925142763","-1.7934932320085175","-1.7934932320085175","-1.7934932320085175","-1.6277116887984895","-1.6277116887984895","-1.6277116887984895","-2.921192902916667","-2.921192902916667","-2.921192902916667","-3.9444007273419124","-3.9444007273419124","-3.9444007273419124","-1.783553818491108","-1.783553818491108","-1.783553818491108","-2.7223434555618025","-2.7223434555618025","-2.7223434555618025","-2.0643726076629836","-2.0643726076629836","-2.0643726076629836","-2.7218607644714625","-2.7218607644714625","-2.7218607644714625","-3.617187614332244","-3.617187614332244","-3.617187614332244","-2.0566523334062703","-2.0566523334062703","-2.0566523334062703","-2.699391851316637","-2.699391851316637","-2.699391851316637","-2.0273799453151327","-2.0273799453151327","-2.0273799453151327","-3.3523359237650903","-3.3523359237650903","-3.3523359237650903"
"31000","-1.773577628188264","-1.773577628188264","-1.773577628188264","-2.0725674008757933","-2.0725674008757933","-2.0725674008757933","-1.8436857338065178","-1.8436857338065178","-1.8436857338065178","-2.3242988717511603","-2.3242988717511603","-2.3242988717511603","-1.7388408693615411","-1.7388408693615411","-1.7388408693615411","-2.499639001120605","-2.499639001120605","-2.499639001120605","-3.1318363529333313","-3.1318363529333313","-3.1318363529333313","-1.8352425491447637","-1.8352425491447637","-1.8352425491447637","-1.8946833744965392","-1.8946833744965392","-1.8946833744965392","-2.728339352484325","-2.728339352484325","-2.728339352484325","-5.448791387489003","-5.448791387489003","-5.448791387489003","-1.644575891425843","-1.644575891425843","-1.644575891425843","-1.924488183909484","-1.924488183909484","-1.924488183909484","-2.148185678716401","-2.148185678716401","-2.148185678716401","-2.101704503227981","-2.101704503227981","-2.101704503227981","-3.0214595297152584","-3.0214595297152584","-3.0214595297152584","-1.5610625490182701","-1.5610625490182701","-1.5610625490182701","-2.237176812772432","-2.237176812772432","-2.237176812772432","-2.6449869251498153","-2.6449869251498153","-2.6449869251498153","-2.287209525973829","-2.287209525973829","-2.287209525973829"
"31500","-2.395420724114639","-2.395420724114639","-2.395420724114639","-1.9672600771221163","-1.9672600771221163","-1.9672600771221163","-2.2871009923941834","-2.2871009923941834","-2.2871009923941834","-2.160487175329049","-2.160487175329049","-2.160487175329049","-1.4251052527202013","-1.4251052527202013","-1.4251052527202013","-2.7306185210056273","-2.7306185210056273","-2.7306185210056273","-4.2897568089210125","-4.2897568089210125","-4.2897568089210125","-1.7035989821875213","-1.7035989821875213","-1.7035989821875213","-2.132060060882231","-2.132060060882231","-2.132060060882231","-2.6051540865274916","-2.6051540865274916","-2.6051540865274916","-4.516899944228525","-4.516899944228525","-4.516899944228525","-1.694537162269779","-1.694537162269779","-1.694537162269779","-2.7267524033553348","-2.7267524033553348","-2.7267524033553348","-2.279481038943047","-2.279481038943047","-2.279481038943047","-2.146619791222684","-2.146619791222684","-2.146619791222684","-3.6972718403673497","-3.6972718403673497","-3.6972718403673497","-1.5115192191079323","-1.5115192191079323","-1.5115192191079323","-2.199795619432055","-2.199795619432055","-2.199795619432055","-2.196300718085071","-2.196300718085071","-2.196300718085071","-2.506447079781124","-2.506447079781124","-2.506447079781124"
"32000","-1.5582137486437755","-1.5582137486437755","-1.5582137486437755","-2.8010261674054755","-2.8010261674054755","-2.8010261674054755","-2.1227357368320936","-2.1227357368320936","-2.1227357368320936","-3.373265846549971","-3.373265846549971","-3.373265846549971","-1.5564950379898534","-1.5564950379898534","-1.5564950379898534","-3.557190651140521","-3.557190651140521","-3.557190651140521","-4.452745840241234","-4.452745840241234","-4.452745840241234","-1.8334923766748161","-1.8334923766748161","-1.8334923766748161","-1.9147235687074482","-1.9147235687074482","-1.9147235687074482","-2.401115113107306","-2.401115113107306","-2.401115113107306","-5.480734233796367","-5.480734233796367","-5.480734233796367","-1.429560759322733","-1.429560759322733","-1.429560759322733","-2.8871298302598483","-2.8871298302598483","-2.8871298302598483","-2.639306867114565","-2.639306867114565","-2.639306867114565","-2.25617226522601","-2.25617226522601","-2.25617226522601","-4.2391775402387815","-4.2391775402387815","-4.2391775402387815","-1.5966547572574534","-1.5966547572574534","-1.5966547572574534","-2.4396310997844335","-2.4396310997844335","-2.4396310997844335","-2.2262260757625523","-2.2262260757625523","-2.2262260757625523","-1.8364955869736987","-1.8364955869736987","-1.8364955869736987"
"32500","-1.774593089198794","-1.774593089198794","-1.774593089198794","-2.0264450010056985","-2.0264450010056985","-2.0264450010056985","-2.6301026652336046","-2.6301026652336046","-2.6301026652336046","-2.1886582454522365","-2.1886582454522365","-2.1886582454522365","-1.6640041402415484","-1.6640041402415484","-1.6640041402415484","-2.9864528822053247","-2.9864528822053247","-2.9864528822053247","-3.845620727005715","-3.845620727005715","-3.845620727005715","-1.9963997965876026","-1.9963997965876026","-1.9963997965876026","-2.2764934176198985","-2.2764934176198985","-2.2764934176198985","-2.081386799293725","-2.081386799293725","-2.081386799293725","-4.51177937279788","-4.51177937279788","-4.51177937279788","-1.4335228366520194","-1.4335228366520194","-1.4335228366520194","-2.888586495320543","-2.888586495320543","-2.888586495320543","-2.7024200153372626","-2.7024200153372626","-2.7024200153372626","-1.390486905452096","-1.390486905452096","-1.390486905452096","-3.5909385046039155","-3.5909385046039155","-3.5909385046039155","-1.4104466354841874","-1.4104466354841874","-1.4104466354841874","-1.957623900122638","-1.957623900122638","-1.957623900122638","-1.89226650114953","-1.89226650114953","-1.89226650114953","-1.775980332297911","-1.775980332297911","-1.775980332297911"
"33000","-2.343520170142046","-2.343520170142046","-2.343520170142046","-2.997650260322847","-2.997650260322847","-2.997650260322847","-1.9430090472044221","-1.9430090472044221","-1.9430090472044221","-2.088904564295915","-2.088904564295915","-2.088904564295915","-1.845641703621673","-1.845641703621673","-1.845641703621673","-2.2047923186109544","-2.2047923186109544","-2.2047923186109544","-2.565191779747493","-2.565191779747493","-2.565191779747493","-1.6505477195278782","-1.6505477195278782","-1.6505477195278782","-1.9233454084257076","-1.9233454084257076","-1.9233454084257076","-2.359494191758393","-2.359494191758393","-2.359494191758393","-3.931652619960674","-3.931652619960674","-3.931652619960674","-1.652691226944253","-1.652691226944253","-1.652691226944253","-2.63739100128923","-2.63739100128923","-2.63739100128923","-2.3455287417775397","-2.3455287417775397","-2.3455287417775397","-2.708389952886936","-2.708389952886936","-2.708389952886936","-3.1089919141079756","-3.1089919141079756","-3.1089919141079756","-1.5316523675283538","-1.5316523675283538","-1.5316523675283538","-2.142693644140896","-2.142693644140896","-2.142693644140896","-1.7950604866818847","-1.7950604866818847","-1.7950604866818847","-2.1307759885121955","-2.1307759885121955","-2.1307759885121955"
"33500","-1.2647370554992734","-1.2647370554992734","-1.2647370554992734","-2.874385722552112","-2.874385722552112","-2.874385722552112","-2.0263746110497864","-2.0263746110497864","-2.0263746110497864","-2.5886774135194988","-2.5886774135194988","-2.5886774135194988","-3.1238177912585376","-3.1238177912585376","-3.1238177912585376","-3.3940559439133624","-3.3940559439133624","-3.3940559439133624","-3.442833243661588","-3.442833243661588","-3.442833243661588","-1.8164802070730908","-1.8164802070730908","-1.8164802070730908","-1.8817701637843751","-1.8817701637843751","-1.8817701637843751","-2.3090004974154783","-2.3090004974154783","-2.3090004974154783","-4.4823778991486805","-4.4823778991486805","-4.4823778991486805","-1.402407122700092","-1.402407122700092","-1.402407122700092","-2.8438230779901703","-2.8438230779901703","-2.8438230779901703","-2.054187994276138","-2.054187994276138","-2.054187994276138","-1.0538431117331","-1.0538431117331","-1.0538431117331","-4.124582077112884","-4.124582077112884","-4.124582077112884","-1.5794263929984464","-1.5794263929984464","-1.5794263929984464","-2.8364390559628747","-2.8364390559628747","-2.8364390559628747","-2.0088391101042444","-2.0088391101042444","-2.0088391101042444","-2.674254300415163","-2.674254300415163","-2.674254300415163"
"34000","-1.3530218734270876","-1.3530218734270876","-1.3530218734270876","-2.6993158654378013","-2.6993158654378013","-2.6993158654378013","-1.8869436552181962","-1.8869436552181962","-1.8869436552181962","-2.01521680753564","-2.01521680753564","-2.01521680753564","-2.7845150879967657","-2.7845150879967657","-2.7845150879967657","-3.707410797622125","-3.707410797622125","-3.707410797622125","-3.2721002835314237","-3.2721002835314237","-3.2721002835314237","-2.383070345500976","-2.383070345500976","-2.383070345500976","-2.151839824165717","-2.151839824165717","-2.151839824165717","-3.40554206260535","-3.40554206260535","-3.40554206260535","-4.810735448145559","-4.810735448145559","-4.810735448145559","-1.4616337661597962","-1.4616337661597962","-1.4616337661597962","-2.610732715018709","-2.610732715018709","-2.610732715018709","-2.100240003448858","-2.100240003448858","-2.100240003448858","-2.364558716233402","-2.364558716233402","-2.364558716233402","-2.7647654216842605","-2.7647654216842605","-2.7647654216842605","-1.6158890905252126","-1.6158890905252126","-1.6158890905252126","-2.471134625230442","-2.471134625230442","-2.471134625230442","-2.4099106425099337","-2.4099106425099337","-2.4099106425099337","-1.8161705130786359","-1.8161705130786359","-1.8161705130786359"
"34500","-1.7574043823124774","-1.7574043823124774","-1.7574043823124774","-2.5715225135883695","-2.5715225135883695","-2.5715225135883695","-2.2404894478611626","-2.2404894478611626","-2.2404894478611626","-2.0453079558183918","-2.0453079558183918","-2.0453079558183918","-1.8524847121562413","-1.8524847121562413","-1.8524847121562413","-3.4147140623265266","-3.4147140623265266","-3.4147140623265266","-3.780671511742388","-3.780671511742388","-3.780671511742388","-1.703330251909764","-1.703330251909764","-1.703330251909764","-1.8638766893533725","-1.8638766893533725","-1.8638766893533725","-2.5865206861580843","-2.5865206861580843","-2.5865206861580843","-4.329030401169477","-4.329030401169477","-4.329030401169477","-1.4262033480492131","-1.4262033480492131","-1.4262033480492131","-2.875482885260049","-2.875482885260049","-2.875482885260049","-2.4877556145828197","-2.4877556145828197","-2.4877556145828197","-1.9027300867857182","-1.9027300867857182","-1.9027300867857182","-3.2714100401241772","-3.2714100401241772","-3.2714100401241772","-1.9078264960641207","-1.9078264960641207","-1.9078264960641207","-2.7273360610327457","-2.7273360610327457","-2.7273360610327457","-2.166723082771019","-2.166723082771019","-2.166723082771019","-2.1970024525504344","-2.1970024525504344","-2.1970024525504344"
"35000","-1.713103119022314","-1.713103119022314","-1.713103119022314","-3.5008374243841827","-3.5008374243841827","-3.5008374243841827","-2.216793509789059","-2.216793509789059","-2.216793509789059","-1.908602060631783","-1.908602060631783","-1.908602060631783","-2.1619708185006976","-2.1619708185006976","-2.1619708185006976","-3.342307954733233","-3.342307954733233","-3.342307954733233","-4.220205444070525","-4.220205444070525","-4.220205444070525","-2.2967253577185596","-2.2967253577185596","-2.2967253577185596","-1.9952418336130855","-1.9952418336130855","-1.9952418336130855","-2.5604732838873443","-2.5604732838873443","-2.5604732838873443","-5.044838493678886","-5.044838493678886","-5.044838493678886","-1.5627496338001632","-1.5627496338001632","-1.5627496338001632","-2.579190622556289","-2.579190622556289","-2.579190622556289","-2.3009404629269143","-2.3009404629269143","-2.3009404629269143","-1.5681736383124079","-1.5681736383124079","-1.5681736383124079","-2.717301373226424","-2.717301373226424","-2.717301373226424","-1.5872555443705776","-1.5872555443705776","-1.5872555443705776","-3.20484838468577","-3.20484838468577","-3.20484838468577","-2.3036968124157413","-2.3036968124157413","-2.3036968124157413","-1.8220770630052976","-1.8220770630052976","-1.8220770630052976"
"35500","-1.4122750519865026","-1.4122750519865026","-1.4122750519865026","-3.147649077698298","-3.147649077698298","-3.147649077698298","-2.8122430450037994","-2.8122430450037994","-2.8122430450037994","-2.1046194601066976","-2.1046194601066976","-2.1046194601066976","-1.8813057814026124","-1.8813057814026124","-1.8813057814026124","-3.7188933874760743","-3.7188933874760743","-3.7188933874760743","-3.3680599564603595","-3.3680599564603595","-3.3680599564603595","-1.6656129537386932","-1.6656129537386932","-1.6656129537386932","-1.972932784406974","-1.972932784406974","-1.972932784406974","-2.893521102332823","-2.893521102332823","-2.893521102332823","-4.294547061551907","-4.294547061551907","-4.294547061551907","-1.4318901458576598","-1.4318901458576598","-1.4318901458576598","-2.8800181216706555","-2.8800181216706555","-2.8800181216706555","-2.5970868783438723","-2.5970868783438723","-2.5970868783438723","-1.0058197562141653","-1.0058197562141653","-1.0058197562141653","-2.8326888800675865","-2.8326888800675865","-2.8326888800675865","-1.4914553061472025","-1.4914553061472025","-1.4914553061472025","-2.3037793416777688","-2.3037793416777688","-2.3037793416777688","-1.6831834497284621","-1.6831834497284621","-1.6831834497284621","-1.7942016927366524","-1.7942016927366524","-1.7942016927366524"
"36000","-2.4125743019162575","-2.4125743019162575","-2.4125743019162575","-2.9684873966847714","-2.9684873966847714","-2.9684873966847714","-2.6912570036825296","-2.6912570036825296","-2.6912570036825296","-1.8536248086087106","-1.8536248086087106","-1.8536248086087106","-2.30248500893788","-2.30248500893788","-2.30248500893788","-4.401042015744964","-4.401042015744964","-4.401042015744964","-3.042239138620805","-3.042239138620805","-3.042239138620805","-1.788059081345672","-1.788059081345672","-1.788059081345672","-1.80277620679643","-1.80277620679643","-1.80277620679643","-2.051169404932562","-2.051169404932562","-2.051169404932562","-4.242275876942328","-4.242275876942328","-4.242275876942328","-1.5156696608804126","-1.5156696608804126","-1.5156696608804126","-2.6539143702449044","-2.6539143702449044","-2.6539143702449044","-2.421051733512325","-2.421051733512325","-2.421051733512325","-1.0798444657048294","-1.0798444657048294","-1.0798444657048294","-3.4769280904459743","-3.4769280904459743","-3.4769280904459743","-1.4747505011631707","-1.4747505011631707","-1.4747505011631707","-2.3722087462471344","-2.3722087462471344","-2.3722087462471344","-2.786586447525997","-2.786586447525997","-2.786586447525997","-2.1401430805913457","-2.1401430805913457","-2.1401430805913457"
"36500","-1.5817446860648456","-1.5817446860648456","-1.5817446860648456","-2.861049822162479","-2.861049822162479","-2.861049822162479","-2.131248739981465","-2.131248739981465","-2.131248739981465","-1.6951972736822067","-1.6951972736822067","-1.6951972736822067","-2.3385928995449996","-2.3385928995449996","-2.3385928995449996","-2.971747117039997","-2.971747117039997","-2.971747117039997","-3.3743092274109685","-3.3743092274109685","-3.3743092274109685","-1.6582549950823833","-1.6582549950823833","-1.6582549950823833","-1.3194716050824167","-1.3194716050824167","-1.3194716050824167","-1.7491330534691136","-1.7491330534691136","-1.7491330534691136","-3.385399720172468","-3.385399720172468","-3.385399720172468","-1.7152856396168759","-1.7152856396168759","-1.7152856396168759","-2.146020666168778","-2.146020666168778","-2.146020666168778","-2.8054304694012595","-2.8054304694012595","-2.8054304694012595","-1.107963114335897","-1.107963114335897","-1.107963114335897","-3.1862294277781515","-3.1862294277781515","-3.1862294277781515","-1.6616096595555248","-1.6616096595555248","-1.6616096595555248","-2.3547843846825742","-2.3547843846825742","-2.3547843846825742","-2.103738156666271","-2.103738156666271","-2.103738156666271","-1.5145464220636802","-1.5145464220636802","-1.5145464220636802"
"37000","-1.7827245804899612","-1.7827245804899612","-1.7827245804899612","-3.0493120764267196","-3.0493120764267196","-3.0493120764267196","-2.124866529141582","-2.124866529141582","-2.124866529141582","-2.068928843739882","-2.068928843739882","-2.068928843739882","-1.7531627438942992","-1.7531627438942992","-1.7531627438942992","-2.5320361211852247","-2.5320361211852247","-2.5320361211852247","-3.1389390562116914","-3.1389390562116914","-3.1389390562116914","-1.7942201990053916","-1.7942201990053916","-1.7942201990053916","-1.4489415430217008","-1.4489415430217008","-1.4489415430217008","-2.0841335678557895","-2.0841335678557895","-2.0841335678557895","-4.270220586982088","-4.270220586982088","-4.270220586982088","-1.7949704397689419","-1.7949704397689419","-1.7949704397689419","-1.8547640778778145","-1.8547640778778145","-1.8547640778778145","-2.498087404975013","-2.498087404975013","-2.498087404975013","-1.1668336541090394","-1.1668336541090394","-1.1668336541090394","-3.664564748059644","-3.664564748059644","-3.664564748059644","-1.5237286175778526","-1.5237286175778526","-1.5237286175778526","-2.6354726926624066","-2.6354726926624066","-2.6354726926624066","-2.1984067186822402","-2.1984067186822402","-2.1984067186822402","-2.510481432358981","-2.510481432358981","-2.510481432358981"
"37500","-2.196567549172242","-2.196567549172242","-2.196567549172242","-3.1111312735386796","-3.1111312735386796","-3.1111312735386796","-2.8854685476208","-2.8854685476208","-2.8854685476208","-2.003366035228184","-2.003366035228184","-2.003366035228184","-2.440876897786233","-2.440876897786233","-2.440876897786233","-2.6936070318915584","-2.6936070318915584","-2.6936070318915584","-3.0548235486310835","-3.0548235486310835","-3.0548235486310835","-1.9900311021967425","-1.9900311021967425","-1.9900311021967425","-1.6906874808127246","-1.6906874808127246","-1.6906874808127246","-2.420819990081436","-2.420819990081436","-2.420819990081436","-3.2343526006054675","-3.2343526006054675","-3.2343526006054675","-1.8661353212108243","-1.8661353212108243","-1.8661353212108243","-1.8154227679851818","-1.8154227679851818","-1.8154227679851818","-2.686068002609194","-2.686068002609194","-2.686068002609194","-1.4226944630848388","-1.4226944630848388","-1.4226944630848388","-4.0701678008820155","-4.0701678008820155","-4.0701678008820155","-1.5356771048266522","-1.5356771048266522","-1.5356771048266522","-2.8790062363767204","-2.8790062363767204","-2.8790062363767204","-2.4449804116505285","-2.4449804116505285","-2.4449804116505285","-1.9795721261114825","-1.9795721261114825","-1.9795721261114825"
"38000","-2.529227702788039","-2.529227702788039","-2.529227702788039","-2.263958083352422","-2.263958083352422","-2.263958083352422","-2.3250650707991722","-2.3250650707991722","-2.3250650707991722","-1.8637359794807158","-1.8637359794807158","-1.8637359794807158","-2.11566626852291","-2.11566626852291","-2.11566626852291","-3.061569702475276","-3.061569702475276","-3.061569702475276","-3.0469560576046146","-3.0469560576046146","-3.0469560576046146","-1.5886199101879324","-1.5886199101879324","-1.5886199101879324","-1.8270301277997547","-1.8270301277997547","-1.8270301277997547","-1.5865581720387627","-1.5865581720387627","-1.5865581720387627","-3.0944003014970365","-3.0944003014970365","-3.0944003014970365","-1.4898771502564414","-1.4898771502564414","-1.4898771502564414","-1.9464935354713382","-1.9464935354713382","-1.9464935354713382","-2.250317396013336","-2.250317396013336","-2.250317396013336","-1.4476812960584964","-1.4476812960584964","-1.4476812960584964","-3.8231316390266485","-3.8231316390266485","-3.8231316390266485","-1.523021620812155","-1.523021620812155","-1.523021620812155","-2.5362438839713133","-2.5362438839713133","-2.5362438839713133","-2.324887958363214","-2.324887958363214","-2.324887958363214","-1.7069541565299957","-1.7069541565299957","-1.7069541565299957"
"38500","-2.3651610711076385","-2.3651610711076385","-2.3651610711076385","-3.0682353751196456","-3.0682353751196456","-3.0682353751196456","-1.4788347931991854","-1.4788347931991854","-1.4788347931991854","-1.882777498209633","-1.882777498209633","-1.882777498209633","-2.3646588115220393","-2.3646588115220393","-2.3646588115220393","-2.2985233956901334","-2.2985233956901334","-2.2985233956901334","-3.191107222903021","-3.191107222903021","-3.191107222903021","-1.5900273356794907","-1.5900273356794907","-1.5900273356794907","-1.7754048389487824","-1.7754048389487824","-1.7754048389487824","-1.6117909442502871","-1.6117909442502871","-1.6117909442502871","-3.2123596505905923","-3.2123596505905923","-3.2123596505905923","-1.6133764418627448","-1.6133764418627448","-1.6133764418627448","-1.4718257115652875","-1.4718257115652875","-1.4718257115652875","-2.36223966698186","-2.36223966698186","-2.36223966698186","-1.3579900472100006","-1.3579900472100006","-1.3579900472100006","-4.320466262377306","-4.320466262377306","-4.320466262377306","-1.5273544792557707","-1.5273544792557707","-1.5273544792557707","-2.511678457800996","-2.511678457800996","-2.511678457800996","-2.013806342981621","-2.013806342981621","-2.013806342981621","-1.8728895621518782","-1.8728895621518782","-1.8728895621518782"
"39000","-2.191184998173417","-2.191184998173417","-2.191184998173417","-3.1444858852417306","-3.1444858852417306","-3.1444858852417306","-1.9408028359135745","-1.9408028359135745","-1.9408028359135745","-1.8742653016983923","-1.8742653016983923","-1.8742653016983923","-2.8298969301807437","-2.8298969301807437","-2.8298969301807437","-2.055691784107572","-2.055691784107572","-2.055691784107572","-3.6515702273977944","-3.6515702273977944","-3.6515702273977944","-1.8480168726947384","-1.8480168726947384","-1.8480168726947384","-1.8849207137142536","-1.8849207137142536","-1.8849207137142536","-1.5746381212594316","-1.5746381212594316","-1.5746381212594316","-3.525070299849479","-3.525070299849479","-3.525070299849479","-1.6618975092948933","-1.6618975092948933","-1.6618975092948933","-1.8990373907812148","-1.8990373907812148","-1.8990373907812148","-2.2966677463339726","-2.2966677463339726","-2.2966677463339726","-1.738997496643033","-1.738997496643033","-1.738997496643033","-4.981281824445844","-4.981281824445844","-4.981281824445844","-1.5262914926346174","-1.5262914926346174","-1.5262914926346174","-2.5781193137411145","-2.5781193137411145","-2.5781193137411145","-2.194009306836579","-2.194009306836579","-2.194009306836579","-2.268984169883671","-2.268984169883671","-2.268984169883671"
"39500","-2.4822921260511692","-2.4822921260511692","-2.4822921260511692","-2.3891126316584717","-2.3891126316584717","-2.3891126316584717","-1.7211295172226246","-1.7211295172226246","-1.7211295172226246","-2.029431480143694","-2.029431480143694","-2.029431480143694","-2.1237939279458056","-2.1237939279458056","-2.1237939279458056","-2.2424658048949784","-2.2424658048949784","-2.2424658048949784","-3.462828457205706","-3.462828457205706","-3.462828457205706","-2.5314815703850897","-2.5314815703850897","-2.5314815703850897","-1.5284976215065267","-1.5284976215065267","-1.5284976215065267","-1.9528094760434904","-1.9528094760434904","-1.9528094760434904","-3.2579312591852685","-3.2579312591852685","-3.2579312591852685","-1.7132794590925573","-1.7132794590925573","-1.7132794590925573","-1.6883168612057027","-1.6883168612057027","-1.6883168612057027","-2.508571794349186","-2.508571794349186","-2.508571794349186","-1.4518860837245908","-1.4518860837245908","-1.4518860837245908","-4.987916208607575","-4.987916208607575","-4.987916208607575","-1.5586416937664","-1.5586416937664","-1.5586416937664","-2.7360084352333542","-2.7360084352333542","-2.7360084352333542","-2.1333415063730805","-2.1333415063730805","-2.1333415063730805","-2.137763545515144","-2.137763545515144","-2.137763545515144"
"40000","-2.294746452214762","-2.294746452214762","-2.294746452214762","-2.1705362714349734","-2.1705362714349734","-2.1705362714349734","-1.6442941504219195","-1.6442941504219195","-1.6442941504219195","-2.073364313433107","-2.073364313433107","-2.073364313433107","-2.757000649347595","-2.757000649347595","-2.757000649347595","-1.8636039106230142","-1.8636039106230142","-1.8636039106230142","-3.7207854745345514","-3.7207854745345514","-3.7207854745345514","-2.195315364559404","-2.195315364559404","-2.195315364559404","-1.7911392134050481","-1.7911392134050481","-1.7911392134050481","-1.9246462470299932","-1.9246462470299932","-1.9246462470299932","-3.2452280123679103","-3.2452280123679103","-3.2452280123679103","-1.8592749469287935","-1.8592749469287935","-1.8592749469287935","-2.083906988839822","-2.083906988839822","-2.083906988839822","-2.6226868922639843","-2.6226868922639843","-2.6226868922639843","-1.707770978025902","-1.707770978025902","-1.707770978025902","-5.533833951457448","-5.533833951457448","-5.533833951457448","-1.4956024666573298","-1.4956024666573298","-1.4956024666573298","-2.7948397363652253","-2.7948397363652253","-2.7948397363652253","-2.010590939148271","-2.010590939148271","-2.010590939148271","-2.458449230032266","-2.458449230032266","-2.458449230032266"
"40500","-2.1132184402038914","-2.1132184402038914","-2.1132184402038914","-2.8357968579790183","-2.8357968579790183","-2.8357968579790183","-2.001924625184084","-2.001924625184084","-2.001924625184084","-2.1426024500050387","-2.1426024500050387","-2.1426024500050387","-2.3040014832405324","-2.3040014832405324","-2.3040014832405324","-1.6450155081895204","-1.6450155081895204","-1.6450155081895204","-3.361413898902417","-3.361413898902417","-3.361413898902417","-1.623052421304338","-1.623052421304338","-1.623052421304338","-1.595122442632648","-1.595122442632648","-1.595122442632648","-2.0173914748339534","-2.0173914748339534","-2.0173914748339534","-3.0949816992663792","-3.0949816992663792","-3.0949816992663792","-1.6224084024428815","-1.6224084024428815","-1.6224084024428815","-1.8596994671940454","-1.8596994671940454","-1.8596994671940454","-2.658869547727322","-2.658869547727322","-2.658869547727322","-1.4656732873787086","-1.4656732873787086","-1.4656732873787086","-4.741173924439535","-4.741173924439535","-4.741173924439535","-1.5063835821377336","-1.5063835821377336","-1.5063835821377336","-3.1402971630582095","-3.1402971630582095","-3.1402971630582095","-2.1464918735762164","-2.1464918735762164","-2.1464918735762164","-2.60732066171663","-2.60732066171663","-2.60732066171663"
"41000","-1.8408908972276332","-1.8408908972276332","-1.8408908972276332","-3.550835908427625","-3.550835908427625","-3.550835908427625","-2.034769443879011","-2.034769443879011","-2.034769443879011","-2.1434183322342735","-2.1434183322342735","-2.1434183322342735","-2.1376245288852567","-2.1376245288852567","-2.1376245288852567","-2.2792432765948574","-2.2792432765948574","-2.2792432765948574","-3.0335668836038105","-3.0335668836038105","-3.0335668836038105","-2.421691114463779","-2.421691114463779","-2.421691114463779","-1.843845052566269","-1.843845052566269","-1.843845052566269","-2.1506977187001004","-2.1506977187001004","-2.1506977187001004","-3.202060999281725","-3.202060999281725","-3.202060999281725","-1.506372120337646","-1.506372120337646","-1.506372120337646","-2.3337430070652614","-2.3337430070652614","-2.3337430070652614","-3.0434349452226956","-3.0434349452226956","-3.0434349452226956","-1.4634716434902049","-1.4634716434902049","-1.4634716434902049","-4.076860505935533","-4.076860505935533","-4.076860505935533","-1.380071438675262","-1.380071438675262","-1.380071438675262","-3.244768757012557","-3.244768757012557","-3.244768757012557","-1.6996737370943038","-1.6996737370943038","-1.6996737370943038","-2.370868616249381","-2.370868616249381","-2.370868616249381"
"41500","-1.9430581136797271","-1.9430581136797271","-1.9430581136797271","-2.6218444534422845","-2.6218444534422845","-2.6218444534422845","-2.404340971877704","-2.404340971877704","-2.404340971877704","-2.1536864936977764","-2.1536864936977764","-2.1536864936977764","-2.0616918964824285","-2.0616918964824285","-2.0616918964824285","-2.2742513245040366","-2.2742513245040366","-2.2742513245040366","-3.2528625679112375","-3.2528625679112375","-3.2528625679112375","-2.3638557265515727","-2.3638557265515727","-2.3638557265515727","-1.9889897836130985","-1.9889897836130985","-1.9889897836130985","-1.5436036384838623","-1.5436036384838623","-1.5436036384838623","-3.090429892371623","-3.090429892371623","-3.090429892371623","-1.75955730666219","-1.75955730666219","-1.75955730666219","-2.856456313838438","-2.856456313838438","-2.856456313838438","-3.0711217450000197","-3.0711217450000197","-3.0711217450000197","-1.5215716266653232","-1.5215716266653232","-1.5215716266653232","-4.2621745063367555","-4.2621745063367555","-4.2621745063367555","-1.470375658626055","-1.470375658626055","-1.470375658626055","-2.9782864174039196","-2.9782864174039196","-2.9782864174039196","-2.428643534094706","-2.428643534094706","-2.428643534094706","-2.0809729753548623","-2.0809729753548623","-2.0809729753548623"
"42000","-1.7681414747488464","-1.7681414747488464","-1.7681414747488464","-3.225781695872025","-3.225781695872025","-3.225781695872025","-2.69593589570941","-2.69593589570941","-2.69593589570941","-2.274969734051293","-2.274969734051293","-2.274969734051293","-2.379740502007005","-2.379740502007005","-2.379740502007005","-1.8347207886797705","-1.8347207886797705","-1.8347207886797705","-3.5804803224356014","-3.5804803224356014","-3.5804803224356014","-1.5654766483842102","-1.5654766483842102","-1.5654766483842102","-1.9318685571094982","-1.9318685571094982","-1.9318685571094982","-2.615882945821117","-2.615882945821117","-2.615882945821117","-3.11499557027923","-3.11499557027923","-3.11499557027923","-1.7722302339740317","-1.7722302339740317","-1.7722302339740317","-2.8380669553779434","-2.8380669553779434","-2.8380669553779434","-2.36577403049783","-2.36577403049783","-2.36577403049783","-1.5582043456293986","-1.5582043456293986","-1.5582043456293986","-4.1654515035980175","-4.1654515035980175","-4.1654515035980175","-1.9596127932383312","-1.9596127932383312","-1.9596127932383312","-3.165190004447768","-3.165190004447768","-3.165190004447768","-2.341734929591817","-2.341734929591817","-2.341734929591817","-1.90885757178687","-1.90885757178687","-1.90885757178687"
"42500","-1.8152466463106098","-1.8152466463106098","-1.8152466463106098","-2.9409213701586077","-2.9409213701586077","-2.9409213701586077","-2.1694902941357297","-2.1694902941357297","-2.1694902941357297","-2.1631779690508366","-2.1631779690508366","-2.1631779690508366","-2.6193833343925443","-2.6193833343925443","-2.6193833343925443","-2.2888452008530806","-2.2888452008530806","-2.2888452008530806","-3.4650639341787746","-3.4650639341787746","-3.4650639341787746","-1.2500427008177055","-1.2500427008177055","-1.2500427008177055","-2.109461269342013","-2.109461269342013","-2.109461269342013","-1.7920502846489967","-1.7920502846489967","-1.7920502846489967","-2.9336470587463204","-2.9336470587463204","-2.9336470587463204","-1.7517280578218117","-1.7517280578218117","-1.7517280578218117","-2.5171504121418984","-2.5171504121418984","-2.5171504121418984","-2.030777080947984","-2.030777080947984","-2.030777080947984","-1.5123218123132678","-1.5123218123132678","-1.5123218123132678","-4.28908899851955","-4.28908899851955","-4.28908899851955","-1.503855647478901","-1.503855647478901","-1.503855647478901","-3.111315069234695","-3.111315069234695","-3.111315069234695","-2.6405125796937505","-2.6405125796937505","-2.6405125796937505","-1.6169175131292053","-1.6169175131292053","-1.6169175131292053"
"43000","-1.5946837858994307","-1.5946837858994307","-1.5946837858994307","-2.528540511943471","-2.528540511943471","-2.528540511943471","-2.649099611241535","-2.649099611241535","-2.649099611241535","-2.168218975486502","-2.168218975486502","-2.168218975486502","-2.4527072884607946","-2.4527072884607946","-2.4527072884607946","-2.3416285865600095","-2.3416285865600095","-2.3416285865600095","-3.4171286907068166","-3.4171286907068166","-3.4171286907068166","-1.267224110687476","-1.267224110687476","-1.267224110687476","-2.2758117183193343","-2.2758117183193343","-2.2758117183193343","-2.253536285551319","-2.253536285551319","-2.253536285551319","-2.932073092066733","-2.932073092066733","-2.932073092066733","-1.7238414919580252","-1.7238414919580252","-1.7238414919580252","-2.4538375723066594","-2.4538375723066594","-2.4538375723066594","-2.17999253582131","-2.17999253582131","-2.17999253582131","-1.78843605469795","-1.78843605469795","-1.78843605469795","-3.9638792657185795","-3.9638792657185795","-3.9638792657185795","-1.8710365550104613","-1.8710365550104613","-1.8710365550104613","-3.154447219528985","-3.154447219528985","-3.154447219528985","-2.844713643526764","-2.844713643526764","-2.844713643526764","-1.8285661430723799","-1.8285661430723799","-1.8285661430723799"
"43500","-1.689139994288054","-1.689139994288054","-1.689139994288054","-3.06578933613686","-3.06578933613686","-3.06578933613686","-2.9675748977027716","-2.9675748977027716","-2.9675748977027716","-2.2754331885765327","-2.2754331885765327","-2.2754331885765327","-2.265058805186439","-2.265058805186439","-2.265058805186439","-1.9667211727101563","-1.9667211727101563","-1.9667211727101563","-3.5864185556582853","-3.5864185556582853","-3.5864185556582853","-1.2730442442089225","-1.2730442442089225","-1.2730442442089225","-2.122228697454188","-2.122228697454188","-2.122228697454188","-2.7366031415647876","-2.7366031415647876","-2.7366031415647876","-3.1212639620323235","-3.1212639620323235","-3.1212639620323235","-1.8204780714131172","-1.8204780714131172","-1.8204780714131172","-1.9070206139976524","-1.9070206139976524","-1.9070206139976524","-1.8567088849578617","-1.8567088849578617","-1.8567088849578617","-1.3800046776258812","-1.3800046776258812","-1.3800046776258812","-4.381370848034203","-4.381370848034203","-4.381370848034203","-1.4619655402711298","-1.4619655402711298","-1.4619655402711298","-3.233907905761408","-3.233907905761408","-3.233907905761408","-1.9850332980327565","-1.9850332980327565","-1.9850332980327565","-1.9510923143917558","-1.9510923143917558","-1.9510923143917558"
"44000","-1.5495330899504531","-1.5495330899504531","-1.5495330899504531","-2.879132050405593","-2.879132050405593","-2.879132050405593","-2.9942450254999615","-2.9942450254999615","-2.9942450254999615","-2.2088752314973723","-2.2088752314973723","-2.2088752314973723","-2.508797092904037","-2.508797092904037","-2.508797092904037","-1.8153916149219753","-1.8153916149219753","-1.8153916149219753","-3.4896207042526988","-3.4896207042526988","-3.4896207042526988","-2.080385915054344","-2.080385915054344","-2.080385915054344","-2.0115264076176023","-2.0115264076176023","-2.0115264076176023","-1.9697382057848372","-1.9697382057848372","-1.9697382057848372","-3.28477352940874","-3.28477352940874","-3.28477352940874","-1.6450877373057438","-1.6450877373057438","-1.6450877373057438","-1.3854142454345475","-1.3854142454345475","-1.3854142454345475","-1.8944902728001964","-1.8944902728001964","-1.8944902728001964","-1.3806453220221542","-1.3806453220221542","-1.3806453220221542","-3.649176274281494","-3.649176274281494","-3.649176274281494","-1.732371424111588","-1.732371424111588","-1.732371424111588","-3.3789588721059567","-3.3789588721059567","-3.3789588721059567","-2.7058440666366472","-2.7058440666366472","-2.7058440666366472","-1.6282885755577639","-1.6282885755577639","-1.6282885755577639"
"44500","-1.6535139310860458","-1.6535139310860458","-1.6535139310860458","-2.883324332236396","-2.883324332236396","-2.883324332236396","-2.747770361253664","-2.747770361253664","-2.747770361253664","-2.244530003836684","-2.244530003836684","-2.244530003836684","-2.6082928739321254","-2.6082928739321254","-2.6082928739321254","-1.763836750167301","-1.763836750167301","-1.763836750167301","-3.5099747803738666","-3.5099747803738666","-3.5099747803738666","-1.6616423548653685","-1.6616423548653685","-1.6616423548653685","-2.247051746837878","-2.247051746837878","-2.247051746837878","-1.8543500773320027","-1.8543500773320027","-1.8543500773320027","-3.101571017771522","-3.101571017771522","-3.101571017771522","-1.694761026030656","-1.694761026030656","-1.694761026030656","-1.7276664738546568","-1.7276664738546568","-1.7276664738546568","-1.750433323325974","-1.750433323325974","-1.750433323325974","-1.8031259064970686","-1.8031259064970686","-1.8031259064970686","-3.639776572952607","-3.639776572952607","-3.639776572952607","-1.6579182653031164","-1.6579182653031164","-1.6579182653031164","-3.0044909795065093","-3.0044909795065093","-3.0044909795065093","-2.1096323083607493","-2.1096323083607493","-2.1096323083607493","-1.713960081273994","-1.713960081273994","-1.713960081273994"
"45000","-1.716757939294125","-1.716757939294125","-1.716757939294125","-1.619721064829622","-1.619721064829622","-1.619721064829622","-2.779087249080195","-2.779087249080195","-2.779087249080195","-1.9990266640522407","-1.9990266640522407","-1.9990266640522407","-2.839183586201646","-2.839183586201646","-2.839183586201646","-1.9243992647837502","-1.9243992647837502","-1.9243992647837502","-3.8134580780878506","-3.8134580780878506","-3.8134580780878506","-1.4826529967560997","-1.4826529967560997","-1.4826529967560997","-2.0060848740163677","-2.0060848740163677","-2.0060848740163677","-2.077145610149257","-2.077145610149257","-2.077145610149257","-3.0099809077252297","-3.0099809077252297","-3.0099809077252297","-1.6992672262098285","-1.6992672262098285","-1.6992672262098285","-1.3321739812219575","-1.3321739812219575","-1.3321739812219575","-1.8844738024095187","-1.8844738024095187","-1.8844738024095187","-1.6669791566917191","-1.6669791566917191","-1.6669791566917191","-3.9069564765734754","-3.9069564765734754","-3.9069564765734754","-1.5823885233917476","-1.5823885233917476","-1.5823885233917476","-3.160651500940251","-3.160651500940251","-3.160651500940251","-1.8879308782622246","-1.8879308782622246","-1.8879308782622246","-2.5420886120564283","-2.5420886120564283","-2.5420886120564283"
"45500","-1.697776251962726","-1.697776251962726","-1.697776251962726","-2.6378886908550463","-2.6378886908550463","-2.6378886908550463","-2.104441615004965","-2.104441615004965","-2.104441615004965","-1.8969939542722039","-1.8969939542722039","-1.8969939542722039","-2.3610591244704713","-2.3610591244704713","-2.3610591244704713","-1.8550669537851394","-1.8550669537851394","-1.8550669537851394","-2.087922839788772","-2.087922839788772","-2.087922839788772","-1.4882635838981728","-1.4882635838981728","-1.4882635838981728","-1.6826298201601593","-1.6826298201601593","-1.6826298201601593","-2.019803412533494","-2.019803412533494","-2.019803412533494","-2.809068976586487","-2.809068976586487","-2.809068976586487","-1.579166143286888","-1.579166143286888","-1.579166143286888","-1.305026105201592","-1.305026105201592","-1.305026105201592","-1.9410382769963195","-1.9410382769963195","-1.9410382769963195","-1.6090966999513774","-1.6090966999513774","-1.6090966999513774","-3.812610622994506","-3.812610622994506","-3.812610622994506","-1.5819287639447803","-1.5819287639447803","-1.5819287639447803","-3.12068297988771","-3.12068297988771","-3.12068297988771","-1.7299183005867664","-1.7299183005867664","-1.7299183005867664","-2.4275294594697727","-2.4275294594697727","-2.4275294594697727"
"46000","-1.704373655050339","-1.704373655050339","-1.704373655050339","-2.5498279322413357","-2.5498279322413357","-2.5498279322413357","-3.151238967921934","-3.151238967921934","-3.151238967921934","-1.870531845068319","-1.870531845068319","-1.870531845068319","-2.6693376206272914","-2.6693376206272914","-2.6693376206272914","-2.3172275728642178","-2.3172275728642178","-2.3172275728642178","-2.256793355057557","-2.256793355057557","-2.256793355057557","-1.438942051008546","-1.438942051008546","-1.438942051008546","-1.8623725299248597","-1.8623725299248597","-1.8623725299248597","-2.0478852601666118","-2.0478852601666118","-2.0478852601666118","-2.8997959148109467","-2.8997959148109467","-2.8997959148109467","-1.5072143478098865","-1.5072143478098865","-1.5072143478098865","-1.2564157899965376","-1.2564157899965376","-1.2564157899965376","-1.6417522702079606","-1.6417522702079606","-1.6417522702079606","-1.4264285362230067","-1.4264285362230067","-1.4264285362230067","-4.235236365436654","-4.235236365436654","-4.235236365436654","-1.6353567501898572","-1.6353567501898572","-1.6353567501898572","-3.260036853537683","-3.260036853537683","-3.260036853537683","-2.3692255634163977","-2.3692255634163977","-2.3692255634163977","-2.610749417780892","-2.610749417780892","-2.610749417780892"
"46500","-1.7638266325010523","-1.7638266325010523","-1.7638266325010523","-1.9739773581570017","-1.9739773581570017","-1.9739773581570017","-2.731907059476005","-2.731907059476005","-2.731907059476005","-1.8058966742760891","-1.8058966742760891","-1.8058966742760891","-2.910311548935773","-2.910311548935773","-2.910311548935773","-1.968187597445126","-1.968187597445126","-1.968187597445126","-2.150768450038219","-2.150768450038219","-2.150768450038219","-1.5523830606022515","-1.5523830606022515","-1.5523830606022515","-1.5481773683460798","-1.5481773683460798","-1.5481773683460798","-1.9334555969884715","-1.9334555969884715","-1.9334555969884715","-2.529357935199521","-2.529357935199521","-2.529357935199521","-1.6462559476101473","-1.6462559476101473","-1.6462559476101473","-1.382950974606039","-1.382950974606039","-1.382950974606039","-2.027988456295267","-2.027988456295267","-2.027988456295267","-1.7037315842549297","-1.7037315842549297","-1.7037315842549297","-4.370345290907216","-4.370345290907216","-4.370345290907216","-1.5135871071347242","-1.5135871071347242","-1.5135871071347242","-3.1785722945583714","-3.1785722945583714","-3.1785722945583714","-2.0151856880363472","-2.0151856880363472","-2.0151856880363472","-2.364689560238715","-2.364689560238715","-2.364689560238715"
"47000","-1.8729239246128269","-1.8729239246128269","-1.8729239246128269","-2.550491601453837","-2.550491601453837","-2.550491601453837","-2.392380513976229","-2.392380513976229","-2.392380513976229","-1.7252614642537085","-1.7252614642537085","-1.7252614642537085","-2.5339642894951924","-2.5339642894951924","-2.5339642894951924","-1.7291283888338083","-1.7291283888338083","-1.7291283888338083","-2.3875290801514173","-2.3875290801514173","-2.3875290801514173","-1.4751546511840192","-1.4751546511840192","-1.4751546511840192","-1.6916735756674857","-1.6916735756674857","-1.6916735756674857","-2.034469135835914","-2.034469135835914","-2.034469135835914","-2.6635761439778127","-2.6635761439778127","-2.6635761439778127","-1.67184420616531","-1.67184420616531","-1.67184420616531","-1.3243220410926955","-1.3243220410926955","-1.3243220410926955","-1.986678454714037","-1.986678454714037","-1.986678454714037","-1.4516175052590619","-1.4516175052590619","-1.4516175052590619","-4.1742539129039145","-4.1742539129039145","-4.1742539129039145","-1.5191704380613487","-1.5191704380613487","-1.5191704380613487","-3.043421449381317","-3.043421449381317","-3.043421449381317","-1.9862418446659074","-1.9862418446659074","-1.9862418446659074","-2.585248191800968","-2.585248191800968","-2.585248191800968"
"47500","-2.0302248561923375","-2.0302248561923375","-2.0302248561923375","-2.640020419623853","-2.640020419623853","-2.640020419623853","-2.7765021984921088","-2.7765021984921088","-2.7765021984921088","-1.6513523443108782","-1.6513523443108782","-1.6513523443108782","-2.4693331204339666","-2.4693331204339666","-2.4693331204339666","-1.7886832003824913","-1.7886832003824913","-1.7886832003824913","-2.4182578268478983","-2.4182578268478983","-2.4182578268478983","-1.5262792279870734","-1.5262792279870734","-1.5262792279870734","-1.606069554295426","-1.606069554295426","-1.606069554295426","-2.250023695175447","-2.250023695175447","-2.250023695175447","-2.7011259962915117","-2.7011259962915117","-2.7011259962915117","-1.7117288642526305","-1.7117288642526305","-1.7117288642526305","-1.679369096264034","-1.679369096264034","-1.679369096264034","-2.451291863635956","-2.451291863635956","-2.451291863635956","-1.4500051019698272","-1.4500051019698272","-1.4500051019698272","-4.293019142094314","-4.293019142094314","-4.293019142094314","-1.709046288054532","-1.709046288054532","-1.709046288054532","-3.2684191449836426","-3.2684191449836426","-3.2684191449836426","-1.8072756083333226","-1.8072756083333226","-1.8072756083333226","-2.599475093806194","-2.599475093806194","-2.599475093806194"
"48000","-2.096354694896873","-2.096354694896873","-2.096354694896873","-2.7873515516680385","-2.7873515516680385","-2.7873515516680385","-2.1670810881646263","-2.1670810881646263","-2.1670810881646263","-1.8139028283969552","-1.8139028283969552","-1.8139028283969552","-2.5451928756094375","-2.5451928756094375","-2.5451928756094375","-2.1339884655360932","-2.1339884655360932","-2.1339884655360932","-2.648411505847611","-2.648411505847611","-2.648411505847611","-1.4501838233756617","-1.4501838233756617","-1.4501838233756617","-1.6575664865566075","-1.6575664865566075","-1.6575664865566075","-2.5357570792420088","-2.5357570792420088","-2.5357570792420088","-2.4953422840125143","-2.4953422840125143","-2.4953422840125143","-1.4743427467568178","-1.4743427467568178","-1.4743427467568178","-1.387653733735823","-1.387653733735823","-1.387653733735823","-2.67442683087193","-2.67442683087193","-2.67442683087193","-1.9550149049181154","-1.9550149049181154","-1.9550149049181154","-4.62513077359883","-4.62513077359883","-4.62513077359883","-1.5462981279712253","-1.5462981279712253","-1.5462981279712253","-3.029068111193835","-3.029068111193835","-3.029068111193835","-1.8150556216664726","-1.8150556216664726","-1.8150556216664726","-2.6141538357146725","-2.6141538357146725","-2.6141538357146725"
"48500","-2.207136193767419","-2.207136193767419","-2.207136193767419","-2.0254587461721902","-2.0254587461721902","-2.0254587461721902","-2.1190071840942393","-2.1190071840942393","-2.1190071840942393","-1.7811568633262838","-1.7811568633262838","-1.7811568633262838","-2.5284540952424814","-2.5284540952424814","-2.5284540952424814","-2.443123418669031","-2.443123418669031","-2.443123418669031","-3.0726179417088733","-3.0726179417088733","-3.0726179417088733","-1.507525806666598","-1.507525806666598","-1.507525806666598","-1.7260606898482376","-1.7260606898482376","-1.7260606898482376","-3.0614236406101965","-3.0614236406101965","-3.0614236406101965","-2.523860770608114","-2.523860770608114","-2.523860770608114","-1.5948002701090889","-1.5948002701090889","-1.5948002701090889","-1.1963742342778505","-1.1963742342778505","-1.1963742342778505","-2.413475658095607","-2.413475658095607","-2.413475658095607","-1.7477095901226203","-1.7477095901226203","-1.7477095901226203","-4.316305300694366","-4.316305300694366","-4.316305300694366","-1.7544783527612022","-1.7544783527612022","-1.7544783527612022","-3.2177950745807493","-3.2177950745807493","-3.2177950745807493","-2.2990604081776502","-2.2990604081776502","-2.2990604081776502","-2.549282944800823","-2.549282944800823","-2.549282944800823"
"49000","-2.136069712656207","-2.136069712656207","-2.136069712656207","-2.4723619682369256","-2.4723619682369256","-2.4723619682369256","-2.0671001658969397","-2.0671001658969397","-2.0671001658969397","-1.7620940341107498","-1.7620940341107498","-1.7620940341107498","-2.5675791459004005","-2.5675791459004005","-2.5675791459004005","-2.525162634865235","-2.525162634865235","-2.525162634865235","-2.983926649066743","-2.983926649066743","-2.983926649066743","-1.6586083155257967","-1.6586083155257967","-1.6586083155257967","-1.6100932838662996","-1.6100932838662996","-1.6100932838662996","-2.6269095754365623","-2.6269095754365623","-2.6269095754365623","-2.501530070763401","-2.501530070763401","-2.501530070763401","-1.427754615712987","-1.427754615712987","-1.427754615712987","-1.5563301571319026","-1.5563301571319026","-1.5563301571319026","-2.3422837888645267","-2.3422837888645267","-2.3422837888645267","-1.7391351042318235","-1.7391351042318235","-1.7391351042318235","-3.9808498189947983","-3.9808498189947983","-3.9808498189947983","-1.5076181989714896","-1.5076181989714896","-1.5076181989714896","-3.1758702178945613","-3.1758702178945613","-3.1758702178945613","-2.0200097624173456","-2.0200097624173456","-2.0200097624173456","-2.5819512225751575","-2.5819512225751575","-2.5819512225751575"
"49500","-2.0251876386796646","-2.0251876386796646","-2.0251876386796646","-2.943788426057535","-2.943788426057535","-2.943788426057535","-1.9056175232321497","-1.9056175232321497","-1.9056175232321497","-1.8839629275512615","-1.8839629275512615","-1.8839629275512615","-2.4171855154882387","-2.4171855154882387","-2.4171855154882387","-2.7595826910638506","-2.7595826910638506","-2.7595826910638506","-3.1714332708440574","-3.1714332708440574","-3.1714332708440574","-1.6496098488874247","-1.6496098488874247","-1.6496098488874247","-1.6990907310943755","-1.6990907310943755","-1.6990907310943755","-2.6050699792616934","-2.6050699792616934","-2.6050699792616934","-2.5753224765974414","-2.5753224765974414","-2.5753224765974414","-1.2431335333460898","-1.2431335333460898","-1.2431335333460898","-1.1770429934901177","-1.1770429934901177","-1.1770429934901177","-2.2793113792689166","-2.2793113792689166","-2.2793113792689166","-1.9261150499815205","-1.9261150499815205","-1.9261150499815205","-4.357069922089775","-4.357069922089775","-4.357069922089775","-1.3804964463702754","-1.3804964463702754","-1.3804964463702754","-2.9328881808835314","-2.9328881808835314","-2.9328881808835314","-2.1797017779333885","-2.1797017779333885","-2.1797017779333885","-4.317422922646861","-4.317422922646861","-4.317422922646861"
"50000","-1.8661838339204233","-1.8661838339204233","-1.8661838339204233","-2.5824324845056723","-2.5824324845056723","-2.5824324845056723","-2.0060872242212886","-2.0060872242212886","-2.0060872242212886","-1.7772543439726889","-1.7772543439726889","-1.7772543439726889","-2.5157489365708434","-2.5157489365708434","-2.5157489365708434","-2.557404925835384","-2.557404925835384","-2.557404925835384","-2.7595743969975333","-2.7595743969975333","-2.7595743969975333","-1.5308271331020502","-1.5308271331020502","-1.5308271331020502","-1.6256308826605408","-1.6256308826605408","-1.6256308826605408","-3.0353409255523998","-3.0353409255523998","-3.0353409255523998","-2.502532558763606","-2.502532558763606","-2.502532558763606","-1.5168544772502013","-1.5168544772502013","-1.5168544772502013","-1.220049741240415","-1.220049741240415","-1.220049741240415","-2.5240372722765945","-2.5240372722765945","-2.5240372722765945","-1.8569430726673268","-1.8569430726673268","-1.8569430726673268","-3.91092529413464","-3.91092529413464","-3.91092529413464","-1.4099625980004202","-1.4099625980004202","-1.4099625980004202","-2.908334127264157","-2.908334127264157","-2.908334127264157","-1.8876091674001443","-1.8876091674001443","-1.8876091674001443","-2.853558788713088","-2.853558788713088","-2.853558788713088"