"Step","DDPG_TAAC_FetchReachDense-v4_19 - eval/avg_reward","DDPG_TAAC_FetchReachDense-v4_19 - eval/avg_reward__MIN","DDPG_TAAC_FetchReachDense-v4_19 - eval/avg_reward__MAX","DDPG_TAAC_FetchReachDense-v4_18 - eval/avg_reward","DDPG_TAAC_FetchReachDense-v4_18 - eval/avg_reward__MIN","DDPG_TAAC_FetchReachDense-v4_18 - eval/avg_reward__MAX","DDPG_TAAC_FetchReachDense-v4_17 - eval/avg_reward","DDPG_TAAC_FetchReachDense-v4_17 - eval/avg_reward__MIN","DDPG_TAAC_FetchReachDense-v4_17 - eval/avg_reward__MAX","DDPG_TAAC_FetchReachDense-v4_16 - eval/avg_reward","DDPG_TAAC_FetchReachDense-v4_16 - eval/avg_reward__MIN","DDPG_TAAC_FetchReachDense-v4_16 - eval/avg_reward__MAX","DDPG_TAAC_FetchReachDense-v4_15 - eval/avg_reward","DDPG_TAAC_FetchReachDense-v4_15 - eval/avg_reward__MIN","DDPG_TAAC_FetchReachDense-v4_15 - eval/avg_reward__MAX","DDPG_TAAC_FetchReachDense-v4_14 - eval/avg_reward","DDPG_TAAC_FetchReachDense-v4_14 - eval/avg_reward__MIN","DDPG_TAAC_FetchReachDense-v4_14 - eval/avg_reward__MAX","DDPG_TAAC_FetchReachDense-v4_13 - eval/avg_reward","DDPG_TAAC_FetchReachDense-v4_13 - eval/avg_reward__MIN","DDPG_TAAC_FetchReachDense-v4_13 - eval/avg_reward__MAX","DDPG_TAAC_FetchReachDense-v4_12 - eval/avg_reward","DDPG_TAAC_FetchReachDense-v4_12 - eval/avg_reward__MIN","DDPG_TAAC_FetchReachDense-v4_12 - eval/avg_reward__MAX","DDPG_TAAC_FetchReachDense-v4_11 - eval/avg_reward","DDPG_TAAC_FetchReachDense-v4_11 - eval/avg_reward__MIN","DDPG_TAAC_FetchReachDense-v4_11 - eval/avg_reward__MAX","DDPG_TAAC_FetchReachDense-v4_10 - eval/avg_reward","DDPG_TAAC_FetchReachDense-v4_10 - eval/avg_reward__MIN","DDPG_TAAC_FetchReachDense-v4_10 - eval/avg_reward__MAX","DDPG_TAAC_FetchReachDense-v4_9 - eval/avg_reward","DDPG_TAAC_FetchReachDense-v4_9 - eval/avg_reward__MIN","DDPG_TAAC_FetchReachDense-v4_9 - eval/avg_reward__MAX","DDPG_TAAC_FetchReachDense-v4_8 - eval/avg_reward","DDPG_TAAC_FetchReachDense-v4_8 - eval/avg_reward__MIN","DDPG_TAAC_FetchReachDense-v4_8 - eval/avg_reward__MAX","DDPG_TAAC_FetchReachDense-v4_7 - eval/avg_reward","DDPG_TAAC_FetchReachDense-v4_7 - eval/avg_reward__MIN","DDPG_TAAC_FetchReachDense-v4_7 - eval/avg_reward__MAX","DDPG_TAAC_FetchReachDense-v4_6 - eval/avg_reward","DDPG_TAAC_FetchReachDense-v4_6 - eval/avg_reward__MIN","DDPG_TAAC_FetchReachDense-v4_6 - eval/avg_reward__MAX","DDPG_TAAC_FetchReachDense-v4_5 - eval/avg_reward","DDPG_TAAC_FetchReachDense-v4_5 - eval/avg_reward__MIN","DDPG_TAAC_FetchReachDense-v4_5 - eval/avg_reward__MAX","DDPG_TAAC_FetchReachDense-v4_4 - eval/avg_reward","DDPG_TAAC_FetchReachDense-v4_4 - eval/avg_reward__MIN","DDPG_TAAC_FetchReachDense-v4_4 - eval/avg_reward__MAX","DDPG_TAAC_FetchReachDense-v4_3 - eval/avg_reward","DDPG_TAAC_FetchReachDense-v4_3 - eval/avg_reward__MIN","DDPG_TAAC_FetchReachDense-v4_3 - eval/avg_reward__MAX","DDPG_TAAC_FetchReachDense-v4_2 - eval/avg_reward","DDPG_TAAC_FetchReachDense-v4_2 - eval/avg_reward__MIN","DDPG_TAAC_FetchReachDense-v4_2 - eval/avg_reward__MAX","DDPG_TAAC_FetchReachDense-v4_1 - eval/avg_reward","DDPG_TAAC_FetchReachDense-v4_1 - eval/avg_reward__MIN","DDPG_TAAC_FetchReachDense-v4_1 - eval/avg_reward__MAX","DDPG_TAAC_FetchReachDense-v4_0 - eval/avg_reward","DDPG_TAAC_FetchReachDense-v4_0 - eval/avg_reward__MIN","DDPG_TAAC_FetchReachDense-v4_0 - eval/avg_reward__MAX"
"0","-11.889328618612677","-11.889328618612677","-11.889328618612677","-16.110638275891528","-16.110638275891528","-16.110638275891528","-5.81571418579515","-5.81571418579515","-5.81571418579515","-9.005829426834616","-9.005829426834616","-9.005829426834616","-7.958046253713311","-7.958046253713311","-7.958046253713311","-8.58234733513952","-8.58234733513952","-8.58234733513952","-9.725625187189365","-9.725625187189365","-9.725625187189365","-9.034449571087503","-9.034449571087503","-9.034449571087503","-13.128062727040069","-13.128062727040069","-13.128062727040069","-9.261016570379862","-9.261016570379862","-9.261016570379862","-8.416477232152404","-8.416477232152404","-8.416477232152404","-9.078507455912607","-9.078507455912607","-9.078507455912607","-9.82775441763269","-9.82775441763269","-9.82775441763269","-10.200662438321507","-10.200662438321507","-10.200662438321507","-12.012090221184497","-12.012090221184497","-12.012090221184497","-11.220486913344237","-11.220486913344237","-11.220486913344237","-9.958549835482328","-9.958549835482328","-9.958549835482328","-12.56410356804196","-12.56410356804196","-12.56410356804196","-7.016151848412596","-7.016151848412596","-7.016151848412596","-11.347991990071794","-11.347991990071794","-11.347991990071794"
"500","-11.889328618612677","-11.889328618612677","-11.889328618612677","-16.110638275891528","-16.110638275891528","-16.110638275891528","-5.81571418579515","-5.81571418579515","-5.81571418579515","-9.005829426834616","-9.005829426834616","-9.005829426834616","-7.958046253713311","-7.958046253713311","-7.958046253713311","-8.58234733513952","-8.58234733513952","-8.58234733513952","-9.725625187189365","-9.725625187189365","-9.725625187189365","-9.034449571087503","-9.034449571087503","-9.034449571087503","-13.128062727040069","-13.128062727040069","-13.128062727040069","-9.261016570379862","-9.261016570379862","-9.261016570379862","-8.416477232152404","-8.416477232152404","-8.416477232152404","-9.078507455912607","-9.078507455912607","-9.078507455912607","-9.82775441763269","-9.82775441763269","-9.82775441763269","-10.200662438321507","-10.200662438321507","-10.200662438321507","-12.012090221184497","-12.012090221184497","-12.012090221184497","-11.220486913344237","-11.220486913344237","-11.220486913344237","-9.958549835482328","-9.958549835482328","-9.958549835482328","-12.56410356804196","-12.56410356804196","-12.56410356804196","-7.016151848412596","-7.016151848412596","-7.016151848412596","-11.347991990071794","-11.347991990071794","-11.347991990071794"
"1000","-11.902274040405942","-11.902274040405942","-11.902274040405942","-15.462947043018222","-15.462947043018222","-15.462947043018222","-7.02815705582241","-7.02815705582241","-7.02815705582241","-9.11471867776744","-9.11471867776744","-9.11471867776744","-7.716951482026884","-7.716951482026884","-7.716951482026884","-7.611727245817238","-7.611727245817238","-7.611727245817238","-9.979743548694767","-9.979743548694767","-9.979743548694767","-9.50205544787273","-9.50205544787273","-9.50205544787273","-12.461047077820757","-12.461047077820757","-12.461047077820757","-9.547841934659559","-9.547841934659559","-9.547841934659559","-8.717370489467616","-8.717370489467616","-8.717370489467616","-9.887302146842828","-9.887302146842828","-9.887302146842828","-10.274115708359824","-10.274115708359824","-10.274115708359824","-10.327885893182826","-10.327885893182826","-10.327885893182826","-11.114444794268195","-11.114444794268195","-11.114444794268195","-12.605610105183004","-12.605610105183004","-12.605610105183004","-9.135257992146986","-9.135257992146986","-9.135257992146986","-11.90136992766087","-11.90136992766087","-11.90136992766087","-7.071405741385743","-7.071405741385743","-7.071405741385743","-11.753277724790589","-11.753277724790589","-11.753277724790589"
"1500","-10.842660519127216","-10.842660519127216","-10.842660519127216","-16.097904455739705","-16.097904455739705","-16.097904455739705","-24.11860508427727","-24.11860508427727","-24.11860508427727","-20.197887507797695","-20.197887507797695","-20.197887507797695","-28.845314108200817","-28.845314108200817","-28.845314108200817","-16.646407377289247","-16.646407377289247","-16.646407377289247","-7.970574058889527","-7.970574058889527","-7.970574058889527","-37.9006753964175","-37.9006753964175","-37.9006753964175","-29.84153022515475","-29.84153022515475","-29.84153022515475","-23.302274061862068","-23.302274061862068","-23.302274061862068","-31.227108372531507","-31.227108372531507","-31.227108372531507","-23.325747572278125","-23.325747572278125","-23.325747572278125","-12.186199670389604","-12.186199670389604","-12.186199670389604","-8.6792676061493","-8.6792676061493","-8.6792676061493","-43.61303952813432","-43.61303952813432","-43.61303952813432","-19.075801709232692","-19.075801709232692","-19.075801709232692","-19.05585309301791","-19.05585309301791","-19.05585309301791","-22.778392238730852","-22.778392238730852","-22.778392238730852","-37.45377144918557","-37.45377144918557","-37.45377144918557","-34.14871417572479","-34.14871417572479","-34.14871417572479"
"2000","-13.782963090898557","-13.782963090898557","-13.782963090898557","-18.118093145148276","-18.118093145148276","-18.118093145148276","-13.376147926914422","-13.376147926914422","-13.376147926914422","-27.145978647567073","-27.145978647567073","-27.145978647567073","-9.05582625076887","-9.05582625076887","-9.05582625076887","-14.551835153360404","-14.551835153360404","-14.551835153360404","-11.489266148508696","-11.489266148508696","-11.489266148508696","-27.023015116586304","-27.023015116586304","-27.023015116586304","-15.93561627636827","-15.93561627636827","-15.93561627636827","-13.850209372136266","-13.850209372136266","-13.850209372136266","-17.38189664123335","-17.38189664123335","-17.38189664123335","-22.828480220082348","-22.828480220082348","-22.828480220082348","-18.763083895430025","-18.763083895430025","-18.763083895430025","-11.399948364958032","-11.399948364958032","-11.399948364958032","-11.479025021803066","-11.479025021803066","-11.479025021803066","-6.820569747911665","-6.820569747911665","-6.820569747911665","-25.233757007794253","-25.233757007794253","-25.233757007794253","-14.320711453031516","-14.320711453031516","-14.320711453031516","-23.049161026074728","-23.049161026074728","-23.049161026074728","-17.229659461901157","-17.229659461901157","-17.229659461901157"
"2500","-8.274318839725296","-8.274318839725296","-8.274318839725296","-7.243941469354672","-7.243941469354672","-7.243941469354672","-10.886839511796776","-10.886839511796776","-10.886839511796776","-20.216102846465173","-20.216102846465173","-20.216102846465173","-8.340000730591317","-8.340000730591317","-8.340000730591317","-9.323636112302298","-9.323636112302298","-9.323636112302298","-6.39858989758717","-6.39858989758717","-6.39858989758717","-27.02288458797497","-27.02288458797497","-27.02288458797497","-25.559973188369703","-25.559973188369703","-25.559973188369703","-6.677484422371931","-6.677484422371931","-6.677484422371931","-22.286382921486116","-22.286382921486116","-22.286382921486116","-13.804702600705179","-13.804702600705179","-13.804702600705179","-8.773927057143142","-8.773927057143142","-8.773927057143142","-14.450368281114956","-14.450368281114956","-14.450368281114956","-16.65175587937243","-16.65175587937243","-16.65175587937243","-7.24234177214106","-7.24234177214106","-7.24234177214106","-13.997877720662945","-13.997877720662945","-13.997877720662945","-41.257602827971496","-41.257602827971496","-41.257602827971496","-8.637871146153202","-8.637871146153202","-8.637871146153202","-6.602432529018307","-6.602432529018307","-6.602432529018307"
"3000","-7.4648222851652815","-7.4648222851652815","-7.4648222851652815","-5.6520145062663705","-5.6520145062663705","-5.6520145062663705","-10.599648715745255","-10.599648715745255","-10.599648715745255","-10.628090293150072","-10.628090293150072","-10.628090293150072","-5.592044188145427","-5.592044188145427","-5.592044188145427","-9.53819918749401","-9.53819918749401","-9.53819918749401","-7.261231928743063","-7.261231928743063","-7.261231928743063","-28.314750609558537","-28.314750609558537","-28.314750609558537","-8.991307000753805","-8.991307000753805","-8.991307000753805","-25.973096440009897","-25.973096440009897","-25.973096440009897","-7.588376416378921","-7.588376416378921","-7.588376416378921","-8.76739320063152","-8.76739320063152","-8.76739320063152","-6.445802180985369","-6.445802180985369","-6.445802180985369","-16.132183797611397","-16.132183797611397","-16.132183797611397","-11.286314086251368","-11.286314086251368","-11.286314086251368","-9.755015351456034","-9.755015351456034","-9.755015351456034","-9.183529848938964","-9.183529848938964","-9.183529848938964","-24.761725192249507","-24.761725192249507","-24.761725192249507","-38.081398270992906","-38.081398270992906","-38.081398270992906","-13.503964645584551","-13.503964645584551","-13.503964645584551"
"3500","-15.964544059924734","-15.964544059924734","-15.964544059924734","-4.6905302517529455","-4.6905302517529455","-4.6905302517529455","-4.228377111244649","-4.228377111244649","-4.228377111244649","-6.828380703501014","-6.828380703501014","-6.828380703501014","-5.111229320970672","-5.111229320970672","-5.111229320970672","-6.507847421898012","-6.507847421898012","-6.507847421898012","-3.0274620805326835","-3.0274620805326835","-3.0274620805326835","-11.819566800048543","-11.819566800048543","-11.819566800048543","-8.120211253322669","-8.120211253322669","-8.120211253322669","-9.16021176960762","-9.16021176960762","-9.16021176960762","-6.812560576450733","-6.812560576450733","-6.812560576450733","-12.554156977765539","-12.554156977765539","-12.554156977765539","-3.7388490036320157","-3.7388490036320157","-3.7388490036320157","-9.627151831145577","-9.627151831145577","-9.627151831145577","-5.165464278178508","-5.165464278178508","-5.165464278178508","-4.906792409669999","-4.906792409669999","-4.906792409669999","-14.511793076703464","-14.511793076703464","-14.511793076703464","-11.783179222420372","-11.783179222420372","-11.783179222420372","-15.522887144253435","-15.522887144253435","-15.522887144253435","-7.71326143226157","-7.71326143226157","-7.71326143226157"
"4000","-8.742695033644555","-8.742695033644555","-8.742695033644555","-3.3858481133420133","-3.3858481133420133","-3.3858481133420133","-4.151419755590075","-4.151419755590075","-4.151419755590075","-8.64305323899445","-8.64305323899445","-8.64305323899445","-11.04508647874447","-11.04508647874447","-11.04508647874447","-3.637355357789749","-3.637355357789749","-3.637355357789749","-2.507694377143023","-2.507694377143023","-2.507694377143023","-21.950951598399698","-21.950951598399698","-21.950951598399698","-9.628486826605382","-9.628486826605382","-9.628486826605382","-5.300128182929268","-5.300128182929268","-5.300128182929268","-6.084872242215063","-6.084872242215063","-6.084872242215063","-6.296569070785853","-6.296569070785853","-6.296569070785853","-4.352696716261417","-4.352696716261417","-4.352696716261417","-12.60599054988507","-12.60599054988507","-12.60599054988507","-3.5060869022194603","-3.5060869022194603","-3.5060869022194603","-4.282968988351841","-4.282968988351841","-4.282968988351841","-9.259782641906735","-9.259782641906735","-9.259782641906735","-9.78943641052842","-9.78943641052842","-9.78943641052842","-6.323504790556428","-6.323504790556428","-6.323504790556428","-17.769369204996924","-17.769369204996924","-17.769369204996924"
"4500","-5.8308129807216424","-5.8308129807216424","-5.8308129807216424","-3.7189100009726475","-3.7189100009726475","-3.7189100009726475","-4.30507004202939","-4.30507004202939","-4.30507004202939","-7.132468593035884","-7.132468593035884","-7.132468593035884","-4.800826898939014","-4.800826898939014","-4.800826898939014","-3.849156546098469","-3.849156546098469","-3.849156546098469","-2.2009763751759976","-2.2009763751759976","-2.2009763751759976","-14.236975664617665","-14.236975664617665","-14.236975664617665","-5.5783228452703755","-5.5783228452703755","-5.5783228452703755","-4.305101166097129","-4.305101166097129","-4.305101166097129","-5.046949956221915","-5.046949956221915","-5.046949956221915","-4.557385792555485","-4.557385792555485","-4.557385792555485","-2.646951304624461","-2.646951304624461","-2.646951304624461","-6.345950624865603","-6.345950624865603","-6.345950624865603","-3.936366628180663","-3.936366628180663","-3.936366628180663","-4.1658510408588665","-4.1658510408588665","-4.1658510408588665","-6.177104879449141","-6.177104879449141","-6.177104879449141","-8.352126543596883","-8.352126543596883","-8.352126543596883","-9.575558827124159","-9.575558827124159","-9.575558827124159","-5.157548696906093","-5.157548696906093","-5.157548696906093"
"5000","-5.426396610177214","-5.426396610177214","-5.426396610177214","-4.351502791105134","-4.351502791105134","-4.351502791105134","-5.232970433218481","-5.232970433218481","-5.232970433218481","-5.552977737825901","-5.552977737825901","-5.552977737825901","-4.888771727678882","-4.888771727678882","-4.888771727678882","-3.5887051712755125","-3.5887051712755125","-3.5887051712755125","-2.3458294265200745","-2.3458294265200745","-2.3458294265200745","-13.316752527595066","-13.316752527595066","-13.316752527595066","-4.045904500432219","-4.045904500432219","-4.045904500432219","-5.092837695355568","-5.092837695355568","-5.092837695355568","-4.759029155897669","-4.759029155897669","-4.759029155897669","-5.226882011109607","-5.226882011109607","-5.226882011109607","-2.936888052124429","-2.936888052124429","-2.936888052124429","-5.938348165904221","-5.938348165904221","-5.938348165904221","-5.346753858371398","-5.346753858371398","-5.346753858371398","-4.226078542261895","-4.226078542261895","-4.226078542261895","-5.222836699551284","-5.222836699551284","-5.222836699551284","-5.6557786816795526","-5.6557786816795526","-5.6557786816795526","-7.258965423919567","-7.258965423919567","-7.258965423919567","-6.783231692517804","-6.783231692517804","-6.783231692517804"
"5500","-5.296849243278533","-5.296849243278533","-5.296849243278533","-6.616431629749025","-6.616431629749025","-6.616431629749025","-5.724112509961392","-5.724112509961392","-5.724112509961392","-4.8006188391372735","-4.8006188391372735","-4.8006188391372735","-3.118737889600533","-3.118737889600533","-3.118737889600533","-5.162591582578019","-5.162591582578019","-5.162591582578019","-2.2011283777191637","-2.2011283777191637","-2.2011283777191637","-8.22162509666335","-8.22162509666335","-8.22162509666335","-4.2805266517301295","-4.2805266517301295","-4.2805266517301295","-4.836296613989222","-4.836296613989222","-4.836296613989222","-5.987424695272162","-5.987424695272162","-5.987424695272162","-5.498306408046093","-5.498306408046093","-5.498306408046093","-3.6296133163503677","-3.6296133163503677","-3.6296133163503677","-5.747917995577932","-5.747917995577932","-5.747917995577932","-3.5159129180269417","-3.5159129180269417","-3.5159129180269417","-4.979231759969416","-4.979231759969416","-4.979231759969416","-4.445399794536964","-4.445399794536964","-4.445399794536964","-4.854996067910342","-4.854996067910342","-4.854996067910342","-7.059392330121095","-7.059392330121095","-7.059392330121095","-4.670236257039496","-4.670236257039496","-4.670236257039496"
"6000","-5.77407628165899","-5.77407628165899","-5.77407628165899","-2.861187783290626","-2.861187783290626","-2.861187783290626","-6.409285212939343","-6.409285212939343","-6.409285212939343","-4.428039138377068","-4.428039138377068","-4.428039138377068","-2.5167904180068765","-2.5167904180068765","-2.5167904180068765","-2.92528372223212","-2.92528372223212","-2.92528372223212","-2.5423281030932596","-2.5423281030932596","-2.5423281030932596","-8.191110267171748","-8.191110267171748","-8.191110267171748","-4.169131379670377","-4.169131379670377","-4.169131379670377","-4.556106826997177","-4.556106826997177","-4.556106826997177","-3.655502730454098","-3.655502730454098","-3.655502730454098","-6.3887941789433835","-6.3887941789433835","-6.3887941789433835","-2.8717955533261175","-2.8717955533261175","-2.8717955533261175","-4.948362740361724","-4.948362740361724","-4.948362740361724","-2.4201131137624805","-2.4201131137624805","-2.4201131137624805","-4.1818317348706495","-4.1818317348706495","-4.1818317348706495","-5.709364222030478","-5.709364222030478","-5.709364222030478","-4.925316900695902","-4.925316900695902","-4.925316900695902","-6.901451621411414","-6.901451621411414","-6.901451621411414","-5.961129276402972","-5.961129276402972","-5.961129276402972"
"6500","-5.543726079477116","-5.543726079477116","-5.543726079477116","-2.5906045037208596","-2.5906045037208596","-2.5906045037208596","-4.7331626189020035","-4.7331626189020035","-4.7331626189020035","-4.997970888075072","-4.997970888075072","-4.997970888075072","-2.9111249397539813","-2.9111249397539813","-2.9111249397539813","-3.1970852184180427","-3.1970852184180427","-3.1970852184180427","-3.0641685633708313","-3.0641685633708313","-3.0641685633708313","-7.122995988861769","-7.122995988861769","-7.122995988861769","-3.6069796092895947","-3.6069796092895947","-3.6069796092895947","-4.065763933876104","-4.065763933876104","-4.065763933876104","-3.198642319556024","-3.198642319556024","-3.198642319556024","-5.565315474478096","-5.565315474478096","-5.565315474478096","-2.850928011518957","-2.850928011518957","-2.850928011518957","-4.906140438067894","-4.906140438067894","-4.906140438067894","-2.276686673727827","-2.276686673727827","-2.276686673727827","-3.49177792235923","-3.49177792235923","-3.49177792235923","-5.11679773016882","-5.11679773016882","-5.11679773016882","-3.517034182459509","-3.517034182459509","-3.517034182459509","-7.215559888861099","-7.215559888861099","-7.215559888861099","-4.864865476149904","-4.864865476149904","-4.864865476149904"
"7000","-4.749390223004644","-4.749390223004644","-4.749390223004644","-1.8700130290832468","-1.8700130290832468","-1.8700130290832468","-4.242847704472437","-4.242847704472437","-4.242847704472437","-5.574823494646774","-5.574823494646774","-5.574823494646774","-3.3775531310568625","-3.3775531310568625","-3.3775531310568625","-3.6602152459170485","-3.6602152459170485","-3.6602152459170485","-3.0980085198876623","-3.0980085198876623","-3.0980085198876623","-6.322127571977397","-6.322127571977397","-6.322127571977397","-2.785086795507894","-2.785086795507894","-2.785086795507894","-3.68759453757351","-3.68759453757351","-3.68759453757351","-3.446638893949289","-3.446638893949289","-3.446638893949289","-4.1532484315242115","-4.1532484315242115","-4.1532484315242115","-2.451391964718673","-2.451391964718673","-2.451391964718673","-4.496454014112605","-4.496454014112605","-4.496454014112605","-2.0451087814225173","-2.0451087814225173","-2.0451087814225173","-2.9732103711455293","-2.9732103711455293","-2.9732103711455293","-5.890715211953104","-5.890715211953104","-5.890715211953104","-4.063276375543596","-4.063276375543596","-4.063276375543596","-4.190660748086503","-4.190660748086503","-4.190660748086503","-4.000394964922325","-4.000394964922325","-4.000394964922325"
"7500","-3.786248163557687","-3.786248163557687","-3.786248163557687","-2.014814371525701","-2.014814371525701","-2.014814371525701","-4.051839050138339","-4.051839050138339","-4.051839050138339","-4.852403968864158","-4.852403968864158","-4.852403968864158","-3.4985006617762076","-3.4985006617762076","-3.4985006617762076","-2.700235238192594","-2.700235238192594","-2.700235238192594","-2.6241025277174854","-2.6241025277174854","-2.6241025277174854","-5.380868394577869","-5.380868394577869","-5.380868394577869","-3.6883819396613746","-3.6883819396613746","-3.6883819396613746","-3.613013216952093","-3.613013216952093","-3.613013216952093","-4.172698028047281","-4.172698028047281","-4.172698028047281","-3.7506469317954547","-3.7506469317954547","-3.7506469317954547","-2.540496244510148","-2.540496244510148","-2.540496244510148","-4.228029489465502","-4.228029489465502","-4.228029489465502","-2.8556229831012976","-2.8556229831012976","-2.8556229831012976","-3.4287424642702424","-3.4287424642702424","-3.4287424642702424","-4.972507932333106","-4.972507932333106","-4.972507932333106","-3.1985332621247866","-3.1985332621247866","-3.1985332621247866","-3.5280897538473566","-3.5280897538473566","-3.5280897538473566","-3.530918979993764","-3.530918979993764","-3.530918979993764"
"8000","-3.8547597149553874","-3.8547597149553874","-3.8547597149553874","-2.3500832433498884","-2.3500832433498884","-2.3500832433498884","-4.731734960752737","-4.731734960752737","-4.731734960752737","-4.106588920128077","-4.106588920128077","-4.106588920128077","-3.075530812775643","-3.075530812775643","-3.075530812775643","-3.565208950112948","-3.565208950112948","-3.565208950112948","-3.049774998089311","-3.049774998089311","-3.049774998089311","-5.569369601932424","-5.569369601932424","-5.569369601932424","-3.0083971729085652","-3.0083971729085652","-3.0083971729085652","-3.4143668220250296","-3.4143668220250296","-3.4143668220250296","-3.191942111491302","-3.191942111491302","-3.191942111491302","-4.55602104122669","-4.55602104122669","-4.55602104122669","-2.2606840704443805","-2.2606840704443805","-2.2606840704443805","-3.824625131189908","-3.824625131189908","-3.824625131189908","-2.3171724589636824","-2.3171724589636824","-2.3171724589636824","-3.4356347753999272","-3.4356347753999272","-3.4356347753999272","-3.4331019064168182","-3.4331019064168182","-3.4331019064168182","-2.9578654054023055","-2.9578654054023055","-2.9578654054023055","-3.057480811654123","-3.057480811654123","-3.057480811654123","-4.0033697964411115","-4.0033697964411115","-4.0033697964411115"
"8500","-3.4001178255853497","-3.4001178255853497","-3.4001178255853497","-2.3488770962042427","-2.3488770962042427","-2.3488770962042427","-5.976763763530925","-5.976763763530925","-5.976763763530925","-4.518682001141708","-4.518682001141708","-4.518682001141708","-3.117518179763917","-3.117518179763917","-3.117518179763917","-3.230585224685897","-3.230585224685897","-3.230585224685897","-2.902544510306302","-2.902544510306302","-2.902544510306302","-5.057022637851027","-5.057022637851027","-5.057022637851027","-3.120685628849549","-3.120685628849549","-3.120685628849549","-3.43864130425942","-3.43864130425942","-3.43864130425942","-3.305876007100943","-3.305876007100943","-3.305876007100943","-4.185018441951589","-4.185018441951589","-4.185018441951589","-2.2244927781029027","-2.2244927781029027","-2.2244927781029027","-3.4306123236234116","-3.4306123236234116","-3.4306123236234116","-2.6016344853864912","-2.6016344853864912","-2.6016344853864912","-3.3224993665597444","-3.3224993665597444","-3.3224993665597444","-3.291757260422453","-3.291757260422453","-3.291757260422453","-3.3242916387038193","-3.3242916387038193","-3.3242916387038193","-2.704229956222079","-2.704229956222079","-2.704229956222079","-4.24498281222308","-4.24498281222308","-4.24498281222308"
"9000","-4.029156826711739","-4.029156826711739","-4.029156826711739","-2.277430277645715","-2.277430277645715","-2.277430277645715","-8.45767408811839","-8.45767408811839","-8.45767408811839","-3.9324015937105683","-3.9324015937105683","-3.9324015937105683","-2.5834839645558425","-2.5834839645558425","-2.5834839645558425","-3.049311960685798","-3.049311960685798","-3.049311960685798","-2.96943673305577","-2.96943673305577","-2.96943673305577","-4.257960325572869","-4.257960325572869","-4.257960325572869","-3.3519334227641644","-3.3519334227641644","-3.3519334227641644","-3.159577964441239","-3.159577964441239","-3.159577964441239","-2.73061349782721","-2.73061349782721","-2.73061349782721","-4.739910869736016","-4.739910869736016","-4.739910869736016","-2.3375236937830013","-2.3375236937830013","-2.3375236937830013","-3.7740501704881844","-3.7740501704881844","-3.7740501704881844","-1.9939466463627404","-1.9939466463627404","-1.9939466463627404","-2.2011799022124765","-2.2011799022124765","-2.2011799022124765","-3.462206938997472","-3.462206938997472","-3.462206938997472","-3.007007891355643","-3.007007891355643","-3.007007891355643","-2.6498568635205535","-2.6498568635205535","-2.6498568635205535","-4.839546348843297","-4.839546348843297","-4.839546348843297"
"9500","-3.576460120742664","-3.576460120742664","-3.576460120742664","-2.9157138876845528","-2.9157138876845528","-2.9157138876845528","-4.927476474923773","-4.927476474923773","-4.927476474923773","-3.434363058370953","-3.434363058370953","-3.434363058370953","-3.244297222154894","-3.244297222154894","-3.244297222154894","-3.252853339917961","-3.252853339917961","-3.252853339917961","-3.0462175089311048","-3.0462175089311048","-3.0462175089311048","-5.409224810025652","-5.409224810025652","-5.409224810025652","-3.312873321102052","-3.312873321102052","-3.312873321102052","-2.7790256620272045","-2.7790256620272045","-2.7790256620272045","-2.464968265974247","-2.464968265974247","-2.464968265974247","-3.420216207941826","-3.420216207941826","-3.420216207941826","-2.0202278280999995","-2.0202278280999995","-2.0202278280999995","-4.367651609447249","-4.367651609447249","-4.367651609447249","-1.8751825828165807","-1.8751825828165807","-1.8751825828165807","-4.016657755706705","-4.016657755706705","-4.016657755706705","-3.276728017626984","-3.276728017626984","-3.276728017626984","-3.947660243144752","-3.947660243144752","-3.947660243144752","-2.8888347577542652","-2.8888347577542652","-2.8888347577542652","-4.787303220367451","-4.787303220367451","-4.787303220367451"
"10000","-3.374294872045566","-3.374294872045566","-3.374294872045566","-2.0837806136612294","-2.0837806136612294","-2.0837806136612294","-3.7285025168746677","-3.7285025168746677","-3.7285025168746677","-3.435148135219537","-3.435148135219537","-3.435148135219537","-3.499318251260218","-3.499318251260218","-3.499318251260218","-2.684869300946789","-2.684869300946789","-2.684869300946789","-2.981557576009321","-2.981557576009321","-2.981557576009321","-4.306411954848473","-4.306411954848473","-4.306411954848473","-3.6118227814494133","-3.6118227814494133","-3.6118227814494133","-2.8701622118947294","-2.8701622118947294","-2.8701622118947294","-2.654268496135361","-2.654268496135361","-2.654268496135361","-3.0484891909704404","-3.0484891909704404","-3.0484891909704404","-2.464907084991411","-2.464907084991411","-2.464907084991411","-3.9684094984752014","-3.9684094984752014","-3.9684094984752014","-2.543358767372874","-2.543358767372874","-2.543358767372874","-2.955905347801288","-2.955905347801288","-2.955905347801288","-2.9644459109235757","-2.9644459109235757","-2.9644459109235757","-4.404050611208555","-4.404050611208555","-4.404050611208555","-2.6824441210587815","-2.6824441210587815","-2.6824441210587815","-4.287831798101182","-4.287831798101182","-4.287831798101182"
"10500","-3.145002354607198","-3.145002354607198","-3.145002354607198","-1.835781330771892","-1.835781330771892","-1.835781330771892","-3.3462523637074284","-3.3462523637074284","-3.3462523637074284","-3.3355218399994335","-3.3355218399994335","-3.3355218399994335","-2.7004193010955704","-2.7004193010955704","-2.7004193010955704","-2.9959550012954135","-2.9959550012954135","-2.9959550012954135","-2.8755474489045776","-2.8755474489045776","-2.8755474489045776","-4.288418359425782","-4.288418359425782","-4.288418359425782","-3.804282619122202","-3.804282619122202","-3.804282619122202","-3.0521328650014388","-3.0521328650014388","-3.0521328650014388","-2.491489720040188","-2.491489720040188","-2.491489720040188","-3.0820592118841525","-3.0820592118841525","-3.0820592118841525","-2.5495851308804314","-2.5495851308804314","-2.5495851308804314","-4.633295588203268","-4.633295588203268","-4.633295588203268","-2.53379005636553","-2.53379005636553","-2.53379005636553","-3.1267481312372594","-3.1267481312372594","-3.1267481312372594","-4.510692887176949","-4.510692887176949","-4.510692887176949","-4.499800580697147","-4.499800580697147","-4.499800580697147","-2.3021532503431743","-2.3021532503431743","-2.3021532503431743","-3.754353869930241","-3.754353869930241","-3.754353869930241"
"11000","-2.817826502676656","-2.817826502676656","-2.817826502676656","-1.7627742830961974","-1.7627742830961974","-1.7627742830961974","-4.445358641318486","-4.445358641318486","-4.445358641318486","-3.3201005748957","-3.3201005748957","-3.3201005748957","-2.59716009569288","-2.59716009569288","-2.59716009569288","-2.7008215318660715","-2.7008215318660715","-2.7008215318660715","-2.254112573153459","-2.254112573153459","-2.254112573153459","-4.256337416806561","-4.256337416806561","-4.256337416806561","-2.8392449143115415","-2.8392449143115415","-2.8392449143115415","-3.1855285914149634","-3.1855285914149634","-3.1855285914149634","-2.5799705994093953","-2.5799705994093953","-2.5799705994093953","-3.1746233680480236","-3.1746233680480236","-3.1746233680480236","-2.2228362168728197","-2.2228362168728197","-2.2228362168728197","-5.016691810729841","-5.016691810729841","-5.016691810729841","-3.270186546497377","-3.270186546497377","-3.270186546497377","-2.273953493610743","-2.273953493610743","-2.273953493610743","-3.9047907859995137","-3.9047907859995137","-3.9047907859995137","-3.8543801325072478","-3.8543801325072478","-3.8543801325072478","-2.697432044574972","-2.697432044574972","-2.697432044574972","-2.4551771381091543","-2.4551771381091543","-2.4551771381091543"
"11500","-2.7960308528670517","-2.7960308528670517","-2.7960308528670517","-1.99065351903133","-1.99065351903133","-1.99065351903133","-3.1189240708702686","-3.1189240708702686","-3.1189240708702686","-2.8924222268638107","-2.8924222268638107","-2.8924222268638107","-2.5575296176389757","-2.5575296176389757","-2.5575296176389757","-2.545147654268528","-2.545147654268528","-2.545147654268528","-1.9553676035537795","-1.9553676035537795","-1.9553676035537795","-4.513245341638151","-4.513245341638151","-4.513245341638151","-2.7465581858702453","-2.7465581858702453","-2.7465581858702453","-2.6223729790109926","-2.6223729790109926","-2.6223729790109926","-2.7967466299166954","-2.7967466299166954","-2.7967466299166954","-2.3210484462766328","-2.3210484462766328","-2.3210484462766328","-2.787901104881788","-2.787901104881788","-2.787901104881788","-4.877834444657158","-4.877834444657158","-4.877834444657158","-2.4913538186219686","-2.4913538186219686","-2.4913538186219686","-3.1240230915525435","-3.1240230915525435","-3.1240230915525435","-3.1802622058122663","-3.1802622058122663","-3.1802622058122663","-3.4065067396655877","-3.4065067396655877","-3.4065067396655877","-2.798218274859581","-2.798218274859581","-2.798218274859581","-4.077891475628022","-4.077891475628022","-4.077891475628022"
"12000","-2.299257267301362","-2.299257267301362","-2.299257267301362","-2.0767855970402116","-2.0767855970402116","-2.0767855970402116","-3.677874733116158","-3.677874733116158","-3.677874733116158","-2.8511402107276482","-2.8511402107276482","-2.8511402107276482","-2.642265768280521","-2.642265768280521","-2.642265768280521","-2.2598715271592544","-2.2598715271592544","-2.2598715271592544","-2.49550459615471","-2.49550459615471","-2.49550459615471","-3.665496131851216","-3.665496131851216","-3.665496131851216","-2.2699908509943727","-2.2699908509943727","-2.2699908509943727","-3.332441009398225","-3.332441009398225","-3.332441009398225","-3.3347981074702586","-3.3347981074702586","-3.3347981074702586","-3.1685018290352844","-3.1685018290352844","-3.1685018290352844","-1.9906727576219834","-1.9906727576219834","-1.9906727576219834","-4.449382404919038","-4.449382404919038","-4.449382404919038","-2.5934587155323596","-2.5934587155323596","-2.5934587155323596","-3.2332763015075288","-3.2332763015075288","-3.2332763015075288","-3.990845086439209","-3.990845086439209","-3.990845086439209","-3.2290051950745933","-3.2290051950745933","-3.2290051950745933","-2.7982046016607156","-2.7982046016607156","-2.7982046016607156","-3.494423313171457","-3.494423313171457","-3.494423313171457"
"12500","-1.9697310382669695","-1.9697310382669695","-1.9697310382669695","-4.1081667193540925","-4.1081667193540925","-4.1081667193540925","-3.445839979722919","-3.445839979722919","-3.445839979722919","-3.4294082239454604","-3.4294082239454604","-3.4294082239454604","-2.80379328578504","-2.80379328578504","-2.80379328578504","-2.6558379132024967","-2.6558379132024967","-2.6558379132024967","-2.3620861002825717","-2.3620861002825717","-2.3620861002825717","-3.6325743079074835","-3.6325743079074835","-3.6325743079074835","-2.8452787072829815","-2.8452787072829815","-2.8452787072829815","-3.666478848146583","-3.666478848146583","-3.666478848146583","-2.7057606932988865","-2.7057606932988865","-2.7057606932988865","-2.6810064142188517","-2.6810064142188517","-2.6810064142188517","-2.3552410122906324","-2.3552410122906324","-2.3552410122906324","-3.690925624454914","-3.690925624454914","-3.690925624454914","-2.6328812801778425","-2.6328812801778425","-2.6328812801778425","-4.435813353103823","-4.435813353103823","-4.435813353103823","-3.677395065800256","-3.677395065800256","-3.677395065800256","-3.1644791499772005","-3.1644791499772005","-3.1644791499772005","-3.0447424316958402","-3.0447424316958402","-3.0447424316958402","-2.8694636768529533","-2.8694636768529533","-2.8694636768529533"
"13000","-1.8381051828215327","-1.8381051828215327","-1.8381051828215327","-1.4590816137688087","-1.4590816137688087","-1.4590816137688087","-3.1967019098752756","-3.1967019098752756","-3.1967019098752756","-3.2275214312926104","-3.2275214312926104","-3.2275214312926104","-2.3671916400359785","-2.3671916400359785","-2.3671916400359785","-2.9214306465248017","-2.9214306465248017","-2.9214306465248017","-2.128300104010055","-2.128300104010055","-2.128300104010055","-4.226889527846366","-4.226889527846366","-4.226889527846366","-3.1770379692124306","-3.1770379692124306","-3.1770379692124306","-3.0551663677906657","-3.0551663677906657","-3.0551663677906657","-3.1100003798068543","-3.1100003798068543","-3.1100003798068543","-1.7467860467651206","-1.7467860467651206","-1.7467860467651206","-2.643407076157872","-2.643407076157872","-2.643407076157872","-4.0256554398945","-4.0256554398945","-4.0256554398945","-2.605843611624669","-2.605843611624669","-2.605843611624669","-3.076995154686609","-3.076995154686609","-3.076995154686609","-4.13087876135228","-4.13087876135228","-4.13087876135228","-2.905131885747898","-2.905131885747898","-2.905131885747898","-3.10114750769217","-3.10114750769217","-3.10114750769217","-3.8248248536264775","-3.8248248536264775","-3.8248248536264775"
"13500","-1.7966066235922942","-1.7966066235922942","-1.7966066235922942","-1.610348670179238","-1.610348670179238","-1.610348670179238","-3.017167703850654","-3.017167703850654","-3.017167703850654","-3.150566323527862","-3.150566323527862","-3.150566323527862","-2.3493585854934462","-2.3493585854934462","-2.3493585854934462","-2.8329386920145687","-2.8329386920145687","-2.8329386920145687","-2.2986120097831173","-2.2986120097831173","-2.2986120097831173","-4.551344511163777","-4.551344511163777","-4.551344511163777","-2.9085411700825587","-2.9085411700825587","-2.9085411700825587","-2.884283339591638","-2.884283339591638","-2.884283339591638","-2.6164631247196324","-2.6164631247196324","-2.6164631247196324","-1.696737804705895","-1.696737804705895","-1.696737804705895","-2.8237530790315026","-2.8237530790315026","-2.8237530790315026","-3.700644048464396","-3.700644048464396","-3.700644048464396","-1.5968082525710858","-1.5968082525710858","-1.5968082525710858","-2.5384375546740356","-2.5384375546740356","-2.5384375546740356","-3.439818197322807","-3.439818197322807","-3.439818197322807","-2.559232861249513","-2.559232861249513","-2.559232861249513","-3.868938184933725","-3.868938184933725","-3.868938184933725","-3.20508245052215","-3.20508245052215","-3.20508245052215"
"14000","-2.419115310661144","-2.419115310661144","-2.419115310661144","-1.7275812737572682","-1.7275812737572682","-1.7275812737572682","-2.27653744904888","-2.27653744904888","-2.27653744904888","-2.6440132488001913","-2.6440132488001913","-2.6440132488001913","-2.493067814142719","-2.493067814142719","-2.493067814142719","-2.602839343192376","-2.602839343192376","-2.602839343192376","-2.396976101096109","-2.396976101096109","-2.396976101096109","-4.096182371805523","-4.096182371805523","-4.096182371805523","-2.310707123553695","-2.310707123553695","-2.310707123553695","-3.1775705571016397","-3.1775705571016397","-3.1775705571016397","-3.7820688808420613","-3.7820688808420613","-3.7820688808420613","-2.1189260794995013","-2.1189260794995013","-2.1189260794995013","-3.51413873713336","-3.51413873713336","-3.51413873713336","-3.2410183910777732","-3.2410183910777732","-3.2410183910777732","-1.8317834531469586","-1.8317834531469586","-1.8317834531469586","-2.9570891242708415","-2.9570891242708415","-2.9570891242708415","-3.5785202574050956","-3.5785202574050956","-3.5785202574050956","-2.542832795962122","-2.542832795962122","-2.542832795962122","-2.9560761107670657","-2.9560761107670657","-2.9560761107670657","-3.2471700987179624","-3.2471700987179624","-3.2471700987179624"
"14500","-2.042285730179646","-2.042285730179646","-2.042285730179646","-2.78478968369768","-2.78478968369768","-2.78478968369768","-2.725826905862951","-2.725826905862951","-2.725826905862951","-2.966455761437231","-2.966455761437231","-2.966455761437231","-2.5304305853707967","-2.5304305853707967","-2.5304305853707967","-2.912600454748765","-2.912600454748765","-2.912600454748765","-2.39209979705534","-2.39209979705534","-2.39209979705534","-4.01367341643723","-4.01367341643723","-4.01367341643723","-1.85858253385561","-1.85858253385561","-1.85858253385561","-2.7984985466412473","-2.7984985466412473","-2.7984985466412473","-2.448698673839913","-2.448698673839913","-2.448698673839913","-1.9579886260345667","-1.9579886260345667","-1.9579886260345667","-2.8198390626522034","-2.8198390626522034","-2.8198390626522034","-3.881642304559321","-3.881642304559321","-3.881642304559321","-1.5521204698757844","-1.5521204698757844","-1.5521204698757844","-2.3357447312604775","-2.3357447312604775","-2.3357447312604775","-3.476824388674973","-3.476824388674973","-3.476824388674973","-2.556961871241911","-2.556961871241911","-2.556961871241911","-3.085032414379279","-3.085032414379279","-3.085032414379279","-2.9805886361608858","-2.9805886361608858","-2.9805886361608858"
"15000","-1.9847106685378884","-1.9847106685378884","-1.9847106685378884","-1.7952048392061701","-1.7952048392061701","-1.7952048392061701","-2.8989754055320502","-2.8989754055320502","-2.8989754055320502","-3.0983144525603232","-3.0983144525603232","-3.0983144525603232","-2.96394771133554","-2.96394771133554","-2.96394771133554","-2.8330977269158475","-2.8330977269158475","-2.8330977269158475","-2.791403799031186","-2.791403799031186","-2.791403799031186","-3.9242160137822433","-3.9242160137822433","-3.9242160137822433","-2.7831390887908283","-2.7831390887908283","-2.7831390887908283","-3.3916670145723176","-3.3916670145723176","-3.3916670145723176","-2.7071318004622813","-2.7071318004622813","-2.7071318004622813","-2.5049235117056567","-2.5049235117056567","-2.5049235117056567","-2.474100414466937","-2.474100414466937","-2.474100414466937","-3.1977675967637533","-3.1977675967637533","-3.1977675967637533","-2.0897105658841917","-2.0897105658841917","-2.0897105658841917","-2.1623173905570283","-2.1623173905570283","-2.1623173905570283","-2.8181449936322926","-2.8181449936322926","-2.8181449936322926","-2.644806333076835","-2.644806333076835","-2.644806333076835","-3.224977183095502","-3.224977183095502","-3.224977183095502","-3.864031840442216","-3.864031840442216","-3.864031840442216"
"15500","-2.2888028770907693","-2.2888028770907693","-2.2888028770907693","-1.6209015122806627","-1.6209015122806627","-1.6209015122806627","-3.0806637215991954","-3.0806637215991954","-3.0806637215991954","-2.9949138778803253","-2.9949138778803253","-2.9949138778803253","-4.29502290915697","-4.29502290915697","-4.29502290915697","-2.630058024667272","-2.630058024667272","-2.630058024667272","-2.5952689652268064","-2.5952689652268064","-2.5952689652268064","-4.047701194976154","-4.047701194976154","-4.047701194976154","-2.4445663935029627","-2.4445663935029627","-2.4445663935029627","-2.9106229121318186","-2.9106229121318186","-2.9106229121318186","-2.9945686908077613","-2.9945686908077613","-2.9945686908077613","-2.380956449592205","-2.380956449592205","-2.380956449592205","-2.2766634310980924","-2.2766634310980924","-2.2766634310980924","-3.712587909751003","-3.712587909751003","-3.712587909751003","-1.654991726754702","-1.654991726754702","-1.654991726754702","-2.3308489490635127","-2.3308489490635127","-2.3308489490635127","-3.202124702897989","-3.202124702897989","-3.202124702897989","-2.181344559736014","-2.181344559736014","-2.181344559736014","-2.8567028171934608","-2.8567028171934608","-2.8567028171934608","-3.514818148344716","-3.514818148344716","-3.514818148344716"
"16000","-2.205061443368147","-2.205061443368147","-2.205061443368147","-1.5720728190695243","-1.5720728190695243","-1.5720728190695243","-2.827279428815195","-2.827279428815195","-2.827279428815195","-4.179537913098706","-4.179537913098706","-4.179537913098706","-1.93645629360065","-1.93645629360065","-1.93645629360065","-2.3988650974722345","-2.3988650974722345","-2.3988650974722345","-2.640508684658938","-2.640508684658938","-2.640508684658938","-4.056411566532397","-4.056411566532397","-4.056411566532397","-1.794620790753872","-1.794620790753872","-1.794620790753872","-2.840909721305952","-2.840909721305952","-2.840909721305952","-2.8489038618168676","-2.8489038618168676","-2.8489038618168676","-2.046421007972294","-2.046421007972294","-2.046421007972294","-2.4591198762464317","-2.4591198762464317","-2.4591198762464317","-3.962041656287455","-3.962041656287455","-3.962041656287455","-1.5890320232322206","-1.5890320232322206","-1.5890320232322206","-2.2190717464642224","-2.2190717464642224","-2.2190717464642224","-3.348504007606016","-3.348504007606016","-3.348504007606016","-2.1432714588185173","-2.1432714588185173","-2.1432714588185173","-3.5817159330108295","-3.5817159330108295","-3.5817159330108295","-3.7510836188401115","-3.7510836188401115","-3.7510836188401115"
"16500","-2.1942039903291986","-2.1942039903291986","-2.1942039903291986","-1.6925379685239796","-1.6925379685239796","-1.6925379685239796","-2.7222930969899637","-2.7222930969899637","-2.7222930969899637","-3.821447783189258","-3.821447783189258","-3.821447783189258","-2.3462570703084475","-2.3462570703084475","-2.3462570703084475","-2.7672034767271705","-2.7672034767271705","-2.7672034767271705","-2.8377934949750045","-2.8377934949750045","-2.8377934949750045","-4.262239671267542","-4.262239671267542","-4.262239671267542","-2.060875219980301","-2.060875219980301","-2.060875219980301","-2.928357876415962","-2.928357876415962","-2.928357876415962","-3.7202671026582346","-3.7202671026582346","-3.7202671026582346","-2.278118694907877","-2.278118694907877","-2.278118694907877","-2.8970077658387186","-2.8970077658387186","-2.8970077658387186","-3.6375984238033725","-3.6375984238033725","-3.6375984238033725","-1.3317778762143777","-1.3317778762143777","-1.3317778762143777","-2.36023143125605","-2.36023143125605","-2.36023143125605","-2.840068350909415","-2.840068350909415","-2.840068350909415","-1.8917034737570813","-1.8917034737570813","-1.8917034737570813","-3.200627420579104","-3.200627420579104","-3.200627420579104","-3.432060219777051","-3.432060219777051","-3.432060219777051"
"17000","-2.1974641965397215","-2.1974641965397215","-2.1974641965397215","-1.4343177944024341","-1.4343177944024341","-1.4343177944024341","-2.6395890361897956","-2.6395890361897956","-2.6395890361897956","-2.954660983694108","-2.954660983694108","-2.954660983694108","-2.087964110342674","-2.087964110342674","-2.087964110342674","-2.373983341431597","-2.373983341431597","-2.373983341431597","-2.929136871239561","-2.929136871239561","-2.929136871239561","-4.4900066075756895","-4.4900066075756895","-4.4900066075756895","-1.2998499674145703","-1.2998499674145703","-1.2998499674145703","-4.049538292025647","-4.049538292025647","-4.049538292025647","-2.5041838094477646","-2.5041838094477646","-2.5041838094477646","-2.2469079169274133","-2.2469079169274133","-2.2469079169274133","-2.582649697351923","-2.582649697351923","-2.582649697351923","-4.741961147189004","-4.741961147189004","-4.741961147189004","-1.8466942404596565","-1.8466942404596565","-1.8466942404596565","-1.927729677871751","-1.927729677871751","-1.927729677871751","-2.7111585138187024","-2.7111585138187024","-2.7111585138187024","-1.878223807472191","-1.878223807472191","-1.878223807472191","-3.237168576031421","-3.237168576031421","-3.237168576031421","-3.9291332572540734","-3.9291332572540734","-3.9291332572540734"
"17500","-2.24146293126655","-2.24146293126655","-2.24146293126655","-1.6645578034743174","-1.6645578034743174","-1.6645578034743174","-2.656225448436262","-2.656225448436262","-2.656225448436262","-2.8324383492790126","-2.8324383492790126","-2.8324383492790126","-1.4438634329126656","-1.4438634329126656","-1.4438634329126656","-2.3633611131554138","-2.3633611131554138","-2.3633611131554138","-2.8505346011498043","-2.8505346011498043","-2.8505346011498043","-4.8939683272722805","-4.8939683272722805","-4.8939683272722805","-1.2587696908760015","-1.2587696908760015","-1.2587696908760015","-3.3921896107873137","-3.3921896107873137","-3.3921896107873137","-2.7401744271464334","-2.7401744271464334","-2.7401744271464334","-1.9269933086982534","-1.9269933086982534","-1.9269933086982534","-2.5992061365833274","-2.5992061365833274","-2.5992061365833274","-3.9325812565029885","-3.9325812565029885","-3.9325812565029885","-1.4230317703610225","-1.4230317703610225","-1.4230317703610225","-2.8376292221384403","-2.8376292221384403","-2.8376292221384403","-2.7800985089898576","-2.7800985089898576","-2.7800985089898576","-1.5459980037710934","-1.5459980037710934","-1.5459980037710934","-2.9662437646616913","-2.9662437646616913","-2.9662437646616913","-3.7612649977480337","-3.7612649977480337","-3.7612649977480337"
"18000","-2.8314074719215907","-2.8314074719215907","-2.8314074719215907","-1.7166829134386685","-1.7166829134386685","-1.7166829134386685","-2.241626353877521","-2.241626353877521","-2.241626353877521","-2.723926171473212","-2.723926171473212","-2.723926171473212","-1.3508444922162677","-1.3508444922162677","-1.3508444922162677","-2.2297105309395397","-2.2297105309395397","-2.2297105309395397","-2.112047161952664","-2.112047161952664","-2.112047161952664","-4.657061661463647","-4.657061661463647","-4.657061661463647","-1.8576826389780212","-1.8576826389780212","-1.8576826389780212","-3.2040653284718426","-3.2040653284718426","-3.2040653284718426","-2.9312773453204906","-2.9312773453204906","-2.9312773453204906","-2.141729840929185","-2.141729840929185","-2.141729840929185","-2.4760177810062616","-2.4760177810062616","-2.4760177810062616","-3.7582637028041845","-3.7582637028041845","-3.7582637028041845","-1.0770907221582826","-1.0770907221582826","-1.0770907221582826","-1.865016145757807","-1.865016145757807","-1.865016145757807","-2.4142394388233672","-2.4142394388233672","-2.4142394388233672","-1.490128948695571","-1.490128948695571","-1.490128948695571","-2.77902043664358","-2.77902043664358","-2.77902043664358","-3.757316997282691","-3.757316997282691","-3.757316997282691"
"18500","-2.452491816054382","-2.452491816054382","-2.452491816054382","-1.600651681597069","-1.600651681597069","-1.600651681597069","-2.0805704048917257","-2.0805704048917257","-2.0805704048917257","-2.4939129035515135","-2.4939129035515135","-2.4939129035515135","-1.3205968525171172","-1.3205968525171172","-1.3205968525171172","-1.8251671739322635","-1.8251671739322635","-1.8251671739322635","-2.307567655358311","-2.307567655358311","-2.307567655358311","-4.851718393681148","-4.851718393681148","-4.851718393681148","-1.8644987377717392","-1.8644987377717392","-1.8644987377717392","-3.9518266505163524","-3.9518266505163524","-3.9518266505163524","-2.6923391205548026","-2.6923391205548026","-2.6923391205548026","-2.3564996737965727","-2.3564996737965727","-2.3564996737965727","-2.716808821002055","-2.716808821002055","-2.716808821002055","-3.7786376251798246","-3.7786376251798246","-3.7786376251798246","-1.2606875387821925","-1.2606875387821925","-1.2606875387821925","-1.8969887339570721","-1.8969887339570721","-1.8969887339570721","-2.8055363159459965","-2.8055363159459965","-2.8055363159459965","-1.515027016598255","-1.515027016598255","-1.515027016598255","-2.7990815231553245","-2.7990815231553245","-2.7990815231553245","-3.834426815277523","-3.834426815277523","-3.834426815277523"
"19000","-2.2733165330142637","-2.2733165330142637","-2.2733165330142637","-1.7759781922256632","-1.7759781922256632","-1.7759781922256632","-1.9576254045994155","-1.9576254045994155","-1.9576254045994155","-2.223470642498537","-2.223470642498537","-2.223470642498537","-1.5940118764102007","-1.5940118764102007","-1.5940118764102007","-1.981500842812427","-1.981500842812427","-1.981500842812427","-2.492504126957892","-2.492504126957892","-2.492504126957892","-5.14581341412268","-5.14581341412268","-5.14581341412268","-2.145354184034947","-2.145354184034947","-2.145354184034947","-3.083124818964883","-3.083124818964883","-3.083124818964883","-2.31867984209776","-2.31867984209776","-2.31867984209776","-2.484454905048132","-2.484454905048132","-2.484454905048132","-2.7940311504770965","-2.7940311504770965","-2.7940311504770965","-3.1858615371853825","-3.1858615371853825","-3.1858615371853825","-2.501672587329001","-2.501672587329001","-2.501672587329001","-2.2004447443640234","-2.2004447443640234","-2.2004447443640234","-3.20247760796489","-3.20247760796489","-3.20247760796489","-1.4224613025330464","-1.4224613025330464","-1.4224613025330464","-2.640177319463865","-2.640177319463865","-2.640177319463865","-3.8057671959282073","-3.8057671959282073","-3.8057671959282073"
"19500","-2.2762221548926047","-2.2762221548926047","-2.2762221548926047","-1.3789353118550927","-1.3789353118550927","-1.3789353118550927","-1.8320461380211874","-1.8320461380211874","-1.8320461380211874","-2.650134242570426","-2.650134242570426","-2.650134242570426","-1.6259466293446967","-1.6259466293446967","-1.6259466293446967","-2.15346507742528","-2.15346507742528","-2.15346507742528","-2.691110080219888","-2.691110080219888","-2.691110080219888","-5.065888314464267","-5.065888314464267","-5.065888314464267","-1.9323744329667747","-1.9323744329667747","-1.9323744329667747","-3.076397307149073","-3.076397307149073","-3.076397307149073","-2.487376964130097","-2.487376964130097","-2.487376964130097","-2.5171680274868535","-2.5171680274868535","-2.5171680274868535","-3.1778348671785217","-3.1778348671785217","-3.1778348671785217","-3.126024130055376","-3.126024130055376","-3.126024130055376","-1.8181221030788879","-1.8181221030788879","-1.8181221030788879","-1.81589560080089","-1.81589560080089","-1.81589560080089","-2.681250042090272","-2.681250042090272","-2.681250042090272","-1.413087784271189","-1.413087784271189","-1.413087784271189","-2.9209171462089154","-2.9209171462089154","-2.9209171462089154","-3.8109286931974102","-3.8109286931974102","-3.8109286931974102"
"20000","-2.5903774106608983","-2.5903774106608983","-2.5903774106608983","-1.741625598367849","-1.741625598367849","-1.741625598367849","-1.8090011147245775","-1.8090011147245775","-1.8090011147245775","-2.1463851726899574","-2.1463851726899574","-2.1463851726899574","-1.7042490022801502","-1.7042490022801502","-1.7042490022801502","-2.768913621309427","-2.768913621309427","-2.768913621309427","-3.2893173688591886","-3.2893173688591886","-3.2893173688591886","-4.364279667422705","-4.364279667422705","-4.364279667422705","-2.0997564992057063","-2.0997564992057063","-2.0997564992057063","-3.9270268138441673","-3.9270268138441673","-3.9270268138441673","-2.387612645117129","-2.387612645117129","-2.387612645117129","-2.259840284491053","-2.259840284491053","-2.259840284491053","-2.9825316050307027","-2.9825316050307027","-2.9825316050307027","-2.9168294796484235","-2.9168294796484235","-2.9168294796484235","-1.2277897924576977","-1.2277897924576977","-1.2277897924576977","-2.1917705054438334","-2.1917705054438334","-2.1917705054438334","-4.029359224123839","-4.029359224123839","-4.029359224123839","-1.7008745094761615","-1.7008745094761615","-1.7008745094761615","-2.717872777935909","-2.717872777935909","-2.717872777935909","-3.373587989701984","-3.373587989701984","-3.373587989701984"
"20500","-2.4513873921606724","-2.4513873921606724","-2.4513873921606724","-1.6445011078200715","-1.6445011078200715","-1.6445011078200715","-1.9888873307604378","-1.9888873307604378","-1.9888873307604378","-2.0268316034378904","-2.0268316034378904","-2.0268316034378904","-1.6103078314479475","-1.6103078314479475","-1.6103078314479475","-2.5593302089344823","-2.5593302089344823","-2.5593302089344823","-3.1588397383807822","-3.1588397383807822","-3.1588397383807822","-4.9153117973204346","-4.9153117973204346","-4.9153117973204346","-1.3361965204252464","-1.3361965204252464","-1.3361965204252464","-3.23150626223853","-3.23150626223853","-3.23150626223853","-2.6340346571997033","-2.6340346571997033","-2.6340346571997033","-2.699936462623275","-2.699936462623275","-2.699936462623275","-3.142016851754282","-3.142016851754282","-3.142016851754282","-3.087046669330334","-3.087046669330334","-3.087046669330334","-1.745335139162106","-1.745335139162106","-1.745335139162106","-2.163742450842931","-2.163742450842931","-2.163742450842931","-3.4749467892932904","-3.4749467892932904","-3.4749467892932904","-1.4722312347794153","-1.4722312347794153","-1.4722312347794153","-2.9217308874574663","-2.9217308874574663","-2.9217308874574663","-2.875689405311843","-2.875689405311843","-2.875689405311843"
"21000","-2.4150712251238584","-2.4150712251238584","-2.4150712251238584","-1.8848443606062222","-1.8848443606062222","-1.8848443606062222","-1.752046749106747","-1.752046749106747","-1.752046749106747","-2.1297761253949354","-2.1297761253949354","-2.1297761253949354","-1.46883910504487","-1.46883910504487","-1.46883910504487","-2.81122549835836","-2.81122549835836","-2.81122549835836","-2.9700285694645343","-2.9700285694645343","-2.9700285694645343","-5.984330107511222","-5.984330107511222","-5.984330107511222","-1.6370781547815259","-1.6370781547815259","-1.6370781547815259","-3.5661249099225643","-3.5661249099225643","-3.5661249099225643","-2.6149333236976346","-2.6149333236976346","-2.6149333236976346","-2.6004176773743723","-2.6004176773743723","-2.6004176773743723","-2.8130359891343106","-2.8130359891343106","-2.8130359891343106","-2.5198021125302943","-2.5198021125302943","-2.5198021125302943","-1.0422675840487474","-1.0422675840487474","-1.0422675840487474","-2.3594092376355835","-2.3594092376355835","-2.3594092376355835","-3.2104846516643684","-3.2104846516643684","-3.2104846516643684","-1.7754874870842752","-1.7754874870842752","-1.7754874870842752","-3.395336862092441","-3.395336862092441","-3.395336862092441","-2.865130839852953","-2.865130839852953","-2.865130839852953"
"21500","-2.796950873220442","-2.796950873220442","-2.796950873220442","-2.194329675253587","-2.194329675253587","-2.194329675253587","-1.6894246014087073","-1.6894246014087073","-1.6894246014087073","-1.942423902531138","-1.942423902531138","-1.942423902531138","-2.042411000770381","-2.042411000770381","-2.042411000770381","-2.6778189446542937","-2.6778189446542937","-2.6778189446542937","-2.403220622492036","-2.403220622492036","-2.403220622492036","-7.519424766099246","-7.519424766099246","-7.519424766099246","-1.8772415695691684","-1.8772415695691684","-1.8772415695691684","-2.788511767010872","-2.788511767010872","-2.788511767010872","-2.7498097988407366","-2.7498097988407366","-2.7498097988407366","-3.2066726312272373","-3.2066726312272373","-3.2066726312272373","-3.0430985299531166","-3.0430985299531166","-3.0430985299531166","-3.1395552285912895","-3.1395552285912895","-3.1395552285912895","-1.0810368147529974","-1.0810368147529974","-1.0810368147529974","-1.8959461398541642","-1.8959461398541642","-1.8959461398541642","-2.9707040158763474","-2.9707040158763474","-2.9707040158763474","-1.8404587152884573","-1.8404587152884573","-1.8404587152884573","-3.187157899951982","-3.187157899951982","-3.187157899951982","-3.0558436734776677","-3.0558436734776677","-3.0558436734776677"
"22000","-2.4908736764603825","-2.4908736764603825","-2.4908736764603825","-1.6869976892286025","-1.6869976892286025","-1.6869976892286025","-1.675520505584879","-1.675520505584879","-1.675520505584879","-1.913886457356655","-1.913886457356655","-1.913886457356655","-1.5890817212894308","-1.5890817212894308","-1.5890817212894308","-2.765480381507415","-2.765480381507415","-2.765480381507415","-2.7943032623435036","-2.7943032623435036","-2.7943032623435036","-6.267545344785985","-6.267545344785985","-6.267545344785985","-2.3884694457583584","-2.3884694457583584","-2.3884694457583584","-2.568670067284466","-2.568670067284466","-2.568670067284466","-2.387419151203629","-2.387419151203629","-2.387419151203629","-2.4930853569929448","-2.4930853569929448","-2.4930853569929448","-3.0204318056148574","-3.0204318056148574","-3.0204318056148574","-2.5297527699678546","-2.5297527699678546","-2.5297527699678546","-1.438025534055076","-1.438025534055076","-1.438025534055076","-2.0469985564485462","-2.0469985564485462","-2.0469985564485462","-2.9272082005368736","-2.9272082005368736","-2.9272082005368736","-1.8830018336277892","-1.8830018336277892","-1.8830018336277892","-2.972633207967937","-2.972633207967937","-2.972633207967937","-2.870281260128186","-2.870281260128186","-2.870281260128186"
"22500","-2.6643434906668046","-2.6643434906668046","-2.6643434906668046","-1.8344076742367388","-1.8344076742367388","-1.8344076742367388","-1.6569896535006232","-1.6569896535006232","-1.6569896535006232","-2.5133945907077657","-2.5133945907077657","-2.5133945907077657","-1.8558075891140422","-1.8558075891140422","-1.8558075891140422","-2.5725117894326752","-2.5725117894326752","-2.5725117894326752","-2.3486919387465988","-2.3486919387465988","-2.3486919387465988","-6.289362553221322","-6.289362553221322","-6.289362553221322","-2.252778642500104","-2.252778642500104","-2.252778642500104","-2.354634001558845","-2.354634001558845","-2.354634001558845","-2.353871091343754","-2.353871091343754","-2.353871091343754","-2.5462925121769757","-2.5462925121769757","-2.5462925121769757","-3.0627382364769904","-3.0627382364769904","-3.0627382364769904","-2.173072365354307","-2.173072365354307","-2.173072365354307","-1.9022983428656706","-1.9022983428656706","-1.9022983428656706","-1.8966631784882029","-1.8966631784882029","-1.8966631784882029","-2.9927675428056437","-2.9927675428056437","-2.9927675428056437","-1.6104780988548502","-1.6104780988548502","-1.6104780988548502","-3.336644767397761","-3.336644767397761","-3.336644767397761","-3.1569782565082614","-3.1569782565082614","-3.1569782565082614"
"23000","-2.3843146070708188","-2.3843146070708188","-2.3843146070708188","-1.6995298968569106","-1.6995298968569106","-1.6995298968569106","-2.083588851960029","-2.083588851960029","-2.083588851960029","-3.2616308698914365","-3.2616308698914365","-3.2616308698914365","-1.5904860982036004","-1.5904860982036004","-1.5904860982036004","-2.720441155824873","-2.720441155824873","-2.720441155824873","-2.628116737497649","-2.628116737497649","-2.628116737497649","-5.677326933407634","-5.677326933407634","-5.677326933407634","-2.1288759434201716","-2.1288759434201716","-2.1288759434201716","-2.1840252376550313","-2.1840252376550313","-2.1840252376550313","-2.7806414846865772","-2.7806414846865772","-2.7806414846865772","-3.6375109892629225","-3.6375109892629225","-3.6375109892629225","-3.050028553371159","-3.050028553371159","-3.050028553371159","-2.811134207107893","-2.811134207107893","-2.811134207107893","-1.186723283555072","-1.186723283555072","-1.186723283555072","-2.4255895901699107","-2.4255895901699107","-2.4255895901699107","-2.6615325198590503","-2.6615325198590503","-2.6615325198590503","-1.6970034347141358","-1.6970034347141358","-1.6970034347141358","-3.2835811756327855","-3.2835811756327855","-3.2835811756327855","-2.723107473859397","-2.723107473859397","-2.723107473859397"
"23500","-2.6834262263871365","-2.6834262263871365","-2.6834262263871365","-1.5700600486406198","-1.5700600486406198","-1.5700600486406198","-1.9233338519682093","-1.9233338519682093","-1.9233338519682093","-2.2863460049451305","-2.2863460049451305","-2.2863460049451305","-1.8555053940106032","-1.8555053940106032","-1.8555053940106032","-2.5808784553629267","-2.5808784553629267","-2.5808784553629267","-2.3909531753721707","-2.3909531753721707","-2.3909531753721707","-5.616315523625538","-5.616315523625538","-5.616315523625538","-2.353916142133193","-2.353916142133193","-2.353916142133193","-2.5667399537440927","-2.5667399537440927","-2.5667399537440927","-2.664364342033704","-2.664364342033704","-2.664364342033704","-3.3947034653761086","-3.3947034653761086","-3.3947034653761086","-2.8065208705519646","-2.8065208705519646","-2.8065208705519646","-2.150520421828044","-2.150520421828044","-2.150520421828044","-1.9034225459893697","-1.9034225459893697","-1.9034225459893697","-1.7966461262942754","-1.7966461262942754","-1.7966461262942754","-2.884227304916206","-2.884227304916206","-2.884227304916206","-2.3181012405581205","-2.3181012405581205","-2.3181012405581205","-3.4889041362827085","-3.4889041362827085","-3.4889041362827085","-2.6824544983152356","-2.6824544983152356","-2.6824544983152356"
"24000","-2.6497190573211267","-2.6497190573211267","-2.6497190573211267","-1.5056721214523754","-1.5056721214523754","-1.5056721214523754","-2.0087134563703555","-2.0087134563703555","-2.0087134563703555","-2.0829869208033958","-2.0829869208033958","-2.0829869208033958","-2.0654533362210428","-2.0654533362210428","-2.0654533362210428","-2.153153829733882","-2.153153829733882","-2.153153829733882","-2.4351792067418385","-2.4351792067418385","-2.4351792067418385","-5.589325532263674","-5.589325532263674","-5.589325532263674","-2.3948107399209855","-2.3948107399209855","-2.3948107399209855","-2.0825304685183292","-2.0825304685183292","-2.0825304685183292","-2.5883062818869806","-2.5883062818869806","-2.5883062818869806","-3.6496079445461804","-3.6496079445461804","-3.6496079445461804","-2.6755841497533615","-2.6755841497533615","-2.6755841497533615","-2.5265536111239824","-2.5265536111239824","-2.5265536111239824","-2.56158421234211","-2.56158421234211","-2.56158421234211","-1.8731786639294754","-1.8731786639294754","-1.8731786639294754","-2.913900806883322","-2.913900806883322","-2.913900806883322","-2.581267077127978","-2.581267077127978","-2.581267077127978","-3.6242673876575813","-3.6242673876575813","-3.6242673876575813","-2.7151042627000948","-2.7151042627000948","-2.7151042627000948"
"24500","-2.5221023748433944","-2.5221023748433944","-2.5221023748433944","-1.3579863439213038","-1.3579863439213038","-1.3579863439213038","-1.9124322924397692","-1.9124322924397692","-1.9124322924397692","-2.375931940885222","-2.375931940885222","-2.375931940885222","-3.4428671698722595","-3.4428671698722595","-3.4428671698722595","-2.166722083475536","-2.166722083475536","-2.166722083475536","-2.392659224486414","-2.392659224486414","-2.392659224486414","-5.20840558949899","-5.20840558949899","-5.20840558949899","-2.963141779590768","-2.963141779590768","-2.963141779590768","-2.824211936499185","-2.824211936499185","-2.824211936499185","-2.3080318055279827","-2.3080318055279827","-2.3080318055279827","-2.3241501553714636","-2.3241501553714636","-2.3241501553714636","-3.0169541095599697","-3.0169541095599697","-3.0169541095599697","-2.546146586677703","-2.546146586677703","-2.546146586677703","-2.2977395681234185","-2.2977395681234185","-2.2977395681234185","-2.0539049345342506","-2.0539049345342506","-2.0539049345342506","-2.3012745689860234","-2.3012745689860234","-2.3012745689860234","-2.516972837753236","-2.516972837753236","-2.516972837753236","-3.5318977773592892","-3.5318977773592892","-3.5318977773592892","-2.6644295577206725","-2.6644295577206725","-2.6644295577206725"
"25000","-2.4848445785815345","-2.4848445785815345","-2.4848445785815345","-1.314601032139354","-1.314601032139354","-1.314601032139354","-2.0216059330325984","-2.0216059330325984","-2.0216059330325984","-2.714375570200391","-2.714375570200391","-2.714375570200391","-1.7629294481681588","-1.7629294481681588","-1.7629294481681588","-2.8767027707716606","-2.8767027707716606","-2.8767027707716606","-1.9825902103838893","-1.9825902103838893","-1.9825902103838893","-3.6509427765144418","-3.6509427765144418","-3.6509427765144418","-2.9400078050168816","-2.9400078050168816","-2.9400078050168816","-2.684128872455015","-2.684128872455015","-2.684128872455015","-2.2669688977316715","-2.2669688977316715","-2.2669688977316715","-3.014085924816154","-3.014085924816154","-3.014085924816154","-3.2101624331729894","-3.2101624331729894","-3.2101624331729894","-2.5676592746415765","-2.5676592746415765","-2.5676592746415765","-1.8443596302655507","-1.8443596302655507","-1.8443596302655507","-1.8914105336986655","-1.8914105336986655","-1.8914105336986655","-2.491126632908179","-2.491126632908179","-2.491126632908179","-2.5796431347310707","-2.5796431347310707","-2.5796431347310707","-4.001571003865797","-4.001571003865797","-4.001571003865797","-2.8937682469900756","-2.8937682469900756","-2.8937682469900756"
"25500","-2.3585243485593326","-2.3585243485593326","-2.3585243485593326","-1.5529145877891717","-1.5529145877891717","-1.5529145877891717","-1.6756846559129221","-1.6756846559129221","-1.6756846559129221","-2.449450312992637","-2.449450312992637","-2.449450312992637","-1.8718328506405402","-1.8718328506405402","-1.8718328506405402","-2.6757104728585146","-2.6757104728585146","-2.6757104728585146","-2.265934434033416","-2.265934434033416","-2.265934434033416","-3.4240182830741785","-3.4240182830741785","-3.4240182830741785","-2.529172695930572","-2.529172695930572","-2.529172695930572","-2.64813086874871","-2.64813086874871","-2.64813086874871","-2.2967990584422724","-2.2967990584422724","-2.2967990584422724","-2.6651947705379695","-2.6651947705379695","-2.6651947705379695","-3.7025121345416716","-3.7025121345416716","-3.7025121345416716","-2.030705965231837","-2.030705965231837","-2.030705965231837","-2.0932023674122306","-2.0932023674122306","-2.0932023674122306","-1.8691396559600562","-1.8691396559600562","-1.8691396559600562","-2.6501999546952426","-2.6501999546952426","-2.6501999546952426","-2.6448842771226","-2.6448842771226","-2.6448842771226","-3.882784368556809","-3.882784368556809","-3.882784368556809","-2.7817936332599684","-2.7817936332599684","-2.7817936332599684"
"26000","-2.5794811164647293","-2.5794811164647293","-2.5794811164647293","-1.6074897246096485","-1.6074897246096485","-1.6074897246096485","-1.814170059481686","-1.814170059481686","-1.814170059481686","-2.636631588630898","-2.636631588630898","-2.636631588630898","-1.2926183025667959","-1.2926183025667959","-1.2926183025667959","-2.342580619852549","-2.342580619852549","-2.342580619852549","-2.206898702041046","-2.206898702041046","-2.206898702041046","-3.6554974935990225","-3.6554974935990225","-3.6554974935990225","-2.4383800170429817","-2.4383800170429817","-2.4383800170429817","-2.5191836355325594","-2.5191836355325594","-2.5191836355325594","-2.318089503007061","-2.318089503007061","-2.318089503007061","-3.1517559778202227","-3.1517559778202227","-3.1517559778202227","-3.3919298684503802","-3.3919298684503802","-3.3919298684503802","-2.1195634579804326","-2.1195634579804326","-2.1195634579804326","-1.8299843524375103","-1.8299843524375103","-1.8299843524375103","-1.7922325799281495","-1.7922325799281495","-1.7922325799281495","-3.1951584339798402","-3.1951584339798402","-3.1951584339798402","-2.456699203695699","-2.456699203695699","-2.456699203695699","-3.9944492249470533","-3.9944492249470533","-3.9944492249470533","-2.7699821935386932","-2.7699821935386932","-2.7699821935386932"
"26500","-2.2743251298785787","-2.2743251298785787","-2.2743251298785787","-1.3965022611316993","-1.3965022611316993","-1.3965022611316993","-1.4800535754338207","-1.4800535754338207","-1.4800535754338207","-2.314572303718465","-2.314572303718465","-2.314572303718465","-1.3570280150367313","-1.3570280150367313","-1.3570280150367313","-2.2146513802037306","-2.2146513802037306","-2.2146513802037306","-2.478142668044807","-2.478142668044807","-2.478142668044807","-3.9946395209776","-3.9946395209776","-3.9946395209776","-2.4444886667534873","-2.4444886667534873","-2.4444886667534873","-2.7637480217201427","-2.7637480217201427","-2.7637480217201427","-2.6839761052895073","-2.6839761052895073","-2.6839761052895073","-2.687739288957167","-2.687739288957167","-2.687739288957167","-3.684784636069039","-3.684784636069039","-3.684784636069039","-1.8720199213504043","-1.8720199213504043","-1.8720199213504043","-1.9986599513505188","-1.9986599513505188","-1.9986599513505188","-1.7688419779826283","-1.7688419779826283","-1.7688419779826283","-2.417292445342595","-2.417292445342595","-2.417292445342595","-2.356728393580193","-2.356728393580193","-2.356728393580193","-3.5372124538477907","-3.5372124538477907","-3.5372124538477907","-3.406892134122414","-3.406892134122414","-3.406892134122414"
"27000","-2.133136767245696","-2.133136767245696","-2.133136767245696","-1.104132419700743","-1.104132419700743","-1.104132419700743","-2.086474150324519","-2.086474150324519","-2.086474150324519","-2.2473948713610015","-2.2473948713610015","-2.2473948713610015","-1.0768371771834517","-1.0768371771834517","-1.0768371771834517","-1.969919002797593","-1.969919002797593","-1.969919002797593","-2.14974788177365","-2.14974788177365","-2.14974788177365","-3.8739041287167253","-3.8739041287167253","-3.8739041287167253","-1.9771518681136215","-1.9771518681136215","-1.9771518681136215","-2.6359691555284015","-2.6359691555284015","-2.6359691555284015","-2.4051967932128493","-2.4051967932128493","-2.4051967932128493","-2.814255451175908","-2.814255451175908","-2.814255451175908","-2.9345873732875236","-2.9345873732875236","-2.9345873732875236","-2.030410505466757","-2.030410505466757","-2.030410505466757","-1.8238160909556238","-1.8238160909556238","-1.8238160909556238","-1.8016299831698128","-1.8016299831698128","-1.8016299831698128","-2.1523536316473706","-2.1523536316473706","-2.1523536316473706","-3.0470421408479162","-3.0470421408479162","-3.0470421408479162","-3.2618634637976287","-3.2618634637976287","-3.2618634637976287","-3.056335393101512","-3.056335393101512","-3.056335393101512"
"27500","-2.1870210903855436","-2.1870210903855436","-2.1870210903855436","-1.45327308757476","-1.45327308757476","-1.45327308757476","-1.5533124953375197","-1.5533124953375197","-1.5533124953375197","-2.3634048871896844","-2.3634048871896844","-2.3634048871896844","-1.2954555500632043","-1.2954555500632043","-1.2954555500632043","-2.072900790177455","-2.072900790177455","-2.072900790177455","-2.246251300522615","-2.246251300522615","-2.246251300522615","-2.9717618909388706","-2.9717618909388706","-2.9717618909388706","-3.5071493889430414","-3.5071493889430414","-3.5071493889430414","-2.5586325380354866","-2.5586325380354866","-2.5586325380354866","-2.1748447747834607","-2.1748447747834607","-2.1748447747834607","-3.2766488513715224","-3.2766488513715224","-3.2766488513715224","-2.8080005511657413","-2.8080005511657413","-2.8080005511657413","-2.318662108544414","-2.318662108544414","-2.318662108544414","-2.265669577035441","-2.265669577035441","-2.265669577035441","-1.8267026496683907","-1.8267026496683907","-1.8267026496683907","-2.139152573192535","-2.139152573192535","-2.139152573192535","-3.2312333804722995","-3.2312333804722995","-3.2312333804722995","-3.058396528868039","-3.058396528868039","-3.058396528868039","-2.831772901169587","-2.831772901169587","-2.831772901169587"
"28000","-2.172926842666777","-2.172926842666777","-2.172926842666777","-1.7627598958544417","-1.7627598958544417","-1.7627598958544417","-1.5870534635648017","-1.5870534635648017","-1.5870534635648017","-2.687281954802689","-2.687281954802689","-2.687281954802689","-0.99393498099587","-0.99393498099587","-0.99393498099587","-2.7996669102876632","-2.7996669102876632","-2.7996669102876632","-1.9348300940065866","-1.9348300940065866","-1.9348300940065866","-2.9170055049449815","-2.9170055049449815","-2.9170055049449815","-3.7310167100559988","-3.7310167100559988","-3.7310167100559988","-3.146130489609543","-3.146130489609543","-3.146130489609543","-2.462254971889527","-2.462254971889527","-2.462254971889527","-2.6580726198719846","-2.6580726198719846","-2.6580726198719846","-2.534984465933522","-2.534984465933522","-2.534984465933522","-1.9403238417373523","-1.9403238417373523","-1.9403238417373523","-1.41043316637917","-1.41043316637917","-1.41043316637917","-1.8703938144980743","-1.8703938144980743","-1.8703938144980743","-2.220496680047984","-2.220496680047984","-2.220496680047984","-2.6984188463227836","-2.6984188463227836","-2.6984188463227836","-2.871159565415596","-2.871159565415596","-2.871159565415596","-2.992588529680814","-2.992588529680814","-2.992588529680814"
"28500","-1.815502144079439","-1.815502144079439","-1.815502144079439","-1.9558483415388956","-1.9558483415388956","-1.9558483415388956","-1.5813357524915486","-1.5813357524915486","-1.5813357524915486","-2.473698266063117","-2.473698266063117","-2.473698266063117","-1.2010106548317372","-1.2010106548317372","-1.2010106548317372","-2.7792555740164175","-2.7792555740164175","-2.7792555740164175","-1.8232868473036454","-1.8232868473036454","-1.8232868473036454","-2.559845507132711","-2.559845507132711","-2.559845507132711","-3.4392411829448335","-3.4392411829448335","-3.4392411829448335","-2.730949548407763","-2.730949548407763","-2.730949548407763","-3.309884643020381","-3.309884643020381","-3.309884643020381","-2.533235477224919","-2.533235477224919","-2.533235477224919","-2.8658486558509666","-2.8658486558509666","-2.8658486558509666","-1.9041831738193746","-1.9041831738193746","-1.9041831738193746","-1.8818894752011754","-1.8818894752011754","-1.8818894752011754","-1.6840456250582942","-1.6840456250582942","-1.6840456250582942","-2.773874321924212","-2.773874321924212","-2.773874321924212","-2.9503174330943183","-2.9503174330943183","-2.9503174330943183","-2.6878016778889338","-2.6878016778889338","-2.6878016778889338","-2.921774783354814","-2.921774783354814","-2.921774783354814"
"29000","-1.911388493022161","-1.911388493022161","-1.911388493022161","-2.1455886026602777","-2.1455886026602777","-2.1455886026602777","-1.8324973075804614","-1.8324973075804614","-1.8324973075804614","-2.681388316922493","-2.681388316922493","-2.681388316922493","-1.0768410296930235","-1.0768410296930235","-1.0768410296930235","-2.816905563303684","-2.816905563303684","-2.816905563303684","-2.014619435633098","-2.014619435633098","-2.014619435633098","-2.649575210594449","-2.649575210594449","-2.649575210594449","-2.0279721869236473","-2.0279721869236473","-2.0279721869236473","-2.687449805993446","-2.687449805993446","-2.687449805993446","-3.6455085896570703","-3.6455085896570703","-3.6455085896570703","-2.6102100872083476","-2.6102100872083476","-2.6102100872083476","-2.7533812524776606","-2.7533812524776606","-2.7533812524776606","-1.9548304009052717","-1.9548304009052717","-1.9548304009052717","-1.242506451683848","-1.242506451683848","-1.242506451683848","-1.846707466754135","-1.846707466754135","-1.846707466754135","-2.476026172580213","-2.476026172580213","-2.476026172580213","-2.368409864792702","-2.368409864792702","-2.368409864792702","-2.9516610224416793","-2.9516610224416793","-2.9516610224416793","-3.0920911657519294","-3.0920911657519294","-3.0920911657519294"
"29500","-1.5906897923072174","-1.5906897923072174","-1.5906897923072174","-1.7265989710893006","-1.7265989710893006","-1.7265989710893006","-2.021375699551144","-2.021375699551144","-2.021375699551144","-2.825725851877017","-2.825725851877017","-2.825725851877017","-1.131976440388552","-1.131976440388552","-1.131976440388552","-2.8603988908287983","-2.8603988908287983","-2.8603988908287983","-1.8917058423114752","-1.8917058423114752","-1.8917058423114752","-3.0439121844075343","-3.0439121844075343","-3.0439121844075343","-1.7703918620755847","-1.7703918620755847","-1.7703918620755847","-3.312313186032553","-3.312313186032553","-3.312313186032553","-3.1079420265628905","-3.1079420265628905","-3.1079420265628905","-3.23521487087656","-3.23521487087656","-3.23521487087656","-2.8941365527521246","-2.8941365527521246","-2.8941365527521246","-2.0620924518058854","-2.0620924518058854","-2.0620924518058854","-1.5557064126940134","-1.5557064126940134","-1.5557064126940134","-1.7223710883200414","-1.7223710883200414","-1.7223710883200414","-2.735283370808665","-2.735283370808665","-2.735283370808665","-2.145033184291519","-2.145033184291519","-2.145033184291519","-2.7868354896955716","-2.7868354896955716","-2.7868354896955716","-3.065239299790267","-3.065239299790267","-3.065239299790267"
"30000","-2.097810393505559","-2.097810393505559","-2.097810393505559","-1.7538041806105684","-1.7538041806105684","-1.7538041806105684","-2.2923325810002533","-2.2923325810002533","-2.2923325810002533","-2.7577323943698437","-2.7577323943698437","-2.7577323943698437","-1.7677278711126505","-1.7677278711126505","-1.7677278711126505","-3.0399911863124207","-3.0399911863124207","-3.0399911863124207","-1.8772302226678448","-1.8772302226678448","-1.8772302226678448","-2.986776865868239","-2.986776865868239","-2.986776865868239","-1.818776355233144","-1.818776355233144","-1.818776355233144","-3.2364560650848384","-3.2364560650848384","-3.2364560650848384","-2.618277997814538","-2.618277997814538","-2.618277997814538","-3.7408095027097703","-3.7408095027097703","-3.7408095027097703","-2.7461310985744487","-2.7461310985744487","-2.7461310985744487","-2.0275950059512273","-2.0275950059512273","-2.0275950059512273","-1.9990239578277034","-1.9990239578277034","-1.9990239578277034","-1.8259785946376674","-1.8259785946376674","-1.8259785946376674","-2.5944162110168576","-2.5944162110168576","-2.5944162110168576","-2.114376632197738","-2.114376632197738","-2.114376632197738","-2.9083832809838523","-2.9083832809838523","-2.9083832809838523","-3.102617380014461","-3.102617380014461","-3.102617380014461"
"30500","-1.9969496135933646","-1.9969496135933646","-1.9969496135933646","-1.6597685331868686","-1.6597685331868686","-1.6597685331868686","-1.5758273385899628","-1.5758273385899628","-1.5758273385899628","-2.760785655605213","-2.760785655605213","-2.760785655605213","-2.1584093424383415","-2.1584093424383415","-2.1584093424383415","-2.768818557532539","-2.768818557532539","-2.768818557532539","-1.9480498494516616","-1.9480498494516616","-1.9480498494516616","-2.8999322913279544","-2.8999322913279544","-2.8999322913279544","-1.8621821514820127","-1.8621821514820127","-1.8621821514820127","-2.8324899655350237","-2.8324899655350237","-2.8324899655350237","-2.3483938295700835","-2.3483938295700835","-2.3483938295700835","-3.219078611552676","-3.219078611552676","-3.219078611552676","-2.6436380451732764","-2.6436380451732764","-2.6436380451732764","-2.181703391388228","-2.181703391388228","-2.181703391388228","-1.3133049385000977","-1.3133049385000977","-1.3133049385000977","-1.6898195001700234","-1.6898195001700234","-1.6898195001700234","-2.2550080015303378","-2.2550080015303378","-2.2550080015303378","-2.121910395704518","-2.121910395704518","-2.121910395704518","-2.9208207820673593","-2.9208207820673593","-2.9208207820673593","-2.641415483432208","-2.641415483432208","-2.641415483432208"
"31000","-2.083359086010169","-2.083359086010169","-2.083359086010169","-1.6357593566483737","-1.6357593566483737","-1.6357593566483737","-2.1695511548814954","-2.1695511548814954","-2.1695511548814954","-2.44998503407706","-2.44998503407706","-2.44998503407706","-1.6818071522256708","-1.6818071522256708","-1.6818071522256708","-2.6724210380416986","-2.6724210380416986","-2.6724210380416986","-1.7656317767811303","-1.7656317767811303","-1.7656317767811303","-4.04140833216834","-4.04140833216834","-4.04140833216834","-1.8271075670825738","-1.8271075670825738","-1.8271075670825738","-3.362222099537557","-3.362222099537557","-3.362222099537557","-2.0083909100260176","-2.0083909100260176","-2.0083909100260176","-4.130163905254443","-4.130163905254443","-4.130163905254443","-2.9178679196501593","-2.9178679196501593","-2.9178679196501593","-1.9965335293857738","-1.9965335293857738","-1.9965335293857738","-1.6305822744746865","-1.6305822744746865","-1.6305822744746865","-1.8170962303838585","-1.8170962303838585","-1.8170962303838585","-1.8651151075484638","-1.8651151075484638","-1.8651151075484638","-1.9119274017195154","-1.9119274017195154","-1.9119274017195154","-3.196910366311708","-3.196910366311708","-3.196910366311708","-2.487552562498587","-2.487552562498587","-2.487552562498587"
"31500","-1.9832406546239962","-1.9832406546239962","-1.9832406546239962","-1.5651033358130213","-1.5651033358130213","-1.5651033358130213","-2.29592576164269","-2.29592576164269","-2.29592576164269","-2.6792518137326486","-2.6792518137326486","-2.6792518137326486","-2.093751092168452","-2.093751092168452","-2.093751092168452","-2.5408305595979175","-2.5408305595979175","-2.5408305595979175","-1.8523250109121687","-1.8523250109121687","-1.8523250109121687","-4.185103081083385","-4.185103081083385","-4.185103081083385","-1.5910891117350392","-1.5910891117350392","-1.5910891117350392","-2.724722558883965","-2.724722558883965","-2.724722558883965","-2.2655586456242562","-2.2655586456242562","-2.2655586456242562","-3.779705572732973","-3.779705572732973","-3.779705572732973","-2.6968890730144706","-2.6968890730144706","-2.6968890730144706","-1.9164745625659834","-1.9164745625659834","-1.9164745625659834","-2.1444656421064336","-2.1444656421064336","-2.1444656421064336","-1.8058094737969497","-1.8058094737969497","-1.8058094737969497","-1.94005012680354","-1.94005012680354","-1.94005012680354","-1.9214638748459674","-1.9214638748459674","-1.9214638748459674","-3.326736311845574","-3.326736311845574","-3.326736311845574","-2.8419719054274504","-2.8419719054274504","-2.8419719054274504"
"32000","-1.8721708145636533","-1.8721708145636533","-1.8721708145636533","-1.6624747670622413","-1.6624747670622413","-1.6624747670622413","-2.164090119930467","-2.164090119930467","-2.164090119930467","-2.3492627557903694","-2.3492627557903694","-2.3492627557903694","-1.687821765260896","-1.687821765260896","-1.687821765260896","-2.2617359924881297","-2.2617359924881297","-2.2617359924881297","-1.7615996784809282","-1.7615996784809282","-1.7615996784809282","-3.0646773470971866","-3.0646773470971866","-3.0646773470971866","-1.6188680282039498","-1.6188680282039498","-1.6188680282039498","-2.546023846912694","-2.546023846912694","-2.546023846912694","-2.113698931035618","-2.113698931035618","-2.113698931035618","-2.4678761638926066","-2.4678761638926066","-2.4678761638926066","-2.8610238263643155","-2.8610238263643155","-2.8610238263643155","-1.8646993065956636","-1.8646993065956636","-1.8646993065956636","-1.583626144140804","-1.583626144140804","-1.583626144140804","-2.002559370331524","-2.002559370331524","-2.002559370331524","-2.707701176875487","-2.707701176875487","-2.707701176875487","-1.8796991160237293","-1.8796991160237293","-1.8796991160237293","-2.991130158214161","-2.991130158214161","-2.991130158214161","-2.6074468095376764","-2.6074468095376764","-2.6074468095376764"
"32500","-1.9990822998661901","-1.9990822998661901","-1.9990822998661901","-1.4849090179480122","-1.4849090179480122","-1.4849090179480122","-2.3121325549061043","-2.3121325549061043","-2.3121325549061043","-2.630602121643597","-2.630602121643597","-2.630602121643597","-1.9609088255781324","-1.9609088255781324","-1.9609088255781324","-2.699604353831125","-2.699604353831125","-2.699604353831125","-1.8152390114374584","-1.8152390114374584","-1.8152390114374584","-2.7607118895828906","-2.7607118895828906","-2.7607118895828906","-1.7185076788089795","-1.7185076788089795","-1.7185076788089795","-3.379968292952074","-3.379968292952074","-3.379968292952074","-2.1888987438356806","-2.1888987438356806","-2.1888987438356806","-2.963437218627865","-2.963437218627865","-2.963437218627865","-2.7064857596772827","-2.7064857596772827","-2.7064857596772827","-2.309412039991815","-2.309412039991815","-2.309412039991815","-2.2151155793256345","-2.2151155793256345","-2.2151155793256345","-1.7360941468039583","-1.7360941468039583","-1.7360941468039583","-2.4335370241257626","-2.4335370241257626","-2.4335370241257626","-1.944537412380954","-1.944537412380954","-1.944537412380954","-3.003366554111879","-3.003366554111879","-3.003366554111879","-2.8376132492057686","-2.8376132492057686","-2.8376132492057686"
"33000","-1.9920326918137405","-1.9920326918137405","-1.9920326918137405","-1.6567009728068416","-1.6567009728068416","-1.6567009728068416","-2.3935451079066796","-2.3935451079066796","-2.3935451079066796","-2.060168710859497","-2.060168710859497","-2.060168710859497","-2.079578487479054","-2.079578487479054","-2.079578487479054","-2.392843665930501","-2.392843665930501","-2.392843665930501","-1.8182812032108202","-1.8182812032108202","-1.8182812032108202","-2.878716031564771","-2.878716031564771","-2.878716031564771","-1.699451387444313","-1.699451387444313","-1.699451387444313","-2.5390826418596606","-2.5390826418596606","-2.5390826418596606","-1.9994471528419742","-1.9994471528419742","-1.9994471528419742","-3.2300363658317615","-3.2300363658317615","-3.2300363658317615","-2.5634873790056005","-2.5634873790056005","-2.5634873790056005","-2.4984664571972144","-2.4984664571972144","-2.4984664571972144","-2.12686223198165","-2.12686223198165","-2.12686223198165","-1.8629094693990584","-1.8629094693990584","-1.8629094693990584","-2.113834155530422","-2.113834155530422","-2.113834155530422","-2.175695226636724","-2.175695226636724","-2.175695226636724","-2.9419023388095464","-2.9419023388095464","-2.9419023388095464","-3.408892612666622","-3.408892612666622","-3.408892612666622"
"33500","-2.2879933157029217","-2.2879933157029217","-2.2879933157029217","-1.6083478748350206","-1.6083478748350206","-1.6083478748350206","-2.173925603249527","-2.173925603249527","-2.173925603249527","-2.0392040451557096","-2.0392040451557096","-2.0392040451557096","-2.6316491692777615","-2.6316491692777615","-2.6316491692777615","-2.1952186908880105","-2.1952186908880105","-2.1952186908880105","-1.8563003137204817","-1.8563003137204817","-1.8563003137204817","-2.8716807649512353","-2.8716807649512353","-2.8716807649512353","-1.5633519925088706","-1.5633519925088706","-1.5633519925088706","-2.3330444958769005","-2.3330444958769005","-2.3330444958769005","-2.384754123404438","-2.384754123404438","-2.384754123404438","-2.453611919431208","-2.453611919431208","-2.453611919431208","-2.733043961600574","-2.733043961600574","-2.733043961600574","-2.417969910220711","-2.417969910220711","-2.417969910220711","-1.7415724806129014","-1.7415724806129014","-1.7415724806129014","-1.757824089577258","-1.757824089577258","-1.757824089577258","-1.9534939845558252","-1.9534939845558252","-1.9534939845558252","-2.2152415326653574","-2.2152415326653574","-2.2152415326653574","-2.8293271727651015","-2.8293271727651015","-2.8293271727651015","-3.4055136051612775","-3.4055136051612775","-3.4055136051612775"
"34000","-1.8088010677989708","-1.8088010677989708","-1.8088010677989708","-1.672957152233316","-1.672957152233316","-1.672957152233316","-3.3053480866255027","-3.3053480866255027","-3.3053480866255027","-2.0894190161435873","-2.0894190161435873","-2.0894190161435873","-2.3215059416775006","-2.3215059416775006","-2.3215059416775006","-2.0923099959340856","-2.0923099959340856","-2.0923099959340856","-1.9683798549343525","-1.9683798549343525","-1.9683798549343525","-2.939051175197737","-2.939051175197737","-2.939051175197737","-1.5502423721103953","-1.5502423721103953","-1.5502423721103953","-2.9195252202214332","-2.9195252202214332","-2.9195252202214332","-2.427295231950588","-2.427295231950588","-2.427295231950588","-2.1437316375092648","-2.1437316375092648","-2.1437316375092648","-2.732691519197383","-2.732691519197383","-2.732691519197383","-2.4889273042798026","-2.4889273042798026","-2.4889273042798026","-1.4775883215436076","-1.4775883215436076","-1.4775883215436076","-1.944811197591217","-1.944811197591217","-1.944811197591217","-2.128864797257358","-2.128864797257358","-2.128864797257358","-2.1156915131548324","-2.1156915131548324","-2.1156915131548324","-3.06128314103256","-3.06128314103256","-3.06128314103256","-3.0043204429657537","-3.0043204429657537","-3.0043204429657537"
"34500","-2.0057830056860104","-2.0057830056860104","-2.0057830056860104","-1.5014862377214113","-1.5014862377214113","-1.5014862377214113","-2.5859290796688326","-2.5859290796688326","-2.5859290796688326","-1.9633529921780801","-1.9633529921780801","-1.9633529921780801","-1.2518810022019928","-1.2518810022019928","-1.2518810022019928","-2.263088178988125","-2.263088178988125","-2.263088178988125","-1.7083742754583895","-1.7083742754583895","-1.7083742754583895","-3.2090648675366595","-3.2090648675366595","-3.2090648675366595","-1.7841567143907366","-1.7841567143907366","-1.7841567143907366","-2.77859850131041","-2.77859850131041","-2.77859850131041","-2.596519009448739","-2.596519009448739","-2.596519009448739","-1.4143490752545163","-1.4143490752545163","-1.4143490752545163","-2.68996719710185","-2.68996719710185","-2.68996719710185","-2.0380220978839616","-2.0380220978839616","-2.0380220978839616","-1.471337204975921","-1.471337204975921","-1.471337204975921","-1.7297561180639955","-1.7297561180639955","-1.7297561180639955","-2.0941670401852965","-2.0941670401852965","-2.0941670401852965","-1.879719476883939","-1.879719476883939","-1.879719476883939","-2.854985780885305","-2.854985780885305","-2.854985780885305","-3.593608379122262","-3.593608379122262","-3.593608379122262"
"35000","-2.2017025999896953","-2.2017025999896953","-2.2017025999896953","-1.5135453070646872","-1.5135453070646872","-1.5135453070646872","-2.867528481743462","-2.867528481743462","-2.867528481743462","-1.9816516783041318","-1.9816516783041318","-1.9816516783041318","-1.550804243230273","-1.550804243230273","-1.550804243230273","-2.059720518841667","-2.059720518841667","-2.059720518841667","-1.9439607126124137","-1.9439607126124137","-1.9439607126124137","-3.4350524684718726","-3.4350524684718726","-3.4350524684718726","-2.027838905426024","-2.027838905426024","-2.027838905426024","-2.2496516625434575","-2.2496516625434575","-2.2496516625434575","-2.9819527357605335","-2.9819527357605335","-2.9819527357605335","-1.8300904867725478","-1.8300904867725478","-1.8300904867725478","-2.7952100491085057","-2.7952100491085057","-2.7952100491085057","-2.4206225532809054","-2.4206225532809054","-2.4206225532809054","-1.5260688140705239","-1.5260688140705239","-1.5260688140705239","-1.786094412319974","-1.786094412319974","-1.786094412319974","-2.0854249655593655","-2.0854249655593655","-2.0854249655593655","-1.815908162341719","-1.815908162341719","-1.815908162341719","-2.635809251106722","-2.635809251106722","-2.635809251106722","-3.532198828037052","-3.532198828037052","-3.532198828037052"
"35500","-2.4036973184219397","-2.4036973184219397","-2.4036973184219397","-1.242411593195924","-1.242411593195924","-1.242411593195924","-2.8184903066506415","-2.8184903066506415","-2.8184903066506415","-2.1792781429528203","-2.1792781429528203","-2.1792781429528203","-1.804553833325978","-1.804553833325978","-1.804553833325978","-2.2367413236496843","-2.2367413236496843","-2.2367413236496843","-1.8594695927591256","-1.8594695927591256","-1.8594695927591256","-3.826639864964169","-3.826639864964169","-3.826639864964169","-1.876934624671771","-1.876934624671771","-1.876934624671771","-2.4530062385571942","-2.4530062385571942","-2.4530062385571942","-3.212093302728251","-3.212093302728251","-3.212093302728251","-1.379795242339212","-1.379795242339212","-1.379795242339212","-2.7696942132398252","-2.7696942132398252","-2.7696942132398252","-2.388264489193466","-2.388264489193466","-2.388264489193466","-1.7234556139749386","-1.7234556139749386","-1.7234556139749386","-1.7039633605806954","-1.7039633605806954","-1.7039633605806954","-1.885750405482313","-1.885750405482313","-1.885750405482313","-1.9684892068243343","-1.9684892068243343","-1.9684892068243343","-2.7590692652138933","-2.7590692652138933","-2.7590692652138933","-3.856135527890708","-3.856135527890708","-3.856135527890708"
"36000","-2.3019055066271017","-2.3019055066271017","-2.3019055066271017","-1.2973400038361445","-1.2973400038361445","-1.2973400038361445","-2.714798196137965","-2.714798196137965","-2.714798196137965","-2.4831888935058912","-2.4831888935058912","-2.4831888935058912","-0.9438636361223065","-0.9438636361223065","-0.9438636361223065","-2.6030870343210184","-2.6030870343210184","-2.6030870343210184","-1.742861586511577","-1.742861586511577","-1.742861586511577","-4.361355080244936","-4.361355080244936","-4.361355080244936","-1.9621151433923743","-1.9621151433923743","-1.9621151433923743","-2.3244251825853097","-2.3244251825853097","-2.3244251825853097","-3.2884537963190525","-3.2884537963190525","-3.2884537963190525","-1.4135614360293256","-1.4135614360293256","-1.4135614360293256","-2.7496270081165988","-2.7496270081165988","-2.7496270081165988","-3.188455700535603","-3.188455700535603","-3.188455700535603","-1.8228326493726907","-1.8228326493726907","-1.8228326493726907","-1.936751267625345","-1.936751267625345","-1.936751267625345","-1.9982606261259186","-1.9982606261259186","-1.9982606261259186","-2.3010665477638303","-2.3010665477638303","-2.3010665477638303","-2.576820767619245","-2.576820767619245","-2.576820767619245","-3.91678155152792","-3.91678155152792","-3.91678155152792"
"36500","-3.1074716953583046","-3.1074716953583046","-3.1074716953583046","-1.4320700651432177","-1.4320700651432177","-1.4320700651432177","-2.634930539744702","-2.634930539744702","-2.634930539744702","-1.9955001687375122","-1.9955001687375122","-1.9955001687375122","-1.0847988988687984","-1.0847988988687984","-1.0847988988687984","-2.4025022861245353","-2.4025022861245353","-2.4025022861245353","-1.7092923341592983","-1.7092923341592983","-1.7092923341592983","-4.782764849320773","-4.782764849320773","-4.782764849320773","-1.6085848441769222","-1.6085848441769222","-1.6085848441769222","-1.9802086909865177","-1.9802086909865177","-1.9802086909865177","-3.082415098357417","-3.082415098357417","-3.082415098357417","-1.2130411194946573","-1.2130411194946573","-1.2130411194946573","-2.8177794662816815","-2.8177794662816815","-2.8177794662816815","-2.9303851188607153","-2.9303851188607153","-2.9303851188607153","-1.81386918511093","-1.81386918511093","-1.81386918511093","-1.5785996712452097","-1.5785996712452097","-1.5785996712452097","-2.067534709847134","-2.067534709847134","-2.067534709847134","-2.1283387295849545","-2.1283387295849545","-2.1283387295849545","-2.651231481495212","-2.651231481495212","-2.651231481495212","-3.7792989840527653","-3.7792989840527653","-3.7792989840527653"
"37000","-2.7555330253384898","-2.7555330253384898","-2.7555330253384898","-1.3472567041461834","-1.3472567041461834","-1.3472567041461834","-2.5873918005608756","-2.5873918005608756","-2.5873918005608756","-1.9910964915301215","-1.9910964915301215","-1.9910964915301215","-0.9381652916820211","-0.9381652916820211","-0.9381652916820211","-2.5815976296001835","-2.5815976296001835","-2.5815976296001835","-1.4888452423104268","-1.4888452423104268","-1.4888452423104268","-5.270570467539214","-5.270570467539214","-5.270570467539214","-1.7217805603888194","-1.7217805603888194","-1.7217805603888194","-1.9244248380373126","-1.9244248380373126","-1.9244248380373126","-3.155303181405342","-3.155303181405342","-3.155303181405342","-1.1906546790793897","-1.1906546790793897","-1.1906546790793897","-3.086111733401203","-3.086111733401203","-3.086111733401203","-2.6048015051449913","-2.6048015051449913","-2.6048015051449913","-1.823882189531398","-1.823882189531398","-1.823882189531398","-1.755855940955168","-1.755855940955168","-1.755855940955168","-1.905575242679792","-1.905575242679792","-1.905575242679792","-2.2293118466462425","-2.2293118466462425","-2.2293118466462425","-2.772231327853706","-2.772231327853706","-2.772231327853706","-3.575136071137158","-3.575136071137158","-3.575136071137158"
"37500","-2.4194602646417946","-2.4194602646417946","-2.4194602646417946","-1.3716199172415438","-1.3716199172415438","-1.3716199172415438","-2.6034819184829887","-2.6034819184829887","-2.6034819184829887","-1.9186032017178065","-1.9186032017178065","-1.9186032017178065","-1.060586362675948","-1.060586362675948","-1.060586362675948","-2.436812942450278","-2.436812942450278","-2.436812942450278","-1.6003949712241927","-1.6003949712241927","-1.6003949712241927","-6.015187903221323","-6.015187903221323","-6.015187903221323","-1.6360787506730887","-1.6360787506730887","-1.6360787506730887","-1.663926859313331","-1.663926859313331","-1.663926859313331","-3.240627281620214","-3.240627281620214","-3.240627281620214","-1.097272231008359","-1.097272231008359","-1.097272231008359","-2.7840786611354003","-2.7840786611354003","-2.7840786611354003","-2.167540559135546","-2.167540559135546","-2.167540559135546","-1.927753729828612","-1.927753729828612","-1.927753729828612","-1.6579577038688882","-1.6579577038688882","-1.6579577038688882","-1.7211305961048466","-1.7211305961048466","-1.7211305961048466","-2.315120473476282","-2.315120473476282","-2.315120473476282","-2.847790569019522","-2.847790569019522","-2.847790569019522","-3.74962705083328","-3.74962705083328","-3.74962705083328"
"38000","-2.5542170207490518","-2.5542170207490518","-2.5542170207490518","-1.4764601427107313","-1.4764601427107313","-1.4764601427107313","-2.7857706060312566","-2.7857706060312566","-2.7857706060312566","-1.7863518806649612","-1.7863518806649612","-1.7863518806649612","-1.0839219684666053","-1.0839219684666053","-1.0839219684666053","-2.307172822359179","-2.307172822359179","-2.307172822359179","-1.74112066951947","-1.74112066951947","-1.74112066951947","-5.773867830669537","-5.773867830669537","-5.773867830669537","-1.5312812703784395","-1.5312812703784395","-1.5312812703784395","-1.8540471200276705","-1.8540471200276705","-1.8540471200276705","-3.423791346899102","-3.423791346899102","-3.423791346899102","-1.2717873687316579","-1.2717873687316579","-1.2717873687316579","-2.8025178759309433","-2.8025178759309433","-2.8025178759309433","-1.971566155515346","-1.971566155515346","-1.971566155515346","-1.8974018000273034","-1.8974018000273034","-1.8974018000273034","-1.675451812682964","-1.675451812682964","-1.675451812682964","-1.6754534854469605","-1.6754534854469605","-1.6754534854469605","-2.343973718979781","-2.343973718979781","-2.343973718979781","-2.779205059475404","-2.779205059475404","-2.779205059475404","-4.00024638092614","-4.00024638092614","-4.00024638092614"
"38500","-2.747372782119856","-2.747372782119856","-2.747372782119856","-1.468589687641379","-1.468589687641379","-1.468589687641379","-2.999791589879032","-2.999791589879032","-2.999791589879032","-1.9259410787579132","-1.9259410787579132","-1.9259410787579132","-1.1175209458866848","-1.1175209458866848","-1.1175209458866848","-2.559121581968141","-2.559121581968141","-2.559121581968141","-1.5520776458832184","-1.5520776458832184","-1.5520776458832184","-6.397510667615531","-6.397510667615531","-6.397510667615531","-1.632495325823843","-1.632495325823843","-1.632495325823843","-1.8030558077073473","-1.8030558077073473","-1.8030558077073473","-2.9739217265197118","-2.9739217265197118","-2.9739217265197118","-1.0629984843474507","-1.0629984843474507","-1.0629984843474507","-2.850986871328282","-2.850986871328282","-2.850986871328282","-1.847060006463628","-1.847060006463628","-1.847060006463628","-1.8183337114323208","-1.8183337114323208","-1.8183337114323208","-1.595194554269895","-1.595194554269895","-1.595194554269895","-2.2323984082209956","-2.2323984082209956","-2.2323984082209956","-2.501103641438654","-2.501103641438654","-2.501103641438654","-2.5080798443192935","-2.5080798443192935","-2.5080798443192935","-4.088961799403501","-4.088961799403501","-4.088961799403501"
"39000","-2.6518617108973137","-2.6518617108973137","-2.6518617108973137","-1.3313055113456402","-1.3313055113456402","-1.3313055113456402","-3.088551018339211","-3.088551018339211","-3.088551018339211","-1.720376276289451","-1.720376276289451","-1.720376276289451","-1.1498642593985648","-1.1498642593985648","-1.1498642593985648","-2.340503894817974","-2.340503894817974","-2.340503894817974","-1.8150582353249465","-1.8150582353249465","-1.8150582353249465","-7.06726341496632","-7.06726341496632","-7.06726341496632","-1.6798637296609957","-1.6798637296609957","-1.6798637296609957","-1.8651088844344943","-1.8651088844344943","-1.8651088844344943","-3.4024844755565065","-3.4024844755565065","-3.4024844755565065","-1.2023704045539108","-1.2023704045539108","-1.2023704045539108","-2.5728391528859866","-2.5728391528859866","-2.5728391528859866","-1.9433996528154804","-1.9433996528154804","-1.9433996528154804","-1.8921214407512863","-1.8921214407512863","-1.8921214407512863","-1.520325483443642","-1.520325483443642","-1.520325483443642","-1.6118634897246626","-1.6118634897246626","-1.6118634897246626","-2.7184147674316512","-2.7184147674316512","-2.7184147674316512","-2.5358416861047988","-2.5358416861047988","-2.5358416861047988","-3.9905885665430505","-3.9905885665430505","-3.9905885665430505"
"39500","-2.8026372544729514","-2.8026372544729514","-2.8026372544729514","-1.3716225496763064","-1.3716225496763064","-1.3716225496763064","-3.0704048953282173","-3.0704048953282173","-3.0704048953282173","-1.5823453770504425","-1.5823453770504425","-1.5823453770504425","-1.1073995279710913","-1.1073995279710913","-1.1073995279710913","-2.265311339330025","-2.265311339330025","-2.265311339330025","-1.7365801359963655","-1.7365801359963655","-1.7365801359963655","-6.069044791687873","-6.069044791687873","-6.069044791687873","-1.7065497449320624","-1.7065497449320624","-1.7065497449320624","-1.6911581980999721","-1.6911581980999721","-1.6911581980999721","-3.1206191952942284","-3.1206191952942284","-3.1206191952942284","-1.235367766067558","-1.235367766067558","-1.235367766067558","-2.761155750871291","-2.761155750871291","-2.761155750871291","-2.548619403605383","-2.548619403605383","-2.548619403605383","-1.675009421776691","-1.675009421776691","-1.675009421776691","-1.6564712011266558","-1.6564712011266558","-1.6564712011266558","-1.797881164964353","-1.797881164964353","-1.797881164964353","-2.6275596857686097","-2.6275596857686097","-2.6275596857686097","-2.5342646561918003","-2.5342646561918003","-2.5342646561918003","-4.309987396495621","-4.309987396495621","-4.309987396495621"
"40000","-3.1150055950138253","-3.1150055950138253","-3.1150055950138253","-1.1575673113315839","-1.1575673113315839","-1.1575673113315839","-2.975164035071883","-2.975164035071883","-2.975164035071883","-1.5813692704684208","-1.5813692704684208","-1.5813692704684208","-1.096864625527513","-1.096864625527513","-1.096864625527513","-2.4386017881587727","-2.4386017881587727","-2.4386017881587727","-1.863679178396108","-1.863679178396108","-1.863679178396108","-4.659334214222846","-4.659334214222846","-4.659334214222846","-1.4939777068516176","-1.4939777068516176","-1.4939777068516176","-1.7344110590716544","-1.7344110590716544","-1.7344110590716544","-2.905482491443365","-2.905482491443365","-2.905482491443365","-1.2473053207195615","-1.2473053207195615","-1.2473053207195615","-2.540585897634018","-2.540585897634018","-2.540585897634018","-2.0271775621683803","-2.0271775621683803","-2.0271775621683803","-1.6295885239809529","-1.6295885239809529","-1.6295885239809529","-1.7500613502703626","-1.7500613502703626","-1.7500613502703626","-1.9755876842314308","-1.9755876842314308","-1.9755876842314308","-2.6546290094028158","-2.6546290094028158","-2.6546290094028158","-2.286279356413821","-2.286279356413821","-2.286279356413821","-3.900934503166483","-3.900934503166483","-3.900934503166483"
"40500","-3.4755418105327394","-3.4755418105327394","-3.4755418105327394","-1.117183397105667","-1.117183397105667","-1.117183397105667","-2.9993057462446964","-2.9993057462446964","-2.9993057462446964","-1.5701716763324765","-1.5701716763324765","-1.5701716763324765","-1.0809710966770019","-1.0809710966770019","-1.0809710966770019","-2.297780246053705","-2.297780246053705","-2.297780246053705","-1.8191500388927224","-1.8191500388927224","-1.8191500388927224","-4.498456518928824","-4.498456518928824","-4.498456518928824","-1.3367327086989913","-1.3367327086989913","-1.3367327086989913","-1.5579019058148351","-1.5579019058148351","-1.5579019058148351","-2.526483810588892","-2.526483810588892","-2.526483810588892","-1.2148009760710827","-1.2148009760710827","-1.2148009760710827","-2.7506644997019336","-2.7506644997019336","-2.7506644997019336","-2.442465119734783","-2.442465119734783","-2.442465119734783","-1.5817994409528524","-1.5817994409528524","-1.5817994409528524","-1.4587958590728625","-1.4587958590728625","-1.4587958590728625","-1.8316905854457546","-1.8316905854457546","-1.8316905854457546","-2.437855395034049","-2.437855395034049","-2.437855395034049","-2.574939165605201","-2.574939165605201","-2.574939165605201","-4.266013243705087","-4.266013243705087","-4.266013243705087"
"41000","-3.759433913954804","-3.759433913954804","-3.759433913954804","-1.1701809546906659","-1.1701809546906659","-1.1701809546906659","-2.7145120745551012","-2.7145120745551012","-2.7145120745551012","-1.4454350974136472","-1.4454350974136472","-1.4454350974136472","-1.082002327116412","-1.082002327116412","-1.082002327116412","-2.28257335957937","-2.28257335957937","-2.28257335957937","-1.8798716887304956","-1.8798716887304956","-1.8798716887304956","-4.31228207227702","-4.31228207227702","-4.31228207227702","-1.2356575550710365","-1.2356575550710365","-1.2356575550710365","-1.730052097094085","-1.730052097094085","-1.730052097094085","-2.8994811238618556","-2.8994811238618556","-2.8994811238618556","-1.4218542620741668","-1.4218542620741668","-1.4218542620741668","-2.8768771501514503","-2.8768771501514503","-2.8768771501514503","-2.658818276322044","-2.658818276322044","-2.658818276322044","-1.5943749619726024","-1.5943749619726024","-1.5943749619726024","-1.5626022266836492","-1.5626022266836492","-1.5626022266836492","-1.5625420016452867","-1.5625420016452867","-1.5625420016452867","-2.975882496736992","-2.975882496736992","-2.975882496736992","-2.7021683740546","-2.7021683740546","-2.7021683740546","-3.560923936237427","-3.560923936237427","-3.560923936237427"
"41500","-3.281797844476086","-3.281797844476086","-3.281797844476086","-1.042956136687645","-1.042956136687645","-1.042956136687645","-2.649427907188003","-2.649427907188003","-2.649427907188003","-1.367362026207148","-1.367362026207148","-1.367362026207148","-1.1275045899931144","-1.1275045899931144","-1.1275045899931144","-2.43970474805519","-2.43970474805519","-2.43970474805519","-1.7035081956744818","-1.7035081956744818","-1.7035081956744818","-3.153365493808217","-3.153365493808217","-3.153365493808217","-1.250213228516664","-1.250213228516664","-1.250213228516664","-1.6938824313424956","-1.6938824313424956","-1.6938824313424956","-2.8238868056046207","-2.8238868056046207","-2.8238868056046207","-1.3400609240117745","-1.3400609240117745","-1.3400609240117745","-2.8284242173203724","-2.8284242173203724","-2.8284242173203724","-2.156852957688351","-2.156852957688351","-2.156852957688351","-1.491439142193608","-1.491439142193608","-1.491439142193608","-1.5480836473219473","-1.5480836473219473","-1.5480836473219473","-1.8913140623962577","-1.8913140623962577","-1.8913140623962577","-2.634846753867251","-2.634846753867251","-2.634846753867251","-2.415564672691036","-2.415564672691036","-2.415564672691036","-3.0733984818480318","-3.0733984818480318","-3.0733984818480318"
"42000","-2.7718647625791815","-2.7718647625791815","-2.7718647625791815","-0.8680723226095495","-0.8680723226095495","-0.8680723226095495","-2.732381921133325","-2.732381921133325","-2.732381921133325","-1.4198657371889323","-1.4198657371889323","-1.4198657371889323","-1.1189771011853222","-1.1189771011853222","-1.1189771011853222","-2.2524858858808328","-2.2524858858808328","-2.2524858858808328","-1.7940412552485874","-1.7940412552485874","-1.7940412552485874","-3.619248843200024","-3.619248843200024","-3.619248843200024","-1.4987184557138833","-1.4987184557138833","-1.4987184557138833","-1.7651193012467263","-1.7651193012467263","-1.7651193012467263","-2.22845126911919","-2.22845126911919","-2.22845126911919","-1.2208018475270737","-1.2208018475270737","-1.2208018475270737","-2.5710000646989437","-2.5710000646989437","-2.5710000646989437","-2.1276733708654403","-2.1276733708654403","-2.1276733708654403","-1.719413333397359","-1.719413333397359","-1.719413333397359","-1.5773007500061724","-1.5773007500061724","-1.5773007500061724","-1.7023591487326732","-1.7023591487326732","-1.7023591487326732","-1.5987952352171473","-1.5987952352171473","-1.5987952352171473","-2.558663026533046","-2.558663026533046","-2.558663026533046","-2.8466184341578313","-2.8466184341578313","-2.8466184341578313"
"42500","-3.1265551682757553","-3.1265551682757553","-3.1265551682757553","-0.8422085707106263","-0.8422085707106263","-0.8422085707106263","-2.404478670679251","-2.404478670679251","-2.404478670679251","-1.3583530109710626","-1.3583530109710626","-1.3583530109710626","-0.986513182303652","-0.986513182303652","-0.986513182303652","-2.214951853237749","-2.214951853237749","-2.214951853237749","-1.484848169333917","-1.484848169333917","-1.484848169333917","-3.319065364528241","-3.319065364528241","-3.319065364528241","-1.4981966625341085","-1.4981966625341085","-1.4981966625341085","-1.7889349225060684","-1.7889349225060684","-1.7889349225060684","-3.394746137513444","-3.394746137513444","-3.394746137513444","-1.2061422119527854","-1.2061422119527854","-1.2061422119527854","-2.376754887697478","-2.376754887697478","-2.376754887697478","-2.4120361557236683","-2.4120361557236683","-2.4120361557236683","-1.663156547773933","-1.663156547773933","-1.663156547773933","-1.4563207996568672","-1.4563207996568672","-1.4563207996568672","-1.7449148359731361","-1.7449148359731361","-1.7449148359731361","-1.7048485599402465","-1.7048485599402465","-1.7048485599402465","-3.0978928221432107","-3.0978928221432107","-3.0978928221432107","-2.8912361379753238","-2.8912361379753238","-2.8912361379753238"
"43000","-3.317918966934756","-3.317918966934756","-3.317918966934756","-0.8254276543217423","-0.8254276543217423","-0.8254276543217423","-2.308387126002093","-2.308387126002093","-2.308387126002093","-1.3496522324934748","-1.3496522324934748","-1.3496522324934748","-1.1316105878138154","-1.1316105878138154","-1.1316105878138154","-2.372460885871618","-2.372460885871618","-2.372460885871618","-1.595216249693427","-1.595216249693427","-1.595216249693427","-3.455913236350026","-3.455913236350026","-3.455913236350026","-1.3775013999956394","-1.3775013999956394","-1.3775013999956394","-2.0132896297151768","-2.0132896297151768","-2.0132896297151768","-2.707474316748688","-2.707474316748688","-2.707474316748688","-1.2133803672797743","-1.2133803672797743","-1.2133803672797743","-2.348496700152911","-2.348496700152911","-2.348496700152911","-2.164391844798912","-2.164391844798912","-2.164391844798912","-1.841002746304578","-1.841002746304578","-1.841002746304578","-1.6421216074625744","-1.6421216074625744","-1.6421216074625744","-1.7087662704824258","-1.7087662704824258","-1.7087662704824258","-1.870403456522622","-1.870403456522622","-1.870403456522622","-3.1963347637498667","-3.1963347637498667","-3.1963347637498667","-3.1491630926901424","-3.1491630926901424","-3.1491630926901424"
"43500","-3.285383587942994","-3.285383587942994","-3.285383587942994","-0.9038753946371691","-0.9038753946371691","-0.9038753946371691","-2.5074266545988615","-2.5074266545988615","-2.5074266545988615","-1.4778186491700631","-1.4778186491700631","-1.4778186491700631","-0.9735248209551954","-0.9735248209551954","-0.9735248209551954","-2.118373591706498","-2.118373591706498","-2.118373591706498","-1.7643384351090385","-1.7643384351090385","-1.7643384351090385","-2.9885388519909","-2.9885388519909","-2.9885388519909","-1.5340712129117968","-1.5340712129117968","-1.5340712129117968","-2.0286393418126862","-2.0286393418126862","-2.0286393418126862","-2.7682892123939267","-2.7682892123939267","-2.7682892123939267","-1.3183545957688365","-1.3183545957688365","-1.3183545957688365","-2.3939787645167643","-2.3939787645167643","-2.3939787645167643","-1.8557269895671982","-1.8557269895671982","-1.8557269895671982","-1.5546297605136572","-1.5546297605136572","-1.5546297605136572","-1.5827240539608434","-1.5827240539608434","-1.5827240539608434","-1.708785587400292","-1.708785587400292","-1.708785587400292","-1.7169233598652638","-1.7169233598652638","-1.7169233598652638","-4.092351655940409","-4.092351655940409","-4.092351655940409","-2.8294653357144393","-2.8294653357144393","-2.8294653357144393"
"44000","-3.472710021022374","-3.472710021022374","-3.472710021022374","-0.8868607021666873","-0.8868607021666873","-0.8868607021666873","-2.600796759113338","-2.600796759113338","-2.600796759113338","-1.4048680135044402","-1.4048680135044402","-1.4048680135044402","-0.8600004211176238","-0.8600004211176238","-0.8600004211176238","-1.9293645548042755","-1.9293645548042755","-1.9293645548042755","-1.5875099783820885","-1.5875099783820885","-1.5875099783820885","-3.154499387217637","-3.154499387217637","-3.154499387217637","-1.6390168196695125","-1.6390168196695125","-1.6390168196695125","-2.029306283554764","-2.029306283554764","-2.029306283554764","-2.6084100818460714","-2.6084100818460714","-2.6084100818460714","-1.1558558579403715","-1.1558558579403715","-1.1558558579403715","-2.803491003471725","-2.803491003471725","-2.803491003471725","-1.9829168332109652","-1.9829168332109652","-1.9829168332109652","-1.6038662929858147","-1.6038662929858147","-1.6038662929858147","-1.4581025881941982","-1.4581025881941982","-1.4581025881941982","-1.5809548295083755","-1.5809548295083755","-1.5809548295083755","-1.692954832778237","-1.692954832778237","-1.692954832778237","-3.47375376727173","-3.47375376727173","-3.47375376727173","-2.8656978614581066","-2.8656978614581066","-2.8656978614581066"
"44500","-3.1601509771985072","-3.1601509771985072","-3.1601509771985072","-0.887354407097102","-0.887354407097102","-0.887354407097102","-2.240174958738565","-2.240174958738565","-2.240174958738565","-1.2740881000119444","-1.2740881000119444","-1.2740881000119444","-0.9725769393722757","-0.9725769393722757","-0.9725769393722757","-1.9889146591587186","-1.9889146591587186","-1.9889146591587186","-1.5963846202142407","-1.5963846202142407","-1.5963846202142407","-3.603827825401865","-3.603827825401865","-3.603827825401865","-1.785302269931411","-1.785302269931411","-1.785302269931411","-1.9862003421480168","-1.9862003421480168","-1.9862003421480168","-2.6827166720272837","-2.6827166720272837","-2.6827166720272837","-1.4103686383237686","-1.4103686383237686","-1.4103686383237686","-2.622525004701958","-2.622525004701958","-2.622525004701958","-2.20587372292771","-2.20587372292771","-2.20587372292771","-1.5297359957050536","-1.5297359957050536","-1.5297359957050536","-1.3460751187069082","-1.3460751187069082","-1.3460751187069082","-1.7692716463587128","-1.7692716463587128","-1.7692716463587128","-1.7050442336813518","-1.7050442336813518","-1.7050442336813518","-3.376121766948393","-3.376121766948393","-3.376121766948393","-2.7429223519802326","-2.7429223519802326","-2.7429223519802326"
"45000","-3.3751225098722286","-3.3751225098722286","-3.3751225098722286","-0.9125531849684757","-0.9125531849684757","-0.9125531849684757","-2.3024893681312686","-2.3024893681312686","-2.3024893681312686","-1.3466131534357297","-1.3466131534357297","-1.3466131534357297","-0.8846715571082159","-0.8846715571082159","-0.8846715571082159","-2.127222567940229","-2.127222567940229","-2.127222567940229","-1.661847798626352","-1.661847798626352","-1.661847798626352","-3.3465620471145003","-3.3465620471145003","-3.3465620471145003","-1.8672369837216771","-1.8672369837216771","-1.8672369837216771","-2.0544372886018554","-2.0544372886018554","-2.0544372886018554","-3.1161729305145585","-3.1161729305145585","-3.1161729305145585","-1.3185579162741061","-1.3185579162741061","-1.3185579162741061","-2.726177961869148","-2.726177961869148","-2.726177961869148","-2.094240762619094","-2.094240762619094","-2.094240762619094","-1.4780744852708825","-1.4780744852708825","-1.4780744852708825","-1.3839162229093198","-1.3839162229093198","-1.3839162229093198","-1.630633608611627","-1.630633608611627","-1.630633608611627","-1.66853161796243","-1.66853161796243","-1.66853161796243","-3.61923733337715","-3.61923733337715","-3.61923733337715","-2.6714319259042343","-2.6714319259042343","-2.6714319259042343"
"45500","-3.225661069166951","-3.225661069166951","-3.225661069166951","-0.9186857314567801","-0.9186857314567801","-0.9186857314567801","-2.3598730394205103","-2.3598730394205103","-2.3598730394205103","-1.3486265407384226","-1.3486265407384226","-1.3486265407384226","-0.9813017230460297","-0.9813017230460297","-0.9813017230460297","-2.033345374860029","-2.033345374860029","-2.033345374860029","-1.7326957732656918","-1.7326957732656918","-1.7326957732656918","-3.6035590230607704","-3.6035590230607704","-3.6035590230607704","-1.8036022014839397","-1.8036022014839397","-1.8036022014839397","-2.0626185497909115","-2.0626185497909115","-2.0626185497909115","-3.3673710449471437","-3.3673710449471437","-3.3673710449471437","-1.2674142042106007","-1.2674142042106007","-1.2674142042106007","-2.7700719584852065","-2.7700719584852065","-2.7700719584852065","-2.1804513533401666","-2.1804513533401666","-2.1804513533401666","-1.3914775744887673","-1.3914775744887673","-1.3914775744887673","-1.2651820893572776","-1.2651820893572776","-1.2651820893572776","-1.76833337492539","-1.76833337492539","-1.76833337492539","-1.702087648282013","-1.702087648282013","-1.702087648282013","-3.210745318696786","-3.210745318696786","-3.210745318696786","-3.1158689089143876","-3.1158689089143876","-3.1158689089143876"
"46000","-3.3241217578929145","-3.3241217578929145","-3.3241217578929145","-0.91705573220909","-0.91705573220909","-0.91705573220909","-2.0525544749591123","-2.0525544749591123","-2.0525544749591123","-1.180008244587034","-1.180008244587034","-1.180008244587034","-0.9436647613863665","-0.9436647613863665","-0.9436647613863665","-2.102502586304508","-2.102502586304508","-2.102502586304508","-1.5539271834499562","-1.5539271834499562","-1.5539271834499562","-3.7921967754967447","-3.7921967754967447","-3.7921967754967447","-1.797976273920509","-1.797976273920509","-1.797976273920509","-2.337803322044148","-2.337803322044148","-2.337803322044148","-3.075677702178356","-3.075677702178356","-3.075677702178356","-1.3428926172365099","-1.3428926172365099","-1.3428926172365099","-3.091146167616089","-3.091146167616089","-3.091146167616089","-2.15114100705317","-2.15114100705317","-2.15114100705317","-1.5226784691204485","-1.5226784691204485","-1.5226784691204485","-1.1108084983057078","-1.1108084983057078","-1.1108084983057078","-1.667753974015842","-1.667753974015842","-1.667753974015842","-1.8415161147915065","-1.8415161147915065","-1.8415161147915065","-3.0961518917565756","-3.0961518917565756","-3.0961518917565756","-3.2116523210600993","-3.2116523210600993","-3.2116523210600993"
"46500","-3.0845238322234523","-3.0845238322234523","-3.0845238322234523","-0.8605158459075817","-0.8605158459075817","-0.8605158459075817","-2.207948229225689","-2.207948229225689","-2.207948229225689","-1.124766924646718","-1.124766924646718","-1.124766924646718","-0.7634478218716978","-0.7634478218716978","-0.7634478218716978","-2.029448957314932","-2.029448957314932","-2.029448957314932","-1.5749434327444043","-1.5749434327444043","-1.5749434327444043","-3.4535922103023653","-3.4535922103023653","-3.4535922103023653","-1.7450207182912543","-1.7450207182912543","-1.7450207182912543","-2.2276875780285392","-2.2276875780285392","-2.2276875780285392","-3.48246909239909","-3.48246909239909","-3.48246909239909","-1.371874098247234","-1.371874098247234","-1.371874098247234","-2.811392881616554","-2.811392881616554","-2.811392881616554","-1.946504003836294","-1.946504003836294","-1.946504003836294","-1.59395711755121","-1.59395711755121","-1.59395711755121","-1.1694744327706994","-1.1694744327706994","-1.1694744327706994","-1.6626265632280994","-1.6626265632280994","-1.6626265632280994","-1.8321092409186783","-1.8321092409186783","-1.8321092409186783","-3.7037767119373037","-3.7037767119373037","-3.7037767119373037","-2.8519205233548144","-2.8519205233548144","-2.8519205233548144"
"47000","-3.0835023801466988","-3.0835023801466988","-3.0835023801466988","-0.9351117418938293","-0.9351117418938293","-0.9351117418938293","-1.8681448437895796","-1.8681448437895796","-1.8681448437895796","-1.2831891516046185","-1.2831891516046185","-1.2831891516046185","-0.9975716700150095","-0.9975716700150095","-0.9975716700150095","-2.272628419962584","-2.272628419962584","-2.272628419962584","-1.796514106767669","-1.796514106767669","-1.796514106767669","-3.9749488532106696","-3.9749488532106696","-3.9749488532106696","-2.1109596110445237","-2.1109596110445237","-2.1109596110445237","-2.3737840766817686","-2.3737840766817686","-2.3737840766817686","-2.921019951259035","-2.921019951259035","-2.921019951259035","-1.2759277009604229","-1.2759277009604229","-1.2759277009604229","-3.2073603336527556","-3.2073603336527556","-3.2073603336527556","-2.4520429596155173","-2.4520429596155173","-2.4520429596155173","-1.616232257652139","-1.616232257652139","-1.616232257652139","-1.1185893946162104","-1.1185893946162104","-1.1185893946162104","-1.7634773511814092","-1.7634773511814092","-1.7634773511814092","-1.7954128160779401","-1.7954128160779401","-1.7954128160779401","-4.132928415675427","-4.132928415675427","-4.132928415675427","-3.0798478573099275","-3.0798478573099275","-3.0798478573099275"
"47500","-3.272003084010291","-3.272003084010291","-3.272003084010291","-0.9242946696933731","-0.9242946696933731","-0.9242946696933731","-2.232536322766573","-2.232536322766573","-2.232536322766573","-1.2453280637011463","-1.2453280637011463","-1.2453280637011463","-0.9782833469972353","-0.9782833469972353","-0.9782833469972353","-2.11128391316226","-2.11128391316226","-2.11128391316226","-1.8775502940604802","-1.8775502940604802","-1.8775502940604802","-4.111539605570482","-4.111539605570482","-4.111539605570482","-1.7461608153517567","-1.7461608153517567","-1.7461608153517567","-2.420034636637356","-2.420034636637356","-2.420034636637356","-2.8200818105964913","-2.8200818105964913","-2.8200818105964913","-1.271940415083382","-1.271940415083382","-1.271940415083382","-2.8321271466768705","-2.8321271466768705","-2.8321271466768705","-2.254481723057279","-2.254481723057279","-2.254481723057279","-1.8067434243695153","-1.8067434243695153","-1.8067434243695153","-1.2751079334885764","-1.2751079334885764","-1.2751079334885764","-1.6514506788478562","-1.6514506788478562","-1.6514506788478562","-1.8606673490675683","-1.8606673490675683","-1.8606673490675683","-3.8468373585734006","-3.8468373585734006","-3.8468373585734006","-2.9348092394641108","-2.9348092394641108","-2.9348092394641108"
"48000","-3.024836347961001","-3.024836347961001","-3.024836347961001","-0.9617286402683373","-0.9617286402683373","-0.9617286402683373","-2.150089933773691","-2.150089933773691","-2.150089933773691","-1.2229207086437066","-1.2229207086437066","-1.2229207086437066","-0.8935548800753839","-0.8935548800753839","-0.8935548800753839","-2.1239509702591137","-2.1239509702591137","-2.1239509702591137","-1.7223926164785937","-1.7223926164785937","-1.7223926164785937","-3.7095887066634203","-3.7095887066634203","-3.7095887066634203","-1.8526111586096543","-1.8526111586096543","-1.8526111586096543","-2.3727494695261755","-2.3727494695261755","-2.3727494695261755","-2.631982819575067","-2.631982819575067","-2.631982819575067","-1.3642202584149579","-1.3642202584149579","-1.3642202584149579","-2.9797332643336247","-2.9797332643336247","-2.9797332643336247","-2.4208403006265584","-2.4208403006265584","-2.4208403006265584","-1.5827285437247034","-1.5827285437247034","-1.5827285437247034","-1.1993004726676224","-1.1993004726676224","-1.1993004726676224","-1.815410458353113","-1.815410458353113","-1.815410458353113","-1.7973136017349407","-1.7973136017349407","-1.7973136017349407","-4.246050332642338","-4.246050332642338","-4.246050332642338","-2.6527295652561227","-2.6527295652561227","-2.6527295652561227"
"48500","-3.0325034456877","-3.0325034456877","-3.0325034456877","-1.0508842221654617","-1.0508842221654617","-1.0508842221654617","-2.4608880274384384","-2.4608880274384384","-2.4608880274384384","-1.070441027919479","-1.070441027919479","-1.070441027919479","-0.9872987869809899","-0.9872987869809899","-0.9872987869809899","-2.2058729721873154","-2.2058729721873154","-2.2058729721873154","-1.9769588008809058","-1.9769588008809058","-1.9769588008809058","-3.486270910258984","-3.486270910258984","-3.486270910258984","-2.0636377599308235","-2.0636377599308235","-2.0636377599308235","-1.90227234104738","-1.90227234104738","-1.90227234104738","-2.528405924775938","-2.528405924775938","-2.528405924775938","-1.1907388867269766","-1.1907388867269766","-1.1907388867269766","-2.9261235432301516","-2.9261235432301516","-2.9261235432301516","-2.3256047756395914","-2.3256047756395914","-2.3256047756395914","-1.3969989973818473","-1.3969989973818473","-1.3969989973818473","-1.2476014437241263","-1.2476014437241263","-1.2476014437241263","-1.9747774193187606","-1.9747774193187606","-1.9747774193187606","-1.6822238429914365","-1.6822238429914365","-1.6822238429914365","-4.376464206450682","-4.376464206450682","-4.376464206450682","-2.417387818925941","-2.417387818925941","-2.417387818925941"
"49000","-3.220544698347994","-3.220544698347994","-3.220544698347994","-0.9371240424509806","-0.9371240424509806","-0.9371240424509806","-2.601233949399151","-2.601233949399151","-2.601233949399151","-1.1532787637903348","-1.1532787637903348","-1.1532787637903348","-1.0231899068088477","-1.0231899068088477","-1.0231899068088477","-2.2773505408764354","-2.2773505408764354","-2.2773505408764354","-1.9773137570126456","-1.9773137570126456","-1.9773137570126456","-2.9776875529309903","-2.9776875529309903","-2.9776875529309903","-1.919549599376343","-1.919549599376343","-1.919549599376343","-2.0240969054541047","-2.0240969054541047","-2.0240969054541047","-2.660015696536086","-2.660015696536086","-2.660015696536086","-1.4067295363927923","-1.4067295363927923","-1.4067295363927923","-3.000788751079019","-3.000788751079019","-3.000788751079019","-2.3393365334466667","-2.3393365334466667","-2.3393365334466667","-1.4112516588171562","-1.4112516588171562","-1.4112516588171562","-1.1834013859401824","-1.1834013859401824","-1.1834013859401824","-1.7826267238355449","-1.7826267238355449","-1.7826267238355449","-1.4999582516645162","-1.4999582516645162","-1.4999582516645162","-4.057737769342918","-4.057737769342918","-4.057737769342918","-2.6284093442537935","-2.6284093442537935","-2.6284093442537935"
"49500","-3.2183185631455244","-3.2183185631455244","-3.2183185631455244","-1.0562625168674618","-1.0562625168674618","-1.0562625168674618","-2.703878740648065","-2.703878740648065","-2.703878740648065","-1.206486680282103","-1.206486680282103","-1.206486680282103","-0.8791821873645717","-0.8791821873645717","-0.8791821873645717","-2.3481111772635304","-2.3481111772635304","-2.3481111772635304","-2.053726926772948","-2.053726926772948","-2.053726926772948","-2.8452067474197613","-2.8452067474197613","-2.8452067474197613","-1.899584592255311","-1.899584592255311","-1.899584592255311","-1.711512185574583","-1.711512185574583","-1.711512185574583","-2.2929814595511426","-2.2929814595511426","-2.2929814595511426","-1.411069247365008","-1.411069247365008","-1.411069247365008","-3.0089836936845873","-3.0089836936845873","-3.0089836936845873","-2.4580229449501987","-2.4580229449501987","-2.4580229449501987","-1.3216066152622155","-1.3216066152622155","-1.3216066152622155","-1.1680383188586378","-1.1680383188586378","-1.1680383188586378","-1.8765775375161275","-1.8765775375161275","-1.8765775375161275","-1.763625203155127","-1.763625203155127","-1.763625203155127","-4.239205142104556","-4.239205142104556","-4.239205142104556","-2.4942190178969694","-2.4942190178969694","-2.4942190178969694"
"50000","-3.1183870032307888","-3.1183870032307888","-3.1183870032307888","-1.02430661743791","-1.02430661743791","-1.02430661743791","-2.7892412715571284","-2.7892412715571284","-2.7892412715571284","-1.2075149983135245","-1.2075149983135245","-1.2075149983135245","-0.8169012218226955","-0.8169012218226955","-0.8169012218226955","-2.554911823462961","-2.554911823462961","-2.554911823462961","-2.2423009814396906","-2.2423009814396906","-2.2423009814396906","-2.675549195241332","-2.675549195241332","-2.675549195241332","-2.071678607673899","-2.071678607673899","-2.071678607673899","-1.5399441854414464","-1.5399441854414464","-1.5399441854414464","-2.3988596671217652","-2.3988596671217652","-2.3988596671217652","-1.392685043316731","-1.392685043316731","-1.392685043316731","-2.9867181193088954","-2.9867181193088954","-2.9867181193088954","-2.4811479932089022","-2.4811479932089022","-2.4811479932089022","-1.5544264496792777","-1.5544264496792777","-1.5544264496792777","-1.1027483519645394","-1.1027483519645394","-1.1027483519645394","-1.9801794181409076","-1.9801794181409076","-1.9801794181409076","-1.632923447356242","-1.632923447356242","-1.632923447356242","-4.1075307408485076","-4.1075307408485076","-4.1075307408485076","-2.5864720587151537","-2.5864720587151537","-2.5864720587151537"